mask_id,Slice_Seperation,X_vals,file_name,DJID,Sex,Eye,Age,Genotype,Treatment,Time_Min,eGFP_Value,eGFP_Raw_Intensity,in_rip,Y_vals_DAPI,Y_vals_eGFP,Y_vals_WGA,Y_vals_GLUT1,original_mask_id
0,0.15,"0.0,0.15,0.3,0.44999999999999996,0.6,0.75,0.8999999999999999,1.05,1.2,1.3499999999999999,1.5,1.65,1.7999999999999998,1.95,2.1,2.25,2.4,2.55,2.6999999999999997,2.85,3.0,3.15,3.3,3.4499999999999997,3.5999999999999996,3.75,3.9,4.05,4.2,4.35,4.5,4.6499999999999995,4.8,4.95,5.1,5.25,5.3999999999999995,5.55,5.7,5.85,6.0,6.1499999999999995,6.3,6.45,6.6,6.75,6.8999999999999995,7.05,7.199999999999999,7.35,7.5,7.6499999999999995,7.8,7.949999999999999,8.1,8.25,8.4,8.549999999999999,8.7,8.85,9.0,9.15,9.299999999999999,9.45,9.6,9.75,9.9,10.049999999999999,10.2,10.35,10.5,10.65,10.799999999999999,10.95,11.1,11.25,11.4,11.549999999999999,11.7,11.85,12.0,12.15,12.299999999999999,12.45,12.6,12.75,12.9,13.049999999999999,13.2,13.35,13.5,13.65,13.799999999999999,13.95,14.1,14.25,14.399999999999999,14.549999999999999,14.7,14.85,15.0,15.149999999999999",2007R_GLUT1_647_WGA_594_0002.nd2,2007,M,R,5.5,Homo,Experimental,0,False,3.063057703747769,False,"[12.70017847 12.66745985 12.70999405 12.85514575 12.77721594 13.11124331
 13.38280785 13.53152885 14.29268293 14.70226056 15.42623438 16.10559191
 16.60499703 17.07168352 17.28554432 17.38578227 17.31469363 17.55621654
 17.79476502 17.62433076 18.00862582 18.64366449 18.87864366 19.25312314
 19.29208804 19.8066627  19.86377156 19.94705532 20.51427722 20.17459845
 20.50535396 20.68233195 21.73140988 22.58447353 24.67727543 27.49702558
 29.40005949 29.44140393 30.77632362 31.46847115 33.43248067 36.0651398
 37.54223676 38.70077335 38.96876859 39.0205235  39.09190958 38.48245092
 38.21832243 38.07346817 37.41463415 36.20226056 35.33938132 32.10023795
 29.8010113  26.71683522 23.61481261 21.42325996 19.22694825 19.54193932
 19.19720405 18.74419988 18.28881618 17.79357525 17.54997026 17.41701368
 17.15853659 17.32837597 16.69482451 16.78435455 16.68322427 16.55472933
 16.83967876 16.37656157 16.51457466 16.59309935 16.54640095 16.40452112
 16.07317073 16.37507436 16.15823914 16.22486615 16.03271862 16.12908983
 16.30249851 16.00892326 16.12611541 16.00951814 16.13771565 15.97441999
 15.87656157 15.81856038 15.92177275 15.91582391 15.73051755 15.78435455
 15.84592504 16.01754908 15.81320642 15.79000595 15.65466984 15.70791196]","[1.82004759 1.85663296 1.88548483 1.90392623 1.90630577 1.96133254
 1.97739441 1.98720999 2.11689471 2.256395   2.45389649 2.74806663
 3.04729328 3.30428316 3.43367043 3.54550863 3.54431886 3.61094587
 3.80814991 3.88072576 4.06989887 4.39649018 4.57733492 4.72040452
 4.82361689 4.76680547 4.96757882 4.83789411 4.946163   4.90957763
 4.9440809  4.95746579 5.04550863 4.89054134 4.64217728 4.27989292
 4.0261749  3.99672814 3.90868531 3.83105294 3.66954194 3.41612136
 3.30577037 3.20523498 3.07852469 2.99672814 3.0630577  3.12730518
 3.23646639 3.18709102 3.30577037 3.43426532 3.55859607 3.70582986
 3.7323022  3.67638311 3.68738846 3.62224866 3.54550863 3.57584771
 3.49702558 3.4794765  3.49553837 3.43277811 3.51308745 3.50386675
 3.49494349 3.52498513 3.42861392 3.40749554 3.42504462 3.39857228
 3.4666865  3.39351576 3.36674598 3.38072576 3.40779298 3.35336109
 3.41314694 3.42177275 3.38905413 3.40541344 3.41374182 3.41820345
 3.40392623 3.40035693 3.38518739 3.42415229 3.41136228 3.39321832
 3.48274836 3.44794765 3.40987507 3.39678763 3.36823319 3.44021416
 3.53420583 3.54580607 3.59696609 3.64723379 3.77751338 3.89262344]","[ 5.62581797  5.49702558  5.88072576  6.42831648  7.13146936  8.47174301
  9.202558   10.87804878 15.86168947 21.08596074 29.86020226 37.1543724
 40.71653778 40.3604997  38.72516359 38.56662701 37.38013087 36.82926829
 35.44497323 34.73973825 34.2769185  32.92444973 31.50743605 29.76412849
 28.94318858 27.57733492 27.0687091  26.78673409 26.46609161 26.08744795
 25.91939322 25.58834027 25.64782867 25.47650208 25.30220107 24.34027365
 23.42831648 23.49167162 22.38607971 22.20731707 21.00148721 18.446163
 16.90095181 13.75788221 12.29089827 11.68143962 11.51249256 11.63146936
 11.93604997 12.01933373 12.22992267 12.70226056 12.9943486  13.92801904
 14.46162998 15.02676978 15.59428911 15.91374182 15.66151101 15.63176681
 15.47204045 15.23944081 15.05829863 14.21356336 13.97620464 13.32807852
 12.62046401 11.83551457 10.9405116  10.59994051 10.35098156 10.5389649
 10.43456276 10.19303986  9.7620464   9.50178465  9.04848305  8.75014872
  8.43039857  8.27543129  7.98423557  7.83551457  7.79476502  7.76293873
  7.70791196  7.44140393  7.22992267  7.10707912  6.87031529  6.6225461
  6.45062463  6.29149316  6.23349197  6.0687091   6.0651398   6.0261749
  5.85514575  5.7769185   5.61421773  5.54610351  5.43158834  5.37596669]","[0.57049375 0.57198096 0.6154075  0.70523498 0.85365854 1.09250446
 1.19750149 1.46162998 2.16537775 2.84830458 3.83789411 4.67697799
 5.21594289 5.39143367 5.34533016 5.28881618 5.25223081 5.24806663
 5.14187983 5.04759072 4.94735277 4.7195122  4.50505651 4.28792385
 4.17043427 3.9199881  3.86585366 3.83729923 3.7471743  3.79327781
 3.68887567 3.69036288 3.65734682 3.68173706 3.56781678 3.57287329
 3.42772159 3.42177275 3.31171921 3.28762641 3.13712076 2.80904224
 2.61302796 2.14693635 1.97858418 1.90898275 1.86763831 1.91284949
 1.9497323  1.93842951 1.98453302 2.11243308 2.13265913 2.26531826
 2.31707317 2.34533016 2.39470553 2.32004759 2.15050565 2.14396193
 2.12581797 2.03004164 2.02171327 1.8548483  1.83343248 1.71772754
 1.62135634 1.52766211 1.41493159 1.34027365 1.37328971 1.39827484
 1.36347412 1.35514575 1.30725758 1.22754313 1.22129685 1.17162403
 1.11659726 1.11659726 1.04788816 1.06751933 1.01695419 1.03688281
 1.03361095 1.02468769 0.98958953 0.93099346 0.92088043 0.89054134
 0.86317668 0.80577037 0.82926829 0.80993456 0.78197501 0.76174896
 0.76859012 0.73111243 0.67638311 0.6876859  0.66121356 0.66894706]",0
1,0.15,"0.0,0.15,0.3,0.44999999999999996,0.6,0.75,0.8999999999999999,1.05,1.2,1.3499999999999999,1.5,1.65,1.7999999999999998,1.95,2.1,2.25,2.4,2.55,2.6999999999999997,2.85,3.0,3.15,3.3,3.4499999999999997,3.5999999999999996,3.75,3.9,4.05,4.2,4.35,4.5,4.6499999999999995,4.8,4.95,5.1,5.25,5.3999999999999995,5.55,5.7,5.85,6.0,6.1499999999999995,6.3,6.45,6.6,6.75,6.8999999999999995,7.05,7.199999999999999,7.35,7.5,7.6499999999999995,7.8,7.949999999999999,8.1,8.25,8.4,8.549999999999999,8.7,8.85,9.0,9.15,9.299999999999999,9.45,9.6,9.75,9.9,10.049999999999999,10.2,10.35,10.5,10.65,10.799999999999999,10.95,11.1,11.25,11.4,11.549999999999999,11.7,11.85,12.0,12.15,12.299999999999999,12.45,12.6,12.75,12.9,13.049999999999999,13.2,13.35,13.5,13.65,13.799999999999999,13.95,14.1,14.25,14.399999999999999,14.549999999999999,14.7,14.85,15.0,15.149999999999999",2007R_GLUT1_647_WGA_594_0002.nd2,2007,M,R,5.5,Homo,Experimental,0,False,3.536082474226804,False,"[13.10790378 13.20389462 13.38258877 13.54089347 13.80320733 13.96471936
 14.14730813 14.48797251 15.52737686 16.15257732 17.19450172 18.03917526
 18.73928981 19.79473081 20.35555556 20.83459336 21.02061856 21.395189
 22.24490263 23.22428408 23.96815578 26.59381443 29.05475372 31.92142039
 33.45383734 36.87376861 38.55555556 38.95853379 41.32233677 41.56998855
 44.49736541 46.76013746 50.30057274 52.18556701 53.6510882  53.88636884
 54.15051546 54.24009164 54.34387171 53.86002291 53.90400916 52.88545246
 51.98533792 51.28064147 50.60160367 49.40137457 47.12027491 45.27674685
 43.15143184 42.88613975 41.52027491 39.27972509 37.87193585 32.54684994
 29.17800687 25.24123711 22.44306987 20.93791523 19.25017182 19.19129439
 18.97411226 18.6        18.17457045 18.12737686 17.56151203 17.59358534
 17.25521191 17.01901489 16.86345934 16.73287514 16.66139748 16.75143184
 16.68545246 16.6790378  16.80733104 16.67766323 16.31981672 16.64879725
 16.44306987 16.35990836 16.27835052 16.19175258 16.13699885 16.16082474
 16.27697595 16.0836197  15.97434135 15.91660939 15.93081329 16.03596793
 15.95715922 15.92691867 15.89873998 15.78258877 15.89713631 15.934937
 15.63161512 15.72531501 15.55945017 15.80824742 15.57938144 15.70080183]","[1.82542955 1.84444444 1.86620848 1.84742268 1.91523482 1.95761741
 1.94639175 1.97525773 2.07743414 2.23069874 2.40664376 2.70309278
 2.87331042 3.10813288 3.28957617 3.20801833 3.29851088 3.2790378
 3.30836197 3.34684994 3.39243986 3.42703322 3.41260023 3.46643757
 3.52279496 3.51523482 3.50103093 3.52004582 3.49209622 3.4513173
 3.54639175 3.54043528 3.65864834 3.58350515 3.58717068 3.54616266
 3.60297824 3.53608247 3.55555556 3.5207331  3.52783505 3.50652921
 3.54639175 3.59679267 3.60366552 3.68270332 3.76403207 3.81305842
 3.80985109 3.80618557 3.84536082 3.79839633 3.78167239 3.68155785
 3.56151203 3.49736541 3.51202749 3.4604811  3.44146621 3.46002291
 3.51660939 3.46414662 3.40297824 3.339748   3.39587629 3.37823597
 3.30103093 3.30080183 3.25933562 3.39404353 3.43573883 3.29621993
 3.39450172 3.35509737 3.35693013 3.40343643 3.44536082 3.34112257
 3.3347079  3.36059565 3.32691867 3.30446735 3.34180985 3.35372279
 3.35234822 3.36174112 3.39175258 3.30492554 3.33722795 3.38556701
 3.33860252 3.38075601 3.35990836 3.35922108 3.36403207 3.35211913
 3.46323024 3.50355097 3.52737686 3.57731959 3.76357388 3.82955326]","[ 5.26071019  5.19747995  5.49415808  5.95853379  6.62955326  7.77182131
  8.46918671 10.08659794 14.59243986 19.4279496  27.8045819  34.25750286
 36.35509737 32.32898053 28.60068729 27.38465063 25.34684994 24.66666667
 21.84375716 20.95967927 20.34822451 19.25223368 18.63115693 17.72187858
 17.34524628 16.63940435 16.19931271 16.14570447 15.69438717 15.51271478
 15.08201604 14.51317297 13.43963345 12.56242841 11.73631157 10.7906071
 10.16311569 10.23230241  9.61260023  9.63642612  9.19564719  8.49347079
  8.19152348  7.6279496   7.53310424  7.47720504  7.64788087  8.004811
  8.46162658  8.62955326  9.12691867 10.09736541 10.61924399 12.97731959
 14.41466208 16.06849943 17.1534937  17.12279496 16.05315006 16.15738832
 15.83230241 15.39702176 15.04948454 14.24558992 13.78739977 13.23642612
 12.46460481 11.6604811  10.8373425  10.54936999 10.45429553 10.46071019
 10.33585338 10.1908362   9.86804124  9.64558992  9.22405498  8.92119129
  8.52485682  8.36884307  7.95738832  7.77640321  7.79931271  7.68751432
  7.64238259  7.40183276  7.16036655  7.06277205  6.89369989  6.62153494
  6.41008018  6.27972509  6.14501718  6.0327606   6.00091638  5.95990836
  5.79266896  5.68270332  5.60526919  5.48911798  5.41512027  5.33906071]","[0.52119129 0.51592211 0.54776632 0.65681558 0.79564719 1.02382589
 1.10126002 1.38717068 2.07560137 2.75463918 3.73906071 4.47697595
 4.82268041 4.70607102 4.51592211 4.40572738 4.19862543 4.21076747
 3.95097365 3.84902635 3.77961054 3.58900344 3.46849943 3.23092784
 3.13722795 2.9534937  2.88705613 2.83046964 2.77800687 2.72691867
 2.60985109 2.46345934 2.2792669  2.14249714 1.97548683 1.84284078
 1.71111111 1.71500573 1.64558992 1.61099656 1.5580756  1.460252
 1.35578465 1.30721649 1.29805269 1.26643757 1.30538373 1.34272623
 1.38946163 1.42886598 1.48522337 1.55166094 1.63390607 1.88911798
 1.96655212 2.12966781 2.21649485 2.22703322 2.06368843 2.08522337
 2.01443299 1.98854525 1.93883162 1.83390607 1.79175258 1.71706758
 1.64421535 1.57044674 1.46895762 1.41466208 1.36128293 1.39243986
 1.40435281 1.37067583 1.33608247 1.30904926 1.26781214 1.21168385
 1.15990836 1.16609393 1.0792669  1.07628866 1.05017182 1.03986254
 1.04100802 1.01053837 0.97731959 0.93608247 0.90263459 0.869874
 0.8233677  0.80893471 0.8002291  0.79862543 0.77640321 0.7583047
 0.72210767 0.70492554 0.64948454 0.65956472 0.63986254 0.6231386 ]",1
2,0.15,"0.0,0.15,0.3,0.44999999999999996,0.6,0.75,0.8999999999999999,1.05,1.2,1.3499999999999999,1.5,1.65,1.7999999999999998,1.95,2.1,2.25,2.4,2.55,2.6999999999999997,2.85,3.0,3.15,3.3,3.4499999999999997,3.5999999999999996,3.75,3.9,4.05,4.2,4.35,4.5,4.6499999999999995,4.8,4.95,5.1,5.25,5.3999999999999995,5.55,5.7,5.85,6.0,6.1499999999999995,6.3,6.45,6.6,6.75,6.8999999999999995,7.05,7.199999999999999,7.35,7.5,7.6499999999999995,7.8,7.949999999999999,8.1,8.25,8.4,8.549999999999999,8.7,8.85,9.0,9.15,9.299999999999999,9.45,9.6,9.75,9.9,10.049999999999999,10.2,10.35,10.5,10.65,10.799999999999999,10.95,11.1,11.25,11.4,11.549999999999999,11.7,11.85,12.0,12.15,12.299999999999999,12.45,12.6,12.75,12.9,13.049999999999999,13.2,13.35,13.5,13.65,13.799999999999999,13.95,14.1,14.25,14.399999999999999,14.549999999999999,14.7,14.85,15.0,15.149999999999999",2007R_GLUT1_647_WGA_594_0002.nd2,2007,M,R,5.5,Homo,Experimental,0,False,11.292817083692839,False,"[13.16716997 13.23522433 13.38966782 13.64775669 13.86432269 14.23360656
 14.22745902 14.86324418 16.0234038  16.92720017 18.32517256 19.69747627
 20.89096204 22.96343831 24.2063201  24.58606557 25.75905953 26.18830889
 28.4188956  29.68474978 31.05608283 33.71031061 35.64764884 37.24881363
 37.40681622 38.20912425 38.91663072 38.58380069 38.77480587 38.83649698
 38.87650992 38.8549396  38.38675582 37.28559103 36.84943917 35.64484469
 34.97983175 34.92126833 34.16695427 33.78774806 33.22648835 31.60580242
 30.6757981  27.86421484 24.95836928 22.67385677 20.0911346  19.2807377
 18.81632873 18.30155306 18.27933563 17.82937877 17.61022433 17.27415876
 17.04799396 16.82786885 16.63039258 16.61378343 16.47713546 16.39980587
 16.30823986 16.51272649 16.42428818 16.28332614 16.27847282 16.23597929
 16.25938309 16.10849871 16.0200604  16.04314064 15.99611734 16.05424935
 16.10537101 16.01283434 16.02804142 16.07560397 16.00140207 15.97907679
 15.79508197 15.90293356 15.99277394 15.81244607 15.81902502 15.81320104
 15.8714409  15.88664797 15.79831752 15.70890854 15.73921484 15.80791631
 15.77103106 15.73608714 15.67720017 15.75150992 15.62866695 15.59124245
 15.72735116 15.7395384  15.63211821 15.66652286 15.68852459 15.60224331]","[ 2.00431406  2.03181622  2.07204487  2.07657463  2.17752373  2.22508628
  2.27663934  2.34264452  2.5877912   2.84307593  3.23231234  3.8003667
  4.35084124  5.38060828  5.98867558  6.08336928  6.61507765  6.85094909
  7.56384814  8.0775453   8.4293572   9.32549612  9.88416739 10.47023296
 10.58067299 11.06783865 11.11507765 11.15066868 11.31158326 11.19639776
 11.29281708 11.38319672 11.35440035 11.53537532 11.47573339 11.63222606
 11.48295945 11.55349439 11.42062123 11.40271786 11.40465919 11.35364538
 11.21203624 10.99147972 10.70049612 10.34663503  9.81374029  9.36011648
  8.79961173  8.63136324  8.27426661  7.72131148  7.36399914  6.11658758
  5.54551337  4.74439172  4.28591458  4.06859362  3.89020708  3.93755393
  3.87758844  3.86712683  3.87564711  3.98112597  4.01768766  4.08336928
  4.12316652  4.05403365  4.03893443  3.97109577  3.96138913  3.94402502
  3.91878775  3.89786454  3.84933132  3.83412425  3.844478    3.83164366
  3.89160915  4.00949094  4.01197153  4.06298533  4.07808456  4.06287748
  4.00377481  4.0643874   4.06320104  3.9997843   3.95545729  3.88643227
  3.88039258  3.97573339  3.96160483  4.01930544  3.99859793  4.05112166
  4.16328732  4.19823123  4.14311907  4.15681622  4.32711389  4.27707075]","[ 5.04605263  5.02426661  5.32193701  5.75959879  6.42871009  7.5104616
  8.07668248  9.64700173 14.02178602 18.82830026 27.35148835 34.05597498
 35.63686368 30.71764452 26.6252157  25.57387834 23.01186368 22.34437015
 18.88869715 17.65239431 16.56255393 14.75949094 13.64225626 12.47605695
 12.15207075 11.27998274 10.91835634 10.9122088  10.52879638 10.43841674
 10.23824418 10.08185936 10.02955134 10.20330026 10.54087575 10.81093615
 11.06665229 11.11292062 11.19909405 11.24104832 11.44704487 11.95869284
 12.28526747 13.00852028 13.61108714 14.05532787 14.2295082  14.33121225
 14.29713115 14.39150129 14.28062985 14.34544866 14.41878775 14.65347282
 14.78418896 14.70243745 14.46537964 13.89322692 12.88470664 12.88751079
 12.61335203 12.32474116 11.99547023 11.5171484  11.27405091 10.88934426
 10.48921484 10.03656169  9.5407679   9.31093615  9.16339517  9.26186368
  9.15228645  9.0133736   8.77318809  8.55813201  8.25431406  8.04616048
  7.81072045  7.62284297  7.34048749  7.2430975   7.18172994  7.1624245
  7.11000863  6.95157463  6.75442192  6.66425798  6.52890423  6.34965487
  6.22540984  6.13934426  6.02663934  5.9324849   5.93313201  5.86874461
  5.72476273  5.65832614  5.54648404  5.47357636  5.40918896  5.31568162]","[0.64408973 0.64365833 0.72853753 0.8480371  1.02372735 1.30877912
 1.41274806 1.75377481 2.63416739 3.52814927 4.83908542 5.9327006
 6.49449957 6.65606126 6.60623382 6.5438956  6.50927524 6.40800259
 6.33617343 6.27146247 6.22238999 6.04616048 5.78062985 5.44100518
 5.26305004 4.90422778 4.76197153 4.73651855 4.52081536 4.48468507
 4.30349439 4.10979292 3.93572045 3.84242882 3.69100518 3.58369284
 3.5842321  3.57269198 3.51747196 3.52761001 3.51154012 3.49245039
 3.52232528 3.55101381 3.62057808 3.61906816 3.49762726 3.42817084
 3.36281277 3.29583693 3.22573339 3.13006903 3.06018119 2.8106126
 2.66274806 2.44844694 2.29303279 2.08843831 1.91997412 1.91307161
 1.86216566 1.83283003 1.77081536 1.68097498 1.65325712 1.57236842
 1.51876618 1.47271355 1.35375324 1.31525022 1.28882657 1.31902502
 1.3074849  1.30241588 1.26596204 1.20783003 1.1789258  1.12726488
 1.09588007 1.05985764 1.0098145  0.98597929 0.97185073 0.98684211
 0.97918464 0.94672131 0.92655306 0.90692407 0.86486195 0.82258412
 0.80543572 0.80716135 0.78666954 0.78375755 0.74892148 0.74633305
 0.73252804 0.72336066 0.66706212 0.67515099 0.66619931 0.64301122]",2
3,0.15,"0.0,0.15,0.3,0.44999999999999996,0.6,0.75,0.8999999999999999,1.05,1.2,1.3499999999999999,1.5,1.65,1.7999999999999998,1.95,2.1,2.25,2.4,2.55,2.6999999999999997,2.85,3.0,3.15,3.3,3.4499999999999997,3.5999999999999996,3.75,3.9,4.05,4.2,4.35,4.5,4.6499999999999995,4.8,4.95,5.1,5.25,5.3999999999999995,5.55,5.7,5.85,6.0,6.1499999999999995,6.3,6.45,6.6,6.75,6.8999999999999995,7.05,7.199999999999999,7.35,7.5,7.6499999999999995,7.8,7.949999999999999,8.1,8.25,8.4,8.549999999999999,8.7,8.85,9.0,9.15,9.299999999999999,9.45,9.6,9.75,9.9,10.049999999999999,10.2,10.35,10.5,10.65,10.799999999999999,10.95,11.1,11.25,11.4,11.549999999999999,11.7,11.85,12.0,12.15,12.299999999999999,12.45,12.6,12.75,12.9,13.049999999999999,13.2,13.35,13.5,13.65,13.799999999999999,13.95,14.1,14.25,14.399999999999999,14.549999999999999,14.7,14.85,15.0,15.149999999999999",2007R_GLUT1_647_WGA_594_0002.nd2,2007,M,R,5.5,Homo,Experimental,0,False,3.4254881808838644,False,"[12.78108941 12.91264132 12.82733813 13.18088386 13.5364851  13.35354573
 13.5323741  14.0061665  14.90647482 15.48304214 15.94039054 16.59609455
 17.48920863 17.72250771 17.56423433 17.2065776  17.40184995 17.38335046
 17.61562179 17.89414183 18.04316547 17.83967112 18.08633094 18.5971223
 18.56834532 19.0709147  19.50668037 19.36998972 20.04830421 19.75950668
 20.34121274 21.5950668  24.01952724 25.40596095 27.46454265 28.35354573
 29.25796506 29.39568345 29.09249743 29.28982528 29.39568345 29.31654676
 29.56526208 29.16957862 27.72661871 27.16752312 26.36279548 25.59301131
 25.12127441 25.0729702  24.65673176 23.61664954 22.48920863 20.97225077
 19.90030832 19.08633094 18.4717369  17.64028777 17.73792395 17.51593011
 17.08427544 17.32168551 17.62487153 16.8036999  17.07399794 17.15313464
 16.63103803 16.4008222  16.9352518  16.03186023 16.15621788 16.50770812
 16.10791367 16.4028777  16.57553957 16.32887975 15.84583762 15.78828366
 16.11716341 16.61870504 16.28982528 15.95375128 16.50051387 15.98150051
 16.56937307 16.39568345 16.02261048 16.17882837 16.01438849 15.97122302
 16.01130524 15.663926   15.8684481  16.03494347 16.15930113 16.22713258
 16.17985612 16.01336074 15.86947585 15.51387461 15.58273381 15.72045221]","[ 1.96608428  2.04110997  2.04727646  1.95786228  2.16546763  2.25693731
  2.29599178  2.327852    2.61356629  2.96813977  3.5303186   4.18602261
  5.17368962  7.19218911  8.23946557  8.63823227  9.91469681 10.004111
 11.72250771 12.46248715 12.66906475 13.12024666 13.05447071 11.93627955
 11.11613566  8.98869476  7.97019527  7.62487153  6.87153135  6.48201439
  5.48304214  5.02672148  4.62692703  4.19013361  3.88078109  3.58067831
  3.47893114  3.61562179  3.3987667   3.37615622  3.42548818  3.3987667
  3.38232271  3.35868448  3.23946557  3.42959918  3.3946557   3.50668037
  3.50154162  3.40801644  3.45734841  3.57142857  3.68961973  3.8622816
  3.52929085  3.6012333   3.57348407  3.57245632  3.5364851   3.57245632
  3.42651593  3.50770812  3.57553957  3.52415211  3.52312436  3.42240493
  3.23535457  3.42651593  3.27543679  3.38746146  3.28263104  3.23432682
  3.34840699  3.21068859  3.21479959  3.1983556   3.20554985  3.26824255
  3.28160329  3.31654676  3.27235355  3.40801644  3.26618705  3.44809866
  3.38232271  3.44090442  3.46248715  3.40801644  3.45323741  3.51593011
  3.57656732  3.54573484  3.52312436  3.48509764  3.56526208  3.49948613
  3.43782117  3.46454265  3.2631038   3.46248715  3.37410072  3.30113052]","[ 5.12230216  5.0668037   5.2672148   5.7954779   6.38643371  7.48818088
  8.02466598  9.64953751 14.03391572 19.40698869 28.61664954 35.57656732
 36.89928058 32.77081192 29.23741007 28.1315519  26.14696814 25.96505653
 23.18396711 22.23124358 21.31551901 19.81911614 19.42754368 19.65673176
 19.49434738 19.85303186 19.80781089 19.67831449 19.76772867 19.54059609
 19.45118191 19.13463515 17.83864337 15.78622816 13.58273381 11.8663926
 10.91469681 10.93833505 10.25899281 10.31346351  9.85303186  8.94964029
  8.65570401  8.38335046  8.10996917  7.99486125  7.68036999  7.82733813
  8.18602261  8.54779034  8.70606372  9.21788284  9.15930113  9.35354573
  9.5364851   9.58787256 10.17882837 10.57040082 11.34121274 11.33299075
 11.61253854 11.668037   11.41829394 11.11408016 10.90339157 10.48715313
 10.07194245  9.80061665  9.63617677  9.45220966  9.36382323  9.28263104
  9.327852    9.11305242  9.03494347  8.68242549  8.55601233  8.42034943
  8.11613566  8.05344296  7.69270298  7.53340185  7.43782117  7.49126413
  7.50051387  7.38437821  7.19527235  7.09352518  6.89722508  6.92086331
  6.74922919  6.52415211  6.5344296   6.38437821  6.34635149  6.2651593
  6.10791367  6.00308325  5.75231244  5.6618705   5.47584789  5.50154162]","[0.49537513 0.52312436 0.55498458 0.66495375 0.78622816 1.01233299
 1.11716341 1.38746146 2.23124358 2.88078109 4.18705036 5.10380267
 5.51901336 5.37615622 5.12024666 5.09146968 4.86947585 4.83658787
 4.55087359 4.27852004 4.11408016 3.74717369 3.54779034 3.61151079
 3.47584789 3.55498458 3.44295992 3.4614594  3.53751285 3.5303186
 3.39157246 3.37307297 3.10174717 2.83658787 2.48818088 2.17677287
 2.01233299 1.96094553 1.87358684 1.89619733 1.76670092 1.64542652
 1.48201439 1.44707091 1.28160329 1.29393628 1.24768756 1.21274409
 1.23843782 1.25693731 1.34121274 1.36279548 1.33504625 1.38335046
 1.38232271 1.43576567 1.41932169 1.48406989 1.56012333 1.55087359
 1.57862282 1.5344296  1.59815005 1.51387461 1.49537513 1.41109969
 1.36793422 1.31038027 1.2631038  1.28879753 1.23021583 1.22507708
 1.25077081 1.21582734 1.18602261 1.18396711 1.09969168 1.10174717
 1.04316547 1.03186023 0.99691675 0.94450154 0.90955807 0.995889
 1.0020555  0.91161357 0.94964029 0.87461459 0.88797533 0.85817061
 0.85919836 0.82939363 0.90030832 0.78828366 0.78520041 0.8057554
 0.81706064 0.75436793 0.67523124 0.63001028 0.63926002 0.65570401]",4
4,0.15,"0.0,0.15,0.3,0.44999999999999996,0.6,0.75,0.8999999999999999,1.05,1.2,1.3499999999999999,1.5,1.65,1.7999999999999998,1.95,2.1,2.25,2.4,2.55,2.6999999999999997,2.85,3.0,3.15,3.3,3.4499999999999997,3.5999999999999996,3.75,3.9,4.05,4.2,4.35,4.5,4.6499999999999995,4.8,4.95,5.1,5.25,5.3999999999999995,5.55,5.7,5.85,6.0,6.1499999999999995,6.3,6.45,6.6,6.75,6.8999999999999995,7.05,7.199999999999999,7.35,7.5,7.6499999999999995,7.8,7.949999999999999,8.1,8.25,8.4,8.549999999999999,8.7,8.85,9.0,9.15,9.299999999999999,9.45,9.6,9.75,9.9,10.049999999999999,10.2,10.35,10.5,10.65,10.799999999999999,10.95,11.1,11.25,11.4,11.549999999999999,11.7,11.85,12.0,12.15,12.299999999999999,12.45,12.6,12.75,12.9,13.049999999999999,13.2,13.35,13.5,13.65,13.799999999999999,13.95,14.1,14.25,14.399999999999999,14.549999999999999,14.7,14.85,15.0,15.149999999999999",2007R_GLUT1_647_WGA_594_0002.nd2,2007,M,R,5.5,Homo,Experimental,0,False,3.5732620320855615,False,"[12.83714147 12.95323286 12.93320369 13.21361206 13.35206612 13.73991249
 13.82051531 14.20641711 15.05892076 15.93719008 16.89382596 17.92970345
 18.48031113 19.52746719 20.16733106 20.35508021 20.7798736  21.07272727
 22.12143899 23.03412737 23.81565386 25.43646087 26.58745746 27.68118619
 28.01176471 28.38181818 28.56383082 28.64248906 28.89849295 28.87846378
 29.05094798 29.63159942 30.5546913  31.36101118 32.5614001  33.33057851
 33.60884784 33.59144385 33.88877005 33.59640253 33.88779776 33.60631988
 32.8349052  30.90170151 28.41088965 26.88196403 24.64948955 23.93845406
 22.93330092 22.76587263 22.35585805 21.6721439  21.24793388 20.28789499
 19.48526981 18.80612543 18.03072436 17.69479825 17.36781721 17.31988333
 17.22809917 17.13962081 16.9768595  16.89985416 16.91200778 16.79387457
 16.63393291 16.61983471 16.52318911 16.36480311 16.36421974 16.52036947
 16.44112786 16.54671852 16.52309188 16.40787555 16.13563442 16.34701021
 16.23529412 16.30053476 16.04968401 16.06786582 16.07039378 16.1204667
 16.13553719 16.16548371 16.08381138 16.09372873 16.06125425 16.05085075
 15.98862421 16.05085075 16.01837628 15.97792902 16.00991736 16.01497326
 15.91336898 15.92328634 15.89489548 15.70734079 15.9144385  15.96480311]","[1.92163345 1.93262032 1.95663588 1.95002431 2.03364123 2.09382596
 2.0996597  2.15760817 2.32464754 2.59756928 3.03471074 3.58784638
 4.06329606 5.09440933 5.67719981 5.88672825 6.46631016 6.5620807
 7.55546913 7.89081186 8.31210501 8.63033544 8.33738454 7.42673797
 6.9620807  5.82994652 5.42975207 5.33252309 4.90627127 4.82129315
 4.32805056 4.14603792 3.83539135 3.73621779 3.61944579 3.55051045
 3.54234322 3.58172095 3.57131745 3.56373359 3.57326203 3.63364123
 3.66417112 3.70811862 3.80787555 3.92455032 4.23432183 4.36042781
 4.42586291 4.43237725 4.46485173 4.45649003 4.51920272 4.54876033
 4.53777346 4.42070977 4.47078269 4.48721439 4.44482256 4.41672338
 4.3241614  4.24948955 4.15226057 4.14885756 4.07369956 4.00505591
 3.95138551 3.93709285 3.87846378 3.82732134 3.76616432 3.78911035
 3.82858532 3.7785124  3.67972776 3.69868741 3.66349052 3.64521147
 3.64968401 3.65532329 3.59066602 3.63957219 3.60495868 3.65094798
 3.55128828 3.56762275 3.53699562 3.53641225 3.59484686 3.62527953
 3.57122022 3.58901313 3.57890131 3.55663588 3.53660671 3.56373359
 3.58570734 3.60884784 3.67797764 3.70500729 3.77335926 3.81011181]","[ 5.21750122  5.16217793  5.4587263   5.92912008  6.61769567  7.67719981
  8.3070491   9.95333009 14.99436072 20.76023335 30.89158969 38.48303354
 40.37228974 36.06057365 32.60904229 31.62002917 29.60680603 29.17199806
 26.41011181 25.1859018  23.97326203 21.4631016  19.5963053  17.76227516
 17.08507535 15.64365581 14.97754011 14.91648031 14.18191541 14.04482256
 13.23441906 12.45668449 11.07875547 10.18045698  9.5932912   9.43704424
  9.52960622  9.56490034  9.69411765  9.75692756 10.00622265 10.51891104
 10.93281478 11.74662129 12.44005834 13.01925134 13.83616918 14.34594069
 14.59202722 14.69197861 14.78736023 14.95410792 15.05055907 15.18454059
 15.08176957 14.66524064 14.25454545 13.8989791  13.28079728 13.3211473
 13.13816237 12.91084103 12.68157511 12.13514827 11.88906174 11.42411279
 10.94574623 10.51511911 10.01147302  9.70247934  9.63480797  9.74837141
  9.57122022  9.45668449  9.17034516  8.95858046  8.62226544  8.37792902
  8.08818668  7.9442878   7.60447253  7.48099174  7.43684978  7.40447253
  7.36684492  7.20486145  7.01652893  6.96587263  6.78862421  6.63607195
  6.4476422   6.31871658  6.21059796  6.13349538  6.15138551  6.05464268
  5.9234808   5.84919786  5.71463296  5.66961595  5.5577054   5.48089451]","[0.53680117 0.54224599 0.59640253 0.70743802 0.87194944 1.09100632
 1.19183277 1.51861935 2.37666505 3.20943121 4.51103549 5.50413223
 5.91716091 5.86456004 5.55255226 5.47486631 5.2892562  5.20272241
 4.83364123 4.63043267 4.41157025 3.85999028 3.42897423 3.01516772
 2.8989791  2.59572193 2.47379679 2.43986388 2.3264949  2.31939718
 2.13320369 2.00204181 1.76120564 1.63626641 1.53563442 1.50763247
 1.52357803 1.52455032 1.53164803 1.55012154 1.55488576 1.62605737
 1.66426835 1.77754011 1.87788041 1.99095771 2.15819154 2.24647545
 2.27486631 2.31327175 2.30520175 2.35430238 2.34039864 2.35741371
 2.32367526 2.2520175  2.21964025 2.16655323 2.06135148 2.03733593
 1.98755469 1.94107924 1.88896451 1.8030141  1.75760817 1.68215848
 1.62790472 1.55877491 1.45950413 1.39737482 1.39047156 1.41769567
 1.40913952 1.38045698 1.34526009 1.2892562  1.25357316 1.19513855
 1.1523578  1.12027224 1.05017015 1.04929509 1.02615459 1.04103063
 1.01798736 1.00243072 0.97705396 0.95858046 0.91628585 0.87904716
 0.8617404  0.83315508 0.83101604 0.80962567 0.77831794 0.77880408
 0.75964998 0.73971804 0.69333982 0.67476908 0.6818668  0.67369956]",5
5,0.15,"0.0,0.15,0.3,0.44999999999999996,0.6,0.75,0.8999999999999999,1.05,1.2,1.3499999999999999,1.5,1.65,1.7999999999999998,1.95,2.1,2.25,2.4,2.55,2.6999999999999997,2.85,3.0,3.15,3.3,3.4499999999999997,3.5999999999999996,3.75,3.9,4.05,4.2,4.35,4.5,4.6499999999999995,4.8,4.95,5.1,5.25,5.3999999999999995,5.55,5.7,5.85,6.0,6.1499999999999995,6.3,6.45,6.6,6.75,6.8999999999999995,7.05,7.199999999999999,7.35,7.5,7.6499999999999995,7.8,7.949999999999999,8.1,8.25,8.4,8.549999999999999,8.7,8.85,9.0,9.15,9.299999999999999,9.45,9.6,9.75,9.9,10.049999999999999,10.2,10.35,10.5,10.65,10.799999999999999,10.95,11.1,11.25,11.4,11.549999999999999,11.7,11.85,12.0,12.15,12.299999999999999,12.45,12.6,12.75,12.9,13.049999999999999,13.2,13.35,13.5,13.65,13.799999999999999,13.95,14.1,14.25,14.399999999999999,14.549999999999999,14.7,14.85,15.0,15.149999999999999",2007R_GLUT1_647_WGA_594_0002.nd2,2007,M,R,5.5,Homo,Experimental,0,False,3.427007299270073,False,"[13.11678832 13.26277372 13.19708029 13.54014599 13.48175182 14.23357664
 13.82481752 14.17518248 14.82846715 15.55109489 16.31386861 16.30291971
 17.70437956 17.30656934 18.         18.18248175 17.60583942 17.96715328
 19.06934307 19.16058394 19.86861314 20.36861314 20.37591241 21.5
 23.32846715 24.97445255 26.59854015 26.67153285 29.06569343 29.91605839
 32.06934307 34.67153285 40.22992701 45.62408759 48.77372263 49.15328467
 49.58759124 50.94525547 49.50729927 50.79927007 47.82846715 45.12408759
 42.95255474 36.7080292  33.13868613 29.47810219 24.80656934 22.98175182
 21.81751825 20.50729927 20.3649635  20.66788321 19.2919708  19.43430657
 18.33211679 17.95985401 18.40875912 18.54744526 17.56934307 17.07664234
 17.39416058 17.39051095 17.33211679 17.32481752 17.17883212 17.47080292
 16.19708029 16.89781022 16.30291971 16.62408759 17.06934307 16.98175182
 16.06569343 17.10948905 16.21167883 16.39051095 15.74452555 16.11313869
 16.3649635  15.76642336 15.63138686 15.37226277 15.33576642 15.78467153
 16.09124088 15.55109489 16.30291971 15.0729927  15.44160584 16.16058394
 15.5729927  16.40145985 16.3540146  16.19708029 15.30656934 15.72627737
 15.73722628 15.81386861 15.97080292 15.22262774 16.07664234 15.41240876]","[1.86131387 1.88321168 1.95985401 1.95255474 2.03649635 2.04744526
 1.94160584 2.14963504 2.2810219  2.51094891 2.65693431 3.23357664
 3.54744526 4.08029197 4.7189781  4.74817518 5.22627737 4.93430657
 6.32116788 6.31021898 7.51094891 8.70437956 8.61313869 8.45985401
 8.04379562 7.98540146 7.51824818 8.32481752 8.11313869 7.69708029
 7.41970803 7.15693431 5.39416058 4.51094891 3.97080292 3.72262774
 3.43065693 3.88686131 3.64233577 3.32846715 3.4270073  3.44890511
 3.47445255 3.44525547 3.4379562  3.44525547 3.51094891 4.08759124
 3.72992701 4.04014599 3.5729927  3.84671533 4.09489051 3.75547445
 3.60948905 3.66788321 3.49270073 3.77372263 3.51459854 3.73357664
 3.76277372 3.58394161 3.59124088 3.70072993 3.62408759 3.79927007
 3.64233577 3.40875912 3.60948905 3.49270073 3.80291971 3.48175182
 3.52554745 3.7189781  3.53284672 3.7080292  3.59854015 3.61313869
 3.66423358 3.6350365  3.87226277 3.54014599 3.68613139 3.45620438
 3.49635036 3.49270073 3.87956204 3.69343066 3.56569343 3.83576642
 3.82481752 3.6459854  3.87591241 4.12043796 4.2919708  4.16423358
 4.26277372 4.46715328 4.30656934 4.51824818 4.12773723 4.09854015]","[ 5.60583942  5.36131387  5.60948905  6.04744526  6.89781022  7.87591241
  8.23357664 10.18248175 15.26277372 20.79562044 32.55474453 43.83941606
 48.35766423 46.74817518 42.18248175 41.24087591 40.11678832 39.64233577
 38.92335766 37.5        37.26277372 34.4270073  32.44525547 30.46350365
 30.10218978 30.36861314 30.32481752 30.19708029 29.91970803 29.4270073
 28.31751825 26.87226277 21.72992701 17.87591241 14.47445255 12.67883212
 11.89781022 11.79927007 11.3649635  11.34671533 11.46715328 10.62408759
 10.51459854  9.95620438 10.34671533 11.20072993 14.37956204 16.59124088
 18.26277372 19.10583942 19.88686131 20.25547445 20.63868613 20.66058394
 20.55109489 19.83211679 18.8649635  16.90875912 14.58394161 14.84306569
 14.25547445 13.5        13.2080292  12.33211679 11.7189781  11.2189781
 10.63868613  9.95620438  9.51459854  9.30656934  9.1459854   9.04014599
  9.06934307  9.19708029  8.59854015  8.61313869  8.06934307  7.86861314
  7.34671533  7.01459854  6.86861314  6.55839416  6.58029197  6.72262774
  6.46715328  6.53284672  6.3649635   6.34671533  6.42335766  6.16058394
  6.02554745  5.94525547  5.72992701  5.74817518  5.83576642  5.90145985
  5.70437956  5.47080292  5.45255474  5.52919708  5.34671533  5.34671533]","[0.62773723 0.51459854 0.54014599 0.7080292  0.74452555 0.99635036
 1.04379562 1.35036496 2.12408759 2.88686131 4.31386861 5.57664234
 6.12408759 6.46715328 6.27372263 6.14963504 6.33211679 6.15328467
 5.9270073  5.89416058 5.63138686 5.2810219  4.94160584 4.81386861
 4.5729927  4.69343066 4.51459854 4.66058394 4.51094891 4.35766423
 4.28467153 3.90510949 3.51094891 3.02919708 2.75547445 2.50364964
 2.64963504 2.52554745 2.49270073 2.55839416 2.65693431 2.59124088
 2.41970803 2.30291971 2.39781022 2.49270073 2.56569343 2.82481752
 2.84306569 2.87226277 3.02189781 2.95985401 3.         2.98175182
 2.86131387 2.61678832 2.5620438  2.24817518 1.97445255 1.92335766
 1.98175182 1.98540146 1.79927007 1.75547445 1.84306569 1.56934307
 1.5620438  1.45985401 1.33941606 1.34306569 1.18248175 1.37956204
 1.35036496 1.33941606 1.26277372 1.15693431 1.11313869 1.01459854
 0.95985401 0.9270073  0.86131387 0.83576642 0.85036496 0.89781022
 0.81751825 0.92335766 0.90875912 0.89051095 0.82116788 0.70072993
 0.78832117 0.85036496 0.68613139 0.77372263 0.63868613 0.74452555
 0.71532847 0.64963504 0.76642336 0.70072993 0.74087591 0.73722628]",7
6,0.15,"0.0,0.15,0.3,0.44999999999999996,0.6,0.75,0.8999999999999999,1.05,1.2,1.3499999999999999,1.5,1.65,1.7999999999999998,1.95,2.1,2.25,2.4,2.55,2.6999999999999997,2.85,3.0,3.15,3.3,3.4499999999999997,3.5999999999999996,3.75,3.9,4.05,4.2,4.35,4.5,4.6499999999999995,4.8,4.95,5.1,5.25,5.3999999999999995,5.55,5.7,5.85,6.0,6.1499999999999995,6.3,6.45,6.6,6.75,6.8999999999999995,7.05,7.199999999999999,7.35,7.5,7.6499999999999995,7.8,7.949999999999999,8.1,8.25,8.4,8.549999999999999,8.7,8.85,9.0,9.15,9.299999999999999,9.45,9.6,9.75,9.9,10.049999999999999,10.2,10.35,10.5,10.65,10.799999999999999,10.95,11.1,11.25,11.4,11.549999999999999,11.7,11.85,12.0,12.15,12.299999999999999,12.45,12.6,12.75,12.9,13.049999999999999,13.2,13.35,13.5,13.65,13.799999999999999,13.95,14.1,14.25,14.399999999999999,14.549999999999999,14.7,14.85,15.0,15.149999999999999",2007R_GLUT1_647_WGA_594_0002.nd2,2007,M,R,5.5,Homo,Experimental,0,False,3.664005322687957,False,"[13.28626081 13.06370592 13.29341317 13.3997006  13.71307385 13.99417831
 14.23835662 14.59031936 15.24101796 15.77162342 16.55123087 17.21889554
 17.71240852 18.55006653 19.21373919 19.32684631 19.63373253 19.82285429
 20.72721224 21.15785096 21.84647372 23.88772455 25.60678643 28.27162342
 29.2573187  32.68512974 34.33449767 34.7157352  37.02894212 37.46556886
 40.30588822 42.09763806 46.000998   48.53077179 49.7759481  50.43512974
 50.31304059 50.4427811  49.65452428 49.69627412 48.93030605 46.5083167
 44.74717232 39.54291417 35.18612774 31.62175649 26.87757818 24.61776447
 23.03110446 22.36576846 21.8253493  20.58965403 20.11011311 19.08799069
 18.54590818 17.90452428 17.75548902 17.36842981 17.01230872 16.77062542
 16.82285429 16.83799069 16.64387891 16.6086161  16.39005323 16.44594145
 16.20958084 16.36294079 15.98602794 16.17914172 16.09747172 16.11976048
 16.1492016  16.13240186 15.91766467 15.99883566 16.07019295 16.07451763
 15.86011311 15.96141051 15.89487691 15.84347971 15.69394544 15.77361943
 15.90635396 15.70492349 15.75665336 15.71324019 15.5748503  15.68063872
 15.75149701 15.65652029 15.70126414 15.57035928 15.43795742 15.46922821
 15.50365935 15.39038589 15.40718563 15.53592814 15.5415835  15.57102462]","[ 1.90469062  1.90701929  1.96007984  1.95076514  2.02212242  2.05422488
  2.06087824  2.11992681  2.2832668   2.45226214  2.7406853   3.18795742
  3.48985363  4.09763806  4.40701929  4.51197605  4.92365269  4.99484365
  5.82085828  6.25016633  6.99101796  8.49534265  9.40385895 10.18196939
 10.18463074 10.10695276  9.71107784  9.69145043  9.10662009  8.94544245
  7.94494345  7.29191617  5.81852961  4.95642049  4.31121091  3.86310712
  3.58449767  3.66400532  3.49001996  3.40918164  3.36876248  3.29840319
  3.25299401  3.34314704  3.38473054  3.43529607  3.52910845  3.57850965
  3.6007984   3.57900865  3.59431138  3.57185629  3.64654025  3.62558217
  3.57002661  3.58865602  3.60795077  3.56254158  3.5592149   3.57551564
  3.55355955  3.54540918  3.47854291  3.53393214  3.48303393  3.4838656
  3.45242848  3.46939454  3.52212242  3.53110446  3.6497006   3.57501663
  3.60562209  3.52578177  3.57634731  3.63888889  3.61726547  3.65369261
  3.70459082  3.73552894  3.69377911  3.63339987  3.66217565  3.72338656
  3.64853626  3.65186294  3.69244844  3.67764471  3.77045908  3.93097139
  3.97987359  4.12591484  4.2333666   4.33283433  4.44444444  4.51413839
  4.86576846  5.03875582  5.42431803  5.66600133  6.2260479   6.55073187]","[ 5.28493014  5.20958084  5.49401198  5.91483699  6.54324684  7.50266134
  8.02860945  9.54640719 14.17531603 19.67099135 30.53675981 40.83898869
 45.45359281 41.56187625 36.45176314 35.11244178 32.33449767 31.54474385
 28.77628077 28.01546906 27.40685296 26.69693945 26.19045243 25.35179641
 24.97322023 23.93163673 23.08283433 22.95908184 21.832169   21.58399867
 19.88389887 18.48453094 15.71689953 13.98586161 12.57967399 11.63938789
 11.33998669 11.33466401 11.07418496 11.13722555 11.07235529 11.29773786
 11.7094145  13.18263473 14.71190951 16.26630073 18.39620758 19.74783766
 20.6912841  20.93978709 21.1501996  21.18496341 21.02295409 20.14504325
 19.42065868 18.22521623 16.9407851  15.52195609 13.9251497  13.91134398
 13.42880905 13.09214904 12.80023287 12.02029275 11.65219561 11.18695941
 10.65635396 10.18097139  9.5494012   9.27661344  9.22355289  9.31886228
  9.15169661  9.07917498  8.79407851  8.55439122  8.20575516  7.96706587
  7.65834997  7.49467731  7.17781104  7.08067199  7.00532269  6.96906188
  6.95359281  6.77012641  6.65202927  6.60212908  6.47754491  6.28459747
  6.166833    6.05372588  5.9828676   5.8908849   5.86676647  5.81154358
  5.67947438  5.58466401  5.56437126  5.49500998  5.43479707  5.37275449]","[0.53925482 0.52378576 0.5919827  0.68512974 0.82235529 1.01047904
 1.09331337 1.38206919 2.17165669 2.92132402 4.25715236 5.27694611
 5.82268796 5.82717898 5.46972721 5.38672655 5.2005988  5.13988689
 4.84181637 4.78576181 4.65003327 4.46224218 4.29291417 4.10429142
 3.95825017 3.75133067 3.6071191  3.59813706 3.45974717 3.37308716
 3.16600133 2.94028609 2.56586826 2.37874251 2.19294744 2.12541583
 2.12541583 2.10612109 2.14337991 2.12159015 2.12075848 2.17864271
 2.24850299 2.46057884 2.69710579 2.82568197 2.92165669 2.9657352
 2.915835   2.92914172 2.87907518 2.80455755 2.76264138 2.60978044
 2.50449102 2.33832335 2.17215569 1.99783766 1.79507651 1.82252162
 1.75415835 1.72937458 1.68779108 1.60063207 1.56320692 1.47787758
 1.43080506 1.36959415 1.27894212 1.22920825 1.21290752 1.26197605
 1.23137059 1.21457086 1.14720559 1.11826347 1.10778443 1.01896208
 0.95625416 0.9579175  0.89836993 0.8840652  0.88389887 0.90568862
 0.8664338  0.86127745 0.85545576 0.83666001 0.79507651 0.77578177
 0.75216234 0.7328676  0.71756487 0.71074518 0.69011976 0.70093147
 0.67531603 0.65785096 0.62774451 0.63323353 0.62242182 0.61859614]",8
7,0.15,"0.0,0.15,0.3,0.44999999999999996,0.6,0.75,0.8999999999999999,1.05,1.2,1.3499999999999999,1.5,1.65,1.7999999999999998,1.95,2.1,2.25,2.4,2.55,2.6999999999999997,2.85,3.0,3.15,3.3,3.4499999999999997,3.5999999999999996,3.75,3.9,4.05,4.2,4.35,4.5,4.6499999999999995,4.8,4.95,5.1,5.25,5.3999999999999995,5.55,5.7,5.85,6.0,6.1499999999999995,6.3,6.45,6.6,6.75,6.8999999999999995,7.05,7.199999999999999,7.35,7.5,7.6499999999999995,7.8,7.949999999999999,8.1,8.25,8.4,8.549999999999999,8.7,8.85,9.0,9.15,9.299999999999999,9.45,9.6,9.75,9.9,10.049999999999999,10.2,10.35,10.5,10.65,10.799999999999999,10.95,11.1,11.25,11.4,11.549999999999999,11.7,11.85,12.0,12.15,12.299999999999999,12.45,12.6,12.75,12.9,13.049999999999999,13.2,13.35,13.5,13.65,13.799999999999999,13.95,14.1,14.25,14.399999999999999,14.549999999999999,14.7,14.85,15.0,15.149999999999999",2007R_GLUT1_647_WGA_594_0002.nd2,2007,M,R,5.5,Homo,Experimental,0,True,44.88659565024412,False,"[13.92809587 13.85175322 14.15201953 14.30781181 14.72148247 15.31202841
 15.49067909 15.95494896 16.96981802 18.1011984  19.43608522 20.5876609
 22.15068797 24.27474478 25.50798935 26.03950289 27.09631602 27.56102974
 30.61873058 32.79893475 35.11096316 41.57767421 47.3229028  53.58499778
 55.48113626 60.37527741 62.40457168 62.70816689 64.65468265 64.73213493
 66.43652907 66.63426542 67.25077674 66.85596982 65.90989791 64.8533067
 64.21660009 64.46138482 63.79072348 63.52308034 63.01509099 61.3650688
 60.2976032  57.1349312  53.25366178 48.60164225 40.89924545 35.78806036
 31.33821571 30.1045273  27.78362184 25.68109188 24.32423435 21.57012872
 20.92632046 19.72569907 19.17953839 18.60719041 18.39702619 18.24323125
 18.2234798  17.97314692 18.05215269 17.70128717 17.66489126 17.59320905
 17.37483356 17.22414558 17.21770972 17.04416334 17.07256991 17.02197071
 16.87261429 16.99778074 16.83577452 16.81802042 16.76564581 16.78029294
 16.62072792 16.74656014 16.72836218 16.75610297 16.78650688 16.81047492
 16.67154905 16.83954727 16.77097204 16.53484243 16.76675544 16.89369729
 16.98224589 16.88371061 16.96915224 16.64713715 16.83954727 16.89924545
 17.15867732 17.16466933 17.33932534 17.35397248 17.98468708 18.48601864]","[ 2.24766977  2.27851753  2.34265424  2.40368398  2.50155348  2.61451398
  2.67221482  2.76853085  3.11828673  3.4798047   3.94318686  4.57767421
  5.03750555  6.00288504  6.50909898  6.55304039  7.02685308  7.37039503
  8.64136707  9.74212162 11.14425211 15.59498447 20.3111407  25.86440302
 27.69418553 32.6855304  34.57367954 35.12605415 37.6602308  37.74189969
 40.24500666 42.14491789 44.88659565 45.88659565 46.63249001 46.74123391
 46.46382601 46.23080337 45.66644474 45.84309809 44.9840213  43.84509543
 42.54771416 40.30204172 37.85130937 35.56369285 30.82845095 27.19507324
 22.78695073 21.38237905 18.34332002 14.60830004 12.44163338  8.66000888
  7.49312028  6.5834443   5.79693742  5.3027075   4.90412783  4.91034177
  4.72725255  4.65379494  4.55925433  4.45006658  4.32778518  4.27363515
  4.12161562  4.11429206  3.98779405  4.04150022  4.03550821  4.0370617
  4.01908566  3.97070573  3.92210386  3.978917    3.91367066  3.86972925
  3.90767865  3.82623169  3.81402574  3.84642699  3.80825566  3.85596982
  3.89147803  3.84775854  3.93164669  4.0159787   4.16311585  4.29516201
  4.2731913   4.27363515  4.30226365  4.3364403   4.29205504  4.38992455
  4.66844208  4.83688415  5.08455393  5.09565024  4.88237905  4.7689747 ]","[ 5.30359521  5.26786507  5.626498    6.08721704  6.81047492  7.95206391
  8.65978695 10.35685752 15.85796715 22.52263648 34.9207723  44.93120284
 48.21992898 42.22303595 36.66555704 35.30537062 32.2689747  31.52285841
 28.28118065 27.32490013 26.6813138  25.62006214 24.45383933 22.4207723
 21.33843764 18.80670217 17.44429649 17.28229028 15.83399911 15.64846871
 14.13160231 13.14114514 11.88171327 11.1087439  10.81646693 10.54394141
 10.45383933 10.49378606 10.4713715  10.42032845 10.42987128 10.67221482
 10.71970706 11.38149134 12.09232135 12.97403462 14.83422104 16.4409676
 18.04616067 18.77052818 19.66822015 20.9039059  21.32556591 21.68264536
 21.45383933 20.69462938 19.68086995 18.26586773 16.14513981 16.15690191
 15.54882379 15.01353751 14.51753218 13.6939636  13.23257878 12.60918775
 11.96804261 11.24766977 10.47447847 10.10075455 10.00133156 10.11584554
  9.95162006  9.7942743   9.41677763  9.17998225  8.76675544  8.5370617
  8.10830004  7.98224589  7.59254328  7.47780737  7.4418553   7.33754993
  7.28650688  7.08610741  6.8659565   6.80648025  6.58055925  6.42765202
  6.24522858  6.18197958  6.02041722  5.99600533  5.96426986  5.90656902
  5.79249889  5.71526853  5.61495783  5.5370617   5.50266312  5.47225921]","[0.58477585 0.58588549 0.62694186 0.73657346 0.90324012 1.12472259
 1.24656014 1.56635597 2.46582335 3.42210386 4.96959609 6.19440746
 6.76853085 6.63870395 6.30581447 6.1846427  5.9873502  5.91788726
 5.60430537 5.48912561 5.31979583 5.06302708 4.74234354 4.2723036
 4.08300044 3.63936973 3.39835775 3.34642699 3.15490457 3.11739902
 2.84953395 2.63648469 2.37394585 2.23457612 2.1602308  2.08988016
 2.11895251 2.07656458 2.07035064 2.05281846 2.02063915 1.99511762
 2.00976476 2.11584554 2.17842876 2.29360852 2.60230803 2.77585442
 2.89103418 2.894585   3.01020861 3.03595206 3.04727031 2.92454505
 2.80648025 2.71682202 2.52396804 2.39946738 2.11651132 2.10497115
 2.04438526 1.98624057 1.93586329 1.85042166 1.77407901 1.69041278
 1.60807812 1.53106968 1.36529072 1.30892144 1.28317798 1.31824234
 1.33288948 1.28339991 1.23257878 1.16267199 1.1298269  1.08189081
 1.01065246 1.00355082 0.96360408 0.95894363 0.95539281 0.95650244
 0.93164669 0.91389259 0.89081225 0.87838438 0.86107412 0.81668886
 0.80470484 0.78894807 0.79094541 0.76919663 0.74988904 0.74522858
 0.75410564 0.74522858 0.72703063 0.70017754 0.69951176 0.71127386]",9
8,0.15,"0.0,0.15,0.3,0.44999999999999996,0.6,0.75,0.8999999999999999,1.05,1.2,1.3499999999999999,1.5,1.65,1.7999999999999998,1.95,2.1,2.25,2.4,2.55,2.6999999999999997,2.85,3.0,3.15,3.3,3.4499999999999997,3.5999999999999996,3.75,3.9,4.05,4.2,4.35,4.5,4.6499999999999995,4.8,4.95,5.1,5.25,5.3999999999999995,5.55,5.7,5.85,6.0,6.1499999999999995,6.3,6.45,6.6,6.75,6.8999999999999995,7.05,7.199999999999999,7.35,7.5,7.6499999999999995,7.8,7.949999999999999,8.1,8.25,8.4,8.549999999999999,8.7,8.85,9.0,9.15,9.299999999999999,9.45,9.6,9.75,9.9,10.049999999999999,10.2,10.35,10.5,10.65,10.799999999999999,10.95,11.1,11.25,11.4,11.549999999999999,11.7,11.85,12.0,12.15,12.299999999999999,12.45,12.6,12.75,12.9,13.049999999999999,13.2,13.35,13.5,13.65,13.799999999999999,13.95,14.1,14.25,14.399999999999999,14.549999999999999,14.7,14.85,15.0,15.149999999999999",2007R_GLUT1_647_WGA_594_0002.nd2,2007,M,R,5.5,Homo,Experimental,0,False,4.122935779816514,False,"[13.15453619 13.26809378 13.30846075 13.49133537 13.84872579 13.9606524
 14.03873598 14.4795107  15.29459735 15.71009174 16.54087666 17.36106014
 17.97879715 18.56962283 18.79592253 18.98267074 19.30866463 19.40509684
 19.95963303 20.1567788  20.39775739 21.61508665 22.7559633  24.40652396
 25.61753313 28.5127421  30.21182467 30.67584098 33.00509684 33.70214067
 37.55107034 41.22793068 48.49520897 53.80958206 59.82324159 63.91722732
 66.41427115 66.29317023 67.88909276 68.08990826 69.20672783 69.59388379
 69.12558614 66.29215087 61.88705403 56.47400612 48.36024465 43.07380224
 38.84118247 37.11865443 34.20122324 30.99898063 28.88399592 24.70356779
 23.15005097 21.63567788 20.5304791  19.53312946 18.79001019 18.73414883
 18.30846075 17.84831804 17.86075433 17.59714577 17.49480122 17.23363914
 17.1675841  16.85586137 16.6224261  16.63608563 16.61997961 16.72680938
 16.6185525  16.78369011 16.44118247 16.34719674 16.33190622 16.61243629
 16.20897044 16.35168196 16.14576962 16.01957187 16.17247706 16.11702345
 16.09847095 16.05912334 16.03649337 16.06687054 16.0293578  16.18511723
 15.99102956 15.81284404 15.71885831 15.77512742 15.8362895  15.77879715
 15.92497452 15.87889908 15.65504587 15.77104995 15.75535168 15.63384302]","[ 2.02813456  2.01610601  2.10825688  2.11559633  2.21569827  2.28705403
  2.30662589  2.3853211   2.6185525   2.93720693  3.40978593  4.10825688
  4.7667686   6.10234455  7.04872579  7.4648318   8.23547401  8.50295617
 10.12212029 11.04770642 11.86197757 13.78307849 15.57206932 18.32293578
 18.9235474  19.98205912 19.5814475  19.817737   18.34678899 18.21936799
 15.7351682  13.77818552 10.46788991  8.58552497  6.90295617  5.81447503
  5.19816514  5.23078491  4.8911315   4.82670744  4.4833843   4.12293578
  3.93496432  3.64587156  3.51641182  3.52966361  3.51457696  3.63221203
  3.60754332  3.64138634  3.59633028  3.73883792  3.77940877  3.82752294
  3.83853211  3.78470948  3.7814475   3.78715596  3.69765545  3.76187564
  3.72517839  3.6803262   3.70071356  3.63812436  3.66850153  3.69480122
  3.52986748  3.62752294  3.60897044  3.65178389  3.63506626  3.57268094
  3.59959225  3.57023445  3.61569827  3.56819572  3.53414883  3.53170234
  3.56880734  3.62752294  3.62752294  3.62426096  3.63771662  3.64872579
  3.66340469  3.59755352  3.68134557  3.75779817  3.78654434  3.9814475
  3.9891947   4.17023445  4.25688073  4.47543323  4.41732926  4.58328236
  5.06095821  5.1243629   5.42283384  5.61039755  5.59755352  5.46890928]","[ 5.42344546  5.37696228  5.73965341  6.20061162  6.87665647  7.95412844
  8.60978593 10.22222222 15.23486239 21.2293578  32.90662589 43.68623853
 48.93863405 46.52823649 42.84036697 41.81488277 39.64342508 39.05300714
 36.16982671 34.93618756 33.49785933 30.40142712 28.37023445 26.45158002
 25.92558614 24.55779817 24.03160041 24.01896024 23.24750255 23.1158002
 22.0872579  20.91722732 18.29622834 16.07930683 14.00876656 12.45198777
 11.80040775 11.82262997 11.22120285 11.16350663 10.81121305 10.49215087
 10.5058104  10.55840979 11.12884811 12.08379205 14.00224261 15.40142712
 16.79123344 17.23404689 17.91824669 19.04566769 19.50764526 20.37777778
 20.25117227 19.50132518 18.5706422  17.37227319 15.55657492 15.57818552
 14.99510703 14.38980632 13.93007136 12.9706422  12.57166157 11.9606524
 11.3961264  10.82222222 10.17696228  9.81304791  9.72945973  9.85565749
  9.77370031  9.54046891  9.1775739   8.99633028  8.52334353  8.20937819
  7.89928644  7.73088685  7.41100917  7.26788991  7.28012232  7.18776758
  7.10438328  6.98022426  6.81732926  6.68073394  6.56024465  6.38389399
  6.23893986  6.18246687  6.05647299  5.94495413  5.97227319  5.87013252
  5.76697248  5.64077472  5.53618756  5.49235474  5.417737    5.36106014]","[0.53496432 0.58430173 0.63873598 0.71763507 0.88379205 1.09724771
 1.15779817 1.48093782 2.2872579  3.17431193 4.67889908 5.8470948
 6.57043833 6.62650357 6.41916412 6.24587156 6.00611621 5.97227319
 5.51335372 5.22059123 4.97206932 4.44097859 4.10621814 3.81630989
 3.72823649 3.61100917 3.53659531 3.54475025 3.5351682  3.50010194
 3.41284404 3.272579   3.05300714 2.86707441 2.59571865 2.37635066
 2.27033639 2.23893986 2.16717635 2.15779817 2.072579   1.97206932
 1.97166157 1.95637105 2.00530071 2.09683996 2.29663609 2.41977574
 2.51987768 2.60733945 2.68358818 2.75005097 2.73720693 2.73598369
 2.68460754 2.58491335 2.43527013 2.29011213 2.03873598 2.04424057
 1.96615698 1.89826707 1.87013252 1.74556575 1.67176351 1.62385321
 1.54576962 1.46523955 1.36656473 1.32905199 1.29867482 1.33720693
 1.30540265 1.30601427 1.26544343 1.20998981 1.13618756 1.08073394
 1.03363914 0.98287462 0.90907238 0.91620795 0.93007136 0.91131498
 0.88358818 0.90132518 0.8648318  0.86585117 0.80020387 0.76697248
 0.76167176 0.7459735  0.75494393 0.73007136 0.71070336 0.70764526
 0.69765545 0.68440367 0.64913354 0.63690112 0.64505607 0.63282365]",10
9,0.15,"0.0,0.15,0.3,0.44999999999999996,0.6,0.75,0.8999999999999999,1.05,1.2,1.3499999999999999,1.5,1.65,1.7999999999999998,1.95,2.1,2.25,2.4,2.55,2.6999999999999997,2.85,3.0,3.15,3.3,3.4499999999999997,3.5999999999999996,3.75,3.9,4.05,4.2,4.35,4.5,4.6499999999999995,4.8,4.95,5.1,5.25,5.3999999999999995,5.55,5.7,5.85,6.0,6.1499999999999995,6.3,6.45,6.6,6.75,6.8999999999999995,7.05,7.199999999999999,7.35,7.5,7.6499999999999995,7.8,7.949999999999999,8.1,8.25,8.4,8.549999999999999,8.7,8.85,9.0,9.15,9.299999999999999,9.45,9.6,9.75,9.9,10.049999999999999,10.2,10.35,10.5,10.65,10.799999999999999,10.95,11.1,11.25,11.4,11.549999999999999,11.7,11.85,12.0,12.15,12.299999999999999,12.45,12.6,12.75,12.9,13.049999999999999,13.2,13.35,13.5,13.65,13.799999999999999,13.95,14.1,14.25,14.399999999999999,14.549999999999999,14.7,14.85,15.0,15.149999999999999",2007R_GLUT1_647_WGA_594_0002.nd2,2007,M,R,5.5,Homo,Experimental,0,False,5.385964912280702,False,"[14.22688076 14.39696699 14.82545346 15.29229854 15.92744573 16.63217365
 16.83467142 17.66993756 19.41510556 21.32589949 23.74992566 26.5352364
 29.86470413 35.48676777 39.313708   41.23520666 44.44246209 44.84686292
 52.86440678 57.2848647  61.70324115 69.4014273  72.78174249 75.41153732
 76.6235504  78.90157597 79.47130538 78.93012191 79.78768956 79.98215879
 80.73357122 81.485281   78.47071067 74.57091882 69.11864407 63.76390128
 60.98394291 60.33244127 57.31132917 56.37912578 53.31787095 48.57805531
 45.46922391 41.16889682 37.61462979 34.20338983 31.13945882 29.70532263
 28.69372584 27.92001189 27.09812667 26.29586679 25.34998513 23.34136188
 22.24412727 20.67082962 19.62236099 18.62057687 18.09307166 18.09723461
 17.7612251  17.64436515 17.33838834 17.42016057 17.29735355 17.14035088
 17.22896224 17.0505501  16.78412132 16.82902171 16.97413024 16.66785608
 16.73713946 16.8911686  16.81534344 16.75527803 16.44186738 16.45673506
 16.52007136 16.41480821 16.23550401 16.23163842 16.57270294 16.36455546
 16.51709783 16.43889384 16.34790366 16.15165031 16.32054713 16.32233125
 16.27713351 16.25512935 16.16354445 16.56943205 15.89741302 16.06333631
 16.17454654 15.88046387 16.22866488 16.00327089 16.06512043 15.98096937]","[1.8412132  1.86351472 1.86500149 1.9078204  1.94885519 1.9494499
 2.01516503 2.03211418 2.16919417 2.34284865 2.66339578 2.93844781
 3.19625335 3.44959857 3.54237288 3.61730598 3.76241451 3.75765685
 4.13172762 4.18584597 4.36455546 4.47606304 4.40499554 4.4808207
 4.43978591 4.4225394  4.48795718 4.4897413  4.53672316 4.50163544
 4.60124888 4.67558727 5.09307166 5.1798989  5.38596491 5.52661314
 5.6068986  5.61552186 5.67469521 5.66993756 5.59649123 5.81474874
 5.6779661  5.55991674 5.45435623 5.5230449  5.57448707 5.47636039
 5.41302409 5.28427    5.23134106 5.24531668 5.26137377 5.01992269
 4.80582813 4.53285757 4.3764496  4.12875409 4.16235504 4.20338983
 4.30657151 4.17484389 4.32738626 4.23996432 4.30389533 4.16176033
 4.29854297 4.19684805 4.33749628 4.46654773 4.42016057 4.33125186
 4.3559322  4.32976509 4.16622064 4.19446922 4.01159679 3.93487957
 3.87154326 3.81474874 3.79006839 3.75081772 3.7362474  3.81207255
 3.69491525 3.71483794 3.79542076 3.77609277 3.93933988 4.00683913
 4.08890871 4.22004163 4.2215284  4.37853107 4.32619685 4.47011597
 4.71810883 4.81772227 5.04965804 5.31549212 5.29675885 5.41778174]","[ 5.4097532   5.63484984  6.04757657  6.61790068  7.60392507  8.78322926
  9.58162355 11.65060957 18.31876301 26.08712459 38.97413024 50.36931311
 54.48647041 50.9122807  47.96937258 47.11448112 45.06571514 44.91287541
 42.07463574 40.70621469 39.25988701 35.74487065 33.09099019 29.80612548
 28.56378234 25.47576569 24.75170978 24.6779661  23.59232828 23.29586679
 22.17097829 21.4641689  21.13559322 21.65090693 22.41302409 22.90930717
 23.02765388 23.14332441 23.00356824 23.13945882 23.07969075 22.74011299
 22.48319952 22.01903063 21.04044008 19.88581624 18.54950937 17.85875706
 17.33244127 17.38418079 17.11477847 16.9794826  16.9033601  16.99078204
 17.16176033 17.343146   17.45881653 17.38239667 16.17276241 16.17335712
 15.55307761 15.12964615 14.56586381 13.60600654 13.23074636 12.7618198
 12.01575974 11.37912578 10.58311032 10.20963426 10.11567053 10.22271781
 10.03687184  9.86024383  9.57716325  9.343146    8.92655367  8.62622658
  8.3847755   8.10020815  7.73803152  7.62146893  7.55664585  7.42551293
  7.47071067  7.21617603  7.01575974  6.98364555  6.81593815  6.62027951
  6.49093072  6.31519477  6.21349985  6.09247696  6.1549212   6.06928338
  5.85875706  5.78471603  5.70056497  5.56794529  5.48706512  5.35414808]","[0.5185846  0.5813262  0.65923283 0.75557538 0.98305085 1.20368718
 1.3181683  1.67588463 2.67915552 3.74189712 5.29021707 6.53999405
 7.06036277 7.09634255 6.90008921 6.86589355 6.71900089 6.79006839
 6.65863812 6.61195361 6.45792447 6.0672019  5.43800178 4.80196253
 4.54177817 3.94915254 3.72197443 3.75527803 3.58073149 3.46149271
 3.27356527 3.1382694  3.12369908 3.17870949 3.34046982 3.45346417
 3.47873922 3.48201011 3.54950937 3.56348498 3.54772525 3.62206363
 3.61135891 3.49182278 3.4014273  3.23015165 3.0044603  2.88076123
 2.7784716  2.77579542 2.78471603 2.69878085 2.71632471 2.6318763
 2.53820993 2.49063336 2.41451085 2.28932501 2.09515314 2.08444841
 1.98870056 1.97175141 1.90514422 1.80374665 1.72524532 1.68688671
 1.58370503 1.46535831 1.40112994 1.33779364 1.35206661 1.37109723
 1.34552483 1.3053821  1.25840024 1.20249777 1.16949153 1.12191496
 1.07255427 1.00862325 1.00029735 0.95985727 0.96729111 0.92358014
 0.94231341 0.90752304 0.91911983 0.887303   0.88254535 0.83972643
 0.81326197 0.80642284 0.78590544 0.77520071 0.76865894 0.76003568
 0.75141243 0.73119239 0.70621469 0.70472792 0.71364853 0.69045495]",11
10,0.15,"0.0,0.15,0.3,0.44999999999999996,0.6,0.75,0.8999999999999999,1.05,1.2,1.3499999999999999,1.5,1.65,1.7999999999999998,1.95,2.1,2.25,2.4,2.55,2.6999999999999997,2.85,3.0,3.15,3.3,3.4499999999999997,3.5999999999999996,3.75,3.9,4.05,4.2,4.35,4.5,4.6499999999999995,4.8,4.95,5.1,5.25,5.3999999999999995,5.55,5.7,5.85,6.0,6.1499999999999995,6.3,6.45,6.6,6.75,6.8999999999999995,7.05,7.199999999999999,7.35,7.5,7.6499999999999995,7.8,7.949999999999999,8.1,8.25,8.4,8.549999999999999,8.7,8.85,9.0,9.15,9.299999999999999,9.45,9.6,9.75,9.9,10.049999999999999,10.2,10.35,10.5,10.65,10.799999999999999,10.95,11.1,11.25,11.4,11.549999999999999,11.7,11.85,12.0,12.15,12.299999999999999,12.45,12.6,12.75,12.9,13.049999999999999,13.2,13.35,13.5,13.65,13.799999999999999,13.95,14.1,14.25,14.399999999999999,14.549999999999999,14.7,14.85,15.0,15.149999999999999",2007R_GLUT1_647_WGA_594_0002.nd2,2007,M,R,5.5,Homo,Experimental,0,False,3.026165167620605,False,"[13.1888798  12.91251022 13.50204415 13.55273917 13.82011447 13.90351594
 14.01880621 14.03352412 14.8152085  15.36385936 16.07195421 16.67784137
 17.23630417 18.26982829 18.4055601  18.5519215  19.03352412 19.35731807
 19.89206868 20.81766149 21.0678659  22.57154538 24.01226492 26.88225675
 27.88879804 31.61406378 33.40228945 34.53638594 37.13082584 37.50367948
 41.44971382 44.50695012 51.23548651 56.0572363  62.07113655 65.51103843
 68.02044154 68.7154538  68.88143908 69.75143091 68.93867539 68.79149632
 69.17334424 66.9002453  63.31316435 61.03924775 55.55600981 52.94439902
 50.87080948 48.93704007 47.03761243 44.11120196 43.26165168 39.23793949
 37.77187244 33.26655765 30.37857727 26.35077678 21.99018806 22.30171709
 21.94112837 20.61733442 20.66966476 19.30417007 18.94358136 18.69092396
 17.94603434 17.65004088 17.22240392 17.18233851 17.12019624 17.09157809
 16.85200327 17.21422731 16.56336877 16.57890433 16.5944399  16.56091578
 16.13082584 16.0784955  16.10057236 16.23058054 16.16026165 16.12919052
 16.1954211  15.87244481 15.75061325 15.70973017 15.62387572 15.43499591
 15.79149632 15.85936222 15.96892886 15.89942764 15.58217498 15.2739166
 15.41864268 15.48078496 15.82992641 15.45461979 15.49795585 15.33278823]","[1.81847915 1.89043336 1.85609158 1.83973835 1.88225675 1.9362224
 1.90269828 1.96156991 2.01880621 2.25592805 2.42354865 2.65739984
 2.98691742 3.32788226 3.47833197 3.37939493 3.45543745 3.54946852
 3.67538839 3.63368765 3.7579722  3.87408013 3.94930499 4.17661488
 4.37448896 4.13409648 4.07277187 4.07931316 3.83237939 3.80130826
 3.78495503 3.56500409 3.33278823 3.15208504 3.25511038 3.09076043
 3.0106296  3.04905969 3.02698283 3.02616517 2.97628782 2.9215045
 2.88716271 2.86672118 2.87653312 2.88470973 2.89860998 2.85609158
 2.95502862 3.11447261 2.97219951 3.08585446 3.14390842 3.14963205
 3.0744072  3.26001635 3.26737531 3.40801308 3.5731807  3.7154538
 3.82992641 3.86590352 3.79476697 4.06132461 4.00572363 3.83973835
 3.69910057 3.78822567 3.71054783 3.75715454 3.74325429 3.70891251
 3.82502044 3.71627146 3.94112837 3.91659853 3.92722813 3.96484056
 3.7939493  3.79313164 3.70891251 3.81030253 3.76778414 3.84627964
 3.77269011 3.78904334 3.93295176 3.95829926 4.28781684 4.40719542
 4.45543745 4.42763696 4.51185609 4.34505315 4.24775143 4.28618152
 4.19378577 4.16843827 4.24529845 4.40310711 4.57236304 4.74897792]","[ 5.06132461  4.99591169  5.21177433  5.56991006  6.03761243  6.89860998
  7.4055601   8.65331153 12.45789043 17.24529845 27.09648406 36.33687653
 40.5625511  36.36058872 30.13246116 28.61896975 25.08830744 23.95993459
 20.1210139  18.46034342 17.4840556  16.40065413 16.33769419 16.71708913
 16.90351594 17.40310711 17.22812756 17.16925593 17.27964023 17.18724448
 16.78495503 16.27555192 15.2060507  14.03761243 13.0637776  11.9787408
 11.56173344 11.59689289 11.13327882 11.40719542 11.0466067  10.56418643
 10.35568275  9.9574816   9.95094031  9.94439902 10.67620605 11.32788226
 11.87571545 12.2060507  12.78250204 13.36222404 13.75878986 14.10793132
 14.53475061 14.3949305  14.93376942 14.88470973 14.16107931 13.92232216
 13.63859362 13.45789043 13.17252657 12.55764513 12.41291905 11.8683565
 11.46361406 10.55273917  9.93785773  9.5372036   9.60098119  9.59035159
  9.46770237  9.18560916  9.05151267  8.76206051  8.32951758  8.04578904
  7.67048242  7.45789043  7.14717907  7.04824203  7.12019624  7.08176615
  7.03434178  6.93458708  6.72690106  6.55028618  6.41782502  6.33605887
  6.17661488  6.08994276  5.95421096  5.91905151  5.85282093  5.77514309
  5.60343418  5.62387572  5.4161897   5.53475061  5.37040065  5.316435  ]","[0.46688471 0.5053148  0.54701554 0.59607522 0.68765331 0.86345053
 0.96892886 1.19296811 1.73180703 2.39329518 3.41946034 4.38920687
 4.71300082 4.6688471  4.34668847 4.26819297 3.87162715 3.9681112
 3.50449714 3.40065413 3.19623876 2.97547016 2.93704007 2.79640229
 2.77677841 2.70318888 2.71218316 2.64431725 2.66067048 2.68029436
 2.63614064 2.52902698 2.30008177 2.26246934 2.02861815 1.90515127
 1.87326247 1.79721995 1.82829109 1.7939493  1.76124285 1.6794767
 1.66067048 1.65576451 1.64513491 1.66721177 1.70155356 1.73589534
 1.80621423 1.8217498  1.88879804 1.9893704  1.95175797 2.03434178
 2.04905969 2.08748978 2.08013083 1.99182339 1.79149632 1.85527392
 1.71381848 1.70318888 1.67457073 1.5372036  1.55928046 1.47424366
 1.40065413 1.34423549 1.2992641  1.2060507  1.20278005 1.20768602
 1.22240392 1.21259199 1.12837285 1.11692559 1.03107114 0.97383483
 0.9255928  0.88307441 0.82992641 0.87162715 0.87816844 0.86999182
 0.87408013 0.84464432 0.85363859 0.86999182 0.77269011 0.72771872
 0.69828291 0.70809485 0.69991823 0.68438267 0.69255928 0.67130008
 0.63532298 0.64431725 0.64268193 0.62387572 0.66312347 0.64677024]",12
11,0.15,"0.0,0.15,0.3,0.44999999999999996,0.6,0.75,0.8999999999999999,1.05,1.2,1.3499999999999999,1.5,1.65,1.7999999999999998,1.95,2.1,2.25,2.4,2.55,2.6999999999999997,2.85,3.0,3.15,3.3,3.4499999999999997,3.5999999999999996,3.75,3.9,4.05,4.2,4.35,4.5,4.6499999999999995,4.8,4.95,5.1,5.25,5.3999999999999995,5.55,5.7,5.85,6.0,6.1499999999999995,6.3,6.45,6.6,6.75,6.8999999999999995,7.05,7.199999999999999,7.35,7.5,7.6499999999999995,7.8,7.949999999999999,8.1,8.25,8.4,8.549999999999999,8.7,8.85,9.0,9.15,9.299999999999999,9.45,9.6,9.75,9.9,10.049999999999999,10.2,10.35,10.5,10.65,10.799999999999999,10.95,11.1,11.25,11.4,11.549999999999999,11.7,11.85,12.0,12.15,12.299999999999999,12.45,12.6,12.75,12.9,13.049999999999999,13.2,13.35,13.5,13.65,13.799999999999999,13.95,14.1,14.25,14.399999999999999,14.549999999999999,14.7,14.85,15.0,15.149999999999999",2007R_GLUT1_647_WGA_594_0002.nd2,2007,M,R,5.5,Homo,Experimental,0,False,4.715485305013583,False,"[12.99135589 13.19264016 13.37466041 13.42850086 13.6747345  14.07755001
 14.15312423 14.67498148 15.79180044 16.44134354 17.82119042 19.01333663
 19.75277846 21.36922697 22.2126451  22.47443813 23.49987651 23.59570264
 25.82761176 27.02445048 28.61422573 32.73598419 35.61965918 38.41985675
 39.65127192 41.5097555  42.60656952 42.95035811 43.77105458 44.05581625
 45.98913312 47.31143492 49.73055075 52.32551247 53.79451716 54.89009632
 54.89577673 54.81427513 54.73993579 54.60187701 54.1815263  52.8612003
 51.69301062 48.26154606 45.53766362 43.5183996  40.83847864 40.2980983
 39.48258829 39.09953075 38.37688318 37.4203507  36.42504322 33.04396147
 30.70535935 27.15979254 23.88416893 21.47122746 19.63966411 19.47073351
 19.14448012 19.04297357 18.69720919 18.14546802 17.71054581 17.78488516
 17.1543591  17.24228204 17.1835021  16.88268708 17.00419857 16.85058039
 16.99382564 16.73771302 16.74438133 16.58903433 16.39762904 16.61867128
 16.56137318 16.33341566 16.22005433 16.24425784 16.31637441 16.24129415
 16.29291183 16.13410719 16.18202025 16.12052359 15.96245987 16.04593727
 15.91627562 15.76957273 15.92442578 15.91232403 16.13484811 15.84514695
 16.07261052 15.89009632 16.05408743 15.73771302 15.68140282 15.80266733]","[1.84539392 1.88120524 1.90466782 1.92615461 1.95505063 1.97678439
 2.         2.04890096 2.18794764 2.33959002 2.56557175 2.86613979
 3.07458632 3.45097555 3.48728081 3.49641887 3.63176093 3.65769326
 3.86243517 3.99184984 4.11015065 4.61546061 4.97727834 5.38972586
 5.49073845 5.68881205 5.71820203 5.82810571 5.8290936  5.93306989
 6.06199061 6.16942455 5.94838232 5.51617683 5.02198074 4.8174858
 4.71474438 4.71548531 4.55915041 4.57545073 4.39985182 4.08891084
 3.78537911 3.38923191 3.36206471 3.26772042 3.23635466 3.32971104
 3.25635959 3.30328476 3.31291677 3.33020499 3.37120277 3.41491726
 3.50555693 3.44974068 3.43837985 3.39664115 3.48579896 3.47517906
 3.4485058  3.39343048 3.45714991 3.44159052 3.36058286 3.31341072
 3.36848605 3.30896518 3.31094097 3.31760929 3.34255372 3.25265498
 3.31316374 3.22845147 3.29365275 3.25981724 3.28525562 3.20795258
 3.28426772 3.28426772 3.35020993 3.32674735 3.28871326 3.32304273
 3.22128921 3.3232897  3.21387997 3.2650037  3.33835515 3.38626821
 3.38453939 3.38849099 3.4252902  3.48456409 3.42207953 3.46925167
 3.54112126 3.57347493 3.54062732 3.6058286  3.57051124 3.44628303]","[ 4.86539886  4.9738207   5.21783156  5.62879723  6.30797728  7.26623858
  7.79649296  9.34625834 13.86465794 19.1573228  28.2980983  34.5611262
 35.01605335 28.59817239 24.53099531 23.41368239 21.03507039 20.36972092
 17.87354902 17.22104223 16.65596444 15.99506051 15.64806125 15.01111386
 14.78142751 14.17485799 13.92294394 13.92170906 13.56655964 13.5077797
 13.16226229 12.72709311 12.07162262 11.52432699 10.90442084 10.54062732
 10.24252902 10.32674735 10.00222277 10.03704618  9.77698197  9.43269943
  9.23018029  8.90713756  8.79995061  8.75673006  8.83773771  8.86860953
  9.13361324  9.28031613  9.48629291  9.92763645 10.31390467 11.56063225
 12.38404544 13.53074833 14.3544085  15.11607804 15.11434922 15.20326006
 15.13608298 14.77451223 14.63102    14.01926402 13.57940232 13.09953075
 12.34527044 11.74956779 11.04000988 10.75351939 10.60311188 10.71523833
 10.61274389 10.3232897  10.02864905  9.7893307   9.3971351   9.11904174
  8.80760682  8.56334898  8.20251914  7.98691035  7.9718449   7.86688071
  7.86811558  7.64633243  7.36947394  7.24475179  6.97604347  6.80118548
  6.63027908  6.44084959  6.34922203  6.22598172  6.26154606  6.14744381
  5.96616449  5.8883675   5.74932082  5.6786861   5.54038034  5.45418622]","[0.4932082  0.52630279 0.58681156 0.67843912 0.85181526 1.04519634
 1.14818474 1.48357619 2.28006915 3.1573228  4.36354655 5.25710052
 5.53198321 5.21462089 4.99827118 4.85255619 4.61027414 4.56927636
 4.26821437 4.20153124 4.08866387 3.93578661 3.72116572 3.45665596
 3.41343542 3.1281798  3.09310941 3.09113361 2.97974809 2.96369474
 2.80661892 2.76537417 2.64386268 2.52654977 2.4243023  2.32477155
 2.27364781 2.26450976 2.21141022 2.21684367 2.18300815 2.14398617
 2.10940973 2.09286244 2.01383058 1.98789825 1.99259076 1.97826624
 1.96147197 2.00716226 2.01901704 2.09829588 2.14694986 2.17362312
 2.2252408  2.25858237 2.26648555 2.2689553  2.20721166 2.1805384
 2.14102247 2.1397876  2.08199555 1.941714   1.94690047 1.84983947
 1.77698197 1.71869597 1.59298592 1.53815757 1.54803655 1.56260805
 1.54013337 1.52580884 1.47023957 1.43220548 1.38700914 1.32477155
 1.26302791 1.22079526 1.15460608 1.12027661 1.14769079 1.10990368
 1.09261546 1.08273648 1.02247469 0.97999506 0.932082   0.90639664
 0.85403803 0.83403309 0.82884663 0.81279328 0.78562608 0.78068659
 0.75154359 0.73277352 0.69177575 0.6747345  0.67843912 0.65645838]",14
12,0.15,"0.0,0.15,0.3,0.44999999999999996,0.6,0.75,0.8999999999999999,1.05,1.2,1.3499999999999999,1.5,1.65,1.7999999999999998,1.95,2.1,2.25,2.4,2.55,2.6999999999999997,2.85,3.0,3.15,3.3,3.4499999999999997,3.5999999999999996,3.75,3.9,4.05,4.2,4.35,4.5,4.6499999999999995,4.8,4.95,5.1,5.25,5.3999999999999995,5.55,5.7,5.85,6.0,6.1499999999999995,6.3,6.45,6.6,6.75,6.8999999999999995,7.05,7.199999999999999,7.35,7.5,7.6499999999999995,7.8,7.949999999999999,8.1,8.25,8.4,8.549999999999999,8.7,8.85,9.0,9.15,9.299999999999999,9.45,9.6,9.75,9.9,10.049999999999999,10.2,10.35,10.5,10.65,10.799999999999999,10.95,11.1,11.25,11.4,11.549999999999999,11.7,11.85,12.0,12.15,12.299999999999999,12.45,12.6,12.75,12.9,13.049999999999999,13.2,13.35,13.5,13.65,13.799999999999999,13.95,14.1,14.25,14.399999999999999,14.549999999999999,14.7,14.85,15.0,15.149999999999999",2007R_GLUT1_647_WGA_594_0002.nd2,2007,M,R,5.5,Homo,Experimental,0,False,4.005497251374313,False,"[13.58795602 13.71064468 14.02223888 14.16566717 14.78785607 15.2133933
 15.38355822 16.22488756 17.66766617 19.06971514 21.29235382 23.40754623
 25.74237881 29.79285357 32.03548226 33.11144428 35.48350825 35.17116442
 39.23413293 40.80634683 42.72113943 46.65592204 50.15792104 53.20364818
 54.57346327 58.37956022 59.67141429 59.65492254 61.84732634 62.61994003
 64.8858071  66.9167916  69.43653173 70.44102949 70.81784108 70.16741629
 70.66091954 69.9027986  69.89805097 68.99275362 68.3075962  65.31184408
 62.76261869 54.92403798 47.44902549 40.99050475 32.07321339 27.94702649
 25.30984508 24.95852074 23.50624688 21.95827086 21.20789605 19.81609195
 19.07521239 18.54397801 17.97901049 17.85932034 17.2023988  17.24637681
 16.93153423 16.99850075 16.90754623 16.72088956 16.68215892 16.63268366
 16.61444278 16.46101949 16.4127936  16.37131434 16.3085957  16.14267866
 16.45102449 16.22538731 16.23138431 16.04222889 16.07796102 16.07671164
 16.03848076 16.00574713 16.07871064 15.96376812 15.98250875 15.94377811
 15.79510245 15.67916042 15.79535232 15.83633183 15.7946027  15.80784608
 15.73913043 15.68615692 15.68590705 15.74737631 15.83983008 15.63918041
 15.75762119 15.67391304 15.77986007 15.53373313 15.63168416 15.45002499]","[1.84582709 1.9087956  1.90254873 1.92628686 1.94652674 1.98450775
 2.01324338 2.03673163 2.16591704 2.33483258 2.5922039  2.88505747
 3.0952024  3.25512244 3.40154923 3.43403298 3.45427286 3.47101449
 3.55222389 3.71914043 3.79935032 4.0982009  4.29110445 4.63743128
 4.73463268 4.59745127 4.7003998  4.70789605 4.62143928 4.58695652
 4.38405797 4.34457771 4.18090955 4.16166917 4.14217891 3.99850075
 4.00549725 3.95402299 3.97651174 3.95377311 3.87031484 3.98725637
 4.14292854 4.33833083 4.66391804 4.79310345 4.8135932  4.67666167
 4.53623188 4.45077461 4.26461769 4.09595202 4.04272864 3.75037481
 3.60569715 3.52448776 3.42878561 3.47776112 3.5029985  3.42578711
 3.45777111 3.44427786 3.39605197 3.38055972 3.43153423 3.38155922
 3.45527236 3.44902549 3.48975512 3.45327336 3.43228386 3.41929035
 3.39830085 3.4137931  3.4157921  3.43928036 3.28735632 3.42553723
 3.47726137 3.50024988 3.65767116 3.64217891 3.64442779 3.77861069
 3.66166917 3.75912044 3.91904048 4.01149425 4.19490255 4.2083958
 4.24337831 4.19490255 4.2976012  4.37756122 4.3045977  4.49375312
 4.88330835 5.07396302 5.43628186 5.52323838 5.1894053  5.009995  ]","[ 5.43578211  5.64792604  6.05447276  6.68515742  7.7163918   9.03323338
  9.71689155 11.85532234 17.52023988 23.41429285 33.11044478 41.48275862
 45.65942029 45.17791104 43.91554223 43.23913043 41.79785107 41.49850075
 38.81109445 37.44652674 35.85207396 32.91654173 30.67941029 28.52648676
 27.62618691 25.47026487 24.77836082 24.7866067  23.64742629 23.2123938
 21.95127436 21.17041479 19.67391304 18.92678661 18.64417791 18.76036982
 18.97376312 19.07171414 19.27636182 19.33383308 19.55322339 20.02673663
 20.22038981 20.71764118 20.98950525 20.93928036 20.25087456 19.5009995
 18.68490755 18.54597701 17.66991504 17.17766117 16.82533733 16.67141429
 16.65392304 16.77436282 16.5109945  16.29810095 15.38205897 15.44002999
 15.03673163 14.66491754 14.3025987  13.44402799 12.996002   12.54422789
 11.68590705 11.14267866 10.41029485 10.21689155 10.09795102 10.22438781
 10.05647176  9.8968016   9.60594703  9.4057971   9.05372314  8.77361319
  8.34832584  8.20689655  7.84332834  7.71564218  7.65342329  7.56921539
  7.54372814  7.35382309  7.13618191  7.04622689  6.84107946  6.64367816
  6.4077961   6.32483758  6.20164918  6.11669165  6.10894553  6.01349325
  5.82283858  5.78410795  5.63743128  5.62818591  5.5029985   5.43203398]","[0.57446277 0.63118441 0.71614193 0.84232884 1.04597701 1.2976012
 1.41529235 1.84582709 2.77186407 3.67641179 5.04797601 6.23838081
 6.82633683 7.02273863 6.77886057 6.70964518 6.43103448 6.47876062
 5.84832584 5.63843078 5.28435782 4.66791604 4.26336832 3.88855572
 3.8195902  3.47451274 3.33483258 3.41029485 3.24512744 3.20114943
 3.05997001 2.93453273 2.84082959 2.82508746 2.8175912  2.87581209
 2.84207896 2.90329835 2.92653673 2.94702649 2.94677661 2.96351824
 2.97676162 3.04697651 3.02073963 3.01474263 2.93603198 2.82833583
 2.66566717 2.67066467 2.59545227 2.50124938 2.45452274 2.43078461
 2.36081959 2.32408796 2.23613193 2.23513243 2.0802099  2.06796602
 2.00224888 1.99250375 1.9157921  1.8125937  1.77236382 1.69715142
 1.58645677 1.5169915  1.40629685 1.3988006  1.4017991  1.39005497
 1.41054473 1.36556722 1.34582709 1.29485257 1.23513243 1.19365317
 1.15967016 1.12893553 1.07646177 1.02423788 1.00724638 1.04322839
 1.01624188 1.02123938 0.95377311 0.91504248 0.92203898 0.86556722
 0.81109445 0.81034483 0.77611194 0.75062469 0.75437281 0.75937031
 0.72688656 0.6834083  0.63618191 0.65067466 0.65842079 0.62518741]",15
13,0.15,"0.0,0.15,0.3,0.44999999999999996,0.6,0.75,0.8999999999999999,1.05,1.2,1.3499999999999999,1.5,1.65,1.7999999999999998,1.95,2.1,2.25,2.4,2.55,2.6999999999999997,2.85,3.0,3.15,3.3,3.4499999999999997,3.5999999999999996,3.75,3.9,4.05,4.2,4.35,4.5,4.6499999999999995,4.8,4.95,5.1,5.25,5.3999999999999995,5.55,5.7,5.85,6.0,6.1499999999999995,6.3,6.45,6.6,6.75,6.8999999999999995,7.05,7.199999999999999,7.35,7.5,7.6499999999999995,7.8,7.949999999999999,8.1,8.25,8.4,8.549999999999999,8.7,8.85,9.0,9.15,9.299999999999999,9.45,9.6,9.75,9.9,10.049999999999999,10.2,10.35,10.5,10.65,10.799999999999999,10.95,11.1,11.25,11.4,11.549999999999999,11.7,11.85,12.0,12.15,12.299999999999999,12.45,12.6,12.75,12.9,13.049999999999999,13.2,13.35,13.5,13.65,13.799999999999999,13.95,14.1,14.25,14.399999999999999,14.549999999999999,14.7,14.85,15.0,15.149999999999999",2007R_GLUT1_647_WGA_594_0002.nd2,2007,M,R,5.5,Homo,Experimental,0,False,3.3873363990095506,False,"[13.51768659 13.65033605 13.84701097 14.04633888 14.49982313 14.97293951
 15.28687655 15.92483198 17.24602052 18.51538734 20.34524231 22.22249735
 24.40272374 26.7492041  27.80491687 28.47152458 28.97134772 28.86699682
 29.92288645 30.07905907 30.28528475 31.06809339 31.29518925 31.74761231
 31.89759462 32.38256102 32.87212593 33.02776795 33.62186063 33.72656526
 34.96975593 36.09851433 39.10983375 41.63954722 45.13972409 47.55323665
 48.86363636 49.27732579 50.24266006 50.4994694  52.05164485 54.34329678
 55.00300672 56.17615847 55.84877963 54.62221436 50.91103643 47.54810753
 43.68164132 42.56526353 39.18217191 35.06632473 33.01344181 27.26653696
 24.76052352 22.50353732 20.70852494 19.66483905 18.5649098  18.69738238
 18.31995048 18.33816767 18.04633888 17.49717015 17.41139017 17.25840113
 16.93226035 16.72161302 16.46250442 16.5311284  16.56473293 16.32454899
 16.44711709 16.5        16.47753803 16.30916166 16.32083481 16.16165547
 16.05907322 15.96798727 15.91881854 16.0493456  15.90077821 15.91528122
 16.0877255  15.91616555 15.93385214 16.02546869 15.76989742 15.7752034
 15.60505837 15.64096215 15.61177927 15.4849664  15.7087018  15.66324726
 15.66766891 15.5649098  15.52635302 15.76193845 15.49151044 15.63636364]","[ 1.89900955  1.95136187  2.00424478  2.02741422  2.07074637  2.10258224
  2.14166961  2.17562787  2.39547223  2.5654404   2.90113194  3.23222497
  3.70940927  4.27838698  4.58418819  4.80810046  5.21223912  5.30297135
  6.54315529  7.4439335   8.50159179 10.66112487 12.04669261 13.23593916
 13.63335692 13.96904846 14.04067917 13.90962151 14.05111426 14.12292183
 13.77095861 13.19667492 10.98001415  9.17085249  7.12309869  5.73187124
  5.27078175  5.13901663  4.77856385  4.69596746  4.21135479  3.86894234
  3.60240538  3.3873364   3.24106827  3.1853555   3.13123452  3.20038911
  3.17049876  3.16466219  3.19101521  3.29182879  3.34594977  3.4833746
  3.57339936  3.59780686  3.61708525  3.57746728  3.58949416  3.58029713
  3.5555359   3.53484259  3.51998585  3.58348072  3.54120976  3.5576583
  3.563318    3.58312699  3.65794128  3.67828086  3.6687301   3.68659356
  3.73611602  3.72674213  3.72037496  3.69331447  3.71489211  3.67279802
  3.62415989  3.71648391  3.69720552  3.71294659  3.62469048  3.73169438
  3.69331447  3.69808985  3.79412805  3.83940573  3.93685886  4.24389813
  4.57958967  4.91528122  5.21312345  5.38450654  5.43915812  5.55022993
  5.76016979  5.86381323  6.17403608  6.38362221  6.77396533  7.04793067]","[ 4.98461266  5.22037496  5.52193138  5.96816413  6.69720552  7.64166961
  8.2985497   9.88432968 14.982844   21.50848956 33.13919349 43.61496286
 46.86062964 39.93880439 34.72621153 32.6381323  29.16483905 28.64503007
 25.08949416 24.09639193 23.28386983 22.17067563 21.53466572 20.73151751
 20.61337106 20.25822427 20.18234878 20.15953307 19.94145738 19.88185356
 19.87920057 19.49097984 18.84524231 17.94163424 16.55288291 15.03555005
 14.29518925 14.03095154 13.23346304 13.2087018  12.24619738 11.2819243
 10.72550407 10.28068624 10.15847188 10.42748497 11.38839759 12.21595331
 13.38486028 13.67244429 14.82950124 16.24336753 16.92660064 18.83286169
 19.41651928 19.16908383 18.4439335  17.42996109 15.74230633 15.64768306
 15.09904492 14.66731518 14.27378847 13.3068624  12.95030067 12.37212593
 11.66165547 11.06455607 10.36752741 10.05942695  9.93845065  9.99593208
  9.92164839  9.70781747  9.4122745   9.0737531   8.62274496  8.41510435
  8.05871949  7.82790944  7.52193138  7.42182526  7.42447825  7.32631765
  7.22408914  7.11690838  6.98478953  6.87601698  6.7102936   6.53484259
  6.42660064  6.25875486  6.11726212  6.02405377  6.08241953  5.96639547
  5.78952954  5.7180757   5.63565617  5.5737531   5.47842236  5.40325433]","[0.47081712 0.51238062 0.58737177 0.69579059 0.85638486 1.03236647
 1.12362929 1.42872303 2.2741422  3.19172267 4.52069331 5.63035019
 6.0410329  5.58348072 5.17545101 5.02989034 4.70764061 4.62062257
 4.29235939 4.14379201 3.97187832 3.86080651 3.76848249 3.64255394
 3.59037849 3.55588964 3.51945525 3.54580828 3.56844712 3.53006721
 3.531659   3.55394411 3.47134772 3.35886098 3.08524938 2.82454899
 2.69243014 2.66784577 2.5732225  2.54403962 2.35373187 2.15192784
 2.0472232  1.91404316 1.84152812 1.81977361 1.9444641  2.00212239
 2.11761585 2.16908383 2.26865936 2.39671029 2.4444641  2.58701804
 2.50141493 2.47099399 2.37495578 2.24867351 2.06597099 2.03095154
 2.00017687 1.9262469  1.85054828 1.76989742 1.75061903 1.6443226
 1.54386275 1.46321189 1.34135126 1.32596392 1.30562434 1.31641316
 1.2912982  1.27272727 1.24372126 1.178104   1.14149275 1.09197029
 1.02989034 1.00371418 0.96268129 0.95401486 0.95507605 0.91475062
 0.94074991 0.90113194 0.90237    0.86911921 0.83091617 0.79253626
 0.7663601  0.76211532 0.73116378 0.72762646 0.7336399  0.70781747
 0.69083834 0.6687301  0.63919349 0.6370711  0.6215069  0.62433675]",16
14,0.15,"0.0,0.15,0.3,0.44999999999999996,0.6,0.75,0.8999999999999999,1.05,1.2,1.3499999999999999,1.5,1.65,1.7999999999999998,1.95,2.1,2.25,2.4,2.55,2.6999999999999997,2.85,3.0,3.15,3.3,3.4499999999999997,3.5999999999999996,3.75,3.9,4.05,4.2,4.35,4.5,4.6499999999999995,4.8,4.95,5.1,5.25,5.3999999999999995,5.55,5.7,5.85,6.0,6.1499999999999995,6.3,6.45,6.6,6.75,6.8999999999999995,7.05,7.199999999999999,7.35,7.5,7.6499999999999995,7.8,7.949999999999999,8.1,8.25,8.4,8.549999999999999,8.7,8.85,9.0,9.15,9.299999999999999,9.45,9.6,9.75,9.9,10.049999999999999,10.2,10.35,10.5,10.65,10.799999999999999,10.95,11.1,11.25,11.4,11.549999999999999,11.7,11.85,12.0,12.15,12.299999999999999,12.45,12.6,12.75,12.9,13.049999999999999,13.2,13.35,13.5,13.65,13.799999999999999,13.95,14.1,14.25,14.399999999999999,14.549999999999999,14.7,14.85,15.0,15.149999999999999",2007R_GLUT1_647_WGA_594_0002.nd2,2007,M,R,5.5,Homo,Experimental,0,False,4.172609060402684,False,"[13.20658557 13.24916107 13.17177013 13.52055369 13.72336409 13.99077181
 14.24916107 14.49475671 15.27139262 15.99244966 16.80578859 17.48951342
 18.27013423 18.93267617 19.22189597 19.38255034 19.4846896  19.47336409
 20.25083893 20.54635067 20.87772651 22.11535235 23.45721477 25.28125
 25.92135067 28.86807886 30.03439597 29.8477349  32.34878356 32.7340604
 35.6841443  37.57822987 43.14471477 47.07613255 51.90750839 56.57319631
 58.76845638 59.36325503 61.30620805 61.31082215 63.90436242 65.65163591
 66.71098993 67.55285235 67.04152685 64.65436242 60.30767617 56.47902685
 53.05620805 52.05935403 49.15541107 45.83745805 44.02432886 38.12332215
 34.53712248 30.22021812 26.3045302  23.67470638 20.9800755  21.08053691
 20.45050336 19.91212248 19.67281879 18.84123322 18.86975671 18.5857802
 17.97126678 17.88905201 17.57613255 17.3125     17.38380872 17.19693792
 17.34605705 17.3630453  17.03565436 16.9567953  16.98762584 16.78062081
 16.50125839 16.6096896  16.50880872 16.27265101 16.5352349  16.36031879
 16.42764262 16.38800336 16.2925755  16.18917785 16.38884228 16.18435403
 16.35255872 16.04572148 16.14219799 16.0658557  15.9807047  16.04404362
 16.05075503 15.9534396  15.95553691 16.02957215 15.78733221 16.06312919]","[1.89450503 1.91946309 1.92596477 1.96916946 1.98573826 2.01048658
 2.0545302  2.07109899 2.2732802  2.44358221 2.76258389 3.11115772
 3.3278104  3.67994966 3.67470638 3.6761745  3.81082215 3.81774329
 3.86786913 3.94798658 3.98531879 4.3397651  4.66484899 5.2573406
 5.61619128 6.21560403 6.35025168 6.41107383 6.75104866 6.79697987
 6.87751678 7.02286074 7.23217282 7.01740772 6.86157718 6.58997483
 6.35822148 6.34815436 6.16505872 6.0119547  5.79530201 5.43729027
 4.96057047 4.46392617 4.17260906 3.82948826 3.69064597 3.65541107
 3.5864094  3.63045302 3.56145134 3.46875    3.50419463 3.49223993
 3.52747483 3.58892617 3.66526846 3.64974832 3.68435403 3.72797819
 3.70197148 3.64597315 3.71413591 3.6323406  3.66547819 3.63108221
 3.64282718 3.69400168 3.74035235 3.78062081 3.75377517 3.67932047
 3.68791946 3.67973993 3.6602349  3.70176174 3.66149329 3.66736577
 3.67177013 3.67848154 3.65625    3.67449664 3.66086409 3.65771812
 3.64513423 3.62982383 3.65792785 3.68036913 3.77579698 3.8403943
 3.89974832 3.96854027 4.12080537 4.16547819 4.17428691 4.30599832
 4.46644295 4.70050336 4.9261745  5.11996644 5.25671141 5.34207215]","[ 5.1994547   5.44169463  5.77139262  6.2340604   7.06690436  8.13842282
  8.78670302 10.64618289 16.40897651 23.19211409 35.20595638 45.71916946
 49.18225671 43.34626678 38.86640101 37.29551174 34.17890101 33.86451342
 30.39576342 29.28586409 28.58074664 28.11157718 28.35654362 28.75041946
 28.72630034 28.42344799 28.06291946 28.0698406  27.13737416 26.96644295
 25.67827181 24.10423658 21.34731544 19.51279362 18.11325503 17.18309564
 16.73175336 16.72986577 16.16317114 16.11849832 15.52307047 14.79802852
 14.06753356 12.84542785 11.59605705 10.86640101 10.75377517 11.04635067
 11.54697987 11.70134228 12.21057047 12.84920302 13.26824664 14.6442953
 15.38905201 16.14366611 16.75041946 16.69001678 15.84437919 15.81816275
 15.4721057  15.02642617 14.62374161 13.74937081 13.35444631 12.82802013
 12.0192953  11.31564597 10.43917785 10.05830537  9.8670302  10.03901007
  9.92281879  9.625       9.29928691  9.06396812  8.56333893  8.24769295
  7.92135067  7.66128356  7.37562919  7.16002517  7.19463087  7.12667785
  7.04152685  6.88506711  6.72483221  6.68246644  6.53041107  6.37604866
  6.3357802   6.15205537  6.10234899  6.01258389  6.02705537  5.94735738
  5.80662752  5.72525168  5.6283557   5.57885906  5.49223993  5.37143456]","[0.51489094 0.5664849  0.63276007 0.7300755  0.92680369 1.1329698
 1.22881711 1.57466443 2.48909396 3.46686242 4.99559564 6.16002517
 6.69169463 6.37646812 6.01782718 5.89723154 5.65079698 5.55411074
 5.32822987 5.24244966 5.19777685 5.16736577 5.14974832 5.13045302
 5.05222315 4.85360738 4.76048658 4.72734899 4.5192953  4.4846896
 4.15583054 3.92848154 3.46623322 3.19316275 2.93645134 2.79404362
 2.72021812 2.68582215 2.62017617 2.60591443 2.49161074 2.32822987
 2.21916946 2.01489094 1.81417785 1.71182886 1.69924497 1.68561242
 1.7260906  1.73427013 1.78062081 1.81795302 1.86010906 2.01027685
 2.07277685 2.17680369 2.19651846 2.19714765 2.03880034 2.05327181
 2.01153523 1.98091443 1.91463926 1.80809564 1.78187919 1.70763423
 1.60360738 1.50314597 1.39995805 1.33955537 1.31942114 1.35004195
 1.34731544 1.27999161 1.2613255  1.20029362 1.14744128 1.08452181
 1.04194631 1.00922819 0.97944631 0.9182047  0.93582215 0.9255453
 0.90687919 0.89681208 0.86010906 0.85927013 0.85549497 0.81312919
 0.78125    0.78104027 0.77621644 0.7579698  0.77747483 0.7340604
 0.72315436 0.72294463 0.69190436 0.68309564 0.71245805 0.70784396]",17
15,0.15,"0.0,0.15,0.3,0.44999999999999996,0.6,0.75,0.8999999999999999,1.05,1.2,1.3499999999999999,1.5,1.65,1.7999999999999998,1.95,2.1,2.25,2.4,2.55,2.6999999999999997,2.85,3.0,3.15,3.3,3.4499999999999997,3.5999999999999996,3.75,3.9,4.05,4.2,4.35,4.5,4.6499999999999995,4.8,4.95,5.1,5.25,5.3999999999999995,5.55,5.7,5.85,6.0,6.1499999999999995,6.3,6.45,6.6,6.75,6.8999999999999995,7.05,7.199999999999999,7.35,7.5,7.6499999999999995,7.8,7.949999999999999,8.1,8.25,8.4,8.549999999999999,8.7,8.85,9.0,9.15,9.299999999999999,9.45,9.6,9.75,9.9,10.049999999999999,10.2,10.35,10.5,10.65,10.799999999999999,10.95,11.1,11.25,11.4,11.549999999999999,11.7,11.85,12.0,12.15,12.299999999999999,12.45,12.6,12.75,12.9,13.049999999999999,13.2,13.35,13.5,13.65,13.799999999999999,13.95,14.1,14.25,14.399999999999999,14.549999999999999,14.7,14.85,15.0,15.149999999999999",2007R_GLUT1_647_WGA_594_0002.nd2,2007,M,R,5.5,Homo,Experimental,0,False,16.16010165184244,False,"[12.80951831 12.82441954 12.95714451 13.11343422 13.33152362 13.68534134
 13.71907127 14.09656925 15.15744484 15.92041123 16.97100612 17.62100035
 18.16402911 18.7622733  18.95113781 19.20006931 19.54684071 19.50167495
 20.40140926 20.84844634 21.32597898 22.63913596 23.56370567 24.54926649
 25.04216241 26.18251126 26.38477533 26.57641215 26.92249047 26.90493242
 27.49289592 28.23148897 29.55411805 31.36663971 34.65473028 38.32170498
 40.19175234 40.86473374 42.50698856 42.44207    44.66235416 46.12175118
 46.65345963 45.75187709 44.06584267 41.88656578 38.38673906 36.30784336
 33.97216126 33.22536676 30.90539448 28.3922837  26.91209426 22.8231489
 21.31800855 20.09425898 19.17523391 18.39759732 17.79634977 17.82615225
 17.56359016 17.36259674 17.32205152 17.14323669 17.0660737  17.01432367
 16.71872473 16.64317893 16.33210119 16.42543606 16.47025528 16.34642486
 16.56670902 16.37969273 16.37206885 16.4008317  16.22236341 16.22051519
 16.23795772 16.27677024 16.19129029 16.12094259 16.07785607 16.05775673
 16.17072889 16.12198221 15.95587386 15.96719418 15.88229179 15.93612106
 15.84474991 15.83828116 15.91810096 15.74945131 15.76192676 15.76146471
 15.84706018 15.61984521 15.48931501 15.64398752 15.65888876 15.65680952]","[ 1.96615456  1.99503292  2.04343306  2.08952293  2.10534827  2.16622387
  2.20133996  2.22964075  2.4575488   2.62515883  2.98810211  3.35127642
  3.63509299  4.07912672  4.20803974  4.31350352  4.54510801  4.55515768
  5.01016518  5.29652304  5.62839321  6.30922953  6.81436987  7.29721613
  7.45708675  7.95910824  8.00196373  7.95552732  8.28439413  8.20041585
  8.44149243  8.69192561  9.4635555  10.32459282 11.59789766 12.96638558
 13.48966155 13.68869123 14.17927689 14.15975511 14.87570752 15.54880444
 16.16010165 16.9794386  17.5896962  17.81702668 17.54372184 17.31719995
 16.69215664 16.53956336 16.03927458 15.38188749 14.91348042 13.01478572
 11.62908629  9.83400716  8.2309114   6.98105579  5.7313157   5.74922028
  5.40891764  5.10500173  4.94235878  4.58426707  4.43225136  4.22848562
  4.11828578  3.95679797  3.86750606  3.80154788  3.80154788  3.8360864
  3.79242232  3.76516114  3.6815294   3.68846021  3.65415271  3.63070348
  3.61060414  3.60794733  3.63925147  3.60228717  3.58888761  3.66512649
  3.61926764  3.61822802  3.54210466  3.54557006  3.54660968  3.49335798
  3.42381887  3.47660852  3.48654268  3.49474414  3.47129491  3.48261522
  3.56370567  3.56035578  3.61961419  3.68245351  3.80998036  3.80154788]","[ 5.28774402  5.56948134  5.98925725  6.55065265  7.53436525  8.74309807
  9.54614763 11.51137808 17.04170036 23.83527781 34.41423126 42.80674599
 45.68129837 42.26833776 39.64133072 38.70775095 36.58750144 36.31835509
 33.67286589 32.77752108 31.92526279 30.60621462 29.80535982 28.8643872
 28.52916715 27.89003119 27.59108236 27.57317778 27.0910246  26.96442186
 26.62631397 26.38604597 26.01270648 25.83585538 25.10095876 23.32343768
 22.09980363 21.62550537 20.18632321 20.0214855  17.57883793 15.31061569
 13.78560702 12.08444034 11.14855031 10.91186323 11.10072773 11.46471064
 11.87224212 12.03326788 12.37992376 12.89846367 13.22386508 14.03962112
 14.54499249 14.92699549 15.21959108 15.20503639 14.55053714 14.51149359
 14.21762735 14.00011551 13.73443456 13.05059489 12.78260367 12.24153864
 11.51669169 10.92029571 10.26071387  9.93727619  9.81552501  9.89488275
  9.78306573  9.55527319  9.24673674  9.02622155  8.59685803  8.29802472
  8.03627123  7.83389165  7.52154326  7.43825806  7.4257826   7.40556775
  7.32170498  7.14092642  6.93831581  6.89349659  6.68915329  6.48862192
  6.37980825  6.22975627  6.13180085  6.02333372  6.02957145  5.92468523
  5.78225713  5.65911979  5.58599977  5.49566825  5.42797736  5.33937854]","[0.57583458 0.65715606 0.729583   0.85133418 1.04932425 1.30160564
 1.40464364 1.79715837 2.69539101 3.74032575 5.15686728 6.21635671
 6.79172924 6.62781564 6.46713642 6.30091256 6.09067806 6.04066074
 5.71537484 5.55550422 5.45466097 5.24257826 5.14520042 5.06538062
 4.94744138 4.88760541 4.82892457 4.84682916 4.81829733 4.74898926
 4.70359247 4.66801432 4.67332794 4.67921913 4.61984521 4.39701975
 4.23137346 4.20353471 3.95864618 3.97065958 3.66466443 3.34122675
 3.08097493 2.79785145 2.65415271 2.62227099 2.69908744 2.77613492
 2.828347   2.85745639 2.95980132 3.004274   3.04146933 3.06376343
 2.9734319  2.77821416 2.57491048 2.39979208 2.15652073 2.16194987
 2.09275731 2.03234377 1.98070925 1.84960148 1.81760425 1.77035925
 1.66362481 1.54730276 1.44669054 1.40868661 1.3940164  1.4223172
 1.3922837  1.36894998 1.32205152 1.27191868 1.23703361 1.18054753
 1.12845096 1.09564514 1.07889569 1.01686496 1.02425783 1.00808594
 1.01074275 0.98348158 0.94051057 0.93080744 0.89881021 0.84567402
 0.83400716 0.82857803 0.81506295 0.78133303 0.79785145 0.75892341
 0.7415964  0.73270186 0.69111702 0.69053945 0.65808017 0.66223865]",18
16,0.15,"0.0,0.15,0.3,0.44999999999999996,0.6,0.75,0.8999999999999999,1.05,1.2,1.3499999999999999,1.5,1.65,1.7999999999999998,1.95,2.1,2.25,2.4,2.55,2.6999999999999997,2.85,3.0,3.15,3.3,3.4499999999999997,3.5999999999999996,3.75,3.9,4.05,4.2,4.35,4.5,4.6499999999999995,4.8,4.95,5.1,5.25,5.3999999999999995,5.55,5.7,5.85,6.0,6.1499999999999995,6.3,6.45,6.6,6.75,6.8999999999999995,7.05,7.199999999999999,7.35,7.5,7.6499999999999995,7.8,7.949999999999999,8.1,8.25,8.4,8.549999999999999,8.7,8.85,9.0,9.15,9.299999999999999,9.45,9.6,9.75,9.9,10.049999999999999,10.2,10.35,10.5,10.65,10.799999999999999,10.95,11.1,11.25,11.4,11.549999999999999,11.7,11.85,12.0,12.15,12.299999999999999,12.45,12.6,12.75,12.9,13.049999999999999,13.2,13.35,13.5,13.65,13.799999999999999,13.95,14.1,14.25,14.399999999999999,14.549999999999999,14.7,14.85,15.0,15.149999999999999",2007R_GLUT1_647_WGA_594_0002.nd2,2007,M,R,5.5,Homo,Experimental,0,False,5.902180318208603,False,"[12.86152033 13.16558633 13.20123748 13.29817325 13.31614614 13.66941662
 13.69239835 14.18473777 14.86770772 15.42840306 16.18238067 16.56806128
 17.20271067 17.60371243 17.80760165 18.17030053 18.29493223 18.34678845
 18.54773129 18.36063642 19.02799057 19.41131408 19.82498527 20.73070124
 21.29611078 22.59605186 22.80111962 22.86093105 23.6199175  24.06098998
 24.78432528 25.69475545 26.75250442 27.4334119  28.19740719 28.62581025
 28.51708898 28.66322923 28.72863877 28.608132   29.09840896 28.73187979
 29.00058928 28.19681791 27.72421921 26.80701237 24.98320566 23.56540955
 22.52386565 21.9702416  21.07071302 20.40895698 20.12639953 18.92751915
 18.68149676 18.30200354 18.10253388 17.83529758 17.50117855 17.43930466
 17.46965233 17.48762522 17.37448438 17.18621096 17.25839717 17.33794932
 17.1128462  17.01237478 17.07690041 17.00972304 17.00824985 16.75898645
 16.66794343 16.86682381 16.71361226 16.52563347 16.50589275 16.45786682
 16.44107248 16.43429582 16.57041839 16.22304066 16.2813789  16.12433707
 16.31673542 16.5274013  16.33117266 16.32262817 16.24042428 16.31261049
 16.22156747 16.13111373 16.25220978 16.28933412 16.07336476 16.39510902
 16.10164997 15.98143783 16.03800825 15.94725987 16.05745433 15.81614614]","[1.85179729 1.88096641 1.912198   1.91868002 1.97908073 1.95934001
 1.98762522 1.99852681 2.14761344 2.36682381 2.77813789 2.94961697
 3.17589864 3.45816146 3.59133765 3.57189157 3.68090748 3.73394225
 3.83117266 3.9490277  4.05568651 4.49116087 4.95492045 5.90218032
 6.1614614  6.91838539 7.11697113 7.02769593 7.16529169 7.15291691
 6.9513848  6.94843842 6.72893341 6.66499705 6.33352976 5.86564526
 5.64348851 5.57100766 5.34590454 5.36535062 4.92840306 4.65586329
 4.32380672 3.94549204 3.74808486 3.57307012 3.47967001 3.54537419
 3.50559811 3.53034767 3.63671184 3.57984679 3.56364172 3.64201532
 3.59870359 3.55038303 3.59958751 3.52062463 3.65763111 3.50265174
 3.49587507 3.5415439  3.51767826 3.56128462 3.55539187 3.53093695
 3.58573954 3.52474956 3.61196229 3.67737183 3.70595168 3.64555097
 3.63494402 3.59251621 3.66588097 3.64849735 3.69475545 3.63406011
 3.53476724 3.65822039 3.60548026 3.62345315 3.5141426  3.61314084
 3.62639953 3.62315852 3.64230996 3.64584561 3.87271656 4.04183854
 4.32881556 4.66705952 5.03624042 5.55362404 5.54773129 5.89746612
 5.95904537 5.7006482  5.21096052 4.97436653 5.02062463 4.87978786]","[ 4.89157336  5.18974661  5.45050088  5.85179729  6.4286977   7.3385386
  7.89304655  9.37831467 13.75987036 19.75692398 29.19328226 37.17766647
 40.55126694 37.42251031 34.80259281 33.29493223 31.02003536 30.43076016
 26.13288156 24.01620507 22.26517384 19.72127283 18.95109016 18.86446671
 18.99351797 19.74631703 19.81202121 19.8573954  20.59723041 20.55185622
 20.81231585 20.90925162 20.71243371 20.5141426  19.99734826 19.80318209
 19.71420153 19.68621096 19.27312905 19.41043017 19.10960519 18.55509723
 17.8965822  16.59958751 15.3573954  14.53565115 14.44932233 14.88921626
 15.51826753 15.65822039 16.41543901 17.21567472 17.4334119  18.04949912
 17.90100177 17.26664702 16.50176783 15.54773129 14.03948144 14.02681202
 13.77047731 13.51237478 13.01767826 12.47613435 12.10901591 11.70329994
 11.12816735 10.70271067 10.04272245  9.80347672  9.6638185   9.72362994
  9.61638185  9.49351797  9.1426046   8.82557454  8.43517973  8.25162051
  7.94696523  7.7672363   7.50029464  7.30229817  7.42339423  7.20182675
  7.17530937  7.07424867  6.8730112   6.77578079  6.63111373  6.51591043
  6.38626989  6.31526223  6.19799646  6.09988214  6.18149676  6.02887448
  5.89628757  5.80819093  5.67913966  5.56629346  5.48055392  5.42192104]","[0.51708898 0.58279316 0.65321155 0.75338833 0.91750147 1.13553329
 1.27548615 1.64672952 2.64083677 3.80760165 5.41809075 6.51149087
 7.02474956 6.70919269 6.30259281 6.1199175  5.84119034 5.78756629
 5.27872717 5.08220389 4.91426046 4.54507955 4.29228049 4.25162051
 4.21891573 4.11019446 4.13111373 4.07660577 3.96258103 4.00265174
 3.85827932 3.7993518  3.66676488 3.51237478 3.3847967  3.33736005
 3.36770772 3.38744844 3.30053035 3.28403064 3.24779022 3.19475545
 3.05745433 2.95050088 2.78874484 2.6841485  2.64584561 2.56128462
 2.61579258 2.66764879 2.65645256 2.71655863 2.72186211 2.61873895
 2.55185622 2.4905716  2.30612846 2.152033   1.95727755 1.95786682
 1.87389511 1.8753683  1.82734237 1.70683559 1.69475545 1.63877431
 1.58662345 1.48909841 1.44372422 1.32380672 1.33706541 1.36417207
 1.33323512 1.33588686 1.28078963 1.22952269 1.20742487 1.14820271
 1.12345315 1.08014143 1.0297584  1.00883913 1.02887448 0.99616971
 0.96700059 0.98350029 0.92044785 0.88626989 0.89864467 0.84266352
 0.85179729 0.84914555 0.84914555 0.85798468 0.85209193 0.90218032
 0.88096641 0.88096641 0.8730112  0.85680613 0.83294048 0.82586918]",19
17,0.15,"0.0,0.15,0.3,0.44999999999999996,0.6,0.75,0.8999999999999999,1.05,1.2,1.3499999999999999,1.5,1.65,1.7999999999999998,1.95,2.1,2.25,2.4,2.55,2.6999999999999997,2.85,3.0,3.15,3.3,3.4499999999999997,3.5999999999999996,3.75,3.9,4.05,4.2,4.35,4.5,4.6499999999999995,4.8,4.95,5.1,5.25,5.3999999999999995,5.55,5.7,5.85,6.0,6.1499999999999995,6.3,6.45,6.6,6.75,6.8999999999999995,7.05,7.199999999999999,7.35,7.5,7.6499999999999995,7.8,7.949999999999999,8.1,8.25,8.4,8.549999999999999,8.7,8.85,9.0,9.15,9.299999999999999,9.45,9.6,9.75,9.9,10.049999999999999,10.2,10.35,10.5,10.65,10.799999999999999,10.95,11.1,11.25,11.4,11.549999999999999,11.7,11.85,12.0,12.15,12.299999999999999,12.45,12.6,12.75,12.9,13.049999999999999,13.2,13.35,13.5,13.65,13.799999999999999,13.95,14.1,14.25,14.399999999999999,14.549999999999999,14.7,14.85,15.0,15.149999999999999",2007R_GLUT1_647_WGA_594_0002.nd2,2007,M,R,5.5,Homo,Experimental,0,False,5.867217280813215,False,"[13.26447631 13.53113088 13.7025776  14.03748412 14.28925395 14.9424578
 15.27400617 15.72998729 17.26438555 18.70221456 20.31276094 21.86059176
 23.66935923 26.53648575 28.33917226 29.30477401 30.84897441 31.2566709
 35.45144309 37.95298602 40.41395898 46.29197677 49.86404066 52.50553639
 53.10646215 52.71374115 52.40660737 52.37665638 51.68315484 51.00571792
 49.21528408 47.10664367 42.69822109 38.83681249 34.45407515 32.50617172
 31.63614086 31.53548738 30.90588129 31.03140316 30.62824469 30.68814667
 30.66981303 30.91659103 31.47930659 31.49791251 31.13722999 30.66654565
 29.93129425 29.75993828 28.69940098 27.16690869 26.59003449 24.48320929
 23.4532583  21.94953712 20.48084952 19.32374297 18.20058087 18.23416228
 17.99854783 17.94091487 17.72780904 17.512888   17.37838083 17.25549101
 17.24450899 17.08395353 16.88273734 16.90479216 16.96995825 16.90569976
 16.95108005 16.89190416 16.84597931 16.96433109 16.82855328 16.92884371
 17.33644945 17.29497186 17.61009258 17.7493193  17.772554   17.9553458
 17.9244872  18.15619895 18.46287893 18.66663641 19.17435106 19.76919586
 20.354057   20.83572336 21.0227809  21.38645852 21.33572336 21.47404248
 21.46977673 21.25040842 20.61744418 20.39680523 19.55218733 19.17498639]","[ 2.02931567  2.03585043  2.08068615  2.11508441  2.12788165  2.17634779
  2.22172808  2.25821383  2.45897622  2.69468143  3.07841714  3.39172264
  3.7219096   4.05236885  4.21773462  4.32002178  4.46950445  4.52995099
  4.83654021  5.08168452  5.31693592  5.65973861  5.67190053  5.85442004
  5.86721728  5.9489018   5.98257397  6.02078417  6.14267562  6.16872391
  6.49981848  6.92512253  7.99836631  9.11726266 10.89843892 12.58876384
 13.37130151 13.82601198 14.82455981 14.85469232 16.55082592 18.17435106
 19.5600835  21.83127609 23.32564894 23.62670176 23.16609185 22.99391904
 22.88999818 23.03966237 22.90778726 22.80704302 22.70548194 21.82782719
 21.01806135 19.82238156 18.13614086 16.58685787 14.01787983 14.01415865
 13.06035578 12.44200399 11.62388818 10.22889817  9.50208749  8.68959884
  7.46986749  6.57859866  5.76511164  5.29860229  5.24006172  5.34752224
  5.27672899  5.01234344  4.79034307  4.60845889  4.45225994  4.31512071
  4.11481213  4.04656017  3.93220185  3.85868579  3.89744055  3.91541115
  3.81784353  3.78725722  3.71047377  3.62742785  3.63205663  3.54737702
  3.4960973   3.47848974  3.47848974  3.41532038  3.42575785  3.48829189
  3.44254856  3.44418225  3.41831548  3.4081503   3.43156653  3.47286259]","[ 5.39771283  5.8197495   6.24459975  6.88691233  7.85296787  9.27328009
 10.10373934 12.31212561 18.93165729 27.39199492 40.41895081 49.6777092
 53.30885823 50.37792703 48.17907061 47.26211654 45.72917045 45.25077146
 42.13804683 40.52777274 38.92285351 35.44853875 32.8575059  30.17008531
 29.04356508 26.88409875 26.43592304 26.38736613 25.36213469 25.0952986
 24.50408423 24.20393901 24.4686876  25.4300236  26.20375749 26.06979488
 25.49518969 25.18823743 24.44826647 24.35904883 22.58277364 20.64476311
 19.06589218 17.06289708 15.55527319 14.59747686 13.58050463 13.16318751
 12.9712289  12.93664912 12.91895081 13.01533854 13.10029043 13.58204756
 13.99228535 14.37429661 14.53104012 14.76556544 14.65002723 14.75058994
 14.66001089 14.58821928 14.50844073 14.26756217 14.04855691 13.77173716
 13.27536758 12.80177891 12.19586132 11.83654021 11.67734616 11.80695226
 11.66500272 11.4210383  11.10019967 10.76120893 10.28244691  9.97558541
  9.55481939  9.2681975   8.8064077   8.61263387  8.59085133  8.47277183
  8.38990742  8.14666909  7.79079688  7.66863315  7.36503903  7.11644582
  6.90315847  6.70466509  6.57814485  6.45661645  6.4647849   6.30885823
  6.11499365  5.98947177  5.86131784  5.77890724  5.639499    5.55672536]","[0.58504266 0.66881467 0.76057361 0.88064985 1.08440733 1.38064985
 1.51107279 1.94164095 3.07079325 4.4180432  6.30250499 7.66854239
 8.4369214  8.40878562 8.087947   7.98765656 7.67462334 7.66100926
 6.98602287 6.61345072 6.27291704 5.51951352 5.05545471 4.67353422
 4.44254856 4.18587765 4.15329461 4.11018334 4.01869668 3.98103104
 3.91386822 3.86821565 3.98484298 4.10709748 4.12080232 4.08631331
 4.01688147 4.01025594 3.85968415 3.87874387 3.67743692 3.4811218
 3.29715012 3.03648575 2.87475041 2.78090398 2.6712652  2.61399528
 2.57351606 2.58368125 2.51270648 2.46623707 2.49273915 2.42176439
 2.38963514 2.37375204 2.34988201 2.33372663 2.24459975 2.25912144
 2.23915411 2.20475585 2.18814667 2.14322019 2.10301325 2.04229443
 1.95997459 1.87275368 1.78172082 1.70566346 1.69676892 1.73933563
 1.71138138 1.6712652  1.62552187 1.55763296 1.49709566 1.42566709
 1.36222545 1.32773643 1.26284262 1.23198403 1.22054819 1.20357597
 1.1965874  1.17162824 1.10582683 1.07678345 1.05155201 0.98656744
 0.93719368 0.92185515 0.90397531 0.85950263 0.86113632 0.84171356
 0.79515339 0.78290071 0.75131603 0.71973135 0.69322926 0.69577056]",20
18,0.15,"0.0,0.15,0.3,0.44999999999999996,0.6,0.75,0.8999999999999999,1.05,1.2,1.3499999999999999,1.5,1.65,1.7999999999999998,1.95,2.1,2.25,2.4,2.55,2.6999999999999997,2.85,3.0,3.15,3.3,3.4499999999999997,3.5999999999999996,3.75,3.9,4.05,4.2,4.35,4.5,4.6499999999999995,4.8,4.95,5.1,5.25,5.3999999999999995,5.55,5.7,5.85,6.0,6.1499999999999995,6.3,6.45,6.6,6.75,6.8999999999999995,7.05,7.199999999999999,7.35,7.5,7.6499999999999995,7.8,7.949999999999999,8.1,8.25,8.4,8.549999999999999,8.7,8.85,9.0,9.15,9.299999999999999,9.45,9.6,9.75,9.9,10.049999999999999,10.2,10.35,10.5,10.65,10.799999999999999,10.95,11.1,11.25,11.4,11.549999999999999,11.7,11.85,12.0,12.15,12.299999999999999,12.45,12.6,12.75,12.9,13.049999999999999,13.2,13.35,13.5,13.65,13.799999999999999,13.95,14.1,14.25,14.399999999999999,14.549999999999999,14.7,14.85,15.0,15.149999999999999",2007R_GLUT1_647_WGA_594_0002.nd2,2007,M,R,5.5,Homo,Experimental,0,False,3.387384176764077,False,"[12.86160608 13.07080067 13.31955334 13.50130672 13.68614873 13.98847707
 14.03706344 14.5839867  15.56129722 16.22915182 17.34984557 18.10643858
 19.30945593 20.34141126 21.28106439 21.48657638 22.25968163 22.51259206
 24.38987883 25.47992397 26.791043   30.43121882 33.47160846 36.67141839
 37.86457591 40.85566643 41.28106439 41.37799952 42.84402471 43.05405084
 44.37360418 45.02352103 45.76467094 45.02530292 43.54181516 42.42860537
 41.83998574 41.27072939 40.70064148 40.65787598 39.12247565 36.87134711
 34.77809456 31.15621288 27.27833215 24.99025897 21.74518888 20.48930862
 19.88156332 19.54252792 19.2740556  18.38037539 18.3167023  17.81349489
 17.5017819  17.26063198 16.900689   16.72404372 16.6524115  16.78641007
 16.62758375 16.52862913 16.43989071 16.3783559  16.32679971 16.3784747
 16.15359943 16.2602756  16.1832977  15.97065811 16.22226182 16.09432169
 16.08612497 15.96958898 15.98075552 16.01793775 16.03171775 15.9897838
 15.93977192 15.9126871  15.96733191 15.91625089 15.81278213 15.79531955
 15.99037776 15.70586838 15.79698266 15.78534094 15.8750297  15.75100974
 15.78450938 15.76170112 15.72986458 15.67367546 15.78177714 15.50546448
 15.67569494 15.72820147 15.64635305 15.68104063 15.69933476 15.57757187]","[1.83986695 1.89688762 1.90140176 1.92207175 1.92575434 1.94131623
 1.95331433 2.00308862 2.17498218 2.36018057 2.69790924 3.02767878
 3.28783559 3.64302685 3.72238061 3.70076028 3.794488   3.87182229
 3.9537895  4.16904253 4.33285816 4.75136612 5.00605845 5.21477786
 5.28189594 5.12580185 4.98467569 5.01247327 4.61914944 4.54514136
 4.08980756 3.76847232 3.38738418 3.26811594 3.17403184 3.14944167
 3.1471846  3.19280114 3.21655975 3.20824424 3.32917558 3.38108814
 3.50083155 3.7002851  3.84687574 4.02150154 4.08434307 4.04419102
 3.97172725 3.97232122 3.94155381 3.83297695 3.7706106  3.69767166
 3.60536945 3.58968876 3.59396531 3.6060822  3.54977429 3.5599905
 3.54704205 3.5685436  3.52886671 3.55630791 3.55298171 3.50083155
 3.5273224  3.50332621 3.53741981 3.57495842 3.56058446 3.55274412
 3.56593015 3.55215015 3.55773343 3.54644809 3.52459016 3.56070325
 3.56581136 3.6627465  3.6627465  3.67498218 3.70182941 3.74067474
 3.71192682 3.7928249  3.86612022 3.9571157  4.06794963 4.31456403
 4.52862913 4.61712996 4.65704443 4.66595391 4.57555239 4.62128772
 4.53872654 4.49014018 4.53623188 4.61831789 4.64659064 4.78747921]","[ 4.91850796  5.21418389  5.54870516  5.97897363  6.68531718  7.72736992
  8.36481349 10.02815396 15.21988596 22.12413875 33.40532193 42.54430981
 45.25196009 39.26621525 35.07103825 33.27797577 30.94559278 30.34568781
 27.37015918 26.57959135 26.02886671 24.78664766 23.38952245 21.27274887
 20.17486339 17.44274174 16.71145165 16.52660965 15.03112378 14.54644809
 13.23414113 12.10881445 10.83131385 10.13316702  9.63292944  9.48146828
  9.47742932  9.45462105  9.55428843  9.55618912  9.94773105 10.62746496
 11.54573533 13.49311    15.5925398  17.0411024  18.83939178 19.61855548
 20.18115942 20.34604419 20.72582561 21.10418152 21.19802804 20.98479449
 20.2415063  19.28724163 18.23936802 17.14956047 15.50095034 15.50451414
 14.90330245 14.50130672 13.99524828 13.03741981 12.62461392 12.08850083
 11.34889522 10.76692801 10.10667617  9.80945593  9.6558565   9.75980043
  9.64670943  9.43228795  9.11974341  8.83309575  8.43513899  8.14409598
  7.81290093  7.61225944  7.30149679  7.22166785  7.23639819  7.12449513
  7.05500119  6.92409123  6.7037301   6.61119031  6.41399382  6.28486576
  6.15027322  6.0394393   5.95153243  5.8613685   5.88726538  5.76490853
  5.60465669  5.56426705  5.47362794  5.40294607  5.35388453  5.25706819]","[0.49168449 0.57578997 0.64255167 0.74210026 0.91316227 1.14290805
 1.26597767 1.62924685 2.62853409 3.77239249 5.2962699  6.48051794
 6.84996436 6.3544785  5.89676883 5.66405322 5.32573058 5.28153956
 4.84283678 4.61083393 4.49607983 4.19529579 3.94202899 3.60192445
 3.43074364 3.02815396 2.92622951 2.90615348 2.69636493 2.59574721
 2.37693039 2.22570682 2.04680447 1.94986933 1.91304348 1.9143502
 1.93205037 1.93371347 1.97042053 1.96982656 2.07222618 2.22178665
 2.390354   2.71133286 2.97137087 3.19256355 3.34628178 3.39736279
 3.31195058 3.34675695 3.25267284 3.1764077  3.15146115 2.89748159
 2.77429318 2.55547636 2.39427417 2.25564267 2.04573533 2.03563792
 1.99643621 1.94084105 1.86718936 1.74198147 1.68032787 1.62021858
 1.53825137 1.48218104 1.35424091 1.30209076 1.3219292  1.34176764
 1.31468282 1.28344025 1.24625802 1.1935139  1.15823236 1.07626515
 1.02613447 1.00570207 0.97350915 0.93466382 0.92397244 0.91149917
 0.90627227 0.90080779 0.8698028  0.83760988 0.81111903 0.77156094
 0.75991922 0.75576146 0.73568544 0.71691613 0.72036113 0.69850321
 0.67331908 0.6780708  0.64302685 0.62508909 0.61665479 0.61416013]",21
19,0.15,"0.0,0.15,0.3,0.44999999999999996,0.6,0.75,0.8999999999999999,1.05,1.2,1.3499999999999999,1.5,1.65,1.7999999999999998,1.95,2.1,2.25,2.4,2.55,2.6999999999999997,2.85,3.0,3.15,3.3,3.4499999999999997,3.5999999999999996,3.75,3.9,4.05,4.2,4.35,4.5,4.6499999999999995,4.8,4.95,5.1,5.25,5.3999999999999995,5.55,5.7,5.85,6.0,6.1499999999999995,6.3,6.45,6.6,6.75,6.8999999999999995,7.05,7.199999999999999,7.35,7.5,7.6499999999999995,7.8,7.949999999999999,8.1,8.25,8.4,8.549999999999999,8.7,8.85,9.0,9.15,9.299999999999999,9.45,9.6,9.75,9.9,10.049999999999999,10.2,10.35,10.5,10.65,10.799999999999999,10.95,11.1,11.25,11.4,11.549999999999999,11.7,11.85,12.0,12.15,12.299999999999999,12.45,12.6,12.75,12.9,13.049999999999999,13.2,13.35,13.5,13.65,13.799999999999999,13.95,14.1,14.25,14.399999999999999,14.549999999999999,14.7,14.85,15.0,15.149999999999999",2007R_GLUT1_647_WGA_594_0002.nd2,2007,M,R,5.5,Homo,Experimental,0,True,55.70365296803653,False,"[12.62420091 12.67237443 12.84246575 13.12762557 13.11598174 13.5196347
 13.47557078 14.02716895 14.84155251 15.88675799 16.51073059 17.03835616
 17.32054795 17.61438356 17.78424658 17.8152968  17.86415525 17.81232877
 17.98972603 18.42945205 18.40639269 18.70593607 19.54703196 20.60251142
 20.78538813 22.67762557 22.94041096 23.01849315 24.62351598 25.01073059
 27.08401826 28.83767123 32.49863014 35.98926941 41.71164384 47.42123288
 49.04931507 50.36506849 53.3847032  53.60251142 58.98378995 63.52648402
 68.5783105  74.50045662 77.61324201 77.82876712 74.45707763 70.23287671
 66.51484018 64.7196347  58.66415525 52.55890411 47.96347032 35.95251142
 31.08607306 26.93333333 24.40022831 22.1826484  20.50776256 20.69543379
 20.10913242 19.44178082 19.18105023 18.70273973 18.40707763 17.9369863
 17.64041096 17.39520548 17.07100457 17.05182648 16.8652968  16.97351598
 16.81415525 16.76369863 16.50182648 16.58926941 16.52305936 16.36141553
 16.26461187 16.28127854 16.34269406 16.18378995 16.06232877 16.14931507
 16.17853881 16.16324201 16.08584475 16.09520548 16.24817352 16.10251142
 16.11598174 15.90639269 16.12625571 15.98812785 16.10844749 15.93789954
 15.84452055 15.80091324 15.69497717 15.75228311 15.71849315 15.77922374]","[ 2.21232877  2.24200913  2.32351598  2.3739726   2.4347032   2.56757991
  2.57739726  2.71073059  2.94520548  3.21278539  3.72465753  4.18150685
  4.77945205  5.55388128  5.96986301  6.19086758  6.48013699  6.61894977
  7.49360731  8.08607306  8.7783105  10.15616438 11.56232877 13.84497717
 14.83949772 17.54977169 18.0716895  18.30388128 19.71210046 20.39086758
 21.5609589  23.02671233 26.17853881 28.79817352 33.14589041 36.79954338
 38.62990868 39.08447489 40.98812785 40.70776256 44.24406393 46.52922374
 48.68972603 52.51780822 54.92146119 55.70365297 55.31506849 54.18561644
 53.45068493 52.58789954 50.95136986 48.98949772 47.71986301 42.25273973
 38.74611872 33.2239726  28.25570776 22.95936073 16.11415525 16.15319635
 13.95502283 12.72694064 11.36461187  9.33333333  8.62557078  8.04406393
  7.3760274   6.91712329  6.40821918  6.11415525  6.07214612  6.12351598
  6.05022831  5.81347032  5.57876712  5.24589041  4.95730594  4.75981735
  4.44954338  4.41232877  4.26187215  4.21164384  4.24634703  4.16004566
  4.09840183  4.08105023  3.95502283  3.92237443  3.88127854  3.78972603
  3.88173516  3.84178082  3.86027397  3.96552511  3.9803653   3.98652968
  4.20365297  4.33401826  4.62671233  4.89315068  4.85342466  4.71050228]","[ 4.80342466  5.106621    5.45502283  5.86369863  6.56210046  7.73858447
  8.3913242  10.12968037 14.68835616 20.02808219 27.57579909 32.36278539
 32.85136986 28.49726027 26.09360731 25.12465753 23.69406393 23.40730594
 21.39018265 20.71712329 20.25205479 19.83515982 19.81689498 19.71164384
 19.74315068 19.506621   19.50068493 19.47031963 19.38630137 19.14520548
 18.77922374 18.34977169 17.40753425 16.5913242  15.93287671 15.18105023
 14.90205479 14.76050228 14.38333333 14.41438356 13.70136986 13.03333333
 12.1630137  11.02876712 10.2130137   9.90182648  9.66278539  9.83515982
 10.08424658 10.33538813 10.92214612 11.61187215 12.11894977 14.06369863
 15.19931507 16.3239726  16.77283105 16.47762557 15.24840183 15.34155251
 14.72625571 14.31210046 13.86255708 12.95068493 12.52990868 12.093379
 11.24360731 10.693379   10.11917808  9.74041096  9.69452055  9.70776256
  9.61689498  9.54269406  9.27534247  9.00479452  8.68242009  8.44840183
  8.14520548  7.96232877  7.64885845  7.50479452  7.50684932  7.43652968
  7.34223744  7.15045662  6.9760274   6.83630137  6.67853881  6.47625571
  6.34954338  6.17328767  6.09794521  6.06506849  6.04109589  5.96780822
  5.86621005  5.70045662  5.58949772  5.50228311  5.40022831  5.35388128]","[0.47465753 0.56050228 0.64429224 0.73789954 0.89246575 1.1239726
 1.23744292 1.56484018 2.37031963 3.193379   4.21552511 4.87579909
 5.16917808 4.97716895 4.86849315 4.73881279 4.63675799 4.6390411
 4.4652968  4.36324201 4.31347032 4.17511416 4.08538813 4.07009132
 4.00776256 3.98219178 3.98173516 3.97214612 4.04908676 4.05114155
 3.99269406 4.01255708 3.856621   3.75776256 3.49977169 3.27785388
 3.16415525 3.11004566 3.04246575 2.95136986 2.77557078 2.57785388
 2.37214612 2.14246575 1.95022831 1.81484018 1.73059361 1.73972603
 1.75296804 1.79497717 1.9109589  2.07123288 2.14497717 2.46712329
 2.60502283 2.74406393 2.75068493 2.64863014 2.40684932 2.35296804
 2.26004566 2.19474886 2.1456621  1.95753425 1.85707763 1.8152968
 1.69771689 1.593379   1.53538813 1.49360731 1.48812785 1.49771689
 1.5086758  1.47374429 1.44771689 1.35456621 1.34634703 1.27100457
 1.22237443 1.18538813 1.12899543 1.08493151 1.07283105 1.06164384
 1.05319635 1.02762557 0.97191781 0.9390411  0.91255708 0.86324201
 0.82488584 0.84520548 0.80958904 0.76278539 0.77077626 0.78538813
 0.7413242  0.73401826 0.67899543 0.68150685 0.64429224 0.65251142]",22
20,0.15,"0.0,0.15,0.3,0.44999999999999996,0.6,0.75,0.8999999999999999,1.05,1.2,1.3499999999999999,1.5,1.65,1.7999999999999998,1.95,2.1,2.25,2.4,2.55,2.6999999999999997,2.85,3.0,3.15,3.3,3.4499999999999997,3.5999999999999996,3.75,3.9,4.05,4.2,4.35,4.5,4.6499999999999995,4.8,4.95,5.1,5.25,5.3999999999999995,5.55,5.7,5.85,6.0,6.1499999999999995,6.3,6.45,6.6,6.75,6.8999999999999995,7.05,7.199999999999999,7.35,7.5,7.6499999999999995,7.8,7.949999999999999,8.1,8.25,8.4,8.549999999999999,8.7,8.85,9.0,9.15,9.299999999999999,9.45,9.6,9.75,9.9,10.049999999999999,10.2,10.35,10.5,10.65,10.799999999999999,10.95,11.1,11.25,11.4,11.549999999999999,11.7,11.85,12.0,12.15,12.299999999999999,12.45,12.6,12.75,12.9,13.049999999999999,13.2,13.35,13.5,13.65,13.799999999999999,13.95,14.1,14.25,14.399999999999999,14.549999999999999,14.7,14.85,15.0,15.149999999999999",2007R_GLUT1_647_WGA_594_0002.nd2,2007,M,R,5.5,Homo,Experimental,0,False,3.1630129286115793,False,"[13.35947161 13.29792018 13.50252951 13.79595278 14.22765599 14.59499719
 14.81703204 15.410905   16.54047218 17.68324902 19.04103429 19.87577291
 21.05986509 22.63996627 23.36621698 23.39376054 24.2633502  24.45165823
 26.46992693 27.85806633 29.74311411 34.67959528 39.91933671 47.37745925
 50.3797077  57.56576728 59.52641934 60.66975829 63.92270939 65.00815065
 68.97189432 72.45980888 76.8920742  79.08066329 79.31984261 78.27037662
 77.33839236 77.02754356 76.30860034 75.96374368 73.76644182 72.47807757
 70.65289488 68.82096684 65.90022485 61.88954469 50.69561551 44.09808881
 38.97245644 36.97189432 32.28555368 28.58656549 26.81618887 23.18549747
 22.1703204  20.86368746 19.89038786 19.28639685 18.65486228 18.64558741
 18.39881956 18.09387296 18.2386172  17.86003373 17.90078696 17.59527825
 17.53541315 17.55649241 17.22849916 17.21360315 17.03738055 16.95756043
 17.22653176 17.2698145  17.19083755 16.83558179 16.88504778 16.68887015
 16.77065767 16.88645306 16.66441821 16.65598651 16.52304666 16.59893198
 16.653457   16.50730748 16.32462057 16.43816751 16.43451377 16.43929174
 16.38392355 16.54918494 16.45980888 16.39488477 16.43507589 16.23440135
 16.2405846  16.25407532 16.18971332 16.24985947 16.15120854 16.18915121]","[1.88757729 1.87015177 1.92833052 1.92495784 1.94378865 1.97273749
 1.99409781 1.99775155 2.17453626 2.34794829 2.67706577 2.88308038
 3.10736369 3.34710512 3.38870152 3.40528387 3.43872962 3.50084317
 3.44378865 3.53850478 3.63603148 3.75660483 3.91708825 4.29904441
 4.45756043 4.6866217  4.85469365 4.74451939 4.66048342 4.56127038
 4.31646993 4.16329399 3.99072513 3.67003935 3.33923553 3.16301293
 3.17088252 3.10286678 3.05845981 3.03878583 2.92439573 2.90949972
 2.85328836 2.85666105 2.88757729 2.96008994 3.11467116 3.35441259
 3.3485104  3.4896009  3.5207982  3.56464306 3.68915121 3.69196178
 3.69589657 3.61129848 3.57082631 3.54834177 3.61129848 3.54300169
 3.61157954 3.53962901 3.53738055 3.49859472 3.53597527 3.45924677
 3.59078134 3.55874087 3.5435638  3.58150646 3.56183249 3.58122541
 3.6554244  3.5975267  3.68521641 3.63631254 3.65289488 3.69730185
 3.75772906 3.77009556 3.74002248 3.757448   3.653457   3.81646993
 3.67847105 3.75491849 3.84541877 3.72765599 3.81169196 3.71444632
 3.7034851  3.79567173 3.73777403 3.84766723 3.86790332 3.85188308
 4.01658235 4.11888702 4.53766161 4.69673974 5.07223159 4.90978078]","[ 4.79707701  5.11157954  5.43282743  5.87830242  6.52698145  7.62647555
  8.2262507   9.94182125 14.95559303 21.54806071 30.97948286 37.11242271
 37.89488477 32.21163575 29.14699269 27.76025857 26.20460933 25.56323777
 22.54468803 21.6866217  20.85862844 20.31590781 20.27655987 20.60342889
 20.43591906 20.02304666 19.86256324 19.78189994 18.99269252 18.76110174
 17.91933671 16.74564362 14.90781338 13.49718943 11.83501967 10.75323215
 10.42017988 10.25885329  9.82630691  9.86987071  9.40303541  9.13659359
  9.18156268  9.29848229 10.14333895 11.00534008 13.21697583 14.70236088
 15.70573356 16.40612704 17.49747049 18.27571669 18.39629005 18.11551433
 17.72737493 16.97835863 16.31056773 15.62535132 14.29370433 14.32996065
 13.84513772 13.44828555 13.12956717 12.38420461 12.00758853 11.56014615
 10.92833052 10.45756043  9.97948286  9.72034851  9.61888702  9.6410905
  9.59162451  9.45109612  9.1183249   8.93957279  8.58628443  8.34710512
  8.1059584   7.94266442  7.67060146  7.51686341  7.47948286  7.41343451
  7.33305228  7.18971332  6.97105115  6.9128724   6.71922428  6.56885891
  6.39516582  6.30466554  6.25969646  6.1410905   6.14614952  6.06576728
  5.90612704  5.81956155  5.73917931  5.72062957  5.63490725  5.55902192]","[0.51264755 0.55677347 0.64699269 0.73187184 0.91259134 1.13237774
 1.22456436 1.60118044 2.52023609 3.52557617 4.91455874 5.76756605
 6.03597527 5.49241147 5.13350197 5.03766161 4.78133783 4.77262507
 4.44997189 4.20460933 4.13293985 4.04215852 3.92495784 3.88589095
 3.84035975 3.71557055 3.6059584  3.61129848 3.50449691 3.45362563
 3.24676785 3.04777965 2.74086565 2.45081506 2.15654862 1.95812254
 1.90865655 1.93648117 1.86481169 1.84260821 1.79904441 1.81956155
 1.85778527 1.84064081 1.89572794 2.02670039 2.25154581 2.47329961
 2.62197864 2.71275998 2.85188308 2.86284429 2.92551996 2.80635188
 2.75238898 2.64783586 2.51320967 2.40078696 2.2138842  2.20460933
 2.09808881 2.08038224 2.05115233 1.95812254 1.87830242 1.83192805
 1.8133783  1.81056773 1.78836425 1.77684092 1.79229904 1.81394042
 1.79089376 1.79342327 1.7737493  1.67847105 1.6410905  1.54300169
 1.45756043 1.33361439 1.24311411 1.20489039 1.1950534  1.19055649
 1.15092749 1.11214165 1.06464306 0.97976391 0.99718943 0.9544688
 0.88898257 0.89066892 0.89629005 0.85637999 0.85553682 0.85722316
 0.7841484  0.78358628 0.71725689 0.73749297 0.70657673 0.70657673]",23
21,0.15,"0.0,0.15,0.3,0.44999999999999996,0.6,0.75,0.8999999999999999,1.05,1.2,1.3499999999999999,1.5,1.65,1.7999999999999998,1.95,2.1,2.25,2.4,2.55,2.6999999999999997,2.85,3.0,3.15,3.3,3.4499999999999997,3.5999999999999996,3.75,3.9,4.05,4.2,4.35,4.5,4.6499999999999995,4.8,4.95,5.1,5.25,5.3999999999999995,5.55,5.7,5.85,6.0,6.1499999999999995,6.3,6.45,6.6,6.75,6.8999999999999995,7.05,7.199999999999999,7.35,7.5,7.6499999999999995,7.8,7.949999999999999,8.1,8.25,8.4,8.549999999999999,8.7,8.85,9.0,9.15,9.299999999999999,9.45,9.6,9.75,9.9,10.049999999999999,10.2,10.35,10.5,10.65,10.799999999999999,10.95,11.1,11.25,11.4,11.549999999999999,11.7,11.85,12.0,12.15,12.299999999999999,12.45,12.6,12.75,12.9,13.049999999999999,13.2,13.35,13.5,13.65,13.799999999999999,13.95,14.1,14.25,14.399999999999999,14.549999999999999,14.7,14.85,15.0,15.149999999999999",2007R_GLUT1_647_WGA_594_0002.nd2,2007,M,R,5.5,Homo,Experimental,0,False,3.1619217081850532,False,"[12.98576512 13.0636121  13.40258007 13.35053381 13.69661922 13.79448399
 14.20062278 14.2522242  15.00177936 15.6975089  16.53870107 17.27001779
 18.1819395  18.87233096 19.16325623 19.46708185 19.41503559 19.57562278
 19.8180605  20.28247331 20.27624555 20.38256228 21.41770463 21.93371886
 22.68950178 24.33229537 24.9475089  24.96263345 26.51423488 27.29270463
 29.76912811 32.83674377 39.53603203 44.02268683 47.80960854 51.32606762
 52.31450178 52.91281139 54.29048043 54.04537367 55.9341637  59.01823843
 60.82161922 62.19039146 63.57918149 62.43104982 58.57428826 55.1161032
 52.24021352 50.05293594 46.73709964 42.11788256 40.01690391 32.17482206
 29.31717082 25.07428826 23.14412811 21.07339858 19.32339858 19.63879004
 18.70507117 18.48843416 18.3180605  17.63567616 17.79448399 17.41948399
 17.33763345 16.93594306 16.81272242 16.69439502 16.51245552 16.761121
 16.48798932 16.45862989 16.72731317 16.07606762 16.08985765 16.18016014
 16.11521352 15.88478648 16.09074733 15.88211744 15.91281139 15.93282918
 15.9297153  15.89457295 15.91770463 15.8047153  15.68060498 15.88434164
 15.636121   15.64368327 15.59608541 15.45462633 15.68149466 15.46886121
 15.4274911  15.75       15.53914591 15.55338078 15.4430605  15.30204626]","[ 2.00934164  2.07562278  2.13745552  2.15969751  2.23932384  2.28870107
  2.38656584  2.45284698  2.78647687  3.11298932  3.55782918  4.22419929
  5.21797153  6.73265125  7.47019573  8.06405694  8.92259786  9.21396797
 12.4230427  13.73620996 15.80382562 18.78158363 19.89412811 20.76379004
 21.17393238 20.05738434 20.15702847 19.77357651 18.9252669  18.48532028
 17.2477758  16.04359431 12.56316726  9.66147687  6.77446619  5.5044484
  5.16459075  5.0524911   4.53336299  4.61699288  4.16637011  3.79181495
  3.6405694   3.35097865  3.16192171  3.1841637   3.08229537  3.10409253
  3.05382562  3.04403915  3.1797153   3.16637011  3.26734875  3.39546263
  3.45640569  3.47864769  3.55827402  3.58096085  3.59030249  3.5613879
  3.52446619  3.42615658  3.56672598  3.51067616  3.6094306   3.56850534
  3.69039146  3.82295374  3.66548043  3.79893238  3.76290036  3.71396797
  3.71040925  3.66325623  3.67081851  3.67126335  3.64012456  3.59386121
  3.60898577  3.5747331   3.56405694  3.52846975  3.52179715  3.64323843
  3.55204626  3.53336299  3.55782918  3.61565836  3.77135231  3.75756228
  3.91548043  4.00756228  4.0022242   4.01290036  4.113879    4.19172598
  4.33985765  4.4297153   4.64590747  4.79537367  5.49822064  5.94572954]","[ 4.90169039  5.27135231  5.61432384  6.10142349  6.83051601  8.02624555
  8.66903915 10.59297153 16.27491103 24.07428826 35.96485765 45.71396797
 47.77891459 39.1997331  34.69439502 32.68683274 30.8180605  29.86432384
 26.3180605  25.03247331 24.26067616 22.93594306 22.48532028 22.1294484
 22.06761566 22.0133452  21.98131673 21.90613879 21.7588968  21.55115658
 21.26423488 20.92348754 19.46174377 17.26957295 14.10898577 12.0524911
 11.136121   10.90035587 10.22686833 10.32161922  9.51868327  8.88078292
  8.48131673  8.09653025  8.05604982  8.45640569  9.29314947 10.03425267
 10.77179715 11.15435943 12.41948399 13.90124555 14.83718861 17.51512456
 18.58585409 19.14546263 18.80071174 17.79092527 15.78291815 15.73754448
 15.22553381 14.5636121  13.98131673 12.94661922 12.46574733 12.00266904
 11.37188612 10.75800712 10.30871886  9.93994662  9.88523132 10.02624555
  9.85898577  9.70106762  9.43950178  9.23709964  8.77224199  8.48354093
  8.15524911  7.8594306   7.56717082  7.38879004  7.38033808  7.23487544
  7.1405694   6.95640569  6.79537367  6.62455516  6.48576512  6.28291815
  6.18104982  6.02402135  5.97286477  5.85631673  5.86521352  5.77669039
  5.625       5.64635231  5.49644128  5.46129893  5.39012456  5.32428826]","[0.50088968 0.59608541 0.64234875 0.75622776 0.96574733 1.20284698
 1.29893238 1.64368327 2.62455516 3.72998221 5.27624555 6.33451957
 6.95106762 6.38345196 6.04982206 5.89279359 5.64323843 5.46930605
 4.81183274 4.62855872 4.42704626 4.0591637  3.90524911 3.77980427
 3.68060498 3.69128114 3.75044484 3.73754448 3.79003559 3.72108541
 3.73932384 3.78291815 3.636121   3.34475089 3.0133452  2.70062278
 2.47553381 2.41592527 2.29225979 2.26467972 2.01423488 1.96040925
 1.78158363 1.68594306 1.60720641 1.65391459 1.6774911  1.73354093
 1.8091637  1.84252669 1.92215302 2.09163701 2.12411032 2.33674377
 2.39501779 2.48532028 2.37322064 2.30960854 2.05827402 2.05071174
 1.91725979 1.89991103 1.79715302 1.7433274  1.66948399 1.64946619
 1.52758007 1.4430605  1.37855872 1.34741993 1.31939502 1.363879
 1.33451957 1.30871886 1.29359431 1.1886121  1.17037367 1.10765125
 1.03647687 1.01023132 0.93683274 0.89412811 0.90480427 0.87322064
 0.90836299 0.87855872 0.85097865 0.79137011 0.80738434 0.75578292
 0.74644128 0.72820285 0.73620996 0.6952847  0.6819395  0.68772242
 0.65702847 0.67170819 0.66281139 0.64457295 0.60409253 0.60275801]",24
22,0.15,"0.0,0.15,0.3,0.44999999999999996,0.6,0.75,0.8999999999999999,1.05,1.2,1.3499999999999999,1.5,1.65,1.7999999999999998,1.95,2.1,2.25,2.4,2.55,2.6999999999999997,2.85,3.0,3.15,3.3,3.4499999999999997,3.5999999999999996,3.75,3.9,4.05,4.2,4.35,4.5,4.6499999999999995,4.8,4.95,5.1,5.25,5.3999999999999995,5.55,5.7,5.85,6.0,6.1499999999999995,6.3,6.45,6.6,6.75,6.8999999999999995,7.05,7.199999999999999,7.35,7.5,7.6499999999999995,7.8,7.949999999999999,8.1,8.25,8.4,8.549999999999999,8.7,8.85,9.0,9.15,9.299999999999999,9.45,9.6,9.75,9.9,10.049999999999999,10.2,10.35,10.5,10.65,10.799999999999999,10.95,11.1,11.25,11.4,11.549999999999999,11.7,11.85,12.0,12.15,12.299999999999999,12.45,12.6,12.75,12.9,13.049999999999999,13.2,13.35,13.5,13.65,13.799999999999999,13.95,14.1,14.25,14.399999999999999,14.549999999999999,14.7,14.85,15.0,15.149999999999999",2007R_GLUT1_647_WGA_594_0002.nd2,2007,M,R,5.5,Homo,Experimental,0,False,3.2155818540433927,False,"[12.97810651 13.11025641 13.10808679 13.44654832 13.61420118 13.72820513
 14.18067061 14.50729783 15.73688363 16.17830375 17.28698225 17.87179487
 18.97869822 19.6209073  19.91538462 19.99191321 20.37199211 20.44654832
 21.1678501  21.41439842 22.01755424 23.75364892 25.29408284 27.86252465
 29.56765286 33.62544379 35.02149901 35.45522682 38.38915187 39.24280079
 43.22524655 47.6408284  54.01518738 58.78698225 63.51065089 65.73096647
 66.92662722 66.98086785 67.85936884 67.75443787 68.45463511 68.03885602
 67.45009862 63.67238659 59.57159763 55.63648915 49.99921105 47.07455621
 45.02386588 43.38678501 40.25404339 37.30690335 35.01025641 28.59625247
 25.76666667 22.9321499  21.52800789 20.30828402 19.20276134 19.14122288
 18.87258383 18.56587771 18.45285996 18.17120316 17.90433925 17.97179487
 17.87416174 17.57613412 17.42623274 17.28816568 17.30927022 17.24122288
 17.09447732 17.12938856 17.14812623 17.00591716 16.89566075 16.81696252
 16.61183432 16.71400394 16.56193294 16.51499014 16.63786982 16.59289941
 16.57021696 16.48382643 16.5678501  16.37416174 16.52761341 16.43964497
 16.46725838 16.41104536 16.31242604 16.19072978 16.32623274 16.2
 16.23313609 16.26568047 16.19230769 16.17218935 16.26410256 16.02840237]","[ 1.89408284  1.91577909  1.94891519  1.97968442  2.02879684  2.0642998
  2.11341223  2.12859961  2.35877712  2.58422091  3.00591716  3.33234714
  3.77948718  4.53629191  4.85364892  5.06508876  5.23037475  5.37948718
  6.29447732  6.94930966  7.4678501   8.79329389  9.71005917 10.73155819
 10.91676529 10.74201183 10.45404339 10.16252465  9.08185404  8.93668639
  7.55897436  6.21321499  4.87100592  4.22662722  3.76824458  3.51558185
  3.39092702  3.34102564  3.33017751  3.30374753  3.21558185  3.13629191
  3.03846154  3.03688363  3.00769231  3.01499014  3.02169625  3.09881657
  3.0530572   3.1199211   3.17278107  3.12189349  3.18422091  3.34497041
  3.34418146  3.41321499  3.47159763  3.45285996  3.48619329  3.52564103
  3.54201183  3.47179487  3.54358974  3.54733728  3.53372781  3.47751479
  3.55088757  3.48599606  3.55877712  3.55522682  3.58382643  3.53629191
  3.60512821  3.54615385  3.55996055  3.45739645  3.5729783   3.55246548
  3.57968442  3.5877712   3.54122288  3.54497041  3.56074951  3.51637081
  3.5678501   3.56824458  3.61932939  3.54161736  3.58757396  3.66370809
  3.69546351  3.80039448  3.89013807  4.10729783  4.04536489  4.26982249
  4.59704142  4.83412229  4.84635108  4.76134122  4.59270217  4.44595661]","[ 4.88619329  5.18224852  5.5260355   5.95857988  6.66015779  7.82209073
  8.43155819 10.38126233 15.88540434 23.32327416 34.23905325 42.24674556
 43.38856016 36.42859961 32.76548323 31.15207101 29.20650888 28.45581854
 25.00552268 23.82268245 22.97948718 21.76252465 20.97061144 20.09704142
 19.71400394 18.63688363 18.34023669 18.1765286  17.66548323 17.4270217
 16.75877712 15.87100592 14.27080868 12.92209073 11.40157791 10.66824458
 10.5443787  10.38441815 10.182643   10.22879684 10.09684418  9.9974359
  9.94891519  9.92327416 10.05522682 10.1566075  10.72110454 11.23668639
 11.70216963 11.95956607 12.7418146  13.55207101 14.07771203 15.46804734
 15.67869822 15.75976331 15.52189349 14.91301775 14.00414201 14.0642998
 13.73313609 13.54122288 13.10769231 12.3061144  11.99822485 11.59053254
 11.08757396 10.62189349 10.06232742  9.74990138  9.71163708  9.76942801
  9.65266272  9.52623274  9.26370809  8.91025641  8.47120316  8.29033531
  7.96765286  7.76666667  7.4729783   7.30966469  7.32583826  7.22820513
  7.20631164  7.01242604  6.79211045  6.76903353  6.60828402  6.5035503
  6.29013807  6.2433925   6.1408284   6.00907298  6.07357002  5.96548323
  5.84595661  5.77692308  5.67179487  5.55207101  5.49802761  5.44003945]","[0.50493097 0.60138067 0.66311637 0.77613412 0.95108481 1.23550296
 1.36568047 1.79763314 2.94635108 4.24556213 5.97692308 7.10295858
 7.35976331 6.67475345 6.11558185 5.94536489 5.68047337 5.56272189
 4.98067061 4.82978304 4.64970414 4.32859961 4.13609467 3.91794872
 3.84457594 3.70828402 3.6147929  3.61065089 3.48145957 3.42781065
 3.27140039 3.07613412 2.75700197 2.48441815 2.16449704 2.04595661
 2.05226824 2.00374753 1.94753452 1.90670611 1.87593688 1.80157791
 1.76449704 1.75996055 1.74674556 1.76765286 1.84635108 1.88402367
 1.92130178 1.99309665 2.02307692 2.13609467 2.18145957 2.28816568
 2.32682446 2.30118343 2.21183432 2.12938856 1.98954635 1.99723866
 1.94102564 1.91952663 1.8852071  1.77159763 1.72051282 1.65384615
 1.59112426 1.49783037 1.43392505 1.35187377 1.3433925  1.38698225
 1.35739645 1.35069034 1.29802761 1.25009862 1.21360947 1.17712032
 1.13964497 1.117357   1.1199211  1.10848126 1.10118343 1.1260355
 1.1183432  1.13076923 1.0913215  1.08994083 1.07317554 1.04891519
 1.03195266 1.017357   1.04240631 1.02051282 1.017357   1.02741617
 0.9765286  0.93767258 0.85088757 0.80335306 0.77357002 0.74852071]",25
23,0.15,"0.0,0.15,0.3,0.44999999999999996,0.6,0.75,0.8999999999999999,1.05,1.2,1.3499999999999999,1.5,1.65,1.7999999999999998,1.95,2.1,2.25,2.4,2.55,2.6999999999999997,2.85,3.0,3.15,3.3,3.4499999999999997,3.5999999999999996,3.75,3.9,4.05,4.2,4.35,4.5,4.6499999999999995,4.8,4.95,5.1,5.25,5.3999999999999995,5.55,5.7,5.85,6.0,6.1499999999999995,6.3,6.45,6.6,6.75,6.8999999999999995,7.05,7.199999999999999,7.35,7.5,7.6499999999999995,7.8,7.949999999999999,8.1,8.25,8.4,8.549999999999999,8.7,8.85,9.0,9.15,9.299999999999999,9.45,9.6,9.75,9.9,10.049999999999999,10.2,10.35,10.5,10.65,10.799999999999999,10.95,11.1,11.25,11.4,11.549999999999999,11.7,11.85,12.0,12.15,12.299999999999999,12.45,12.6,12.75,12.9,13.049999999999999,13.2,13.35,13.5,13.65,13.799999999999999,13.95,14.1,14.25,14.399999999999999,14.549999999999999,14.7,14.85,15.0,15.149999999999999",2007R_GLUT1_647_WGA_594_0002.nd2,2007,M,R,5.5,Homo,Experimental,0,False,2.8038730015762217,False,"[13.1130376  13.20535915 13.30893943 13.77640171 13.91578473 14.35104706
 14.30984013 15.00630489 16.3683855  17.37446521 18.75928845 19.40914209
 20.44179239 21.37446521 21.88358478 22.17878856 22.38797568 23.15334384
 24.71425355 26.06755235 27.18058996 31.83134429 35.35397433 39.91938753
 41.75546048 45.13578023 46.19815357 46.69286197 48.473542   49.41702319
 51.84733168 55.09389777 59.47421752 63.83179464 68.06957892 71.20423328
 71.07047962 71.51745102 71.70547174 71.67890115 71.1952263  69.96532313
 67.60819635 63.22697591 56.90159874 52.51407341 45.30398559 41.1396082
 37.92681828 35.95744202 31.79103805 27.87930646 26.38122045 22.32537717
 20.97297906 20.00540419 19.12497185 18.74037379 18.05516776 18.08916911
 17.84800721 17.7129025  17.78833596 17.31659536 17.22157172 17.263229
 16.99549651 16.7234857  16.82819185 16.79756812 16.84620581 16.61585229
 16.59513623 16.82256249 16.57622157 16.57532087 16.54492231 16.51024544
 16.67214591 16.49786084 16.64917811 16.55257825 16.55460482 16.51114614
 16.63026345 16.57306913 16.52420626 16.86331907 16.89732042 17.1846431
 17.07250619 17.19927944 17.28281918 17.263229   17.22044585 17.20288223
 17.02904751 17.00495384 16.67619905 16.74149966 16.43210989 16.31569466]","[1.88493583 1.89124071 1.91691061 1.9434812  1.94010358 1.98626435
 2.00450349 2.00022517 2.19500113 2.38369737 2.7014186  2.98716505
 3.32267507 3.67102004 3.92704346 3.94775951 3.96149516 4.01733844
 4.12925017 4.10695789 4.10605719 4.0441342  4.0009007  3.88065751
 3.86894844 3.7491556  3.72483675 3.71335285 3.58297681 3.50866922
 3.31321774 3.21098852 3.11776627 2.9761315  2.9407791  2.85408692
 2.82053592 2.82436388 2.82841702 2.803873   2.78495834 2.75230804
 2.76154019 2.76086467 2.80049538 2.87863094 2.96960144 3.00112587
 2.9867147  2.99076785 3.16865571 3.07160549 3.17721234 3.19139833
 3.27809052 3.26548075 3.25534789 3.2429633  3.36680928 3.31569466
 3.26683179 3.22630038 3.21977032 3.24251295 3.23598289 3.29565413
 3.29227651 3.23845981 3.30015762 3.32852961 3.32965548 3.24724161
 3.33415897 3.31997298 3.28822337 3.29452826 3.32132403 3.26345418
 3.32222472 3.28371988 3.26345418 3.24656609 3.28281918 3.34924567
 3.27628912 3.25512272 3.30308489 3.27516325 3.33596037 3.30984013
 3.30511146 3.24431434 3.29362756 3.32267507 3.32402612 3.37761765
 3.45958118 3.51159649 3.50416573 3.43751407 3.49943706 3.52195451]","[ 4.96780005  5.32357577  5.66854312  6.1607746   6.91848683  8.16280117
  8.74938077 10.65210538 16.25624859 23.23891016 32.89709525 39.21053817
 39.08961946 33.44021617 31.03107408 29.63859491 28.64084666 27.90362531
 25.42422878 24.44359379 23.58185093 22.24228777 21.47196577 20.46768746
 19.97725737 18.8277415  18.57104256 18.36725963 17.64354875 17.42175186
 16.33956316 15.33145688 14.18847107 13.16820536 11.95001126 11.10403062
 10.83472191 10.60526908 10.24251295 10.28642198  9.83021842  9.54019365
  9.45215042  9.63994596 10.14771448 10.91758613 12.49425805 13.65390678
 14.47511822 15.07340689 16.17541094 17.27516325 17.77077235 18.62823688
 18.62756136 18.16235082 17.78248142 17.00990768 15.78878631 15.90204909
 15.37266381 15.12947534 14.59941455 13.72213465 13.11101103 12.57577122
 11.88921414 11.35622608 10.71898221 10.35555055 10.32042333 10.34316595
 10.20288223 10.02702094  9.82819185  9.54109435  9.10267958  8.87998199
  8.44517001  8.19274938  7.92794416  7.74532763  7.76108984  7.63026345
  7.57982436  7.45530286  7.22089619  7.06665166  6.83404639  6.68700743
  6.44742175  6.37288899  6.24701644  6.15221797  6.14050889  6.06597613
  5.89596938  5.81941004  5.74059896  5.60932222  5.53704121  5.44269309]","[0.48930421 0.58432785 0.66651655 0.75028147 0.93672596 1.16617879
 1.28349471 1.64782707 2.56090971 3.63319072 4.95969376 5.90249944
 6.17113263 5.95856789 5.76446746 5.67102004 5.56136005 5.50664265
 5.31772123 5.20018014 5.1024544  4.88380995 4.72168431 4.58680477
 4.44179239 4.23012835 4.11078586 4.16437739 4.0009007  3.91398334
 3.71920739 3.54604819 3.28236884 3.07160549 2.74893042 2.59198379
 2.52150417 2.43593785 2.36410718 2.37739248 2.22179689 2.13420401
 2.12857465 2.13938302 2.17203333 2.2535465  2.43481198 2.53906778
 2.6325152  2.72753884 2.79216393 2.89146589 2.96870074 2.91398334
 2.83719883 2.71718082 2.58207611 2.45417699 2.22607521 2.24679126
 2.19094798 2.13623058 2.07768521 1.96217068 1.89687007 1.82188696
 1.71830669 1.64197253 1.50889439 1.50101329 1.45732943 1.53546499
 1.47016438 1.43683855 1.41612249 1.33753659 1.30308489 1.27223598
 1.19477595 1.17068228 1.12767395 1.10290475 1.11506417 1.1139383
 1.09862644 1.0556181  1.00878181 0.97815807 0.94145463 0.88020716
 0.88223373 0.84665616 0.83111912 0.83089394 0.80905202 0.81017789
 0.78630939 0.77505066 0.72843954 0.71537942 0.67957667 0.67102004]",26
24,0.15,"0.0,0.15,0.3,0.44999999999999996,0.6,0.75,0.8999999999999999,1.05,1.2,1.3499999999999999,1.5,1.65,1.7999999999999998,1.95,2.1,2.25,2.4,2.55,2.6999999999999997,2.85,3.0,3.15,3.3,3.4499999999999997,3.5999999999999996,3.75,3.9,4.05,4.2,4.35,4.5,4.6499999999999995,4.8,4.95,5.1,5.25,5.3999999999999995,5.55,5.7,5.85,6.0,6.1499999999999995,6.3,6.45,6.6,6.75,6.8999999999999995,7.05,7.199999999999999,7.35,7.5,7.6499999999999995,7.8,7.949999999999999,8.1,8.25,8.4,8.549999999999999,8.7,8.85,9.0,9.15,9.299999999999999,9.45,9.6,9.75,9.9,10.049999999999999,10.2,10.35,10.5,10.65,10.799999999999999,10.95,11.1,11.25,11.4,11.549999999999999,11.7,11.85,12.0,12.15,12.299999999999999,12.45,12.6,12.75,12.9,13.049999999999999,13.2,13.35,13.5,13.65,13.799999999999999,13.95,14.1,14.25,14.399999999999999,14.549999999999999,14.7,14.85,15.0,15.149999999999999",2007R_GLUT1_647_WGA_594_0002.nd2,2007,M,R,5.5,Homo,Experimental,0,False,3.1969135802469135,False,"[12.77592593 12.88271605 13.04259259 12.9345679  13.45493827 13.96049383
 14.05308642 14.20864198 15.30493827 16.19567901 17.05555556 17.6882716
 18.28024691 18.6345679  18.81419753 19.21728395 19.27962963 19.22962963
 19.9617284  20.00864198 20.61604938 21.6962963  22.62592593 23.82716049
 25.10864198 27.89074074 29.03703704 29.44814815 31.99012346 33.82222222
 37.87098765 42.37098765 52.91419753 59.30987654 68.09197531 73.10555556
 74.14938272 75.04753086 76.10617284 76.86975309 77.77901235 76.56296296
 73.61975309 69.52407407 63.9308642  59.54320988 51.65679012 46.73271605
 43.3537037  41.45246914 36.46296296 31.73024691 29.6691358  24.21604938
 22.50123457 21.00493827 20.05061728 19.28024691 18.59691358 18.10061728
 18.4617284  18.25432099 18.34135802 17.92962963 17.69320988 17.76111111
 17.14444444 17.00987654 17.07777778 17.34567901 16.80802469 17.05
 17.17283951 16.90432099 16.81296296 16.70617284 16.83703704 16.62962963
 16.42469136 16.91049383 16.65432099 16.40185185 16.62469136 16.44876543
 16.60987654 16.43888889 16.53765432 16.27962963 16.24444444 15.95246914
 15.93580247 16.22654321 16.37407407 16.17654321 16.01111111 16.12654321
 16.2808642  15.84753086 15.96604938 15.97098765 16.13209877 15.93271605]","[ 2.00925926  2.0308642   2.09753086  2.16049383  2.20679012  2.2808642
  2.32901235  2.38333333  2.80802469  3.07777778  3.72283951  4.34012346
  5.33024691  7.17037037  7.97283951  8.17901235  9.06419753  9.23333333
 11.28395062 12.06111111 12.35864198 13.38209877 13.14074074 12.50555556
 12.30061728 12.37283951 12.30061728 12.29814815 11.9654321  11.9654321
 10.85432099  9.43271605  7.17592593  5.55432099  4.34444444  3.8882716
  3.69876543  3.47962963  3.4691358   3.45185185  3.19691358  3.10740741
  2.97901235  2.92407407  2.9962963   3.12345679  3.35        3.70925926
  3.73765432  3.69320988  3.73148148  3.7308642   3.65740741  3.64814815
  3.70432099  3.69506173  3.71666667  3.47407407  3.40987654  3.47654321
  3.36975309  3.41666667  3.42345679  3.39259259  3.42098765  3.3617284
  3.52037037  3.52283951  3.57098765  3.59382716  3.6308642   3.62037037
  3.61296296  3.5117284   3.53703704  3.68395062  3.81111111  3.92160494
  4.05740741  4.14567901  4.25123457  4.14876543  4.15246914  4.15
  4.15987654  4.01049383  4.02839506  4.02592593  4.02160494  4.25493827
  4.33209877  4.2617284   4.21049383  4.16604938  4.10061728  4.04135802
  3.99444444  4.24814815  4.23148148  4.19814815  4.22777778  4.0691358 ]","[ 4.74876543  5.14382716  5.45617284  6.05        6.75432099  7.97592593
  8.61358025 10.45246914 15.64753086 21.33518519 28.36049383 33.55308642
 34.65       31.0308642  28.70740741 27.22345679 26.30061728 25.65925926
 22.67777778 21.58024691 20.92777778 19.35740741 18.5882716  17.93024691
 17.64753086 17.20802469 17.07716049 16.81049383 16.72407407 16.45679012
 15.8617284  14.94444444 13.48518519 12.17962963 10.77469136  9.72407407
  9.3308642   9.11111111  8.77469136  8.6345679   8.05246914  7.65925926
  7.55802469  7.53333333  7.75493827  8.42098765 10.46296296 12.0617284
 12.96975309 13.7882716  14.57098765 15.2382716  15.37469136 16.80864198
 17.24259259 17.47283951 17.17839506 16.34259259 14.68333333 14.67037037
 13.99814815 13.65987654 13.26851852 12.35802469 12.08148148 11.60987654
 11.07901235 10.52345679  9.91358025  9.73271605  9.51604938  9.53395062
  9.4882716   9.20308642  9.05617284  8.6117284   8.28271605  8.10246914
  7.79382716  7.62098765  7.3382716   7.19814815  7.26851852  7.16296296
  7.1191358   6.99506173  6.83518519  6.77530864  6.57777778  6.46296296
  6.35555556  6.2308642   6.09012346  6.09691358  6.00432099  5.97530864
  5.75185185  5.69444444  5.55740741  5.41666667  5.34506173  5.26234568]","[0.50432099 0.59506173 0.67283951 0.77716049 1.00864198 1.30061728
 1.39074074 1.79567901 2.77222222 3.71481481 4.8462963  5.61111111
 5.97283951 5.71604938 5.38765432 5.29938272 5.1154321  5.08395062
 4.69382716 4.46049383 4.32283951 4.03765432 3.87345679 3.73765432
 3.72592593 3.53271605 3.56666667 3.51790123 3.5382716  3.51728395
 3.32222222 3.24012346 2.94691358 2.64197531 2.30864198 2.09567901
 2.02469136 1.9462963  1.82407407 1.83148148 1.62222222 1.58950617
 1.52407407 1.56419753 1.60555556 1.75555556 2.10679012 2.26666667
 2.40925926 2.4654321  2.56358025 2.64012346 2.59938272 2.62716049
 2.59012346 2.56234568 2.37901235 2.23950617 2.00679012 1.99382716
 1.98209877 1.92407407 1.87160494 1.71296296 1.68518519 1.59814815
 1.53703704 1.41419753 1.32716049 1.27098765 1.32962963 1.28395062
 1.23888889 1.26358025 1.20740741 1.10432099 1.08888889 1.04135802
 1.03580247 0.96975309 0.97654321 0.90864198 0.93518519 0.90740741
 0.93641975 0.88271605 0.86790123 0.82777778 0.80987654 0.81358025
 0.7691358  0.78024691 0.79938272 0.75308642 0.7617284  0.73580247
 0.72283951 0.71358025 0.66851852 0.68765432 0.63888889 0.61358025]",27
25,0.15,"0.0,0.15,0.3,0.44999999999999996,0.6,0.75,0.8999999999999999,1.05,1.2,1.3499999999999999,1.5,1.65,1.7999999999999998,1.95,2.1,2.25,2.4,2.55,2.6999999999999997,2.85,3.0,3.15,3.3,3.4499999999999997,3.5999999999999996,3.75,3.9,4.05,4.2,4.35,4.5,4.6499999999999995,4.8,4.95,5.1,5.25,5.3999999999999995,5.55,5.7,5.85,6.0,6.1499999999999995,6.3,6.45,6.6,6.75,6.8999999999999995,7.05,7.199999999999999,7.35,7.5,7.6499999999999995,7.8,7.949999999999999,8.1,8.25,8.4,8.549999999999999,8.7,8.85,9.0,9.15,9.299999999999999,9.45,9.6,9.75,9.9,10.049999999999999,10.2,10.35,10.5,10.65,10.799999999999999,10.95,11.1,11.25,11.4,11.549999999999999,11.7,11.85,12.0,12.15,12.299999999999999,12.45,12.6,12.75,12.9,13.049999999999999,13.2,13.35,13.5,13.65,13.799999999999999,13.95,14.1,14.25,14.399999999999999,14.549999999999999,14.7,14.85,15.0,15.149999999999999",2007R_GLUT1_647_WGA_594_0002.nd2,2007,M,R,5.5,Homo,Experimental,0,True,39.398938858009096,False,"[13.15361294 13.37443153 13.46260738 13.90146539 13.98079838 14.54573017
 14.6988378  15.2475998  16.58337544 17.63567458 19.01389591 20.02602324
 21.07806973 22.47827185 23.00404245 23.43683679 23.96513391 24.43481556
 26.6816574  27.67635169 29.80368873 33.80570995 37.45022739 41.469429
 43.98837797 48.59626074 50.31379485 51.14754927 54.5048004  55.83729156
 59.94188984 64.14173825 69.4378474  73.11773623 77.29787772 79.62329459
 80.84310258 80.98964123 81.76705407 81.41536129 82.15032845 81.097524
 79.28473977 75.53991915 67.79787772 61.4421425  50.67306721 45.37417888
 42.05659424 39.53739262 35.49368368 31.92647802 29.73799899 24.96058615
 23.35194543 21.61217787 20.58716523 19.72839818 19.10333502 19.22789288
 18.91485599 18.64830723 18.353714   18.20944922 18.10156645 17.93633148
 17.58792319 17.21677615 17.23319859 17.32061647 17.33476503 17.01515917
 17.09373421 17.1104093  16.96184942 17.01086407 16.8360283  16.78802425
 16.74002021 16.81707933 16.75896918 16.49393633 16.81076301 16.67129864
 16.52930773 16.54118242 16.40474987 16.51743305 16.49216776 16.34436584
 16.3585144  16.38251642 16.31783729 16.41839313 16.24153613 16.29813037
 16.28069732 16.46210207 16.30949975 16.36104093 16.17433047 16.3676099 ]","[ 2.15992926  2.22056594  2.27741283  2.32566953  2.402476    2.52400202
  2.54926731  2.64552804  3.00985346  3.25593734  3.73345124  4.16321374
  4.77412835  5.40803436  5.56518444  5.75442142  5.95351187  6.19429005
  7.21905003  8.02400202  8.87594745 11.78372916 14.04749874 17.40474987
 18.73623042 21.92849924 22.7304194  23.16245579 25.18266801 25.53360283
 27.23521981 29.28827691 32.20667004 34.35775644 36.951238   38.20515412
 38.60282971 38.90121273 39.10156645 39.15462355 39.39893886 39.34663972
 39.31606872 38.73218797 38.07579586 37.13188479 34.33552299 32.25972713
 30.52652855 29.65689742 27.27311774 24.91889843 23.41308742 17.54573017
 14.60409298 10.81556342  8.67483578  7.21450227  6.24355735  6.30621526
  5.99418898  5.90096008  5.69429005  5.55507832  5.52425467  5.34866094
  5.1988378   5.03815058  4.82844871  4.64325417  4.50631632  4.60535624
  4.64022233  4.44492168  4.37822132  4.21323901  4.09929257  3.96235472
  3.94188984  3.88175846  3.88302173  3.95376453  3.92572006  3.9383527
  3.91965639  3.83299646  3.88807479  3.82819606  3.91839313  3.87948459
  3.91131885  3.85320869  3.7963618   3.78044467  3.83451238  3.83097524
  3.86937847  3.85295604  3.98332491  4.11925215  4.21197575  4.52475998]","[ 5.04295099  5.3494189   5.62935826  6.13769581  6.87038909  8.06442648
  8.68822638 10.54219303 15.89944416 22.85876705 32.7963618  39.6988378
 40.50252653 36.09221829 34.1243052  32.98206165 32.22031329 32.02425467
 30.27084386 29.61748358 28.9871147  27.57402729 26.66523497 25.32440627
 24.86205154 23.64173825 23.06518444 22.90474987 22.00277918 21.41435068
 20.44062658 19.11571501 17.56442648 16.27640222 14.96664982 14.0224861
 13.60080849 13.47296614 12.94416372 13.02122284 12.45452249 12.00227388
 11.67887822 11.5310763  12.00808489 12.68216271 14.50934816 15.77943406
 16.47246084 16.92900455 17.48736736 18.05811016 18.27614957 18.47953512
 18.21576554 17.55406771 16.89439111 15.91056089 14.47296614 14.42521475
 14.0176857  13.68519454 13.25416877 12.64325417 12.19959576 11.8322385
 11.22233451 10.78928752 10.15715008  9.82844871  9.8713997   9.81051036
  9.81632137  9.63870642  9.46513391  9.20742799  8.78600303  8.56821627
  8.26326427  8.05179384  7.78903487  7.63137948  7.55861546  7.46488125
  7.43380495  7.29358262  7.01010611  6.91182415  6.69075291  6.5573522
  6.41738252  6.25846387  6.19479535  6.08312279  6.08084891  5.98004042
  5.81328954  5.74254674  5.63845376  5.60586155  5.5578575   5.44492168]","[0.56771097 0.67635169 0.73673573 0.86028297 1.030571   1.25770591
 1.420667   1.84461849 2.86407276 4.05836281 5.64805457 6.66953007
 6.99242041 6.6500758  6.39034866 6.35093482 6.21121779 6.25012633
 6.08160687 5.98383022 5.94062658 5.78852956 5.7208186  5.59929257
 5.49166246 5.34360788 5.25997979 5.21121779 4.96715513 4.88302173
 4.70616473 4.40550783 3.85042951 3.54471956 3.10737746 2.86912582
 2.81051036 2.74684184 2.61899949 2.64982314 2.48307226 2.39919151
 2.34209197 2.38150581 2.48079838 2.64906518 3.07680647 3.26629611
 3.41889843 3.46563921 3.54421425 3.54977261 3.55381506 3.37923194
 3.18671046 2.90853967 2.70414351 2.49494694 2.19176352 2.20085902
 2.11015664 2.06568974 1.99898939 1.85118747 1.81227893 1.73244063
 1.64957049 1.56114199 1.48762001 1.42875189 1.46361799 1.44365841
 1.46184942 1.42117231 1.40853967 1.36887317 1.30697322 1.25997979
 1.21601819 1.17559373 1.12102072 1.09828196 1.09247094 1.09474482
 1.06063669 1.0353714  0.9909045  0.95098535 0.93885801 0.89792825
 0.8628095  0.84537645 0.81808994 0.80090955 0.80570995 0.79914098
 0.78170793 0.75012633 0.71601819 0.73774634 0.73673573 0.72637696]",28
26,0.15,"0.0,0.15,0.3,0.44999999999999996,0.6,0.75,0.8999999999999999,1.05,1.2,1.3499999999999999,1.5,1.65,1.7999999999999998,1.95,2.1,2.25,2.4,2.55,2.6999999999999997,2.85,3.0,3.15,3.3,3.4499999999999997,3.5999999999999996,3.75,3.9,4.05,4.2,4.35,4.5,4.6499999999999995,4.8,4.95,5.1,5.25,5.3999999999999995,5.55,5.7,5.85,6.0,6.1499999999999995,6.3,6.45,6.6,6.75,6.8999999999999995,7.05,7.199999999999999,7.35,7.5,7.6499999999999995,7.8,7.949999999999999,8.1,8.25,8.4,8.549999999999999,8.7,8.85,9.0,9.15,9.299999999999999,9.45,9.6,9.75,9.9,10.049999999999999,10.2,10.35,10.5,10.65,10.799999999999999,10.95,11.1,11.25,11.4,11.549999999999999,11.7,11.85,12.0,12.15,12.299999999999999,12.45,12.6,12.75,12.9,13.049999999999999,13.2,13.35,13.5,13.65,13.799999999999999,13.95,14.1,14.25,14.399999999999999,14.549999999999999,14.7,14.85,15.0,15.149999999999999",2007R_GLUT1_647_WGA_594_0002.nd2,2007,M,R,5.5,Homo,Experimental,0,False,4.6337040205303675,True,"[12.83301967 12.98443114 13.20359281 13.40650128 13.54850299 14.03199316
 14.24174508 14.7635586  15.86843456 17.17125749 18.02600513 18.72814371
 19.61214713 20.60958084 21.13344739 21.54491018 21.74405475 22.04875962
 23.78819504 24.81420017 26.29957228 29.28263473 31.83952096 35.22155689
 36.26911891 38.72780154 39.63507271 39.82994012 41.48195038 41.76218991
 43.79195894 45.44721985 47.25491873 49.03729683 50.41317365 51.08366125
 51.78220701 51.59674936 52.01317365 51.77365269 51.97399487 51.34080411
 50.24174508 47.99589393 44.89324209 43.10983747 40.62207015 38.8075278
 37.42651839 36.17792985 33.54405475 30.60034217 28.75825492 23.94268606
 22.32540633 20.3760479  19.40581694 18.59555175 18.05868263 18.06689478
 17.7988024  17.62532079 17.44311377 17.18477331 17.21351583 16.96047904
 17.09734816 16.75585971 16.55380667 16.72882806 16.58939264 16.70265184
 16.69512404 16.68229256 16.48349016 16.52814371 16.23507271 16.39538067
 16.36715141 16.35568862 16.33344739 16.13567151 16.30983747 16.15928144
 16.38648417 16.1182207  15.95226689 16.08691189 16.00821215 15.97964072
 15.84191617 15.95380667 15.84841745 15.90881095 15.89923011 15.81950385
 15.83301967 15.78699743 16.01950385 15.92780154 16.09957228 15.86501283]","[1.93088109 1.93139435 1.94610778 1.97690334 2.01745081 2.03370402
 2.05851155 2.05218135 2.28109495 2.40786997 2.71907613 3.01402908
 3.37074423 3.67117194 3.77467921 3.7962361  3.83883661 3.86963216
 3.91497006 3.8905047  3.82053037 3.89734816 3.89905902 3.89649273
 4.00598802 4.09016253 4.22908469 4.21112062 4.31531223 4.40479042
 4.62857143 4.74781865 4.71052181 4.49666382 4.59041916 4.6439692
 4.55021386 4.51753636 4.63370402 4.5988024  4.59435415 4.45491873
 4.24550898 4.1673225  4.07373824 4.10778443 4.08964927 4.11137725
 4.02532079 3.88725406 3.96783576 3.91411463 3.90846878 3.86740804
 3.79777588 3.7295124  3.70898204 3.64721985 3.66124893 3.60906758
 3.65166809 3.61420017 3.64208725 3.6176219  3.65748503 3.627716
 3.59315654 3.56834902 3.49221557 3.53036784 3.45508982 3.50350727
 3.49751925 3.44123182 3.41796407 3.40735672 3.39640719 3.3597947
 3.33413174 3.28913601 3.34080411 3.34473909 3.32266895 3.41454234
 3.34559453 3.36988879 3.3988024  3.38032506 3.38032506 3.38631309
 3.35483319 3.29923011 3.38528657 3.34319932 3.36013687 3.44003422
 3.4754491  3.48075278 3.51890505 3.52780154 3.53413174 3.50829769]","[ 4.74542344  5.06621044  5.34371257  5.7887083   6.50094098  7.66963216
  8.2667237  10.11377246 14.86107784 20.85355004 28.62343884 33.2352438
 32.44944397 26.98853721 24.61727973 23.47647562 22.4314799  21.82155689
 19.82087254 19.19982891 18.57519247 17.48520103 16.5849444  15.43712575
 14.99674936 13.79264328 13.50521814 13.35226689 12.72848589 12.47630453
 11.87202737 11.19657827 10.63130881 10.23627032 10.09392643 10.01967494
 10.04448246  9.98922156  9.96680924 10.02155689 10.01368691  9.98391788
  9.88605646  9.77040205  9.88656972 10.16680924 11.01864842 11.52899914
 11.89871685 12.15637297 12.60359281 12.95808383 13.42412318 14.45628743
 14.83387511 15.26911891 15.17998289 14.8075278  13.85098375 13.86877673
 13.53002566 13.29991446 12.83712575 12.31514115 11.82480753 11.48845167
 10.92797263 10.48041061  9.86894782  9.57827203  9.5320787   9.5421728
  9.52010265  9.2905047   9.03216424  8.77810094  8.36954662  8.16218991
  7.80735672  7.67989735  7.4150556   7.31497006  7.3043627   7.16253208
  7.10333618  6.98528657  6.77553464  6.67579127  6.47476476  6.3433704
  6.2225834   6.10367836  6.0465355   5.89803251  5.92711719  5.85372113
  5.70521814  5.60479042  5.53857998  5.46364414  5.36612489  5.29170231]","[0.45064157 0.54576561 0.60102652 0.706929   0.90487596 1.12557742
 1.25218135 1.58015398 2.47562019 3.46809239 4.60102652 5.24619333
 5.34114628 4.80444825 4.59931565 4.45235244 4.35842601 4.25457656
 4.00804106 3.79897348 3.66894782 3.44379812 3.2566296  3.00017109
 2.87305389 2.58152267 2.48400342 2.48229256 2.36116339 2.29101796
 2.12147134 2.00102652 1.84208725 1.76629598 1.69495295 1.70983747
 1.73088109 1.68708298 1.71839179 1.67596236 1.69837468 1.67254063
 1.65440547 1.62942686 1.65645851 1.70230967 1.80872541 1.86963216
 1.93721129 1.95551754 1.99897348 2.04704876 2.08896493 2.17878529
 2.19503849 2.2025663  2.13293413 2.05731394 1.89016253 1.91856287
 1.88075278 1.8540633  1.81471343 1.72095808 1.67373824 1.61471343
 1.54662104 1.46894782 1.36509837 1.33413174 1.33481608 1.35072712
 1.34371257 1.30145423 1.26467066 1.18323353 1.16680924 1.10008554
 1.08520103 1.03849444 1.00547476 0.98887938 0.98306245 0.96988879
 0.96561163 0.96886228 0.9043627  0.88588537 0.85988024 0.82360992
 0.79897348 0.77878529 0.78716852 0.7546621  0.76869119 0.7508982
 0.74730539 0.70915312 0.65919589 0.64585115 0.64345595 0.64739093]",29
27,0.15,"0.0,0.15,0.3,0.44999999999999996,0.6,0.75,0.8999999999999999,1.05,1.2,1.3499999999999999,1.5,1.65,1.7999999999999998,1.95,2.1,2.25,2.4,2.55,2.6999999999999997,2.85,3.0,3.15,3.3,3.4499999999999997,3.5999999999999996,3.75,3.9,4.05,4.2,4.35,4.5,4.6499999999999995,4.8,4.95,5.1,5.25,5.3999999999999995,5.55,5.7,5.85,6.0,6.1499999999999995,6.3,6.45,6.6,6.75,6.8999999999999995,7.05,7.199999999999999,7.35,7.5,7.6499999999999995,7.8,7.949999999999999,8.1,8.25,8.4,8.549999999999999,8.7,8.85,9.0,9.15,9.299999999999999,9.45,9.6,9.75,9.9,10.049999999999999,10.2,10.35,10.5,10.65,10.799999999999999,10.95,11.1,11.25,11.4,11.549999999999999,11.7,11.85,12.0,12.15,12.299999999999999,12.45,12.6,12.75,12.9,13.049999999999999,13.2,13.35,13.5,13.65,13.799999999999999,13.95,14.1,14.25,14.399999999999999,14.549999999999999,14.7,14.85,15.0,15.149999999999999",2007R_GLUT1_647_WGA_594_0002.nd2,2007,M,R,5.5,Homo,Experimental,0,False,12.35375345217173,False,"[12.54092393 12.68541301 12.66834045 12.95141853 13.20123023 13.40296259
 13.6359528  14.08347979 15.16947025 16.03828772 16.8404469  17.29337183
 17.67587246 17.8157168  17.94413758 18.01719809 18.00213407 18.01355762
 18.11737384 18.08548833 18.27579714 18.44953553 18.64574441 19.06088376
 19.04142606 19.634823   19.71980919 19.77742907 20.24378609 20.48192317
 21.4348481  23.0647753  25.63720813 28.69696209 32.79500377 36.10996736
 37.44903339 37.92719056 40.10243535 39.92530756 43.1161185  44.94112478
 47.42405222 49.36003013 50.32714035 49.76035652 47.89769018 46.16947025
 44.35325132 43.3412001  41.58825006 39.55837309 37.93924178 33.79023349
 31.96824002 28.09590761 24.8153402  22.16733618 20.0003766  20.07343711
 19.55410495 19.2719056  19.05636455 18.59728848 18.22194326 18.14787848
 17.79977404 17.43497364 17.34848104 17.2467989  17.14160181 17.19018328
 17.22407733 17.14612101 16.98543811 16.76813959 16.82462968 16.72257093
 16.64913382 16.63030379 16.60042681 16.45493347 16.51418529 16.56640723
 16.55862415 16.41990962 16.38111976 16.45869947 16.3213658  16.34772784
 16.28835049 16.23763495 16.28772282 16.18742154 16.31584233 16.27090133
 16.21240271 16.23374341 16.19118755 16.23776048 16.05171981 16.22457946]","[ 1.97614863  1.98154657  2.05059001  2.06038162  2.11210143  2.13871454
  2.18880241  2.19269395  2.40484559  2.60318855  2.9516696   3.29538037
  3.69394928  4.04142606  4.20989204  4.30303791  4.4299523   4.47363796
  4.82488074  5.05171981  5.70273663  6.5921416   7.28722069  8.07958825
  8.39417524  9.17499372  9.32952548  9.56766257 10.00891288 10.01117248
 10.24479036 10.28420788 10.13771027 10.39668592 11.10130555 11.89241778
 12.21554105 12.21215164 12.74366056 12.52460457 12.92580969 12.73851368
 12.85877479 12.51920663 12.35375345 12.28157168 12.26525232 12.32739141
 12.18114487 12.30542305 12.10620136 11.98782325 11.78684409 11.28571429
 10.90170726 10.14373588  9.50979161  8.6127291   7.21466231  7.37923676
  6.78420788  6.32889782  5.85161938  5.16055737  4.78395682  4.54858147
  4.16344464  4.02623651  3.87434095  3.77692694  3.76362039  3.7471755
  3.73851368  3.73336681  3.67850866  3.65089129  3.53540045  3.55021341
  3.55548581  3.52837057  3.51908109  3.47087622  3.50702988  3.56389656
  3.51468742  3.53351745  3.46861662  3.46673362  3.45367813  3.41990962
  3.38965604  3.43786091  3.39229224  3.40095405  3.4093648   3.45305046
  3.48995732  3.51719809  3.4988702   3.53025358  3.61800151  3.73876475]","[ 4.80341451  5.13293999  5.44049711  5.89141351  6.5677881   7.55184534
  8.24516696 10.01682149 15.69533015 23.18152147 32.96346975 38.95267386
 36.88589003 29.29224203 26.69696209 25.30492091 23.95593774 23.33165955
 21.49221692 20.75395431 20.455059   20.27178007 20.2516947  20.18177253
 20.05787095 20.01117248 19.89229224 19.9295757  19.84722571 19.67034898
 19.52799397 19.13432086 18.4554356  17.71064524 16.35839819 15.22093899
 14.66683404 14.46058248 13.73047954 13.70964097 12.61109716 11.80893799
 10.90911373 10.11260357  9.50841075  9.3168466   9.25684158  9.38827517
  9.49096159  9.60896309  9.89668592 10.3153402  10.68516194 11.99623399
 12.57808185 13.51129802 13.99008285 14.35425559 14.18214913 14.1374592
 14.04933467 13.87132814 13.6115993  13.10005021 12.79349736 12.35325132
 11.71654532 11.24152649 10.44614612 10.02698971  9.94853126  9.98656791
  9.87308561  9.66495104  9.46359528  9.13683153  8.76625659  8.5423048
  8.19457695  8.05297514  7.74956063  7.60507155  7.60494602  7.46635702
  7.40723073  7.27102686  7.04368566  6.90359026  6.65227216  6.53627919
  6.37283455  6.25922671  6.18679387  6.07494351  6.08159679  6.0202109
  5.83253829  5.71265378  5.63808687  5.51192568  5.4325885   5.34295757]","[0.51795129 0.5925182  0.65503389 0.74491589 0.9344715  1.14348481
 1.25119257 1.61775044 2.62026111 3.83517449 5.24780316 6.1351996
 6.26613106 5.91965855 5.76512679 5.68189807 5.61260357 5.64361034
 5.70549837 5.76726086 5.92555862 6.08034145 6.03075571 5.80517198
 5.59979915 5.14474015 4.99347226 4.99384886 4.69018328 4.56351996
 4.23474768 3.91990962 3.60896309 3.38902837 3.10783329 2.91526488
 2.76223952 2.74817976 2.60431835 2.61059503 2.42719056 2.26249058
 2.11436103 2.01757469 1.89091137 1.81119759 1.69470249 1.64624655
 1.66507658 1.66369571 1.66997238 1.71303038 1.74767763 1.89856892
 1.95593774 2.07644991 2.14122521 2.18026613 2.11021843 2.10620136
 2.10067788 2.03816219 2.00941501 1.9108712  1.8636706  1.771529
 1.66595531 1.56301783 1.4558122  1.41965855 1.39907105 1.42442882
 1.41338187 1.35438112 1.32299774 1.25583731 1.24466483 1.21152398
 1.15202109 1.1149887  1.09314587 1.0659051  1.06452423 1.0460708
 1.05623902 1.02711524 1.00238514 0.96397188 0.92505649 0.88978157
 0.86756214 0.85626412 0.83417022 0.81408486 0.81483806 0.80969119
 0.77705247 0.74140095 0.70022596 0.68729601 0.69394928 0.67850866]",30
28,0.15,"0.0,0.15,0.3,0.44999999999999996,0.6,0.75,0.8999999999999999,1.05,1.2,1.3499999999999999,1.5,1.65,1.7999999999999998,1.95,2.1,2.25,2.4,2.55,2.6999999999999997,2.85,3.0,3.15,3.3,3.4499999999999997,3.5999999999999996,3.75,3.9,4.05,4.2,4.35,4.5,4.6499999999999995,4.8,4.95,5.1,5.25,5.3999999999999995,5.55,5.7,5.85,6.0,6.1499999999999995,6.3,6.45,6.6,6.75,6.8999999999999995,7.05,7.199999999999999,7.35,7.5,7.6499999999999995,7.8,7.949999999999999,8.1,8.25,8.4,8.549999999999999,8.7,8.85,9.0,9.15,9.299999999999999,9.45,9.6,9.75,9.9,10.049999999999999,10.2,10.35,10.5,10.65,10.799999999999999,10.95,11.1,11.25,11.4,11.549999999999999,11.7,11.85,12.0,12.15,12.299999999999999,12.45,12.6,12.75,12.9,13.049999999999999,13.2,13.35,13.5,13.65,13.799999999999999,13.95,14.1,14.25,14.399999999999999,14.549999999999999,14.7,14.85,15.0,15.149999999999999",2007R_GLUT1_647_WGA_594_0002.nd2,2007,M,R,5.5,Homo,Experimental,0,False,5.635208711433757,True,"[12.82032668 13.53559185 13.43678161 13.76890502 14.09860859 14.430732
 14.55011091 14.94636015 15.88989716 16.78987699 17.89050212 18.60939706
 19.98366606 21.46521476 21.93930228 22.49526114 22.96733212 23.71849163
 25.54769107 26.91611212 28.85702763 32.35874168 35.60536398 39.45674531
 40.99516031 44.97217181 46.05505142 46.80842912 48.77293809 49.49445453
 52.16475096 55.20266183 59.64750958 62.40068562 64.57451099 65.02681992
 64.79713652 64.49183303 63.80479935 63.3738657  60.78080258 57.9374874
 53.69509982 47.90965921 41.16757411 36.54809437 29.9548296  27.32264569
 25.24581569 24.32486388 22.93647913 21.70155273 21.1163541  19.38737649
 18.77999597 18.26799758 17.80217786 17.48759831 17.1050615  17.03589433
 16.9969752  16.96168582 16.51804799 16.71546683 16.56785642 16.3712442
 16.17180883 16.01351079 16.23754789 16.0369026  16.21818915 16.05626134
 16.10788465 16.07138536 15.85662432 16.02964307 15.92478322 15.96329905
 15.70840895 15.66727163 16.02177858 15.76608187 15.94736842 15.77434967
 15.82314983 15.73482557 15.73200242 15.78443235 15.52470256 15.73321234
 15.60778383 15.70861061 15.61625328 15.73119581 15.62532769 15.72312966
 15.79753983 15.63359548 15.64367816 15.57330107 15.57975398 15.45432547]","[1.97136519 2.00645291 2.05847953 2.0625126  2.12038717 2.09780198
 2.13571285 2.15063521 2.32930026 2.52046784 2.90280298 3.14559387
 3.55575721 3.75236943 3.85238959 3.95039322 4.00604961 4.08550111
 4.18047994 4.31357128 4.52692075 4.76406534 5.07562008 5.45795523
 5.69147005 6.06634402 6.18592458 6.07541843 6.1302682  6.09356725
 6.24299254 6.37346239 6.13349466 6.01814882 5.87174834 5.63520871
 5.50050413 5.62996572 5.25831821 5.30792498 5.05484977 4.8949385
 4.79149022 4.64065336 4.4502924  4.42790885 4.4194394  4.3908046
 4.23956443 4.21818915 4.14982859 4.10344828 4.03791087 3.95321637
 3.95825771 3.89836661 3.86247227 3.81649526 3.8271829  3.86811857
 3.85017141 3.7989514  3.81165558 3.78967534 3.77676951 3.77273644
 3.77858439 3.82940109 4.02440008 4.02903811 4.107683   4.0794515
 4.09538213 4.17100222 4.2183908  4.164146   4.09155072 3.97963299
 3.99939504 3.98628756 4.03186126 4.02117362 3.98628756 4.14337568
 4.06452914 4.20367009 4.42145594 4.54325469 4.86509377 5.16858238
 5.43778988 5.56059689 5.56503327 5.64065336 5.6656584  5.60012099
 5.4759024  5.51603146 5.37346239 5.3768905  5.37507562 5.42669893]","[ 4.7138536   5.00766284  5.30812664  5.65517241  6.27021577  7.17120387
  7.8128655   9.27586207 14.03246622 20.40411373 29.9969752  38.93627748
 42.36438798 35.24863884 31.61080863 29.01209921 26.81649526 25.59729784
 21.36237145 19.69267998 18.36075822 16.79693487 15.76950998 14.67332123
 14.16333938 13.21576931 12.92558984 12.82476306 12.28372656 12.11695906
 11.48638838 10.67775761  9.89554346  9.37850373  9.13450292  9.18511797
  9.3174027   9.37366405  9.59830611  9.58338375 10.08993749 10.78382738
 11.69187336 13.42347247 15.78322242 17.74389998 20.06876386 20.94212543
 21.23754789 21.36317806 21.36922767 21.09538213 20.71869328 19.43778988
 18.8753781  17.86489212 17.04799355 16.03831418 14.52470256 14.64085501
 14.11413591 13.82758621 13.29380924 12.54325469 12.15043356 11.6713047
 11.07602339 10.51199839  9.72272636  9.41701956  9.21919742  9.26436782
  9.19963702  9.00604961  8.77999597  8.46501311  8.02137528  7.85158298
  7.54345634  7.34402097  7.14115749  7.03972575  6.99374874  6.92135511
  6.85400282  6.74672313  6.57289776  6.4984876   6.28533979  6.1584997
  5.97398669  5.90885259  5.87356322  5.72010486  5.74551321  5.6626336
  5.55253075  5.46118169  5.41540633  5.34341601  5.25045372  5.22605364]","[0.48134705 0.53438193 0.6035491  0.71103045 0.86368219 1.07420851
 1.2123412  1.49687437 2.41036499 3.47106271 4.79874975 5.97660819
 6.47731397 5.97922968 5.65658399 5.42649728 5.21758419 5.13167977
 4.67896753 4.52510587 4.36095987 4.08126638 3.87396653 3.68804194
 3.55091752 3.26194797 3.16575923 3.1445856  2.94394031 2.91893527
 2.71002218 2.49485783 2.28755798 2.11373261 2.03307118 1.97439
 2.01714055 1.99475701 1.98588425 1.99415205 2.02540835 2.07723331
 2.21294616 2.34462593 2.62068966 2.85339786 3.04859851 3.11574914
 3.11554749 3.12139544 3.05807623 2.96450897 2.94010889 2.6942932
 2.60133091 2.48396854 2.3369631  2.20387175 1.96672716 1.98084291
 1.90562613 1.82032668 1.78140754 1.6912684  1.64125832 1.5579754
 1.52187941 1.40653358 1.30691672 1.28191168 1.25166364 1.25509175
 1.26376286 1.23593466 1.20306513 1.11272434 1.08449284 1.06896552
 1.00665457 0.99395039 0.94938496 0.92720307 0.93567251 0.89050212
 0.91691873 0.88485582 0.84250857 0.84654164 0.78886872 0.76789675
 0.74934463 0.71546683 0.72897762 0.71405525 0.69590643 0.70800565
 0.65839887 0.6456947  0.62391611 0.61242186 0.60859044 0.60496068]",31
29,0.15,"0.0,0.15,0.3,0.44999999999999996,0.6,0.75,0.8999999999999999,1.05,1.2,1.3499999999999999,1.5,1.65,1.7999999999999998,1.95,2.1,2.25,2.4,2.55,2.6999999999999997,2.85,3.0,3.15,3.3,3.4499999999999997,3.5999999999999996,3.75,3.9,4.05,4.2,4.35,4.5,4.6499999999999995,4.8,4.95,5.1,5.25,5.3999999999999995,5.55,5.7,5.85,6.0,6.1499999999999995,6.3,6.45,6.6,6.75,6.8999999999999995,7.05,7.199999999999999,7.35,7.5,7.6499999999999995,7.8,7.949999999999999,8.1,8.25,8.4,8.549999999999999,8.7,8.85,9.0,9.15,9.299999999999999,9.45,9.6,9.75,9.9,10.049999999999999,10.2,10.35,10.5,10.65,10.799999999999999,10.95,11.1,11.25,11.4,11.549999999999999,11.7,11.85,12.0,12.15,12.299999999999999,12.45,12.6,12.75,12.9,13.049999999999999,13.2,13.35,13.5,13.65,13.799999999999999,13.95,14.1,14.25,14.399999999999999,14.549999999999999,14.7,14.85,15.0,15.149999999999999",2007R_GLUT1_647_WGA_594_0002.nd2,2007,M,R,5.5,Homo,Experimental,0,False,4.592581775700935,False,"[12.63609813 12.79468458 12.6828271  12.94129673 13.1515771  13.28183411
 13.51139019 13.85922897 14.4734229  15.48685748 15.86915888 16.6994743
 16.97517523 17.07389019 17.2380257  17.23948598 17.27424065 17.45035047
 17.50788551 17.6921729  17.57973131 17.61711449 17.79176402 18.08966121
 17.8823014  18.20765187 18.2041472  18.3411215  18.1994743  18.43399533
 18.62178738 18.88084112 19.12266355 19.98744159 20.62383178 21.72313084
 22.08761682 22.37675234 23.18078271 23.50116822 25.02716121 26.82973131
 29.75934579 33.57768692 38.48948598 41.82155374 48.44626168 51.43078271
 53.55227804 54.76752336 56.61945093 57.98101636 59.25788551 61.7426986
 62.41880841 63.12120327 62.84258178 63.14398364 61.94509346 62.25087617
 61.72400701 62.12091121 61.74678738 61.87061916 62.4567757  63.11390187
 63.11098131 63.00788551 62.8676986  62.8291472  61.93720794 62.69772196
 62.16442757 61.85280374 61.73101636 60.61594626 59.15274533 58.22780374
 57.5671729  57.57505841 57.75905374 57.59345794 57.93691589 58.17464953
 59.1296729  59.7140771  61.02132009 61.60776869 62.13931075 61.96758178
 60.58031542 59.71057243 58.81425234 57.44100467 57.2260514  56.36010514
 54.72313084 53.98948598 51.55957944 49.20706776 45.96845794 43.41851636]","[ 1.93341121  1.95093458  2.01839953  2.04935748  2.07330607  2.12324766
  2.21174065  2.24824766  2.50350467  2.69509346  3.16325935  3.65070093
  4.39719626  5.44129673  5.92348131  6.37441589  6.8916472   7.37120327
  9.41325935 10.81308411 12.37353972 13.42990654 12.46524533 10.72955607
  9.82096963  8.22809579  7.70882009  7.59813084  6.73422897  6.54818925
  5.73685748  5.24941589  4.49912383  4.2666472   4.20473131  4.16910047
  4.16734813  4.1083528   4.22108645  4.09141355  4.31279206  4.4328271
  4.52628505  4.69509346  4.79643692  4.73598131  4.64982477  4.65508178
  4.57067757  4.53037383  4.53650701  4.43224299  4.5073014   4.59258178
  4.51693925  4.43954439  4.36390187  4.20122664  4.28650701  4.26518692
  4.23101636  4.24357477  4.25876168  4.26898364  4.27978972  4.3630257
  4.40478972  4.48306075  4.48656542  4.47751168  4.51956776  4.4614486
  4.4926986   4.53417056  4.53621495  4.54935748  4.5192757   4.61915888
  4.68720794  4.65771028  4.66413551  4.68253505  4.62821262  4.83761682
  4.7786215   4.68983645  4.74503505  4.80315421  4.84375     4.78066589
  4.60075935  4.57535047  4.4807243   4.34287383  4.39865654  4.45648364
  4.28475467  4.36127336  4.46991822  4.61068925  4.98919393  5.19567757]","[ 4.94158879  5.31454439  5.60134346  6.1223715   6.83148364  7.91647196
  8.67610981 10.5671729  16.18983645 23.64690421 33.76839953 41.27920561
 42.20502336 36.96115654 34.73452103 33.79234813 33.02540888 32.41384346
 31.07535047 30.27248832 29.55110981 27.30169393 25.42056075 23.82739486
 23.28125    22.70765187 22.55110981 22.52832944 22.14836449 22.18049065
 21.82827103 21.71641355 21.44596963 21.49883178 21.99445093 22.33265187
 22.49970794 22.54614486 22.49445093 22.39982477 22.40478972 21.83089953
 21.35864486 20.46553738 19.52570093 18.71699766 17.21875    16.46962617
 15.82009346 15.56834112 14.8823014  14.31483645 13.87470794 12.95181075
 12.50087617 11.93165888 11.56191589 11.15741822 10.55198598 10.43866822
 10.26723131 10.125      10.10864486  9.82535047  9.71086449  9.56921729
  9.38317757  9.19889019  8.7619743   8.60514019  8.52190421  8.55315421
  8.48306075  8.31892523  8.25584112  8.09550234  7.77832944  7.67464953
  7.47634346  7.38376168  7.24766355  7.17494159  7.20911215  7.12470794
  7.13639019  7.02424065  6.98627336  6.95151869  6.80286215  6.74211449
  6.72897196  6.57505841  6.53884346  6.40420561  6.39310748  6.30549065
  6.21261682  6.10660047  6.09871495  6.0551986   5.9375      5.93662383]","[0.51635514 0.58002336 0.65566589 0.76518692 0.90946262 1.15216121
 1.26752336 1.60251168 2.58790888 3.7546729  5.04380841 6.03417056
 6.41588785 6.24561916 6.0338785  5.94334112 5.95327103 5.94334112
 5.93078271 5.92961449 5.91764019 5.75204439 5.75087617 5.55169393
 5.50584112 5.22079439 5.17669393 5.16676402 4.96524533 4.97809579
 4.81746495 4.64281542 4.36915888 4.22196262 4.00350467 3.92231308
 3.83352804 3.82242991 3.75846963 3.81892523 3.63317757 3.43224299
 3.3098715  3.19450935 2.98101636 2.79935748 2.54497664 2.41063084
 2.32564252 2.28212617 2.2307243  2.10221963 2.07155374 1.9228972
 1.84608645 1.83966121 1.79205607 1.70589953 1.62149533 1.58002336
 1.54818925 1.52102804 1.50817757 1.49591121 1.44976636 1.39982477
 1.37149533 1.3364486  1.2786215  1.26781542 1.21261682 1.24795561
 1.26139019 1.22546729 1.18603972 1.12383178 1.12850467 1.09491822
 1.05665888 1.0432243  1.02073598 1.01285047 0.9926986  1.01752336
 1.0265771  1.0026285  0.96349299 0.95268692 0.9401285  0.9348715
 0.92260514 0.90537383 0.88434579 0.87149533 0.87733645 0.87149533
 0.8463785  0.81921729 0.8151285  0.79702103 0.76401869 0.76752336]",32
30,0.15,"0.0,0.15,0.3,0.44999999999999996,0.6,0.75,0.8999999999999999,1.05,1.2,1.3499999999999999,1.5,1.65,1.7999999999999998,1.95,2.1,2.25,2.4,2.55,2.6999999999999997,2.85,3.0,3.15,3.3,3.4499999999999997,3.5999999999999996,3.75,3.9,4.05,4.2,4.35,4.5,4.6499999999999995,4.8,4.95,5.1,5.25,5.3999999999999995,5.55,5.7,5.85,6.0,6.1499999999999995,6.3,6.45,6.6,6.75,6.8999999999999995,7.05,7.199999999999999,7.35,7.5,7.6499999999999995,7.8,7.949999999999999,8.1,8.25,8.4,8.549999999999999,8.7,8.85,9.0,9.15,9.299999999999999,9.45,9.6,9.75,9.9,10.049999999999999,10.2,10.35,10.5,10.65,10.799999999999999,10.95,11.1,11.25,11.4,11.549999999999999,11.7,11.85,12.0,12.15,12.299999999999999,12.45,12.6,12.75,12.9,13.049999999999999,13.2,13.35,13.5,13.65,13.799999999999999,13.95,14.1,14.25,14.399999999999999,14.549999999999999,14.7,14.85,15.0,15.149999999999999",2007R_GLUT1_647_WGA_594_0002.nd2,2007,M,R,5.5,Homo,Experimental,0,False,3.1530982440864896,False,"[12.80031926 12.93934117 12.99579161 13.268321   13.55318531 13.72659991
 13.95486867 14.31359745 15.67958206 16.598752   17.49470324 18.25555072
 19.25177768 20.32244957 20.6367726  21.1259614  21.84907851 22.10361341
 23.34813525 24.11812509 25.7636047  27.742853   29.34929618 31.2493107
 32.14990567 34.54172109 34.90132056 35.01146423 36.37207952 36.74517487
 38.05151647 39.76157307 42.06994631 44.06515745 46.64547961 48.51690611
 49.41895226 49.63517632 51.27717312 51.15919315 52.55608765 52.46321289
 51.75867073 49.61152228 45.70526774 42.2035989  36.17805834 33.15237266
 30.99361486 29.46771151 27.711798   25.18226672 23.494413   21.01001306
 20.3951531  19.22928457 18.67305181 18.27310985 17.6936584  17.80380206
 17.51139167 17.62356697 17.41851691 17.38078653 17.17312437 16.88347119
 16.88913075 16.78319547 16.57698447 16.52038891 16.69336816 16.69322304
 16.55797417 16.54709041 16.30692207 16.43752721 16.38064142 16.38847772
 16.29574808 16.39007401 16.39979684 16.23508925 16.33884777 16.39674938
 16.38412422 16.30692207 16.10245247 16.16543317 16.11014367 16.20853287
 16.01973589 16.13728051 16.08257147 15.97779713 16.00943259 16.04382528
 16.07604121 15.96183428 15.88680888 15.97141199 15.92482949 15.95182122]","[1.94674213 1.96285009 2.01538238 2.04846902 2.08271659 2.14047308
 2.19445654 2.23450878 2.494413   2.72848643 3.16673923 3.72210129
 4.54738064 5.52604847 5.90567407 6.22043245 6.57393702 6.73951531
 7.56044116 8.21187056 8.96270498 9.60325062 9.6626034  9.11797997
 8.76926426 8.32375562 8.20388913 8.11696416 7.90727035 7.76694239
 7.46785662 6.89188797 6.03685967 5.17921927 4.4115513  3.91554201
 3.762734   3.6953998  3.5401248  3.46132637 3.30837324 3.15309824
 3.1156581  3.02379916 3.0767668  3.09200406 3.20316355 3.21651429
 3.24336091 3.24321579 3.35190829 3.35858366 3.39892614 3.49644464
 3.49760557 3.53286896 3.55187926 3.49731534 3.46408359 3.45711798
 3.46713104 3.35277899 3.35176317 3.35945436 3.34929618 3.3623567
 3.3183863  3.33928312 3.31853142 3.35089247 3.30184298 3.31446815
 3.30982441 3.34334639 3.3063416  3.3209984  3.32244957 3.34349151
 3.3494413  3.36830649 3.36192135 3.32680308 3.34421709 3.37048324
 3.35306922 3.37599768 3.36743579 3.32636773 3.38891308 3.38035118
 3.4279495  3.40473081 3.39167029 3.46495429 3.4616166  3.4918009
 3.61732695 3.72718038 3.78508199 3.81468582 3.89580612 3.93252068]","[ 4.70976636  5.07807285  5.42838485  5.90001451  6.65694384  7.75025395
  8.58786823 10.2044696  15.57350167 21.06689885 27.67682484 32.41808156
 32.82252213 28.94558119 27.2554056  25.97097664 24.60194457 23.84675664
 21.48527064 20.31345233 19.0043535  17.62516326 16.79524017 15.84530547
 15.51893774 14.69743143 14.39544333 14.29806995 13.72050501 13.56174721
 12.78029314 11.92163692 10.89609636 10.05717603  9.24190974  8.84356407
  8.77985779  8.73400087  8.60876506  8.58032216  8.57945146  8.63285445
  8.78188942  9.0301843   9.58641707 10.27136845 11.95240168 12.71760267
 13.40545639 13.86300972 14.50326513 15.3011174  15.78667828 16.61398926
 16.5919315  16.25003628 15.59439849 14.53548106 13.15164708 13.20475983
 12.74575533 12.35843854 12.04092294 11.34755478 11.0017414  10.6470759
  9.99767813  9.66594108  9.06167465  8.87084603  8.71513568  8.74038601
  8.68843419  8.51574517  8.35582644  8.11870556  7.76766797  7.64664055
  7.41387317  7.26962705  7.05427369  6.96125381  6.91554201  6.83833986
  6.75634886  6.66579597  6.47206501  6.38078653  6.2234799   6.08445799
  6.00682049  5.86983021  5.84994921  5.74793209  5.73690321  5.72340734
  5.5901901   5.53040197  5.43172254  5.36772602  5.27383544  5.24568277]","[0.48367436 0.58235379 0.64954288 0.77245683 0.94427514 1.17443042
 1.33376868 1.63198375 2.59541431 3.43752721 4.35756784 5.12538093
 5.57190538 5.50399071 5.44042955 5.36090553 5.29952111 5.21462778
 5.03236105 4.86547671 4.69685097 4.40690756 4.26237121 4.02887825
 3.92715136 3.71731244 3.67972718 3.66231316 3.52793499 3.47525758
 3.29879553 3.17472065 2.97315339 2.78464664 2.57538819 2.42693368
 2.33420403 2.33289798 2.24234509 2.27891453 2.15222754 2.15483965
 2.12958932 2.16760993 2.23436366 2.30793789 2.47990132 2.62356697
 2.60978087 2.64533449 2.6669569  2.70439704 2.6997533  2.58772312
 2.51705123 2.39936149 2.24669859 2.06805979 1.86213902 1.87708605
 1.8300682  1.77318241 1.71121753 1.62893629 1.57001887 1.51560006
 1.45653751 1.39703962 1.31954724 1.29981135 1.28022058 1.29748948
 1.27310985 1.26295168 1.22101292 1.17268901 1.13147584 1.10825715
 1.06109418 1.05485416 1.00957771 0.99840371 0.99332463 0.98287622
 0.99709766 0.96517196 0.94021187 0.88143956 0.86692788 0.83717893
 0.80873603 0.78334059 0.79074155 0.73995066 0.75707444 0.74619068
 0.72224641 0.70700914 0.65462197 0.65592802 0.62748513 0.62704978]",33
31,0.15,"0.0,0.15,0.3,0.44999999999999996,0.6,0.75,0.8999999999999999,1.05,1.2,1.3499999999999999,1.5,1.65,1.7999999999999998,1.95,2.1,2.25,2.4,2.55,2.6999999999999997,2.85,3.0,3.15,3.3,3.4499999999999997,3.5999999999999996,3.75,3.9,4.05,4.2,4.35,4.5,4.6499999999999995,4.8,4.95,5.1,5.25,5.3999999999999995,5.55,5.7,5.85,6.0,6.1499999999999995,6.3,6.45,6.6,6.75,6.8999999999999995,7.05,7.199999999999999,7.35,7.5,7.6499999999999995,7.8,7.949999999999999,8.1,8.25,8.4,8.549999999999999,8.7,8.85,9.0,9.15,9.299999999999999,9.45,9.6,9.75,9.9,10.049999999999999,10.2,10.35,10.5,10.65,10.799999999999999,10.95,11.1,11.25,11.4,11.549999999999999,11.7,11.85,12.0,12.15,12.299999999999999,12.45,12.6,12.75,12.9,13.049999999999999,13.2,13.35,13.5,13.65,13.799999999999999,13.95,14.1,14.25,14.399999999999999,14.549999999999999,14.7,14.85,15.0,15.149999999999999",2007R_GLUT1_647_WGA_594_0002.nd2,2007,M,R,5.5,Homo,Experimental,0,False,2.757078592220164,False,"[13.31172268 13.73352739 13.94046044 14.32601217 14.53585605 15.11563906
 15.5078063  15.74305372 17.42127547 18.73485049 19.87192379 20.93781424
 22.845991   24.33262768 24.9830643  25.64858428 26.29293464 26.82164594
 29.29002382 31.51336332 34.75019847 40.31675046 44.67980947 50.19237894
 52.3355385  58.29081768 60.79650701 60.51892035 63.38211167 64.90632442
 69.4882244  74.72214872 79.99417835 83.10240804 86.24292141 87.14130722
 87.19608362 87.47737497 87.55649643 87.45091294 85.82931993 83.90129664
 80.57978301 74.91135221 66.96692247 61.6840434  52.01137867 47.475258
 43.60121725 40.89415189 37.11960836 32.35829585 29.75654935 24.66075681
 23.38343477 21.84757872 20.86398518 19.97327335 19.10320191 19.03466526
 19.01428949 18.97962424 18.57449061 18.20560995 17.96268854 17.93119873
 17.87721619 17.66551998 17.3680868  17.349828   17.3315692  17.3119873
 17.26329717 17.25033078 17.11114051 17.02884361 17.01455411 16.96030696
 16.94601746 16.88330246 16.70521302 16.62767928 16.89256417 16.53320984
 16.77480815 16.79253771 16.63799947 16.64170415 16.65334745 16.69515745
 16.49510453 16.47843345 16.29849166 16.46361471 16.4935168  16.36094205
 16.37179148 16.32548293 16.31119344 16.34532945 16.2950516  16.30404869]","[1.8433448  1.8602805  1.89547499 1.92220164 1.93807886 1.91320455
 1.96956867 1.97830114 2.12490077 2.27123578 2.65228897 2.87245303
 3.22413337 3.44350357 3.6110082  3.6266208  3.69012966 3.71500397
 3.74437682 3.8055041  3.80709182 3.72797036 3.57581371 3.54379465
 3.49933845 3.45250066 3.42550939 3.43265414 3.38317015 3.30643027
 3.2310135  3.14686425 3.07224133 2.88541942 2.81503043 2.77507277
 2.72770574 2.75707859 2.6813972  2.75258005 2.78512834 2.71288701
 2.73749669 2.62953162 2.79809473 2.83752315 3.05636412 3.16115374
 3.2114316  3.28684837 3.44853136 3.59618947 3.59777719 3.71077004
 3.66128605 3.47552263 3.5144218  3.41995237 3.42312781 3.39401958
 3.3760254  3.37946547 3.37126224 3.27917438 3.29478698 3.26276793
 3.24053983 3.31225192 3.412543   3.26726647 3.36993914 3.35670812
 3.30643027 3.36358825 3.37232072 3.36014819 3.34321249 3.36173591
 3.34188939 3.36570521 3.41280762 3.3929611  3.39931199 3.46811326
 3.3929611  3.3485049  3.43450648 3.42286319 3.4921937  3.56999206
 3.51204022 3.7036253  3.70415454 3.75998942 3.72929346 3.76184176
 3.8068272  3.79915322 3.89097645 3.90050278 4.03440064 4.12569463]","[ 4.75707859  5.13945488  5.40010585  5.89177031  6.64117491  7.65784599
  8.5914263  10.27520508 16.51653877 24.30219635 34.08573697 40.11590368
 37.24027521 29.65123048 27.28684837 25.84255094 24.41968775 24.0431331
 22.48319661 22.10214342 21.7102408  20.93331569 19.97671342 18.32177825
 17.48319661 16.00873247 15.47499338 15.42630325 14.60492194 14.475258
 13.5731675  12.96136544 11.8393755  11.04419159  9.95713152  9.31675046
  9.02513893  8.95977772  8.65705213  8.6671077   8.37126224  8.32045515
  8.23842286  8.61127282  9.60624504 10.63879333 12.81555967 13.78618682
 14.65123048 15.08917703 15.88197936 17.12119608 17.68324954 18.82826144
 18.78406986 18.06721355 17.27599894 16.14236571 14.52712358 14.67425245
 14.19767134 13.71712093 13.29902091 12.44297433 12.04154538 11.51627415
 10.91346917 10.43662345  9.87060069  9.65070124  9.60068801  9.56681662
  9.52394813  9.37311458  9.18682191  8.91823234  8.53559143  8.37893623
  8.08362001  7.9020905   7.59089706  7.44747288  7.41810003  7.2963747
  7.24265679  7.11775602  6.87218841  6.82138132  6.62053453  6.54591162
  6.42339243  6.23815824  6.18840963  6.09420482  6.14395343  6.05265943
  5.87271765  5.77798359  5.63720561  5.59354327  5.50463085  5.49827997]","[ 0.9020905   1.06721355  1.19872982  1.36305901  1.67292935  1.95924848
  2.24503837  2.74966922  4.29346388  6.05557026  8.13866102  9.74173062
 11.40301667 13.24424451 14.02884361 14.92458322 15.82852607 16.28684837
 18.55887801 20.19687748 22.01772956 23.31383964 23.25959248 22.84810797
 22.45594073 21.94654671 21.54035459 21.38475787 20.97803652 21.03492988
 19.89759196 18.20349299 14.95104525 11.87430537  8.65625827  6.69780365
  5.92855253  5.77798359  4.98835671  5.0391638   4.1788833   3.65863985
  3.195819    2.89309341  2.66737232  2.66049219  2.80947341  2.8838317
  2.96030696  3.02460969  3.07329981  3.17385552  3.21751786  3.09208785
  2.99947076  2.8616036   2.69251125  2.53215136  2.26382641  2.29478698
  2.18708653  2.16644615  2.0756814   1.93807886  1.84519714  1.78168828
  1.64805504  1.59222016  1.49854459  1.50198465  1.46096851  1.47949193
  1.45488224  1.48743054  1.41413072  1.32812913  1.32945224  1.32865838
  1.22598571  1.18338185  1.13045779  1.11378672  1.11166975  1.11563906
  1.09446944  1.08441387  1.07277057  1.02699127  1.          0.99841228
  0.96507012  0.9216724   0.90870601  0.90897063  0.8981212   0.88541942
  0.82455676  0.80312252  0.75707859  0.74173062  0.73352739  0.71659169]",34
32,0.15,"0.0,0.15,0.3,0.44999999999999996,0.6,0.75,0.8999999999999999,1.05,1.2,1.3499999999999999,1.5,1.65,1.7999999999999998,1.95,2.1,2.25,2.4,2.55,2.6999999999999997,2.85,3.0,3.15,3.3,3.4499999999999997,3.5999999999999996,3.75,3.9,4.05,4.2,4.35,4.5,4.6499999999999995,4.8,4.95,5.1,5.25,5.3999999999999995,5.55,5.7,5.85,6.0,6.1499999999999995,6.3,6.45,6.6,6.75,6.8999999999999995,7.05,7.199999999999999,7.35,7.5,7.6499999999999995,7.8,7.949999999999999,8.1,8.25,8.4,8.549999999999999,8.7,8.85,9.0,9.15,9.299999999999999,9.45,9.6,9.75,9.9,10.049999999999999,10.2,10.35,10.5,10.65,10.799999999999999,10.95,11.1,11.25,11.4,11.549999999999999,11.7,11.85,12.0,12.15,12.299999999999999,12.45,12.6,12.75,12.9,13.049999999999999,13.2,13.35,13.5,13.65,13.799999999999999,13.95,14.1,14.25,14.399999999999999,14.549999999999999,14.7,14.85,15.0,15.149999999999999",2007R_GLUT1_647_WGA_594_0002.nd2,2007,M,R,5.5,Homo,Experimental,0,False,3.643957345971564,True,"[13.45477883 14.01520537 14.2385466  14.56161137 15.08649289 15.57266983
 16.2685624  17.00296209 19.65541074 21.73913902 24.36413902 27.11631122
 32.34399684 38.01165087 40.08748025 41.47136651 43.49032385 44.45438389
 48.43009479 50.88902054 54.51066351 58.22097156 60.99387836 63.06773302
 64.04462875 64.18720379 64.48459716 63.96109795 64.06259874 63.87934439
 62.75138231 61.51125592 59.63349131 57.82266983 56.3657188  54.77310427
 54.14632701 54.36394155 52.80292259 52.68404423 49.80943918 46.74822275
 43.02567141 37.39079779 31.03653239 27.01066351 22.93601896 22.00059242
 21.15185624 20.76342812 20.25414692 19.51935229 19.26678515 18.49052133
 18.14375987 17.87322275 17.69826224 17.51086098 17.20240916 17.28495261
 17.1899684  17.20754344 16.92239336 16.99624803 16.80884676 16.76560032
 16.75592417 16.63586098 16.72176145 16.50651659 16.48518957 16.50434439
 16.54462875 16.36157188 16.26737757 16.27883096 16.34063981 16.44174566
 16.14632701 16.21445498 16.26658768 16.05410742 16.18364929 16.19312796
 16.16982622 16.19372038 16.19372038 16.06694313 16.2314376  16.06793049
 15.89435229 16.14178515 16.19589258 16.04166667 16.04917062 16.09261453
 16.15817536 16.07898894 15.93029226 16.00789889 16.02310427 15.9156793 ]","[1.89593207 1.89869668 1.94905213 1.96524487 1.99131122 2.0035545
 2.02053712 2.06595577 2.19727488 2.36176935 2.63625592 2.85801738
 3.10624013 3.24486572 3.24526066 3.23479463 3.26046603 3.22274882
 3.20043444 3.171406   3.18601896 3.19510269 3.23281991 3.36868088
 3.47452607 3.59735387 3.64395735 3.63230648 3.76698262 3.74269352
 3.91587678 4.14494471 4.51362559 4.70201422 5.07424961 5.42575039
 5.55588468 5.52606635 5.84755134 5.61117694 5.85545024 6.00236967
 6.19609005 6.37796209 6.27685624 6.20458136 5.5406793  5.2478278
 4.97808057 4.8171406  4.58234597 4.31279621 4.132109   3.92239336
 3.69589258 3.7128752  3.56101896 3.48242496 3.45063191 3.45556872
 3.41824645 3.36552133 3.4200237  3.35703002 3.40580569 3.35031596
 3.36176935 3.375      3.33590047 3.33767773 3.35347551 3.328594
 3.35722749 3.37598736 3.33353081 3.41745656 3.53672986 3.5821485
 3.83096367 3.9399684  3.98360979 4.04917062 4.01086098 4.05548973
 4.1471169  4.11848341 4.08827014 4.07523697 4.16666667 4.27389415
 4.24131122 4.32247235 4.27626382 4.14494471 4.13013428 4.20379147
 4.18364929 4.32879147 4.45458136 4.30706951 4.22650079 4.04620853]","[ 4.67515798  5.00296209  5.2628357   5.70556872  6.43009479  7.22255134
  8.01540284  9.54541864 15.54996051 22.49407583 31.18305687 36.39968404
 33.66923381 26.94332543 24.921406   23.46840442 21.8228673  21.1943128
 18.75197472 17.42772512 15.78199052 13.835703   12.58076619 11.40837283
 10.78515008  9.96030806  9.6956951   9.67634281  9.21090047  9.12342022
  8.72768562  8.47116904  8.38191153  8.62539494  8.96583728  9.35959716
  9.5264613   9.56812796  9.96386256  9.93246445 10.57128752 11.17219589
 11.88289889 12.89198262 14.2235387  15.39948657 17.58116114 18.40876777
 19.22472354 19.61492891 20.00691153 20.17772512 20.17278831 19.43898104
 18.88842812 17.8299763  17.00809637 15.9399684  14.59557662 14.67338073
 14.20793839 13.87006319 13.45122433 12.76421801 12.44845972 12.0092812
 11.4478673  10.84537915 10.14316746  9.80884676  9.79877567  9.79146919
  9.74842022  9.4699842   9.27606635  9.04423381  8.66824645  8.44984202
  8.12598736  7.97077409  7.70458136  7.61868088  7.5843207   7.51836493
  7.42614534  7.32701422  7.12697472  7.07543444  6.79561611  6.68108215
  6.44924961  6.31773302  6.26086098  6.13408373  6.15541074  6.08669036
  5.9306872   5.79186414  5.71623223  5.60880727  5.54265403  5.42871248]","[0.46603476 0.50651659 0.59873618 0.68621643 0.81516588 1.02409163
 1.132109   1.40975513 2.44372038 3.50335703 4.72827804 5.59261453
 5.6885861  5.2521722  5.08945498 4.95517378 4.71682464 4.68878357
 4.27014218 4.02823855 3.69391785 3.34103476 3.02823855 2.71327014
 2.63329384 2.39454976 2.39395735 2.35248815 2.31279621 2.28080569
 2.17812006 2.21504739 2.22669826 2.27981833 2.41350711 2.48459716
 2.53534755 2.55173776 2.67417062 2.60821485 2.79462875 2.92239336
 3.05924171 3.24249605 3.46465245 3.54759084 3.58530806 3.49802528
 3.50789889 3.4421406  3.35485782 3.25730648 3.1885861  2.96682464
 2.86176935 2.63704581 2.57484202 2.36058452 2.1364534  2.17733017
 2.11828594 2.06121643 1.95793839 1.86453397 1.85150079 1.75671406
 1.671406   1.578594   1.4778831  1.4478673  1.41508689 1.44964455
 1.41370458 1.38625592 1.34419431 1.29423381 1.21919431 1.21879937
 1.12223539 1.12263033 1.06654818 1.03633491 1.06121643 1.03791469
 1.00868878 1.00809637 0.9792654  0.97413112 0.88744076 0.90225118
 0.87243286 0.87045814 0.88191153 0.82168246 0.82207741 0.82187994
 0.77725118 0.75394945 0.69391785 0.71741706 0.69312796 0.68463665]",35
33,0.15,"0.0,0.15,0.3,0.44999999999999996,0.6,0.75,0.8999999999999999,1.05,1.2,1.3499999999999999,1.5,1.65,1.7999999999999998,1.95,2.1,2.25,2.4,2.55,2.6999999999999997,2.85,3.0,3.15,3.3,3.4499999999999997,3.5999999999999996,3.75,3.9,4.05,4.2,4.35,4.5,4.6499999999999995,4.8,4.95,5.1,5.25,5.3999999999999995,5.55,5.7,5.85,6.0,6.1499999999999995,6.3,6.45,6.6,6.75,6.8999999999999995,7.05,7.199999999999999,7.35,7.5,7.6499999999999995,7.8,7.949999999999999,8.1,8.25,8.4,8.549999999999999,8.7,8.85,9.0,9.15,9.299999999999999,9.45,9.6,9.75,9.9,10.049999999999999,10.2,10.35,10.5,10.65,10.799999999999999,10.95,11.1,11.25,11.4,11.549999999999999,11.7,11.85,12.0,12.15,12.299999999999999,12.45,12.6,12.75,12.9,13.049999999999999,13.2,13.35,13.5,13.65,13.799999999999999,13.95,14.1,14.25,14.399999999999999,14.549999999999999,14.7,14.85,15.0,15.149999999999999",2007R_GLUT1_647_WGA_594_0002.nd2,2007,M,R,5.5,Homo,Experimental,0,False,7.9587478057343475,True,"[13.07811586 13.28774137 13.49824459 13.68680515 14.05588063 14.48917496
 14.76316559 15.24941486 16.66208309 17.65301346 18.9110591  19.74751317
 21.07504389 22.0983031  22.62009947 23.61527209 24.07533645 24.62990053
 26.25321826 27.92671153 30.95026331 35.36483324 39.24956115 43.3483031
 45.31889994 48.54315389 49.61629608 49.96211235 52.19514336 52.10342305
 54.21035693 56.02399064 56.67495611 55.95275015 54.67817437 52.98186074
 52.45552955 52.38516676 50.87112346 51.04052077 49.11220012 46.99414862
 44.82650673 42.22483909 38.75526624 35.58967232 30.14628438 27.89291984
 25.74400234 24.92598011 23.66164424 22.0299883  21.30631949 19.82050907
 19.27954944 18.96167349 18.44353423 18.20450556 17.79300761 17.656378
 17.74882972 17.69792276 17.39716208 17.4082797  17.39365126 17.2246928
 17.27954944 17.16793446 16.99458748 16.97732592 17.02940316 16.78218256
 16.89409011 16.83016384 16.64467525 16.82445875 16.75804564 16.76623757
 16.73639555 16.61527209 16.61117613 16.74575775 16.54900527 16.59654769
 16.55646577 16.45143359 16.56158572 16.4934172  16.45772382 16.45392042
 16.5487127  16.41471621 16.50073142 16.42173786 16.44631363 16.36907548
 16.29110591 16.41588648 16.32153306 16.33850205 16.36966062 16.33016384]","[1.88589819 1.88750731 1.9550907  1.96854886 2.02296665 2.02633119
 2.02896431 2.09874195 2.28686366 2.53306027 2.84874195 3.17715038
 3.53203628 3.87799883 4.01857812 4.0683148  4.26974839 4.27296665
 4.66968988 4.8989175  5.40520772 5.93344061 6.20392042 6.63999415
 6.86658865 7.25863078 7.33762434 7.33952604 7.54637215 7.55397894
 7.71328262 7.90038034 7.95874781 7.95669982 7.96869514 7.8978935
 7.9270041  7.84215916 7.81904623 7.82226448 7.90418373 7.80485664
 7.63926273 7.56026916 7.27077238 7.12434172 6.6357519  6.29330018
 6.17188414 5.92349327 5.70304272 5.4457285  5.05456407 4.51316559
 4.30822118 3.98888239 3.89277355 3.7874488  3.69821533 3.70757753
 3.70421299 3.64877121 3.61732007 3.57387361 3.59406085 3.56334114
 3.56465769 3.51433587 3.56334114 3.56041545 3.53774137 3.5674371
 3.54373903 3.55675834 3.56977765 3.55778233 3.4738151  3.47293739
 3.52369807 3.5636337  3.55324751 3.54651843 3.50263312 3.56933879
 3.47410767 3.55090696 3.58879462 3.51228789 3.64160328 3.74093037
 3.84025746 4.00687537 4.07694558 4.25511995 4.24283207 4.44426565
 4.75321826 4.97703335 5.18387946 5.3323581  5.52179637 5.67832066]","[ 4.80368637  5.14950263  5.45538327  5.8763897   6.61395553  7.50394968
  8.31217086  9.87390287 16.37053833 23.88150965 34.07577531 41.15798713
 40.04885898 33.28188999 31.50102399 30.54856641 29.46620831 29.14350497
 28.37507314 28.05661205 27.265945   24.97674078 22.31860737 19.24517262
 17.83221182 15.68461088 14.93680515 14.78993563 13.59815682 13.36658865
 12.35356934 11.53408426 10.78203628 10.46021065 10.26331188 10.2219134
 10.26521358 10.27121123 10.33367466 10.34157402 10.55646577 10.74648917
 11.17934465 11.90389116 12.9793739  13.98200702 15.49414862 16.13823874
 16.71269748 16.92276185 17.40023406 17.87331773 18.22425395 18.32928613
 18.05602692 17.29856641 16.69294909 15.72352253 14.4925395  14.51009362
 14.09757168 13.75029257 13.25029257 12.47366881 12.1114687  11.58177297
 10.97864248 10.63604447 10.08221182  9.77165009  9.73273844  9.7593622
  9.6966062   9.46840257  9.25702165  8.95567583  8.53203628  8.36249269
  8.04593329  7.85371562  7.61556466  7.49473376  7.52194266  7.36717379
  7.31846109  7.16237566  6.96021065  6.87068461  6.58382095  6.48990638
  6.33850205  6.2153306   6.17407841  6.07197191  6.06480398  5.99839087
  5.86380925  5.81597425  5.69470451  5.59757168  5.53569339  5.46547689]","[0.48683441 0.56758338 0.63648332 0.74970743 0.91866589 1.12258631
 1.27925688 1.59098888 2.84157402 4.13472791 5.66281451 6.77413692
 6.89803979 6.31889994 6.11249269 6.04154476 5.95684611 5.8717086
 5.80105325 5.75102399 5.60371562 5.18022235 4.76711527 4.27603862
 3.94002341 3.61966062 3.48449386 3.4559684  3.20421299 3.14438268
 2.91281451 2.70655354 2.47527794 2.35064365 2.27238151 2.27574605
 2.25321826 2.23829725 2.31465769 2.27516091 2.2855471  2.35356934
 2.41705676 2.54154476 2.61746635 2.7200117  2.88224108 2.87053833
 2.96547689 2.94485079 2.95245758 2.95728496 2.92612639 2.8857519
 2.78320655 2.64994149 2.49414862 2.34230544 2.15974254 2.14131071
 2.08586893 2.01799298 1.97952019 1.86117613 1.79607958 1.72586308
 1.65520772 1.58104154 1.50160913 1.45669982 1.46006437 1.47337624
 1.44821533 1.43475717 1.38926273 1.30602692 1.2378584  1.234055
 1.17480983 1.1676419  1.11907548 1.08952604 1.09318315 1.07913985
 1.07314219 1.04505559 1.0046811  0.96620831 0.89584552 0.89174956
 0.85386191 0.80968403 0.83308953 0.80061439 0.80090696 0.77442949
 0.75175541 0.74736688 0.70567583 0.70991808 0.70099473 0.69236396]",36
34,0.15,"0.0,0.15,0.3,0.44999999999999996,0.6,0.75,0.8999999999999999,1.05,1.2,1.3499999999999999,1.5,1.65,1.7999999999999998,1.95,2.1,2.25,2.4,2.55,2.6999999999999997,2.85,3.0,3.15,3.3,3.4499999999999997,3.5999999999999996,3.75,3.9,4.05,4.2,4.35,4.5,4.6499999999999995,4.8,4.95,5.1,5.25,5.3999999999999995,5.55,5.7,5.85,6.0,6.1499999999999995,6.3,6.45,6.6,6.75,6.8999999999999995,7.05,7.199999999999999,7.35,7.5,7.6499999999999995,7.8,7.949999999999999,8.1,8.25,8.4,8.549999999999999,8.7,8.85,9.0,9.15,9.299999999999999,9.45,9.6,9.75,9.9,10.049999999999999,10.2,10.35,10.5,10.65,10.799999999999999,10.95,11.1,11.25,11.4,11.549999999999999,11.7,11.85,12.0,12.15,12.299999999999999,12.45,12.6,12.75,12.9,13.049999999999999,13.2,13.35,13.5,13.65,13.799999999999999,13.95,14.1,14.25,14.399999999999999,14.549999999999999,14.7,14.85,15.0,15.149999999999999",2007R_GLUT1_647_WGA_594_0002.nd2,2007,M,R,5.5,Homo,Experimental,0,False,3.1275429633070133,False,"[12.81235485 12.83028333 13.05211333 13.09094287 13.50645611 13.71723177
 13.86196006 14.35085927 15.36274965 16.2321412  17.04059452 17.7723177
 18.60761728 19.49159313 19.71788203 19.97947051 20.4729215  20.68769159
 21.28722712 22.13534603 23.61337668 25.68871342 27.8350209  30.25071993
 31.42006503 32.76832327 33.33042267 33.15271714 33.66316767 33.68917789
 34.18532281 34.6219229  35.71853228 37.07403623 38.6379935  39.5722248
 40.05852299 39.94974454 40.25099861 40.16674408 39.64505341 38.817464
 37.51351602 35.44254529 33.07533674 31.15290293 28.20687413 26.79879238
 25.65174176 24.73070135 23.76135625 22.28016721 21.22954018 19.46744078
 18.94575012 18.28843474 17.90980028 17.62851835 17.31806781 17.29763121
 17.2525778  17.06976312 16.97213191 16.85740827 16.84635392 16.65155597
 16.72364143 16.6904784  16.61086856 16.5270785  16.48165351 16.5605202
 16.3664654  16.44914073 16.39405481 16.41699954 16.386902   16.39600557
 16.33032977 16.29568045 16.26093823 16.36730144 16.23009754 16.20575941
 16.27626568 16.41551324 16.30915002 16.30896424 16.33748258 16.37882025
 16.51704598 16.41346958 16.41281932 16.35383186 16.3868091  16.48639108
 16.51500232 16.59962843 16.6336275  16.48787738 16.54770088 16.54946586]","[1.91221551 1.93757548 2.00250813 2.03985137 2.08481189 2.10283326
 2.16730144 2.22638179 2.51184394 2.84412448 3.38485834 4.00650255
 5.34342778 7.02786809 7.5986066  8.14565722 8.61337668 8.92429169
 9.38885276 9.74129122 9.29112866 8.11946122 6.90794241 5.79693451
 5.34426382 4.55866233 4.39033906 4.319647   4.01969345 3.98030655
 3.73246633 3.53293079 3.3212262  3.23669299 3.17742685 3.14314909
 3.16154203 3.11834649 3.12754296 3.13943335 3.1328379  3.11648862
 3.13116582 3.10301904 3.17092429 3.25462146 3.40306549 3.49605202
 3.5634928  3.5824431  3.70524849 3.81644217 3.84988388 3.8291686
 3.86149559 3.70246168 3.68583372 3.60510915 3.55308871 3.58151417
 3.54314909 3.51258709 3.53525314 3.50469113 3.52150488 3.48815606
 3.50125406 3.51843939 3.5693451  3.52392011 3.55271714 3.56618672
 3.53311658 3.57445425 3.54091965 3.54946586 3.55903391 3.56144914
 3.5707385  3.57343242 3.56460752 3.59006038 3.5430562  3.58959591
 3.56367859 3.62201579 3.67357176 3.66381793 3.74222016 3.79823502
 3.77296795 3.82638179 3.86372503 3.93553182 3.88722712 4.05044124
 4.32001858 4.39897817 4.55113795 4.54519275 4.63455643 4.62210869]","[ 4.90562007  5.28722712  5.64440316  6.08806317  6.89112866  7.85044124
  8.65954482 10.44784022 17.11147236 25.36869484 36.46474686 44.93032977
 45.4145843  38.36609382 36.3722248  35.07171389 33.65202044 33.06994891
 31.04579656 29.93320948 28.03046911 25.57575476 23.5254993  21.26233163
 20.10134696 17.74612169 16.95002322 16.71574547 15.3167673  14.85081282
 13.44496052 12.16339991 11.04876916 10.48295402 10.14361356 10.0335346
 10.06632606 10.03232699 10.15234556 10.14082675 10.3503019  10.56293544
 10.88973525 11.37343242 11.9547608  12.53934046 13.58002787 14.19916396
 14.7810497  15.17101719 15.62405945 16.43966558 16.90292615 17.67412912
 17.5254993  17.16953089 16.60250813 15.82935439 14.64932652 14.68156061
 14.23307013 13.90292615 13.4029726  12.70617743 12.33404552 11.93274501
 11.32308407 10.8482118  10.08248955  9.88713423  9.77417557  9.81672085
  9.70812819  9.49242917  9.30673479  9.00501626  8.51565258  8.36860195
  8.00399443  7.8627032   7.58383651  7.45777984  7.43994426  7.29772411
  7.2467255   7.10617743  6.87923827  6.83539248  6.62136554  6.50980028
  6.35661867  6.20501626  6.16925221  6.05081282  6.05387831  5.97045982
  5.84561078  5.75726893  5.67691593  5.58439387  5.56860195  5.49614491]","[0.49131444 0.58727357 0.66530423 0.77538319 0.9372968  1.17213191
 1.32085462 1.67914538 2.91509522 4.2393869  5.75643288 6.90413377
 7.27338597 6.71518811 6.54045518 6.3751974  6.15011612 6.02712494
 5.64078031 5.36358569 4.92503484 4.50199721 4.19154668 3.88156061
 3.66177427 3.31936832 3.18820251 3.15661867 2.9532745  2.88685555
 2.61969345 2.3664654  2.1474222  2.03232699 1.93163028 1.89140734
 1.8539712  1.88072457 1.87951695 1.85592197 1.83316303 1.85935903
 1.88555504 1.94528565 2.01207617 2.12354854 2.28676266 2.34519275
 2.4482118  2.48490478 2.53813284 2.63316303 2.6524849  2.62861124
 2.60176498 2.506549   2.39377613 2.27747329 2.0744078  2.06177427
 2.0276823  1.95606131 1.89038551 1.80771017 1.74993033 1.66790525
 1.58532281 1.52810033 1.44291686 1.40789596 1.39247562 1.40120762
 1.39433349 1.35652578 1.32605667 1.27227125 1.19786345 1.17176033
 1.11788203 1.09939619 1.04245239 1.01616349 1.02183    0.99907106
 0.99108221 0.96906642 0.94026939 0.91500232 0.85657222 0.85313516
 0.83111937 0.80956804 0.81699954 0.77974919 0.79089642 0.76925221
 0.75104505 0.74026939 0.71463075 0.70153275 0.68109614 0.69252206]",37
35,0.15,"0.0,0.15,0.3,0.44999999999999996,0.6,0.75,0.8999999999999999,1.05,1.2,1.3499999999999999,1.5,1.65,1.7999999999999998,1.95,2.1,2.25,2.4,2.55,2.6999999999999997,2.85,3.0,3.15,3.3,3.4499999999999997,3.5999999999999996,3.75,3.9,4.05,4.2,4.35,4.5,4.6499999999999995,4.8,4.95,5.1,5.25,5.3999999999999995,5.55,5.7,5.85,6.0,6.1499999999999995,6.3,6.45,6.6,6.75,6.8999999999999995,7.05,7.199999999999999,7.35,7.5,7.6499999999999995,7.8,7.949999999999999,8.1,8.25,8.4,8.549999999999999,8.7,8.85,9.0,9.15,9.299999999999999,9.45,9.6,9.75,9.9,10.049999999999999,10.2,10.35,10.5,10.65,10.799999999999999,10.95,11.1,11.25,11.4,11.549999999999999,11.7,11.85,12.0,12.15,12.299999999999999,12.45,12.6,12.75,12.9,13.049999999999999,13.2,13.35,13.5,13.65,13.799999999999999,13.95,14.1,14.25,14.399999999999999,14.549999999999999,14.7,14.85,15.0,15.149999999999999",2007R_GLUT1_647_WGA_594_0002.nd2,2007,M,R,5.5,Homo,Experimental,0,True,46.10826904858573,False,"[12.39585871 12.68642577 12.73731222 12.86669373 13.09527676 13.24401137
 13.48260928 13.94329409 14.99837596 15.86994181 16.54161592 16.93612126
 17.32643118 17.4513466  17.39951279 17.31479226 17.3816484  17.33062661
 17.45405332 17.48396265 17.78359724 17.92475301 17.9757748  18.45946677
 18.52050345 18.94234673 19.19447828 18.93124915 19.46027879 19.49871431
 20.29327379 21.34145351 23.6742455  26.62538909 31.45987278 36.08959264
 38.21071864 38.79225876 42.85897956 42.2896197  46.6574638  49.7771011
 52.5136013  53.59236703 53.80849912 53.681689   52.28095818 50.94018135
 49.1028556  48.12735147 46.53958587 43.45554202 41.31817567 34.95060225
 31.59994587 26.45188794 23.43226418 21.46623359 19.8091758  19.73379348
 19.30234132 19.02219515 18.87156584 18.49045879 18.26363513 17.99093247
 17.80159697 17.49939099 17.18256868 17.29029639 17.16497496 17.11530654
 17.18798214 17.13398295 16.93760996 16.76722155 16.69779402 16.67532819
 16.63215591 16.66260658 16.45784274 16.50439843 16.55000677 16.49127081
 16.44660983 16.37894167 16.53863852 16.3376641  16.30694275 16.41399377
 16.42806875 16.14521586 16.13168223 16.22858303 16.23264312 16.19880904
 16.04560834 16.03775883 16.04560834 15.96670727 16.08823927 15.72025985]","[ 2.21613209  2.25849235  2.35850589  2.41575315  2.50561646  2.53511977
  2.61117878  2.70036541  3.04777372  3.35552849  3.82920558  4.36919746
  5.16835837  6.26336446  6.75409392  7.14521586  7.66030586  7.92786575
  9.20246312 10.13804304 11.64744891 13.41439978 14.52713493 15.4137231
 15.94275274 16.43591826 16.39653539 16.61415618 16.52158614 16.43808364
 15.802815   15.39775342 15.94897821 18.08878062 21.72797402 25.58884829
 27.46691027 27.52199215 31.18202734 30.62146434 35.09081066 38.49005278
 41.31032616 43.97374476 46.10826905 46.7804845  45.63215591 44.67113276
 43.49668426 42.90729463 41.54134524 39.33549871 37.34456625 31.62944918
 28.75680065 22.94451211 18.52118013 13.82758154  9.74868047  9.80755177
  8.71863581  8.10542699  7.36662607  6.53769116  6.21044796  5.90648261
  5.39464068  5.19150088  4.85004737  4.79780755  4.68060631  4.74353769
  4.72174855  4.52537556  4.45879009  4.32561916  4.14778725  4.08634457
  4.01989444  3.9589931   3.88401678  3.81729598  3.77953715  3.80403302
  3.83570172  3.7909054   3.67478685  3.65989985  3.65841115  3.60779537
  3.52524022  3.62119367  3.59669779  3.58343484  3.5422926   3.60806604
  3.64311815  3.7074029   3.73744756  3.85261876  3.90946001  3.95912843]","[ 4.75125186  5.15536608  5.47015834  5.95547435  6.75043984  7.71592908
  8.64758425 10.3227771  16.15293003 21.96982    29.27811612 34.0682095
 32.77277033 27.58059277 25.81770199 24.47530112 23.21640276 22.56760049
 21.20706456 20.51860874 19.96440655 19.52280417 19.39775342 19.02463121
 18.96657193 18.77439437 18.57707403 18.67465151 18.42874543 18.32521315
 17.96372987 17.59764515 17.14115577 16.87535526 16.36256598 15.74015428
 15.45026391 15.32967925 14.60711869 14.70307213 13.66179456 12.6697794
 11.77222899 10.90391122 10.33211531 10.23494384 10.58722425 10.91568548
 11.18202734 11.34984436 11.54296928 11.94627148 12.21626742 12.90255786
 13.31601029 14.05602923 14.5378265  14.6623359  14.31276221 14.26282312
 14.0544052  13.87955068 13.55108946 12.94627148 12.57964542 12.10339694
 11.44268507 11.03545811 10.30139396  9.99959399  9.95344431  9.93571525
  9.86128028  9.6406821   9.39721207  9.12532142  8.6559751   8.46569225
  8.0954121   7.94627148  7.66883205  7.56096901  7.56773582  7.42482068
  7.38611449  7.23737989  7.03978888  6.96291785  6.70645554  6.53268372
  6.38097171  6.24022195  6.19258357  6.05995399  6.10326161  5.99052646
  5.81255921  5.75707132  5.64771958  5.54527     5.44958722  5.32670185]","[0.47503045 0.55948031 0.63364461 0.742455   0.93354987 1.13087021
 1.31438625 1.62890784 2.65462174 3.59385573 4.65705779 5.3850318
 5.530383   5.21437272 5.07592367 4.95412099 4.85113006 4.79970226
 4.67762891 4.57382596 4.49221816 4.2560563  4.09595344 3.92935445
 3.82298011 3.67356882 3.65678712 3.65245635 3.54093923 3.54202192
 3.41196373 3.3712275  3.23507917 3.19637299 3.13127622 3.05819461
 3.02084179 2.97523346 2.89606171 2.92718906 2.74083096 2.57856273
 2.45703072 2.22763567 2.08431452 2.00717282 1.95033157 1.97482745
 1.96670727 1.97672215 1.99729327 2.00960888 2.02002977 2.09378806
 2.15157667 2.23521451 2.2333198  2.1952903  2.06617946 2.0894573
 2.0652321  2.02787928 1.94464745 1.86520503 1.82284477 1.742455
 1.62890784 1.55799161 1.46907565 1.43429422 1.41697117 1.4532413
 1.41832454 1.40113683 1.36202463 1.30261199 1.22208689 1.20097442
 1.1334416  1.12843416 1.06320206 1.0346461  1.06766816 1.02557856
 1.02977399 1.00947354 0.95127893 0.94342942 0.89890378 0.87508459
 0.84503992 0.82379212 0.84300988 0.79252944 0.77791311 0.77046962
 0.72228989 0.72242523 0.67600487 0.66869671 0.64826093 0.65922317]",38
36,0.15,"0.0,0.15,0.3,0.44999999999999996,0.6,0.75,0.8999999999999999,1.05,1.2,1.3499999999999999,1.5,1.65,1.7999999999999998,1.95,2.1,2.25,2.4,2.55,2.6999999999999997,2.85,3.0,3.15,3.3,3.4499999999999997,3.5999999999999996,3.75,3.9,4.05,4.2,4.35,4.5,4.6499999999999995,4.8,4.95,5.1,5.25,5.3999999999999995,5.55,5.7,5.85,6.0,6.1499999999999995,6.3,6.45,6.6,6.75,6.8999999999999995,7.05,7.199999999999999,7.35,7.5,7.6499999999999995,7.8,7.949999999999999,8.1,8.25,8.4,8.549999999999999,8.7,8.85,9.0,9.15,9.299999999999999,9.45,9.6,9.75,9.9,10.049999999999999,10.2,10.35,10.5,10.65,10.799999999999999,10.95,11.1,11.25,11.4,11.549999999999999,11.7,11.85,12.0,12.15,12.299999999999999,12.45,12.6,12.75,12.9,13.049999999999999,13.2,13.35,13.5,13.65,13.799999999999999,13.95,14.1,14.25,14.399999999999999,14.549999999999999,14.7,14.85,15.0,15.149999999999999",2007R_GLUT1_647_WGA_594_0002.nd2,2007,M,R,5.5,Homo,Experimental,0,True,39.961089494163424,False,"[13.48597174 13.75855007 14.08027852 14.55642023 15.09911939 15.39709195
 16.21155028 16.94081507 19.50890846 21.58611509 24.0051198  26.93917674
 31.73991399 37.16199058 38.400983   39.94511571 41.83698546 42.03317633
 44.8646324  46.25926684 49.33708786 52.59471636 55.73192709 59.97849683
 61.98586934 66.3671923  67.68400573 68.25496621 70.5183289  70.93671923
 72.32910096 73.46180627 71.76182675 68.82899857 64.00143354 60.05447471
 58.08478394 57.73458939 54.35838624 54.83678067 50.82224043 47.33524473
 44.1406922  40.30514028 36.23735409 32.44706123 26.95986074 25.08949416
 23.41081302 23.15236535 22.17939791 20.93610485 20.41347532 19.2109359
 18.80913373 18.30186361 18.10137211 17.87384804 17.47839443 17.46713086
 17.39606799 17.52693017 17.3516281  17.06450952 17.26336269 17.05406512
 17.04013926 16.98586934 16.84722507 16.80913373 16.79111202 16.69035429
 16.63526521 16.66004505 16.62871186 16.62379685 16.60638951 16.61314766
 16.49293467 16.30800737 16.52221995 16.42043826 16.5469998  16.34036453
 16.24902724 16.41941429 16.31128405 16.35347123 16.32418595 16.26213393
 16.33278722 16.28179398 16.22568093 16.19823879 16.12103215 16.15257014
 16.10976858 15.92627483 16.04587344 16.0702437  15.92484129 16.00430063]","[ 2.52631579  2.61888183  2.74974401  2.8933033   3.08109769  3.32111407
  3.46180627  3.78455867  4.52242474  5.44378456  6.73520377  8.50215032
 12.72045873 18.42248618 20.38173254 22.15789474 24.44132705 25.38746672
 28.79070244 31.1798075  34.37026418 37.45422896 39.46672128 40.6328077
 41.50133115 41.72783125 41.77780053 41.62666394 41.75588777 41.49191071
 41.03338112 39.96108949 38.671923   37.59225886 36.47163629 35.10280565
 34.73909482 34.24923203 33.5052222  33.62482081 32.79561745 31.39012902
 30.19168544 28.04546385 26.21687487 23.87671513 20.04259676 18.34405079
 16.51075159 15.59082531 14.31497031 11.97829203 10.68810158  7.91808315
  6.99447061  6.24165472  5.88613557  5.3983207   5.11243088  5.12267049
  5.05570346  4.94245341  4.87958222  4.59533074  4.49805447  4.31415114
  4.20622568  3.96334221  3.93630965  3.84251485  3.79070244  3.81957813
  3.79275036  3.75936924  3.76346508  3.69219742  3.56891255  3.54863813
  3.52283432  3.52713496  3.50911325  3.52058161  3.48515257  3.48842924
  3.48453819  3.41040344  3.39176736  3.41368011  3.41839033  3.35244727
  3.36739709  3.3983207   3.43190661  3.41040344  3.45074749  3.52221995
  3.65123899  3.67479009  3.73929961  3.88572599  4.0755683   4.27626459]","[ 4.64878149  5.0053246   5.27954127  5.63383166  6.30636904  7.10874462
  7.79479828  9.39913987 15.80585706 23.47982797 33.26909687 38.97112431
 35.75322548 27.17345894 24.99651853 23.36616834 21.53061642 20.60782306
 18.27012083 16.85971739 15.13823469 13.61806267 12.51279951 11.708376
 11.36248208 10.84394839 10.63833709 10.67683801 10.37333606 10.343846
 10.02805652  9.74851526  9.58631989  9.56072087  9.68380094  9.86217489
  9.99365144 10.01126357 10.27237354 10.19291419 10.53880811 10.80319476
 11.13352447 11.60004096 12.23817325 12.88265411 14.2109359  14.98914602
 15.80360434 16.12000819 16.8203973  17.55007168 17.97542494 18.54597583
 18.69567889 18.37108335 17.74237149 16.80483309 15.08744624 15.11304526
 14.55642023 14.07659226 13.39422486 12.63669875 12.10464878 11.68400573
 11.06102806 10.74319066 10.09481876  9.94818759  9.92402212  9.82940815
  9.80094204  9.55560106  9.35183289  9.11304526  8.77718616  8.54925251
  8.20806881  8.07864018  7.80258038  7.65861151  7.6405898   7.53676019
  7.44583248  7.3071882   7.03932009  6.99201311  6.75424944  6.59819783
  6.43129224  6.27749334  6.23919721  6.10833504  6.08294082  6.00368626
  5.85746467  5.79479828  5.66352652  5.5363506   5.48003277  5.343846  ]","[0.49928323 0.60249846 0.67560926 0.78107721 0.91337293 1.14622159
 1.26745853 1.59246365 2.7657178  4.03460987 5.55089085 6.66905591
 7.16895351 7.05037887 7.0858079  7.04034405 6.96498054 6.94347737
 6.7266025  6.56174483 6.161581   5.60004096 5.04075364 4.53471227
 4.28343232 3.94613967 3.82695065 3.82346918 3.67253737 3.65226295
 3.54085603 3.39770633 3.24820807 3.15850911 3.08416957 3.12000819
 3.09830023 3.08806062 3.20172025 3.15666598 3.26684415 3.36575875
 3.45279541 3.50911325 3.56870776 3.66639361 3.87978702 3.93037067
 4.01597379 3.94388695 3.91972148 3.82408356 3.70714725 3.44869957
 3.24288347 3.08273602 2.88265411 2.69731722 2.35490477 2.36043416
 2.25926684 2.19045669 2.08478394 1.97685849 1.92647962 1.81916854
 1.75691173 1.63342208 1.58939177 1.52815892 1.54331354 1.53020684
 1.47286504 1.49027237 1.41449928 1.38173254 1.31804219 1.30698341
 1.25455663 1.21175507 1.13700594 1.12717592 1.15072701 1.10464878
 1.11877944 1.11161171 1.07945935 1.01085398 0.96436617 0.94675404
 0.90149498 0.90804833 0.86627074 0.8464059  0.84497235 0.82183084
 0.79643662 0.77329511 0.7472865  0.7266025  0.68707762 0.6823674 ]",39
37,0.15,"0.0,0.15,0.3,0.44999999999999996,0.6,0.75,0.8999999999999999,1.05,1.2,1.3499999999999999,1.5,1.65,1.7999999999999998,1.95,2.1,2.25,2.4,2.55,2.6999999999999997,2.85,3.0,3.15,3.3,3.4499999999999997,3.5999999999999996,3.75,3.9,4.05,4.2,4.35,4.5,4.6499999999999995,4.8,4.95,5.1,5.25,5.3999999999999995,5.55,5.7,5.85,6.0,6.1499999999999995,6.3,6.45,6.6,6.75,6.8999999999999995,7.05,7.199999999999999,7.35,7.5,7.6499999999999995,7.8,7.949999999999999,8.1,8.25,8.4,8.549999999999999,8.7,8.85,9.0,9.15,9.299999999999999,9.45,9.6,9.75,9.9,10.049999999999999,10.2,10.35,10.5,10.65,10.799999999999999,10.95,11.1,11.25,11.4,11.549999999999999,11.7,11.85,12.0,12.15,12.299999999999999,12.45,12.6,12.75,12.9,13.049999999999999,13.2,13.35,13.5,13.65,13.799999999999999,13.95,14.1,14.25,14.399999999999999,14.549999999999999,14.7,14.85,15.0,15.149999999999999",2007R_GLUT1_647_WGA_594_0002.nd2,2007,M,R,5.5,Homo,Experimental,0,True,101.14232983906689,True,"[13.35552931 13.8653477  13.97298095 14.11280083 14.46316256 14.88542743
 15.19444855 15.77380777 17.17363059 18.31182637 19.62084748 21.17348295
 23.67296619 26.72995718 27.84364388 28.64240366 30.00103352 30.48973867
 32.81721541 34.09213052 36.6936365  39.69112653 42.86121364 45.43776761
 46.97032334 49.61006939 50.35434815 50.52679758 51.80245091 52.19518677
 53.19060977 53.68950244 53.75372804 52.46301491 50.28465968 47.79241104
 46.44751218 46.03410601 43.62808209 44.1091097  41.00398642 38.14173926
 34.98966485 30.69260298 27.13479994 24.28037797 21.39893696 20.41340617
 19.85412668 19.5321128  19.26812343 18.86579064 18.39701757 17.83655692
 17.55691717 17.18322752 16.95201536 16.85014026 16.63502141 16.68477779
 16.52738816 16.45592795 16.4200502  16.38299129 16.28465968 16.14882622
 16.03587775 16.1792411  16.09153994 15.98036321 15.99527536 16.10925735
 16.09951277 15.96131699 16.11221025 15.96943747 15.83345637 15.78133766
 15.82002067 15.95762587 15.81470545 15.80126975 15.74235937 15.82769821
 15.75461391 15.74988927 15.73940647 15.76465377 15.78561937 15.64845711
 15.73704415 15.68064373 15.49032925 15.53432748 15.58526502 15.5232541
 15.5560313  15.45297505 15.54599144 15.47925587 15.58054038 15.68492544]","[  3.12756533   3.38018603   3.53713273   3.82194006   4.13627639
   4.39997047   4.68566366   5.08725823   6.19932083   7.08962055
   8.5963384   10.54761553  14.4633102   20.92647276  23.6592352
  26.3974605   30.01314041  32.02362321  39.24553374  44.82607412
  54.03262956  64.32703381  72.46183375  79.00191939  82.56370884
  87.51528126  89.80289384  89.93164034  93.94507604  94.64520892
  97.9685516  101.14232984 104.02938137 103.9266204  103.62527683
 101.96648457 101.02509966 100.62970619  98.9236675   98.89044736
  96.0373542   92.77794183  87.8967961   80.32910084  70.16477189
  59.81101432  41.78369999  34.62261922  28.2644323   25.81470545
  21.86785767  17.14247748  14.61612284  10.89029972   9.5963384
   8.05211871   7.17865052   6.41370146   5.81278606   5.79433043
   5.61981397   5.44869334   5.31655101   5.03912594   4.96781338
   4.84777794   4.70825336   4.73423889   4.53683744   4.43599587
   4.4380629    4.40277573   4.49874502   4.33426842   4.34209361
   4.26339879   4.2093607    4.14454451   4.12830356   4.11914956
   4.04827994   4.08711059   4.04576997   4.14690684   4.09508342
   4.11516315   4.20537428   4.27521039   4.61228407   4.78650524
   4.84334859   4.91539938   4.86032777   4.97977263   4.86623357
   4.94241843   4.87834047   4.75579507   4.5815739    4.50568433
   4.54923963   4.51262365]","[ 4.77498893  5.15620847  5.43333825  5.89000443  6.54230031  7.43082829
  8.16683892  9.78502879 15.84231507 23.31404105 33.81928245 42.06747379
 42.14779271 33.38491067 30.89812491 28.90609774 26.90964122 26.10128451
 23.73246715 22.43378119 20.71917909 18.9819873  17.69097889 16.58305035
 16.00620109 15.17377824 14.77971357 14.77498893 14.21511885 14.00841577
 13.47955116 12.93016389 12.54495792 12.36645504 12.52930754 12.79314927
 13.00472464 13.00900635 13.53388454 13.47733648 14.20803189 14.93917023
 15.96869925 17.57138639 19.48161819 20.85146907 22.00605345 22.20463605
 22.25011073 22.23076923 21.86091835 21.37029381 20.71017274 19.20286431
 18.34504651 16.98036321 15.86047542 14.71445445 13.26487524 13.27550568
 12.8430533  12.52797874 12.0016241  11.28185442 11.00177174 10.45238447
  9.94832423  9.43747232  8.85885132  8.58600325  8.64609479  8.59619076
  8.52266352  8.37664255  8.18219401  7.90786948  7.62143806  7.42964713
  7.14690684  7.00073823  6.79565924  6.69127418  6.6638122   6.58024509
  6.53063635  6.46242433  6.28318323  6.24937251  6.02524731  5.92440573
  5.85988484  5.70692455  5.66558394  5.574044    5.60962646  5.54038092
  5.43319061  5.36689798  5.3020818   5.22840691  5.20832718  5.16063783]","[0.47940351 0.56607116 0.63221615 0.73822531 0.89295733 1.10261332
 1.24199026 1.55544072 2.65849697 3.83537576 5.17879817 6.282445
 6.65997342 6.24036616 6.06319209 5.95260594 5.73143363 5.61184113
 5.33736897 5.11900192 4.73350066 4.3692603  4.04414587 3.75756681
 3.57921158 3.38771593 3.30724937 3.26620405 3.15473202 3.02244205
 2.86948177 2.71150155 2.52281116 2.42182194 2.4423446  2.48028938
 2.51070427 2.53048871 2.60401595 2.60933117 2.75579507 2.8820316
 3.06452089 3.28274029 3.45858556 3.51424775 3.44647867 3.35700576
 3.24789606 3.17289237 3.09035878 2.98508785 2.85338845 2.59855308
 2.48530932 2.28495497 2.14705448 1.97637679 1.8191348  1.78384763
 1.73748708 1.69304592 1.62542448 1.51616713 1.49003396 1.4246272
 1.33751661 1.25439244 1.1762882  1.13391407 1.12579359 1.17023476
 1.14070574 1.10778089 1.06821202 1.01668389 0.98434962 0.98877898
 0.91672819 0.92351986 0.87184409 0.8446774  0.8728776  0.8685959
 0.83891924 0.84571091 0.8102761  0.79462572 0.75594271 0.74501698
 0.74088292 0.71194449 0.73497712 0.69009302 0.7070722  0.66617452
 0.65672523 0.63443083 0.60785472 0.62882032 0.60431124 0.61759929]",40
38,0.15,"0.0,0.15,0.3,0.44999999999999996,0.6,0.75,0.8999999999999999,1.05,1.2,1.3499999999999999,1.5,1.65,1.7999999999999998,1.95,2.1,2.25,2.4,2.55,2.6999999999999997,2.85,3.0,3.15,3.3,3.4499999999999997,3.5999999999999996,3.75,3.9,4.05,4.2,4.35,4.5,4.6499999999999995,4.8,4.95,5.1,5.25,5.3999999999999995,5.55,5.7,5.85,6.0,6.1499999999999995,6.3,6.45,6.6,6.75,6.8999999999999995,7.05,7.199999999999999,7.35,7.5,7.6499999999999995,7.8,7.949999999999999,8.1,8.25,8.4,8.549999999999999,8.7,8.85,9.0,9.15,9.299999999999999,9.45,9.6,9.75,9.9,10.049999999999999,10.2,10.35,10.5,10.65,10.799999999999999,10.95,11.1,11.25,11.4,11.549999999999999,11.7,11.85,12.0,12.15,12.299999999999999,12.45,12.6,12.75,12.9,13.049999999999999,13.2,13.35,13.5,13.65,13.799999999999999,13.95,14.1,14.25,14.399999999999999,14.549999999999999,14.7,14.85,15.0,15.149999999999999",2007R_GLUT1_647_WGA_594_0002.nd2,2007,M,R,5.5,Homo,Experimental,0,False,3.0350262697022767,False,"[13.36152114 13.70427821 13.93144859 14.1983988  14.53565174 15.01701276
 15.42231674 15.81035777 17.43132349 18.74505879 19.83712785 20.85764323
 22.84538404 24.37778334 25.02752064 25.60870653 26.53990493 26.93169877
 29.27995997 31.66374781 34.8623968  39.96822617 44.2814611  49.22967225
 51.04103077 56.19789842 58.60670503 58.26469852 60.53815362 62.03452589
 65.82611959 69.82461846 74.10507881 76.10132599 78.14761071 78.62772079
 78.55541656 78.83937953 78.65073805 78.32624468 77.16887666 75.16287215
 72.34525894 67.33875407 60.6740055  56.0202652  48.08056042 44.30923192
 40.93294971 38.51513635 35.19689767 30.78183638 28.39654741 23.68501376
 22.69377033 21.19164373 20.32824618 19.69477108 18.88766575 18.82511884
 18.76532399 18.65749312 18.28021016 18.05103828 18.00725544 17.74806105
 17.76907681 17.6194646  17.19764824 17.38303728 17.25519139 17.24218164
 17.24393295 17.24618464 17.13935452 17.07255442 16.94846135 16.8663998
 16.85664248 16.92069052 16.74305729 16.57117838 17.00250188 16.6517388
 16.74055542 16.71378534 16.58719039 16.70302727 16.63697773 16.61896422
 16.44583438 16.55941956 16.38078559 16.42281711 16.42556918 16.42882162
 16.37327996 16.17588191 16.3077308  16.33024769 16.16137103 16.21366025]","[1.87065299 1.86965224 1.92544408 1.94045534 1.97222917 1.95896923
 1.99174381 2.02351764 2.1781336  2.3542657  2.73329997 2.96647486
 3.3845384  3.63072304 3.7630723  3.78108581 3.89291969 3.97348011
 4.1033275  4.22391794 4.36452339 4.40130098 4.26469852 4.30522892
 4.20965724 4.32649487 4.36502377 4.3785339  4.39354516 4.40605454
 4.45659244 4.437328   4.38403803 4.2166625  4.09532149 3.7935952
 3.75956968 3.71178384 3.53189892 3.55141356 3.45734301 3.30422817
 3.18814111 3.03502627 3.06579935 3.07880911 3.25143858 3.32549412
 3.41431073 3.39129347 3.54365774 3.65399049 3.63022267 3.68376282
 3.67825869 3.50162622 3.53540155 3.45158869 3.51063297 3.42957218
 3.46009507 3.44033025 3.4635977  3.35176382 3.35726795 3.30622967
 3.31648737 3.38829122 3.50487866 3.33975482 3.45283963 3.47985989
 3.35801851 3.46484864 3.46234676 3.43632725 3.46209657 3.4270703
 3.37102827 3.44508381 3.49762322 3.45584188 3.47060295 3.56992745
 3.48911684 3.4068051  3.51488616 3.53515136 3.63322492 3.75481611
 3.7955967  4.12084063 4.08031023 4.24418314 4.23867901 4.36552414
 4.48886665 4.45859395 4.35676758 4.36452339 4.29772329 4.24943708]","[ 4.79334501  5.15661746  5.45083813  5.9514636   6.65749312  7.6357268
  8.59944959 10.23442582 16.57368026 24.17187891 34.00325244 40.03977983
 37.31273455 30.15486615 28.03127346 26.71103327 25.44233175 25.13685264
 23.94696022 23.67425569 23.32024018 22.55441581 21.29897423 19.29772329
 18.331999   16.48086065 15.81961471 15.7610708  14.85814361 14.72354266
 13.77383037 13.16512384 12.41180886 11.79084313 11.0365274  10.53790343
 10.36527396 10.3037278  10.0950713  10.14085564  9.98799099 10.05328997
 10.04028021 10.34901176 11.21941456 11.96372279 13.72554416 14.4716037
 15.26294721 15.6802602  16.46309732 17.6882662  18.28096072 19.24343257
 19.08881661 18.22892169 17.2449337  16.1315987  14.46084563 14.61320991
 14.1356017  13.65849387 13.22166625 12.37828371 11.99424568 11.51563673
 10.95196397 10.4736052   9.886665    9.66424819  9.60945709  9.61796347
  9.54465849  9.3622717   9.17062797  8.86389792  8.42431824  8.27570678
  7.96397298  7.78483863  7.44058044  7.34100575  7.34375782  7.1538654
  7.10758069  7.01200901  6.7713285   6.70002502  6.55166375  6.45759319
  6.33825369  6.16437328  6.11258444  6.01501126  6.08231173  5.9574681
  5.82411809  5.71553665  5.60195146  5.58143608  5.47785839  5.45233925]","[ 0.99849887  1.16937703  1.31723793  1.48686515  1.80985739  2.11883913
  2.43957968  2.91943958  4.53965474  6.31948962  8.54991243 10.38954216
 12.64248186 15.32649487 16.59069302 17.88966725 19.19814861 19.86990243
 22.9514636  24.91868902 26.92769577 27.83212409 27.05103828 25.28396297
 24.32249187 22.74305729 22.16262197 21.92344258 21.02326745 20.81811359
 19.5689267  18.22992244 15.85714286 13.36652489 10.10783087  7.81085814
  7.00475357  6.86715036  5.85964473  5.91618714  4.79259445  4.17463097
  3.66574931  3.28571429  3.04603453  2.97748311  3.00500375  3.02126595
  3.07255442  3.10883162  3.13184889  3.21240931  3.24843633  3.1416062
  3.02451839  2.82036527  2.65574181  2.47385539  2.22091569  2.26244684
  2.13685264  2.12709532  2.01551163  1.89767325  1.81010758  1.71503628
  1.60645484  1.55116337  1.46084563  1.47085314  1.42656993  1.44883663
  1.41330998  1.42757068  1.38478859  1.3157368   1.27695772  1.2692019
  1.17763322  1.14260696  1.06629972  1.07030273  1.06129597  1.07130348
  1.06730048  1.02176632  1.01751313  1.00325244  0.94320741  0.95621716
  0.9311984   0.89817363  0.86865149  0.87290468  0.84088066  0.84163122
  0.79534651  0.76282212  0.74130598  0.72954716  0.71328496  0.69477108]",41
39,0.15,"0.0,0.15,0.3,0.44999999999999996,0.6,0.75,0.8999999999999999,1.05,1.2,1.3499999999999999,1.5,1.65,1.7999999999999998,1.95,2.1,2.25,2.4,2.55,2.6999999999999997,2.85,3.0,3.15,3.3,3.4499999999999997,3.5999999999999996,3.75,3.9,4.05,4.2,4.35,4.5,4.6499999999999995,4.8,4.95,5.1,5.25,5.3999999999999995,5.55,5.7,5.85,6.0,6.1499999999999995,6.3,6.45,6.6,6.75,6.8999999999999995,7.05,7.199999999999999,7.35,7.5,7.6499999999999995,7.8,7.949999999999999,8.1,8.25,8.4,8.549999999999999,8.7,8.85,9.0,9.15,9.299999999999999,9.45,9.6,9.75,9.9,10.049999999999999,10.2,10.35,10.5,10.65,10.799999999999999,10.95,11.1,11.25,11.4,11.549999999999999,11.7,11.85,12.0,12.15,12.299999999999999,12.45,12.6,12.75,12.9,13.049999999999999,13.2,13.35,13.5,13.65,13.799999999999999,13.95,14.1,14.25,14.399999999999999,14.549999999999999,14.7,14.85,15.0,15.149999999999999",2007R_GLUT1_647_WGA_594_0002.nd2,2007,M,R,5.5,Homo,Experimental,0,False,3.496626881162429,True,"[12.61269677 12.5867497  12.75505968 13.01850891 13.16415845 13.40235253
 13.75817333 13.91575852 15.27071441 15.97318803 16.64711988 17.008822
 17.59487978 17.62947587 17.74122124 17.48348037 17.40304446 17.55924581
 17.74900536 17.80643487 17.78654212 18.03563397 18.20567376 18.26466009
 18.59349593 18.75730842 19.02023871 18.97301505 19.33437122 19.56824079
 20.07680332 21.05846739 22.50250822 24.95658191 29.34198236 34.230064
 37.02784985 37.47275558 42.10482615 41.23058294 47.70057084 52.54921294
 56.38816814 60.00449749 62.90607161 64.78740702 66.15896904 65.60958312
 64.02836879 63.46739318 61.67548867 57.40633108 53.26621692 41.60491264
 36.22400969 28.43020239 24.88029753 22.43521882 20.77356859 20.63051375
 20.03822868 19.94845182 19.19529493 18.62895693 18.71873378 18.68344577
 18.11849161 18.07403563 17.67618059 17.56824079 17.43521882 17.4973188
 17.23732918 17.27763363 17.28489881 16.9991351  17.08026293 17.05016433
 16.71562013 16.67825636 16.56702993 16.84500951 16.75038921 16.60785331
 16.67842934 16.47327452 16.5177305  16.65455803 16.64193046 16.37623249
 16.31690019 16.18387822 16.18699187 16.26656288 16.1292164  16.15706625
 16.15153088 16.38989794 16.13163812 15.97803148 15.97145823 16.05587269]","[ 2.02352534  2.02663899  2.10742086  2.14115205  2.18889465  2.23300467
  2.26258433  2.32468431  2.59314997  2.91126103  3.3203598   3.73395606
  4.35460993  5.23317765  5.60422072  5.89742259  6.46254973  6.71440927
  7.70818198  8.57844664  9.89586577 10.85227469 11.25981664 11.33316035
 11.3495935  11.61996194 11.610621   11.50475696 11.64539007 11.67825636
 11.734475   11.76561149 11.74277807 11.24355648 10.38488151  9.70160872
  9.50198928  9.44075419  8.99757827  9.03874762  8.33246843  7.47638817
  6.42708874  5.19321917  4.36689154  3.85435046  3.49662688  3.37813527
  3.30928905  3.28559073  3.31465144  3.27590382  3.23127487  3.30185089
  3.35530185  3.33558208  3.44386784  3.38799516  3.41999654  3.3964712
  3.36948625  3.3911088   3.33264141  3.35166926  3.29942916  3.32399239
  3.36395087  3.35564781  3.35720464  3.30202387  3.3345442   3.3061754
  3.29406677  3.32260855  3.32018682  3.32952776  3.32018682  3.26569798
  3.35910742  3.35322609  3.35236118  3.36896731  3.33800381  3.45372773
  3.38574641  3.38816814  3.35253416  3.40027677  3.37623249  3.39491437
  3.39180073  3.41273136  3.43020239  3.42311019  3.38211382  3.46393358
  3.58121432  3.72738281  3.86126968  4.00830306  4.12402698  4.10828576]","[ 4.77772012  5.19667878  5.49870265  5.96211728  6.76128697  7.65974745
  8.4141152  10.15499049 16.28541775 23.1902785  31.08199273 35.83220896
 34.14409272 28.         26.43850545 25.19581387 23.73430202 23.18353226
 21.66632071 20.95173845 19.99498357 19.41498011 18.96384709 18.61788618
 18.42899152 18.24182667 18.29043418 18.23092891 18.22798824 18.24736205
 18.17799689 18.04722366 17.56599204 17.27919045 16.6478118  16.18906764
 15.94620308 15.90572565 15.47102577 15.52015222 14.8327279  13.91973707
 12.7548867  11.18301332 10.0363259   9.35357205  9.15775817  9.30842415
  9.62203771  9.80366719 10.09980972 10.8610967  11.5327798  13.05864037
 13.81421899 14.78775298 15.24857291 15.4575333  15.01366546 15.12056738
 14.67445079 14.46203079 13.98079917 13.24390244 12.83653347 12.3141325
 11.70610621 11.24148071 10.62013492 10.48417229 10.41843972 10.41030964
 10.29199101 10.05691057  9.85815603  9.49143747  9.07057602  8.89067635
  8.49057257  8.34838263  8.07714928  7.96402007  7.90659056  7.78481232
  7.72980453  7.62048089  7.30288877  7.23075592  6.95623595  6.77979588
  6.6344923   6.44715447  6.37415672  6.26431413  6.25756789  6.15758519
  5.97093928  5.86299948  5.80072652  5.6327625   5.55007784  5.46946895]","[0.48192354 0.57308424 0.65507698 0.75696246 0.93115378 1.16277461
 1.33160353 1.66822349 2.78446636 3.93028888 5.16692614 6.02542813
 6.20428992 5.86005881 5.70593323 5.59955025 5.42812662 5.35063138
 5.08597129 4.89534683 4.5742951  4.23732918 3.86697803 3.59747449
 3.41843972 3.26915759 3.27365508 3.27451998 3.26569798 3.25549213
 3.2734821  3.26137346 3.27486594 3.24701609 3.22470161 3.10569106
 3.02663899 3.02283342 2.87026466 2.89759557 2.72548002 2.50717869
 2.25998962 1.98564262 1.7645736  1.62584328 1.55007784 1.55820792
 1.54454247 1.57723577 1.61373465 1.69676527 1.7778931  2.04722366
 2.07593842 2.22106902 2.24113475 2.25583809 2.19062446 2.18733783
 2.14391974 2.06677045 2.05587269 1.92440754 1.87355129 1.77633627
 1.69970593 1.62186473 1.54108286 1.51513579 1.4973188  1.52170905
 1.50181629 1.47413942 1.44784639 1.3646428  1.28697457 1.28334198
 1.19944646 1.19858156 1.13821138 1.1008476  1.11399412 1.07420861
 1.08354956 1.06365681 1.05051029 1.01158969 0.97820446 0.95727383
 0.91074209 0.87095658 0.88341117 0.82944127 0.82442484 0.82978723
 0.7849853  0.74346999 0.74312403 0.70645217 0.71285245 0.67860232]",42
40,0.15,"0.0,0.15,0.3,0.44999999999999996,0.6,0.75,0.8999999999999999,1.05,1.2,1.3499999999999999,1.5,1.65,1.7999999999999998,1.95,2.1,2.25,2.4,2.55,2.6999999999999997,2.85,3.0,3.15,3.3,3.4499999999999997,3.5999999999999996,3.75,3.9,4.05,4.2,4.35,4.5,4.6499999999999995,4.8,4.95,5.1,5.25,5.3999999999999995,5.55,5.7,5.85,6.0,6.1499999999999995,6.3,6.45,6.6,6.75,6.8999999999999995,7.05,7.199999999999999,7.35,7.5,7.6499999999999995,7.8,7.949999999999999,8.1,8.25,8.4,8.549999999999999,8.7,8.85,9.0,9.15,9.299999999999999,9.45,9.6,9.75,9.9,10.049999999999999,10.2,10.35,10.5,10.65,10.799999999999999,10.95,11.1,11.25,11.4,11.549999999999999,11.7,11.85,12.0,12.15,12.299999999999999,12.45,12.6,12.75,12.9,13.049999999999999,13.2,13.35,13.5,13.65,13.799999999999999,13.95,14.1,14.25,14.399999999999999,14.549999999999999,14.7,14.85,15.0,15.149999999999999",2007R_GLUT1_647_WGA_594_0002.nd2,2007,M,R,5.5,Homo,Experimental,0,False,3.9423750811161584,False,"[12.96755354 13.22699546 13.44698248 13.62167424 13.85035691 14.15548345
 14.38663206 15.14380273 16.6926671  17.82894225 18.64659312 19.40142764
 20.68617781 22.02504867 22.34847502 22.69007138 23.28825438 23.86826736
 24.75807917 25.64321869 27.74094744 30.02245295 33.04646334 36.37287476
 37.90058404 40.51356262 40.90330954 41.2266061  42.26216742 42.5898767
 43.07203115 43.79428942 45.1100584  46.72407528 49.27774173 51.04438676
 51.30525633 51.44944841 51.88565866 52.09097988 52.07514601 51.66735886
 50.67514601 48.16807268 44.88981181 41.75184945 35.34458144 32.86813757
 30.74899416 29.90772226 28.69020117 26.401817   24.94198572 22.39156392
 21.10162232 19.83361454 19.24179104 18.55509409 18.11421155 18.08267359
 17.96963011 18.10356911 17.80337443 17.49370539 17.46086957 17.40519143
 17.10953926 17.16599611 17.09240753 17.09214796 17.05087605 17.03724854
 16.95509409 16.8834523  16.74899416 16.82141467 16.68020766 16.64763141
 16.51031798 16.60571058 16.733939   16.56469825 16.55833874 16.5156392
 16.46891629 16.55327709 16.53277093 16.41245944 16.34600909 16.3560026
 16.40441272 16.2816353  16.15120052 16.04347826 16.36599611 16.25619727
 16.21765088 16.19857236 16.37547047 16.2421804  16.10317975 16.17144711]","[1.9688514  1.97624919 2.06632057 2.0816353  2.15068138 2.19351071
 2.22686567 2.3055159  2.53796236 2.85983128 3.26229721 3.75197923
 4.47423751 5.56716418 5.96482803 6.32083063 6.82985075 7.05113563
 7.9569111  8.38234912 9.05425049 9.57092797 9.70123297 9.69643089
 9.55950681 9.11135626 8.92913692 8.78040234 8.46009085 8.34691759
 7.72770928 7.0173913  6.31278391 5.6706035  4.83958469 4.33277093
 4.15275795 4.13497729 3.89824789 3.94237508 3.664244   3.49643089
 3.36807268 3.29526282 3.30395847 3.32096042 3.40051914 3.43698897
 3.47306944 3.43621025 3.49318624 3.52822842 3.48241402 3.44607398
 3.43387411 3.39013628 3.42414017 3.43971447 3.36249189 3.40142764
 3.41310837 3.35846853 3.37949384 3.3458793  3.33419857 3.35587281
 3.36690461 3.31979234 3.32407528 3.32537313 3.29785853 3.25269306
 3.27903958 3.32511356 3.27138222 3.26774822 3.26645036 3.29733939
 3.26930565 3.33822193 3.30395847 3.31148605 3.30486697 3.333939
 3.330305   3.33458793 3.34756652 3.35055159 3.3844257  3.39675535
 3.32952628 3.34691759 3.35768981 3.38066191 3.34886437 3.40311486
 3.51174562 3.61271901 3.59844257 3.72498378 3.81142116 3.89396496]","[ 4.66839714  5.01427644  5.33316029  5.68734588  6.36534718  7.13004543
  7.80571058  9.39701493 15.46904607 22.99402985 32.53186243 38.4155743
 36.30421804 28.97027904 27.23049968 26.06255678 24.71680727 24.0890331
 22.78481506 21.97598962 21.08942245 20.12913692 19.38909799 18.55626217
 17.93614536 16.73964958 16.1458793  16.05113563 14.96067489 14.59948086
 13.34730694 11.90876055 10.65892278  9.90123297  9.25035691  8.96664504
  8.86346528  8.82881246  8.63452304  8.70330954  8.58014276  8.68682674
  8.83088903  9.30889033  9.83724854 10.40817651 11.38598313 11.83296561
 12.28319273 12.41752109 12.73316029 13.0935756  13.50992862 14.37183647
 14.66476314 15.27190136 15.62362103 15.71174562 15.10304997 15.10214147
 14.78481506 14.56911097 14.20700844 13.57910448 13.18598313 12.62985075
 11.91784555 11.36171317 10.57443219 10.28280337 10.27047372 10.29240753
 10.12874757  9.89695003  9.73069435  9.37014925  8.94354315  8.68682674
  8.33848151  8.1835172   7.94159637  7.81713173  7.77923426  7.6164828
  7.54042829  7.44918884  7.18053212  7.12070084  6.84685269  6.69422453
  6.53939001  6.35353666  6.32186892  6.19390006  6.20155743  6.08332252
  5.9449708   5.85554835  5.69578196  5.59948086  5.51226476  5.42258274]","[0.52848799 0.6220636  0.69746918 0.8092148  0.97663855 1.18780013
 1.33004543 1.67436729 2.8843608  4.26528228 5.84386762 7.11187541
 7.83270604 8.10902012 8.16171317 8.24347826 8.20285529 8.13017521
 8.04607398 7.77417262 7.26943543 6.65451006 6.13900065 5.71343284
 5.49383517 5.12005191 4.98481506 4.90447761 4.66255678 4.57144711
 4.17118754 3.74977287 3.28838417 2.9100584  2.63634004 2.43348475
 2.35249838 2.33601557 2.22673589 2.26904607 2.12459442 2.05762492
 2.02816353 2.04231019 2.09591175 2.15418559 2.25126541 2.2789098
 2.33432836 2.33043478 2.38909799 2.42193381 2.46229721 2.51524984
 2.51239455 2.48604802 2.45840363 2.36469825 2.22401038 2.24542505
 2.13653472 2.13731343 2.06229721 1.98598313 1.91018819 1.83646982
 1.72160934 1.67592472 1.54029851 1.51537962 1.52083063 1.53471772
 1.47280986 1.45554835 1.42375081 1.36041531 1.30590526 1.27047372
 1.23166775 1.17832576 1.15535367 1.11161583 1.13744322 1.10240104
 1.10486697 1.09007138 1.02452953 1.01505516 0.96664504 0.94821544
 0.90499676 0.88656716 0.87865023 0.85814406 0.84503569 0.82102531
 0.80752758 0.79312135 0.77391304 0.76534718 0.7293965  0.71447112]",43
41,0.15,"0.0,0.15,0.3,0.44999999999999996,0.6,0.75,0.8999999999999999,1.05,1.2,1.3499999999999999,1.5,1.65,1.7999999999999998,1.95,2.1,2.25,2.4,2.55,2.6999999999999997,2.85,3.0,3.15,3.3,3.4499999999999997,3.5999999999999996,3.75,3.9,4.05,4.2,4.35,4.5,4.6499999999999995,4.8,4.95,5.1,5.25,5.3999999999999995,5.55,5.7,5.85,6.0,6.1499999999999995,6.3,6.45,6.6,6.75,6.8999999999999995,7.05,7.199999999999999,7.35,7.5,7.6499999999999995,7.8,7.949999999999999,8.1,8.25,8.4,8.549999999999999,8.7,8.85,9.0,9.15,9.299999999999999,9.45,9.6,9.75,9.9,10.049999999999999,10.2,10.35,10.5,10.65,10.799999999999999,10.95,11.1,11.25,11.4,11.549999999999999,11.7,11.85,12.0,12.15,12.299999999999999,12.45,12.6,12.75,12.9,13.049999999999999,13.2,13.35,13.5,13.65,13.799999999999999,13.95,14.1,14.25,14.399999999999999,14.549999999999999,14.7,14.85,15.0,15.149999999999999",2007R_GLUT1_647_WGA_594_0002.nd2,2007,M,R,5.5,Homo,Experimental,0,True,100.92678490222829,True,"[13.22010005 13.87403365 14.16371078 14.07094134 14.52114598 14.63756253
 15.01682583 15.69849932 16.96498408 17.85902683 18.83310596 20.51068668
 22.29331514 24.98362892 25.65347885 26.24329241 27.54843111 28.51296044
 30.4211005  31.54388358 34.1359709  36.94497499 39.53842656 41.58390177
 42.42155525 43.71123238 44.19508868 44.35015916 44.97589814 45.36653024
 45.92223738 45.9581628  45.38381082 44.9258754  44.43792633 42.99818099
 42.21055025 41.9058663  40.30104593 40.87858117 38.32423829 35.56798545
 32.71623465 28.48112779 25.22373806 23.03592542 20.71987267 20.0627558
 19.55661664 19.31741701 19.00454752 19.02137335 18.44338336 17.87403365
 17.85447931 17.03183265 17.05729877 17.08867667 16.85811733 16.5998181
 16.37517053 16.51887221 16.31014097 16.31741701 16.33196908 16.14188267
 15.8535698  16.02955889 15.97407913 16.03046839 16.05593452 16.1359709
 15.94088222 16.13142337 16.19781719 15.98044566 15.73533424 15.71214188
 15.75034106 16.00454752 15.93087767 15.79445202 15.81900864 15.6730332
 15.71214188 15.6530241  15.87585266 15.68985903 15.69122328 15.61618918
 15.67166894 15.60618463 15.48658481 15.56616644 15.61664393 15.56480218
 15.51159618 15.35788995 15.51750796 15.54570259 15.71259663 15.6416553 ]","[  3.12460209   3.37380628   3.420191     3.74261028   4.09049568
   4.25557071   4.50386539   5.02137335   6.00727603   6.90359254
   8.09276944  10.053206    13.66030014  20.15643474  22.3365166
  24.56980446  28.6957708   30.82946794  37.22328331  42.01955434
  50.85493406  59.89586176  68.4306503   74.84583902  78.28194634
  82.8308322   85.38699409  85.91814461  90.61346066  91.46430196
  94.78854025  97.51205093 100.9267849  102.07003183 103.76580264
 102.06048204 100.42701228  99.84538427  98.11687131  99.38199181
  95.79126876  91.79172351  86.14415643  77.89859027  69.05866303
  58.77762619  41.78262847  35.02955889  28.91678035  26.58481128
  22.47567076  17.2937699   14.31787176  10.58890405   9.43610732
   7.89131423   7.16007276   6.48931332   5.87585266   5.80627558
   5.60163711   5.41336971   5.30559345   5.05184175   4.9686221
   4.85538881   4.60845839   4.77899045   4.45293315   4.47748977
   4.4001819    4.32924056   4.33378809   4.25693497   4.25829923
   4.25329695   4.19736244   4.12960437   4.07094134   4.20009095
   4.14097317   4.23874488   4.1787176    4.29968167   4.22510232
   4.30786721   4.47021373   4.52842201   4.80127331   4.95134152
   4.85720782   4.86903138   4.85720782   4.81218736   4.7166894
   4.8526603    4.92405639   5.05411551   5.20327422   5.31787176
   5.4001819    5.16734879]","[ 4.78672124  5.20145521  5.44383811  5.93997271  6.6111869   7.45156889
  8.12460209  9.86812187 15.98044566 23.59345157 33.97680764 42.75534334
 43.2737608  34.46430196 32.04092769 30.13506139 27.87539791 27.09959072
 24.8203729  23.52069122 21.72851296 19.93315143 18.62528422 17.51978172
 16.85311505 16.10823101 15.70895862 15.74351978 15.11459754 14.96043656
 14.34242838 13.54160982 12.88358345 12.18735789 12.07230559 12.21282401
 12.28740337 12.37608004 12.89722601 12.87994543 13.70895862 14.65347885
 15.91041382 18.03319691 20.19736244 21.43019554 22.26148249 22.2633015
 22.104593   22.00136426 21.60345612 20.95270578 20.2005457  18.32423829
 17.31332424 15.94542974 14.81173261 13.91268759 12.55479764 12.51205093
 12.11050477 11.8526603  11.39063211 10.7148704  10.44338336  9.92996817
  9.42928604  8.89995452  8.36607549  8.12869486  8.16962256  8.14233743
  8.00545703  7.93769895  7.77353342  7.60163711  7.32287403  7.20327422
  6.95998181  6.88176444  6.68030923  6.55525239  6.55297863  6.45657117
  6.37517053  6.32924056  6.1359709   6.05729877  5.85311505  5.73078672
  5.71396089  5.52069122  5.51250568  5.47112324  5.46020919  5.41700773
  5.30786721  5.24465666  5.22419281  5.1787176   5.19372442  5.14597544]","[0.49295134 0.5693497  0.67212369 0.75898136 0.91314234 1.15370623
 1.27194179 1.60709413 2.7166894  3.91905412 5.33560709 6.51159618
 7.05593452 6.69713506 6.55070487 6.49113233 6.28285584 6.211005
 5.9049568  5.76716689 5.31332424 4.9154161  4.50159163 4.15325148
 3.93451569 3.80218281 3.7794452  3.60709413 3.56662119 3.48703956
 3.28285584 3.12005457 2.89995452 2.75216007 2.54524784 2.61800819
 2.56662119 2.59299682 2.63574352 2.65484311 2.78672124 2.98453843
 3.19690769 3.45111414 3.55752615 3.53888131 3.40836744 3.30968622
 3.13369714 3.08594816 3.0095498  2.90677581 2.70168258 2.45156889
 2.31832651 2.18735789 2.03819918 1.91405184 1.83265121 1.78217372
 1.72578445 1.70759436 1.59208731 1.53478854 1.46657572 1.39108686
 1.30468395 1.20009095 1.12824011 1.07003183 1.08822192 1.09913597
 1.05775352 1.04911323 1.03819918 0.98226467 0.9267849  0.93497044
 0.89358799 0.89131423 0.83856298 0.81173261 0.82264666 0.81764438
 0.77353342 0.80263756 0.76170987 0.75079582 0.70259209 0.69122328
 0.69940882 0.67894497 0.6834925  0.66393815 0.64665757 0.62801273
 0.61755343 0.61073215 0.59254206 0.61073215 0.58799454 0.59072306]",44
42,0.15,"0.0,0.15,0.3,0.44999999999999996,0.6,0.75,0.8999999999999999,1.05,1.2,1.3499999999999999,1.5,1.65,1.7999999999999998,1.95,2.1,2.25,2.4,2.55,2.6999999999999997,2.85,3.0,3.15,3.3,3.4499999999999997,3.5999999999999996,3.75,3.9,4.05,4.2,4.35,4.5,4.6499999999999995,4.8,4.95,5.1,5.25,5.3999999999999995,5.55,5.7,5.85,6.0,6.1499999999999995,6.3,6.45,6.6,6.75,6.8999999999999995,7.05,7.199999999999999,7.35,7.5,7.6499999999999995,7.8,7.949999999999999,8.1,8.25,8.4,8.549999999999999,8.7,8.85,9.0,9.15,9.299999999999999,9.45,9.6,9.75,9.9,10.049999999999999,10.2,10.35,10.5,10.65,10.799999999999999,10.95,11.1,11.25,11.4,11.549999999999999,11.7,11.85,12.0,12.15,12.299999999999999,12.45,12.6,12.75,12.9,13.049999999999999,13.2,13.35,13.5,13.65,13.799999999999999,13.95,14.1,14.25,14.399999999999999,14.549999999999999,14.7,14.85,15.0,15.149999999999999",2007R_GLUT1_647_WGA_594_0002.nd2,2007,M,R,5.5,Homo,Experimental,0,False,3.714502427184466,False,"[12.8273665  12.93977549 12.98225121 13.36893204 13.55537015 13.72997573
 14.07994539 14.64623786 15.97405947 16.85421723 17.25257888 18.10179005
 18.32145024 18.8440534  18.94280947 19.19053398 19.43219053 19.6875
 19.90321602 20.38182646 21.31007282 22.61862864 24.32296723 26.30233617
 27.45843447 29.34557039 30.1251517  30.11817354 31.69129248 32.24772451
 34.28746966 37.11832524 40.57448422 44.9839199  49.62166262 52.7340716
 53.79262743 54.24150485 55.52093447 55.21541262 56.69887743 57.31856796
 57.28458738 56.39274879 54.30036408 50.84951456 44.30294296 41.80430825
 38.72679005 37.72921723 35.63956311 33.0939017  30.78458738 26.66550364
 24.82979369 22.16337985 20.5003034  19.5788835  18.82038835 18.68052184
 18.35133495 18.30719053 18.13819782 17.74544903 17.75485437 17.67763956
 17.35103155 17.32418083 17.10254854 16.98179612 17.1242415  17.27776092
 17.17020631 16.99529733 16.93097694 16.90791869 16.64972694 16.74833131
 16.5        16.57493932 16.61271238 16.30810073 16.52836772 16.53686286
 16.59010922 16.42930825 16.2496966  16.29490291 16.35725121 16.25606796
 16.26319782 16.24044296 16.38395024 16.36893204 16.27942961 16.27320995
 16.24211165 16.11741505 16.25257888 16.16277306 16.04778519 16.22421117]","[1.94614684 1.95130461 2.03033981 2.04808859 2.06022451 2.09238471
 2.12757888 2.19554005 2.41656553 2.67354369 2.97633495 3.35527913
 3.85740291 4.3745449  4.52169296 4.70600728 5.01668689 5.12955097
 5.45752427 5.83464806 6.55976942 7.14942354 7.83040049 8.46268204
 8.93658981 9.39623786 9.51304612 9.55885922 9.61711165 9.6400182
 9.19174757 8.51972087 7.75606796 7.12591019 6.44736044 5.82357403
 5.54232403 5.44083738 5.0632585  5.0939017  4.5474818  4.11908374
 3.71450243 3.4535801  3.23680218 3.16595874 3.12909587 3.0929915
 3.15533981 3.21162015 3.24635922 3.26456311 3.31993325 3.34708738
 3.33176578 3.28534587 3.40260922 3.36695995 3.35831311 3.34678398
 3.31689927 3.33904733 3.35224515 3.33479976 3.28671117 3.27214806
 3.26046723 3.2504551  3.25849515 3.21556432 3.23816748 3.22360437
 3.27154126 3.29004854 3.28625607 3.23801578 3.22739684 3.21192354
 3.20995146 3.22527306 3.21465413 3.22481796 3.23346481 3.22572816
 3.22254248 3.25834345 3.20949636 3.22057039 3.23149272 3.30142597
 3.28276699 3.3742415  3.3443568  3.31750607 3.28686286 3.33176578
 3.43143204 3.43567961 3.48589199 3.49332524 3.64714806 3.84860437]","[ 4.77973301  5.09632888  5.3912318   5.77457524  6.52851942  7.38304005
  8.02245146  9.90442961 15.66262136 23.99211165 33.07281553 38.22496966
 35.3275182  27.64957524 25.9685983  25.03898665 23.24393204 22.86908374
 21.55840413 21.02776092 20.5153216  20.0474818  19.54566141 18.91580704
 18.34253641 17.56052791 17.33252427 17.2501517  16.69235437 16.52078277
 15.85512743 15.17824636 14.55703883 14.04945388 13.32281553 12.45160801
 12.15852549 12.01243932 11.5006068  11.58601335 10.75804005 10.18310073
  9.6878034   9.18552791  9.08131068  9.35709951 10.27351335 10.75424757
 11.43552791 11.74378034 12.11589806 12.890625   13.29414442 13.82933859
 13.92612257 14.30491505 14.63243325 14.9056432  14.80157767 14.83889563
 14.72057039 14.52002427 14.22527306 13.71419903 13.4692051  12.92854976
 12.23922937 11.80840413 11.07175364 10.77715413 10.83646845 10.81826456
 10.67779126 10.43294903 10.28276699  9.92278519  9.44402306  9.2961165
  8.83692354  8.62727549  8.31538228  8.18901699  8.15336772  7.96116505
  7.94508495  7.76334951  7.41019417  7.3592233   7.06932646  6.87955097
  6.70555218  6.53883495  6.47967233  6.35755461  6.34602549  6.23604369
  6.07933859  5.99560073  5.86559466  5.76061893  5.66004248  5.55552184]","[0.4526699  0.53959345 0.62621359 0.73134102 0.87864078 1.04990898
 1.19265777 1.55673544 2.60740291 3.92794296 5.34466019 6.22587985
 6.31811286 5.76835558 5.68416262 5.53792476 5.38637743 5.31007282
 5.14335558 5.00940534 4.83540655 4.62242112 4.42005461 4.24211165
 4.08297937 3.89669296 3.80885922 3.80445995 3.64183859 3.61711165
 3.40746359 3.24120146 3.05385316 2.86240898 2.69189927 2.56128641
 2.49666262 2.48907767 2.37848908 2.42035801 2.29262743 2.13395024
 2.0623483  1.97572816 1.94205097 2.04535801 2.16580704 2.21131675
 2.28989684 2.3440534  2.37636529 2.48816748 2.52715413 2.60800971
 2.58904733 2.60270024 2.61529126 2.55203277 2.45069782 2.45069782
 2.42945995 2.35103155 2.25182039 2.16793083 2.09223301 1.99256675
 1.89441748 1.80172937 1.66110437 1.61574636 1.63167476 1.65063714
 1.59572209 1.57994539 1.52988471 1.45828277 1.36787015 1.36028519
 1.2804915  1.27093447 1.2029733  1.15412621 1.18067354 1.13941141
 1.14638956 1.11574636 1.07630461 1.05339806 0.9837682  0.98225121
 0.94235437 0.93947209 0.90913228 0.89199029 0.92460558 0.86802184
 0.86195388 0.84071602 0.80476335 0.7662318  0.77078277 0.7498483 ]",45
43,0.15,"0.0,0.15,0.3,0.44999999999999996,0.6,0.75,0.8999999999999999,1.05,1.2,1.3499999999999999,1.5,1.65,1.7999999999999998,1.95,2.1,2.25,2.4,2.55,2.6999999999999997,2.85,3.0,3.15,3.3,3.4499999999999997,3.5999999999999996,3.75,3.9,4.05,4.2,4.35,4.5,4.6499999999999995,4.8,4.95,5.1,5.25,5.3999999999999995,5.55,5.7,5.85,6.0,6.1499999999999995,6.3,6.45,6.6,6.75,6.8999999999999995,7.05,7.199999999999999,7.35,7.5,7.6499999999999995,7.8,7.949999999999999,8.1,8.25,8.4,8.549999999999999,8.7,8.85,9.0,9.15,9.299999999999999,9.45,9.6,9.75,9.9,10.049999999999999,10.2,10.35,10.5,10.65,10.799999999999999,10.95,11.1,11.25,11.4,11.549999999999999,11.7,11.85,12.0,12.15,12.299999999999999,12.45,12.6,12.75,12.9,13.049999999999999,13.2,13.35,13.5,13.65,13.799999999999999,13.95,14.1,14.25,14.399999999999999,14.549999999999999,14.7,14.85,15.0,15.149999999999999",2007R_GLUT1_647_WGA_594_0002.nd2,2007,M,R,5.5,Homo,Experimental,0,False,4.103362672083051,True,"[12.9896186  12.91198375 13.11983751 13.45407357 13.64432408 13.91514331
 14.07582938 14.78379598 15.94831866 16.90521327 17.72466712 18.26969081
 18.83028662 19.54276687 19.47822162 19.70435568 20.21033627 20.20108328
 20.59331979 20.80613857 22.21259309 23.58835477 25.8605281  28.02663056
 29.38501467 31.37147371 32.27713834 32.38524035 33.94583615 34.24283457
 36.22726247 38.79169488 42.4628752  46.05010156 51.61363123 57.21846084
 60.23538705 60.27713834 64.98149402 63.9399684  71.43601896 76.25050779
 81.52493794 85.37982397 86.94741593 84.5423155  75.38343489 71.38817423
 64.85195216 62.44053261 59.13473257 52.64951478 46.87948544 35.87452042
 31.39359061 26.07447529 23.85827127 21.96682464 20.62333559 20.69803656
 20.03407809 19.97291808 19.61453397 19.20153464 19.00428797 18.52087565
 18.29948093 18.01218687 17.7901151  17.7966599  17.65515685 17.96930715
 17.71721959 17.85104942 17.49988716 17.58519522 17.16790792 17.35860979
 17.25795531 17.21575265 17.25118483 17.06477093 17.18618822 17.00631912
 17.09140149 16.86504175 16.80636425 17.0117355  16.89731438 16.90160235
 16.788761   16.74227037 16.69216881 16.61521101 16.65402844 16.50756037
 16.58948319 16.54998872 16.47348228 16.30918529 16.32994809 16.37169939]","[ 1.97562627  1.98578199  2.0403972   2.07966599  2.11961183  2.16384563
  2.20356579  2.30399458  2.5319341   2.83344617  3.25208756  3.69690815
  4.17287294  4.9022794   5.15368991  5.36741142  5.88151659  6.06815617
  6.89596028  7.74001354  9.27285037 10.53780185 10.89911984 10.65132024
 10.37327917 10.05822613 10.19747235 10.23019634 10.57413676 10.49469646
 11.14556534 11.97291808 13.09343263 13.43263372 12.32182352 11.
 10.37169939 10.36199503  9.5332882   9.68494696  8.5423155   7.41999549
  6.11261566  4.99458362  4.10336267  3.75806816  3.36921688  3.32114647
  3.25118483  3.18280298  3.21191605  3.18190025  3.27826676  3.37215076
  3.30670278  3.37057098  3.44233807  3.4028436   3.37102234  3.37215076
  3.42134958  3.40532611  3.38433762  3.38501467  3.32769127  3.38185511
  3.37192507  3.34709998  3.27623561  3.33423606  3.34371474  3.28503724
  3.30580005  3.2972241   3.34958249  3.28639133  3.32678854  3.3493568
  3.35522455  3.37124803  3.40961408  3.42992552  3.36786278  3.38817423
  3.43489054  3.38524035  3.42157527  3.35477319  3.46648612  3.40216655
  3.51433085  3.4798014   3.55879034  3.5371248   3.52854886  3.54840894
  3.70232453  3.83773415  3.99593771  4.22207177  4.44798014  4.70503272]","[ 4.89528323  5.24802528  5.55066576  5.98984428  6.67366283  7.58609795
  8.24441435 10.15526969 16.2177838  25.09681787 35.1225457  41.10449109
 39.62559242 32.57865042 31.31573008 30.50033852 29.14985331 28.80658993
 28.00699616 27.69419995 27.06544798 26.39065674 25.44798014 24.55608215
 23.98126834 22.82599865 22.52313248 22.38027533 21.42857143 21.19634394
 20.24148048 19.09546378 17.9399684  16.77657414 15.46468066 14.33716994
 13.93500339 13.77025502 13.11758068 13.281652   12.31099075 11.50530354
 10.45429926  9.50959151  8.68855789  8.55201986  8.65876777  8.89911984
  9.34958249  9.52719476  9.84766418 10.74588129 11.4197698  13.08327691
 14.01715188 15.30286617 15.64139021 15.67163169 14.99548635 14.99638908
 14.61679079 14.32182352 13.80365606 13.21417287 12.85624013 12.3559016
 11.67163169 11.10291131 10.45091401 10.20582261 10.23606409 10.1798691
 10.13653803  9.98645904  9.65696231  9.42902279  9.06635071  8.97856014
  8.57391108  8.40013541  8.06319115  7.91852855  7.85714286  7.76280749
  7.63981043  7.51545926  7.2450914   7.09726924  6.92213947  6.72534417
  6.58722636  6.44482058  6.41931844  6.27036786  6.33107651  6.19318438
  6.03498082  5.96524487  5.81787407  5.74407583  5.58993455  5.52809749]","[0.47935003 0.54389528 0.62604378 0.70954638 0.90679305 1.08914466
 1.16046039 1.5958023  2.72827804 4.17919206 5.76912661 6.66508689
 6.69352291 6.00609343 5.71767095 5.60573234 5.34619725 5.27330174
 5.02550214 4.88467615 4.66170165 4.50620627 4.29654705 4.11103588
 4.00857594 3.86549312 3.77950801 3.75716543 3.54660348 3.57661927
 3.39088242 3.1943128  2.98262243 2.78515008 2.60257278 2.42969984
 2.36199503 2.28842248 2.27014218 2.22094335 2.10990747 1.99097269
 1.85646581 1.74746107 1.57977883 1.53103137 1.50011284 1.52651772
 1.55698488 1.60189573 1.66079892 1.73956218 1.85894832 2.07266983
 2.19611826 2.33671857 2.32430603 2.29090499 2.1825773  2.18460844
 2.12976755 2.11803205 2.03723764 1.92529903 1.88603024 1.77905665
 1.72602121 1.61679079 1.51658768 1.51004288 1.5215527  1.53531934
 1.49853306 1.45091401 1.45700745 1.40555179 1.35003385 1.31008802
 1.26066351 1.22906793 1.20898217 1.15278718 1.12818777 1.1342812
 1.14398556 1.09298127 1.05461521 1.03272399 0.976529   0.96772738
 0.93319792 0.90408486 0.90498759 0.84788987 0.85601444 0.81313473
 0.80230196 0.77476868 0.7600993  0.74633266 0.7145114  0.69532837]",46
44,0.15,"0.0,0.15,0.3,0.44999999999999996,0.6,0.75,0.8999999999999999,1.05,1.2,1.3499999999999999,1.5,1.65,1.7999999999999998,1.95,2.1,2.25,2.4,2.55,2.6999999999999997,2.85,3.0,3.15,3.3,3.4499999999999997,3.5999999999999996,3.75,3.9,4.05,4.2,4.35,4.5,4.6499999999999995,4.8,4.95,5.1,5.25,5.3999999999999995,5.55,5.7,5.85,6.0,6.1499999999999995,6.3,6.45,6.6,6.75,6.8999999999999995,7.05,7.199999999999999,7.35,7.5,7.6499999999999995,7.8,7.949999999999999,8.1,8.25,8.4,8.549999999999999,8.7,8.85,9.0,9.15,9.299999999999999,9.45,9.6,9.75,9.9,10.049999999999999,10.2,10.35,10.5,10.65,10.799999999999999,10.95,11.1,11.25,11.4,11.549999999999999,11.7,11.85,12.0,12.15,12.299999999999999,12.45,12.6,12.75,12.9,13.049999999999999,13.2,13.35,13.5,13.65,13.799999999999999,13.95,14.1,14.25,14.399999999999999,14.549999999999999,14.7,14.85,15.0,15.149999999999999",2007R_GLUT1_647_WGA_594_0002.nd2,2007,M,R,5.5,Homo,Experimental,0,False,4.660119555935098,True,"[12.59216787 12.78065146 13.09039893 13.08210321 13.34781017 13.8116384
 13.89386361 14.60217153 15.76845187 16.62742467 17.39856045 17.81871416
 18.34146639 18.54227156 18.58558009 18.79895084 18.76954984 18.77272173
 18.83981945 18.96071734 19.34561425 19.71928754 20.10564841 21.02427717
 21.47578382 22.95059168 23.62254483 23.66682933 25.41344394 26.04611443
 28.77577162 32.7822374  36.94132    41.53592778 45.7118458  48.66011956
 49.88324997 50.17164816 51.77699158 51.54617543 54.56398682 55.96096133
 55.92436257 56.15176284 53.84482128 50.99499817 43.35378797 39.94973771
 35.93351226 34.25716726 31.47834574 27.56227888 25.2969379  21.95510553
 21.12138587 19.7560083  19.40673417 18.6617055  18.37147737 18.32499695
 18.23874588 18.13931926 18.06404782 17.71086983 17.59314383 17.48712944
 17.46041235 17.42210565 17.19909723 17.23703794 17.25521532 17.18079785
 17.08625107 16.98780041 17.10369647 16.98914237 17.0175674  16.95412956
 16.9616933  16.7411248  16.93705014 16.72209345 16.90862511 16.617665
 16.8706844  16.78992314 16.62327681 16.69623033 16.62266683 16.70952788
 16.55178724 16.55544711 16.4765158  16.3706234  16.51360254 16.4351592
 16.49444919 16.38867878 16.41502989 16.25558131 16.3911187  16.24362572]","[1.89788947 1.88947176 1.98109064 1.98157863 2.00951568 2.05380017
 2.0853971  2.11040625 2.32145907 2.60387947 2.96889106 3.26253507
 3.69647432 4.07453947 4.13565939 4.23581798 4.40185434 4.38013908
 4.617543   4.75808223 5.27619861 5.84762718 6.67512505 7.4293034
 7.96425522 8.66975723 8.79065512 8.83469562 8.94156399 8.97560083
 8.44040503 7.67610101 6.68561669 6.13761132 5.7469806  5.62718068
 5.69745029 5.705868   5.588264   5.59485178 5.49054532 5.21105282
 4.90203733 4.66011956 4.59887764 4.51604245 4.49688911 4.45711846
 4.45919239 4.44735879 4.4324753  4.34524826 4.36549957 4.27546663
 4.18165182 3.91362694 3.8059046  3.62596072 3.51384653 3.51616445
 3.48468952 3.46553617 3.45150665 3.4146639  3.39599854 3.37318531
 3.3706234  3.35683787 3.37489325 3.34012444 3.34476028 3.33121874
 3.34134439 3.28034647 3.35622789 3.29254605 3.30035379 3.31157741
 3.33719654 3.34622423 3.34683421 3.3883128  3.33109674 3.33097475
 3.33292668 3.38379895 3.29486397 3.31304136 3.34158839 3.38135903
 3.3941686  3.44369891 3.40722215 3.37037941 3.36232768 3.41197999
 3.46541418 3.52507015 3.57740637 3.68500671 3.80065878 4.02134927]","[ 4.82237404  5.17286812  5.51018665  5.86617055  6.64877394  7.50250091
  8.17433207 10.23386605 16.20653898 25.93936806 36.82237404 42.29132609
 38.13504941 27.81932414 25.91643284 24.43698914 22.67695498 22.08978895
 20.93619617 20.6264487  20.19653532 20.01573746 19.81212639 19.79102111
 19.69379041 19.47797975 19.46944004 19.44650482 19.1352934  19.01866537
 18.48749543 17.71269977 16.84677321 15.5705746  13.92387459 12.51616445
 12.02525314 11.85799683 11.1883616  11.2912041  10.30023179  9.61241918
  9.06551177  8.60412346  8.50140295  8.6529218   9.40148835  9.82298402
 10.61607905 10.86348664 11.49518116 12.63193851 13.40258631 14.84579724
 15.31096743 15.85043309 16.22020251 16.09466878 15.5382457  15.46504819
 15.2145907  14.86995242 14.53641576 13.92119068 13.64255215 13.19629133
 12.55947298 12.08466512 11.30938148 11.05136025 11.03013298 11.06221788
 10.8383555  10.68000488 10.34622423 10.03025497  9.47749177  9.29144809
  8.85104306  8.70855191  8.38672685  8.25338538  8.20666097  8.05709406
  7.99194827  7.79260705  7.46944004  7.37440527  7.11614005  6.93363426
  6.78016347  6.65767964  6.56886666  6.44979871  6.41429791  6.3175552
  6.14932292  6.01793339  5.91594486  5.73722093  5.69281444  5.57862633]","[0.49554715 0.57533244 0.65804563 0.73758692 0.93680615 1.12699768
 1.2411858  1.70037819 2.85311699 4.53055996 6.29510797 7.15774064
 6.98145663 5.98706844 5.75552031 5.59338782 5.37733317 5.23618397
 5.06636574 4.97242894 4.79492497 4.73856289 4.69976821 4.66975723
 4.63938026 4.64609003 4.64340612 4.59033793 4.53763572 4.50518482
 4.28449433 4.06368183 3.78467732 3.4645602  3.05319019 2.68390875
 2.57325851 2.52336221 2.37830914 2.40319629 2.18018787 1.9853605
 1.8647066  1.73783091 1.705868   1.75259241 1.89361962 1.96706112
 2.09540076 2.15371477 2.21446871 2.40563621 2.50542882 2.61693302
 2.6412102  2.60497743 2.57386849 2.45138465 2.33719654 2.30925949
 2.26802489 2.19153349 2.12577772 2.03489081 1.98950836 1.90508723
 1.82005612 1.75478834 1.64962791 1.61229718 1.61254117 1.62376479
 1.58131024 1.54654142 1.54373551 1.44882274 1.38501891 1.34793217
 1.28754422 1.26985482 1.20714896 1.20385507 1.19641332 1.15395877
 1.15090887 1.14590704 1.0677077  1.0469684  1.00024399 0.97999268
 0.95693546 0.9176528  0.92899841 0.90093937 0.89837746 0.86897645
 0.852995   0.82274003 0.78260339 0.74722459 0.73185312 0.71733561]",47
45,0.15,"0.0,0.15,0.3,0.44999999999999996,0.6,0.75,0.8999999999999999,1.05,1.2,1.3499999999999999,1.5,1.65,1.7999999999999998,1.95,2.1,2.25,2.4,2.55,2.6999999999999997,2.85,3.0,3.15,3.3,3.4499999999999997,3.5999999999999996,3.75,3.9,4.05,4.2,4.35,4.5,4.6499999999999995,4.8,4.95,5.1,5.25,5.3999999999999995,5.55,5.7,5.85,6.0,6.1499999999999995,6.3,6.45,6.6,6.75,6.8999999999999995,7.05,7.199999999999999,7.35,7.5,7.6499999999999995,7.8,7.949999999999999,8.1,8.25,8.4,8.549999999999999,8.7,8.85,9.0,9.15,9.299999999999999,9.45,9.6,9.75,9.9,10.049999999999999,10.2,10.35,10.5,10.65,10.799999999999999,10.95,11.1,11.25,11.4,11.549999999999999,11.7,11.85,12.0,12.15,12.299999999999999,12.45,12.6,12.75,12.9,13.049999999999999,13.2,13.35,13.5,13.65,13.799999999999999,13.95,14.1,14.25,14.399999999999999,14.549999999999999,14.7,14.85,15.0,15.149999999999999",2007R_GLUT1_647_WGA_594_0002.nd2,2007,M,R,5.5,Homo,Experimental,0,False,4.543139293139293,True,"[13.05790021 13.33617464 13.35571726 13.64345114 13.93898129 14.29885655
 14.43222453 15.10686071 16.29948025 17.55467775 18.91081081 20.11663202
 21.86434511 24.51455301 25.11839917 25.8543659  27.21455301 27.7039501
 29.88659044 31.0008316  33.31611227 35.77723493 37.67910603 39.18544699
 40.02390852 41.43212058 41.50623701 41.87099792 42.44043659 42.52577963
 43.18056133 43.25322245 43.15966736 42.19085239 40.74802495 38.67692308
 37.56943867 37.18440748 35.94199584 36.23503119 33.90540541 32.047921
 29.99615385 27.71933472 25.27286902 23.21943867 20.85592516 20.08783784
 19.42723493 19.19438669 18.91871102 18.25717256 18.0539501  17.6493763
 17.50654886 17.23191268 17.08544699 16.88388773 16.73960499 16.6489605
 16.57983368 16.61694387 16.47318087 16.42463617 16.42110187 16.41309771
 16.33149688 16.34677755 16.19532225 16.18887734 16.27484407 16.09459459
 16.14022869 16.19168399 16.06964657 16.10363825 16.16278586 15.90426195
 15.95405405 16.0952183  16.10114345 15.94532225 15.93607069 15.8481289
 15.97588358 16.07193347 15.94417879 15.87494802 15.87598753 15.85592516
 15.80582121 15.87474012 15.84719335 15.88659044 15.77993763 15.84355509
 15.80925156 15.81819127 15.75176715 15.78482328 15.704158   15.84823285]","[1.87754678 1.89168399 1.95       1.97494802 1.97640333 1.99397089
 2.05426195 2.08347193 2.28555094 2.50446985 2.84397089 3.21164241
 3.63991684 4.1493763  4.26496881 4.3970894  4.64397089 4.71975052
 5.00935551 5.23045738 5.56444906 5.62567568 5.4454262  5.19054054
 4.9966736  4.80561331 4.84126819 4.70800416 4.75467775 4.65893971
 4.54313929 4.56746362 4.60031185 4.67983368 4.73534304 4.73471933
 4.72765073 4.83160083 4.76507277 4.80384615 4.79490644 4.88170478
 4.93565489 4.93232848 4.98035343 4.97775468 4.93607069 4.95239085
 4.77900208 4.76008316 4.69636175 4.55727651 4.46299376 4.39282744
 4.41122661 4.48877339 4.44864865 4.22827443 3.92848233 3.92172557
 3.80727651 3.74126819 3.68617464 3.62900208 3.62318087 3.65446985
 3.64802495 3.59376299 3.56507277 3.5524948  3.56559252 3.54677755
 3.53762994 3.56507277 3.58648649 3.58908524 3.61081081 3.61569647
 3.71808732 3.72422037 3.7518711  3.72328482 3.75       3.73991684
 3.72796258 3.81881497 3.87827443 3.93960499 4.07983368 4.22432432
 4.38742204 4.48887734 4.52099792 4.62661123 4.63326403 4.77172557
 4.96923077 4.97453222 4.88960499 4.71465696 4.62681913 4.74272349]","[ 4.78659044  5.13513514  5.46735967  5.82214137  6.6027027   7.51507277
  8.09459459 10.24511435 15.91902287 25.16923077 36.60218295 44.02027027
 42.65665281 32.85790021 30.64220374 28.73981289 26.61268191 25.77068607
 23.70862786 22.42380457 20.20977131 18.17151767 16.0468815  14.58742204
 13.68679834 12.67318087 12.45540541 12.35956341 11.78627859 11.78544699
 11.45717256 11.33596674 11.47941788 11.85239085 12.53201663 13.16580042
 13.44490644 13.52972973 13.7539501  13.74012474 14.42120582 14.8481289
 15.41850312 16.27453222 17.41465696 18.37900208 20.06829522 20.57910603
 21.16153846 21.31860707 21.41444906 21.49261954 21.16663202 19.98731809
 19.15550936 17.62016632 16.49459459 15.28097713 13.90509356 13.86029106
 13.47266112 13.12692308 12.62754678 11.81881497 11.6016632  11.01496881
 10.36975052  9.87796258  9.19261954  9.0035343   9.01528067  9.00727651
  8.86621622  8.64438669  8.44397089  8.15093555  7.74365904  7.61257796
  7.2954262   7.154158    6.93076923  6.90821206  6.82474012  6.78201663
  6.68981289  6.59823285  6.4039501   6.37058212  6.12723493  6.04989605
  5.93253638  5.80862786  5.75717256  5.71060291  5.68700624  5.60072765
  5.52214137  5.46185031  5.38555094  5.29553015  5.25821206  5.18991684]","[0.52224532 0.62702703 0.69449064 0.81340956 1.00550936 1.23014553
 1.37027027 1.88024948 3.08087318 4.7450104  6.47307692 7.55446985
 7.64948025 6.88586279 6.71299376 6.55       6.30945946 6.22557173
 5.99948025 5.7983368  5.36268191 4.83253638 4.32474012 3.86455301
 3.55935551 3.28794179 3.18648649 3.15571726 2.97422037 2.92442827
 2.7539501  2.62182952 2.6033264  2.59480249 2.67744283 2.73149688
 2.76923077 2.7950104  2.79864865 2.79012474 2.8502079  2.88887734
 2.9549896  3.02474012 3.10841996 3.1983368  3.30280665 3.31767152
 3.28846154 3.27401247 3.26673597 3.16923077 3.07266112 2.87266112
 2.74864865 2.4989605  2.35602911 2.1468815  1.98711019 1.9470894
 1.89760915 1.83534304 1.79844075 1.6535343  1.62463617 1.51372141
 1.43513514 1.3508316  1.28160083 1.24438669 1.24126819 1.26839917
 1.24054054 1.21642412 1.16923077 1.13295218 1.05831601 1.03669439
 0.97474012 0.97806653 0.91091476 0.92494802 0.89106029 0.89376299
 0.88898129 0.87536383 0.8485447  0.84417879 0.78555094 0.79334719
 0.76590437 0.76361746 0.74417879 0.71829522 0.71309771 0.69438669
 0.70426195 0.67099792 0.64698545 0.64282744 0.62047817 0.60686071]",48
46,0.15,"0.0,0.15,0.3,0.44999999999999996,0.6,0.75,0.8999999999999999,1.05,1.2,1.3499999999999999,1.5,1.65,1.7999999999999998,1.95,2.1,2.25,2.4,2.55,2.6999999999999997,2.85,3.0,3.15,3.3,3.4499999999999997,3.5999999999999996,3.75,3.9,4.05,4.2,4.35,4.5,4.6499999999999995,4.8,4.95,5.1,5.25,5.3999999999999995,5.55,5.7,5.85,6.0,6.1499999999999995,6.3,6.45,6.6,6.75,6.8999999999999995,7.05,7.199999999999999,7.35,7.5,7.6499999999999995,7.8,7.949999999999999,8.1,8.25,8.4,8.549999999999999,8.7,8.85,9.0,9.15,9.299999999999999,9.45,9.6,9.75,9.9,10.049999999999999,10.2,10.35,10.5,10.65,10.799999999999999,10.95,11.1,11.25,11.4,11.549999999999999,11.7,11.85,12.0,12.15,12.299999999999999,12.45,12.6,12.75,12.9,13.049999999999999,13.2,13.35,13.5,13.65,13.799999999999999,13.95,14.1,14.25,14.399999999999999,14.549999999999999,14.7,14.85,15.0,15.149999999999999",2007R_GLUT1_647_WGA_594_0002.nd2,2007,M,R,5.5,Homo,Experimental,0,False,3.232438339057134,False,"[13.02778645 13.31127068 13.52497658 13.70902279 14.18139244 14.49453637
 14.82079301 15.75070247 17.46503278 18.69996878 20.20808617 21.76241024
 23.91742117 26.87137059 27.61364346 28.47299407 29.82219794 30.41242585
 32.40134249 33.43552919 36.87636591 40.01030284 43.16937246 46.14767406
 48.36621917 50.75960037 51.41664065 51.54183578 53.5555729  53.69153918
 55.55198252 56.77427412 57.06931002 56.87012176 56.34733063 54.63159538
 53.81938807 53.67452388 52.16468935 52.13159538 49.5985014  47.26350297
 44.76568842 41.57586638 36.87152669 32.42850453 25.72822354 24.3331252
 22.84374024 22.21526694 21.46331564 20.18029972 20.0085857  18.94052451
 18.71838901 18.16172338 17.87808305 17.79128942 17.62925382 17.57087106
 17.44708086 17.17421168 17.29971901 17.19778333 17.10099906 17.12129254
 16.9189822  16.94942242 16.90524508 16.84655011 16.77396191 16.91586013
 16.760537   16.74523884 16.82235404 16.86216047 16.71136435 16.74586325
 16.52731814 16.61473618 16.57352482 16.64814237 16.75616609 16.45972526
 16.53808929 16.62925382 16.70871058 16.41945052 16.42975336 16.59147674
 16.41383078 16.54183578 16.44645645 16.45082735 16.2049641  16.32251015
 16.2649079  16.3290665  16.14018108 16.12722448 16.31829535 16.24851702]","[1.84061817 1.83140805 1.89494224 1.91226975 1.91055261 1.93225101
 1.98173587 1.99609741 2.15001561 2.31080237 2.58023728 2.739463
 3.05338745 3.22463316 3.24960974 3.26974711 3.32797377 3.36122385
 3.31564159 3.38807368 3.25991258 3.22338433 3.12738058 3.10443334
 3.06915392 3.10974087 3.12176085 3.13050265 3.11817047 3.12987824
 3.11941929 3.14470809 3.23243834 3.19887605 3.3118951  3.26709335
 3.26709335 3.23540431 3.15064002 3.24196066 3.24882922 3.23009678
 3.33484234 3.46862317 3.51998127 3.55167031 3.51670309 3.56493912
 3.48579457 3.49235092 3.47112082 3.41086481 3.48954106 3.48798002
 3.39431783 3.37527318 3.39946925 3.42944115 3.33671558 3.36028723
 3.31127068 3.32563222 3.29144552 3.28098658 3.31158289 3.26209803
 3.27880112 3.27489853 3.25273181 3.27848892 3.26802997 3.2391508
 3.29331876 3.29800187 3.30221667 3.27521074 3.30315329 3.29706525
 3.36200437 3.35435529 3.34998439 3.38229785 3.32578832 3.4100843
 3.42101155 3.37886357 3.43506088 3.45067125 3.61988761 3.75741492
 3.96550109 4.132532   4.22806744 4.34374024 4.34795504 4.32859819
 4.15969404 4.0641586  3.87324383 3.78660631 3.6966906  3.69450515]","[ 4.72463316  5.07727131  5.41991883  5.92944115  6.73165782  7.75960037
  8.46924758 10.68732438 15.92163597 23.09553544 30.25351233 34.52700593
 32.99281923 26.73665314 25.32016859 23.98251639 22.15188885 21.5596316
 19.90571339 18.9100843  17.55510459 16.53808929 15.31236341 14.35310646
 13.72837964 12.95457384 12.74445832 12.72713081 12.21620356 12.15844521
 11.80908523 11.60583828 11.55697783 11.72432095 11.79722135 11.89260069
 11.9228848  11.95660318 12.04339682 12.01857633 12.32344677 12.66344052
 13.3118951  14.27443022 15.79082111 16.97330628 19.32344677 20.05167031
 20.72806744 20.99797065 21.2051202  21.12269747 20.82594443 19.83874493
 19.18950983 18.03325008 17.19856385 16.0340306  14.70371527 14.632532
 14.26771776 13.86216047 13.36013113 12.52653762 12.17998751 11.65360599
 10.95519825 10.53699657  9.90087418  9.77162036  9.76178583  9.73212613
  9.6579769   9.44723697  9.27583515  8.93303153  8.51311271  8.35326257
  7.9572276   7.80003122  7.52965969  7.47517952  7.46690603  7.33140805
  7.23790197  7.14252264  6.93990009  6.88822978  6.65173275  6.47611614
  6.38198564  6.26959101  6.23649703  6.1153606   6.09787699  6.03481111
  5.8462379   5.80596316  5.67748985  5.55432407  5.4444271   5.37043397]","[0.45207618 0.53793319 0.61161411 0.72822354 0.91835779 1.11707774
 1.23134561 1.64845457 2.61036528 3.69075866 4.75554168 5.45832032
 5.52731814 5.16422104 5.03902591 4.89197627 4.70871058 4.64377146
 4.50702466 4.33499844 4.09522323 3.84967218 3.62316578 3.43833906
 3.30424602 3.12987824 3.02825476 3.02232282 2.91258195 2.86684358
 2.74695598 2.59100843 2.52825476 2.42350921 2.36091165 2.30393381
 2.33281299 2.31689042 2.33140805 2.3248517  2.33140805 2.39244458
 2.50234155 2.64252264 2.91929441 3.05323135 3.36575086 3.40540119
 3.4873556  3.52482048 3.49937559 3.41523572 3.26522011 3.03356229
 2.92819232 2.71027162 2.57227599 2.36887293 2.17842648 2.16843584
 2.10162348 2.05588511 1.96612551 1.83858882 1.80627537 1.74617546
 1.6537621  1.57321261 1.51358102 1.49047768 1.46222292 1.49469248
 1.46191071 1.43771464 1.41976272 1.35076491 1.28801124 1.24008742
 1.18170465 1.18295348 1.12660006 1.08335935 1.0513581  1.04589447
 1.06212925 1.02466438 0.97377459 0.95379332 0.88932251 0.89150796
 0.86387761 0.83687168 0.84264752 0.8120512  0.81158289 0.80081174
 0.78676241 0.74648767 0.72447705 0.71948174 0.66734312 0.64626912]",49
47,0.15,"0.0,0.15,0.3,0.44999999999999996,0.6,0.75,0.8999999999999999,1.05,1.2,1.3499999999999999,1.5,1.65,1.7999999999999998,1.95,2.1,2.25,2.4,2.55,2.6999999999999997,2.85,3.0,3.15,3.3,3.4499999999999997,3.5999999999999996,3.75,3.9,4.05,4.2,4.35,4.5,4.6499999999999995,4.8,4.95,5.1,5.25,5.3999999999999995,5.55,5.7,5.85,6.0,6.1499999999999995,6.3,6.45,6.6,6.75,6.8999999999999995,7.05,7.199999999999999,7.35,7.5,7.6499999999999995,7.8,7.949999999999999,8.1,8.25,8.4,8.549999999999999,8.7,8.85,9.0,9.15,9.299999999999999,9.45,9.6,9.75,9.9,10.049999999999999,10.2,10.35,10.5,10.65,10.799999999999999,10.95,11.1,11.25,11.4,11.549999999999999,11.7,11.85,12.0,12.15,12.299999999999999,12.45,12.6,12.75,12.9,13.049999999999999,13.2,13.35,13.5,13.65,13.799999999999999,13.95,14.1,14.25,14.399999999999999,14.549999999999999,14.7,14.85,15.0,15.149999999999999",2007R_GLUT1_647_WGA_594_0002.nd2,2007,M,R,5.5,Homo,Experimental,0,False,9.743229970534587,False,"[13.02609794 13.30994808 13.45952013 13.86039007 14.12473692 14.53276273
 14.71530798 15.47677845 17.0280623  18.40115055 19.7228848  20.90290445
 22.50582293 25.1269819  26.1697769  26.95566157 28.64262663 29.44380525
 32.5177494  34.56278939 39.52336186 43.79696927 47.6299986  50.52686965
 52.10369019 54.03634068 54.36887891 54.40606146 55.23011085 55.55226603
 56.12052757 56.25817314 56.54076049 55.34488565 52.62831486 49.86670408
 48.41055142 48.23502175 46.85253262 47.19938263 44.52420373 41.37743791
 38.41770731 34.0927459  28.8413077  25.60965343 22.05079276 21.16191946
 20.34081661 20.2319349  19.62845517 19.28188579 18.85239231 18.3822085
 18.18535148 17.84018521 17.73789813 17.57485618 17.23965203 17.18717553
 17.16276133 17.13175249 17.12305318 17.20162761 17.03606005 17.07254104
 16.91118283 16.89041673 16.83850147 16.80300267 16.76932791 17.00112249
 16.80019644 16.76638137 16.66690052 16.73312754 16.68415883 16.57078715
 16.67040831 16.4248632  16.55086292 16.54104111 16.57948646 16.40970956
 16.53584959 16.50077171 16.40760488 16.49866704 16.44506805 16.5702259
 16.26336467 16.49123053 16.42795005 16.37701698 16.41181423 16.42233759
 16.38641785 16.32047145 16.2393714  16.41405921 16.27402834 16.25059632]","[1.92451242 1.9205837  1.99565034 2.02511576 2.04938965 2.07282166
 2.11687947 2.15785043 2.36480988 2.6678827  3.00196436 3.28356952
 3.66928581 4.20499509 4.30658061 4.41672513 4.69370001 4.76203171
 5.29984566 5.59015013 6.46372948 7.17202189 7.82040129 8.43258033
 8.62929704 9.14199523 9.21622001 9.19896169 9.38669847 9.43580749
 9.66858426 9.69005192 9.74322997 9.65258875 9.74828118 9.67125018
 9.70169777 9.69931247 9.73060194 9.68457977 9.58622141 9.67896731
 9.5079276  8.98007577 8.57050652 7.64374912 6.11154764 5.64024134
 5.0622983  4.93742107 4.6593237  4.33506384 4.18942051 3.99256349
 3.92437211 3.74407184 3.68766662 3.65034376 3.60740845 3.64866003
 3.56994528 3.56278939 3.56587625 3.53893644 3.49291427 3.49417707
 3.54314578 3.50876947 3.52111688 3.47537533 3.49123053 3.51634629
 3.4749544  3.50456012 3.52476498 3.46246668 3.43356251 3.44703241
 3.50147327 3.48253122 3.47158692 3.50582293 3.51915252 3.53570927
 3.49137084 3.548197   3.53991862 3.66325242 3.77059071 3.90977971
 4.09920022 4.29142697 4.32285674 4.45488986 4.52518591 4.69454188
 4.87764838 4.99494879 4.98737197 5.01852112 5.15490389 5.28441139]","[ 4.84565736  5.20050512  5.57850428  5.95818718  6.75108741  7.72821664
  8.38403255 10.76413638 16.92956363 27.58467799 39.63168233 46.43201908
 42.77395819 32.61596745 30.49235302 29.10761891 27.34250035 26.63631261
 24.89406482 23.77059071 21.1293672  18.53023713 16.46050232 15.22534026
 14.67447734 13.9132875  13.78363968 13.74266872 13.21537814 13.17103971
 12.43847341 11.55872036 10.87147467 10.36733548 10.38880314 10.65763996
 10.93475516 10.98961695 11.26757401 11.20415322 12.01824049 12.7753613
 13.77760629 15.16570787 17.05051214 18.70436369 21.60782938 22.26154062
 22.75347271 22.87484215 22.68654413 22.27641364 21.69917216 20.18100182
 19.28188579 17.86431879 16.74589589 15.49431738 14.02469482 13.97151677
 13.58720359 13.17538936 12.73916094 12.12319349 11.73410972 11.27725551
 10.73088256 10.29942472  9.64304757  9.45811702  9.48631963  9.42331977
  9.32832889  9.09751649  8.88915392  8.59506104  8.18001964  8.10677705
  7.76048828  7.62985829  7.38038445  7.3235583   7.27276554  7.14704644
  7.11687947  7.01501333  6.79500491  6.72709415  6.5042795   6.39427529
  6.26420654  6.14339834  6.10074365  5.97670829  6.01108461  5.92437211
  5.80651045  5.72302512  5.64122352  5.54988074  5.45306581  5.38178757]","[0.53977831 0.61877368 0.69201628 0.77788691 0.9621159  1.19741827
 1.31808615 1.79191806 2.91707591 4.65455311 6.48491651 7.49179178
 7.44057808 6.60698751 6.45839764 6.31682335 6.24217763 6.1623404
 6.08208222 6.08488845 6.03676161 5.90795566 5.79051494 5.5897292
 5.42402133 5.13077031 4.95776624 4.95018942 4.68780693 4.64487161
 4.27641364 3.95047004 3.70001403 3.50315701 3.44843553 3.5359899
 3.60796969 3.60909218 3.7582433  3.69552406 3.98344324 4.23474113
 4.49950891 4.77465974 5.05387961 5.10354988 4.81913849 4.65118563
 4.35400589 4.30054721 4.08039848 3.74337028 3.53865582 3.14788831
 2.98933633 2.75122773 2.5336046  2.31738459 2.1038305  2.09835836
 2.02455451 1.98596885 1.92240775 1.82278659 1.76820542 1.69440157
 1.61512558 1.55843974 1.43496562 1.44156026 1.40311492 1.40620177
 1.35709275 1.35021748 1.33127543 1.27276554 1.21650063 1.16949628
 1.11814228 1.12066788 1.07394416 1.04952996 1.04770591 1.03269258
 0.99312474 1.01248772 0.96043216 0.9426126  0.91244563 0.90318507
 0.877929   0.85323418 0.84635892 0.82896029 0.81647257 0.79135681
 0.81338572 0.75796268 0.72246387 0.70660867 0.69215659 0.6899116 ]",50
48,0.15,"0.0,0.15,0.3,0.44999999999999996,0.6,0.75,0.8999999999999999,1.05,1.2,1.3499999999999999,1.5,1.65,1.7999999999999998,1.95,2.1,2.25,2.4,2.55,2.6999999999999997,2.85,3.0,3.15,3.3,3.4499999999999997,3.5999999999999996,3.75,3.9,4.05,4.2,4.35,4.5,4.6499999999999995,4.8,4.95,5.1,5.25,5.3999999999999995,5.55,5.7,5.85,6.0,6.1499999999999995,6.3,6.45,6.6,6.75,6.8999999999999995,7.05,7.199999999999999,7.35,7.5,7.6499999999999995,7.8,7.949999999999999,8.1,8.25,8.4,8.549999999999999,8.7,8.85,9.0,9.15,9.299999999999999,9.45,9.6,9.75,9.9,10.049999999999999,10.2,10.35,10.5,10.65,10.799999999999999,10.95,11.1,11.25,11.4,11.549999999999999,11.7,11.85,12.0,12.15,12.299999999999999,12.45,12.6,12.75,12.9,13.049999999999999,13.2,13.35,13.5,13.65,13.799999999999999,13.95,14.1,14.25,14.399999999999999,14.549999999999999,14.7,14.85,15.0,15.149999999999999",2007R_GLUT1_647_WGA_594_0002.nd2,2007,M,R,5.5,Homo,Experimental,0,False,3.470173535791757,True,"[13.15170824 13.24172993 13.50827007 13.89804772 14.21556399 14.78958785
 14.93329718 15.88245662 17.46217462 18.85683297 19.86550976 21.18885575
 23.04189262 26.09802061 26.77657267 27.66987527 29.34422451 29.8335141
 32.2516269  34.1837039  37.50122017 40.46868221 43.82510846 46.30084056
 47.86740781 50.05694143 50.55409436 51.07497289 52.86212039 53.0027115
 54.40035249 55.13435466 55.75189805 55.38923536 53.62079718 51.18492408
 50.18112798 49.75501627 47.76071041 48.25203362 44.60534165 41.67733189
 38.36713666 34.94888829 31.3938449  29.32131236 25.95092191 24.81317787
 23.29758677 22.87757592 22.06277115 20.87988069 20.0597885  19.07402386
 18.857782   18.3556128  18.09137744 17.80314534 17.54731562 17.50827007
 17.55273861 17.35629067 17.32605748 17.32470174 17.3087039  17.10588395
 17.11090022 16.92868764 16.96610629 16.83853037 16.86049349 16.83039588
 16.82727766 16.67868764 16.67123102 16.71908894 16.81710954 16.62052603
 16.517218   16.6233731  16.72722343 16.59625813 16.56697397 16.6056128
 16.55829718 16.55829718 16.52440347 16.48806941 16.51274403 16.46380152
 16.40130152 16.56656725 16.40889371 16.34869848 16.38137202 16.24010304
 16.43017896 16.30368764 16.15930043 16.24511931 16.30192516 16.14113341]","[1.84869848 1.8367679  1.88137202 1.90333514 1.91879067 1.93045011
 1.97017354 1.98806941 2.16960412 2.38055857 2.67448482 2.91743492
 3.15319957 3.29080803 3.27684382 3.30341649 3.27833514 3.28280911
 3.29555315 3.34137744 3.32144794 3.32239696 3.33215835 3.34368221
 3.36279826 3.36212039 3.32280369 3.34924078 3.35954447 3.2931128
 3.41119848 3.41635033 3.47017354 3.41445228 3.3949295  3.38408351
 3.4568872  3.44156725 3.44034707 3.42041757 3.36984816 3.29555315
 3.267218   3.29229935 3.26301518 3.39859002 3.58419197 3.60751085
 3.67475597 3.70756508 3.7316974  3.7483731  3.76843818 3.72668113
 3.64452278 3.49796638 3.43546638 3.39859002 3.34368221 3.38489696
 3.31968547 3.32605748 3.29704447 3.28850325 3.27792842 3.23549349
 3.28904555 3.23671367 3.2068872  3.22722343 3.23901844 3.23440889
 3.22586768 3.22763015 3.26437093 3.18058568 3.24755965 3.28863883
 3.28199566 3.37622017 3.31331345 3.32863341 3.29121475 3.35927332
 3.29758677 3.2909436  3.29351952 3.36835683 3.44292299 3.52114967
 3.57781996 3.58825922 3.58961497 3.71664859 3.67299349 3.80639913
 3.88611714 3.97342733 4.06236443 4.10629067 4.27670824 4.26979393]","[ 4.73183297  5.06588937  5.40184382  5.73766269  6.49105206  7.36184924
  7.98468004 10.07022777 16.03592733 25.85683297 36.47912148 41.37377983
 37.05219631 27.61334056 25.76572668 24.27413232 22.5862256  21.90740239
 20.41553688 19.49484816 18.06927874 16.87676247 15.49132321 14.57049892
 13.89520065 13.04718004 12.74755965 12.72003796 12.05938178 12.02806399
 11.51369306 11.11550976 10.87757592 10.75867679 10.65713124 10.74362798
 10.78443601 10.78430043 10.89262473 10.86605206 11.15726681 11.46461497
 11.98210412 12.6072397  13.47600325 13.86184924 14.51870933 14.8329718
 15.3345987  15.59720716 16.01193059 16.78633406 17.16607918 17.87052603
 18.08785249 18.44821041 18.13028742 17.45309111 16.49755965 16.42123102
 16.09273319 15.80585683 15.33093818 14.69929501 14.30612798 13.73142625
 13.02752169 12.42177332 11.75596529 11.50894794 11.56331345 11.52779284
 11.33486985 11.03850325 10.79623102 10.42109544  9.96719089  9.76857375
  9.44915944  9.25244035  8.97396963  8.89208243  8.84232646  8.69631236
  8.65536876  8.43546638  8.045282    7.89886117  7.55504338  7.27711497
  7.07144794  6.89682755  6.82904013  6.69604121  6.70458243  6.57605748
  6.37161063  6.23101952  6.08066703  5.97220716  5.85195228  5.75488069]","[0.46136117 0.53511388 0.60154555 0.68017896 0.82497289 1.02752169
 1.13286334 1.53633406 2.54731562 4.10412148 5.62269523 6.34815618
 6.08690347 5.34625813 5.25664317 5.16458785 5.08717462 5.01057484
 5.06277115 5.05355206 5.05002711 4.92312907 4.66282538 4.36632321
 4.10330803 3.78145336 3.70227766 3.62933839 3.40767354 3.3755423
 3.15957158 2.99186551 2.86293384 2.74118764 2.67638286 2.63598156
 2.60954447 2.60208785 2.5840564  2.62649132 2.62906725 2.65848698
 2.6902115  2.73915401 2.85818872 2.88137202 2.97369848 2.98657809
 3.02331887 3.07212581 3.09612256 3.13381236 3.18180586 3.1675705
 3.09883406 2.96691974 2.85818872 2.67123102 2.48264642 2.47925705
 2.42177332 2.3787961  2.33595445 2.20973427 2.13733731 2.04989154
 1.960141   1.88720174 1.75027115 1.7683026  1.72410521 1.74715293
 1.7251898  1.68261931 1.64194685 1.59219089 1.51925163 1.51030369
 1.43614425 1.42367137 1.35900217 1.31548265 1.34097072 1.30314534
 1.29962039 1.26762473 1.19156725 1.15428416 1.11062907 1.09544469
 1.05843275 1.0215564  1.00501627 0.98074837 0.97695228 0.94956616
 0.9137744  0.86022234 0.84300434 0.79351952 0.78280911 0.75569414]",51
49,0.15,"0.0,0.15,0.3,0.44999999999999996,0.6,0.75,0.8999999999999999,1.05,1.2,1.3499999999999999,1.5,1.65,1.7999999999999998,1.95,2.1,2.25,2.4,2.55,2.6999999999999997,2.85,3.0,3.15,3.3,3.4499999999999997,3.5999999999999996,3.75,3.9,4.05,4.2,4.35,4.5,4.6499999999999995,4.8,4.95,5.1,5.25,5.3999999999999995,5.55,5.7,5.85,6.0,6.1499999999999995,6.3,6.45,6.6,6.75,6.8999999999999995,7.05,7.199999999999999,7.35,7.5,7.6499999999999995,7.8,7.949999999999999,8.1,8.25,8.4,8.549999999999999,8.7,8.85,9.0,9.15,9.299999999999999,9.45,9.6,9.75,9.9,10.049999999999999,10.2,10.35,10.5,10.65,10.799999999999999,10.95,11.1,11.25,11.4,11.549999999999999,11.7,11.85,12.0,12.15,12.299999999999999,12.45,12.6,12.75,12.9,13.049999999999999,13.2,13.35,13.5,13.65,13.799999999999999,13.95,14.1,14.25,14.399999999999999,14.549999999999999,14.7,14.85,15.0,15.149999999999999",2007R_GLUT1_647_WGA_594_0002.nd2,2007,M,R,5.5,Homo,Experimental,0,False,4.176926298157454,True,"[12.48911223 12.87311558 12.87646566 12.99162479 13.36829983 13.68257956
 13.77449749 14.59757119 15.81448911 16.68467337 17.40912898 17.73639028
 18.11453099 18.25670017 18.29564489 18.50858459 18.36453099 18.44995812
 18.69011725 18.81951424 18.94242044 19.42357621 20.24246231 20.56511725
 21.02261307 22.38965662 22.72487437 22.79061977 24.24246231 24.56867672
 27.36306533 32.18278894 39.07747069 49.83291457 63.01612228 71.71628978
 73.87667504 74.72634003 78.05527638 77.31302345 81.41896985 82.92608878
 83.63400335 81.70498325 77.29313233 72.28412898 63.32391122 59.0931742
 53.38965662 50.97173367 45.85762144 37.60301508 32.85196817 26.90263819
 24.53999162 22.12981575 21.10301508 20.01863484 19.18027638 19.20623953
 19.00586265 18.65933836 18.4660804  18.24120603 17.80862647 17.81846734
 17.71775544 17.52889447 17.37248744 17.32935511 17.37248744 17.27575377
 17.17922948 17.05046064 17.05339196 17.13777219 16.69514238 16.92713568
 16.77533501 16.89049414 16.67839196 16.72298995 16.62793132 16.68718593
 16.49350921 16.62164992 16.54082915 16.49476549 16.45393635 16.25230318
 16.39154104 16.34526801 16.39635678 16.35008375 16.29752931 16.31092965
 16.30422948 16.30569514 16.2721943  16.29145729 16.22257119 16.15452261]","[ 1.9608459   1.96628978  2.02198492  2.06051089  2.12835008  2.15473199
  2.22675879  2.27177554  2.59401173  2.8400335   3.29438861  3.6811139
  4.34589615  5.17043551  5.57118928  5.79731993  6.41164154  6.5730737
  7.444933    8.11159966  9.62353434 10.84066164 11.62855946 11.67336683
 11.6239531  11.46859296 11.31113903 11.36788107 11.06553601 11.14907873
 11.13588777 11.30778894 11.80046064 11.58458961 10.62164992  8.85217755
  8.06176717  7.95791457  6.81218593  7.20477387  5.5921273   4.81574539
  4.1769263   3.73953099  3.45184255  3.22361809  3.1769263   3.13253769
  3.17001675  3.18530151  3.20791457  3.32453936  3.41059464  3.60092127
  3.66896985  3.53098827  3.50795645  3.45498325  3.4798995   3.49937186
  3.45037688  3.50879397  3.45854271  3.49099665  3.43404523  3.46859296
  3.39133166  3.36683417  3.34296482  3.305067    3.36369347  3.34045226
  3.29041039  3.25272194  3.25355946  3.28873534  3.31846734  3.33626466
  3.29438861  3.30360134  3.28789782  3.29208543  3.27596315  3.2828727
  3.30737018  3.33668342  3.25146566  3.2690536   3.34463987  3.39740369
  3.3739531   3.42273869  3.44409548  3.44639866  3.44430486  3.57705193
  3.66499162  3.74246231  3.8061139   3.89321608  4.05025126  4.05757956]","[ 4.79417923  5.19681742  5.55129816  6.00942211  6.8251675   7.89112228
  8.57537688 10.875      16.3008794  24.15556951 32.35071189 36.76193467
 34.55108878 28.2489531  26.85762144 25.55443886 24.05046064 23.58814908
 22.02889447 21.45121441 20.59422111 20.15012563 19.74916248 19.27533501
 18.91457286 18.52407873 18.40347571 18.37835008 17.95519263 17.93844221
 17.34694305 16.93090452 16.51549414 16.3368928  15.66624791 14.51989112
 14.0709799  13.81469849 12.99371859 13.21587102 11.85364322 10.9480737
 10.23010888  9.58605528  9.30004188  9.41750419 10.30067002 10.71168342
 11.55757956 11.92671692 12.50774707 13.85615578 14.84128978 16.76947236
 17.35552764 17.71691792 17.34819933 16.5381072  15.33940536 15.40410385
 15.03077889 14.63442211 14.14530988 13.39886935 12.93237018 12.31281407
 11.44116415 10.90180067 10.19744556 10.05422948 10.05276382 10.01235343
  9.88693467  9.61725293  9.46273032  9.1281407   8.76633166  8.52470687
  8.23659966  8.01528476  7.6821608   7.63044389  7.51444724  7.45519263
  7.3951005   7.23010888  6.95477387  6.91457286  6.69618928  6.58333333
  6.40242881  6.26465662  6.19639866  6.11683417  6.08417085  6.01067839
  5.8431742   5.72927136  5.63756281  5.51884422  5.47131491  5.33752094]","[0.47089615 0.57160804 0.63463149 0.75230318 0.94639866 1.15138191
 1.27931323 1.72382747 2.68341709 3.93907035 5.20979899 5.99623116
 6.12269682 5.7531407  5.58396147 5.47152429 5.27721943 5.194933
 4.90117253 4.73869347 4.43572027 4.25837521 4.08940536 4.03329146
 3.92629816 3.8718593  3.80820771 3.85531826 3.73220268 3.72194305
 3.53559464 3.35950586 3.22298995 3.07872697 2.84149916 2.67399497
 2.58375209 2.55632328 2.43195142 2.45644891 2.21754606 2.07453936
 1.8971943  1.7638191  1.7001675  1.70958961 1.80862647 1.87479062
 1.99644054 2.04690117 2.17252931 2.39761307 2.56574539 2.77407873
 2.82558626 2.76528476 2.6599665  2.45142379 2.32286432 2.28077889
 2.24916248 2.17881072 2.12562814 1.99225293 1.92608878 1.85845896
 1.69953936 1.63044389 1.52680067 1.45833333 1.45812395 1.49644054
 1.44723618 1.44451424 1.38609715 1.34778057 1.23576214 1.22822446
 1.16289782 1.15180067 1.08144891 1.07579564 1.05778894 1.02931323
 1.03580402 1.00062814 0.97340871 0.94200168 0.91645729 0.88190955
 0.84798995 0.83500838 0.82432998 0.78894472 0.78747906 0.7669598
 0.75565327 0.7330402  0.71984925 0.66938861 0.66122278 0.62876884]",52
50,0.15,"0.0,0.15,0.3,0.44999999999999996,0.6,0.75,0.8999999999999999,1.05,1.2,1.3499999999999999,1.5,1.65,1.7999999999999998,1.95,2.1,2.25,2.4,2.55,2.6999999999999997,2.85,3.0,3.15,3.3,3.4499999999999997,3.5999999999999996,3.75,3.9,4.05,4.2,4.35,4.5,4.6499999999999995,4.8,4.95,5.1,5.25,5.3999999999999995,5.55,5.7,5.85,6.0,6.1499999999999995,6.3,6.45,6.6,6.75,6.8999999999999995,7.05,7.199999999999999,7.35,7.5,7.6499999999999995,7.8,7.949999999999999,8.1,8.25,8.4,8.549999999999999,8.7,8.85,9.0,9.15,9.299999999999999,9.45,9.6,9.75,9.9,10.049999999999999,10.2,10.35,10.5,10.65,10.799999999999999,10.95,11.1,11.25,11.4,11.549999999999999,11.7,11.85,12.0,12.15,12.299999999999999,12.45,12.6,12.75,12.9,13.049999999999999,13.2,13.35,13.5,13.65,13.799999999999999,13.95,14.1,14.25,14.399999999999999,14.549999999999999,14.7,14.85,15.0,15.149999999999999",2007R_GLUT1_647_WGA_594_0002.nd2,2007,M,R,5.5,Homo,Experimental,0,False,3.124031007751938,False,"[13.06132644 13.43341947 13.591559   13.89922481 14.22687339 14.69302326
 14.74315245 15.49440138 16.59965547 17.72730405 19.22273902 20.29233419
 22.15572782 24.67820844 25.66925065 26.57416021 27.66838932 28.11197244
 30.23600345 31.62618432 34.86683893 37.72248062 40.9538329  43.90249785
 46.03445306 48.51696813 49.48423773 50.01274763 51.93453919 51.89457364
 53.06546081 54.06236003 53.64065461 52.33471146 48.98484065 46.27476314
 44.68182601 43.87527993 41.85512489 42.7627907  38.63858742 36.35658915
 33.23807063 30.42291128 26.79793282 24.43238587 21.2411714  20.5751938
 19.67751938 19.62394488 18.99758829 18.42118863 18.20327304 17.7037037
 17.58570198 17.22859604 16.7329888  16.69112834 16.62187769 16.65391904
 16.69595177 16.53729543 16.46270457 16.31042205 16.38432386 16.41016365
 16.31455642 16.24926787 16.06425495 16.02325581 16.09405685 16.16416882
 16.0496124  16.0838932  16.06425495 16.08217054 15.87321275 15.94039621
 16.016882   15.82394488 15.9245478  15.99242033 15.85150732 15.82411714
 15.9707149  15.95176572 15.88062016 15.90318691 15.80413437 15.75607235
 15.85839793 15.83066322 15.81033592 15.81619294 15.85529716 15.7910422
 15.76520241 15.71248923 15.78001723 15.66942291 15.93626184 15.78105082]","[1.83393626 1.87562446 1.91180017 1.90921619 1.92265289 1.93229974
 1.98122308 1.99465978 2.17209302 2.3622739  2.71472868 2.96709733
 3.35676141 3.7498708  3.80499569 3.93471146 3.99879414 4.02962963
 4.08751077 4.19224806 4.39121447 4.48819983 4.50249785 4.23049096
 3.96692506 3.591559   3.5295435  3.44496124 3.24547804 3.28199828
 3.10129199 3.12403101 3.0496124  3.0044789  3.03428079 3.05030146
 3.02739018 3.01791559 3.1245478  3.05891473 3.16416882 3.16451335
 3.22980189 3.28527132 3.37433247 3.42446167 3.48699397 3.50353144
 3.49681309 3.45908699 3.4997416  3.48199828 3.44134367 3.45529716
 3.44461671 3.48113695 3.51765719 3.49698536 3.53436693 3.61447028
 3.53092162 3.61464255 3.58776916 3.53763997 3.54005168 3.51679587
 3.46149871 3.3796727  3.425323   3.46442722 3.45271318 3.39621016
 3.45564169 3.37950043 3.4005168  3.38966408 3.41533161 3.42256675
 3.50525409 3.60223945 3.72351421 3.72713178 3.76554694 3.7955211
 3.88630491 3.98535745 4.15813953 4.17553833 4.33040482 4.32523686
 4.46580534 4.65236865 4.75555556 4.96968131 5.02566753 5.30801034
 5.64823428 5.92041344 5.8208441  5.58570198 5.40585702 5.24427218]","[ 4.70938846  5.0749354   5.35710594  5.79707149  6.48475452  7.38432386
  7.96589147 10.11162791 15.31197244 24.24272179 35.90852713 43.95796727
 43.00068906 32.22067183 29.42187769 27.06632214 24.84306632 23.64944014
 21.13143842 19.88148148 17.68664944 15.7374677  13.95107666 12.65874246
 11.8327304  10.84857881 10.6        10.47166236  9.88837209  9.80103359
  9.21808786  8.76296296  8.45288544  8.36468562  8.52678725  8.7786391
  8.91869078  8.98294574  9.27424634  9.24461671  9.90215332 10.45322997
 11.32248062 12.37002584 13.77433247 14.63703704 16.72351421 17.6292851
 18.80637382 19.13643411 19.77312661 20.11541774 19.97898363 18.97639966
 18.12695952 16.4332472  15.27527993 13.89715762 12.82170543 12.78897502
 12.50525409 12.12747631 11.65822567 11.02291128 10.64720069 10.06873385
  9.47183463  9.10766581  8.52609819  8.39982773  8.47803618  8.40258398
  8.26408269  8.04013781  7.9667528   7.67183463  7.36950904  7.21378122
  6.9171404   6.87734711  6.64065461  6.61705426  6.64685616  6.55452196
  6.52213609  6.42652885  6.26528854  6.24651163  6.03583118  5.91248923
  5.82773471  5.71576227  5.68234281  5.61068045  5.61154177  5.55055986
  5.48217054  5.38914729  5.31403962  5.24392765  5.18484065  5.10611542]","[0.48268734 0.5543497  0.63049096 0.75624462 0.93316107 1.15176572
 1.26993971 1.78036176 2.79931094 4.3290267  6.03290267 7.18208441
 7.50783807 6.69819121 6.38380706 6.10559862 5.84530577 5.60706288
 5.14504737 4.82945736 4.18604651 3.61119724 3.13161068 2.75452196
 2.52351421 2.2670112  2.2118863  2.1751938  2.05185185 1.98570198
 1.80913006 1.64651163 1.5464255  1.43858742 1.44427218 1.40689061
 1.41257537 1.44720069 1.48251507 1.4918174  1.56158484 1.62825151
 1.71421189 1.87975883 2.04668389 2.20602929 2.42204996 2.4838932
 2.62360034 2.60878553 2.65564169 2.61205857 2.59259259 2.43186908
 2.31352283 2.09819121 1.96124031 1.78794143 1.66236003 1.64806202
 1.59776055 1.55021533 1.5121447  1.43100775 1.38294574 1.31111111
 1.25546942 1.18449612 1.10801034 1.10267011 1.11042205 1.11369509
 1.0918174  1.05167959 1.04875108 0.99810508 0.96761413 0.91007752
 0.90215332 0.8833764  0.84392765 0.816882   0.85495263 0.82222222
 0.816882   0.8248062  0.76382429 0.76296296 0.72075797 0.71645134
 0.68664944 0.69233419 0.69474591 0.65977606 0.66528854 0.64186047
 0.63565891 0.61447028 0.58949182 0.58346253 0.60017227 0.56589147]",53
51,0.15,"0.0,0.15,0.3,0.44999999999999996,0.6,0.75,0.8999999999999999,1.05,1.2,1.3499999999999999,1.5,1.65,1.7999999999999998,1.95,2.1,2.25,2.4,2.55,2.6999999999999997,2.85,3.0,3.15,3.3,3.4499999999999997,3.5999999999999996,3.75,3.9,4.05,4.2,4.35,4.5,4.6499999999999995,4.8,4.95,5.1,5.25,5.3999999999999995,5.55,5.7,5.85,6.0,6.1499999999999995,6.3,6.45,6.6,6.75,6.8999999999999995,7.05,7.199999999999999,7.35,7.5,7.6499999999999995,7.8,7.949999999999999,8.1,8.25,8.4,8.549999999999999,8.7,8.85,9.0,9.15,9.299999999999999,9.45,9.6,9.75,9.9,10.049999999999999,10.2,10.35,10.5,10.65,10.799999999999999,10.95,11.1,11.25,11.4,11.549999999999999,11.7,11.85,12.0,12.15,12.299999999999999,12.45,12.6,12.75,12.9,13.049999999999999,13.2,13.35,13.5,13.65,13.799999999999999,13.95,14.1,14.25,14.399999999999999,14.549999999999999,14.7,14.85,15.0,15.149999999999999",2007R_GLUT1_647_WGA_594_0002.nd2,2007,M,R,5.5,Homo,Experimental,0,False,3.3077341554084687,False,"[13.09239278 13.4241545  13.58962735 13.92755463 14.0732614  14.56188231
 14.82255871 15.63115423 17.14135461 18.65309638 20.21035452 21.75963369
 24.22540575 27.61084414 28.18324417 29.40892193 30.39758818 31.187415
 33.14425605 34.3151691  37.10653731 39.75772962 42.12439931 43.89219331
 44.51727264 45.28479463 45.2936803  45.62317527 45.64402938 45.41735425
 44.9945598  43.91377278 42.26892737 39.99038897 37.27409557 34.61039079
 33.59506755 33.00027201 31.39405204 31.67095838 28.65853659 26.57212803
 24.46967087 22.67440384 20.7741409  19.71175991 18.72427237 18.60413455
 18.23483543 18.16755826 18.05458337 17.78774141 17.68836703 17.39831354
 17.36793907 17.11551365 16.94287787 17.04533503 16.78284523 16.91177804
 16.87977151 16.67503853 16.87687007 16.73560613 16.69380724 16.53694805
 16.45452897 16.59561157 16.49941064 16.52207816 16.4847221  16.41109801
 16.35415722 16.52280352 16.50675492 16.39477741 16.44745671 16.29776045
 16.29232025 16.33566053 16.36676036 16.24245172 16.2518814  16.40402575
 16.33656723 16.15767522 16.1856016  16.08069635 16.02021942 16.13319431
 16.13981322 16.18587361 16.1062653  16.09329948 16.03644936 16.14552543
 16.08695258 16.01677396 15.9794179  16.06346904 16.08178439 15.90987397]","[1.81412639 1.82754556 1.87324327 1.88747847 1.89772418 1.9134101
 1.94868075 1.98803155 2.13827183 2.35379454 2.67630792 2.8946414
 3.1634781  3.40157766 3.39187596 3.40801523 3.43304017 3.46822015
 3.48544746 3.53622269 3.52978511 3.4865355  3.41273008 3.38008886
 3.31090761 3.31807054 3.3402847  3.30809684 3.30773416 3.28506664
 3.294587   3.29168556 3.37428597 3.38734246 3.45461964 3.51944873
 3.55517273 3.54519902 3.67222776 3.60504125 3.69054311 3.7099465
 3.76199111 3.81240366 3.91069    3.98449542 3.99084232 3.93870705
 3.95121951 3.95393961 3.91295675 3.86245353 3.81920392 3.69779672
 3.64620546 3.57774957 3.65935262 3.54501768 3.49786925 3.51001904
 3.47311633 3.4659534  3.42170641 3.39867622 3.4044791  3.41182337
 3.41354611 3.35152779 3.34953305 3.36848309 3.35397588 3.33067368
 3.32169734 3.3097289  3.35860005 3.34645027 3.35071176 3.33919666
 3.41572219 3.40747121 3.44446459 3.42152507 3.45380361 3.47982591
 3.46368664 3.54275093 3.67213709 3.7081331  3.97787651 4.15160033
 4.27790371 4.47012422 4.55471938 4.66116602 4.61909511 4.75002267
 4.75482818 4.74648654 4.66316076 4.61374558 4.6133829  4.64892556]","[ 4.84713029  5.19657267  5.58210173  5.98458609  6.78692538  7.80515006
  8.3911506  11.01142443 17.17807598 28.08722459 41.32586817 48.3517998
 45.21715477 34.23247801 31.71012784 29.68047874 27.75890833 26.55072989
 23.79236558 22.38108623 19.59271013 17.24508115 15.32405476 13.73406474
 12.75410282 11.73016593 11.57031463 11.3678484  10.81231299 10.74675855
 10.18777768  9.89237465  9.74675855  9.83198839 10.06582646 10.43603228
 10.66633421 10.74177169 11.07271738 11.02593163 11.81068093 12.58418714
 13.46713211 14.49242905 15.7650739  16.54157222 18.05558074 18.5918941
 19.27001541 19.56605313 19.83071901 20.07770423 19.9276453  18.83815396
 18.36549098 17.10771602 16.19630066 15.10408922 13.84531689 13.81358237
 13.54701242 13.05014054 12.62145253 11.89718016 11.55481005 11.01278448
 10.41164203  9.964276    9.33974068  9.16719558  9.23456342  9.18886572
  9.06047692  8.82020129  8.67531054  8.41073533  8.04914317  7.83770061
  7.52525161  7.42206909  7.17880134  7.09683562  7.09375283  7.01795267
  6.91685556  6.78375193  6.59869435  6.54936984  6.34445553  6.2340194
  6.09592891  6.0045335   5.95602502  5.84694895  5.8356152   5.75954302
  5.66669689  5.56505576  5.45951582  5.37428597  5.35841871  5.25478285]","[0.47674313 0.56034092 0.63314897 0.74340375 0.91631154 1.14498141
 1.21933086 1.72962191 2.82428144 4.56197298 6.34844501 7.34318615
 7.33520718 6.61574032 6.39713483 6.22513374 6.05549007 5.91622087
 5.62544202 5.40910327 4.93381086 4.52216883 4.05675945 3.74947865
 3.48689818 3.23991296 3.1840602  3.14398404 2.99845861 2.94469127
 2.74975066 2.63133557 2.55326866 2.51237646 2.55181793 2.59125941
 2.63333031 2.67168374 2.71112522 2.7008795  2.85501859 2.94360323
 3.05376734 3.12403663 3.18505758 3.15785656 3.16592619 3.17009702
 3.17100372 3.16909965 3.13790915 3.07643485 2.96545471 2.77078611
 2.65336839 2.4829087  2.34690362 2.1758999  2.01187778 1.95121951
 1.94296854 1.85846405 1.81222232 1.69988213 1.64022123 1.5722187
 1.48816756 1.45416629 1.33194306 1.32260404 1.31136096 1.330311
 1.29123221 1.26140176 1.24544383 1.19212984 1.13038353 1.07797624
 1.05023121 1.03726539 0.99628253 0.97551909 0.96219059 0.97116692
 0.95257956 0.94414725 0.90806057 0.87777677 0.84839967 0.82990298
 0.80569408 0.7974431  0.77939976 0.75392148 0.74938798 0.73741953
 0.73615015 0.69761538 0.68918306 0.66887297 0.64810953 0.63115423]",54
52,0.15,"0.0,0.15,0.3,0.44999999999999996,0.6,0.75,0.8999999999999999,1.05,1.2,1.3499999999999999,1.5,1.65,1.7999999999999998,1.95,2.1,2.25,2.4,2.55,2.6999999999999997,2.85,3.0,3.15,3.3,3.4499999999999997,3.5999999999999996,3.75,3.9,4.05,4.2,4.35,4.5,4.6499999999999995,4.8,4.95,5.1,5.25,5.3999999999999995,5.55,5.7,5.85,6.0,6.1499999999999995,6.3,6.45,6.6,6.75,6.8999999999999995,7.05,7.199999999999999,7.35,7.5,7.6499999999999995,7.8,7.949999999999999,8.1,8.25,8.4,8.549999999999999,8.7,8.85,9.0,9.15,9.299999999999999,9.45,9.6,9.75,9.9,10.049999999999999,10.2,10.35,10.5,10.65,10.799999999999999,10.95,11.1,11.25,11.4,11.549999999999999,11.7,11.85,12.0,12.15,12.299999999999999,12.45,12.6,12.75,12.9,13.049999999999999,13.2,13.35,13.5,13.65,13.799999999999999,13.95,14.1,14.25,14.399999999999999,14.549999999999999,14.7,14.85,15.0,15.149999999999999",2007R_GLUT1_647_WGA_594_0002.nd2,2007,M,R,5.5,Homo,Experimental,0,False,4.248270561106841,False,"[13.35088394 13.58531899 13.79054573 13.74481168 14.49385088 14.89661799
 15.19139124 16.22905457 17.92390469 19.78554958 21.32321291 23.21829362
 26.01844735 29.26018447 30.26364335 31.46617986 32.64642583 33.67255957
 35.80053805 37.93850884 42.04957725 47.42890085 52.61068409 59.33166795
 63.79669485 70.45080707 71.30207533 72.78939277 78.52305919 79.3074558
 85.73212913 90.65103766 93.19869331 94.28247502 90.18524212 84.39815527
 82.84358186 81.18716372 78.25941583 79.74365872 74.19946195 71.14950038
 67.05495772 63.90007686 57.09569562 51.15334358 39.62528824 35.98501153
 31.22213682 29.50499616 27.36548809 24.92275173 23.56571868 21.40007686
 20.97924673 19.69677171 19.00269024 18.70484243 18.37394312 18.62221368
 18.35703305 18.13758647 18.11183705 17.87701768 17.90930054 17.65142198
 17.39123751 17.37009992 17.2782475  17.15488086 17.04650269 17.19485012
 17.28478094 16.94926979 17.41660261 17.08647194 17.09031514 16.88316679
 17.04342813 16.6944658  16.5914681  16.57340507 16.8132206  16.86087625
 16.96464258 16.93351268 16.40814758 16.53766334 16.50499616 16.47386626
 16.45388163 16.55188317 16.33166795 16.443505   16.74365872 16.58147579
 16.4650269  16.45426595 16.47194466 16.39392775 16.42697925 16.21445042]","[1.82052267 1.84473482 1.92428901 1.90507302 1.98885473 2.00653344
 1.99308224 2.06687164 2.23097617 2.46003075 2.811299   3.10069178
 3.52498078 4.04534973 4.20868563 4.31936972 4.60607225 4.71906226
 4.81206764 5.03920061 5.25557264 5.37009992 5.57724827 5.7255957
 5.75249808 5.84588778 5.77056111 5.82282859 5.70368947 5.70023059
 5.5        5.21483474 4.96810146 4.24827056 3.63604919 3.36395081
 3.16986933 3.13489623 3.10568793 3.01691007 2.94581091 2.91660261
 2.85895465 2.8697156  2.98116833 3.0019216  3.22943889 3.26710223
 3.35318985 3.32782475 3.32859339 3.40392006 3.36817832 3.48654881
 3.38470407 3.45388163 3.43850884 3.32244427 3.4358186  3.43351268
 3.46041507 3.48001537 3.42736357 3.42390469 3.42467333 3.45080707
 3.4358186  3.46925442 3.45311299 3.39469639 3.40161414 3.377402
 3.4027671  3.36010761 3.44119908 3.38355111 3.30899308 3.30514988
 3.31283628 3.29515757 3.38854727 3.37125288 3.30707148 3.26710223
 3.27209839 3.36126057 3.367794   3.34934666 3.30092237 3.4415834
 3.31245196 3.36087625 3.41314374 3.3074558  3.30361261 3.36510377
 3.33205227 3.40737894 3.40392006 3.46963874 3.5038432  3.62221368]","[ 4.7179093   5.10837817  5.41275942  5.89200615  6.64757879  7.68639508
  8.19869331 10.60453497 15.15910838 21.78093774 29.56687164 34.23904689
 33.98270561 28.98385857 27.6556495  26.19523444 25.36548809 24.39046887
 22.83128363 21.90353574 20.35626441 18.84166026 17.81053036 16.78170638
 16.08916218 15.12874712 15.02267487 14.73789393 13.89853958 13.74788624
 12.89277479 11.86894696 11.05380477 10.0914681   8.99654112  8.50499616
  8.40007686  8.37125288  8.36894696  8.18139892  8.40584166  8.97886241
 10.03804766 11.41275942 13.90122982 15.93812452 19.33320523 20.26863951
 21.53996925 22.03612606 22.6810146  22.96079939 22.7820907  21.48001537
 20.6556495  18.95465027 18.02805534 16.56341276 15.22521138 15.21714066
 14.85049962 14.38355111 14.02843966 13.31744812 13.00538048 12.32705611
 11.6829362  11.10453497 10.41583397 10.14142967 10.29016141 10.32475019
 10.08877786  9.81591084  9.65142198  9.34012298  8.8055342   8.50807071
  8.08493467  7.84012298  7.55687932  7.44619523  7.39584935  7.28708686
  7.1575711   7.03766334  6.77363566  6.70253651  6.50153728  6.39392775
  6.28478094  6.14604151  6.09377402  5.98847041  6.04727133  5.95119139
  5.76633359  5.72751729  5.56456572  5.47040738  5.38624135  5.27863182]","[0.4650269  0.54765565 0.61491161 0.74289008 0.89508071 1.12913144
 1.17640277 1.61837048 2.43428132 3.49730976 4.54419677 5.20561107
 5.50499616 5.188701   5.17102229 5.02690238 4.87279016 4.85703305
 4.622598   4.48808609 4.24212145 3.97924673 3.75172944 3.54573405
 3.49077633 3.32205995 3.24788624 3.33013067 3.14796311 3.13720215
 2.99077633 2.87586472 2.77478862 2.59108378 2.45426595 2.33627978
 2.28247502 2.29169869 2.33320523 2.29362029 2.38893159 2.42774789
 2.58685626 2.6906226  2.92313605 3.10876249 3.31091468 3.34896234
 3.41468101 3.40776326 3.43082244 3.36702537 3.30399693 3.09646426
 2.94926979 2.75134512 2.61145273 2.34588778 2.17063797 2.15257494
 2.16448885 2.06302844 2.0272867  1.86202921 1.85203689 1.745196
 1.64757879 1.63758647 1.51960031 1.44773251 1.46233666 1.51076095
 1.44888547 1.43235972 1.41737125 1.34588778 1.25134512 1.22021522
 1.13528055 1.13412759 1.07878555 1.06687164 1.00691776 1.04304381
 0.99769408 0.98616449 0.93428132 0.91083782 0.87317448 0.84550346
 0.83627978 0.81936972 0.78977709 0.78093774 0.77709454 0.77863182
 0.78093774 0.76787087 0.73251345 0.64719447 0.68716372 0.66179862]",55
53,0.15,"0.0,0.15,0.3,0.44999999999999996,0.6,0.75,0.8999999999999999,1.05,1.2,1.3499999999999999,1.5,1.65,1.7999999999999998,1.95,2.1,2.25,2.4,2.55,2.6999999999999997,2.85,3.0,3.15,3.3,3.4499999999999997,3.5999999999999996,3.75,3.9,4.05,4.2,4.35,4.5,4.6499999999999995,4.8,4.95,5.1,5.25,5.3999999999999995,5.55,5.7,5.85,6.0,6.1499999999999995,6.3,6.45,6.6,6.75,6.8999999999999995,7.05,7.199999999999999,7.35,7.5,7.6499999999999995,7.8,7.949999999999999,8.1,8.25,8.4,8.549999999999999,8.7,8.85,9.0,9.15,9.299999999999999,9.45,9.6,9.75,9.9,10.049999999999999,10.2,10.35,10.5,10.65,10.799999999999999,10.95,11.1,11.25,11.4,11.549999999999999,11.7,11.85,12.0,12.15,12.299999999999999,12.45,12.6,12.75,12.9,13.049999999999999,13.2,13.35,13.5,13.65,13.799999999999999,13.95,14.1,14.25,14.399999999999999,14.549999999999999,14.7,14.85,15.0,15.149999999999999",2007R_GLUT1_647_WGA_594_0002.nd2,2007,M,R,5.5,Homo,Experimental,0,True,28.14132475194422,False,"[12.59305444 12.69133816 12.85532314 13.07736659 13.34446232 13.66787342
 13.81214803 14.57508715 15.40868866 16.2869402  17.02198981 17.23652454
 17.50817914 17.82716546 17.96902655 17.85733441 17.95990882 17.94663449
 18.06543309 18.28238134 18.33923304 18.69911504 19.0874229  19.74001073
 20.1570126  20.9049343  20.95628855 21.12295522 22.29377849 22.3947439
 24.86859748 27.92987396 32.04223652 38.58581389 46.23424511 52.18838831
 54.6358273  55.49275945 58.10766962 57.44958434 61.06436042 62.72713864
 62.87409493 61.72365245 57.71600965 53.29806919 44.08836149 40.25248056
 35.28720837 32.83011531 30.18597479 26.6740413  24.61893269 21.7402789
 20.99262537 19.87637436 19.19428801 18.54371145 18.2801019  18.2461786
 18.09359078 18.13354787 17.94153929 17.705417   17.47519442 17.48203272
 17.23183159 17.2792974  17.13904532 17.04652722 17.19924913 17.10471976
 16.88629659 17.03070528 16.83172432 16.93215339 16.97854653 16.86108876
 16.57843926 16.85223921 16.84687584 16.85733441 16.71721641 16.67846608
 16.6850362  16.66800751 16.51394476 16.5695897  16.59439528 16.65433092
 16.55242692 16.51407884 16.39903459 16.53124162 16.35773666 16.44207562
 16.33856262 16.48176455 16.37758112 16.42491285 16.37878788 16.30463931]","[ 2.11450791  2.16867793  2.25918477  2.28197908  2.3718155   2.44556181
  2.48525074  2.62805042  2.98846876  3.39608474  3.88079914  4.45186377
  5.44489139  6.63006168  7.08608206  7.59962456  7.93175114  8.44690265
  9.75811209 10.69334942 12.22217753 13.29391258 13.87664253 14.4312148
 14.65902387 14.87704478 14.95441137 15.00469295 15.24939662 15.16599625
 15.37771521 16.00415661 17.10311075 18.18704747 19.62737999 21.46634486
 22.14963797 22.7410834  23.63743631 23.38374899 25.36256369 26.99275945
 28.14132475 28.67833199 28.65325825 28.50227943 26.75060338 26.06342183
 25.06489676 24.46486994 23.67846608 22.19536069 20.79941003 17.58956825
 16.13140252 12.47023331 10.22955216  7.85358005  6.35921158  6.32743363
  6.09117726  5.72807723  5.42263341  5.10378117  4.91780638  4.71600965
  4.4847144   4.33467418  4.13542505  4.03419147  4.06771252  4.10606061
  4.03419147  3.97921695  3.97036739  3.91110217  3.77326361  3.71373022
  3.7173505   3.69978547  3.68838831  3.6562081   3.64132475  3.65795119
  3.65661035  3.62751408  3.67243229  3.65486726  3.72418879  3.68436578
  3.73665862  3.73424511  3.76964334  3.79109681  3.71171896  3.73062483
  3.77527487  3.82207026  3.89621883  3.95776348  4.04371145  4.15593993]","[ 4.79994637  5.18543846  5.50563154  5.910834    6.70179673  7.71373022
  8.18651113 10.77004559 16.09211585 24.85049611 34.37409493 38.40480021
 35.76267096 28.97640118 27.48873693 26.18047734 25.19991955 24.4388576
 22.7622687  22.05644945 20.88549209 20.19911504 19.76468222 19.48806651
 19.18785197 18.98444623 18.92799678 18.83681952 18.63944757 18.64521319
 18.30530973 17.94891392 17.3769107  16.53700724 15.32461786 14.18959507
 13.81120944 13.5713328  12.9694288  13.10431751 11.8820059  11.1179941
 10.41190668  9.91311344  9.93443282 10.26669348 11.32689729 11.78466077
 12.56610351 12.87798337 13.45709305 14.30168946 14.97465809 15.7792974
 15.93081255 15.88803969 15.77111826 15.18409761 14.40345937 14.28037007
 14.09788147 13.72164119 13.29042639 12.57280772 12.22418879 11.71775275
 11.03365514 10.55189059  9.8896487   9.75221239  9.81509788  9.75087155
  9.56529901  9.35639582  9.20729418  8.90667739  8.55081791  8.35492089
  8.04679539  7.90077769  7.67283454  7.67457763  7.64829713  7.57267364
  7.45829981  7.32542237  7.13569322  7.04397962  6.769107    6.5925181
  6.45307053  6.31603647  6.20997586  6.1434701   6.12965943  6.02346474
  5.93134889  5.77286136  5.71708233  5.59305444  5.53848217  5.44515956]","[0.49517297 0.60579244 0.67578439 0.78921963 0.98659158 1.21198713
 1.29525342 1.86149102 2.93175114 4.53097345 6.08474122 7.01407884
 7.09828372 6.49718423 6.34070796 6.21346205 6.06503084 5.93724859
 5.66411907 5.44931617 5.11812818 4.82890855 4.59895414 4.37516761
 4.18731563 4.04894073 3.98122821 3.9439528  3.88160365 3.80168946
 3.72123894 3.61745776 3.62965943 3.52923036 3.44301421 3.24671494
 3.17457763 3.12510056 3.025476   3.03191204 2.76320729 2.59157951
 2.37369268 2.179941   2.13019576 2.09037275 2.23572003 2.32662912
 2.47760794 2.55980156 2.71775275 2.8353446  2.9380531  2.9592384
 2.9253151  2.80919818 2.66371681 2.47425583 2.27219094 2.24094932
 2.21440064 2.14266559 2.09104318 1.95870206 1.89286672 1.82569053
 1.72056852 1.65647627 1.5203808  1.50496112 1.51984446 1.50067042
 1.47506034 1.4592384  1.42987396 1.37556986 1.29511933 1.26964334
 1.22123894 1.21574149 1.17310271 1.13824082 1.14494503 1.11786002
 1.1315366  1.10498793 1.04639313 1.02923036 0.95038884 0.94422097
 0.91753821 0.87825154 0.87704478 0.85237329 0.83601502 0.83668544
 0.80584607 0.78117458 0.74832395 0.72472513 0.70689193 0.70233307]",56
54,0.15,"0.0,0.15,0.3,0.44999999999999996,0.6,0.75,0.8999999999999999,1.05,1.2,1.3499999999999999,1.5,1.65,1.7999999999999998,1.95,2.1,2.25,2.4,2.55,2.6999999999999997,2.85,3.0,3.15,3.3,3.4499999999999997,3.5999999999999996,3.75,3.9,4.05,4.2,4.35,4.5,4.6499999999999995,4.8,4.95,5.1,5.25,5.3999999999999995,5.55,5.7,5.85,6.0,6.1499999999999995,6.3,6.45,6.6,6.75,6.8999999999999995,7.05,7.199999999999999,7.35,7.5,7.6499999999999995,7.8,7.949999999999999,8.1,8.25,8.4,8.549999999999999,8.7,8.85,9.0,9.15,9.299999999999999,9.45,9.6,9.75,9.9,10.049999999999999,10.2,10.35,10.5,10.65,10.799999999999999,10.95,11.1,11.25,11.4,11.549999999999999,11.7,11.85,12.0,12.15,12.299999999999999,12.45,12.6,12.75,12.9,13.049999999999999,13.2,13.35,13.5,13.65,13.799999999999999,13.95,14.1,14.25,14.399999999999999,14.549999999999999,14.7,14.85,15.0,15.149999999999999",2007R_GLUT1_647_WGA_594_0002.nd2,2007,M,R,5.5,Homo,Experimental,0,False,3.0052454888795634,True,"[12.92656316 13.23289971 13.19534201 13.39467058 13.66449853 14.08078053
 14.21611414 15.04469157 16.26542174 17.30759547 18.05832984 18.88208141
 19.29731431 19.62861939 20.13218632 20.15400755 20.07574486 20.28808225
 21.00944188 21.17352077 22.29500629 23.55161561 25.07469576 27.70877046
 29.99349559 33.20331515 34.46705833 34.9431389  38.18841796 38.88900546
 43.5589593  48.67247167 53.99643307 59.36781368 65.6781368  69.43075955
 71.30423836 71.46286194 72.60365086 72.43537558 73.52958456 74.3776752
 73.30004196 71.59001259 67.48237516 63.97230382 58.41082669 56.9431389
 54.29941251 53.2070919  52.12819975 49.78472514 47.06315569 40.55602182
 36.76101553 29.01321863 25.28850189 22.49160722 21.21548468 20.8132606
 20.65946286 20.31430969 19.68254301 19.42047839 19.17687789 18.88816618
 18.42110785 18.21737306 18.32270248 17.94754511 18.08308854 18.11183382
 17.92173731 17.75472094 17.87893412 17.5933697  17.62148552 17.51133026
 17.3487201  17.33235418 17.34494335 17.24129249 17.17687789 17.04049517
 17.03524969 17.20352497 17.19555183 17.15463701 16.88019303 17.05287453
 16.73059169 16.819765   16.88753672 16.96181284 16.94250944 16.88417961
 16.76647084 16.67121276 16.69555183 16.8315149  16.69009652 16.65065044]","[1.86088963 1.90746958 1.94229962 1.9634914  2.01195971 2.03315149
 2.06966009 2.14120856 2.34242551 2.61036509 2.92446496 3.17645825
 3.60071339 4.02622744 4.06462442 4.22891313 4.44481746 4.60449014
 5.1212757  5.60742761 6.8852287  8.29143936 9.14834243 9.4248846
 9.04448175 8.05224507 7.88879564 7.6437264  6.75472094 6.54322283
 5.64393621 4.9334872  4.38355015 3.85165757 3.53587914 3.35774234
 3.28640369 3.30067142 3.21317667 3.19660092 3.08057071 3.00524549
 2.93201846 2.89257239 2.87515736 2.90327319 2.93621486 2.88900546
 2.88963491 2.92257658 2.96663869 3.02769618 3.05434326 3.38438943
 3.45635753 3.50797314 3.57070919 3.5944188  3.50839278 3.58770457
 3.49979018 3.40327319 3.46789761 3.36865296 3.40390264 3.35291649
 3.37305917 3.33718003 3.29479648 3.27129668 3.33990768 3.35039866
 3.33571129 3.34473353 3.32878724 3.33571129 3.38124213 3.32039446
 3.35543433 3.37242971 3.38166177 3.37998321 3.40411246 3.38648762
 3.4076794  3.43705413 3.45740663 3.43831305 3.45803609 3.41775073
 3.48426353 3.54595048 3.55623164 3.58875367 3.51049098 3.55707092
 3.70016786 3.78283676 3.87431809 4.02287033 3.95467898 4.10428032]","[ 4.97293328  5.37515736  5.70877046  6.17373059  6.99349559  8.06819136
  8.62253462 11.41607218 17.81305078 29.52979438 42.96768779 48.44775493
 43.67247167 33.86529585 32.02203105 30.77444398 29.819765   29.01384809
 27.60574906 26.78304658 25.55182543 24.33382291 23.28892153 22.43495594
 21.80423836 21.20667226 21.1126731  20.85102812 20.2532522  20.22660512
 19.1588334  17.94775493 16.87180025 15.31955518 13.52308015 12.29752413
 11.8487201  11.71254721 11.1898867  11.27528326 10.43075955  9.88145195
  9.59420898  9.33130508  9.33130508  9.4892992  10.0193034  10.25262274
 10.62526227 10.77528326 11.0010491  11.53357113 12.05350399 13.38480906
 13.99643307 15.61288292 16.64708351 17.3701217  17.10155266 17.13596307
 16.94146034 16.52916492 16.15505665 15.36382711 15.0568611  14.2908099
 13.48048678 12.89089383 12.09106169 11.80507763 11.91879983 11.85984054
 11.67247167 11.44544692 11.26332354 10.84368443 10.33927822 10.05539236
  9.52433907  9.30465799  8.94586655  8.84746118  8.87263953  8.72345783
  8.64498531  8.48552245  8.16281997  8.09211078  7.86781368  7.56147713
  7.35102812  7.20058749  7.07238775  6.93789341  6.95761645  6.75472094
  6.56042803  6.44691565  6.3036089   6.13386488  5.98657155  5.84263533]","[0.56735208 0.6684851  0.74108267 0.85459505 1.055812   1.30402854
 1.38711708 1.98594209 3.21527486 5.33088544 7.56483424 8.74234159
 8.59693663 7.5289551  7.47440201 7.31556861 7.14813261 7.07427612
 6.92152749 6.87977339 6.6502308  6.33508183 5.94691565 5.4913974
 5.21716324 4.88459924 4.81430969 4.72387747 4.60428032 4.60679815
 4.35774234 4.19869912 3.96307176 3.64603441 3.1909358  2.85564415
 2.74381032 2.66533781 2.56210659 2.60574906 2.38124213 2.26332354
 2.16638691 2.02643726 2.00713386 2.03776752 2.03294167 2.04049517
 2.06273605 2.12379354 2.13470415 2.18401175 2.2156945  2.35564415
 2.46181284 2.59462862 2.61204364 2.65274864 2.59022241 2.54657994
 2.51636593 2.46621905 2.42908099 2.30109106 2.28976081 2.18359211
 2.08392782 1.98195552 1.80423836 1.80696601 1.80612673 1.8304658
 1.76856903 1.74548888 1.69932858 1.64204784 1.55245489 1.47146454
 1.40117499 1.38438943 1.29248846 1.25220311 1.27234578 1.23877465
 1.22828368 1.23457826 1.16072178 1.14708351 1.10490978 1.1137222
 1.05832984 1.01091062 1.01447755 0.96684851 0.96286194 0.92068821
 0.91502308 0.83822912 0.81263114 0.78661351 0.77780109 0.74716744]",57
55,0.15,"0.0,0.15,0.3,0.44999999999999996,0.6,0.75,0.8999999999999999,1.05,1.2,1.3499999999999999,1.5,1.65,1.7999999999999998,1.95,2.1,2.25,2.4,2.55,2.6999999999999997,2.85,3.0,3.15,3.3,3.4499999999999997,3.5999999999999996,3.75,3.9,4.05,4.2,4.35,4.5,4.6499999999999995,4.8,4.95,5.1,5.25,5.3999999999999995,5.55,5.7,5.85,6.0,6.1499999999999995,6.3,6.45,6.6,6.75,6.8999999999999995,7.05,7.199999999999999,7.35,7.5,7.6499999999999995,7.8,7.949999999999999,8.1,8.25,8.4,8.549999999999999,8.7,8.85,9.0,9.15,9.299999999999999,9.45,9.6,9.75,9.9,10.049999999999999,10.2,10.35,10.5,10.65,10.799999999999999,10.95,11.1,11.25,11.4,11.549999999999999,11.7,11.85,12.0,12.15,12.299999999999999,12.45,12.6,12.75,12.9,13.049999999999999,13.2,13.35,13.5,13.65,13.799999999999999,13.95,14.1,14.25,14.399999999999999,14.549999999999999,14.7,14.85,15.0,15.149999999999999",2007R_GLUT1_647_WGA_594_0002.nd2,2007,M,R,5.5,Homo,Experimental,0,False,3.1094452773613193,True,"[12.83915185 13.14114371 13.32855001 13.3808096  13.74534161 14.29470979
 14.33347612 15.40008567 16.63503962 17.86528164 18.48747055 19.11051617
 19.82844292 20.60805312 20.79695866 21.09038338 21.63311202 21.95802099
 22.68451489 23.34889698 25.53266224 28.87491968 32.78603555 38.20625402
 42.56564575 49.61876205 50.71792675 52.51552795 57.60848147 58.37652602
 64.08524309 68.61190833 71.89612337 73.07774684 72.92696509 71.2996359
 70.49089741 69.93210538 69.13343328 69.33690298 65.22467338 62.45170272
 59.44077961 55.80402656 51.51381452 47.66438209 41.60205611 39.35703577
 36.33861641 34.92439495 33.01156565 30.30798886 28.04155065 24.45170272
 23.02634397 21.28892697 20.08695652 19.42171771 18.91197259 18.63354037
 18.74041551 18.55600771 18.19276076 18.03041336 18.07924609 17.6823731
 17.74062969 17.55236667 17.44227886 17.37545513 17.40822446 17.35103877
 17.54851146 17.24716213 17.17305633 17.12979225 17.22617263 17.22724352
 16.99614478 17.05183123 17.13471836 16.8967659  16.86720925 16.8937674
 17.05268794 17.10044978 16.88155922 16.72735061 16.88755622 16.73206254
 16.76675948 16.88134504 16.60976655 16.7234954  16.70828871 16.55643607
 16.8256586  16.6883701  16.60998072 16.6232598  16.58984793 16.44998929]","[1.85350182 1.88948383 1.92546584 1.9218248  1.94774042 1.93895909
 1.99528807 2.01349325 2.23730992 2.45448704 2.74726922 2.9558792
 3.20689655 3.29620904 3.36945813 3.29085457 3.32298137 3.30541872
 3.34825444 3.37909617 3.36902977 3.50289141 3.47204969 3.61747698
 3.54379953 3.49218248 3.51038766 3.53544656 3.43007068 3.38744913
 3.27607625 3.24459199 3.20732491 3.13750268 3.10944528 3.12208182
 3.07838938 3.07067895 3.0721782  3.05225958 3.08460056 3.20882416
 3.2424502  3.43264082 3.64060827 3.78924823 3.86228314 3.86035554
 3.91197259 3.90233455 3.88348683 3.85564361 3.97708289 4.23795245
 4.38723495 4.45855644 4.25165988 4.00342686 3.9038338  3.90875991
 3.85393018 3.83229814 3.88905547 3.9408867  3.94474191 4.24095095
 4.61512101 4.89034054 5.32126794 5.47119297 5.51338616 5.58663525
 5.70935961 6.12315271 6.25144571 6.76290426 7.26365389 7.24908974
 7.1593489  6.94474191 6.44570572 6.23795245 6.08545727 5.8787749
 5.78989077 5.54465624 5.13257657 5.005997   4.82544442 4.82351681
 4.77232812 4.7354894  4.83551082 4.89269651 4.82994217 4.92310987
 4.95566502 5.13664596 5.20646819 5.18419362 5.18654958 5.10194903]","[ 4.87898908  5.22531591  5.53844506  5.91368601  6.64082245  7.62433069
  8.03983722 10.53030628 16.22660099 27.00406939 38.55729278 42.90019276
 37.72820732 27.88155922 26.05268794 24.72328122 23.81516385 22.99207539
 21.82287428 21.47890341 21.40308417 22.11801242 22.81088027 23.00706789
 22.97965303 22.54658385 22.3647462  22.17348469 21.22338831 21.11158706
 19.39451703 17.53266224 15.97451274 14.70379096 13.75283787 13.27907475
 13.1593489  13.10194903 12.94838295 12.96723067 12.8978368  13.06382523
 13.54230028 14.36110516 15.65645749 16.68815592 18.16556008 18.51317199
 19.05054616 19.28335832 19.67209253 20.07731848 20.42407368 20.72585136
 20.64489184 20.53480403 20.26472478 19.33176269 18.05547226 17.93103448
 17.63760977 16.8687085  16.21353609 15.14735489 14.81237952 14.13279075
 13.45234526 12.84343543 11.90661812 11.61662026 11.725423   11.64746198
 11.45148854 11.04326408 10.92568002 10.37117156  9.87363461  9.58663525
  9.15270936  8.94666952  8.59391733  8.46905119  8.45705719  8.26129792
  8.18205183  7.92525166  7.69286785  7.53480403  7.2184622   7.03769544
  6.8627115   6.76804455  6.69415292  6.53844506  6.58749197  6.408867
  6.33026344  6.11801242  6.01456415  5.88284429  5.7905333   5.63611052]","[0.52430927 0.62218891 0.66095524 0.74362819 0.92867852 1.14885414
 1.18804883 1.62947098 2.69372457 4.41036625 6.05632898 6.8226601
 6.54979653 5.64896123 5.49582352 5.40286999 5.32726494 5.31805526
 5.23216963 5.32041122 5.48125937 5.74726922 5.90618976 6.1252945
 6.2465196  6.25937031 6.18762048 6.12443778 5.8687085  5.82244592
 5.18012422 4.62604412 4.11844078 3.91818377 3.88455772 4.11865496
 4.20775327 4.3086314  4.4990362  4.40351253 4.82737203 5.31441422
 5.88498608 6.37481259 6.67616192 6.83122724 6.95780681 6.89869351
 6.88819876 6.87406297 6.82672949 6.67744699 6.48083101 5.77811094
 5.38145213 4.49089741 4.01413579 3.55236667 3.14007282 3.11972585
 2.98714928 2.87363461 2.72178197 2.52730777 2.40715357 2.30027843
 2.18205183 2.03576783 1.86849432 1.841722   1.82780039 1.83958021
 1.80552581 1.75176697 1.74662669 1.64574855 1.56264725 1.50224888
 1.40608267 1.39858642 1.33390448 1.26086957 1.29578068 1.28400086
 1.23538231 1.22060398 1.14949668 1.10130649 1.02527308 1.03598201
 1.00492611 0.994003   0.94816877 0.96251874 0.9348897  0.92396659
 0.87920326 0.8687085  0.81130863 0.7695438  0.77232812 0.7564789 ]",58
56,0.15,"0.0,0.15,0.3,0.44999999999999996,0.6,0.75,0.8999999999999999,1.05,1.2,1.3499999999999999,1.5,1.65,1.7999999999999998,1.95,2.1,2.25,2.4,2.55,2.6999999999999997,2.85,3.0,3.15,3.3,3.4499999999999997,3.5999999999999996,3.75,3.9,4.05,4.2,4.35,4.5,4.6499999999999995,4.8,4.95,5.1,5.25,5.3999999999999995,5.55,5.7,5.85,6.0,6.1499999999999995,6.3,6.45,6.6,6.75,6.8999999999999995,7.05,7.199999999999999,7.35,7.5,7.6499999999999995,7.8,7.949999999999999,8.1,8.25,8.4,8.549999999999999,8.7,8.85,9.0,9.15,9.299999999999999,9.45,9.6,9.75,9.9,10.049999999999999,10.2,10.35,10.5,10.65,10.799999999999999,10.95,11.1,11.25,11.4,11.549999999999999,11.7,11.85,12.0,12.15,12.299999999999999,12.45,12.6,12.75,12.9,13.049999999999999,13.2,13.35,13.5,13.65,13.799999999999999,13.95,14.1,14.25,14.399999999999999,14.549999999999999,14.7,14.85,15.0,15.149999999999999",2007R_GLUT1_647_WGA_594_0002.nd2,2007,M,R,5.5,Homo,Experimental,0,False,3.314802844214609,False,"[13.00711054 13.21223874 13.47920707 13.66558931 14.15384615 14.6095669
 14.77612583 15.92070674 17.28851541 18.74811463 20.00474036 21.1284206
 23.04072398 25.60913596 26.61883215 27.30209007 27.91359621 28.61732385
 30.78797673 32.13962508 35.4598147  38.37168714 41.77591036 45.38784745
 47.32320621 51.24714501 52.10299504 52.62163327 56.25123896 56.47209653
 62.35768153 68.7897005  74.75996552 79.36630037 81.5261797  81.41672053
 80.60784314 80.04589528 79.01529843 79.47769877 76.28808446 72.23658694
 66.46283129 59.82740789 51.11463047 45.38827839 36.34302952 33.89614307
 30.07261366 28.29993536 26.83214824 24.49687567 22.96574014 21.16440422
 20.40379229 19.65567766 18.89851325 18.67916397 18.28959276 18.32299073
 18.3055376  17.97737557 18.00818789 17.97694462 17.79444085 17.80693816
 17.51411334 17.47769877 17.2206421  17.23895712 17.0730446  17.2760181
 17.20685197 17.11829347 17.07670761 16.92846369 17.03964663 17.10601164
 16.83968972 17.02219349 16.91725921 16.97716009 16.98707175 16.76879983
 16.87351864 16.78733032 16.73023055 16.69877182 16.72462831 16.92113769
 16.80112045 16.76707606 16.71040724 16.60137901 16.70911441 16.73001508
 16.64770524 16.61085973 16.55893126 16.68002586 16.34216764 16.51971558]","[ 1.91424262  1.97112691  1.97845292  2.02219349  2.09954751  2.16181857
  2.22775264  2.36069813  2.66472743  3.06227106  3.68002586  4.28851541
  5.41284206  7.05042017  7.78862314  8.20081879  8.59663866  8.89657401
  9.93665158 10.39431157 10.66515837 10.81835811 10.50420168 10.08597285
  9.64447317  8.41133376  8.24757595  7.91962939  6.93751347  6.87782805
  5.76513682  4.74445163  4.15039862  3.68670545  3.31480284  3.17625512
  3.17776341  3.16009481  3.07282913  3.0693816   3.01637578  3.00430942
  2.96207714  2.99073476  3.0103426   3.10816634  3.21353157  3.20986856
  3.22689076  3.31264814  3.24024995  3.34712346  3.354234    3.39538892
  3.43719026  3.46649429  3.49536738  3.42296919  3.5070028   3.48480931
  3.47532859  3.51820728  3.51540616  3.54729584  3.51605257  3.48200819
  3.53759966  3.41090282  3.38914027  3.40077569  3.38547727  3.38439991
  3.35854342  3.36759319  3.33268692  3.35660418  3.35337212  3.33915105
  3.39086404  3.34712346  3.43115708  3.43309632  3.53048912  3.413273
  3.44063779  3.44106874  3.46003017  3.49493644  3.41758242  3.53350571
  3.50506356  3.5556992   3.57897005  3.51928464  3.56668821  3.59663866
  3.69984917  3.66041801  3.80973928  3.90605473  4.00021547  4.03124327]","[ 4.75608705  5.08511097  5.47058824  5.92760181  6.80349063  7.87631976
  8.33160957 10.97909933 16.23076923 23.94634777 32.45852187 36.65567766
 35.98642534 30.50657186 29.12109459 27.95173454 27.18508942 26.31631114
 24.50398621 23.69015298 21.98276234 20.27343245 19.01723766 17.75781082
 17.04115492 16.27774187 16.07670761 15.84809308 15.14350356 15.0782159
 14.05494505 12.99073476 12.00323206 11.2014652  10.31329455  9.95216548
  9.82999354  9.79271709  9.72268908  9.75975005  9.85714286  9.92587804
 10.36931696 10.92975652 11.98577893 13.07175178 14.90239173 15.57142857
 16.57573799 17.15169145 17.649429   18.25748761 18.5660418  18.15190692
 17.68756733 16.44882568 15.76212023 14.85929757 13.99741435 13.96358543
 13.71428571 13.33484163 12.96401638 12.33721181 12.00603318 11.38547727
 10.79616462 10.31652661  9.64555053  9.43525102  9.59513036  9.55979315
  9.39086404  9.10708899  9.06722689  8.69381599  8.2848524   8.08187891
  7.70739065  7.57078216  7.35617324  7.26136608  7.26158156  7.12561948
  7.05343676  6.97435897  6.73518638  6.6634346   6.46972635  6.31135531
  6.13747037  6.08877397  6.0435251   5.91101056  5.88407671  5.80930834
  5.69640164  5.62271062  5.5520362   5.42770955  5.40530058  5.3018746 ]","[0.43309632 0.49041155 0.57207498 0.69510881 0.88127559 1.0952381
 1.13962508 1.61430726 2.47769877 3.73044602 4.94225382 5.60978237
 5.68455074 5.20168067 5.03684551 4.85304891 4.76772247 4.65783236
 4.34583064 4.20103426 3.89248007 3.61753932 3.45335057 3.28226675
 3.13035984 3.05602241 3.07153631 3.04912734 2.9513036  2.85800474
 2.80650722 2.70825253 2.58737341 2.44688645 2.31372549 2.22021116
 2.19133807 2.19478561 2.17474682 2.18530489 2.11118293 2.10558069
 2.15600086 2.17991812 2.23852618 2.37060978 2.5136824  2.53889248
 2.68455074 2.70566688 2.76427494 2.8162034  2.77591036 2.67679379
 2.59082094 2.43525102 2.33268692 2.16031028 2.03663004 2.02908856
 1.94160741 1.90907132 1.88321482 1.73260073 1.73647921 1.63887093
 1.5468649  1.47252747 1.37448826 1.36112907 1.35703512 1.37836673
 1.34776988 1.3195432  1.27860375 1.24865331 1.16849817 1.13811679
 1.07261366 1.07606119 1.02887309 0.99827623 0.97306615 0.97241974
 0.98146951 0.97996122 0.92372334 0.91833657 0.86619263 0.86102133
 0.83344107 0.82245206 0.78323637 0.76836889 0.78258996 0.75285499
 0.73583279 0.70071105 0.68950657 0.67636285 0.67032967 0.65136824]",59
57,0.15,"0.0,0.15,0.3,0.44999999999999996,0.6,0.75,0.8999999999999999,1.05,1.2,1.3499999999999999,1.5,1.65,1.7999999999999998,1.95,2.1,2.25,2.4,2.55,2.6999999999999997,2.85,3.0,3.15,3.3,3.4499999999999997,3.5999999999999996,3.75,3.9,4.05,4.2,4.35,4.5,4.6499999999999995,4.8,4.95,5.1,5.25,5.3999999999999995,5.55,5.7,5.85,6.0,6.1499999999999995,6.3,6.45,6.6,6.75,6.8999999999999995,7.05,7.199999999999999,7.35,7.5,7.6499999999999995,7.8,7.949999999999999,8.1,8.25,8.4,8.549999999999999,8.7,8.85,9.0,9.15,9.299999999999999,9.45,9.6,9.75,9.9,10.049999999999999,10.2,10.35,10.5,10.65,10.799999999999999,10.95,11.1,11.25,11.4,11.549999999999999,11.7,11.85,12.0,12.15,12.299999999999999,12.45,12.6,12.75,12.9,13.049999999999999,13.2,13.35,13.5,13.65,13.799999999999999,13.95,14.1,14.25,14.399999999999999,14.549999999999999,14.7,14.85,15.0,15.149999999999999",2007R_GLUT1_647_WGA_594_0002.nd2,2007,M,R,5.5,Homo,Experimental,0,False,3.5513369602963305,False,"[12.48859822 12.7930316  12.94038662 13.05070031 13.45283019 13.76629239
 13.78828568 14.6433615  15.67172126 16.48211599 17.05151059 17.3609214
 17.76733418 17.99652738 17.89767334 18.03449473 17.97603889 17.94443801
 18.19064707 18.26253039 18.41856696 18.72786202 18.94814215 19.60099549
 19.96527376 20.72450515 20.62530385 20.95288807 21.80796388 21.97684917
 23.89130686 26.77439518 30.85970598 35.64729714 41.41439981 44.90566038
 45.67056372 46.56129182 48.03715708 47.84315314 49.89014932 50.71339275
 51.06933673 50.91202685 50.10151638 48.36751939 45.28753328 43.70528996
 41.31438824 39.79546244 37.97001968 35.14920708 32.1259405  27.87706911
 26.28452367 22.98066906 21.47910638 20.17455724 19.1663387  19.28232434
 18.95416136 18.67334182 18.65887255 18.2839449  18.24296794 17.91144808
 17.74927654 17.72855655 17.45155689 17.47007756 17.44507466 17.39032295
 17.38083111 17.42053478 17.36138442 17.34911448 17.20627387 17.21206158
 17.12154185 17.0446811  17.09978007 16.82405371 16.88748698 17.00347262
 17.03866188 16.82451673 16.81189953 16.88413011 16.66222942 16.74082648
 16.67727746 16.67669869 16.65505267 16.66778562 16.64799167 16.61662229
 16.47609677 16.53547864 16.54879037 16.37249682 16.4853571  16.5257553 ]","[ 1.99803218  2.05035305  2.10116912  2.14307211  2.19782382  2.2195856
  2.31079986  2.41312652  2.71466605  3.03958792  3.55064244  4.04028244
  4.80611182  5.73399699  6.08855192  6.4586179   6.67368908  6.98645677
  7.9300845   8.60713045  9.79187406 10.84338465 11.62530385 12.39495312
 12.83308253 12.78712814 12.76363005 12.63062854 11.93390439 11.95288807
 10.7511286   9.91816182  8.91063781  7.86607246  6.45201991  5.65134854
  5.32908901  5.11228151  4.76513485  4.81571941  4.20685264  3.89512675
  3.55133696  3.37747424  3.28903808  3.21773353  3.32607941  3.32341706
  3.39009145  3.39506887  3.4252807   3.52737585  3.53628892  3.56731103
  3.66662808  3.73376548  3.88204653  3.93309411  3.98402593  3.95404561
  3.90380831  3.83192499  3.78944322  3.66801713  3.63861558  3.5928927
  3.54879037  3.54624378  3.48825095  3.47586526  3.4712351   3.49658525
  3.51487441  3.43164718  3.41810395  3.44183355  3.42122931  3.42007177
  3.45688158  3.49473319  3.53189027  3.52610256  3.48732492  3.50862368
  3.48582012  3.45248293  3.4644056   3.4573446   3.44461164  3.43951846
  3.4964695   3.51313809  3.46498437  3.44519042  3.5398773   3.49994212
  3.52181966  3.59069337  3.608288    3.70413242  3.78840144  3.88679245]","[ 4.85530733  5.18705869  5.51360111  5.93483042  6.67299456  7.73561755
  8.08994097 10.70054404 16.46486862 26.9315893  38.53524714 42.53200602
 38.28579697 29.39506887 27.50966547 26.38488251 25.52737585 24.89350619
 23.49577497 22.96018058 22.40270865 21.97326079 21.67646718 21.10371571
 20.82706332 20.18347031 20.23208705 19.98321565 19.54358143 19.53536289
 18.83435583 18.27653664 17.71767566 16.90114597 15.41775668 14.08994097
 13.66523903 13.3021183  12.52552379 12.61141336 11.39946753 10.64174094
  9.93980785  9.50399352  9.48153721  9.68468573 10.69591388 11.18428059
 11.94929969 12.34020141 12.84616275 13.62356754 14.3649728  15.72624146
 16.04167149 16.6236833  16.56302813 16.33024656 15.73272369 15.68109735
 15.5272601  15.13925223 14.77682602 14.11008219 13.78921171 13.23937956
 12.57483505 12.05996064 11.39564764 11.18810047 11.26403519 11.17884014
 11.05834009 10.7945364  10.68318092 10.29366825  9.79326311  9.531543
  9.02535016  8.8223174   8.48697766  8.41879847  8.37295983  8.22710962
  8.14585021  7.92638037  7.6559787   7.52008334  7.24400972  6.99328626
  6.79557819  6.69591388  6.59474476  6.48049543  6.4293321   6.32295405
  6.14793379  6.04826948  5.96608404  5.83435583  5.75552726  5.63815256]","[0.49311263 0.59405024 0.67195277 0.78134043 0.95774974 1.18624841
 1.23521241 1.76756569 2.8952425  4.73561755 6.60238454 7.36508855
 7.23660146 6.46533164 6.30084501 6.14943859 6.05058456 6.01620558
 5.91121658 5.84963537 5.76085195 5.60794073 5.46868851 5.34159046
 5.18312305 5.02465563 4.99236023 4.95288807 4.8727862  4.8139831
 4.69753444 4.64752865 4.59937493 4.41358954 4.03935641 3.65146429
 3.54855886 3.44935756 3.2405371  3.24273643 2.88794999 2.65806228
 2.45989119 2.29447853 2.23440213 2.21842806 2.3160088  2.34876722
 2.43419377 2.46498437 2.50885519 2.58849404 2.65528418 2.79384188
 2.84512096 2.98066906 2.943975   2.89940965 2.75830536 2.73677509
 2.68896863 2.6097928  2.5201991  2.36740363 2.27445306 2.18821623
 2.07674499 1.9861095  1.85820118 1.83898599 1.81965505 1.82324343
 1.79476791 1.78573909 1.71894895 1.65030675 1.55735618 1.49577497
 1.42111355 1.39912027 1.31739785 1.29065864 1.2895011  1.27642088
 1.26507698 1.23937956 1.17629355 1.13277    1.08276421 1.03530501
 1.00474592 0.98205811 0.95925454 0.94003936 0.92198171 0.90172474
 0.86248408 0.82393796 0.80865841 0.79117953 0.76698692 0.75309642]",60
58,0.15,"0.0,0.15,0.3,0.44999999999999996,0.6,0.75,0.8999999999999999,1.05,1.2,1.3499999999999999,1.5,1.65,1.7999999999999998,1.95,2.1,2.25,2.4,2.55,2.6999999999999997,2.85,3.0,3.15,3.3,3.4499999999999997,3.5999999999999996,3.75,3.9,4.05,4.2,4.35,4.5,4.6499999999999995,4.8,4.95,5.1,5.25,5.3999999999999995,5.55,5.7,5.85,6.0,6.1499999999999995,6.3,6.45,6.6,6.75,6.8999999999999995,7.05,7.199999999999999,7.35,7.5,7.6499999999999995,7.8,7.949999999999999,8.1,8.25,8.4,8.549999999999999,8.7,8.85,9.0,9.15,9.299999999999999,9.45,9.6,9.75,9.9,10.049999999999999,10.2,10.35,10.5,10.65,10.799999999999999,10.95,11.1,11.25,11.4,11.549999999999999,11.7,11.85,12.0,12.15,12.299999999999999,12.45,12.6,12.75,12.9,13.049999999999999,13.2,13.35,13.5,13.65,13.799999999999999,13.95,14.1,14.25,14.399999999999999,14.549999999999999,14.7,14.85,15.0,15.149999999999999",2007R_GLUT1_647_WGA_594_0002.nd2,2007,M,R,5.5,Homo,Experimental,0,False,3.880518889394629,True,"[12.9528903  13.         13.24692763 13.62380519 13.75557579 14.09330906
 14.35116067 15.03186163 16.29790624 17.24761038 18.32089213 18.67273555
 19.1438325  19.53641329 19.67273555 19.78379609 19.89553937 19.97746928
 20.47360036 20.48179335 21.50546199 22.90464269 24.07464725 25.97564861
 28.16408739 30.75056896 31.22166591 31.77878926 34.49613109 34.41010469
 37.80518889 42.27196177 47.25694128 53.82157487 62.12835685 66.43172508
 68.24419663 69.0578061  71.25466545 70.64952208 73.91761493 76.62130178
 78.49908967 80.01638598 78.54984069 75.13677742 68.29745107 65.44970414
 61.82203004 59.92171142 57.77401001 54.02844788 49.65976331 41.67660446
 38.97792444 32.63700501 29.03072371 25.02298589 22.50182066 22.31861629
 21.98452435 21.07874374 20.7137005  20.07646791 19.59626764 19.26035503
 18.77856168 18.5268548  18.31406463 18.26445152 18.08648157 18.20846609
 18.11857078 17.95471097 17.94583523 17.97246245 17.67751479 17.45493855
 17.34774693 17.66181156 17.36891215 17.22325899 17.34023669 17.23145198
 17.26240328 17.00045517 16.99704142 17.03504779 16.89144288 17.05029586
 17.04915794 16.8898498  17.15953573 16.86754665 17.06622667 16.87573964
 16.65157032 16.77810651 16.60559854 16.69503869 16.50318616 16.5980883 ]","[ 1.9462904   1.98702777  2.01684115  2.05120619  2.12790168  2.1586254
  2.20391443  2.28425125  2.58147474  2.9139736   3.38939463  3.72485207
  4.43786982  5.48361402  5.80200273  6.26604461  6.43582157  6.88097406
  7.67910787  8.25989986  8.69981793  9.10582613  9.17660446  9.46085571
  9.67045972  9.78743741  9.96335913 10.10992262 10.28584433 10.07988166
 10.29312699 10.32020938  9.82111971  9.41420118  8.37437415  7.27787893
  6.74351388  6.52435139  6.00591716  6.03914429  5.16522531  4.75921711
  4.30905781  3.88051889  3.49226218  3.31656805  3.32294037  3.36868457
  3.43354574  3.47746928  3.45539372  3.50523441  3.54528903  3.52366864
  3.59353664  3.48611743  3.46495221  3.40418753  3.50250341  3.51456532
  3.41306327  3.49362767  3.47246245  3.45106964  3.45084206  3.45675922
  3.45630405  3.33682294  3.36640874  3.37209832  3.30223031  3.27355485
  3.33955394  3.30700956  3.35867091  3.39667729  3.34456076  3.37323623
  3.32271279  3.44037324  3.46449704  3.40373236  3.43923532  3.36481566
  3.38689122  3.44173873  3.44333182  3.45334547  3.46540737  3.46517979
  3.55097861  3.55735093  3.53732362  3.59831589  3.61652253  3.60263996
  3.70323168  3.6317706   3.65976331  3.8104233   3.98839326  4.2553482 ]","[ 4.93195266  5.32589895  5.65953573  6.16954939  7.02048248  8.09877105
  8.58056441 11.51638598 18.3682294  31.30678198 45.57737824 50.67523896
 43.94333182 30.77492035 28.33659536 26.88757396 25.67250797 25.05826127
 23.20209376 22.61948111 21.71847975 21.06577151 20.91556668 20.63245335
 20.54005462 20.28379609 20.15225307 20.00887574 19.31884388 19.31292672
 18.43468366 17.47291761 16.5        15.51638598 13.90623578 12.56736459
 12.24351388 11.8871188  11.18775603 11.1975421  10.14223942  9.52594447
  9.07601274  8.72917615  8.74305872  9.02139281  9.94264907 10.27674101
 11.06577151 11.55052344 12.01228949 13.11811561 14.11720528 15.98702777
 16.48133819 17.3709604  17.63199818 17.72212107 17.4435594  17.36276741
 17.2002731  16.8265817  16.44446973 15.51866181 15.15930815 14.47678653
 13.55848885 12.80268548 12.04460628 11.6882112  11.74419663 11.70209376
 11.55006827 11.29585799 11.14906691 10.7325899  10.25580337  9.84865726
  9.40122895  9.12994993  8.84865726  8.7969959   8.75694128  8.6572599
  8.54961311  8.36367774  8.00500683  7.89895312  7.53390988  7.25238962
  6.96791079  6.8117888   6.68798361  6.56873009  6.56281293  6.40714611
  6.23736914  6.11106054  5.99362767  5.8709604   5.74442421  5.63837051]","[0.48611743 0.58443332 0.6693218  0.77196177 0.9597178  1.23236231
 1.30518889 1.9435594  3.35093309 5.68070096 7.82726445 8.52617205
 7.62289486 5.81793355 5.45539372 5.12699135 4.96062813 4.8427401
 4.49931725 4.29198908 4.07669549 3.86208466 3.7419208  3.57237142
 3.4704142  3.40942194 3.41647701 3.36640874 3.32362312 3.2257624
 3.0819299  2.95243514 2.80018207 2.59990897 2.40031862 2.23873464
 2.13268093 2.09558489 2.03504779 2.04824761 1.86162949 1.78038234
 1.71893491 1.642467   1.64269458 1.6989076  1.75261721 1.7460173
 1.8131543  1.88029131 1.92967683 2.06417843 2.23486573 2.43582157
 2.45926263 2.5685025  2.59217114 2.54369595 2.49203459 2.46654529
 2.43195266 2.40873919 2.30837506 2.18252162 2.10468821 1.97746928
 1.88802913 1.78083751 1.65543924 1.6263086  1.64929449 1.6317706
 1.59308147 1.57009558 1.52230314 1.51775148 1.45880746 1.37869822
 1.2969959  1.29608557 1.2539827  1.19776969 1.22553482 1.19845244
 1.19162494 1.18866636 1.11811561 1.07191625 1.04642695 0.98452435
 0.94879381 0.91579426 0.89485662 0.9032772  0.87414656 0.84888484
 0.81952663 0.79153391 0.77264452 0.73327264 0.69776969 0.68889395]",61
59,0.15,"0.0,0.15,0.3,0.44999999999999996,0.6,0.75,0.8999999999999999,1.05,1.2,1.3499999999999999,1.5,1.65,1.7999999999999998,1.95,2.1,2.25,2.4,2.55,2.6999999999999997,2.85,3.0,3.15,3.3,3.4499999999999997,3.5999999999999996,3.75,3.9,4.05,4.2,4.35,4.5,4.6499999999999995,4.8,4.95,5.1,5.25,5.3999999999999995,5.55,5.7,5.85,6.0,6.1499999999999995,6.3,6.45,6.6,6.75,6.8999999999999995,7.05,7.199999999999999,7.35,7.5,7.6499999999999995,7.8,7.949999999999999,8.1,8.25,8.4,8.549999999999999,8.7,8.85,9.0,9.15,9.299999999999999,9.45,9.6,9.75,9.9,10.049999999999999,10.2,10.35,10.5,10.65,10.799999999999999,10.95,11.1,11.25,11.4,11.549999999999999,11.7,11.85,12.0,12.15,12.299999999999999,12.45,12.6,12.75,12.9,13.049999999999999,13.2,13.35,13.5,13.65,13.799999999999999,13.95,14.1,14.25,14.399999999999999,14.549999999999999,14.7,14.85,15.0,15.149999999999999",2007R_GLUT1_647_WGA_594_0002.nd2,2007,M,R,5.5,Homo,Experimental,0,False,2.8614471079832855,True,"[13.09214867 13.26215087 13.63404442 13.68396745 14.20145151 14.61447108
 14.88168023 15.34814163 16.36727513 17.83373653 18.87860128 19.69474379
 21.25401364 22.82449967 23.43281284 23.97844733 24.49901034 25.25511326
 27.13525401 29.06773697 32.8526501  37.62216846 41.78557291 46.15482736
 48.67648999 52.12337805 52.66769298 53.38113042 56.30525621 56.26874863
 60.57466461 65.55179239 69.41126017 73.10666373 74.72993182 74.20189136
 73.90301298 73.25907192 72.31691225 72.06443809 68.27182758 64.27534638
 59.00131955 52.66153508 46.41455905 41.87728172 34.57840334 32.48317572
 29.4114801  28.08972949 26.27556631 24.09742687 22.48317572 20.47305916
 20.07257532 18.93578183 18.3644161  17.97756763 17.58544095 17.53595777
 17.64658016 17.44908731 17.25995162 17.21728612 16.87200352 17.00307895
 16.74510666 16.74466681 16.65361777 16.66791291 16.69254453 16.61469101
 16.52936002 16.62238839 16.54365516 16.39542556 16.54497471 16.44996701
 16.26457005 16.40488234 16.21332747 16.26566967 16.3217506  16.22080493
 16.33956455 16.21134814 16.28480317 16.15372773 15.89773477 16.05696063
 16.09610732 16.22740268 15.96767099 15.89003739 15.87684187 16.00527821
 15.91268969 15.92016714 15.93754124 16.11106224 16.00219925 15.85836815]","[1.86386629 1.93732131 1.90719155 1.94985705 1.98130636 2.01847372
 2.04090609 2.09522762 2.28040466 2.50714757 2.90191335 3.15724654
 3.64548054 4.36287662 4.59049923 4.76599956 4.83549593 5.14669013
 5.60215527 5.68638663 5.54321531 4.9991203  4.50714757 4.18627667
 3.87860128 3.57334506 3.56564768 3.54409501 3.38091049 3.39102705
 3.20804926 3.08379151 3.00725753 2.98900374 2.86144711 2.91115021
 2.87222344 2.82669892 2.82032109 2.8291181  2.87904113 2.83923466
 2.84847152 2.90015395 2.93138333 3.02375192 3.11084231 3.21992523
 3.2161865  3.23466022 3.26193094 3.30921487 3.37849131 3.37321311
 3.43831097 3.47965692 3.50120959 3.45480537 3.48097647 3.53749725
 3.38838795 3.54233561 3.43743127 3.4141192  3.37563229 3.3652958
 3.36419617 3.35012096 3.37123378 3.34858148 3.30151748 3.38332967
 3.28634264 3.32329008 3.34990103 3.33296679 3.40928084 3.33956455
 3.42995382 3.49307236 3.50164944 3.50318892 3.49373213 3.49241258
 3.56806686 3.47349901 3.55861007 3.48317572 3.57642402 3.57642402
 3.59181878 3.72597317 3.71805586 3.70178139 3.80162745 3.74928524
 3.82340004 3.91400924 4.06993622 4.22850231 4.5326589  4.98108643]","[ 4.79986804  5.11590059  5.48229602  5.89839455  6.64811964  7.65317792
  7.94523862 10.54123598 16.18143831 26.36551572 38.46536178 44.08137233
 40.80492633 30.74180779 28.68374753 27.31251375 26.55355179 25.66615351
 24.59071916 24.51220585 24.29997801 23.61535078 22.17242138 19.83219705
 18.06817682 16.00307895 15.66109523 15.20628986 13.77149769 13.60039587
 12.12095887 10.91928744 10.13195514  9.57268529  9.13305476  9.13789312
  9.07631405  9.13041566  9.173521    9.16340444  9.4141192   9.61579063
 10.03804706 10.50230921 11.41697823 12.04596437 13.60985265 14.32592918
 15.13525401 15.64174181 16.12073895 16.82340004 17.27336706 17.48757422
 17.28568287 16.27534638 15.38948757 14.07543435 12.92896415 12.86584561
 12.63514405 12.33604574 12.00637783 11.53243897 11.24565648 10.89861447
 10.3923466   9.95755443  9.3173521   9.19221465  9.25027491  9.23883879
  9.04508467  8.87684187  8.72619309  8.39806466  8.04640422  7.81284363
  7.56894656  7.40136354  7.09104904  7.04816362  7.03342863  7.00109963
  6.84231361  6.76687926  6.57004618  6.40928084  6.23510007  6.10688366
  5.98768419  5.92830438  5.82867825  5.75082472  5.79502969  5.66725313
  5.58258192  5.48449527  5.40818122  5.35429954  5.33560589  5.2405982 ]","[0.47921707 0.57356499 0.6800088  0.75874203 0.95931383 1.18341764
 1.22256433 1.75544315 2.80250715 4.42005718 6.17572026 7.05893996
 6.9502969  6.33890477 6.09962613 5.96415219 5.88805806 5.78139433
 5.6364636  5.56916648 5.42819441 5.19661315 4.83681548 4.44182978
 4.12755663 3.81064438 3.64658016 3.58016274 3.34198373 3.2188256
 2.85836815 2.54233561 2.25401364 2.08731031 1.86364636 1.81768199
 1.80712558 1.80602595 1.78645261 1.79327029 1.78799208 1.8491313
 1.89509567 1.93358258 2.00285903 2.13921267 2.28722234 2.29821861
 2.37035408 2.37519243 2.40862107 2.48603475 2.47305916 2.44138993
 2.43215307 2.2667693  2.18825599 2.01077634 1.85968771 1.850011
 1.82889817 1.76446008 1.72135474 1.61227183 1.62700682 1.56696723
 1.51044645 1.39454585 1.30767539 1.26391027 1.31757203 1.29865846
 1.23400044 1.24015835 1.23004179 1.1744007  1.14669013 1.10974269
 1.0758742  1.05630086 1.01209589 0.99406202 0.9782274  0.96987024
 0.97580823 0.97448867 0.91796789 0.88607873 0.84055421 0.83483616
 0.79151089 0.76577963 0.75368375 0.72905212 0.71607653 0.70991863
 0.67605014 0.70376072 0.65185837 0.63998241 0.62084891 0.62480757]",62
60,0.15,"0.0,0.15,0.3,0.44999999999999996,0.6,0.75,0.8999999999999999,1.05,1.2,1.3499999999999999,1.5,1.65,1.7999999999999998,1.95,2.1,2.25,2.4,2.55,2.6999999999999997,2.85,3.0,3.15,3.3,3.4499999999999997,3.5999999999999996,3.75,3.9,4.05,4.2,4.35,4.5,4.6499999999999995,4.8,4.95,5.1,5.25,5.3999999999999995,5.55,5.7,5.85,6.0,6.1499999999999995,6.3,6.45,6.6,6.75,6.8999999999999995,7.05,7.199999999999999,7.35,7.5,7.6499999999999995,7.8,7.949999999999999,8.1,8.25,8.4,8.549999999999999,8.7,8.85,9.0,9.15,9.299999999999999,9.45,9.6,9.75,9.9,10.049999999999999,10.2,10.35,10.5,10.65,10.799999999999999,10.95,11.1,11.25,11.4,11.549999999999999,11.7,11.85,12.0,12.15,12.299999999999999,12.45,12.6,12.75,12.9,13.049999999999999,13.2,13.35,13.5,13.65,13.799999999999999,13.95,14.1,14.25,14.399999999999999,14.549999999999999,14.7,14.85,15.0,15.149999999999999",2007R_GLUT1_647_WGA_594_0002.nd2,2007,M,R,5.5,Homo,Experimental,0,False,3.8419838523644754,False,"[13.42329873 13.59976932 14.21799308 14.0438293  14.83160323 15.45098039
 15.5005767  16.6343714  17.32987313 18.33448674 20.32525952 20.85697809
 23.34602076 26.10957324 26.8177624  27.9527105  28.88696655 29.24106113
 33.05767013 34.24106113 40.26758939 46.69088812 52.14186851 57.52133795
 61.14648212 66.14763552 66.14071511 68.70126874 70.9561707  70.92272203
 75.88119954 79.4567474  81.61591696 82.26874279 80.30680507 80.45213379
 78.5928489  78.27681661 74.61014994 75.75201845 68.18454441 64.84544406
 60.30334487 55.84890427 49.75778547 46.85467128 40.42445213 37.72087659
 33.15455594 31.03690888 29.47058824 26.03575548 23.99192618 21.12918108
 20.24567474 19.23760092 18.83737024 18.24913495 17.74048443 17.52249135
 17.66089965 17.35870819 17.43944637 16.85236448 17.30219146 16.69780854
 16.88927336 16.73817762 16.80622837 16.57093426 16.5467128  16.35178777
 16.4982699  16.35524798 15.91810842 16.5467128  16.19031142 16.07497116
 15.70011534 16.36793541 15.73587082 15.82352941 15.73125721 16.17877739
 16.06459054 15.9550173  16.17531719 15.89273356 15.88350634 16.06113033
 15.65743945 15.98269896 15.57439446 15.75893887 15.6839677  15.84890427
 15.8627451  15.4982699  15.99307958 15.76585928 15.54901961 15.58362168]","[1.98154556 2.04844291 2.09457901 2.04844291 2.10495963 2.10034602
 2.17416378 2.16378316 2.39215686 2.65628604 2.82698962 3.09573241
 3.57900807 3.97001153 4.03114187 4.19261822 4.28835063 4.39215686
 4.70242215 4.71164937 4.32871972 4.3656286  3.88696655 3.71510957
 3.70588235 3.80622837 3.68973472 3.67704729 3.76470588 3.7704729
 3.98039216 4.26989619 4.1361015  3.84198385 3.89504037 3.56862745
 3.59976932 3.61361015 3.50980392 3.48788927 3.52941176 3.50519031
 3.71741638 3.69088812 3.60322953 3.66551326 3.89965398 3.75317186
 3.81314879 3.7716263  3.83852364 3.68627451 3.80507497 3.7254902
 3.79469435 3.76124567 3.7704729  3.58016148 3.70934256 3.5893887
 3.68627451 3.6366782  3.65859285 3.58016148 3.51557093 3.50634371
 3.51557093 3.57900807 3.54209919 3.51211073 3.5005767  3.42329873
 3.4982699  3.39446367 3.44636678 3.51672434 3.57324106 3.50980392
 3.44636678 3.57324106 3.52941176 3.49596309 3.43483276 3.45790081
 3.48096886 3.42675894 3.5432526  3.41753172 3.67935409 3.56401384
 3.97577855 3.91349481 4.04036909 4.34486736 4.26412918 4.48442907
 4.88235294 4.85582468 4.88927336 4.8189158  4.68627451 4.61822376]","[ 4.73817762  5.08304498  5.32641292  5.70242215  6.43829296  7.34602076
  7.66897347  9.97001153 14.89158016 23.64936563 35.06689735 43.48788927
 44.19031142 34.71164937 31.9538639  30.56862745 29.31257209 27.79123414
 25.24567474 24.48673587 22.07727797 19.43829296 17.59515571 15.80161476
 14.84083045 13.22145329 13.11995386 12.59515571 11.73817762 11.70934256
 10.34486736  9.35063437  8.75201845  8.02422145  7.5017301   6.99769319
  7.01614764  7.00807382  7.06920415  7.16724337  7.51095732  7.84544406
  8.91234141 10.00692042 11.4544406  12.40138408 13.64936563 14.1799308
 14.99307958 15.60668973 16.12687428 16.99423299 17.15570934 17.22029988
 16.72318339 15.72433679 14.72202999 13.29988466 12.17762399 11.99423299
 11.83044983 11.19031142 10.74740484  9.91695502  9.78431373  9.29527105
  8.78200692  8.47866205  7.97116494  7.93194925  8.1384083   7.89158016
  7.94232987  7.76701269  7.62053057  7.39792388  7.14071511  7.08535179
  6.67358708  6.49711649  6.37370242  6.38523645  6.21799308  6.26989619
  6.23183391  6.16608997  5.90311419  5.97116494  5.9088812   5.80507497
  5.70011534  5.7266436   5.57093426  5.5893887   5.4982699   5.52133795
  5.38408304  5.38985006  5.33333333  5.21107266  5.28489043  5.14071511]","[0.45905421 0.52710496 0.57208766 0.65628604 0.83852364 1.03806228
 1.06343714 1.54094579 2.4094579  3.54901961 5.01960784 5.88581315
 6.09573241 5.43713956 5.35294118 5.11649366 4.98961938 4.911188
 4.73587082 4.60553633 4.19492503 3.92964245 3.58823529 3.1810842
 3.01038062 2.7254902  2.57785467 2.58016148 2.48096886 2.30449827
 2.01153403 1.83044983 1.66551326 1.55017301 1.44982699 1.38292964
 1.37370242 1.34948097 1.32987313 1.30334487 1.32871972 1.43598616
 1.58708189 1.84659746 2.07843137 2.19377163 2.272203   2.31257209
 2.40023068 2.40599769 2.4106113  2.36793541 2.39215686 2.23760092
 2.09919262 1.96770473 1.82468281 1.69780854 1.5467128  1.50749712
 1.4994233  1.41637832 1.44636678 1.29873126 1.2272203  1.28489043
 1.18800461 1.14763552 1.088812   1.07266436 1.05651672 1.0449827
 1.08765859 1.04959631 1.02191465 0.98615917 0.92041522 0.88581315
 0.88004614 0.87773933 0.78777393 0.76931949 0.82237601 0.79354095
 0.79815456 0.78546713 0.75201845 0.67589389 0.69088812 0.6828143
 0.63091119 0.66666667 0.65167243 0.67358708 0.67358708 0.62975779
 0.64821223 0.6805075  0.62629758 0.58477509 0.57208766 0.57439446]",63
61,0.15,"0.0,0.15,0.3,0.44999999999999996,0.6,0.75,0.8999999999999999,1.05,1.2,1.3499999999999999,1.5,1.65,1.7999999999999998,1.95,2.1,2.25,2.4,2.55,2.6999999999999997,2.85,3.0,3.15,3.3,3.4499999999999997,3.5999999999999996,3.75,3.9,4.05,4.2,4.35,4.5,4.6499999999999995,4.8,4.95,5.1,5.25,5.3999999999999995,5.55,5.7,5.85,6.0,6.1499999999999995,6.3,6.45,6.6,6.75,6.8999999999999995,7.05,7.199999999999999,7.35,7.5,7.6499999999999995,7.8,7.949999999999999,8.1,8.25,8.4,8.549999999999999,8.7,8.85,9.0,9.15,9.299999999999999,9.45,9.6,9.75,9.9,10.049999999999999,10.2,10.35,10.5,10.65,10.799999999999999,10.95,11.1,11.25,11.4,11.549999999999999,11.7,11.85,12.0,12.15,12.299999999999999,12.45,12.6,12.75,12.9,13.049999999999999,13.2,13.35,13.5,13.65,13.799999999999999,13.95,14.1,14.25,14.399999999999999,14.549999999999999,14.7,14.85,15.0,15.149999999999999",2007R_GLUT1_647_WGA_594_0002.nd2,2007,M,R,5.5,Homo,Experimental,0,False,3.9661741835147746,False,"[13.05404355 13.36586314 13.7663297  13.79976672 14.15279938 14.80948678
 15.13958009 16.39424572 17.97706065 19.67301711 21.32076205 23.21150855
 26.15163297 30.33087092 31.93584759 32.96150855 33.50699844 33.94440124
 36.49066874 37.39696734 38.29121306 38.38608087 38.81881804 38.23600311
 38.03421462 37.43273717 38.18934681 37.39735614 37.31065319 37.45917574
 36.43895801 36.42457232 35.7037325  34.87830482 32.30482115 29.92457232
 29.38258165 28.57970451 27.30948678 27.09875583 24.22356143 23.05793157
 21.5311042  20.55637636 19.7807154  19.40124417 18.7962675  18.69401244
 18.56881804 18.61197512 18.39891135 18.3744168  18.20489891 18.01166407
 18.25233281 18.04237947 18.0163297  17.65357698 17.68895801 17.5318818
 17.59564541 17.57659409 17.37636081 17.35536547 17.41912908 17.20139969
 17.33553655 17.5151633  17.37869362 17.14891135 17.27760498 17.36702955
 17.30326594 17.25933126 17.12869362 17.2659409  17.04237947 17.17379471
 17.4688958  16.99027994 17.25       17.19984448 16.90940902 17.39813375
 16.94556765 17.11625194 16.78382582 16.80832037 16.89385692 16.77604977
 16.66057543 16.9066874  17.         16.48950233 16.7340591  16.66912908
 16.75194401 16.70995334 16.89696734 16.58398134 16.52838258 16.54354588]","[1.86197512 1.8433126  1.81415241 1.92068429 1.94867807 1.93584759
 1.99844479 1.98716952 2.17379471 2.48133748 2.79782271 3.03227061
 3.30171073 3.60381026 3.55559876 3.6874028  3.67301711 3.75622084
 3.75311042 3.7659409  3.76088647 3.83592535 3.88646967 3.86391913
 3.97161742 3.88141524 3.88608087 3.88141524 3.89307932 3.92807154
 3.83125972 3.90085537 4.02488336 3.96617418 3.90163297 3.80404355
 3.92379471 3.95839813 3.84292379 3.94090202 3.98328149 3.91601866
 3.92923795 3.91951788 3.85497667 3.87247278 3.93195956 4.06493002
 3.89735614 3.95917574 3.87052877 3.78654743 3.69090202 3.69245723
 3.60342146 3.50660964 3.51166407 3.39269051 3.42534992 3.39735614
 3.37869362 3.47706065 3.41213064 3.43118196 3.38958009 3.44479005
 3.3744168  3.33398134 3.36469673 3.26127527 3.27449456 3.38297045
 3.26049767 3.38880249 3.40785381 3.39307932 3.40707621 3.35808709
 3.35031104 3.34525661 3.37674961 3.32309487 3.34214619 3.35419907
 3.36314152 3.33475894 3.46539658 3.38763608 3.37713841 3.39152411
 3.56065319 3.44012442 3.50116641 3.52682737 3.51749611 3.53304821
 3.50116641 3.65318818 3.74066874 3.88024883 4.3440902  4.82309487]","[ 4.80598756  5.13724728  5.53615863  5.85342146  6.69790047  7.66951788
  8.52177294 11.38141524 16.68234837 27.60031104 38.44673406 41.80987558
 37.76982893 29.22317263 27.05326594 25.47939347 24.15241058 23.54587869
 20.66018663 19.2663297  17.07465008 15.35264386 13.87869362 12.80948678
 12.19479005 11.37869362 11.14580093 10.8588647  10.53265941 10.55559876
 10.13374806 10.02721617 10.27332815 10.10730949 10.26477449 10.41524106
 10.63958009 10.65046656 10.84486781 10.81765163 11.51982893 11.89424572
 12.70101089 13.46423017 14.79160187 15.55598756 16.46461897 16.69906687
 17.22511664 17.11391913 17.30054432 17.44129082 17.55987558 17.21500778
 16.90085537 15.9218507  15.04004666 14.26360809 13.45878694 13.44090202
 13.14463453 12.90279938 12.56881804 11.94867807 11.67107309 11.27954899
 10.84720062 10.40746501  9.85497667  9.75272162  9.81765163  9.73250389
  9.74300156  9.33437014  9.25583204  8.99494557  8.59486781  8.41018663
  8.0933126   7.90746501  7.66951788  7.66640747  7.57620529  7.48989114
  7.44245723  7.28421462  7.11314152  7.03304821  6.7966563   6.66601866
  6.44401244  6.34875583  6.25738725  6.24183515  6.14930016  6.0151633
  5.9529549   5.85069984  5.72550544  5.59875583  5.58320373  5.44517885]","[0.468507   0.562986   0.6562986  0.72356143 0.96267496 1.16524106
 1.2344479  1.7970451  2.76088647 4.47356143 6.18157076 6.79898911
 6.82659409 6.37908243 6.28926905 6.16524106 6.04393468 5.99572317
 5.56804044 5.22939347 4.69323484 4.24377916 3.80209953 3.55443235
 3.3903577  3.2503888  3.10419907 3.07542768 2.95723173 2.95023328
 2.86664075 2.85264386 2.85653188 2.91135303 2.94129082 2.98094868
 3.02138414 3.06648523 3.02877138 3.08553655 3.15396579 3.22978227
 3.36858476 3.41290824 3.42729393 3.48017107 3.49105754 3.41096423
 3.34914463 3.25816485 3.20489891 3.17690513 3.07231726 2.80171073
 2.79004666 2.64774495 2.50777605 2.28499222 2.1562986  2.18390358
 2.08164852 2.05909798 1.9836703  1.88919129 1.8588647  1.81493002
 1.67729393 1.66251944 1.54782271 1.49688958 1.51244168 1.49727838
 1.49805599 1.40241058 1.39269051 1.36586314 1.29548989 1.26399689
 1.2033437  1.15824261 1.12791602 1.09525661 1.12597201 1.12013997
 1.06804044 1.07931571 1.02527216 1.01205288 0.98561431 1.01049767
 0.94206843 0.95956454 0.93351477 0.92573872 0.91251944 0.88102644
 0.90279938 0.81531882 0.79393468 0.76866252 0.74844479 0.72939347]",64
62,0.15,"0.0,0.15,0.3,0.44999999999999996,0.6,0.75,0.8999999999999999,1.05,1.2,1.3499999999999999,1.5,1.65,1.7999999999999998,1.95,2.1,2.25,2.4,2.55,2.6999999999999997,2.85,3.0,3.15,3.3,3.4499999999999997,3.5999999999999996,3.75,3.9,4.05,4.2,4.35,4.5,4.6499999999999995,4.8,4.95,5.1,5.25,5.3999999999999995,5.55,5.7,5.85,6.0,6.1499999999999995,6.3,6.45,6.6,6.75,6.8999999999999995,7.05,7.199999999999999,7.35,7.5,7.6499999999999995,7.8,7.949999999999999,8.1,8.25,8.4,8.549999999999999,8.7,8.85,9.0,9.15,9.299999999999999,9.45,9.6,9.75,9.9,10.049999999999999,10.2,10.35,10.5,10.65,10.799999999999999,10.95,11.1,11.25,11.4,11.549999999999999,11.7,11.85,12.0,12.15,12.299999999999999,12.45,12.6,12.75,12.9,13.049999999999999,13.2,13.35,13.5,13.65,13.799999999999999,13.95,14.1,14.25,14.399999999999999,14.549999999999999,14.7,14.85,15.0,15.149999999999999",2007R_GLUT1_647_WGA_594_0002.nd2,2007,M,R,5.5,Homo,Experimental,0,True,51.86365567039502,False,"[13.34333852 13.61163811 13.69531361 13.92651848 14.36485913 14.69559677
 14.68837604 15.64915758 16.57581764 17.75152202 19.08452499 19.87045165
 21.45179102 23.11539006 23.94520742 24.73821322 25.46240974 25.64349427
 28.028175   29.88715843 33.42786351 37.90584737 42.15163528 46.60073623
 49.55996036 52.88588419 53.84921421 55.01330879 56.56746425 56.67110293
 58.36528387 58.86988532 58.52286564 56.34376327 52.52144981 49.20458729
 47.99263769 47.00722073 44.97692199 45.11652272 40.38850347 37.85785077
 33.69106612 30.19793289 25.98456746 23.58643636 21.34843551 20.67435934
 19.99631884 19.59733824 19.20911794 18.91377602 18.44938411 17.76667139
 17.86521308 17.41087357 17.29675775 17.00849497 17.06795979 17.02916608
 16.89961773 16.84963896 16.76553872 16.57142857 16.62508849 16.64179527
 16.54863373 16.60229364 16.59195809 16.56236727 16.36783237 16.5356081
 16.52442305 16.42842985 16.46552456 16.45235736 16.53263486 16.47062155
 16.33640096 16.42106754 16.35848789 16.44046439 16.31856152 16.32988815
 16.34404644 16.41582897 16.25923828 16.21548917 16.20996744 16.16791732
 16.08891406 15.92071358 16.11439898 16.190429   15.94676483 16.00438907
 16.06668554 15.92156308 15.99377035 15.78734249 16.00707914 15.86620416]","[ 2.38468073  2.48959366  2.55203171  2.67931474  2.80192553  2.94520742
  2.98782387  3.22115248  3.63315871  4.13818491  4.85388645  5.50092029
  6.57213649  8.28670537  9.13563642  9.83916183 10.73764689 11.081127
 14.41073198 16.62423899 21.83647175 27.50714994 32.7723347  37.40931615
 40.27396291 44.03709472 44.65949313 45.81013734 47.77502478 47.91165227
 50.65864364 51.86365567 53.02930766 53.56406626 53.26631743 52.98074473
 52.69503044 52.32026051 51.65779414 51.72830242 49.71032139 48.04997876
 44.62777856 40.8526122  35.2392751  29.99532776 21.93005805 19.18391618
 15.93756194 14.30341215 12.9354382  10.97253292  9.61277078  7.87158431
  7.27693615  6.13832649  5.5670395   5.13691066  4.75690217  4.80504035
  4.62735382  4.57241965  4.38425598  4.13960074  4.14243239  4.0637123
  4.00226533  3.91618293  3.92765114  3.86351409  3.88984851  3.8965029
  3.85388645  3.85147954  3.91519184  3.82882628  3.84808155  3.82925103
  3.8368965   3.90117514  3.88149512  3.86705366  3.87724763  3.80900467
  3.83902025  3.82825995  3.83717967  3.85827552  3.89395441  3.98853179
  4.08749823  4.17740337  4.22724055  4.25031856  4.28528954  4.29774883
  4.30695172  4.25838879  4.14214923  4.18094294  4.09613479  4.16182925]","[ 4.80249186  5.13068101  5.49369956  5.91264335  6.62409741  7.6987116
  8.06696871 10.58686111 15.69545519 25.68993346 39.16197083 45.62692907
 44.51040634 34.93288971 32.38892822 30.90443154 29.66359904 29.03780263
 26.54240408 25.50474303 23.53291802 21.19085374 19.12374345 16.9345887
 15.63995469 14.04870452 13.94095993 13.45476426 12.57638397 12.52244089
 11.35169192 10.4983718   9.99108028  9.65751097  9.77913068 10.1142574
 10.21959507 10.45108311 10.84963896 10.76299023 11.84694889 12.63103497
 14.18363302 15.56647317 17.15248478 18.22157723 19.41129832 19.70253433
 19.85629336 19.81296899 19.60908962 19.16820048 18.34461277 17.12176129
 16.53461702 15.17570437 14.17598754 13.08084383 12.09641795 11.9834348
 11.71343622 11.35749681 10.94407476 10.32323375 10.10533768  9.73269149
  9.21987824  8.84709047  8.3311624   8.23516919  8.30397848  8.20090613
  8.12629194  7.87045165  7.81127     7.55104063  7.28713011  7.16381141
  6.90584737  6.81424324  6.64774175  6.68667705  6.62069942  6.5670395
  6.49978763  6.4155458   6.32592383  6.20515362  6.08438341  5.93685403
  5.86209826  5.76086649  5.7251876   5.63627354  5.66161688  5.56137619
  5.48916891  5.44188022  5.35381566  5.32889707  5.26716693  5.16154609]","[0.4917174  0.5935155  0.64802492 0.78366133 0.97423191 1.25626504
 1.30029732 1.90259097 3.01217613 4.78960782 6.80900467 7.72816084
 7.88319411 7.06753504 6.70140167 6.47246213 6.29350135 6.22752372
 5.79399689 5.48067393 4.95002124 4.33286139 3.78790882 3.31261504
 2.97479824 2.63188447 2.58558686 2.47472745 2.28826278 2.24323942
 1.97890415 1.79583746 1.6539714  1.57794138 1.57326915 1.61376186
 1.62438057 1.6606258  1.68370381 1.68611072 1.83406484 1.94775591
 2.17074897 2.34135636 2.53405069 2.63584879 2.70083534 2.68483647
 2.64887442 2.62310633 2.56349993 2.49695597 2.44938411 2.23715135
 2.14781254 1.99646043 1.82415404 1.69927793 1.58544528 1.57298598
 1.52668838 1.51422908 1.45688801 1.36570862 1.34121478 1.28897069
 1.25215914 1.18080136 1.14129973 1.11241682 1.1200623  1.13181368
 1.10802775 1.08056067 1.04318278 1.00552173 0.98796545 0.93770353
 0.90967011 0.90386521 0.87738921 0.86549625 0.86478833 0.86209826
 0.86068243 0.84510831 0.8319411  0.82089764 0.77516636 0.7673793
 0.73113408 0.73226674 0.71711737 0.69757893 0.69219878 0.677191
 0.65694464 0.65920997 0.6432111  0.62197367 0.60639955 0.59209967]",65
63,0.15,"0.0,0.15,0.3,0.44999999999999996,0.6,0.75,0.8999999999999999,1.05,1.2,1.3499999999999999,1.5,1.65,1.7999999999999998,1.95,2.1,2.25,2.4,2.55,2.6999999999999997,2.85,3.0,3.15,3.3,3.4499999999999997,3.5999999999999996,3.75,3.9,4.05,4.2,4.35,4.5,4.6499999999999995,4.8,4.95,5.1,5.25,5.3999999999999995,5.55,5.7,5.85,6.0,6.1499999999999995,6.3,6.45,6.6,6.75,6.8999999999999995,7.05,7.199999999999999,7.35,7.5,7.6499999999999995,7.8,7.949999999999999,8.1,8.25,8.4,8.549999999999999,8.7,8.85,9.0,9.15,9.299999999999999,9.45,9.6,9.75,9.9,10.049999999999999,10.2,10.35,10.5,10.65,10.799999999999999,10.95,11.1,11.25,11.4,11.549999999999999,11.7,11.85,12.0,12.15,12.299999999999999,12.45,12.6,12.75,12.9,13.049999999999999,13.2,13.35,13.5,13.65,13.799999999999999,13.95,14.1,14.25,14.399999999999999,14.549999999999999,14.7,14.85,15.0,15.149999999999999",2007R_GLUT1_647_WGA_594_0002.nd2,2007,M,R,5.5,Homo,Experimental,0,False,3.560693641618497,False,"[13.2        13.68420039 13.8982659  14.11098266 14.5238921  15.12928709
 15.14026975 16.22870906 17.59961464 19.19171484 20.82408478 22.2433526
 24.44701349 27.71811175 29.10308285 30.11522158 31.44566474 32.0655106
 35.71194605 38.27263969 43.03911368 48.19055877 52.25703276 55.74354528
 58.66628131 61.79325626 62.28631985 63.04354528 65.52254335 65.43487476
 68.11117534 70.01753372 70.13391137 70.32967245 68.8238921  66.15317919
 65.51830443 64.49132948 61.99364162 62.88978805 57.42793834 54.54701349
 49.07591522 44.238921   37.68323699 32.70558767 26.67495183 25.27591522
 23.52504817 22.71233141 21.93660886 21.1177264  20.34026975 19.25915222
 18.98111753 18.58208092 18.24393064 18.00597303 17.78554913 17.63044316
 17.53506744 17.51965318 17.44489403 17.38015414 17.39421965 17.34527938
 17.43564547 17.50134875 17.6088632  17.89788054 17.61483622 17.70924855
 17.76416185 18.06262042 18.20578035 18.68381503 19.67591522 19.74913295
 20.29518304 20.49306358 20.65529865 20.47957611 20.46204239 20.47630058
 20.10770713 20.06300578 19.89537572 19.56782274 19.26435453 19.19229287
 19.19576108 19.22716763 18.98728324 18.64315992 18.79768786 18.45260116
 18.29171484 17.94527938 17.36897881 17.00847784 16.61830443 16.69576108]","[1.89884393 1.90404624 1.9177264  1.95876686 2.00077071 1.99788054
 2.04431599 2.09171484 2.24007707 2.4371869  2.79614644 2.99190751
 3.23236994 3.46184971 3.54412331 3.58285164 3.67090559 3.71310212
 3.89768786 3.98612717 4.17283237 4.19788054 4.17206166 4.04181118
 3.95202312 3.81984586 3.86878613 3.78863198 3.7        3.68285164
 3.67032755 3.50308285 3.5433526  3.56069364 3.65240848 3.68766859
 3.73603083 3.76647399 3.80655106 3.72138728 3.84470135 3.91522158
 3.96840077 4.03179191 4.03622351 4.02331407 3.9699422  3.92369942
 3.79210019 3.8495183  3.81868979 3.65298651 3.6699422  3.57591522
 3.62813102 3.5894027  3.63776493 3.5973025  3.58304432 3.65414258
 3.54489403 3.60346821 3.58208092 3.58554913 3.52196532 3.49961464
 3.56030829 3.47745665 3.47129094 3.33660886 3.46897881 3.43333333
 3.42042389 3.47861272 3.44238921 3.38131021 3.40115607 3.43082852
 3.36204239 3.48381503 3.47398844 3.46358382 3.47032755 3.42928709
 3.44662813 3.4955684  3.43776493 3.47514451 3.57572254 3.69691715
 3.75337187 3.95028902 4.09344894 4.27803468 4.27244701 4.39364162
 4.68766859 4.69903661 4.6283237  4.69922929 4.96377649 5.12138728]","[ 4.71310212  5.08863198  5.4         5.78111753  6.5583815   7.6655106
  7.97225434 10.72890173 16.53217726 28.16820809 41.55086705 45.30789981
 39.28863198 28.20404624 25.82235067 24.73815029 23.88477842 23.47707129
 22.18092486 21.60867052 20.26685934 18.69306358 16.96840077 15.47032755
 14.52312139 13.12524085 12.91252408 12.35452794 11.57899807 11.54508671
 10.43988439  9.67379576  9.17919075  8.88863198  8.69788054  8.65433526
  8.73082852  8.79633911  8.87803468  8.81136802  9.28766859  9.55125241
 10.17938343 10.87938343 12.20539499 13.50770713 16.04238921 17.00057803
 18.14508671 18.78863198 19.31695568 19.91406551 20.01348748 19.34450867
 18.86763006 17.50828516 16.46512524 15.22273603 14.07071291 13.9504817
 13.53468208 13.16820809 12.73815029 12.13063584 11.97244701 11.48843931
 10.98824663 10.62697495 10.01888247  9.90732177  9.97552987  9.87764933
  9.71830443  9.44739884  9.35876686  8.90674374  8.45934489  8.31714836
  7.89922929  7.73063584  7.49055877  7.40732177  7.36011561  7.2699422
  7.16242775  7.00867052  6.83622351  6.67764933  6.51599229  6.39537572
  6.25298651  6.15857418  6.08208092  5.99691715  5.99229287  5.84489403
  5.77475915  5.72543353  5.62023121  5.51849711  5.46165703  5.31233141]","[0.43680154 0.4982659  0.56628131 0.66416185 0.80539499 1.02947977
 1.09807322 1.58362235 2.60346821 4.35317919 6.12870906 6.58882466
 5.98246628 4.89499037 4.69614644 4.5283237  4.47379576 4.41541426
 4.24258189 4.19710983 3.99788054 3.73949904 3.53622351 3.27129094
 3.1026975  2.8460501  2.83776493 2.75337187 2.60308285 2.61599229
 2.42678227 2.24971098 2.11175337 2.06069364 2.02042389 1.99171484
 2.00597303 2.01676301 2.00385356 2.02350674 2.08786127 2.13391137
 2.24315992 2.31271676 2.52947977 2.70077071 2.98554913 3.05529865
 3.12369942 3.15780347 3.13776493 3.11984586 3.03025048 2.85452794
 2.74643545 2.54932563 2.43159923 2.27283237 2.08689788 2.04643545
 1.97475915 1.94181118 1.85375723 1.75356455 1.75028902 1.66069364
 1.62581888 1.55356455 1.47591522 1.46666667 1.47533719 1.45337187
 1.4371869  1.39942197 1.35125241 1.29248555 1.23102119 1.19344894
 1.16512524 1.1433526  1.07861272 1.06685934 1.06647399 1.04277457
 1.038921   1.04393064 0.96127168 0.98824663 0.92235067 0.89171484
 0.87244701 0.85645472 0.8300578  0.80712909 0.81560694 0.80077071
 0.7805395  0.74046243 0.73564547 0.72639692 0.69749518 0.6822736 ]",66
64,0.15,"0.0,0.15,0.3,0.44999999999999996,0.6,0.75,0.8999999999999999,1.05,1.2,1.3499999999999999,1.5,1.65,1.7999999999999998,1.95,2.1,2.25,2.4,2.55,2.6999999999999997,2.85,3.0,3.15,3.3,3.4499999999999997,3.5999999999999996,3.75,3.9,4.05,4.2,4.35,4.5,4.6499999999999995,4.8,4.95,5.1,5.25,5.3999999999999995,5.55,5.7,5.85,6.0,6.1499999999999995,6.3,6.45,6.6,6.75,6.8999999999999995,7.05,7.199999999999999,7.35,7.5,7.6499999999999995,7.8,7.949999999999999,8.1,8.25,8.4,8.549999999999999,8.7,8.85,9.0,9.15,9.299999999999999,9.45,9.6,9.75,9.9,10.049999999999999,10.2,10.35,10.5,10.65,10.799999999999999,10.95,11.1,11.25,11.4,11.549999999999999,11.7,11.85,12.0,12.15,12.299999999999999,12.45,12.6,12.75,12.9,13.049999999999999,13.2,13.35,13.5,13.65,13.799999999999999,13.95,14.1,14.25,14.399999999999999,14.549999999999999,14.7,14.85,15.0,15.149999999999999",2007R_GLUT1_647_WGA_594_0002.nd2,2007,M,R,5.5,Homo,Experimental,0,False,2.7314814814814814,False,"[ 13.2037037   13.66049383  13.83564815  13.60108025  14.02314815
  14.69135802  14.97685185  15.86419753  17.18904321  18.43981481
  19.26851852  19.66512346  20.53472222  21.76157407  22.01697531
  22.03626543  22.74151235  22.38425926  24.2191358   24.70061728
  27.4367284   30.87345679  34.94135802  39.88580247  44.23919753
  51.60108025  53.43518519  56.78858025  61.12037037  61.34567901
  69.93981481  78.43209877  86.36805556  97.43364198 111.49537037
 118.36728395 120.88580247 120.76080247 121.95756173 121.18209877
 121.36651235 120.1242284  113.52391975 102.3904321   88.98996914
  78.15354938  63.13966049  55.19058642  46.22916667  42.53549383
  37.60030864  32.38194444  28.01234568  24.46296296  23.67824074
  22.18209877  20.47530864  20.29166667  19.49305556  19.51003086
  18.93441358  18.92361111  18.70987654  18.36033951  18.65354938
  18.26003086  18.12037037  18.31944444  18.125       17.97762346
  17.90509259  17.79089506  17.99845679  17.80246914  17.80941358
  17.74228395  17.45061728  17.67746914  17.4992284   17.11033951
  17.03626543  17.1404321   17.22222222  16.96296296  17.04243827
  17.          16.83796296  17.51851852  16.87654321  16.9691358
  16.8912037   16.8117284   17.10725309  16.47530864  16.87885802
  16.80401235  16.58564815  16.86419753  16.78240741  16.59567901
  16.45138889  16.80169753]","[ 1.92669753  1.90509259  1.85108025  1.97376543  1.97608025  2.05709877
  2.09722222  2.16589506  2.32021605  2.60725309  3.01466049  3.24537037
  3.68904321  4.25308642  4.32947531  4.5632716   4.79783951  4.83487654
  5.99305556  6.75617284  8.75848765 10.41743827 10.98688272 10.52854938
  9.71373457  8.33564815  7.97067901  7.54012346  6.56018519  6.57330247
  5.25848765  4.07330247  3.74151235  3.27546296  3.02391975  2.8132716
  2.79166667  2.75540123  2.73148148  2.77700617  2.63117284  2.57484568
  2.62037037  2.51697531  2.6087963   2.77623457  2.86188272  2.91975309
  2.85802469  2.89274691  3.08410494  3.24228395  3.18209877  3.2345679
  3.27700617  3.17592593  3.29166667  3.25540123  3.27546296  3.29398148
  3.25771605  3.34259259  3.24459877  3.22453704  3.35725309  3.30787037
  3.21450617  3.26388889  3.31712963  3.2654321   3.25925926  3.24537037
  3.27006173  3.38040123  3.30787037  3.26080247  3.25540123  3.24382716
  3.26157407  3.31790123  3.38348765  3.42515432  3.29012346  3.26234568
  3.27854938  3.23919753  3.29320988  3.38888889  3.36188272  3.29243827
  3.33796296  3.33179012  3.3912037   3.36574074  3.36111111  3.36882716
  3.4837963   3.4212963   3.40277778  3.48765432  3.62962963  3.52006173]","[ 4.91126543  5.23148148  5.66666667  6.14197531  7.02006173  7.90972222
  8.71219136 12.03780864 18.73533951 34.98842593 51.14737654 53.57716049
 42.79552469 28.38348765 26.00385802 24.59259259 23.44830247 23.5
 22.29783951 22.18981481 21.8117284  21.53009259 20.99074074 20.60570988
 20.3587963  19.95987654 19.65972222 19.33641975 18.53935185 18.52546296
 16.48919753 13.90354938 11.83873457  9.99228395  8.55169753  7.84876543
  7.69598765  7.69598765  7.42901235  7.36496914  7.1558642   6.93287037
  6.86882716  7.04861111  7.2816358   7.43287037  8.15740741  8.59490741
  9.36728395  9.99382716 10.5787037  11.52700617 12.59722222 14.0632716
 14.69444444 16.20910494 16.73225309 16.94675926 16.60030864 16.74382716
 16.4845679  16.14429012 15.77083333 14.96296296 14.64583333 13.73225309
 12.87345679 12.26851852 11.44830247 11.11342593 11.2808642  11.1087963
 11.0308642  10.75771605 10.66358025 10.35030864  9.8742284   9.71604938
  9.35493827  9.07253086  8.64274691  8.45987654  8.63888889  8.49074074
  8.39583333  8.14197531  7.75385802  7.62731481  7.44675926  7.21450617
  7.03703704  6.89891975  6.86651235  6.72685185  6.68595679  6.56944444
  6.44367284  6.30709877  6.04861111  5.95756173  5.82638889  5.77314815]","[0.53626543 0.58101852 0.68055556 0.72685185 0.94753086 1.1095679
 1.27700617 1.79012346 2.91358025 5.22685185 7.41049383 7.87114198
 6.90354938 5.67592593 5.59259259 5.49074074 5.27777778 5.26929012
 5.18904321 5.05555556 4.86574074 4.63503086 4.50694444 4.29938272
 4.2492284  4.16512346 4.13348765 4.17283951 4.02932099 3.92978395
 3.70679012 3.27777778 2.73842593 2.29012346 1.84799383 1.63811728
 1.55401235 1.53780864 1.54861111 1.55709877 1.42901235 1.35802469
 1.37037037 1.36728395 1.39660494 1.4382716  1.67283951 1.73996914
 2.00617284 2.125      2.25231481 2.62191358 2.9529321  3.09799383
 3.12191358 3.19212963 3.13194444 3.00771605 2.94753086 2.93518519
 2.81790123 2.80709877 2.76080247 2.56790123 2.52160494 2.37037037
 2.19907407 2.08256173 1.95138889 1.91126543 1.91049383 1.88425926
 1.91203704 1.80324074 1.79320988 1.65895062 1.57947531 1.48688272
 1.44444444 1.4058642  1.36111111 1.30478395 1.31635802 1.30787037
 1.26311728 1.25308642 1.20987654 1.19753086 1.09876543 1.10185185
 1.00540123 1.02700617 1.00848765 0.9683642  0.96064815 0.88888889
 0.88348765 0.84645062 0.7808642  0.79475309 0.73533951 0.77314815]",67
65,0.15,"0.0,0.15,0.3,0.44999999999999996,0.6,0.75,0.8999999999999999,1.05,1.2,1.3499999999999999,1.5,1.65,1.7999999999999998,1.95,2.1,2.25,2.4,2.55,2.6999999999999997,2.85,3.0,3.15,3.3,3.4499999999999997,3.5999999999999996,3.75,3.9,4.05,4.2,4.35,4.5,4.6499999999999995,4.8,4.95,5.1,5.25,5.3999999999999995,5.55,5.7,5.85,6.0,6.1499999999999995,6.3,6.45,6.6,6.75,6.8999999999999995,7.05,7.199999999999999,7.35,7.5,7.6499999999999995,7.8,7.949999999999999,8.1,8.25,8.4,8.549999999999999,8.7,8.85,9.0,9.15,9.299999999999999,9.45,9.6,9.75,9.9,10.049999999999999,10.2,10.35,10.5,10.65,10.799999999999999,10.95,11.1,11.25,11.4,11.549999999999999,11.7,11.85,12.0,12.15,12.299999999999999,12.45,12.6,12.75,12.9,13.049999999999999,13.2,13.35,13.5,13.65,13.799999999999999,13.95,14.1,14.25,14.399999999999999,14.549999999999999,14.7,14.85,15.0,15.149999999999999",2007R_GLUT1_647_WGA_594_0002.nd2,2007,M,R,5.5,Homo,Experimental,0,False,4.674098671726755,True,"[13.09535104 13.69758065 14.06380455 14.06380455 14.79103416 15.30645161
 15.75332068 17.09155598 18.70635674 20.9686907  23.47462049 25.43002846
 29.40322581 34.38519924 36.47319734 38.04174573 39.83728653 40.5085389
 44.99667932 47.72272296 53.28225806 58.596537   63.1987666  66.45303605
 68.20398482 70.15820683 70.46276091 71.27680266 71.8066888  72.28534156
 73.22177419 73.26802657 72.46133776 71.07281784 66.96157495 62.43595825
 61.22485769 59.05526565 56.53557875 57.1591556  51.84037002 47.66105313
 42.73553131 37.95090133 31.44663188 27.21845351 23.39919355 22.54530361
 21.24051233 21.14397533 20.56475332 19.75521822 19.49644213 18.8436907
 18.50355787 18.14895636 17.94829222 17.903463   17.64682163 17.54648956
 17.80479127 17.41982922 17.54506641 17.41532258 17.29696395 17.4629981
 17.13567362 17.28012334 17.54957306 17.23671727 17.1306926  17.12998102
 17.03629032 17.28510436 17.08254269 17.06736243 17.09796015 16.95991461
 17.09724858 17.07329222 16.95303605 16.90725806 16.93500949 17.01304554
 16.72248577 16.778463   16.72628083 16.71750474 16.65275142 16.64065465
 16.8154649  16.6506167  16.70090133 16.64587287 16.65678368 16.60436433
 16.66129032 16.50830171 16.41461101 16.7813093  16.55265655 16.52087287]","[1.95611954 1.95872865 1.96774194 2.03391841 2.03154649 2.05787476
 2.1107685  2.14705882 2.27775142 2.51233397 2.80360531 2.95801708
 3.36148008 3.45991461 3.57210626 3.55929791 3.66389943 3.66129032
 3.71157495 3.75830171 3.84914611 4.03083491 4.32305503 4.62998102
 4.65962998 4.90203985 4.91722011 4.85958254 4.68643264 4.74359583
 4.64824478 4.67409867 4.6990038  4.62666034 4.50592979 4.4544592
 4.44093928 4.44141366 4.34914611 4.23766603 4.13662239 4.14895636
 4.18500949 4.10981973 3.98719165 4.05479127 4.0993833  4.08372865
 4.10056926 4.06143264 4.04530361 4.0142315  3.85863378 3.76185958
 3.75071157 3.61100569 3.66271347 3.63401328 3.6193074  3.59416509
 3.59274194 3.55929791 3.55360531 3.5683112  3.55218216 3.52300759
 3.43975332 3.5227704  3.67433586 3.72556926 3.65654649 3.67243833
 3.70113852 3.8009962  3.77680266 4.05882353 4.19212524 4.22699241
 4.0512334  4.06404175 3.88875712 3.73648008 3.81190702 3.70042694
 3.78439279 3.6164611  3.5993833  3.5908444  3.55455408 3.56949715
 3.57827324 3.57566414 3.50521822 3.48529412 3.48078748 3.47129981
 3.46987666 3.45825427 3.45872865 3.50901328 3.46157495 3.51636622]","[ 4.65085389  4.99407021  5.36693548  5.75474383  6.57329222  7.68074004
  8.17409867 10.77158444 15.42575901 23.52537951 32.41081594 36.07329222
 34.42101518 27.52798861 25.33159393 24.06759962 22.27893738 22.05052182
 18.67267552 17.28747628 14.88140417 12.92314991 11.46442125 10.51304554
  9.92362429  9.31499051  9.22936433  8.99122391  8.63330171  8.52941176
  8.12333966  7.83823529  7.70066414  7.65037951  7.84203036  8.1676945
  8.2528463   8.39136622  8.75450664  8.64350095  9.4573055  10.14634725
 11.18382353 12.37167932 14.02087287 15.59819734 17.70018975 18.38330171
 19.32518975 19.55194497 19.81024668 20.0597723  19.88757116 18.73837761
 17.98885199 16.48221063 15.65536053 14.71703036 13.90156546 13.74596774
 13.3522296  13.05170778 12.55241935 11.8550759  11.50972486 10.95232448
 10.41152751  9.88780835  9.4402277   9.25687856  9.35388994  9.27917457
  9.16793169  8.96418406  8.89373814  8.61503795  8.34985769  8.11598672
  7.94141366  7.78320683  7.59677419  7.60602467  7.55597723  7.45042694
  7.48790323  7.3123814   7.15607211  6.9971537   6.7642315   6.60910816
  6.43833017  6.32139469  6.27466793  6.20564516  6.14729602  6.04720114
  5.97912713  5.83610057  5.75047438  5.63804554  5.54174573  5.43548387]","[0.45137571 0.54696395 0.62333966 0.71916509 0.93429791 1.15014231
 1.20944023 1.73458254 2.58254269 3.89824478 5.18904175 5.8294592
 6.05763757 5.5766129  5.40749526 5.22414611 5.05906072 5.1278463
 4.67362429 4.43809298 3.96133776 3.60056926 3.25379507 2.97343454
 2.84203036 2.69283681 2.6563093  2.52988615 2.47509488 2.41745731
 2.31854839 2.17030361 2.09392789 2.00877609 1.99335863 1.98671727
 2.02466793 2.00118596 2.04316888 2.03083491 2.13875712 2.20920304
 2.3892315  2.56166983 2.84440228 3.07258065 3.2983871  3.36527514
 3.26494307 3.27466793 3.23956357 3.193074   3.05075901 2.74501898
 2.60721063 2.44093928 2.25759013 2.14373814 2.00687856 1.9971537
 1.92647059 1.9120019  1.84890892 1.75711575 1.75687856 1.66318786
 1.59701139 1.52822581 1.40227704 1.42528463 1.44568311 1.4288425
 1.41555977 1.38496205 1.34724858 1.30787476 1.24217268 1.20208729
 1.15654649 1.13472486 1.09179317 1.07637571 1.08847249 1.04886148
 1.05526565 1.04672676 1.01446869 1.00023719 0.92741935 0.93026565
 0.91603416 0.89753321 0.89231499 0.87428843 0.87926945 0.89065465
 0.85863378 0.84487666 0.75260911 0.74905123 0.7073055  0.6816888 ]",68
66,0.15,"0.0,0.15,0.3,0.44999999999999996,0.6,0.75,0.8999999999999999,1.05,1.2,1.3499999999999999,1.5,1.65,1.7999999999999998,1.95,2.1,2.25,2.4,2.55,2.6999999999999997,2.85,3.0,3.15,3.3,3.4499999999999997,3.5999999999999996,3.75,3.9,4.05,4.2,4.35,4.5,4.6499999999999995,4.8,4.95,5.1,5.25,5.3999999999999995,5.55,5.7,5.85,6.0,6.1499999999999995,6.3,6.45,6.6,6.75,6.8999999999999995,7.05,7.199999999999999,7.35,7.5,7.6499999999999995,7.8,7.949999999999999,8.1,8.25,8.4,8.549999999999999,8.7,8.85,9.0,9.15,9.299999999999999,9.45,9.6,9.75,9.9,10.049999999999999,10.2,10.35,10.5,10.65,10.799999999999999,10.95,11.1,11.25,11.4,11.549999999999999,11.7,11.85,12.0,12.15,12.299999999999999,12.45,12.6,12.75,12.9,13.049999999999999,13.2,13.35,13.5,13.65,13.799999999999999,13.95,14.1,14.25,14.399999999999999,14.549999999999999,14.7,14.85,15.0,15.149999999999999",2007R_GLUT1_647_WGA_594_0002.nd2,2007,M,R,5.5,Homo,Experimental,0,True,107.36720867208672,False,"[12.87804878 13.0269067  13.19454123 13.39953542 13.64634146 14.04103755
 14.41656988 15.37262873 16.54819977 17.68757259 18.4789005  18.83275261
 19.29926442 19.757259   19.93495935 20.15737515 20.13975997 20.21409214
 20.83391405 21.51025939 22.80545877 24.89914828 26.99806427 29.19608982
 30.7870693  32.67866822 33.328494   34.28358498 36.36236934 36.1060782
 39.59910956 42.72086721 46.38308169 50.20905923 55.70828494 59.04665118
 60.09717383 61.08226868 62.75087108 62.46864111 65.24583817 66.1366628
 67.11982191 67.20015486 65.90785908 63.93960511 59.59330236 58.05923345
 55.14711576 53.81591173 52.40398761 49.63395277 46.91734417 41.00600077
 38.75919473 31.65098722 27.35501355 23.91018196 21.8168796  21.74370887
 21.0770422  20.54761905 19.9941928  19.64285714 19.47928765 18.97038328
 18.89953542 18.4585753  18.17692605 18.16260163 18.12582269 17.95470383
 17.97444832 18.00774293 17.91366628 17.83468835 17.77893922 17.68215254
 17.44715447 17.38869532 17.3161053  17.45741386 17.3081688  17.25203252
 17.36159504 17.34862563 17.18041038 17.10181959 17.16318235 17.00077429
 17.04568331 17.03910182 16.72764228 17.00096787 16.99787069 16.82075106
 16.83972125 16.84262485 16.77100271 16.8015873  16.72125436 16.77855207]","[  2.70073558   2.77487418   2.89411537   3.10220674   3.18815331
   3.38327526   3.46322106   3.80023229   4.19976771   4.83739837
   5.60472319   6.25571041   7.34262485   8.8604336    9.32481611
   9.96418893  10.69163763  10.74003097  13.2042199   14.99264421
  18.6744096   22.56078204  25.80836237  28.81707317  31.46612466
  35.82229965  36.53368177  38.42450639  42.39082462  42.3190089
  48.40050329  55.06213705  61.14576074  68.55400697  78.38095238
  85.85656214  87.64188928  89.44483159  93.14789005  92.70092915
 100.17169957 103.23461092 107.36720867 109.38617886 110.34572203
 110.09310879 108.4324429  107.97289973 106.89992257 106.37398374
 105.68137824 103.07452575  99.87243515  93.99399923  90.46031746
  80.53116531  71.12078978  56.1656988   40.80332946  39.23209446
  32.97735192  28.86507937  23.5029036   17.72590012  15.87108014
  13.30836237  11.17479675   9.61498258   8.3255904    8.03639179
   8.13085559   7.96883469   7.61382114   7.228223     7.171506
   6.66724739   6.12562911   5.86082075   5.50348432   5.34688347
   5.12524197   4.98083624   5.03077816   4.87301587   4.8612079
   4.64672861   4.56562137   4.53348819   4.43108788   4.37475803
   4.23441734   4.15756872   4.12543554   4.06562137   4.00677507
   4.02342238   3.96960898   3.94870306   3.90205188   3.95141309
   4.09756098   4.22338366]","[ 4.93089431  5.24893535  5.64266357  6.01800232  6.75532327  7.81184669
  8.23770809 11.04607046 16.88346883 29.15563298 42.80565234 45.93495935
 40.5675571  31.83333333 29.93863724 29.08072009 28.13859853 27.86624081
 26.18253968 25.19434766 24.15795587 23.04955478 22.19144406 21.30468448
 20.58614015 19.77874564 19.69454123 19.61382114 19.19376694 19.05613628
 18.62659698 18.14653504 17.6060782  17.07084785 16.17131243 15.46747967
 15.23557878 15.02458382 14.50948509 14.64227642 13.61382114 13.14266357
 12.31223384 11.7543554  11.38927604 11.25919473 11.42411924 11.52535811
 11.88501742 12.08052652 12.35733643 12.87030585 13.31881533 14.07375145
 14.1540844  14.51355014 14.92779714 15.57433217 16.11904762 16.19918699
 16.38559814 16.27080914 16.11788618 15.50483933 15.26635695 14.62253194
 13.84998064 13.17305459 12.47715834 12.10414247 12.28203639 12.23577236
 12.00638792 11.6780875  11.51567944 11.13143631 10.56000774 10.30545877
  9.76848626  9.49670925  9.15060008  8.94231514  8.97948122  8.78668215
  8.62098335  8.47251258  8.20054201  8.00425861  7.75009679  7.46709253
  7.30120015  7.09233449  6.98296554  6.84630275  6.79481223  6.61575687
  6.41966705  6.29887727  6.12795199  6.0240031   5.9759969   5.8313976 ]","[0.48993419 0.5799458  0.6511808  0.72977158 0.91347271 1.12253194
 1.20634921 1.74332172 2.84088269 4.91889276 7.03523035 7.57297716
 7.14769648 6.20189702 6.00793651 5.93805652 5.76984127 5.73732094
 5.55284553 5.47425474 5.3219125  5.18176539 4.97715834 4.78029423
 4.60298103 4.43224932 4.43321719 4.39295393 4.25919473 4.24796748
 4.13859853 4.05458769 3.91385985 3.74157956 3.49574139 3.30758808
 3.19086334 3.13066202 3.         2.9941928  2.68408827 2.51122726
 2.35210995 2.18157182 2.00948509 1.97425474 1.9672861  1.97212544
 2.01935734 2.09601239 2.11730546 2.2361595  2.33914053 2.52710027
 2.53794038 2.70925281 2.72260937 2.75416183 2.68292683 2.68718544
 2.64188928 2.58304297 2.52651955 2.35811072 2.32210608 2.21060782
 2.08304297 1.97231901 1.86101432 1.82326752 1.82810685 1.79790941
 1.82036392 1.74196671 1.69938057 1.63859853 1.53019744 1.49361208
 1.44096012 1.41347271 1.34688347 1.30081301 1.31262098 1.31862176
 1.31533101 1.27622919 1.24932249 1.20092915 1.14440573 1.11595045
 1.09852884 1.07665505 1.0472319  1.00658149 1.00948509 0.96051103
 0.92624855 0.90147116 0.86140147 0.86933798 0.79810298 0.8073945 ]",69
67,0.15,"0.0,0.15,0.3,0.44999999999999996,0.6,0.75,0.8999999999999999,1.05,1.2,1.3499999999999999,1.5,1.65,1.7999999999999998,1.95,2.1,2.25,2.4,2.55,2.6999999999999997,2.85,3.0,3.15,3.3,3.4499999999999997,3.5999999999999996,3.75,3.9,4.05,4.2,4.35,4.5,4.6499999999999995,4.8,4.95,5.1,5.25,5.3999999999999995,5.55,5.7,5.85,6.0,6.1499999999999995,6.3,6.45,6.6,6.75,6.8999999999999995,7.05,7.199999999999999,7.35,7.5,7.6499999999999995,7.8,7.949999999999999,8.1,8.25,8.4,8.549999999999999,8.7,8.85,9.0,9.15,9.299999999999999,9.45,9.6,9.75,9.9,10.049999999999999,10.2,10.35,10.5,10.65,10.799999999999999,10.95,11.1,11.25,11.4,11.549999999999999,11.7,11.85,12.0,12.15,12.299999999999999,12.45,12.6,12.75,12.9,13.049999999999999,13.2,13.35,13.5,13.65,13.799999999999999,13.95,14.1,14.25,14.399999999999999,14.549999999999999,14.7,14.85,15.0,15.149999999999999",2007R_GLUT1_647_WGA_594_0002.nd2,2007,M,R,5.5,Homo,Experimental,0,False,2.6800825593395254,True,"[13.16744066 13.54360165 13.63364293 14.05263158 14.31604747 14.83384933
 14.91718266 15.88235294 17.38544892 18.7120743  19.98916409 20.68627451
 22.10939112 23.70510836 24.93446852 25.20381837 25.78869969 26.03818369
 28.15686275 28.93240454 30.57404541 32.69865841 35.01831785 37.16099071
 39.61584107 42.79334365 43.89293086 45.38570691 48.73916409 49.0374097
 54.90273478 61.05882353 66.15686275 71.62667699 76.00541796 78.12306502
 79.81475748 80.13390093 82.60706914 81.8121775  85.8374613  88.62048504
 92.61429309 94.85629515 96.90221878 95.60113519 88.17827657 84.0250258
 76.07017544 71.62667699 66.28947368 56.36506708 46.37564499 33.38415893
 30.60500516 25.88415893 23.93937049 22.25180599 21.04669763 20.92285862
 20.86532508 20.28173375 19.81166151 19.44814241 19.36042312 19.08539732
 18.82172343 18.28405573 18.08849329 18.06656347 17.92595459 17.90608875
 17.93885449 17.90144479 17.87280702 17.54695562 17.41769866 17.33952528
 17.39473684 17.42879257 17.16511868 17.1754386  17.16486068 16.95665635
 17.38157895 16.84287926 16.74767802 17.01702786 16.71491228 16.8129515
 16.88493292 16.88390093 16.91795666 16.99587203 16.8121775  16.76728586
 16.7123323  16.75361197 16.76625387 16.59210526 16.67801858 16.4120227 ]","[1.87796698 1.89809082 1.90402477 1.9747162  1.98297214 1.98271414
 2.03276574 2.10758514 2.22110423 2.4628483  2.90841073 3.09133127
 3.50954592 3.69478844 3.88570691 3.93627451 4.01702786 4.0368937
 4.30159959 4.56166151 5.07094943 5.54256966 5.85216718 5.95433437
 5.83978328 5.48606811 5.49303406 5.30701754 5.12667699 5.01780186
 4.75799794 4.45794634 4.21130031 3.90247678 3.61532508 3.46620227
 3.4871001  3.40763674 3.32404541 3.31862745 3.02399381 2.94711042
 2.80753354 2.67285862 2.68008256 2.68137255 2.70227038 2.74664603
 2.75154799 2.75567595 2.85861713 3.         3.0748194  3.24742002
 3.42750258 3.45949432 3.51341589 3.57249742 3.50309598 3.48890609
 3.41176471 3.40918473 3.45433437 3.41873065 3.37925697 3.4251806
 3.38983488 3.3998968  3.34416925 3.30392157 3.31914345 3.35861713
 3.36532508 3.4001548  3.36480908 3.34210526 3.35087719 3.34339525
 3.35552116 3.40970072 3.36480908 3.38596491 3.33539732 3.40531476
 3.40273478 3.3372033  3.31475748 3.39060888 3.40557276 3.42776058
 3.45227038 3.45304438 3.50283798 3.49484004 3.45072239 3.43292054
 3.5255418  3.68550052 3.76444788 3.82249742 3.90196078 3.90299278]","[ 4.90944272  5.26934985  5.6744066   6.05598555  6.82172343  7.9620743
  8.37925697 11.32920537 17.44685243 30.80443756 45.89293086 49.5869453
 42.93911249 31.82662539 29.58023736 28.45356037 27.42647059 26.98890609
 25.72626419 25.1493808  24.37332301 23.91769866 23.41589267 22.83436533
 22.20485036 21.30521156 21.16718266 20.81062951 20.05933953 20.05727554
 18.76393189 17.3000516  15.76135191 14.30546956 12.48606811 11.44040248
 11.12899897 10.83152735 10.17337461 10.22420021  9.25283798  8.73632611
  8.16744066  7.77038184  7.49303406  7.65686275  8.39293086  8.86945304
  9.96800826 10.61093911 11.27760578 12.9496904  14.92002064 18.3875129
 19.23271414 20.54127967 20.46542828 19.70665635 18.4754902  18.32946336
 17.73065015 17.32791538 16.56862745 15.46465428 15.08152735 14.30134159
 13.52915377 12.8996388  11.86119711 11.55314757 11.70975232 11.53199174
 11.33023736 10.77992776 10.67672859 10.12951496  9.64086687  9.40660475
  8.87770898  8.70536636  8.39293086  8.26341589  8.23168215  8.08900929
  7.95768834  7.8005676   7.51728586  7.36687307  7.11713106  6.86816305
  6.71568627  6.55908153  6.4876161   6.43111455  6.38209494  6.29772962
  6.15970072  6.06862745  5.91873065  5.8129515   5.7378741   5.59133127]","[ 0.60861713  0.7120743   0.80495356  0.93214654  1.16357069  1.38415893
  1.50696594  2.12899897  3.35474716  5.6754386   8.12409701  9.03328173
  9.57688338 10.28998968 10.70846233 11.04618163 11.58333333 11.67905057
 12.6122291  12.874613   12.93498452 12.32198142 11.53199174 10.60835913
 10.10371517  9.12409701  8.97162023  8.53147575  7.86145511  7.7997936
  6.88673891  5.94040248  5.13209494  4.53044376  3.75180599  3.31166151
  3.12822497  3.00954592  2.72832817  2.80521156  2.33436533  2.14241486
  1.87848297  1.71929825  1.6003612   1.60861713  1.66640867  1.72987616
  1.81037152  1.89473684  1.99251806  2.20562436  2.46542828  2.86971104
  2.86996904  3.01857585  2.94582043  2.79824561  2.63132095  2.61506708
  2.56062951  2.47213622  2.38261094  2.24742002  2.1999484   2.08101135
  1.95665635  1.85861713  1.73142415  1.67311662  1.6744066   1.66640867
  1.64809082  1.58230134  1.54153767  1.499742    1.43085655  1.35345717
  1.32997936  1.29618163  1.21594427  1.17776058  1.18859649  1.18240454
  1.18859649  1.10552116  1.05211558  1.04463364  0.99613003  0.9494324
  0.90350877  0.90763674  0.8998968   0.8619711   0.86480908  0.86119711
  0.83075335  0.82172343  0.77425181  0.74071207  0.68885449  0.70175439]",70
68,0.15,"0.0,0.15,0.3,0.44999999999999996,0.6,0.75,0.8999999999999999,1.05,1.2,1.3499999999999999,1.5,1.65,1.7999999999999998,1.95,2.1,2.25,2.4,2.55,2.6999999999999997,2.85,3.0,3.15,3.3,3.4499999999999997,3.5999999999999996,3.75,3.9,4.05,4.2,4.35,4.5,4.6499999999999995,4.8,4.95,5.1,5.25,5.3999999999999995,5.55,5.7,5.85,6.0,6.1499999999999995,6.3,6.45,6.6,6.75,6.8999999999999995,7.05,7.199999999999999,7.35,7.5,7.6499999999999995,7.8,7.949999999999999,8.1,8.25,8.4,8.549999999999999,8.7,8.85,9.0,9.15,9.299999999999999,9.45,9.6,9.75,9.9,10.049999999999999,10.2,10.35,10.5,10.65,10.799999999999999,10.95,11.1,11.25,11.4,11.549999999999999,11.7,11.85,12.0,12.15,12.299999999999999,12.45,12.6,12.75,12.9,13.049999999999999,13.2,13.35,13.5,13.65,13.799999999999999,13.95,14.1,14.25,14.399999999999999,14.549999999999999,14.7,14.85,15.0,15.149999999999999",2007R_GLUT1_647_WGA_594_0002.nd2,2007,M,R,5.5,Homo,Experimental,0,True,29.145907963626343,True,"[13.27721135 13.57426288 13.72457977 14.05965831 14.54822265 14.85519427
 14.95384403 15.99848443 17.36180766 18.80228713 20.54174704 21.58018738
 23.93992835 26.74841554 28.15844585 29.05414715 30.39087903 30.79126481
 34.54836043 36.71713971 41.40686139 45.56806283 49.17663268 51.53940479
 53.64838799 55.26894461 55.61587214 56.18421053 56.88936346 57.04381372
 57.09327638 56.68393497 55.09313861 52.36594103 48.52852025 45.47864425
 44.40989253 43.98415541 42.60912097 43.00440893 39.7185175  37.51184899
 34.37889226 30.8011849  26.48470653 23.89363461 21.19674842 20.75323781
 20.05979609 19.70432626 19.46693304 18.8667677  18.60195646 18.25750896
 18.18710389 17.63144117 17.43290163 17.39074125 17.33810967 17.24028658
 17.29140259 17.23298429 17.20184624 17.11435657 17.10980986 17.38812345
 17.32322954 17.57839625 17.89942133 18.13612565 17.9612841  18.01749793
 18.31689171 18.73284651 18.81014053 19.24221549 20.24827776 20.5144668
 21.1325434  21.33163406 21.71231744 21.92187931 22.10512538 22.08886746
 22.20584183 22.08542298 21.97933315 22.04298705 21.72650868 21.56751171
 21.51722238 21.46211077 21.32488289 21.27969138 21.41416368 21.3097272
 21.074814   20.67249931 20.22457977 19.53775145 18.36125654 17.84293194]","[ 2.20322403  2.25310003  2.31551392  2.43455497  2.5354092   2.59892532
  2.67525489  2.85326536  3.12978782  3.67704602  4.34734087  4.89377239
  6.0420226   7.762469    8.61201433  9.25626894 10.17621934 10.3917057
 13.20005511 14.95026178 18.11724993 21.13047672 23.67759713 25.46789749
 26.42380821 27.63929457 27.85574538 28.34417195 29.21837972 29.14590796
 29.59134748 29.84692753 30.38495453 30.15569027 29.59796087 29.27225131
 29.04298705 29.0059245  28.62220998 28.61559658 27.5912097  26.78203362
 25.25282447 23.64246349 20.97051529 18.70046845 15.03141361 13.43744833
 11.63199228 10.71920639  9.70777074  8.31620281  7.21341967  5.95522182
  5.6607881   5.0767429   4.91802149  4.70859741  4.57756958  4.50137779
  4.41443924  4.36442546  4.25241113  4.16933039  4.15885919  4.10939653
  4.02659135  4.05056489  4.04408928  4.00496004  3.98153761  4.02893359
  4.03775145  4.02810692  4.02838247  3.99035547  3.9947644   4.04422706
  4.04174704  4.09823643  3.98443097  4.00647561  4.01887572  3.92959493
  3.93786167  3.91044365  3.91168366  3.92339487  3.99517773  4.07136952
  4.2073574   4.31454946  4.39694131  4.49710664  4.46596859  4.6771838
  4.7598512   4.71135299  4.74441995  4.73463764  4.80531827  5.08349408]","[ 4.71479746  5.02480022  5.35808763  5.63199228  6.38219895  7.27969138
  7.78423808 10.28561587 15.28272251 26.22871314 38.55139157 42.45163957
 37.23684211 27.10154312 24.84858088 23.99435106 23.08156517 22.67484155
 21.74786443 21.49779554 21.18875723 20.29195371 18.79167815 17.18903279
 16.19275282 14.437035   14.13970791 13.53775145 12.59740975 12.62593001
 11.5223202  10.81041609 10.45618628 10.34127859 10.48870212 10.82750069
 10.94364839 11.05662717 11.30311381 11.29250482 11.92146597 12.34058969
 12.9862221  13.72265087 14.57936071 15.38523009 16.475062   16.78547809
 17.14480573 17.41526591 17.46927528 17.5301736  17.31978506 16.47533756
 15.95480849 14.81193166 14.15403692 13.28175806 12.55566272 12.40314136
 12.12041885 11.77459355 11.40231469 10.82681179 10.63364563 10.19647286
  9.73284651  9.22058418  8.78203362  8.66850372  8.71038854  8.64549463
  8.53320474  8.33948746  8.23022871  8.02314687  7.69798843  7.60801874
  7.32942959  7.17952604  6.88247451  6.86607881  6.8339763   6.72292643
  6.67057041  6.53747589  6.35491871  6.27459355  6.12758336  5.96996418
  5.9192615   5.79953155  5.77858914  5.66519702  5.68600165  5.56310278
  5.54849821  5.46417746  5.35464315  5.33810967  5.27059796  5.20115734]","[0.45563516 0.53788923 0.61228989 0.68903279 0.86538991 1.05952053
 1.14466795 1.65941031 2.59189859 4.27982915 6.00192891 6.59837421
 6.44943511 5.81882061 5.70983742 5.6798016  5.64756131 5.60002756
 5.60650317 5.60512538 5.41443924 5.02204464 4.57660513 4.16092587
 3.83259851 3.47189308 3.38922568 3.30545605 3.03747589 3.0518049
 2.77170019 2.55676495 2.51005787 2.48374208 2.50468449 2.55097823
 2.58252962 2.61118766 2.62482778 2.6403968  2.76729126 2.82901626
 2.97258198 3.13502342 3.25502893 3.24965555 3.21465969 3.13805456
 3.05952053 3.03141361 2.93662166 2.89156793 2.74056214 2.51722238
 2.43427942 2.24152659 2.06489391 1.91719482 1.79098925 1.78782034
 1.73119317 1.71452191 1.64205015 1.53981813 1.53003582 1.47850648
 1.39156793 1.33356297 1.28258473 1.2788647  1.2847892  1.28561587
 1.26136677 1.24097548 1.23353541 1.20790851 1.17635712 1.13984569
 1.10870763 1.10953431 1.06709837 1.03251584 1.0472582  1.01915128
 1.02369799 0.9947644  0.96431524 0.9278038  0.88536787 0.87393221
 0.85450537 0.82474511 0.81813172 0.787407   0.79291816 0.77610912
 0.75847341 0.74648664 0.69716175 0.68944613 0.6600992  0.64218793]",71
69,0.15,"0.0,0.15,0.3,0.44999999999999996,0.6,0.75,0.8999999999999999,1.05,1.2,1.3499999999999999,1.5,1.65,1.7999999999999998,1.95,2.1,2.25,2.4,2.55,2.6999999999999997,2.85,3.0,3.15,3.3,3.4499999999999997,3.5999999999999996,3.75,3.9,4.05,4.2,4.35,4.5,4.6499999999999995,4.8,4.95,5.1,5.25,5.3999999999999995,5.55,5.7,5.85,6.0,6.1499999999999995,6.3,6.45,6.6,6.75,6.8999999999999995,7.05,7.199999999999999,7.35,7.5,7.6499999999999995,7.8,7.949999999999999,8.1,8.25,8.4,8.549999999999999,8.7,8.85,9.0,9.15,9.299999999999999,9.45,9.6,9.75,9.9,10.049999999999999,10.2,10.35,10.5,10.65,10.799999999999999,10.95,11.1,11.25,11.4,11.549999999999999,11.7,11.85,12.0,12.15,12.299999999999999,12.45,12.6,12.75,12.9,13.049999999999999,13.2,13.35,13.5,13.65,13.799999999999999,13.95,14.1,14.25,14.399999999999999,14.549999999999999,14.7,14.85,15.0,15.149999999999999",2007R_GLUT1_647_WGA_594_0002.nd2,2007,M,R,5.5,Homo,Experimental,0,False,7.484615384615385,False,"[13.64965035 13.66643357 14.06083916 14.33566434 14.56853147 15.09370629
 15.23496503 15.62727273 16.79020979 18.23916084 19.58671329 20.94125874
 22.80629371 24.85664336 25.88881119 26.86223776 27.74755245 27.61748252
 31.1        32.82237762 37.30979021 42.74965035 48.82797203 52.98811189
 55.46223776 59.1048951  59.41748252 60.82657343 61.96573427 62.52937063
 64.14195804 65.1027972  65.03216783 63.93986014 61.18531469 60.96503497
 58.5951049  59.25874126 57.5951049  56.82517483 55.23706294 52.63776224
 49.03846154 45.64965035 39.56783217 36.0993007  33.40979021 32.34685315
 31.51188811 30.14545455 30.03846154 29.16923077 29.34475524 29.53426573
 29.65314685 30.72307692 31.08531469 33.04055944 34.36503497 34.0986014
 35.04405594 35.71608392 36.96993007 38.74405594 39.92727273 40.00839161
 40.00629371 37.51888112 34.67412587 33.23986014 33.38531469 32.68181818
 31.33846154 29.07342657 28.41538462 26.1993007  23.36993007 22.03496503
 20.75454545 20.07272727 19.65524476 19.45314685 19.42727273 18.91048951
 19.13216783 19.01188811 18.16643357 18.01118881 17.50629371 17.53216783
 17.57832168 17.1        17.13916084 17.3034965  17.0027972  16.94755245
 17.07552448 17.0048951  17.04195804 16.84755245 16.58811189 16.79370629]","[ 2.08181818  2.02307692  2.09370629  2.15454545  2.2041958   2.24825175
  2.31328671  2.35664336  2.46993007  2.77482517  3.06433566  3.38951049
  3.86993007  4.22237762  4.31748252  4.5034965   4.5993007   4.6958042
  5.14965035  5.6020979   6.68741259  8.10559441  9.65594406 10.7
 10.70769231 10.81048951 10.62167832 10.36923077 10.10699301  9.94195804
  8.62237762  7.48461538  6.02657343  5.13496503  4.35874126  4.03636364
  4.08881119  3.98601399  4.06083916  4.14335664  3.93566434  3.93216783
  4.03076923  4.09300699  4.28741259  4.40909091  4.59440559  4.6034965
  4.61468531  4.63986014  4.65384615  4.75174825  4.85034965  5.05174825
  5.21468531  5.64125874  5.89160839  6.27482517  6.22517483  6.16503497
  6.0979021   6.02937063  5.69370629  5.5041958   5.58881119  5.55104895
  5.3020979   5.56713287  5.4965035   5.48321678  5.44475524  5.40699301
  5.41258741  5.52097902  5.39090909  5.16433566  4.83776224  4.80839161
  4.62447552  4.44265734  4.27062937  4.22797203  4.16783217  4.15034965
  4.24125874  4.06083916  3.9993007   3.97692308  3.92657343  3.86363636
  4.04545455  3.9041958   3.98811189  3.9979021   3.94825175  4.02097902
  4.14545455  4.28811189  4.59300699  4.7048951   4.98041958  5.17202797]","[ 4.65734266  4.96363636  5.25804196  5.66853147  6.17202797  7.06713287
  7.52027972  9.70699301 13.75104895 22.4951049  34.21818182 39.98041958
 40.29440559 32.46923077 29.95594406 28.7006993  27.14965035 26.67972028
 23.76573427 22.81398601 21.01188811 19.83706294 18.73706294 17.65314685
 16.53986014 14.71678322 14.32937063 13.6027972  12.47692308 12.46433566
 10.97202797 10.14335664  9.55804196  9.13006993  9.25104895  9.35244755
  9.39230769  9.34335664  9.56503497  9.47482517 10.08181818 10.34335664
 11.44055944 12.64685315 13.65664336 13.83496503 14.28251748 14.66013986
 15.19300699 15.50629371 15.63636364 15.71468531 15.21188811 14.3
 13.73776224 12.69020979 11.96993007 11.20909091 10.46013986 10.21188811
 10.1013986   9.90839161  9.61608392  9.03916084  8.9013986   8.52727273
  8.27342657  8.05664336  7.83076923  7.77902098  7.77762238  7.83076923
  7.73356643  7.63216783  7.56783217  7.44475524  7.20629371  7.16223776
  6.96573427  6.87552448  6.80559441  6.67622378  6.66993007  6.65384615
  6.60909091  6.47762238  6.46433566  6.27412587  6.13916084  6.02727273
  5.92447552  5.8006993   5.73566434  5.68391608  5.73706294  5.68951049
  5.72937063  5.6972028   5.72307692  5.66083916  5.65944056  5.51328671]","[0.41118881 0.52657343 0.55034965 0.65034965 0.81398601 0.98391608
 1.05664336 1.49160839 2.24405594 3.54125874 5.06013986 5.79370629
 6.14895105 5.91888112 5.83986014 5.76783217 5.80979021 5.74265734
 5.67762238 5.77552448 5.58881119 5.30699301 4.70839161 4.13986014
 3.78881119 3.34965035 3.18391608 3.0041958  2.67902098 2.75244755
 2.3993007  2.1979021  1.90839161 1.82657343 1.74475524 1.67832168
 1.72097902 1.72237762 1.71328671 1.69090909 1.7986014  1.87622378
 1.9951049  2.15174825 2.28461538 2.46503497 2.53426573 2.41888112
 2.40559441 2.43216783 2.41608392 2.34055944 2.32027972 2.2041958
 2.21468531 2.08741259 1.86153846 1.84685315 1.64265734 1.5993007
 1.6        1.50979021 1.50559441 1.36433566 1.4020979  1.31468531
 1.27482517 1.19440559 1.15804196 1.07622378 1.15034965 1.12797203
 1.18671329 1.13076923 1.10909091 1.09370629 1.03286713 0.96223776
 0.97272727 0.94755245 0.87412587 0.89090909 0.89090909 0.89370629
 0.88251748 0.85734266 0.84265734 0.85734266 0.82307692 0.7951049
 0.75524476 0.75244755 0.73916084 0.73846154 0.75034965 0.74965035
 0.70979021 0.73846154 0.71608392 0.68811189 0.72027972 0.69440559]",72
70,0.15,"0.0,0.15,0.3,0.44999999999999996,0.6,0.75,0.8999999999999999,1.05,1.2,1.3499999999999999,1.5,1.65,1.7999999999999998,1.95,2.1,2.25,2.4,2.55,2.6999999999999997,2.85,3.0,3.15,3.3,3.4499999999999997,3.5999999999999996,3.75,3.9,4.05,4.2,4.35,4.5,4.6499999999999995,4.8,4.95,5.1,5.25,5.3999999999999995,5.55,5.7,5.85,6.0,6.1499999999999995,6.3,6.45,6.6,6.75,6.8999999999999995,7.05,7.199999999999999,7.35,7.5,7.6499999999999995,7.8,7.949999999999999,8.1,8.25,8.4,8.549999999999999,8.7,8.85,9.0,9.15,9.299999999999999,9.45,9.6,9.75,9.9,10.049999999999999,10.2,10.35,10.5,10.65,10.799999999999999,10.95,11.1,11.25,11.4,11.549999999999999,11.7,11.85,12.0,12.15,12.299999999999999,12.45,12.6,12.75,12.9,13.049999999999999,13.2,13.35,13.5,13.65,13.799999999999999,13.95,14.1,14.25,14.399999999999999,14.549999999999999,14.7,14.85,15.0,15.149999999999999",2007R_GLUT1_647_WGA_594_0002.nd2,2007,M,R,5.5,Homo,Experimental,0,False,3.8979591836734695,False,"[12.81598063 13.1283293  13.22051193 13.43445175 13.84745763 14.23625043
 14.33483224 15.40833622 16.32531996 17.39830508 18.26738153 18.62227603
 19.09270149 19.42839848 19.46558284 19.63628502 19.82514701 19.8713248
 20.45572466 20.78156347 21.57246627 22.94430993 25.17381529 27.74074715
 29.94915254 33.88429609 35.02853684 36.88585265 40.68644068 40.56969907
 47.0147008  53.61864407 60.27585611 67.54341058 74.43912141 77.15824974
 77.86440678 78.11622276 78.09875476 77.96125908 77.01262539 75.06243514
 71.66724317 66.58958838 58.96454514 51.0821515  39.6297129  35.35108959
 30.9832238  28.90401245 27.09200969 25.0332065  23.25147008 21.46523694
 20.90055344 19.89968869 19.42615012 18.82514701 18.57921135 18.52161882
 18.47890003 18.35921826 18.29072985 18.15928744 18.14130059 17.91594604
 17.99533034 17.75821515 17.54098928 17.53009339 17.45624351 17.43030093
 17.49636804 17.34503632 17.29678312 17.46125908 17.49671394 17.20754064
 17.39069526 17.33535109 17.11933587 17.13697682 17.17485299 17.24213075
 17.04565894 17.06866136 17.08422691 17.03199585 16.92442062 17.11414735
 16.77170529 16.91196818 16.86233137 16.77793151 16.89709443 16.78969215
 16.77845036 16.68315462 16.77741266 16.7409201  16.51279834 16.52870979]","[ 1.96177793  1.98945002  1.99411968  2.07177447  2.09391214  2.13559322
  2.18540297  2.25423729  2.45901072  2.75406434  3.19456935  3.47820823
  4.10895884  4.82826012  5.04980975  5.27602906  5.60169492  5.71982013
  6.47561397  6.95952957  7.80093393  8.54946385  9.21912833  9.78398478
 10.17035628 10.48028364 10.5153926  10.52248357 10.15288827 10.26824628
  9.4828779   8.68972674  7.83863715  6.83137323  5.34036666  4.55707368
  4.37979938  4.20684884  3.89795918  3.93912141  3.60722933  3.43445175
  3.33967485  3.26461432  3.39069526  3.41646489  3.51850571  3.5150467
  3.63109651  3.56554825  3.58353511  3.59598755  3.57125562  3.51400899
  3.53995157  3.52525078  3.48512625  3.4989623   3.48374265  3.49688689
  3.46004843  3.48339675  3.46195088  3.4500173   3.45589761  3.42839848
  3.49273608  3.44673123  3.49602214  3.50760982  3.43583535  3.47820823
  3.42701487  3.50985818  3.48184019  3.50847458  3.53735732  3.58941543
  3.68938084  3.67139398  3.78121757  3.76634383  3.74040125  3.7258734
  3.77429955  3.69664476  3.7104808   3.71982013  3.7255275   3.7265652
  3.73503978  3.83483224  3.88723625  3.85904531  3.81615358  3.90522311
  4.00726392  4.06900726  4.26651678  4.35472155  4.5325147   4.60965064]","[ 4.78398478  5.18228987  5.56208924  5.96108613  6.9024559   8.02680733
  8.68177101 11.69837426 17.03839502 27.10601868 37.36942235 40.36682809
 36.95347631 29.49083362 27.60048426 26.47924594 25.10826704 24.83465929
 22.98910412 22.52282947 22.05499827 21.84711173 21.47647873 21.15081287
 20.80940851 20.14735386 20.03735732 19.7084054  18.91577309 18.95157385
 17.48270495 15.67502594 14.09045313 12.48547215 10.80266344  9.95710827
  9.68159806  9.48910412  9.29401591  9.30110688  8.97544102  8.90799031
  9.12729159  9.60221377 10.50294016 11.39536493 13.26841923 14.23434798
 15.42684192 16.03043929 16.56814251 17.42286406 17.90107229 17.82255275
 17.62711864 16.56087859 15.64752681 14.6933587  13.68592183 13.54635074
 13.14787271 12.86492563 12.43877551 11.86094777 11.54911795 11.14718091
 10.60895884 10.14199239  9.5646835   9.43825666  9.50778277  9.41058457
  9.30283639  9.11138015  8.92303701  8.68920789  8.35887236  8.18920789
  7.92199931  7.78121757  7.60307852  7.50466966  7.52870979  7.36976825
  7.30681425  7.17433414  6.97751643  6.81771013  6.60757523  6.39207887
  6.33517814  6.15219647  6.11898997  6.02542373  5.9849533   5.93860256
  5.81909374  5.76997579  5.63144241  5.59564165  5.51227949  5.40262885]","[0.4531304  0.57730889 0.61743341 0.72414389 0.9353165  1.14942926
 1.27533725 1.84711173 2.80318229 4.33621584 5.87253545 6.38325839
 6.30145278 5.74074715 5.57921135 5.43894846 5.29349706 5.25216188
 4.97509512 4.83448634 4.6139744  4.49135247 4.30197164 4.19716361
 4.05396057 3.93445175 3.95261155 3.87564856 3.74697337 3.76547907
 3.63542027 3.41023867 3.12314078 2.84918713 2.4986164  2.27620201
 2.22742996 2.16983743 2.11207195 2.09633345 1.97492217 1.92390176
 1.95952957 1.99567624 2.12781045 2.26565202 2.54462124 2.65358008
 2.7262193  2.79903148 2.80162574 2.82220685 2.80127983 2.70114147
 2.62988585 2.49654099 2.34555517 2.19629886 2.06900726 2.01452785
 1.9507091  1.91404358 1.87270841 1.74316845 1.74437911 1.60913179
 1.56122449 1.47544102 1.36942235 1.3535109  1.36942235 1.36717399
 1.36873054 1.28934625 1.29003805 1.25406434 1.18938084 1.1454514
 1.12850225 1.11103424 1.08353511 1.05638187 1.06520235 1.06312695
 1.04341058 1.01227949 0.98374265 0.97336562 0.9017641  0.89173296
 0.86786579 0.83448634 0.83794535 0.81217572 0.81805604 0.77810446
 0.76668973 0.76323072 0.727257   0.69612591 0.68263577 0.68834313]",73
71,0.15,"0.0,0.15,0.3,0.44999999999999996,0.6,0.75,0.8999999999999999,1.05,1.2,1.3499999999999999,1.5,1.65,1.7999999999999998,1.95,2.1,2.25,2.4,2.55,2.6999999999999997,2.85,3.0,3.15,3.3,3.4499999999999997,3.5999999999999996,3.75,3.9,4.05,4.2,4.35,4.5,4.6499999999999995,4.8,4.95,5.1,5.25,5.3999999999999995,5.55,5.7,5.85,6.0,6.1499999999999995,6.3,6.45,6.6,6.75,6.8999999999999995,7.05,7.199999999999999,7.35,7.5,7.6499999999999995,7.8,7.949999999999999,8.1,8.25,8.4,8.549999999999999,8.7,8.85,9.0,9.15,9.299999999999999,9.45,9.6,9.75,9.9,10.049999999999999,10.2,10.35,10.5,10.65,10.799999999999999,10.95,11.1,11.25,11.4,11.549999999999999,11.7,11.85,12.0,12.15,12.299999999999999,12.45,12.6,12.75,12.9,13.049999999999999,13.2,13.35,13.5,13.65,13.799999999999999,13.95,14.1,14.25,14.399999999999999,14.549999999999999,14.7,14.85,15.0,15.149999999999999",2007R_GLUT1_647_WGA_594_0002.nd2,2007,M,R,5.5,Homo,Experimental,0,False,3.1526015228426396,False,"[12.83264594 13.04076777 13.18178934 13.37277919 13.8055203  14.17877538
 14.29124365 15.30837563 16.55615482 17.60025381 18.50253807 18.86326142
 19.23302665 19.94733503 20.08343909 20.05520305 20.52363579 20.3599302
 21.14784264 21.60231599 23.14324239 24.95574239 26.97906091 29.17354061
 30.57122462 33.56725888 34.47239848 35.91814721 38.88483503 38.46859137
 42.53902284 47.10152284 50.49508249 54.73984772 59.38023477 61.5555203
 62.07439721 62.25095178 62.5285533  62.75380711 62.7160533  62.87341371
 61.94749365 61.15847081 58.13451777 54.42195431 48.02078046 44.7607868
 41.60295051 39.27902919 37.54441624 34.0215736  31.02776015 25.90339467
 24.10675761 21.71129442 20.79917513 20.16037437 19.12357234 19.24333756
 18.86881345 18.79536802 18.65862944 18.43575508 18.24317893 18.09723985
 17.94590736 17.87341371 17.72271574 17.53680203 17.60929569 17.59819162
 17.67227157 17.57471447 17.4919099  17.58486675 17.32979061 17.29536802
 17.35548858 17.22699873 17.32788706 17.17385787 17.05393401 17.16513325
 17.04330584 17.09961929 16.9240165  17.11310279 17.09486041 16.90053934
 16.9471764  16.8911802  16.76554569 16.71763959 16.97890228 16.79394036
 16.95336294 16.84517766 16.8410533  16.82915609 16.91418147 16.44003807]","[ 2.01380076  1.99286168  2.05028553  2.10104695  2.10501269  2.18734137
  2.22255711  2.31059645  2.55853426  2.91545051  3.33629442  3.73540609
  4.26284898  4.93258249  5.24571701  5.42496827  5.79441624  5.97826777
  7.30425127  8.13086929  9.82693528 11.15767766 11.94638325 12.10755076
 12.28109137 12.04457487 11.8653236  11.63880076 10.70336294 10.66894036
  8.74016497  6.64371827  5.37182741  4.47223985  3.80869289  3.52649112
  3.48318528  3.4251269   3.38356599  3.32233503  3.22779188  3.15260152
  3.03156726  3.03854695  3.04140228  3.07883883  3.15529822  3.14498731
  3.23842005  3.21002538  3.24413071  3.31805203  3.36088198  3.4946066
  3.51760787  3.55789975  3.55044416  3.54616117  3.60548858  3.6072335
  3.60596447  3.59406726  3.63261421  3.5721764   3.60548858  3.6438769
  3.63927665  3.57471447  3.60469543  3.56281726  3.50111041  3.55187183
  3.5598033   3.49365482  3.53711929  3.50983503  3.57645939  3.51681472
  3.56836929  3.56979695  3.64229061  3.67703046  3.60675761  3.63864213
  3.71383249  3.78759518  3.83740482  4.00951777  4.03220178  4.02379442
  4.0096764   3.96288071  3.98334391  3.93591371  3.90767766  3.91211929
  3.92655457  3.9401967   3.94971447  4.03236041  4.21145305  4.38229695]","[ 4.96129442  5.36278553  5.74873096  6.1223033   6.97192259  7.9768401
  8.69051396 11.78521574 18.03965736 33.26411802 47.95034898 51.10961294
 42.83518401 32.58629442 30.89990482 30.36833756 29.70161802 29.49317893
 28.81408629 28.31805203 26.76316624 25.06535533 23.90228426 23.12737944
 22.61167513 21.60834391 21.38991117 21.03172589 19.97969543 19.97271574
 18.30678934 16.12722081 13.99635152 11.91529188 10.1535533   9.32519036
  9.15609137  9.0571066   8.8911802   8.85152284  8.6411802   8.57661802
  8.52696701  8.66100888  8.82265228  9.04869924  9.54346447  9.77458756
 10.18115482 10.38356599 10.75174492 11.58042513 12.74206853 15.12737944
 16.14752538 18.0694797  18.8055203  18.76332487 18.10310914 18.10675761
 17.49016497 17.09977792 16.34739848 15.4267132  14.97335025 14.19939721
 13.2758566  12.54282995 11.73683376 11.54885787 11.62642766 11.49095812
 11.27062183 10.92354061 10.77522208 10.36294416  9.84089467  9.65149112
  9.31503807  9.07296954  8.82138325  8.68781726  8.72715736  8.60199873
  8.48604061  8.35215736  8.07899746  7.85675761  7.59930203  7.33105964
  7.21462563  7.04949239  6.91481599  6.77490482  6.76284898  6.58661168
  6.4633566   6.33629442  6.15942259  6.03696066  5.96748096  5.80821701]","[0.51665609 0.61738579 0.69352792 0.77633249 0.98207487 1.1643401
 1.27998096 1.90228426 3.01982868 5.52506345 7.69749365 8.22477792
 7.57233503 6.75666244 6.66767132 6.66465736 6.71763959 6.64498731
 6.66989213 6.65498096 6.42766497 6.16719543 5.90640863 5.63991117
 5.42988579 5.09375    4.99444797 4.96050127 4.71351523 4.74381345
 4.52966371 4.20130076 3.88102792 3.39498731 2.8954632  2.57296954
 2.49904822 2.45130076 2.35120558 2.33597716 2.18686548 2.07788706
 2.02078046 1.94923858 1.94781091 2.00666244 2.03854695 2.05456853
 2.12103426 2.16370558 2.22303299 2.35263325 2.47176396 2.77220812
 2.86008883 3.02744289 2.99111675 2.87404822 2.70447335 2.69162437
 2.58899112 2.51538706 2.43448604 2.2596764  2.20003173 2.11913071
 1.97795051 1.89149746 1.76015228 1.72366751 1.76205584 1.71129442
 1.70923223 1.66449873 1.60770939 1.54647843 1.47525381 1.42639594
 1.40006345 1.35961294 1.32392132 1.28696066 1.30615482 1.2580901
 1.25666244 1.22969543 1.18464467 1.15006345 1.13721447 1.0856599
 1.03188452 1.02617386 1.00523477 0.95225254 0.97937817 0.9509835
 0.91624365 0.91608503 0.86516497 0.85834391 0.82439721 0.78902284]",74
72,0.15,"0.0,0.15,0.3,0.44999999999999996,0.6,0.75,0.8999999999999999,1.05,1.2,1.3499999999999999,1.5,1.65,1.7999999999999998,1.95,2.1,2.25,2.4,2.55,2.6999999999999997,2.85,3.0,3.15,3.3,3.4499999999999997,3.5999999999999996,3.75,3.9,4.05,4.2,4.35,4.5,4.6499999999999995,4.8,4.95,5.1,5.25,5.3999999999999995,5.55,5.7,5.85,6.0,6.1499999999999995,6.3,6.45,6.6,6.75,6.8999999999999995,7.05,7.199999999999999,7.35,7.5,7.6499999999999995,7.8,7.949999999999999,8.1,8.25,8.4,8.549999999999999,8.7,8.85,9.0,9.15,9.299999999999999,9.45,9.6,9.75,9.9,10.049999999999999,10.2,10.35,10.5,10.65,10.799999999999999,10.95,11.1,11.25,11.4,11.549999999999999,11.7,11.85,12.0,12.15,12.299999999999999,12.45,12.6,12.75,12.9,13.049999999999999,13.2,13.35,13.5,13.65,13.799999999999999,13.95,14.1,14.25,14.399999999999999,14.549999999999999,14.7,14.85,15.0,15.149999999999999",2007R_GLUT1_647_WGA_594_0002.nd2,2007,M,R,5.5,Homo,Experimental,0,False,2.8007572172266917,True,"[13.43327023 13.66209181 13.96166588 14.14268812 14.54212021 15.19971604
 15.52673923 16.57524846 18.04424988 19.93374349 21.03241836 22.17699953
 24.41292002 27.70728822 28.76691907 29.5724089  30.92901088 31.44533838
 35.32607667 37.15049692 41.48059631 45.82134406 50.12588736 53.38428774
 56.42404165 61.1628017  62.16445812 64.39280644 67.50828206 67.51112163
 72.14671084 76.13464269 80.50402272 85.27969711 90.15097018 92.02366304
 93.03857075 92.98225272 93.22834832 93.13156649 92.73876006 90.99526739
 86.70894463 81.13771888 74.74704212 67.66019877 57.67392333 52.39375296
 46.06743966 43.16493138 39.3395646  34.15901562 29.48556555 24.77591103
 23.83293895 22.02342641 20.60506389 20.25816375 19.68717463 19.52839565
 19.20042593 19.11878845 18.98296261 18.45929957 18.75911027 18.26928538
 18.34808329 18.05040227 18.14907714 18.03904401 17.86961666 17.91836252
 17.98059631 17.75106484 17.71320398 17.64576432 17.40866067 17.57051585
 17.4462849  17.21367724 17.23615712 17.19569333 17.16327496 17.00378609
 17.22077615 17.11784193 17.1658779  17.23379082 17.01135826 16.9361098
 16.97207761 16.99550402 17.15522953 16.71462376 17.04685282 16.71935637
 16.68362518 16.78064363 16.83246569 16.78561287 16.63511595 16.58376716]","[1.88854709 1.8793185  1.86180786 1.95787979 1.96142925 2.00520587
 2.03928064 2.10317085 2.25366777 2.47018457 2.93043067 3.11003313
 3.52129673 3.92404165 3.94557501 4.1495504  4.28726929 4.28774255
 4.91339328 5.34429721 6.43350686 7.31495504 7.75745386 7.45267392
 6.95078088 6.14671084 5.90392806 5.6362991  5.1012778  5.02271652
 4.30501656 3.60624704 3.42546143 3.12754378 2.95456697 2.76218646
 2.80572646 2.80856602 2.79247515 2.80075722 2.73260767 2.69309039
 2.71438713 2.56838618 2.71438713 2.82986275 2.83909134 2.89682915
 2.90724089 2.90487459 3.0210601  3.06436346 3.18409844 3.24230951
 3.280407   3.29578798 3.32158069 3.36275438 3.37174633 3.39280644
 3.33199243 3.3878372  3.40203502 3.30738287 3.40511122 3.38712731
 3.32418363 3.34642688 3.36038807 3.2617132  3.26810222 3.3286796
 3.31566493 3.43043067 3.34003786 3.32205395 3.29862754 3.31826787
 3.30359678 3.38523426 3.36772362 3.37127307 3.31211548 3.31282537
 3.35660199 3.31235211 3.34524373 3.40960719 3.40937056 3.38215807
 3.43327023 3.39895883 3.43776621 3.40037861 3.39138665 3.43752958
 3.46687175 3.50638902 3.48816848 3.54306673 3.65144345 3.66067203]","[ 4.91812589  5.26218646  5.6658779   6.09394226  6.94439186  7.89375296
  8.62612399 11.83909134 18.25556081 34.20941789 49.55655466 52.49077142
 42.83317558 29.90392806 27.73426408 26.52153336 25.60411737 25.27141505
 23.74254614 23.08187411 21.71344061 20.51751065 19.18291529 18.12352106
 17.53360151 16.57808803 16.36512068 15.90511122 15.13440606 15.19285376
 13.68315192 11.95622338 10.66019877  9.61168954  8.89162328  8.54708945
  8.49503076  8.49976337  8.41031708  8.38736394  8.25627071  8.30052059
  8.36867014  8.50118315  8.75035495  8.97089446  9.55537151  9.97823
 10.50141978 10.99361098 11.46923805 12.52508282 13.99597728 16.48083294
 17.43965925 19.04945575 19.17652627 18.57406531 17.68267866 17.6254141
 17.18054898 16.86299101 16.27354472 15.39233318 15.04235684 14.25792712
 13.55229531 12.91126361 12.04472314 11.79791765 11.92380502 11.76810222
 11.53454804 11.07075248 11.01206815 10.52318978  9.98556555  9.84406058
  9.40274491  9.18291529  8.86867014  8.65877899  8.77354472  8.62588736
  8.48509229  8.24254614  7.85778514  7.68788452  7.41670611  7.18599148
  6.97728348  6.83435873  6.708708    6.59512541  6.5638902   6.44746805
  6.34027449  6.19167061  6.00212967  5.88807383  5.78371983  5.71840984]","[0.52153336 0.6019877  0.67770942 0.73805017 0.96994794 1.11168954
 1.26952201 1.81495504 2.8793185  5.17013725 7.23355419 7.83080928
 7.21083767 6.56412683 6.53170847 6.46758164 6.4867487  6.46166588
 6.4252248  6.20066257 5.68409844 5.115239   4.52437293 4.06909607
 3.89635589 3.64742073 3.55750118 3.51561761 3.37955513 3.32796971
 3.07335542 2.75485092 2.44107903 2.1658779  1.99337435 1.89256981
 1.86204449 1.81329863 1.83151917 1.82607667 1.76904875 1.74136299
 1.78726929 1.78608613 1.84098438 1.89162328 2.05040227 2.11287269
 2.22811169 2.27496451 2.40463796 2.6580691  2.86346427 3.0584477
 3.10861335 3.16871746 3.04921912 2.89280644 2.73047799 2.73615712
 2.62044487 2.59512541 2.51822054 2.34997634 2.2943682  2.20397539
 2.08637009 1.98722196 1.87742546 1.81637482 1.81921439 1.81471841
 1.80194037 1.73047799 1.69072409 1.61026976 1.53478467 1.48958826
 1.43327023 1.3878372  1.32654993 1.28206342 1.30194037 1.27378135
 1.25816375 1.21249408 1.17084714 1.15191671 1.06814955 1.04969238
 0.99361098 0.96900142 0.96071936 0.91339328 0.93776621 0.86938003
 0.85849503 0.83270232 0.78253668 0.78442972 0.74278277 0.74562234]",75
73,0.15,"0.0,0.15,0.3,0.44999999999999996,0.6,0.75,0.8999999999999999,1.05,1.2,1.3499999999999999,1.5,1.65,1.7999999999999998,1.95,2.1,2.25,2.4,2.55,2.6999999999999997,2.85,3.0,3.15,3.3,3.4499999999999997,3.5999999999999996,3.75,3.9,4.05,4.2,4.35,4.5,4.6499999999999995,4.8,4.95,5.1,5.25,5.3999999999999995,5.55,5.7,5.85,6.0,6.1499999999999995,6.3,6.45,6.6,6.75,6.8999999999999995,7.05,7.199999999999999,7.35,7.5,7.6499999999999995,7.8,7.949999999999999,8.1,8.25,8.4,8.549999999999999,8.7,8.85,9.0,9.15,9.299999999999999,9.45,9.6,9.75,9.9,10.049999999999999,10.2,10.35,10.5,10.65,10.799999999999999,10.95,11.1,11.25,11.4,11.549999999999999,11.7,11.85,12.0,12.15,12.299999999999999,12.45,12.6,12.75,12.9,13.049999999999999,13.2,13.35,13.5,13.65,13.799999999999999,13.95,14.1,14.25,14.399999999999999,14.549999999999999,14.7,14.85,15.0,15.149999999999999",2007R_GLUT1_647_WGA_594_0002.nd2,2007,M,R,5.5,Homo,Experimental,0,False,2.9460921469875023,True,"[13.64931916 13.92258907 14.50512964 14.73754896 15.38854691 16.13952621
 16.53739974 18.13672822 19.92893117 22.922216   25.55138967 28.18895728
 32.74034695 38.41745943 40.92370826 41.59559784 43.49990673 44.50811416
 47.96810297 50.4489834  53.99589629 57.63700802 60.10632345 62.68606603
 64.25983958 66.87502332 67.68811789 68.2236523  69.41316918 69.29061742
 70.72878194 71.21134117 71.07535907 70.72113412 70.32456631 69.80302182
 69.68438724 69.21898899 68.95765715 68.64857303 66.57657154 64.07274762
 59.82521918 55.33034882 49.76161164 44.27923895 36.17422123 32.78604738
 29.43592613 27.86942735 26.3982466  24.12441709 22.77709383 21.17552695
 20.91177019 19.92426786 19.47621712 19.03432195 18.72094758 18.69352733
 18.62991979 18.3400485  18.27998508 18.23241932 18.01548219 17.94124231
 17.89647454 17.80432755 17.62208543 17.5901884  17.58888267 17.41839209
 17.74594292 17.36840142 17.53012498 17.37679537 17.10054094 17.36690916
 17.3648573  17.14847976 17.45775042 17.30013057 17.22234658 17.18821115
 17.29341541 17.11751539 17.1792576  17.04420817 16.92743891 16.95597836
 17.05484051 16.78921843 16.93191569 16.89889946 16.88677486 16.80208916
 16.97388547 16.86439097 16.76515575 16.71908226 16.81048312 16.76049245]","[1.8582354  1.8466704  1.85730274 1.96325312 1.91270285 1.99552322
 1.99626935 2.03562768 2.27588137 2.5457937  2.90113785 3.09848909
 3.3141205  3.45849655 3.50270472 3.57526581 3.55661257 3.59503824
 3.74109308 3.87390412 4.07647827 4.2120873  4.34116769 4.27420257
 4.20686439 3.9285581  3.93303488 3.82820369 3.52788659 3.61350494
 3.25237829 3.18112292 3.12180563 3.01510912 2.94609215 2.87614251
 2.86998694 2.84648386 2.85860847 2.83585152 2.88658832 2.81607909
 2.88677486 2.85954113 3.13337064 3.28632718 3.32885656 3.41055773
 3.46427905 3.44394702 3.51426973 3.55288193 3.68830442 3.7556426
 3.80432755 3.80843126 3.8207424  3.75526954 3.80078344 3.73176646
 3.73978735 3.68233539 3.69072934 3.56537959 3.57041597 3.50102593
 3.44655848 3.51259093 3.43947025 3.48330535 3.44189517 3.4542063
 3.46838276 3.41652677 3.45849655 3.36616303 3.38201828 3.33594479
 3.38071255 3.38649506 3.42697258 3.4230554  3.43275508 3.43891065
 3.371759   3.4103712  3.4172729  3.50139899 3.47472486 3.51482932
 3.5187465  3.53124417 3.56407387 3.55362805 3.55605298 3.63159858
 3.63719455 3.70677112 3.68849095 3.76590188 3.79332214 3.83212087]","[ 4.80973699  5.14997202  5.53758627  5.85730274  6.68177579  7.61630293
  8.30964372 11.01380339 15.95970901 27.34415221 39.09177392 43.76347696
 40.61089349 32.10856184 29.79444134 28.7112479  27.30945719 26.5441149
 24.13075919 23.09252005 21.34135422 19.7700056  18.39358329 17.22943481
 16.62152583 15.49729528 15.32587204 15.08860287 14.47565753 14.54598023
 13.83753031 13.04271591 12.54168998 11.91829882 11.35235963 10.8852826
 10.64745383 10.59168066 10.39731393 10.39321022 10.20984891 10.19958963
 10.44693154 10.91475471 11.80656594 12.60734938 13.93975005 14.72673009
 15.78548778 16.35926133 16.87502332 17.79164335 18.20276068 17.71497855
 17.28670024 16.33165454 15.79238948 15.07461295 14.47882858 14.43163589
 14.01361686 13.77149785 13.16452154 12.59335945 12.33967543 11.73549711
 11.11639619 10.54840515  9.99757508  9.76496922  9.93303488  9.79238948
  9.61070696  9.30274203  9.22551763  8.88304421  8.45234098  8.25200522
  7.92538705  7.76608842  7.53031151  7.49263197  7.46950196  7.38164522
  7.24529006  7.19697818  6.96120127  6.87670211  6.68476031  6.50643537
  6.38910651  6.24286514  6.21022197  6.13019959  6.11732886  5.97108748
  5.87278493  5.76795374  5.64857303  5.6213393   5.50289125  5.41242306]","[ 0.59802276  0.71833613  0.83566499  0.93695206  1.23876143  1.51911957
  1.72169371  2.57936952  3.91158366  6.7700056   9.31747808 10.23614997
  9.82148853  8.57489274  8.19548592  8.03040478  7.81533296  7.73698937
  7.23391158  6.91307592  6.34788286  5.71833613  5.15780638  4.65789965
  4.4098116   4.08953553  4.01921283  3.90542809  3.71441895  3.67916434
  3.50886029  3.29304234  3.12348442  2.94459989  2.72150718  2.52229062
  2.50997948  2.45103525  2.41354225  2.40701362  2.28651371  2.2316732
  2.25890692  2.26599515  2.37026674  2.47136728  2.68233539  2.73922776
  2.8714792   2.92128334  2.96810297  3.11751539  3.17944413  3.06472673
  3.00410371  2.86662936  2.70360007  2.52993844  2.35068084  2.31635889
  2.24155941  2.21619101  2.10352546  2.0057825   1.93266182  1.87390412
  1.7493005   1.6605111   1.58477896  1.52993844  1.5515762   1.55362805
  1.54336877  1.47640366  1.43965678  1.39358329  1.31822421  1.2697258
  1.2115277   1.19343406  1.16620034  1.12180563  1.11714232  1.10968103
  1.08767021  1.0645402   1.05222906  1.0184667   0.96026861  0.95467264
  0.91307592  0.91680657  0.88770752  0.86010073  0.88714792  0.83417273
  0.81365417  0.8017161   0.74314494  0.76925947  0.73475098  0.69707144]",76
74,0.15,"0.0,0.15,0.3,0.44999999999999996,0.6,0.75,0.8999999999999999,1.05,1.2,1.3499999999999999,1.5,1.65,1.7999999999999998,1.95,2.1,2.25,2.4,2.55,2.6999999999999997,2.85,3.0,3.15,3.3,3.4499999999999997,3.5999999999999996,3.75,3.9,4.05,4.2,4.35,4.5,4.6499999999999995,4.8,4.95,5.1,5.25,5.3999999999999995,5.55,5.7,5.85,6.0,6.1499999999999995,6.3,6.45,6.6,6.75,6.8999999999999995,7.05,7.199999999999999,7.35,7.5,7.6499999999999995,7.8,7.949999999999999,8.1,8.25,8.4,8.549999999999999,8.7,8.85,9.0,9.15,9.299999999999999,9.45,9.6,9.75,9.9,10.049999999999999,10.2,10.35,10.5,10.65,10.799999999999999,10.95,11.1,11.25,11.4,11.549999999999999,11.7,11.85,12.0,12.15,12.299999999999999,12.45,12.6,12.75,12.9,13.049999999999999,13.2,13.35,13.5,13.65,13.799999999999999,13.95,14.1,14.25,14.399999999999999,14.549999999999999,14.7,14.85,15.0,15.149999999999999",2007R_GLUT1_647_WGA_594_0002.nd2,2007,M,R,5.5,Homo,Experimental,0,False,3.9696386572589266,False,"[13.26886893 13.71391918 13.86871926 14.1637802  14.66827026 15.2666239
 15.60166774 17.04083814 18.49262348 20.55302544 22.70119735 24.37791319
 27.83932008 33.00662818 34.92110327 35.57066496 37.06510584 38.04041052
 41.2978405  43.62326278 46.74951892 49.00759034 51.0574086  52.19093436
 52.66153517 53.41255078 53.93671157 53.72835151 54.34541373 54.2612786
 54.5313235  55.00288647 54.7560402  53.17340175 49.5871285  45.70921531
 44.31644216 43.37267479 40.70098354 41.05345307 34.75582638 31.79912337
 28.16613214 25.75881976 23.73262775 22.3014753  20.95392346 20.3744922
 20.06660252 19.87791319 19.69809707 19.37908916 19.08627325 18.92527261
 18.70002138 18.50374171 18.23380372 18.05388069 17.92623477 17.95723755
 17.90389138 17.78992944 17.80628608 17.79131922 17.7073979  17.55708788
 17.48770579 17.4651486  17.51453923 17.37962369 17.25710926 17.46910413
 17.35482147 17.27635236 17.35578362 17.23476588 17.2264272  17.29196066
 17.21798161 17.16335258 17.27325208 17.13865726 17.07152021 17.27036562
 17.12304896 17.12358349 17.04372461 17.13502245 16.90367757 17.0453282
 16.89501817 17.04073124 16.92591405 16.98193286 16.81259354 16.90838144
 16.84573445 16.7090015  16.73562112 16.69371392 16.6358777  16.73262775]","[1.86262561 1.85482147 1.83953389 1.94205687 1.90966431 1.96322429
 1.9861022  2.03976908 2.20921531 2.47466325 2.84124439 3.05110113
 3.3675433  3.64956168 3.57889673 3.66420783 3.69018602 3.73038272
 3.82905709 3.85760103 3.88614496 3.90581569 3.95542014 3.96643147
 3.97648065 3.96397263 3.99486851 4.01272183 3.95627539 3.97134916
 3.9685696  3.96963866 4.01892239 4.00010691 3.97338037 3.96536241
 3.98385717 3.95456489 3.96407954 4.0035279  4.04575583 4.00759034
 4.15447937 4.17586059 4.24011118 4.26384434 4.25122942 4.26608937
 4.19531751 4.24609793 4.24620483 4.22225786 4.25668163 4.33205046
 4.25678854 4.11823819 3.94996793 3.70547359 3.67511225 3.60498183
 3.60925807 3.60498183 3.55441522 3.53217875 3.51357708 3.48824032
 3.45852042 3.41789609 3.45392346 3.41821681 3.3448792  3.41447509
 3.4093436  3.38347231 3.42473808 3.36700877 3.36882617 3.38165491
 3.41073338 3.38283087 3.41308531 3.38015822 3.42730383 3.41500962
 3.41939277 3.42986957 3.47551849 3.38710712 3.41885824 3.42463117
 3.48663673 3.50277956 3.48289502 3.48492623 3.50021381 3.52522985
 3.54746632 3.6062647  3.75539876 3.89042121 4.19403464 4.47787043]","[ 4.81975625  5.19371392  5.58178319  5.94227069  6.86497755  7.95199914
  8.80692752 11.90635022 17.34519991 29.72332692 40.46386573 43.6375882
 38.65961086 30.8274535  28.855356   27.76459269 26.51026299 25.82488775
 23.35257644 21.94120162 19.37598888 16.96579004 14.92195852 13.45734445
 12.651486   11.47872568 11.23048963 10.96440026 10.23786615 10.26908275
  9.73273466  9.43329057  9.37149882  9.35054522  9.64239897  9.89908061
 10.12251443 10.17789181 10.54051743 10.49016464 11.65554843 12.47840496
 13.97252512 15.57504811 17.59268762 18.89084883 19.9511439  20.08050032
 20.31505238 20.21712636 20.20664956 20.18002993 20.20237332 20.04115886
 19.8380372  19.04810776 18.14026085 16.89437674 15.89801155 15.7857601
 15.27816977 15.02629891 14.49732735 13.84990378 13.4859953  12.88283087
 12.19574514 11.54671798 10.81066923 10.56125722 10.68174043 10.54939064
 10.39533889 10.00310028  9.87545435  9.48759889  9.03795168  8.86273252
  8.47455634  8.25368826  7.99572375  7.92922814  7.9128715   7.81548001
  7.77228993  7.57975198  7.36465683  7.28137695  7.00224503  6.83600599
  6.64239897  6.53282018  6.46204832  6.36743639  6.33760958  6.19713492
  6.05323926  5.94782981  5.82018388  5.71199487  5.63288433  5.52063288]","[0.47958093 0.57729314 0.66164208 0.73508659 0.9668591  1.16570451
 1.30457558 1.8710712  2.80233055 4.72236476 6.31804576 6.96664529
 6.90175326 6.61727603 6.6079752  6.55708788 6.5435108  6.53805858
 6.33140902 6.16431473 5.64047466 5.07729314 4.52736797 4.09001497
 3.85503528 3.47295275 3.35075903 3.26384434 2.93542869 2.95456489
 2.70707719 2.52747488 2.44366047 2.43361129 2.4512508  2.51464614
 2.59332906 2.59824674 2.67393628 2.66313876 2.92548642 3.08776994
 3.45627539 3.77378662 4.07975198 4.24641864 4.31622835 4.2421424
 4.16164208 4.07280308 4.01507377 3.90987813 3.76384434 3.54051743
 3.43671157 3.20868078 2.95488561 2.66698739 2.48984392 2.50737652
 2.4199273  2.36626042 2.26277528 2.17350866 2.09493265 2.02384007
 1.88336541 1.81751123 1.6672012  1.65458627 1.65693821 1.66335258
 1.6394056  1.55730169 1.54500748 1.49262348 1.40891597 1.35621125
 1.30500321 1.27913192 1.2142399  1.20750481 1.21562968 1.21060509
 1.16613214 1.15116528 1.12582852 1.09161856 1.03249947 1.00427625
 0.96963866 0.94387428 0.92954886 0.9163994  0.90560188 0.8797306
 0.86444302 0.82777421 0.79388497 0.80746205 0.75293992 0.73914903]",77
75,0.15,"0.0,0.15,0.3,0.44999999999999996,0.6,0.75,0.8999999999999999,1.05,1.2,1.3499999999999999,1.5,1.65,1.7999999999999998,1.95,2.1,2.25,2.4,2.55,2.6999999999999997,2.85,3.0,3.15,3.3,3.4499999999999997,3.5999999999999996,3.75,3.9,4.05,4.2,4.35,4.5,4.6499999999999995,4.8,4.95,5.1,5.25,5.3999999999999995,5.55,5.7,5.85,6.0,6.1499999999999995,6.3,6.45,6.6,6.75,6.8999999999999995,7.05,7.199999999999999,7.35,7.5,7.6499999999999995,7.8,7.949999999999999,8.1,8.25,8.4,8.549999999999999,8.7,8.85,9.0,9.15,9.299999999999999,9.45,9.6,9.75,9.9,10.049999999999999,10.2,10.35,10.5,10.65,10.799999999999999,10.95,11.1,11.25,11.4,11.549999999999999,11.7,11.85,12.0,12.15,12.299999999999999,12.45,12.6,12.75,12.9,13.049999999999999,13.2,13.35,13.5,13.65,13.799999999999999,13.95,14.1,14.25,14.399999999999999,14.549999999999999,14.7,14.85,15.0,15.149999999999999",2007R_GLUT1_647_WGA_594_0002.nd2,2007,M,R,5.5,Homo,Experimental,0,False,3.086281951110615,False,"[12.99709789 13.27637013 13.54436879 13.56423708 13.98113629 14.21520259
 14.59437437 15.29132716 16.27826766 17.60609443 18.89943074 19.69159504
 21.24254939 23.12099565 24.02913272 24.30829334 25.34088626 25.76693827
 27.84473714 29.17546601 32.33988168 35.21475611 38.03270454 40.37135841
 41.92354057 43.83960263 44.66391338 45.22346244 46.62350709 46.63812926
 47.4481527  47.58812367 47.0996763  45.79774528 43.45596607 41.62350709
 40.68266548 40.50027905 38.98147115 38.95468244 35.85668043 34.04018306
 31.11385199 28.39725416 25.25728318 22.94273914 21.34256055 20.6708338
 20.35673624 20.31119545 20.06909253 19.8775533  20.01696618 19.84239312
 19.89652863 19.71659783 19.59783458 19.42549392 19.15537448 19.23841947
 19.06005135 18.97756446 18.62730215 18.23585222 18.08963054 17.69494363
 17.26565465 16.81560442 16.67931689 16.58990959 16.63132046 16.66904788
 16.59426275 16.42582878 16.37493024 16.3456859  16.3524947  16.26241768
 16.26956133 16.21710012 16.24634446 16.1286974  16.15961603 16.12557205
 16.18740931 15.96930461 16.08896082 16.00747851 15.95367787 15.75745061
 16.00926443 15.99196339 15.71592812 15.86907021 15.80712133 15.90088179
 15.86639134 15.83446813 15.74383302 15.75700413 15.84842058 15.88771068]","[1.89831454 1.89563567 1.88313428 1.97856904 1.94441344 2.00435316
 2.01350597 2.04297355 2.18662797 2.43520482 2.78468579 3.01830561
 3.35974997 3.46891394 3.49871637 3.4868847  3.49413997 3.53041634
 3.48721956 3.49168434 3.41020203 3.4310749  3.31666481 3.30740038
 3.31845072 3.2557205  3.2568367  3.27536555 3.15269561 3.16039737
 3.10380623 3.08628195 3.07433865 3.13684563 3.19979908 3.22848532
 3.30818172 3.28797857 3.4196897  3.35394575 3.57082264 3.57852439
 3.66112289 3.70577073 3.83469137 3.98135953 4.09599286 4.15727202
 4.35673624 4.49815828 4.60977788 4.86438219 5.14231499 5.52416564
 5.5245005  5.41544815 5.2335082  5.03795066 4.90222123 4.86717268
 4.74003795 4.7306619  4.64103137 4.53287197 4.50876214 4.43341891
 4.35617814 4.29746624 4.34590914 4.29445251 4.2557205  4.33753767
 4.34177922 4.30628418 4.33407746 4.30449827 4.30271236 4.24232615
 4.19444134 4.21776984 4.21397477 4.26219444 4.2471258  4.26755218
 4.27882576 4.38017636 4.4413439  4.54537337 4.74115415 4.93704655
 5.04074115 5.22491349 5.32637571 5.27748633 5.25471593 5.14086394
 5.00736689 4.84696953 4.83603081 4.93068423 5.01908695 5.1674294 ]","[ 4.76180377  5.11653086  5.45395691  5.78602523  6.59627191  7.46333296
  8.15671392 10.83245898 15.67407077 27.87230718 40.33876549 45.4014957
 40.46590021 29.88793392 27.09085835 26.10335975 24.42460096 23.5017301
 21.08058935 19.96818841 17.99921866 16.36298694 14.80366112 13.71804889
 13.05101016 11.92320571 11.73668936 11.4259404  10.80779105 10.88201808
 10.32994754 10.12211184 10.29847081 10.77977453 11.41835026 11.78312312
 11.83446813 11.97812256 12.01428731 11.9373814  12.34780667 12.54202478
 13.0056926  13.53220225 14.35349927 15.24042862 16.54537337 17.28451836
 17.87286528 18.12311642 18.17669383 18.0005581  17.57964058 16.31387432
 15.67474048 14.47092309 13.58957473 12.60453176 11.87264204 11.80667485
 11.43866503 11.22491349 10.84685791 10.38732001 10.14555196  9.74640027
  9.24054024  8.88145998  8.38296685  8.24623284  8.32124121  8.26844514
  8.11429847  7.88012055  7.78490903  7.54637794  7.24701418  7.16408081
  6.89853778  6.74684675  6.59426275  6.57026454  6.55095435  6.47828999
  6.41946646  6.32124121  6.19354839  6.11608438  5.96216096  5.85455966
  5.77017524  5.6930461   5.65074227  5.60486661  5.57696171  5.4743833
  5.38754325  5.32168769  5.25985043  5.19578078  5.17736355  5.12255832]","[0.45752874 0.56055363 0.62361871 0.71994642 0.91639692 1.07445027
 1.2335082  1.75488336 2.65085389 4.53465789 6.18060051 6.91271347
 6.7192767  5.87465119 5.61625181 5.53052796 5.36800982 5.2909923
 5.01741266 4.78591361 4.39792388 4.02779328 3.58845853 3.26531979
 3.056926   2.72251367 2.63924545 2.57662686 2.39256613 2.4242661
 2.27637013 2.13617591 2.0615024  2.07132492 2.08036611 2.09063512
 2.11329389 2.11005693 2.1338319  2.1286974  2.18919522 2.23685679
 2.34468133 2.47125795 2.58923987 2.68087956 2.74673513 2.74461435
 2.73947985 2.69081371 2.6634669  2.60899654 2.48353611 2.26900324
 2.17691707 2.00178591 1.8821297  1.73947985 1.63466905 1.63891059
 1.57506418 1.54347583 1.50764594 1.42716821 1.40495591 1.3251479
 1.28898315 1.2124121  1.1384083  1.12892064 1.15023998 1.13450162
 1.12222346 1.0899654  1.05603304 1.03158835 0.9943074  0.93715816
 0.9054582  0.90780221 0.88793392 0.84942516 0.87342337 0.84942516
 0.83681214 0.81560442 0.79551289 0.78524389 0.7328943  0.72686684
 0.71749079 0.70186405 0.68690702 0.67842393 0.68288872 0.66134613
 0.64672396 0.62797187 0.60810358 0.61937716 0.60654091 0.59124902]",78
76,0.15,"0.0,0.15,0.3,0.44999999999999996,0.6,0.75,0.8999999999999999,1.05,1.2,1.3499999999999999,1.5,1.65,1.7999999999999998,1.95,2.1,2.25,2.4,2.55,2.6999999999999997,2.85,3.0,3.15,3.3,3.4499999999999997,3.5999999999999996,3.75,3.9,4.05,4.2,4.35,4.5,4.6499999999999995,4.8,4.95,5.1,5.25,5.3999999999999995,5.55,5.7,5.85,6.0,6.1499999999999995,6.3,6.45,6.6,6.75,6.8999999999999995,7.05,7.199999999999999,7.35,7.5,7.6499999999999995,7.8,7.949999999999999,8.1,8.25,8.4,8.549999999999999,8.7,8.85,9.0,9.15,9.299999999999999,9.45,9.6,9.75,9.9,10.049999999999999,10.2,10.35,10.5,10.65,10.799999999999999,10.95,11.1,11.25,11.4,11.549999999999999,11.7,11.85,12.0,12.15,12.299999999999999,12.45,12.6,12.75,12.9,13.049999999999999,13.2,13.35,13.5,13.65,13.799999999999999,13.95,14.1,14.25,14.399999999999999,14.549999999999999,14.7,14.85,15.0,15.149999999999999",2007R_GLUT1_647_WGA_594_0002.nd2,2007,M,R,5.5,Homo,Experimental,0,False,4.218186372745491,False,"[12.68962926 13.16420341 13.25463427 13.36573146 13.68299098 14.12687876
 14.3011022  15.26503006 16.13752505 17.52843186 18.33529559 18.6624499
 19.40643788 20.17246994 20.26916333 20.30961924 20.48985471 20.83066132
 21.10195391 20.96643287 21.28469439 21.42234469 21.57978457 22.12950902
 22.54183367 23.70415832 24.20240481 24.58880261 26.64829659 26.81137275
 29.47582665 33.34368737 36.3001002  40.11197395 45.38802605 48.89992485
 50.79471443 51.33028557 53.49348697 53.08228958 56.09055611 56.77342184
 57.12938377 56.46806112 54.36560621 52.1619489  47.84631764 45.23146293
 42.82089178 41.36735972 39.47056613 35.71868737 31.6743487  26.38251503
 24.44977455 21.82264529 20.63389279 19.72870741 19.13389279 19.07051603
 18.94576653 18.7742986  18.45616232 18.5756513  18.38890281 18.19125752
 18.12900802 17.93324148 17.82427355 17.83329158 17.87650301 17.80811623
 17.64967435 17.62650301 17.48208918 17.61247495 17.51152305 17.48421844
 17.51014529 17.34907315 17.22206914 17.13902806 17.31024549 17.16107214
 17.1505511  17.09807114 16.96042084 17.12763026 16.95140281 16.91583166
 16.8866483  16.93086172 16.97219439 16.87312124 17.01578156 17.01703407
 16.89767034 16.80974449 16.78018537 16.8127505  16.89428858 16.83441884]","[ 1.9622996   1.97858216  1.98747495  2.09907315  2.07214429  2.14028056
  2.17860721  2.2755511   2.49210922  2.84331162  3.28381764  3.561498
  4.10896794  4.69000501  4.9881012   5.13351703  5.38151303  5.62788076
  6.36823647  7.07051603  8.3246493   9.35533567 10.01302605 10.3122495
 10.52755511 10.4488978  10.41182365 10.47019038 10.08116232 10.09268537
  9.70591182  9.44050601  9.28143788  9.20528557  9.08917836  8.64215932
  8.26590681  8.14942385  7.30636273  7.35683868  5.66482966  4.94301102
  4.21818637  3.8362976   3.62049098  3.53206413  3.5129008   3.51603206
  3.6012024   3.63213928  3.62562625  3.68950401  3.91933868  4.31475451
  4.500501    4.74511523  4.45165331  4.04634269  3.86660822  3.83404309
  3.84381263  3.71768537  3.69752004  3.60408317  3.63001002  3.59193387
  3.53594689  3.51803607  3.53256513  3.53431864  3.45315631  3.5493487
  3.47006513  3.4762024   3.48096192  3.45854208  3.48321643  3.5123998
  3.52617735  3.49837174  3.47833166  3.50413327  3.52680361  3.47645291
  3.45077655  3.47482465  3.46580661  3.53807615  3.50375752  3.48847695
  3.52830661  3.499499    3.51878758  3.51114729  3.50713928  3.56963928
  3.58103707  3.623998    3.67848196  3.82640281  4.01966433  4.26152305]","[ 4.87199399  5.26690882  5.64616733  6.00212926  6.86998998  7.8742485
  8.69401303 11.82151804 17.44050601 32.56901303 44.75325651 47.36735972
 38.8752505  29.2130511  27.0374499  26.23622244 25.07815631 24.41745992
 23.27655311 23.00288076 22.78932866 22.40844188 21.91182365 21.49661824
 20.98296593 20.3496994  20.16420341 19.98133768 19.39992485 19.42898297
 18.48972946 17.53006012 16.78832665 16.1131012  15.41508016 14.76177355
 14.37625251 14.24812124 13.56487976 13.61585671 11.94025551 10.88126253
  9.77317134  9.22219439  9.21668337  9.59168337 10.65956914 11.43261523
 12.43411824 12.91332665 13.54483968 14.58329158 15.5738978  16.63126253
 17.10683868 18.19589178 18.6745992  18.53469439 17.81237475 17.71981463
 17.20353206 16.86573146 16.21768537 15.376002   14.90405812 14.16382766
 13.22632766 12.46267535 11.67397295 11.40906814 11.52855711 11.4245992
 11.16658317 10.76603206 10.70177856 10.35145291  9.87337174  9.64529058
  9.19626754  8.96893788  8.62788076  8.51803607  8.53118737  8.34782064
  8.25450902  8.08141283  7.79108216  7.66044589  7.40506012  7.09844689
  6.96530561  6.78081162  6.76665832  6.59281062  6.5382014   6.38389279
  6.27755511  6.12312124  5.99248497  5.9124499   5.85383267  5.67973447]","[0.49123246 0.59431363 0.66971443 0.75713928 0.97607715 1.16946393
 1.30849198 1.93148798 2.94426353 5.40268036 7.28356713 7.8866483
 7.18987976 6.24812124 6.01728457 5.94013026 5.82427355 5.74073146
 5.6115982  5.5377004  5.50601202 5.38001002 5.2373497  5.05285571
 4.93136273 4.79333667 4.70290581 4.67635271 4.55623747 4.53356713
 4.31776052 4.17084168 3.99774549 3.83692385 3.76277555 3.80172846
 3.81462926 3.78982966 3.72970942 3.77292084 3.46518036 3.22019038
 2.80210421 2.49461423 2.40794088 2.46806112 2.74073146 2.90518537
 3.13426854 3.22958417 3.32978457 3.56663327 3.68286573 3.82452405
 3.83379259 3.73284068 3.51778557 3.1872495  2.93474449 2.93762525
 2.7866984  2.75150301 2.60646293 2.45215431 2.36147295 2.24261022
 2.10333166 1.97131764 1.83604709 1.8132515  1.78419339 1.80172846
 1.77329659 1.70916834 1.67259519 1.61172345 1.54208417 1.47933367
 1.41645792 1.37387275 1.29847194 1.26953908 1.29784569 1.28319138
 1.24511523 1.19338677 1.19413828 1.15631263 1.08992986 1.0754008
 1.05874248 1.01490481 0.99386273 0.97294589 0.95603707 0.93098697
 0.88802605 0.87337174 0.83416834 0.81876253 0.78782565 0.76753507]",79
77,0.15,"0.0,0.15,0.3,0.44999999999999996,0.6,0.75,0.8999999999999999,1.05,1.2,1.3499999999999999,1.5,1.65,1.7999999999999998,1.95,2.1,2.25,2.4,2.55,2.6999999999999997,2.85,3.0,3.15,3.3,3.4499999999999997,3.5999999999999996,3.75,3.9,4.05,4.2,4.35,4.5,4.6499999999999995,4.8,4.95,5.1,5.25,5.3999999999999995,5.55,5.7,5.85,6.0,6.1499999999999995,6.3,6.45,6.6,6.75,6.8999999999999995,7.05,7.199999999999999,7.35,7.5,7.6499999999999995,7.8,7.949999999999999,8.1,8.25,8.4,8.549999999999999,8.7,8.85,9.0,9.15,9.299999999999999,9.45,9.6,9.75,9.9,10.049999999999999,10.2,10.35,10.5,10.65,10.799999999999999,10.95,11.1,11.25,11.4,11.549999999999999,11.7,11.85,12.0,12.15,12.299999999999999,12.45,12.6,12.75,12.9,13.049999999999999,13.2,13.35,13.5,13.65,13.799999999999999,13.95,14.1,14.25,14.399999999999999,14.549999999999999,14.7,14.85,15.0,15.149999999999999",2007R_GLUT1_647_WGA_594_0002.nd2,2007,M,R,5.5,Homo,Experimental,0,False,4.178272980501393,False,"[12.61722377 12.81290622 13.06035283 13.14693593 13.49001857 13.92107707
 14.31917363 15.15807799 16.13393686 17.31824513 17.85492108 18.07613742
 18.29247911 18.2950325  18.31987001 18.41527391 18.34285051 18.51880223
 18.36281337 18.40761374 18.63138347 18.67455896 18.71355617 19.23166202
 19.56128134 19.77669452 19.9584494  20.29572888 20.64066852 20.43779016
 21.81012071 22.95032498 24.90970288 28.44568245 35.97632312 42.74001857
 45.59192201 47.29758589 51.66225627 51.16504178 60.98026927 65.69103993
 72.51090994 76.66272052 79.25487465 78.27390901 75.05176416 72.93570102
 70.0724234  69.45032498 68.46169916 67.10143918 65.73166202 64.10584958
 63.20264624 57.94359331 52.5264624  44.13741876 37.46030641 36.69289694
 33.1369545  31.41829155 27.69753946 24.80942433 23.52089136 22.07497679
 21.08704735 20.17177344 19.64554318 19.43012999 19.4814299  19.38091922
 19.10051068 18.74071495 18.89206128 18.52019499 18.37766945 18.19986072
 18.09935005 17.85909935 17.85190344 17.61443825 17.70821727 17.61583101
 17.50557103 17.79712163 17.60584958 17.38834726 17.44243268 17.31708449
 17.22284123 17.02692665 17.08356546 17.07613742 17.05710306 17.08077994
 17.23630455 16.72051996 16.681987   16.81940576 16.83426184 16.74489322]","[ 2.07451253  2.12093779  2.08286908  2.20961003  2.20821727  2.31476323
  2.35259981  2.42084494  2.60979573  2.97516249  3.43268338  3.71610956
  4.29340761  4.88347261  5.11629526  5.23932219  5.5494429   5.74303621
  6.70519963  7.46169916  9.33913649 11.39879294 12.9955896  13.83077994
 14.07358403 13.97051996 14.20102136 14.0856546  14.159935   14.12256267
 13.51299907 11.79572888 10.19730734  8.76555246  7.76671309  7.23723305
  6.91736305  6.75626741  6.37163417  6.51183844  5.45891365  4.98491179
  4.4735376   4.27901578  4.17827298  4.19684308  4.03203343  3.92270195
  3.97237697  4.00023213  4.06104921  3.90923863  3.93152275  4.01601671
  3.99001857  3.95241411  3.93964717  3.79294336  3.71332405  3.77228412
  3.71077066  3.85468895  3.75998143  3.70659239  3.68523677  3.73305478
  3.68732591  3.61768802  3.65389972  3.59377902  3.67061281  3.6448468
  3.58727948  3.60793872  3.5954039   3.62233055  3.58356546  3.63486537
  3.54990715  3.61815227  3.59772516  3.590065    3.63440111  3.54712163
  3.49373259  3.58890436  3.50092851  3.59238626  3.5415506   3.60283194
  3.53899721  3.56662024  3.57033426  3.55501393  3.50162488  3.51044568
  3.52599814  3.51485608  3.48862581  3.51880223  3.48909006  3.47957289]","[ 4.88347261  5.22121634  5.59586815  5.90831012  6.72864438  7.63997214
  8.39461467 11.26787372 16.71959146 31.53040854 44.1272052  46.6413649
 37.57869081 26.96843083 25.06708449 24.53830084 23.77994429 23.37325905
 23.00719591 22.93314763 22.52669452 22.20450325 21.73514392 21.34424327
 21.17061281 20.81012071 20.74860724 20.68361188 20.31592386 20.45659239
 19.95171773 19.77181987 19.58611885 19.38393686 19.22678737 18.58890436
 18.34029712 18.15970288 17.4593779  17.55176416 15.55060353 14.28087279
 12.46169916 10.96912721  9.84447539  9.2358403   8.59122563  8.4461467
  8.37975859  8.25998143  8.20334262  8.29874652  8.66318477  9.28806871
  9.63231198 10.74744661 11.60004643 12.7818013  14.00278552 14.03876509
 14.6731662  14.86699164 15.39461467 15.77901578 15.82428041 15.65877437
 15.20427112 14.80849582 14.03226555 13.87650882 14.02669452 13.80942433
 13.62093779 13.19916435 13.04201486 12.56383473 11.94893222 11.60793872
 10.94823584 10.72098422 10.18430826 10.09911792 10.10909935  9.86629526
  9.73885794  9.5044104   9.12395543  8.87441968  8.43895079  8.1095636
  7.80896007  7.57195915  7.4902507   7.28133705  7.36792015  7.03597957
  6.8365831   6.6590065   6.49651811  6.34911792  6.15714949  6.00394615]","[0.5141597  0.59610028 0.64275766 0.74001857 0.92432683 1.09145775
 1.24535747 1.79921077 2.80942433 5.36327762 7.29480037 7.89972145
 7.3047818  6.38115135 6.12836583 6.15111421 6.02437326 6.02831941
 5.82822656 5.7181987  5.46239554 5.07056639 4.7544104  4.47168059
 4.30779944 4.10259981 4.03876509 3.99512535 3.93477252 3.96959146
 3.9417363  3.909935   3.99048282 4.03830084 4.17177344 4.19312906
 4.17780873 4.20241411 4.12790158 4.10747447 3.82010214 3.57567317
 3.17827298 2.77785515 2.45148561 2.24164345 2.03389044 1.97585887
 1.83263695 1.84935005 1.81197772 1.78946147 1.79665738 1.840065
 1.86258124 1.99675023 2.09935005 2.24048282 2.36861653 2.39345404
 2.42989786 2.44034355 2.45194986 2.54201486 2.49721448 2.47191272
 2.34424327 2.28830084 2.1634169  2.1404364  2.15041783 2.14902507
 2.11768802 2.06708449 2.00394615 1.97423398 1.85747447 1.77715877
 1.72098422 1.636026   1.57404828 1.51183844 1.5176416  1.51462396
 1.48259053 1.42711235 1.41272052 1.3409935  1.2950325  1.20961003
 1.1854689  1.1325441  1.14066852 1.06592386 1.08519034 1.0273909
 0.99883937 0.9770195  0.93477252 0.90854225 0.86768802 0.86049211]",80
78,0.15,"0.0,0.15,0.3,0.44999999999999996,0.6,0.75,0.8999999999999999,1.05,1.2,1.3499999999999999,1.5,1.65,1.7999999999999998,1.95,2.1,2.25,2.4,2.55,2.6999999999999997,2.85,3.0,3.15,3.3,3.4499999999999997,3.5999999999999996,3.75,3.9,4.05,4.2,4.35,4.5,4.6499999999999995,4.8,4.95,5.1,5.25,5.3999999999999995,5.55,5.7,5.85,6.0,6.1499999999999995,6.3,6.45,6.6,6.75,6.8999999999999995,7.05,7.199999999999999,7.35,7.5,7.6499999999999995,7.8,7.949999999999999,8.1,8.25,8.4,8.549999999999999,8.7,8.85,9.0,9.15,9.299999999999999,9.45,9.6,9.75,9.9,10.049999999999999,10.2,10.35,10.5,10.65,10.799999999999999,10.95,11.1,11.25,11.4,11.549999999999999,11.7,11.85,12.0,12.15,12.299999999999999,12.45,12.6,12.75,12.9,13.049999999999999,13.2,13.35,13.5,13.65,13.799999999999999,13.95,14.1,14.25,14.399999999999999,14.549999999999999,14.7,14.85,15.0,15.149999999999999",2007R_GLUT1_647_WGA_594_0002.nd2,2007,M,R,5.5,Homo,Experimental,0,True,94.19200908918765,False,"[13.3130089  13.67865934 13.92652907 14.27987124 14.75402386 15.33951903
 15.79625071 16.89907215 18.35088052 20.68434009 22.67354668 24.75345578
 28.33686802 32.92255255 34.68434009 35.33781481 36.8676387  37.77352774
 41.36243136 43.77788298 47.95360727 53.31092596 58.36659724 62.40352206
 65.06267752 68.62166256 69.89168718 70.42870668 73.08748343 73.24086347
 74.90551032 75.48967998 74.09164931 71.30997917 65.84510509 61.50312441
 59.49081613 59.09448968 55.77163416 56.50369248 50.12668055 47.12497633
 41.93012687 36.38155652 30.41431547 26.25089945 23.18216247 22.43325128
 21.63529635 21.13974626 20.5979928  19.9729218  19.55368301 18.88827874
 18.67600833 18.16455217 18.03370574 18.03200151 17.68187843 17.71122893
 17.57886764 17.69475478 17.70498012 17.46184435 17.38950956 17.34368491
 17.27059269 17.30316228 17.17553494 17.12686991 17.00795304 17.01893581
 16.98617686 17.17402007 17.12989964 17.0058701  16.99242568 16.85911759
 16.97841318 16.85873888 16.90816133 16.64419617 16.89263397 16.92103768
 16.72069684 16.88827874 16.77617875 16.70971407 16.50274569 16.81064192
 16.74152623 16.70630562 16.71956069 16.6106798  16.78110206 16.90266995
 16.50596478 16.49895853 16.60159061 16.46373793 16.62904753 16.50028404]","[ 3.10282144  3.35012308  3.55652339  3.82484378  4.1933346   4.47737171
  4.67506154  5.27854573  6.24010604  7.76955122  9.75364514 11.81689074
 16.90475289 24.24313577 27.51410718 29.02499527 32.2181405  34.8369627
 42.65612573 48.05036925 57.16152244 66.04582465 73.7502367  79.20393865
 82.29331566 86.76500663 88.50388184 89.23366787 91.60821814 92.11494035
 92.84548381 94.19200909 93.59344821 92.89812536 92.59003977 92.06627533
 92.56693808 92.09657262 91.69134634 91.81689074 91.01609544 90.54970649
 88.38231396 85.34141261 81.66085969 77.03408445 69.5275516  64.61049044
 59.40314334 55.56087862 52.01344442 44.23915925 36.53758758 26.23272108
 22.2298807  15.58644196 12.37284605 10.043363    8.76368112  8.709146
  8.25336111  7.95531149  7.45748911  6.97935997  6.81158871  6.65347472
  6.70876728  6.84775611  6.94054156  6.74985798  6.73508805  6.79852301
  6.73641356  6.33005113  6.15906078  5.71141829  5.21586821  4.93618633
  4.51032002  4.37284605  4.17231585  4.09411096  4.18935808  3.99583412
  4.03919712  3.95322856  3.90475289  3.91478887  3.85192198  3.83412233
  3.79852301  3.81442909  3.79473585  3.80874834  3.75175156  3.86082181
  3.92463549  3.96913463  4.01117213  4.06968377  4.00037872  3.95133497]","[ 4.73603484  5.10130657  5.48930127  5.8721833   6.76822571  7.84548381
  8.64287067 11.33970839 15.87010036 25.50066275 34.33667866 38.15413747
 35.52736224 29.14220792 26.93618633 26.22098087 24.76898315 23.62128385
 21.23158493 19.9742473  18.27305435 16.87502367 15.551032   14.52376444
 13.82503314 12.83753077 12.39083507 12.12043174 11.36091649 11.39803068
 10.56087862  9.94470744  9.63737928  9.56921038  9.65820867  9.79000189
 10.00246165  9.95038818 10.3527741  10.21037682 10.97917061 11.33762545
 12.03294831 12.8839235  14.16814997 15.48305245 16.98996402 17.80420375
 18.34709335 18.63662185 18.80799091 18.90020829 18.9331566  18.67941678
 18.50142019 17.6084075  16.78697216 15.70157167 14.77693619 14.71236508
 14.28687749 13.94792653 13.47339519 12.78640409 12.41128574 11.82313956
 11.23461466 10.7104715  10.07971975  9.96913463 10.02234425  9.96515811
  9.79075933  9.45029351  9.37587578  9.10301079  8.7737171   8.60102253
  8.28214353  8.0727135   7.84737739  7.76765764  7.74360916  7.54894906
  7.52793032  7.38117781  7.13728461  7.02764628  6.80742284  6.66957016
  6.50747964  6.37114183  6.30770687  6.20185571  6.13160386  5.9977277
  5.90626775  5.767847    5.6905889   5.55576595  5.4760462   5.37758   ]","[0.4408256  0.53493657 0.61692861 0.68282522 0.89017232 1.08274948
 1.23082749 1.71009279 2.42832797 3.93486082 5.09013444 5.64400682
 5.8382882  5.4688506  5.30732816 5.22685098 5.12952092 5.02594206
 4.72713501 4.5591744  4.28252225 3.98750237 3.77636811 3.59553115
 3.46601023 3.22003408 3.10054914 3.04374172 2.81083128 2.80325696
 2.53493657 2.27494793 2.14107177 2.00511267 1.96383261 1.96761977
 2.00340845 2.0081424  2.04752888 2.04752888 2.18992615 2.30391971
 2.5803825  2.89490627 3.30903238 3.62166256 3.80060595 3.74228366
 3.69551221 3.67714448 3.57205075 3.53985988 3.37966294 3.10395758
 2.98788108 2.79795493 2.60708199 2.42075365 2.2918008  2.27419049
 2.22022344 2.17799659 2.0903238  2.02442719 1.96724105 1.89869343
 1.82541185 1.73868585 1.63397084 1.59306949 1.61692861 1.60878621
 1.60935429 1.56693808 1.5194092  1.47112289 1.39291801 1.3482295
 1.27665215 1.23915925 1.17383071 1.12327211 1.13065707 1.14485893
 1.10244272 1.04847567 1.02688885 1.01117213 0.97027078 0.95739443
 0.89755728 0.89433819 0.88505965 0.8382882  0.86025374 0.82124598
 0.80382503 0.75553872 0.72562015 0.73186896 0.70554819 0.69267184]",81
79,0.15,"0.0,0.15,0.3,0.44999999999999996,0.6,0.75,0.8999999999999999,1.05,1.2,1.3499999999999999,1.5,1.65,1.7999999999999998,1.95,2.1,2.25,2.4,2.55,2.6999999999999997,2.85,3.0,3.15,3.3,3.4499999999999997,3.5999999999999996,3.75,3.9,4.05,4.2,4.35,4.5,4.6499999999999995,4.8,4.95,5.1,5.25,5.3999999999999995,5.55,5.7,5.85,6.0,6.1499999999999995,6.3,6.45,6.6,6.75,6.8999999999999995,7.05,7.199999999999999,7.35,7.5,7.6499999999999995,7.8,7.949999999999999,8.1,8.25,8.4,8.549999999999999,8.7,8.85,9.0,9.15,9.299999999999999,9.45,9.6,9.75,9.9,10.049999999999999,10.2,10.35,10.5,10.65,10.799999999999999,10.95,11.1,11.25,11.4,11.549999999999999,11.7,11.85,12.0,12.15,12.299999999999999,12.45,12.6,12.75,12.9,13.049999999999999,13.2,13.35,13.5,13.65,13.799999999999999,13.95,14.1,14.25,14.399999999999999,14.549999999999999,14.7,14.85,15.0,15.149999999999999",2007R_GLUT1_647_WGA_594_0002.nd2,2007,M,R,5.5,Homo,Experimental,0,False,12.207917442057182,False,"[12.637371   12.72644223 12.89857892 13.06411775 13.24014549 13.44146507
 13.67771951 14.32075791 15.12620538 16.42116393 17.09956014 17.41608865
 17.7089325  17.83479953 18.01082727 18.13999323 18.09753003 18.20275757
 18.17628151 18.23464727 18.51421079 18.68990019 19.09981391 19.5290137
 19.84435798 20.77042802 21.09456945 21.25926239 22.6430384  22.48308239
 24.05092201 26.41050584 28.6232448  30.90957537 33.48638132 35.44730164
 36.19463712 36.47530029 37.95389951 37.59042463 40.06115716 40.82160379
 41.35374725 40.97648452 39.70165793 38.31661309 36.83166977 35.79352055
 34.8158518  33.61909998 32.81720521 30.95220775 28.56107258 25.92928439
 25.18321773 24.02952123 24.02156995 24.17890374 24.22931822 24.33361529
 24.17179834 24.38216884 24.61343258 24.76399932 24.73769244 24.75181864
 24.73879208 24.85882253 24.9957706  25.06191846 24.95990526 25.11918457
 25.1147014  25.25503299 25.03324311 25.21502284 25.279056   25.32634072
 25.21485366 25.09609203 24.85044832 24.60150567 24.73566232 24.38707495
 24.31069193 24.0071054  23.638809   23.54195568 23.3257486  23.10311284
 22.99703942 22.69988158 22.73591609 22.37616309 22.22500423 21.92860768
 21.40348503 20.85882253 20.30883099 19.90576891 19.39240399 18.59507698]","[ 1.99813906  2.02579936  2.04855354  2.13128066  2.13720183  2.22838775
  2.26146168  2.34224328  2.55904246  2.91152089  3.39037388  3.69912028
  4.28345458  4.95669092  5.27812553  5.43402132  5.81001523  6.09338521
  7.08585688  7.74826594  9.03053629  9.89240399 10.51141939 10.87523262
 11.08974793 11.19226865 11.28370834 11.46278126 11.44087295 11.3746405
 11.69937405 12.17661986 12.45626797 13.09406192 13.45686009 13.35746913
 13.15217391 13.12578244 12.97090171 12.92683133 12.65589579 12.41634241
 12.20791744 12.00862798 11.89113517 11.69226865 11.30519371 10.90703773
 10.63610218 10.44011166 10.0609034   9.54829978  8.86558958  7.89671798
  7.49492472  6.70927085  6.18812384  5.72255118  5.32887836  5.25892404
  5.07139232  4.95085434  4.7513957   4.49492472  4.4284385   4.22881069
  4.05193707  3.94146507  3.82972424  3.76526814  3.81382169  3.79648114
  3.70800203  3.64811369  3.63847065  3.5785823   3.54703096  3.52199289
  3.48198274  3.54660802  3.51996278  3.48240568  3.53129758  3.49881577
  3.50795128  3.52664524  3.48409745  3.49044155  3.51920149  3.47039418
  3.4922179   3.48663509  3.52292336  3.47927593  3.49382507  3.53265099
  3.57215361  3.67797327  3.71908307  3.91659618  4.25943157  4.55329048]","[ 4.79961089  5.1515818   5.5021147   5.84097445  6.59084757  7.45356116
  8.12273727 10.80705464 15.82684825 29.13449501 41.36076806 44.9560988
 37.92124852 27.48003722 25.23676197 24.4489934  23.3265099  22.85476231
 22.02537642 21.9397733  21.95973609 21.98172898 22.03451193 22.14777533
 22.02063949 21.84385045 21.78573845 21.69573676 21.23845373 21.28793774
 20.65555744 19.88216884 19.21231602 18.32828625 17.18524784 16.36575875
 16.02563018 15.76899002 15.11140247 15.20072746 13.74378278 13.04288614
 12.23625444 11.89045847 11.90492302 12.13551007 12.55853493 12.77245813
 12.98925732 13.12459821 13.26476062 13.74530536 14.30849264 14.96717983
 15.09059381 15.21290814 15.08636441 14.6366943  14.05176789 14.00676704
 13.61774657 13.35019455 12.81119946 12.2733886  11.99103367 11.5609034
 10.95203857 10.44239553  9.83699882  9.61241753  9.76822873  9.63390289
  9.45423786  9.11495517  9.04356285  8.68524784  8.3243952   8.12493656
  7.83395365  7.69658264  7.4865505   7.45423786  7.40839114  7.30705464
  7.27085096  7.19252242  6.98468956  6.86499746  6.70910167  6.51894772
  6.36812722  6.25266452  6.17924209  6.10708848  6.08864828  5.96988665
  5.86026053  5.74090678  5.64354593  5.57638301  5.49331754  5.41109795]","[0.47749958 0.58221959 0.64489934 0.72999492 0.9270851  1.09583827
 1.23177127 1.78286246 2.73075622 4.97436982 6.80916935 7.41947217
 6.95026222 6.0686855  5.90754525 5.80045678 5.72534258 5.63534089
 5.52250042 5.36838098 5.16393165 4.93165285 4.80468618 4.71629166
 4.65301979 4.57443749 4.56005752 4.56039587 4.44070377 4.43063779
 4.30299442 4.08856369 3.86711216 3.63618677 3.31187616 3.10852648
 3.07266114 3.02072407 2.90179327 2.9128743  2.67568939 2.55227542
 2.39350364 2.26543732 2.18880054 2.14033159 2.15098968 2.14955168
 2.16587718 2.18296397 2.19429877 2.26230756 2.36973439 2.4567755
 2.51116562 2.54195568 2.51877855 2.41067501 2.30603959 2.2967349
 2.22212824 2.15927931 2.07266114 1.93901201 1.88986635 1.79149044
 1.6862629  1.60937236 1.49864659 1.47749958 1.49627813 1.48308239
 1.446202   1.39477246 1.37286415 1.30959229 1.24437489 1.21079344
 1.18406361 1.14752157 1.10861106 1.09084757 1.09998308 1.08458806
 1.06919303 1.05422094 1.03874133 1.00042294 0.94950093 0.91042125
 0.8803079  0.87548638 0.87049569 0.83065471 0.83572999 0.81813568
 0.80916935 0.77186601 0.74209102 0.7599391  0.72864152 0.71502284]",82
80,0.15,"0.0,0.15,0.3,0.44999999999999996,0.6,0.75,0.8999999999999999,1.05,1.2,1.3499999999999999,1.5,1.65,1.7999999999999998,1.95,2.1,2.25,2.4,2.55,2.6999999999999997,2.85,3.0,3.15,3.3,3.4499999999999997,3.5999999999999996,3.75,3.9,4.05,4.2,4.35,4.5,4.6499999999999995,4.8,4.95,5.1,5.25,5.3999999999999995,5.55,5.7,5.85,6.0,6.1499999999999995,6.3,6.45,6.6,6.75,6.8999999999999995,7.05,7.199999999999999,7.35,7.5,7.6499999999999995,7.8,7.949999999999999,8.1,8.25,8.4,8.549999999999999,8.7,8.85,9.0,9.15,9.299999999999999,9.45,9.6,9.75,9.9,10.049999999999999,10.2,10.35,10.5,10.65,10.799999999999999,10.95,11.1,11.25,11.4,11.549999999999999,11.7,11.85,12.0,12.15,12.299999999999999,12.45,12.6,12.75,12.9,13.049999999999999,13.2,13.35,13.5,13.65,13.799999999999999,13.95,14.1,14.25,14.399999999999999,14.549999999999999,14.7,14.85,15.0,15.149999999999999",2007R_GLUT1_647_WGA_594_0002.nd2,2007,M,R,5.5,Homo,Experimental,0,False,3.105250245338567,False,"[12.82409225 13.16879293 13.32703631 13.2779686  13.84249264 13.88886163
 14.35770363 15.23209028 16.0375368  17.33979392 18.13199215 18.28066732
 18.83660451 19.4249264  19.5095682  19.38935231 19.63027478 19.83316977
 20.23110893 20.4752208  21.12708538 22.16118744 23.73159961 25.41241413
 26.99018646 29.61997056 30.83071639 31.80691855 35.62217861 35.00269872
 40.64892051 46.80912659 52.43498528 59.44872424 67.16069676 71.07139352
 72.65112856 73.40677134 75.54342493 75.35451423 78.68351325 78.70829244
 80.50809617 81.30814524 81.49582924 81.09690873 76.19921492 73.047105
 68.65063788 65.94823356 63.48846909 57.57531894 51.33856722 42.40309127
 38.73675172 30.66290481 27.00147203 23.80569185 21.97497547 22.07998037
 21.39916585 21.13469087 20.28042198 19.7404318  19.40039254 19.08734053
 18.98110893 18.62634936 18.25049068 18.45829244 18.2328263  18.31599607
 18.15947007 18.109421   17.95240432 17.70682041 17.72154073 17.34126595
 17.50907753 17.58488714 17.19872424 17.17909715 17.36653582 17.30323847
 17.19430815 17.16069676 16.9560844  17.15971541 17.18866536 17.16388616
 17.14106968 17.05053974 17.17517174 16.94479882 16.7639843  16.99337586
 16.78164868 16.91462218 16.73699706 17.07605496 16.95264966 16.75809617]","[ 1.97374877  1.98478901  2.01545633  2.13370952  2.09739941  2.14769382
  2.1844946   2.31648675  2.48748773  2.86285574  3.2404318   3.64205103
  4.32458292  5.11972522  5.48994112  5.59936212  6.04931305  6.32041217
  7.312316    8.11874387  9.37904809 10.34249264 10.77404318 11.01005888
 10.82531894 10.50564279 10.37070658 10.42198234 10.06526006  9.87512267
  9.0095682   7.50073602  6.31648675  5.19676153  4.28459274  3.99852797
  3.82752699  3.81133464  3.69038273  3.66511286  3.35770363  3.38027478
  3.17737978  3.01545633  3.10525025  3.0794897   3.05029441  3.07899902
  3.15701668  3.18473994  3.22473013  3.30544652  3.4452895   3.51422964
  3.53827282  3.52060844  3.57433759  3.51447498  3.59494603  3.56967615
  3.52993131  3.48895976  3.54170756  3.47129539  3.51987242  3.49263984
  3.39941119  3.41339549  3.5063788   3.46589794  3.37414132  3.40529931
  3.4141315   3.43719333  3.40971541  3.37487733  3.39303238  3.38714426
  3.42836114  3.40971541  3.45976447  3.43645731  3.49460255  3.43056919
  3.42541708  3.41977429  3.39474975  3.49705594  3.42787046  3.40677134
  3.45657507  3.437684    3.47129539  3.49656526  3.46663395  3.49165849
  3.51128557  3.59003925  3.65407262  3.75417076  3.87782139  3.93694799]","[ 4.71074583  5.04048086  5.38321884  5.75147203  6.58537782  7.55937193
  8.32556428 11.03017664 15.53974485 25.82384691 34.67590775 37.48307164
 33.12463199 26.27845927 24.41584887 23.98724239 22.73478901 22.06256133
 20.77944063 20.39278705 20.11825319 19.73945044 19.71786065 19.56329735
 19.39793916 19.20461237 19.18400393 18.96074583 18.48135427 18.44774289
 17.42419038 15.62708538 14.15750736 12.67468106 11.39229637 10.63076546
 10.24754661 10.16511286  9.82139352  9.89793916  9.18375859  8.91560353
  8.60009814  8.44995093  8.22595682  8.08366045  8.11359176  8.23478901
  8.55961727  8.73135427  8.96516192  9.71859666 10.79097154 12.58096173
 13.28655545 14.68694799 15.39401374 15.43694799 15.43204122 15.33709519
 15.17124632 14.98797841 14.58562316 14.10794897 13.71050049 13.1469578
 12.32556428 11.70387635 10.94357213 10.78091266 10.87880275 10.76496565
 10.54882237 10.10451423 10.03557409  9.61138371  9.0986261   8.89548577
  8.55176644  8.27526987  7.99582924  7.93277723  7.9001472   7.7747792
  7.69553484  7.55127576  7.30176644  7.12733072  6.86310108  6.72939156
  6.60377821  6.51202159  6.44651619  6.36727184  6.32335623  6.1609421
  6.02870461  5.93596663  5.77576055  5.73577036  5.61187439  5.48797841]","[0.42566241 0.50981354 0.61089303 0.67762512 0.85745829 1.04268891
 1.18056919 1.70510304 2.40947007 4.00981354 5.21540726 5.72055937
 5.60009814 5.02158979 4.86947988 4.81697743 4.69406281 4.64671246
 4.53778214 4.50564279 4.38886163 4.2767419  4.20314033 4.13002944
 4.04268891 3.99607458 3.94896958 3.90799804 3.83488714 3.8314524
 3.65996075 3.44160942 3.22595682 3.00785083 2.76373896 2.63788027
 2.54882237 2.52600589 2.43989205 2.48086359 2.27428852 2.19332679
 2.11849853 2.03802748 1.96933268 1.85696762 1.82728165 1.76521099
 1.79121688 1.80814524 1.84421001 1.89671246 2.04367026 2.19332679
 2.25662414 2.39229637 2.38567223 2.36089303 2.30569185 2.28876349
 2.22718351 2.2156526  2.18375859 2.0794897  2.04244357 1.93940137
 1.83832188 1.71589794 1.61162905 1.61629048 1.59739941 1.58464181
 1.58047105 1.52845927 1.48380765 1.40848871 1.33807655 1.30078508
 1.26226693 1.23405299 1.15554465 1.12266928 1.14842983 1.109421
 1.09617272 1.08341511 1.07065751 1.0547105  0.99460255 0.99214917
 0.9389107  0.93302257 0.94136408 0.88002944 0.91265947 0.88150147
 0.84347399 0.81894014 0.77870461 0.76938175 0.73895976 0.73135427]",84
81,0.15,"0.0,0.15,0.3,0.44999999999999996,0.6,0.75,0.8999999999999999,1.05,1.2,1.3499999999999999,1.5,1.65,1.7999999999999998,1.95,2.1,2.25,2.4,2.55,2.6999999999999997,2.85,3.0,3.15,3.3,3.4499999999999997,3.5999999999999996,3.75,3.9,4.05,4.2,4.35,4.5,4.6499999999999995,4.8,4.95,5.1,5.25,5.3999999999999995,5.55,5.7,5.85,6.0,6.1499999999999995,6.3,6.45,6.6,6.75,6.8999999999999995,7.05,7.199999999999999,7.35,7.5,7.6499999999999995,7.8,7.949999999999999,8.1,8.25,8.4,8.549999999999999,8.7,8.85,9.0,9.15,9.299999999999999,9.45,9.6,9.75,9.9,10.049999999999999,10.2,10.35,10.5,10.65,10.799999999999999,10.95,11.1,11.25,11.4,11.549999999999999,11.7,11.85,12.0,12.15,12.299999999999999,12.45,12.6,12.75,12.9,13.049999999999999,13.2,13.35,13.5,13.65,13.799999999999999,13.95,14.1,14.25,14.399999999999999,14.549999999999999,14.7,14.85,15.0,15.149999999999999",2007R_GLUT1_647_WGA_594_0002.nd2,2007,M,R,5.5,Homo,Experimental,0,False,4.613978494623656,False,"[12.85376344 13.04014337 13.31326165 13.35663082 13.54695341 13.90286738
 14.41648746 15.0734767  16.07706093 17.04910394 17.90071685 18.40752688
 18.45734767 18.86845878 19.02329749 19.06021505 19.38566308 19.35878136
 19.63548387 20.07956989 20.76738351 21.95949821 24.23154122 25.39354839
 26.86129032 29.42078853 30.82043011 31.28602151 34.27455197 35.15770609
 39.12222222 45.28924731 49.65591398 54.71039427 58.22007168 59.39175627
 59.7046595  59.22688172 58.99498208 59.02616487 56.24767025 54.60573477
 51.3218638  47.79390681 43.34946237 39.92544803 35.92078853 33.95483871
 31.00896057 29.77383513 27.86989247 25.34587814 23.1562724  21.11899642
 20.40286738 19.54193548 19.13978495 18.75734767 18.23799283 18.1609319
 18.39641577 18.15340502 18.08530466 17.87096774 17.82293907 17.90681004
 17.53225806 17.5078853  17.18566308 17.41612903 17.19677419 17.49283154
 17.43261649 17.24444444 17.39139785 17.16523297 17.06021505 17.10716846
 16.86344086 16.81469534 16.93548387 16.790681   16.6483871  16.91111111
 16.83691756 16.74229391 16.60537634 16.92903226 16.61863799 16.64516129
 16.88207885 16.48673835 16.59283154 16.45376344 16.35949821 16.52939068
 16.56702509 16.19247312 16.67526882 16.55197133 16.4562724  16.64408602]","[ 1.94193548  2.02759857  2.00143369  2.07706093  2.07240143  2.15376344
  2.22293907  2.3297491   2.60537634  3.09856631  3.61756272  4.09390681
  5.15017921  6.42508961  6.88637993  7.22114695  7.9655914   7.96594982
  9.08028674  9.74408602  9.95232975  9.98422939 10.05878136 10.55053763
 10.98566308 11.42616487 11.45053763 11.26272401 11.2078853  11.29283154
 10.80716846  9.43942652  7.8562724   6.35985663  5.41541219  5.04767025
  4.96272401  4.87670251  4.61397849  4.6516129   4.47096774  4.3953405
  4.34480287  4.35053763  4.30896057  4.36415771  4.44444444  4.35304659
  4.3516129   4.28602151  4.28064516  4.06236559  3.95340502  3.85878136
  3.72544803  3.61182796  3.59103943  3.57741935  3.63584229  3.61541219
  3.57562724  3.61792115  3.58351254  3.6702509   3.68853047  3.76057348
  3.82903226  3.9218638   3.95985663  3.87275986  3.84121864  3.87921147
  3.77275986  3.80107527  3.77598566  3.82078853  3.83010753  3.85483871
  3.74121864  3.64516129  3.63942652  3.64874552  3.59569892  3.67849462
  3.55197133  3.58064516  3.51111111  3.59641577  3.68172043  3.74157706
  3.75698925  3.74623656  3.73333333  3.75591398  3.60143369  3.66523297
  3.62831541  3.64408602  3.65949821  3.79569892  3.87598566  3.90143369]","[ 4.93476703  5.3874552   5.72222222  6.09677419  6.92365591  7.96236559
  8.86738351 12.05698925 17.57491039 34.98781362 47.86021505 51.0078853
 44.03512545 36.44659498 34.50143369 33.52616487 32.39498208 32.02365591
 29.3172043  27.81756272 25.4172043  23.49283154 22.37562724 21.77491039
 21.21433692 20.16523297 19.82222222 19.71218638 18.74802867 18.64301075
 17.54516129 15.74802867 14.48028674 12.80860215 11.09677419 10.31326165
  9.90645161  9.71182796  9.36236559  9.46236559  9.12939068  9.23512545
  9.94193548 10.94551971 12.25483871 13.72580645 14.92939068 15.18351254
 15.57060932 15.68853047 15.96379928 16.57275986 17.32867384 18.08207885
 18.22078853 17.94587814 17.21326165 16.30143369 15.29426523 15.20179211
 14.7344086  14.34695341 13.59677419 13.         12.55985663 12.14659498
 11.47921147 10.73476703 10.20896057  9.98996416 10.09928315 10.00250896
  9.82007168  9.49354839  9.31075269  9.0437276   8.73799283  8.54982079
  8.17096774  7.94946237  7.74301075  7.6702509   7.53261649  7.43620072
  7.36523297  7.2516129   7.03476703  6.88207885  6.67383513  6.42616487
  6.35376344  6.21648746  6.2483871   6.07741935  6.04623656  5.93189964
  5.88673835  5.75949821  5.72616487  5.61397849  5.53727599  5.43297491]","[0.57383513 0.66415771 0.75985663 0.86021505 1.09032258 1.30501792
 1.48064516 2.16774194 3.15591398 6.22939068 8.42544803 9.21111111
 9.47491039 9.45734767 9.39784946 9.29641577 9.05842294 8.98064516
 8.10143369 7.52616487 6.59713262 5.92329749 5.4734767  5.18136201
 5.0311828  4.72258065 4.74121864 4.71756272 4.47491039 4.42724014
 4.25448029 3.94874552 3.7437276  3.38064516 3.08817204 2.99283154
 2.89283154 2.87096774 2.82043011 2.82258065 2.9125448  3.03584229
 3.25842294 3.45017921 3.68817204 3.94874552 4.15698925 4.24157706
 4.21111111 4.24014337 4.23691756 4.03870968 3.89139785 3.59713262
 3.45698925 3.14193548 2.90896057 2.60967742 2.38387097 2.4218638
 2.31182796 2.23620072 2.11756272 1.98243728 1.87060932 1.80967742
 1.72544803 1.63261649 1.57383513 1.5734767  1.55053763 1.53870968
 1.51290323 1.4609319  1.41505376 1.39390681 1.29318996 1.2046595
 1.17956989 1.15197133 1.10286738 1.0734767  1.10824373 1.09964158
 1.09139785 1.0311828  1.02759857 0.96774194 0.93333333 0.91326165
 0.86917563 0.90394265 0.87885305 0.84157706 0.83405018 0.82724014
 0.81111111 0.76272401 0.78996416 0.74623656 0.73620072 0.69749104]",85
82,0.15,"0.0,0.15,0.3,0.44999999999999996,0.6,0.75,0.8999999999999999,1.05,1.2,1.3499999999999999,1.5,1.65,1.7999999999999998,1.95,2.1,2.25,2.4,2.55,2.6999999999999997,2.85,3.0,3.15,3.3,3.4499999999999997,3.5999999999999996,3.75,3.9,4.05,4.2,4.35,4.5,4.6499999999999995,4.8,4.95,5.1,5.25,5.3999999999999995,5.55,5.7,5.85,6.0,6.1499999999999995,6.3,6.45,6.6,6.75,6.8999999999999995,7.05,7.199999999999999,7.35,7.5,7.6499999999999995,7.8,7.949999999999999,8.1,8.25,8.4,8.549999999999999,8.7,8.85,9.0,9.15,9.299999999999999,9.45,9.6,9.75,9.9,10.049999999999999,10.2,10.35,10.5,10.65,10.799999999999999,10.95,11.1,11.25,11.4,11.549999999999999,11.7,11.85,12.0,12.15,12.299999999999999,12.45,12.6,12.75,12.9,13.049999999999999,13.2,13.35,13.5,13.65,13.799999999999999,13.95,14.1,14.25,14.399999999999999,14.549999999999999,14.7,14.85,15.0,15.149999999999999",2007R_GLUT1_647_WGA_594_0002.nd2,2007,M,R,5.5,Homo,Experimental,0,False,2.718550821871855,False,"[ 15.23213687  16.2972157   17.17913452  17.78262328  19.85105669
  21.84166387  23.20831936  27.40288494  32.52364978  43.53572627
  54.23146595  65.71385441  83.28346193  99.99161355 106.22341496
 108.75712848 113.69573968 116.86279772 125.86346863 130.87353237
 137.0318685  139.99698088 138.71452533 136.49345857 133.74069104
 129.03891312 126.3737001  125.35290171 118.20664207 118.11137202
 108.63468635  94.66252935  82.90875545  70.21737672  57.32606508
  50.9617578   48.47400201  48.26635357  43.75679302  44.86044951
  39.52801073  36.68634686  33.44682992  31.00100637  28.28077826
  25.71217712  23.10097283  22.29855753  21.68064408  21.18047635
  21.04595773  20.38275746  19.67695404  19.25058705  19.15431063
  18.80275075  18.745052    18.49077491  18.57027843  18.58537404
  18.27004361  18.02146931  18.02817846  17.9449849   18.11304931
  17.80442804  17.77792687  17.7386783   17.74773566  17.39852399
  17.60617243  17.52364978  17.8406575   17.44481718  17.81214358
  17.27910097  17.43475344  17.59208319  17.14827239  17.2207313
  17.61757799  17.51694062  17.56323381  17.46897014  17.4693056
  17.41093593  17.09896008  17.38879571  17.09728279  16.89265347
  17.17410265  16.87084871  16.89533714  17.06709158  16.87789332
  16.69607514  16.77524321  16.94330761  16.95001677  16.90976182
  16.87755787  16.81952365]","[1.81281449 1.84166387 1.83126468 1.86782959 1.86816505 1.900369
 1.94733311 1.97651795 2.13351224 2.37001006 2.61388796 2.75444482
 2.96343509 2.9872526  2.9067427  2.91747736 2.87219054 2.87554512
 2.79671251 2.76249581 2.77624958 2.71855082 2.70412613 2.70647434
 2.75444482 2.74203287 2.73431734 2.79067427 2.82455552 2.78027508
 2.80912445 2.99664542 3.08755451 3.20261657 3.22207313 3.27474002
 3.31969138 3.35759812 3.41663871 3.38208655 3.47131835 3.60583697
 3.64173096 3.69741697 3.86346863 3.8534049  3.71351895 3.71385441
 3.67527675 3.66957397 3.61153975 3.63938276 3.4756793  3.53673264
 3.51660517 3.45790003 3.42603153 3.40053673 3.44582355 3.44951359
 3.46427373 3.39080845 3.36632003 3.38477021 3.42837974 3.40691043
 3.33344515 3.37336464 3.50788326 3.39416303 3.32572962 3.37068098
 3.33445153 3.40087219 3.34015431 3.39013754 3.31063402 3.38376384
 3.33948339 3.38208655 3.35826904 3.44649446 3.43240523 3.43777256
 3.36699094 3.5075478  3.46326736 3.53606172 3.5625629  3.51761154
 3.54411271 3.54746729 3.54444817 3.55417645 3.49043945 3.6159007
 3.66487756 3.71284804 3.76216035 3.936263   4.01945656 4.03421671]","[ 4.74471654  5.06440792  5.40825226  5.77323046  6.57463938  7.53404898
  8.26668903 11.08218719 15.97819524 29.02012747 39.76819859 43.02046293
 36.94028849 27.69976518 24.88460248 23.70580342 21.57598121 20.56356927
 17.46829923 15.872526   13.70379067 12.0446159  11.12344851 10.63770547
 10.4565582  10.43844348 10.42334787 10.5753103  10.7832942  10.92687018
 11.60013418 12.64475008 13.62663536 14.75109024 16.32707145 17.18282456
 17.51727608 17.51358604 18.12546125 17.98658168 19.17544448 20.035894
 21.25528346 22.08352902 22.43173432 22.57933579 22.34116068 22.06273063
 21.95001677 21.69372694 21.46024824 20.76685676 20.20496478 19.41496142
 19.11573298 18.44012076 17.82723918 16.83059376 15.97014425 15.96209326
 15.45823549 15.1657162  14.41462596 13.89869171 13.50419322 12.97987253
 12.34753438 11.87185508 11.19054009 10.98456894 11.02046293 10.93425025
 10.76316672 10.41630325 10.25427709  9.83160013  9.35256625  9.16672258
  8.67963771  8.2780946   8.07782623  7.92888293  7.9426367   7.70848708
  7.70144247  7.55518282  7.30493123  7.25561892  6.98222073  6.83260651
  6.7027843   6.55350554  6.55249916  6.42569608  6.33981885  6.2207313
  6.04495136  5.93559208  5.82623281  5.75511573  5.69137873  5.58570949]","[0.50956055 0.59342503 0.68030862 0.73498826 0.9768534  1.1569943
 1.33143241 1.93391479 2.86682321 5.18752097 6.99798725 7.64407917
 7.390473   6.49345857 6.23381416 6.10801744 5.8916471  5.78463603
 5.45689366 5.33109695 5.06306609 4.75041932 4.51224421 4.33310969
 4.21737672 4.30526669 4.23482053 4.28111372 4.3800738  4.26937269
 4.34652801 4.39818853 4.48171754 4.50620597 4.54679638 4.4565582
 4.38477021 4.47802751 4.4438108  4.36833277 4.40020127 4.34988259
 4.482053   4.41328413 4.33478698 4.19590741 4.11908755 4.
 4.02817846 3.94163033 3.85910768 3.69976518 3.52801073 3.3609527
 3.25595438 3.01610198 2.88393157 2.74236833 2.60415968 2.56189198
 2.54310634 2.5139215  2.4223415  2.34417981 2.23414961 2.17544448
 2.02918484 1.900369   1.77859779 1.74136196 1.75310299 1.7705468
 1.76249581 1.69942972 1.62797719 1.58638041 1.47802751 1.40691043
 1.36665548 1.31868501 1.25662529 1.25360617 1.25394163 1.2167058
 1.20563569 1.17678631 1.18718551 1.09292184 1.06709158 1.05568601
 0.99899363 1.00268366 0.95706139 0.90238175 0.9322375  0.89667897
 0.86816505 0.808789   0.80644079 0.80576988 0.79738343 0.75478028]",86
83,0.15,"0.0,0.15,0.3,0.44999999999999996,0.6,0.75,0.8999999999999999,1.05,1.2,1.3499999999999999,1.5,1.65,1.7999999999999998,1.95,2.1,2.25,2.4,2.55,2.6999999999999997,2.85,3.0,3.15,3.3,3.4499999999999997,3.5999999999999996,3.75,3.9,4.05,4.2,4.35,4.5,4.6499999999999995,4.8,4.95,5.1,5.25,5.3999999999999995,5.55,5.7,5.85,6.0,6.1499999999999995,6.3,6.45,6.6,6.75,6.8999999999999995,7.05,7.199999999999999,7.35,7.5,7.6499999999999995,7.8,7.949999999999999,8.1,8.25,8.4,8.549999999999999,8.7,8.85,9.0,9.15,9.299999999999999,9.45,9.6,9.75,9.9,10.049999999999999,10.2,10.35,10.5,10.65,10.799999999999999,10.95,11.1,11.25,11.4,11.549999999999999,11.7,11.85,12.0,12.15,12.299999999999999,12.45,12.6,12.75,12.9,13.049999999999999,13.2,13.35,13.5,13.65,13.799999999999999,13.95,14.1,14.25,14.399999999999999,14.549999999999999,14.7,14.85,15.0,15.149999999999999",2007R_GLUT1_647_WGA_594_0002.nd2,2007,M,R,5.5,Homo,Experimental,0,True,88.88603473227207,False,"[13.3093343  13.7038712  14.11667873 14.63223589 15.70350941 16.64833575
 18.10691027 21.52007959 24.49565847 25.6510492  24.58990593 23.66027496
 21.625      20.9869754  20.83031838 20.85293054 20.64887844 20.39218524
 20.24891462 20.38241679 20.68270622 21.27894356 22.15593343 23.2695369
 23.85998553 25.43740955 26.1313314  26.55372648 27.6184877  28.0723589
 30.14924023 32.91570188 35.74638205 39.21002171 43.68379161 46.93469609
 48.36414616 49.04052098 51.74638205 50.72702605 56.47141823 59.20622287
 63.19301737 66.14254703 68.02134588 68.71653401 67.50578871 65.47738784
 62.59768452 60.51230101 58.42926918 53.51121563 48.58230825 41.34280029
 37.87735166 30.22214182 26.13042692 22.8684877  21.58158466 21.32977569
 20.86034732 20.45097685 19.94446454 19.49149783 19.27315485 19.06946454
 18.60039797 18.15900868 18.16009407 18.08158466 18.08719247 17.88748191
 18.08285094 17.927822   17.75235166 17.70640376 17.66515919 17.53346599
 17.60365412 17.22051375 17.49439219 17.10962373 17.20170043 17.18288712
 17.07308249 17.0853835  17.15267728 16.97503618 17.13675832 17.0396165
 16.87952243 16.80716353 16.80390738 16.73281476 16.77948625 16.81277135
 16.7632055  16.61324168 16.82272069 16.70477569 16.43759045 16.67275687]","[ 2.44500724  2.53147612  2.57344428  2.68686686  2.77134588  2.88494935
  2.96400145  3.14381331  3.47051375  3.95839363  4.56295224  4.98570912
  5.50036179  6.0459479   6.32308249  6.47720695  6.69772069  6.80698263
  7.63494935  8.41696816 10.15195369 12.86613603 15.95314761 19.14109986
 21.67637482 25.44337916 27.24077424 27.77930535 31.08592619 31.63856729
 35.21201158 39.65611433 43.39417511 47.83122287 53.07814761 56.71761939
 58.10926194 59.04974674 62.08646889 61.11505065 67.99240232 71.69536903
 77.54793777 82.64869754 86.68288712 88.88603473 88.16877713 86.34931259
 84.88766281 83.70206223 81.84641823 78.60057887 73.29703329 64.65086831
 60.05318379 47.79811867 38.8945369  29.25759768 23.11505065 22.87916064
 20.17981187 18.56765557 16.09370478 13.75361795 12.5989508  11.28672214
  9.68740955  8.87771346  7.91063676  7.57688133  7.54739508  7.62771346
  7.34515195  6.80643994  6.58031838  6.12554269  5.70839363  5.48100579
  5.2172576   5.02767728  4.90629522  4.73227207  4.81259045  4.69464544
  4.65068741  4.50904486  4.46128799  4.29504342  4.28798842  4.19337916
  4.11505065  4.20495658  4.17257598  4.10492041  4.12047757  4.0065123
  4.02007959  3.96164978  3.9077424   3.90340087  3.9343343   3.99059334]","[ 4.91027496  5.26609986  5.60781476  5.96942836  6.71002171  7.64761216
  8.29992764 11.01935601 15.75904486 30.80137482 44.65611433 49.92420405
 45.39399421 35.9142547  32.58393632 31.02387844 28.85564399 28.03057164
 24.64308973 23.45025326 21.81313314 21.0392547  21.0133864  21.25886397
 21.47304631 22.09497106 22.19337916 22.12626628 22.10274964 22.13277858
 21.54829957 20.35781476 19.38115051 18.35871925 17.46309696 16.95007236
 16.64815485 16.67275687 16.24891462 16.22467438 15.61324168 15.17872648
 14.34533285 13.48842258 12.48154848 11.71219247 11.17691751 11.08972504
 11.14634588 11.22557887 11.33285094 11.93903763 12.6183068  13.947178
 14.5128437  15.95604197 16.50271346 16.69428365 16.48552822 16.41172214
 16.16642547 16.02930535 15.53816932 15.00235166 14.68053546 14.10455861
 13.2831042  12.49095514 11.79902315 11.61306078 11.75162808 11.5461288
 11.4012301  10.98118669 10.89308973 10.4737699  10.10166425  9.81150507
  9.28346599  8.97069465  8.61396527  8.43831404  8.46201158  8.31367583
  8.21418234  7.97793054  7.74095514  7.63368307  7.28835022  7.10799566
  6.93143994  6.74294501  6.70893632  6.62789436  6.5654848   6.39924023
  6.28599855  6.16841534  6.04413893  5.94247467  5.86649783  5.69934877]","[ 0.55987699  0.6910275   0.76845152  0.85853835  1.10293054  1.3286903
  1.52188857  2.21363965  3.42872648  6.7760492   9.56096237 10.58429812
  9.93505789  8.22196093  7.53020984  7.2102026   6.723589    6.57127352
  5.7431259   5.54196816  5.24041245  5.05770622  5.09822721  5.2105644
  5.27966715  5.44681621  5.55209841  5.49855282  5.50325615  5.46888567
  5.29124457  5.00235166  4.79269175  4.59587554  4.38947178  4.35437771
  4.3093343   4.30101302  4.28418958  4.28798842  4.33248915  4.31277135
  4.32760492  4.35057887  4.09623734  3.76555716  3.46092619  3.4142547
  3.36342258  3.34298119  3.32109262  3.41751085  3.39815485  3.43614327
  3.49728654  3.56675109  3.46309696  3.34678003  3.14037627  3.12463821
  2.99674385  2.96345876  2.77206946  2.59280029  2.49511577  2.37264834
  2.20115774  2.04829957  1.90991317  1.88386397  1.87897974  1.88368307
  1.82796671  1.75958755  1.73209117  1.66787265  1.5589725   1.51700434
  1.47901592  1.39417511  1.29775687  1.28907381  1.30047033  1.27026049
  1.25832127  1.21798119  1.18596237  1.14381331  1.11143271  1.12120116
  1.03183792  1.02279305  1.02387844  0.96888567  0.97141823  0.94989146
  0.91172214  0.89236614  0.86975398  0.89001447  0.8352026   0.8089725 ]",87
84,0.15,"0.0,0.15,0.3,0.44999999999999996,0.6,0.75,0.8999999999999999,1.05,1.2,1.3499999999999999,1.5,1.65,1.7999999999999998,1.95,2.1,2.25,2.4,2.55,2.6999999999999997,2.85,3.0,3.15,3.3,3.4499999999999997,3.5999999999999996,3.75,3.9,4.05,4.2,4.35,4.5,4.6499999999999995,4.8,4.95,5.1,5.25,5.3999999999999995,5.55,5.7,5.85,6.0,6.1499999999999995,6.3,6.45,6.6,6.75,6.8999999999999995,7.05,7.199999999999999,7.35,7.5,7.6499999999999995,7.8,7.949999999999999,8.1,8.25,8.4,8.549999999999999,8.7,8.85,9.0,9.15,9.299999999999999,9.45,9.6,9.75,9.9,10.049999999999999,10.2,10.35,10.5,10.65,10.799999999999999,10.95,11.1,11.25,11.4,11.549999999999999,11.7,11.85,12.0,12.15,12.299999999999999,12.45,12.6,12.75,12.9,13.049999999999999,13.2,13.35,13.5,13.65,13.799999999999999,13.95,14.1,14.25,14.399999999999999,14.549999999999999,14.7,14.85,15.0,15.149999999999999",2007R_GLUT1_647_WGA_594_0002.nd2,2007,M,R,5.5,Homo,Experimental,0,False,3.9426487414187643,False,"[12.89645309 13.20580664 13.4367849  13.51430206 14.048627   14.45852403
 14.79891304 15.84439359 16.93592677 18.28146453 19.45509153 20.15117277
 21.56521739 23.25800915 23.91719108 24.17148169 25.277746   25.29133295
 27.78704233 29.75686499 32.60025744 36.44293478 40.10497712 42.7305492
 44.96124142 48.03575515 49.11913616 49.50872426 51.83209382 51.98898741
 54.24556636 56.33552632 57.93292334 58.91204233 58.93063501 58.46066934
 57.8903032  57.41990847 56.22139588 56.74856979 53.57594394 51.2750286
 47.1485984  43.6541762  40.06435927 36.6777746  32.91690503 30.60912471
 28.62514302 27.30735126 25.57022311 23.41304348 21.89144737 20.35311785
 19.95409039 19.00886728 18.8027746  18.38000572 18.30534897 18.2750286
 18.16075515 18.02731693 17.73698513 17.74184783 17.43649886 17.43664188
 17.57794622 17.40374714 17.33624142 17.32394165 17.33695652 17.40245995
 17.25028604 17.34339245 17.16790618 17.19336384 17.14602403 17.30234554
 17.27102403 17.18635584 16.93149314 17.07008009 17.05992563 17.10340389
 17.08452517 17.10354691 17.18292334 16.93020595 16.93978833 16.95637872
 16.79104691 16.90675057 16.83295195 16.6819222  16.77488558 16.61441648
 16.61799199 16.73026316 16.63701373 16.63644165 16.45380435 16.64573799]","[1.97768879 2.01430206 2.02817506 2.06135584 2.07994851 2.11069794
 2.18864416 2.21896453 2.44279176 2.78418192 3.19021739 3.52688787
 4.11484554 4.78546911 4.93206522 5.16004005 5.38744279 5.5187357
 5.95609268 6.34553776 6.80163043 7.01573227 6.92620137 6.65803776
 6.31750572 5.78832952 5.54991419 5.46338673 4.97997712 4.94107551
 4.50271739 4.16104119 4.05005721 3.94264874 3.80363272 3.70165904
 3.72582952 3.70394737 3.71839245 3.71653318 3.68735698 3.59367849
 3.58595538 3.58881579 3.64230549 3.68649886 3.75672197 3.77974828
 3.82022311 3.90045767 3.97611556 4.09382151 4.32565789 4.28704233
 4.29319222 4.17176773 3.95580664 3.77302632 3.6639016  3.7354119
 3.63300915 3.6478833  3.52173913 3.51959382 3.52617277 3.58066362
 3.50257437 3.60440503 3.5479119  3.54219108 3.54061785 3.58552632
 3.52331236 3.59982838 3.5569222  3.55506293 3.52517162 3.51101259
 3.51759153 3.53647025 3.51501716 3.51744851 3.52931922 3.49227689
 3.48870137 3.5291762  3.48212243 3.59396453 3.50729405 3.58552632
 3.57680206 3.64645309 3.66819222 3.74885584 3.76244279 3.8166476
 3.87771739 3.86856407 3.81078375 3.88372426 3.97883295 4.15102975]","[ 4.77417048  5.16590389  5.48798627  5.90746568  6.76086957  7.84210526
  8.68034897 11.63615561 16.22597254 27.66404462 36.52417048 39.41633295
 36.08395309 30.71939359 29.0041476  28.1576087  27.07394165 26.58037757
 24.5909611  23.68993135 22.5617849  21.32394165 20.07108124 19.15746568
 18.37757437 17.06621854 16.57322654 16.30592105 15.15060069 14.93993135
 13.6882151  12.13429634 11.2840389  10.50243135 10.05820938  9.88114989
  9.86212815  9.83009153  9.80234554  9.8020595   9.91704805 10.02245423
 10.44136156 10.96810641 11.78775744 12.65503432 13.49427918 13.84210526
 14.1624714  14.38629863 14.62171053 15.1639016  15.6583238  16.62557208
 17.04633867 17.6444508  17.51358696 16.67977689 15.91890732 15.87242563
 15.47511442 15.15675057 14.62070938 14.20580664 13.68764302 13.32179634
 12.59053204 11.94193364 11.33595538 11.19393593 11.29662471 11.19479405
 11.00371854 10.57894737 10.50514874 10.13443936  9.71982265  9.4846968
  9.05677918  8.85998284  8.58810069  8.46782037  8.50572082  8.29519451
  8.23727117  8.10769451  7.88586957  7.70008581  7.42663043  7.12156751
  6.99385011  6.7889016   6.7409897   6.61541762  6.58509725  6.40317506
  6.29805492  6.1347254   6.03589817  5.92076659  5.80878146  5.65260297]","[0.47325515 0.5812357  0.66361556 0.75300343 0.98155034 1.16204233
 1.34267735 1.90303204 2.68878719 4.57165332 5.87399886 6.47296911
 6.62643021 6.4416476  6.34410755 6.3125     6.21953661 6.20480549
 6.12242563 6.034754   5.96896453 5.78532609 5.59911327 5.37056636
 5.27345538 4.96567506 4.875      4.82079519 4.54462243 4.47425629
 4.12228261 3.70895309 3.42977689 3.11327231 2.84482265 2.74613844
 2.67090961 2.61484554 2.59196224 2.54891304 2.49713959 2.47926201
 2.48498284 2.5007151  2.62256865 2.68792906 2.77245423 2.80663616
 2.82851831 2.80520595 2.85469108 2.8701373  2.86255721 2.90589245
 2.88858696 2.84196224 2.75729405 2.60297483 2.43163616 2.45709382
 2.37242563 2.35411899 2.28089245 2.16004005 2.13529748 2.06836384
 1.96324371 1.82837529 1.76001144 1.74241991 1.72911899 1.71424485
 1.722254   1.66833524 1.63672769 1.60726545 1.52960526 1.49756865
 1.44479405 1.36169908 1.31407323 1.28375286 1.31850686 1.25500572
 1.24227689 1.21395881 1.16747712 1.13987414 1.08566934 1.05606407
 1.01859268 1.00915332 0.9909897  0.93807208 0.94679634 0.92877574
 0.89116133 0.85569222 0.8312357  0.81721968 0.77803204 0.75786613]",88
85,0.15,"0.0,0.15,0.3,0.44999999999999996,0.6,0.75,0.8999999999999999,1.05,1.2,1.3499999999999999,1.5,1.65,1.7999999999999998,1.95,2.1,2.25,2.4,2.55,2.6999999999999997,2.85,3.0,3.15,3.3,3.4499999999999997,3.5999999999999996,3.75,3.9,4.05,4.2,4.35,4.5,4.6499999999999995,4.8,4.95,5.1,5.25,5.3999999999999995,5.55,5.7,5.85,6.0,6.1499999999999995,6.3,6.45,6.6,6.75,6.8999999999999995,7.05,7.199999999999999,7.35,7.5,7.6499999999999995,7.8,7.949999999999999,8.1,8.25,8.4,8.549999999999999,8.7,8.85,9.0,9.15,9.299999999999999,9.45,9.6,9.75,9.9,10.049999999999999,10.2,10.35,10.5,10.65,10.799999999999999,10.95,11.1,11.25,11.4,11.549999999999999,11.7,11.85,12.0,12.15,12.299999999999999,12.45,12.6,12.75,12.9,13.049999999999999,13.2,13.35,13.5,13.65,13.799999999999999,13.95,14.1,14.25,14.399999999999999,14.549999999999999,14.7,14.85,15.0,15.149999999999999",2007R_GLUT1_647_WGA_594_0002.nd2,2007,M,R,5.5,Homo,Experimental,0,False,3.94686928702011,False,"[12.74508684 12.89213894 13.0161106  13.35329068 13.6696755  14.25251371
 14.67515996 15.97931901 17.04730347 18.02182358 18.36688757 18.37180073
 18.35169104 18.37819927 18.2106947  18.28302102 18.19252742 18.27285192
 18.32141225 18.4077925  18.56581353 18.68909963 19.0166819  19.26211152
 19.40516453 19.88973949 20.2375457  20.52239488 21.03576325 21.45715265
 22.36631627 25.75856947 29.09460695 34.71035192 40.78827697 44.06078611
 45.22017824 45.84369287 48.33192413 47.78804845 51.20555302 52.76085466
 54.64716636 55.86917276 55.94572669 54.75159963 51.91419104 49.81489945
 47.5226234  45.61677331 43.82803931 39.51062614 35.03999086 29.14910878
 26.80792962 22.94618373 21.27993601 20.13962523 19.63471207 19.58420932
 19.34175046 19.00137112 18.81615631 18.65642139 18.30164534 18.37134369
 18.04696069 17.77045247 17.7845064  17.76039762 17.67493144 17.48526051
 17.61585923 17.51519653 17.51473949 17.4940585  17.59940585 17.37854205
 17.32472578 17.25194241 17.23377514 17.15013711 17.07072669 17.20109689
 17.22017824 17.13162706 17.08889397 17.01793876 16.86300274 16.93224406
 16.92116088 16.95943784 16.86928702 16.83066728 16.93395795 16.88996801
 16.79787477 16.64670932 16.76428245 16.58489488 16.65790676 16.63448355]","[ 2.01313985  2.0678702   2.07598263  2.14019653  2.2036106   2.26039762
  2.28427788  2.3970521   2.68761426  3.148766    3.70978062  4.06078611
  4.88322669  5.85763254  6.18258684  6.5786106   6.93738574  7.37088665
  8.61277422  9.5613574  11.1464808  12.4089351  13.05267367 13.45383912
 13.57941042 13.50022852 13.48446069 13.45143967 13.12739945 13.0172532
 12.47611974 12.15059415 11.76176874 11.11140311  9.65744973  8.6827011
  8.36014625  8.09712066  7.44504113  7.58489488  6.50319927  5.82392596
  4.98548903  4.44641225  3.94686929  3.66807587  3.56467093  3.52879342
  3.53850548  3.52445155  3.47611974  3.55050274  3.59277879  3.71023766
  3.65996344  3.64316728  3.62271481  3.58843693  3.62922761  3.6320841
  3.5636426   3.57826782  3.54136197  3.5047989   3.51428245  3.4934872
  3.50194241  3.48857404  3.45680987  3.44446984  3.44801188  3.50079982
  3.46263711  3.45555302  3.46709324  3.46275137  3.4779479   3.46869287
  3.47909049  3.47760512  3.53542048  3.52490859  3.56741316  3.52113803
  3.51085466  3.51325411  3.57815356  3.59083638  3.64979433  3.60923218
  3.61780165  3.66921846  3.63402651  3.63425503  3.62705667  3.64910878
  3.76234004  3.85191956  3.85100548  4.07541133  4.24485832  4.51336837]","[ 4.99074497  5.45029707  5.80575868  6.17378885  7.00251371  8.02182358
  8.87842779 12.00468464 17.52627971 34.76085466 48.12237203 51.15379342
 44.19264168 35.77787934 33.91750457 32.84689214 32.14533821 31.48446069
 30.26382541 29.42927331 27.68384369 26.04364717 24.99782907 24.48731718
 23.96160878 23.30690128 23.0808958  22.97577697 22.42641682 22.38025594
 21.95441042 21.55975777 21.28542048 20.70852377 19.47417733 18.44561243
 17.976234   17.57118373 16.71218007 16.8761426  14.93315814 13.88951097
 12.70383912 11.79547532 11.03667733 10.71023766 10.82335466 11.02639397
 11.40927788 11.63414077 11.91076325 12.69332724 13.675617   15.15059415
 15.73560329 16.99108775 17.48537477 17.77422303 17.83946527 17.77593693
 17.61071755 17.42801645 17.02982176 16.39465265 15.99554388 15.42881627
 14.49428702 13.77925046 12.90562157 12.68555759 12.81170018 12.65619287
 12.50388483 11.94115631 11.78370658 11.25445612 10.79296161 10.52707952
 10.00776965  9.70760969  9.40664991  9.20429616  9.22531993  9.0161106
  8.92893053  8.68361517  8.37762797  8.2839351   7.83500914  7.56524223
  7.39510969  7.18350091  7.09003656  6.95315356  6.91396252  6.70840951
  6.60728976  6.43110146  6.30884369  6.19686929  6.04821755  5.86803016]","[0.50856947 0.62317185 0.6934415  0.79353291 0.96937843 1.17710238
 1.32952468 1.92310329 2.92527422 5.80153108 7.91453382 8.57826782
 8.31101463 7.62819927 7.48091865 7.33843693 7.30838665 7.20178245
 6.97074954 6.79033364 6.42058958 5.96035192 5.62568556 5.29878885
 5.07849634 4.82986746 4.75091408 4.70555302 4.5327925  4.42344607
 4.30838665 4.16647623 4.10843236 4.05735832 3.87157221 3.67698812
 3.60363346 3.51828154 3.31627057 3.37694241 2.97097806 2.79284735
 2.56661335 2.37431444 2.18624314 2.08078154 2.08340951 2.12111517
 2.15253656 2.1922989  2.23880256 2.37134369 2.48960238 2.70155393
 2.79159049 2.86083181 2.88654022 2.82369744 2.74817185 2.76313985
 2.6696755  2.67527422 2.57118373 2.48171846 2.41441956 2.34140768
 2.1976691  2.05335923 1.93727148 1.89499543 1.92653108 1.89213894
 1.88128428 1.79147623 1.74965722 1.68132998 1.61391682 1.56170018
 1.49188757 1.49782907 1.39385283 1.37545704 1.41898995 1.37534278
 1.35043419 1.30804388 1.28039305 1.23548903 1.17550274 1.12340037
 1.07106947 1.07746801 1.05073126 1.00856947 1.00422761 0.98377514
 0.94001371 0.9035649  0.89728062 0.86974406 0.83672303 0.79958867]",89
86,0.15,"0.0,0.15,0.3,0.44999999999999996,0.6,0.75,0.8999999999999999,1.05,1.2,1.3499999999999999,1.5,1.65,1.7999999999999998,1.95,2.1,2.25,2.4,2.55,2.6999999999999997,2.85,3.0,3.15,3.3,3.4499999999999997,3.5999999999999996,3.75,3.9,4.05,4.2,4.35,4.5,4.6499999999999995,4.8,4.95,5.1,5.25,5.3999999999999995,5.55,5.7,5.85,6.0,6.1499999999999995,6.3,6.45,6.6,6.75,6.8999999999999995,7.05,7.199999999999999,7.35,7.5,7.6499999999999995,7.8,7.949999999999999,8.1,8.25,8.4,8.549999999999999,8.7,8.85,9.0,9.15,9.299999999999999,9.45,9.6,9.75,9.9,10.049999999999999,10.2,10.35,10.5,10.65,10.799999999999999,10.95,11.1,11.25,11.4,11.549999999999999,11.7,11.85,12.0,12.15,12.299999999999999,12.45,12.6,12.75,12.9,13.049999999999999,13.2,13.35,13.5,13.65,13.799999999999999,13.95,14.1,14.25,14.399999999999999,14.549999999999999,14.7,14.85,15.0,15.149999999999999",2007R_GLUT1_647_WGA_594_0002.nd2,2007,M,R,5.5,Homo,Experimental,0,False,4.202994751466502,False,"[12.9660389  13.34949058 13.39672738 13.69404137 14.08088916 14.53380673
 14.84995369 15.90583513 16.85983328 18.49428836 19.43084285 19.79700525
 20.97514665 22.4394875  23.25470824 23.82124112 24.24884224 24.86199444
 27.15189873 28.55557271 31.41247299 34.13553566 36.65838222 38.59833282
 40.54569312 43.33004014 45.1255017  45.73849954 49.15714727 49.39472059
 53.55001544 58.16502007 61.05850571 64.1072862  66.90768756 67.14279098
 66.70515591 66.60404446 65.68678605 65.6776783  61.23958012 57.42821859
 52.8164557  48.1284347  42.86014202 37.84532263 32.72136462 30.46449521
 28.3956468  27.08953381 25.73386848 23.89101575 22.16162396 20.7539364
 20.21627045 19.55248533 18.92821859 18.70438407 18.421272   18.39688175
 18.29468972 18.24081507 17.9188021  18.11562211 17.8272615  17.72970052
 17.60821241 17.43300401 17.57162705 17.51373881 17.39672738 17.47823402
 17.43516517 17.30564989 17.36446434 17.23494906 17.28388391 17.29021303
 17.30256252 17.20268601 17.115159   17.01945045 17.12287743 17.20392096
 17.04569312 17.11546774 17.02253782 17.03874653 17.04507564 17.05202223
 16.87619636 16.86245755 16.69651127 16.71194813 16.88792837 16.95940105
 16.7618092  16.85288669 16.89873418 16.70438407 16.87372646 16.72213646]","[1.9138623  1.95770299 1.93809818 2.03056499 2.02778635 2.11917258
 2.13831429 2.24498302 2.45245446 2.91772152 3.42405063 3.79067613
 4.62148811 5.5944736  5.77014511 6.09833282 6.37588762 6.59046002
 7.27446743 7.86508182 8.34285273 8.66702686 8.18045693 8.00571164
 7.91370793 7.81028095 7.78758876 7.75301019 7.54353195 7.56668725
 7.06112998 6.05418339 5.40043223 4.84393331 4.36384687 4.20299475
 4.16116085 4.11685705 4.05372028 4.04939796 3.90027786 3.82170423
 3.74513739 3.79901204 3.72198209 3.80209941 3.85813523 3.86261192
 3.87557888 3.88005557 3.88314295 3.90568077 3.82787897 3.8902439
 3.83559741 3.72584131 3.69296079 3.654523   3.62828033 3.66548317
 3.53720284 3.61546774 3.51404755 3.46511269 3.4709787  3.45862921
 3.39641865 3.42991664 3.42080889 3.35937018 3.40784193 3.40460019
 3.38159926 3.37912936 3.37310898 3.36955851 3.3981167  3.38113615
 3.36863229 3.38623032 3.43408459 3.41355357 3.46727385 3.40197592
 3.36307502 3.41031182 3.44180303 3.45646805 3.47452918 3.4975301
 3.53920963 3.59431923 3.5654523  3.60404446 3.59925903 3.71858598
 3.71287434 3.7829577  3.85304106 4.07919111 4.21688793 4.33189256]","[ 4.90583513  5.37280025  5.6934239   6.13692498  7.06962025  8.19898117
  9.17860451 12.57456005 17.74405681 31.87743131 42.10682309 45.00478543
 41.13754245 35.25316456 33.41432541 32.39904291 31.27107132 30.5782649
 28.0629824  26.84100031 24.7170423  22.66162396 20.82062365 19.65560358
 18.74590923 17.69620253 17.29916641 16.99552331 16.0944736  15.94056808
 14.70577339 13.08829886 11.9478234  10.89147885 10.05588144  9.7721519
  9.67304724  9.6023464   9.55541834  9.54847175  9.55032417  9.7199753
 10.12735412 10.68014819 11.65050942 12.88036431 14.6806113  15.55186786
 16.35736338 16.91756715 17.21287434 17.89333128 18.57841927 19.22151899
 19.43130596 19.75007718 19.733251   19.24868787 18.64695894 18.5443038
 18.11932695 17.8636925  17.18400741 16.49722136 15.99799321 15.39688175
 14.39333128 13.51698055 12.61083668 12.37372646 12.50154369 12.35690028
 12.21302871 11.62457549 11.49397962 10.98533498 10.49073788 10.19496758
  9.71534424  9.45538747  9.0841309   8.8976536   8.90321087  8.69759185
  8.59292992  8.37341772  8.08737265  7.92698364  7.51790676  7.28125965
  7.14819389  6.92852732  6.84825563  6.7618092   6.72090151  6.48070392
  6.41370793  6.21688793  6.09632603  5.98363692  5.81799938  5.68585983]","[0.4921272  0.57656684 0.66579191 0.75563446 0.96789132 1.14618709
 1.33528867 1.93979623 2.82664403 4.94627972 6.44272924 6.98008645
 6.88329731 6.4867243  6.30256252 6.12812596 6.06637851 6.00617475
 5.65267058 5.48410003 5.08474838 4.71688793 4.33791294 4.04414943
 3.93439333 3.71858598 3.59864156 3.55958629 3.43130596 3.33636925
 3.20392096 2.94921272 2.80580426 2.62102501 2.46696511 2.40969435
 2.39950602 2.33590614 2.32077802 2.32401976 2.2564063  2.27415869
 2.35952454 2.47437481 2.6333745  2.82880519 3.05356592 3.17736956
 3.24004322 3.29978388 3.31583822 3.39919728 3.40784193 3.41741278
 3.38082742 3.34439642 3.1963569  3.01420191 2.8636925  2.85612843
 2.769682   2.77616548 2.64479778 2.52006792 2.4813214  2.37048472
 2.19033652 2.11685705 1.99907379 1.96634764 1.97916023 1.97545539
 1.94627972 1.85443038 1.81043532 1.74668107 1.67906761 1.59184934
 1.52423588 1.50617475 1.41926521 1.39117011 1.40830503 1.37897499
 1.32988577 1.26304415 1.25084903 1.17644335 1.12210559 1.08984254
 1.0551096  1.05372028 1.0368941  1.00108058 0.99552331 0.97159617
 0.93037975 0.90074097 0.87959247 0.86508182 0.83389935 0.80595863]",90
87,0.15,"0.0,0.15,0.3,0.44999999999999996,0.6,0.75,0.8999999999999999,1.05,1.2,1.3499999999999999,1.5,1.65,1.7999999999999998,1.95,2.1,2.25,2.4,2.55,2.6999999999999997,2.85,3.0,3.15,3.3,3.4499999999999997,3.5999999999999996,3.75,3.9,4.05,4.2,4.35,4.5,4.6499999999999995,4.8,4.95,5.1,5.25,5.3999999999999995,5.55,5.7,5.85,6.0,6.1499999999999995,6.3,6.45,6.6,6.75,6.8999999999999995,7.05,7.199999999999999,7.35,7.5,7.6499999999999995,7.8,7.949999999999999,8.1,8.25,8.4,8.549999999999999,8.7,8.85,9.0,9.15,9.299999999999999,9.45,9.6,9.75,9.9,10.049999999999999,10.2,10.35,10.5,10.65,10.799999999999999,10.95,11.1,11.25,11.4,11.549999999999999,11.7,11.85,12.0,12.15,12.299999999999999,12.45,12.6,12.75,12.9,13.049999999999999,13.2,13.35,13.5,13.65,13.799999999999999,13.95,14.1,14.25,14.399999999999999,14.549999999999999,14.7,14.85,15.0,15.149999999999999",2007R_GLUT1_647_WGA_594_0002.nd2,2007,M,R,5.5,Homo,Experimental,0,False,5.0740561471442405,False,"[13.24991933 13.63810907 13.83688287 14.11552114 14.71990965 15.43562439
 16.05953533 18.09745079 20.3076799  22.34930623 22.26605357 21.93965795
 20.96482736 20.45417877 20.46418199 20.36947402 20.29557922 20.31397225
 20.24443369 20.48806066 21.01613424 22.08422072 23.38367215 24.57228138
 25.52791223 27.53033237 28.79654727 29.38286544 31.67989674 32.37108745
 36.02710552 41.70764763 46.97531462 53.7399161  61.33026783 64.85091965
 65.8191352  66.36899    67.63794773 67.38012262 67.29945144 66.69861246
 64.51226202 61.49031946 57.02371733 52.40383995 47.7749274  45.16940949
 41.96498871 40.27605679 38.14407874 33.92884802 29.77734753 25.2536302
 23.65375928 21.46014843 20.28315586 19.56114876 18.87721846 18.93626976
 18.72394321 18.58857696 18.49532107 18.34172314 17.97402388 18.08163924
 17.7220071  17.62278154 17.50080671 17.52355599 17.37366893 17.51339142
 17.50790578 17.3994837  17.26040658 17.16989351 17.20506615 17.11455308
 16.97289448 16.85850274 16.79444982 16.90045176 16.90755082 16.87544369
 16.93159084 16.7863827  16.60309777 16.80913198 16.74007744 16.55453372
 16.79154566 16.6363343  16.67263633 16.51419813 16.58728622 16.55921265
 16.66569861 16.47241045 16.63375282 16.67344305 16.37366893 16.56647306]","[ 1.9619232   2.01435947  2.02791223  2.08276864  2.11455308  2.1660213
  2.23120361  2.33026783  2.62407228  3.09793482  3.64294934  4.13052598
  5.17215231  6.29557922  6.72587932  7.13714101  7.64908035  7.81268151
  8.81881252  9.33171991  9.57986447  9.6405292   9.72168441 10.06098742
 10.45708293 10.9482091  11.27073249 11.26379477 11.57873508 11.62100678
 11.66924814 10.52758955  9.15488867  7.70990642  6.42271701  5.88738303
  5.71797354  5.55372701  5.07405615  5.15359793  4.69990319  4.4607938
  4.34527267  4.26686028  4.16327848  4.19296547  4.20167796  4.11568248
  4.12858987  4.12407228  4.07889642  3.95321071  3.9958051   3.90884156
  3.83446273  3.80300097  3.74540174  3.74717651  3.79880607  3.84737012
  3.74749919  3.76492417  3.82929977  3.75863182  3.75685705  3.75798645
  3.68054211  3.66537593  3.71151985  3.61487577  3.5940626   3.64020652
  3.6172959   3.65666344  3.58599548  3.62568571  3.63891578  3.68699581
  3.62245886  3.59228783  3.56808648  3.54630526  3.52081317  3.55485641
  3.54630526  3.50403356  3.54372378  3.62165215  3.70845434  3.84527267
  3.88141336  3.99193288  3.970313    3.91529526  3.84543401  3.76185866
  3.7368506   3.64407874  3.67925137  3.76411746  3.79009358  3.83801226]","[ 4.92771862  5.34559535  5.71442401  6.06082607  6.89883833  7.8457567
  8.6744111  11.67634721 16.86769926 33.39335269 46.15972894 49.85350113
 44.59793482 37.22604066 35.244111   34.03130042 32.79348177 32.08228461
 29.47692804 28.1321394  26.09422394 24.62358825 23.58131655 22.8857696
 22.34898354 21.44369151 21.13407551 21.00258148 20.36995805 20.2421749
 19.32010326 17.99951597 16.95788964 15.43546305 13.65456599 12.5982575
 12.19328816 11.83898032 11.06776379 11.28493062 10.13956115  9.69409487
  9.58083253  9.74346563 10.2547596  10.98612456 11.72991288 12.02726686
 12.56598903 12.73249435 13.08018716 13.7600839  14.50484027 15.61100355
 16.11923201 17.2124879  17.36076154 16.89819297 16.07599226 16.00822846
 15.48886738 15.1374637  14.37383027 13.67344305 13.13117135 12.64343337
 11.92481446 11.21861891 10.6005163  10.40690545 10.54453049 10.40561471
 10.23765731  9.82655695  9.72555663  9.41142304  9.06857051  8.85204905
  8.4154566   8.20490481  7.95740561  7.83720555  7.81736044  7.64069055
  7.5993869   7.41803808  7.1923201   7.03484995  6.79332043  6.60858341
  6.48289771  6.33268796  6.34446596  6.19474024  6.19506292  6.04485318
  6.00129074  5.86237496  5.83075186  5.70103259  5.61987738  5.46853824]","[ 0.62923524  0.73862536  0.83881897  0.94917715  1.19264279  1.41836076
  1.60987415  2.29154566  3.36156825  6.53097773  9.00596967 10.02871894
 10.77476605 10.89351404 10.78815747 10.74556308 10.60584059 10.39932236
  9.60584059  8.96902227  7.80558245  6.86915134  6.27976767  5.92336237
  5.69990319  5.36608583  5.32187803  5.24830591  4.99403033  4.92368506
  4.76363343  4.57034527  4.36269764  4.13343014  3.7779929   3.65392062
  3.51597289  3.48434979  3.33736689  3.37673443  3.19667635  3.12552436
  3.10809939  3.16053566  3.30171023  3.44127138  3.60955147  3.71861891
  3.74023879  3.74298161  3.80848661  3.73814134  3.69893514  3.59664408
  3.59712811  3.43239755  3.18764117  2.86172959  2.59664408  2.63585027
  2.48644724  2.41594063  2.28154243  2.1195547   2.04243304  1.95385608
  1.81848984  1.71571475  1.61519845  1.60761536  1.60713133  1.59567602
  1.56147144  1.51242336  1.47192643  1.44385286  1.36560181  1.28363988
  1.2421749   1.2155534   1.15182317  1.12116812  1.17263633  1.13810907
  1.11681187  1.07696031  1.03985157  1.01500484  0.95450145  0.94320749
  0.91981284  0.90141981  0.90158116  0.86092288  0.84123911  0.83607615
  0.8191352   0.77234592  0.77299129  0.75701839  0.73120361  0.69603098]",91
88,0.15,"0.0,0.15,0.3,0.44999999999999996,0.6,0.75,0.8999999999999999,1.05,1.2,1.3499999999999999,1.5,1.65,1.7999999999999998,1.95,2.1,2.25,2.4,2.55,2.6999999999999997,2.85,3.0,3.15,3.3,3.4499999999999997,3.5999999999999996,3.75,3.9,4.05,4.2,4.35,4.5,4.6499999999999995,4.8,4.95,5.1,5.25,5.3999999999999995,5.55,5.7,5.85,6.0,6.1499999999999995,6.3,6.45,6.6,6.75,6.8999999999999995,7.05,7.199999999999999,7.35,7.5,7.6499999999999995,7.8,7.949999999999999,8.1,8.25,8.4,8.549999999999999,8.7,8.85,9.0,9.15,9.299999999999999,9.45,9.6,9.75,9.9,10.049999999999999,10.2,10.35,10.5,10.65,10.799999999999999,10.95,11.1,11.25,11.4,11.549999999999999,11.7,11.85,12.0,12.15,12.299999999999999,12.45,12.6,12.75,12.9,13.049999999999999,13.2,13.35,13.5,13.65,13.799999999999999,13.95,14.1,14.25,14.399999999999999,14.549999999999999,14.7,14.85,15.0,15.149999999999999",2007R_GLUT1_647_WGA_594_0002.nd2,2007,M,R,5.5,Homo,Experimental,0,False,4.095532539805225,False,"[13.0456021  13.21162467 13.50796104 13.68758695 14.20930592 14.71773072
 15.06384294 16.21069717 17.54737981 19.13294172 20.3621889  20.62343484
 21.66563611 22.85268202 23.53516772 24.08440254 24.6341011  25.09275004
 27.14669964 28.58030608 31.32230638 34.69346112 38.05735044 40.61199567
 42.82686659 45.89271912 47.61230484 48.05240377 50.71912197 51.18117174
 53.64832277 55.64971402 55.97263874 55.4357706  53.3612614  51.77755449
 50.84155202 50.25506261 48.85376411 49.03941877 46.24377802 44.59808317
 42.35816973 40.45292936 38.48446437 36.66424486 34.39032308 33.0912042
 31.77214407 30.57953316 29.3193693  26.47503478 23.84804452 21.33637347
 20.67058278 19.43252435 18.95115165 18.2895347  18.00200958 18.06848045
 17.93816664 17.88777245 17.56283815 17.49312104 17.37362807 17.19245633
 17.25645386 17.01932292 17.11593755 17.07744628 16.96970165 17.0428196
 16.82300201 16.98036791 16.82423868 16.79023033 16.74617406 16.8426341
 16.63858402 16.68032153 16.68372237 16.76766115 16.46204978 16.62328026
 16.51429896 16.65527902 16.54057814 16.40609059 16.43360643 16.5931365
 16.47055186 16.43314268 16.46344103 16.34332973 16.46746019 16.12784047
 16.52620189 16.39341475 16.17437007 16.13989797 16.28505179 16.18519091]","[1.89905704 1.92765497 1.90833205 1.9571804  1.98206833 2.00108208
 2.02566084 2.0828567  2.27593136 2.57860566 2.89596537 3.14469006
 3.48214562 3.70567321 3.73380739 3.80738909 3.8491266  3.87880662
 3.98114083 4.04606585 4.17607049 4.29571804 4.27964137 4.36450765
 4.28474262 4.2494976  4.20513217 4.21796259 4.05039419 4.03369918
 3.94713248 3.98237749 4.09553254 4.0707992  3.89179162 3.74122739
 3.72870614 3.70969238 3.71742155 3.60488484 3.61601484 3.62111609
 3.66115319 3.66439944 3.70149946 3.78420158 3.70490029 3.74555573
 3.72793322 3.67846653 3.70567321 3.71943113 3.7280878  3.91760705
 3.94203123 4.22012676 4.3631164  4.27515845 4.13835214 4.20961509
 4.06044211 4.05765961 3.98856083 3.9953625  3.90153038 3.9152883
 3.80058742 3.69778946 3.61153192 3.56654815 3.58185191 3.57721441
 3.59097233 3.55108981 3.50579688 3.4887927  3.5279023  3.4906477
 3.49296646 3.5176998  3.53377647 3.56268357 3.55418148 3.54459731
 3.50456021 3.52867522 3.57628691 3.57876024 3.55387231 3.59931983
 3.59329108 3.68480445 3.60163858 3.69268821 3.66980986 3.72406864
 3.84186118 3.82176534 3.81527284 3.89905704 3.93368372 4.10078838]","[ 4.80367908  5.21147009  5.49343021  5.8296491   6.60194775  7.5549544
  8.36759932 11.27871387 16.25228011 32.05302211 44.40609059 46.99969083
 39.44891019 29.96985624 27.40330808 25.98083166 24.68573195 23.93275622
 22.22801051 21.62528984 20.73628072 19.84278868 18.88143453 18.17236049
 17.4292781  16.28180553 15.74787448 15.48863812 14.44705519 14.25197094
 13.0511671  11.92394497 11.15396506 10.34039264  9.75158448  9.40717267
  9.30684804  9.25274386  9.08332045  9.07713712  9.13773381  9.30097388
  9.69315196 10.28876179 11.34487556 12.41629309 13.62961818 14.09475962
 14.60380275 15.02442418 15.1518009  15.71031071 16.16138507 16.64878652
 16.84387077 17.00664709 16.9292008  16.49404854 15.77848199 15.7271603
 15.34101098 14.96861957 14.33080847 13.5167723  13.17050549 12.59978358
 11.85067244 11.25629927 10.52620189 10.33467306 10.50718813 10.30592054
 10.25413511  9.76982532  9.64383985  9.2420776   8.83598701  8.64785902
  8.23202968  8.07713712  7.82454784  7.66903695  7.65867986  7.55804607
  7.42170351  7.33730097  7.09290462  6.94527748  6.69284279  6.52079147
  6.41876642  6.30561138  6.30329263  6.18611841  6.15721132  6.02025043
  5.96135415  5.78080074  5.7262328   5.60194775  5.52110063  5.38352141]","[0.47271603 0.56005565 0.62266193 0.70984696 0.89534704 1.03509043
 1.25784511 1.81125367 2.7225228  5.23805843 6.92147163 7.33158139
 6.804452   5.9273458  5.7188128  5.5660844  5.48647395 5.34719431
 5.24779719 5.13510589 4.90153038 4.56453857 4.18008966 3.8724687
 3.61230484 3.24315968 3.06631628 3.05874169 2.74617406 2.68944195
 2.41582934 2.13912506 1.98299583 1.83227701 1.69778946 1.65156902
 1.66532694 1.61493276 1.61539651 1.5987015  1.58834441 1.62590818
 1.66254444 1.74725614 1.88097078 1.99706292 2.14051631 2.19508425
 2.21456176 2.26449219 2.27144845 2.34085639 2.36852682 2.44272685
 2.44999227 2.45741227 2.41737517 2.28597929 2.1712784  2.208533
 2.13510589 2.09491421 2.03339001 1.95501623 1.88282578 1.806307
 1.70242696 1.60117483 1.51739063 1.49142062 1.50517854 1.50085021
 1.48477354 1.41474726 1.36079765 1.33219972 1.25583552 1.19910342
 1.15705673 1.13819756 1.08177462 1.04390168 1.08084712 1.05178544
 1.04637502 0.99629    0.98531458 0.9525429  0.9125058  0.90261246
 0.85701036 0.86628536 0.86211161 0.82794868 0.83366826 0.81790076
 0.797032   0.75946823 0.74818365 0.71803988 0.71432988 0.6861957 ]",92
89,0.15,"0.0,0.15,0.3,0.44999999999999996,0.6,0.75,0.8999999999999999,1.05,1.2,1.3499999999999999,1.5,1.65,1.7999999999999998,1.95,2.1,2.25,2.4,2.55,2.6999999999999997,2.85,3.0,3.15,3.3,3.4499999999999997,3.5999999999999996,3.75,3.9,4.05,4.2,4.35,4.5,4.6499999999999995,4.8,4.95,5.1,5.25,5.3999999999999995,5.55,5.7,5.85,6.0,6.1499999999999995,6.3,6.45,6.6,6.75,6.8999999999999995,7.05,7.199999999999999,7.35,7.5,7.6499999999999995,7.8,7.949999999999999,8.1,8.25,8.4,8.549999999999999,8.7,8.85,9.0,9.15,9.299999999999999,9.45,9.6,9.75,9.9,10.049999999999999,10.2,10.35,10.5,10.65,10.799999999999999,10.95,11.1,11.25,11.4,11.549999999999999,11.7,11.85,12.0,12.15,12.299999999999999,12.45,12.6,12.75,12.9,13.049999999999999,13.2,13.35,13.5,13.65,13.799999999999999,13.95,14.1,14.25,14.399999999999999,14.549999999999999,14.7,14.85,15.0,15.149999999999999",2007R_GLUT1_647_WGA_594_0002.nd2,2007,M,R,5.5,Homo,Experimental,0,False,2.8913258249357834,False,"[14.27622999 14.73246394 15.14305473 15.66370283 16.77296977 17.73068564
 18.63465718 21.36909702 24.54949615 29.79569255 33.54534677 35.30468287
 37.91879075 39.96186524 40.93400514 41.51847461 42.17249555 42.10195614
 44.07528156 44.82809721 46.48113021 48.29717447 50.55562142 52.11183561
 53.91108477 55.98103142 57.01343608 57.20885201 59.05611539 59.29164197
 61.09583086 63.29164197 63.17407627 62.38391622 60.55838767 58.40821972
 58.14305473 56.77751433 55.21063031 55.40347757 51.24975301 48.35111638
 44.921557   41.45623395 36.80616479 32.48863861 28.13258249 26.05058289
 24.31673582 23.26812883 22.14918    20.80359613 20.06421656 19.2313772
 18.76743727 18.04307449 17.73009287 17.47540012 17.03892511 17.2369097
 17.08002371 16.95732069 16.83224659 16.61292235 16.60738984 16.61055127
 16.54811302 16.4346967  16.32898637 16.2331555  16.36020549 16.39340051
 16.36988737 16.25706382 16.12724758 16.30112626 16.11144043 16.15372456
 16.07409603 15.77514325 15.98774946 15.96680498 15.94823157 15.88875716
 16.09839953 16.03319502 15.90713298 15.96996641 16.12211025 15.95159059
 15.83007311 15.9794507  15.86247777 15.97786999 15.66686426 15.7407627
 15.57202134 15.97411579 15.6437463  15.65777514 15.72673385 15.48369887]","[1.8358032  1.8638609  1.85773563 1.87927287 1.89942699 1.88875716
 1.93519067 1.99031812 2.15214385 2.4422051  2.79233353 2.95573997
 3.20924718 3.26160838 3.19837977 3.25903972 3.26378186 3.23256273
 3.17881842 3.17704011 3.12645722 3.10946453 3.02311796 2.95139301
 2.9924916  2.92847263 2.95870381 2.91701245 2.87413555 2.88697886
 2.88085359 2.83323454 2.89132582 2.9887374  3.05907923 3.03457815
 3.11144043 3.20213397 3.26694329 3.21655799 3.33115985 3.36593559
 3.36791148 3.40960285 3.4514918  3.49397352 3.3825331  3.42382928
 3.42580518 3.47480735 3.4459593  3.51472041 3.50148192 3.41948232
 3.39102944 3.38767042 3.36297174 3.26832642 3.34914049 3.37146809
 3.26516499 3.34064414 3.22070737 3.25251926 3.28531911 3.32977672
 3.34558388 3.36514523 3.54593954 3.48863861 3.45820984 3.49753013
 3.52440229 3.58111045 3.55048409 3.57439241 3.54574195 3.49476388
 3.50543371 3.44872555 3.43410393 3.51886979 3.49278799 3.46374234
 3.43509188 3.52776131 3.47619048 3.52578542 3.59237305 3.59039715
 3.57577554 3.60007904 3.60403082 3.63663308 3.6156886  3.72791938
 3.76467101 3.71883027 3.79648291 3.76546137 3.79628532 3.90574985]","[ 4.78126852  5.10926694  5.41276428  5.68682079  6.37798854  7.21023513
  7.83264177 10.21695317 14.10432721 26.03319502 36.7387868  40.60580913
 37.6287295  30.84627544 28.67061845 27.64335112 26.41078838 25.82157676
 23.80853586 22.88223671 21.17407627 19.61588619 17.76980834 16.63900415
 15.80616479 14.7014424  14.13969571 13.96048212 13.1734835  13.01659751
 12.35526576 11.55799249 11.2015412  10.83698874 10.78640585 10.93420273
 10.94744122 10.96917605 11.11499704 11.09583086 11.49515906 11.93064612
 12.39754989 12.95099783 13.7182375  14.49456629 15.55166963 16.32602253
 17.12171508 17.47796878 17.92946058 18.65599684 19.15214385 18.95198577
 18.44200751 17.45682671 16.59652243 15.48172298 14.70499901 14.71428571
 14.30132385 14.04465521 13.33155503 12.72732662 12.23414345 11.8340249
 11.21754594 10.66034381 10.08278996  9.92807746 10.05670816  9.89942699
  9.8749259   9.48448923  9.37107291  9.07864058  8.6362379   8.47480735
  8.16261608  7.96799052  7.78087335  7.63110057  7.66311006  7.51155898
  7.48192057  7.335902    7.13910294  6.96621221  6.74056511  6.54732266
  6.40268722  6.22861095  6.20490022  6.03635645  6.02153725  5.89033788
  5.81762498  5.70163999  5.65718238  5.57103339  5.49041691  5.35032602]","[ 0.72712903  0.90258842  1.03023118  1.12151749  1.4402292   1.73246394
  1.99229401  2.86346572  4.08140684  7.32424422 10.04011065 11.55245999
 12.58051768 12.27208062 11.92333531 11.71349536 11.3712705  11.01521438
 10.03339261  9.3880656   8.13969571  6.9235329   6.01600474  5.44477376
  5.07666469  4.64295594  4.37976684  4.3432128   4.00395179  3.95811105
  3.72377001  3.36079826  3.20648093  2.99229401  2.84904169  2.80814068
  2.79016005  2.76467101  2.78680103  2.76269512  2.79747086  2.80102746
  2.85990911  2.90970164  2.93874728  3.01264572  3.03813476  3.09662122
  3.12092472  3.13712705  3.10057301  3.07389844  2.94111836  2.76348548
  2.68524007  2.46927485  2.31890931  2.18336297  2.05690575  2.10274649
  2.03793717  1.99881446  1.93716657  1.85101759  1.77040111  1.75143252
  1.63880656  1.5392215   1.45722189  1.4682869   1.46216163  1.4795495
  1.43034973  1.35605612  1.33550682  1.31238886  1.25212409  1.22090496
  1.14305473  1.12290061  1.07231772  1.05769611  1.08555621  1.0578937
  1.05394191  1.01146019  0.98280972  0.97233748  0.91365343  0.90574985
  0.84983205  0.84825133  0.84904169  0.80754792  0.79885398  0.78028058
  0.76328789  0.73562537  0.71132187  0.72535072  0.682869    0.68207864]",93
90,0.15,"0.0,0.15,0.3,0.44999999999999996,0.6,0.75,0.8999999999999999,1.05,1.2,1.3499999999999999,1.5,1.65,1.7999999999999998,1.95,2.1,2.25,2.4,2.55,2.6999999999999997,2.85,3.0,3.15,3.3,3.4499999999999997,3.5999999999999996,3.75,3.9,4.05,4.2,4.35,4.5,4.6499999999999995,4.8,4.95,5.1,5.25,5.3999999999999995,5.55,5.7,5.85,6.0,6.1499999999999995,6.3,6.45,6.6,6.75,6.8999999999999995,7.05,7.199999999999999,7.35,7.5,7.6499999999999995,7.8,7.949999999999999,8.1,8.25,8.4,8.549999999999999,8.7,8.85,9.0,9.15,9.299999999999999,9.45,9.6,9.75,9.9,10.049999999999999,10.2,10.35,10.5,10.65,10.799999999999999,10.95,11.1,11.25,11.4,11.549999999999999,11.7,11.85,12.0,12.15,12.299999999999999,12.45,12.6,12.75,12.9,13.049999999999999,13.2,13.35,13.5,13.65,13.799999999999999,13.95,14.1,14.25,14.399999999999999,14.549999999999999,14.7,14.85,15.0,15.149999999999999",2007R_GLUT1_647_WGA_594_0002.nd2,2007,M,R,5.5,Homo,Experimental,0,True,49.361566888396155,False,"[13.8594235  14.28677014 14.77649667 15.21389505 15.99053954 16.73717664
 17.46548411 19.38433112 21.49238729 25.46548411 29.49297857 32.53422025
 38.66119734 44.25868441 46.47716186 48.35240207 49.88277901 51.30583888
 56.45158906 59.24065041 63.49977827 67.84892831 70.27627494 70.86592757
 71.89223947 72.01478197 71.93318551 72.07006652 71.02985957 70.90480414
 68.98521803 64.71160384 60.436068   55.09164819 49.6623799  45.70081301
 44.5586105  43.03059867 39.80458241 40.66459719 34.32165558 31.39778271
 27.68425721 25.28514412 22.89371766 21.36674058 20.29002217 20.02276423
 19.81463415 19.54648928 19.40546933 18.96674058 18.87021434 18.46548411
 18.42527716 18.02956393 18.1059867  17.95683666 17.95920177 17.9466371
 17.84774575 17.75432373 17.74486327 17.52150776 17.40591279 17.60295639
 17.61212121 17.69356984 17.42172949 17.3917221  17.27302291 17.32830746
 17.2699187  17.36378418 17.16674058 17.28691796 17.26548411 17.15580192
 17.12135994 17.19083518 17.20325203 17.15624538 17.10997783 16.9932003
 17.01271249 16.83887657 16.95698448 16.9037694  17.00724316 17.00192166
 16.88780488 17.01966001 16.99763489 17.02971175 16.89667406 16.7744272
 16.89371766 16.81492979 16.85203252 16.64345898 16.86932742 16.618034  ]","[ 2.54855876  2.72889874  2.87908352  2.98891353  3.25779749  3.44478936
  3.63547672  4.15757576  4.83621582  6.25454545  8.16733186  9.87050998
 14.18640059 19.22897265 21.57708795 23.72594235 25.51707317 27.02099039
 32.75018477 35.88470067 40.8804139  44.82867701 47.03843311 47.96289727
 48.67287509 49.36156689 49.56777531 49.84641537 49.69460458 49.77930525
 49.34634146 48.77797487 47.67361419 46.64198078 44.5466371  43.06193644
 42.25129342 41.69445676 40.05794531 40.5992609  36.98684405 34.51766445
 31.16851441 28.01759054 23.32653363 18.85691057 14.34161123 12.50332594
 10.62926829  9.62350333  8.78078344  7.39364375  6.50421286  5.69194383
  5.36186253  4.90805617  4.66326681  4.3895048   4.29490022  4.24390244
  4.12490761  4.18595713  4.01182557  3.94708056  3.90406504  3.88824834
  3.81093865  3.69608278  3.67657058  3.66637103  3.6255728   3.68440503
  3.70273466  3.68115299  3.52889874  3.57117517  3.56407982  3.54397635
  3.5135255   3.58226164  3.56348854  3.59793052  3.62764228  3.59733925
  3.5578714   3.55417591  3.56304508  3.5895048   3.56186253  3.67124908
  3.70110865  3.82897265  3.86400591  3.94634146  4.03015521  4.16999261
  4.33451589  4.49327421  4.62246859  4.5495935   4.57383592  4.50953437]","[ 4.82394678  5.26400591  5.60251293  5.93348115  6.81921656  7.82882483
  8.70096083 11.96082779 17.40724316 34.06533629 46.3052476  48.35432373
 40.23828529 30.43444198 27.73185514 26.01064302 24.58580931 23.48366593
 20.87287509 19.59113082 17.43059867 15.7030303  14.34205469 13.55461936
 13.05203252 12.40724316 12.11101256 11.97753141 11.7293422  11.61419069
 11.40413895 11.35447154 11.35210643 11.62394678 12.23340724 12.79586105
 13.04449372 13.33303769 13.92313378 13.71914265 15.18255728 16.3390983
 17.8504065  19.25070214 20.94338507 22.15447154 23.14441981 23.71308204
 23.85750185 23.96881005 23.83296378 23.27110126 22.63621582 21.40236511
 20.73776792 19.63325942 18.76969697 17.53939394 16.67124908 16.62971175
 16.15417591 15.82823356 15.24700665 14.53274205 14.09460458 13.60295639
 12.77738359 12.21773836 11.41552106 11.30776053 11.39364375 11.26637103
 11.10155211 10.71293422 10.57235772 10.16644494  9.75033259  9.53658537
  9.10317812  8.85986696  8.58743533  8.4699187   8.45927568  8.3030303
  8.20857354  8.00576497  7.80886918  7.60029564  7.29268293  7.12298596
  6.96097561  6.87834442  6.8104952   6.71308204  6.65395418  6.50243902
  6.39113082  6.27331855  6.16363636  6.02572062  5.91308204  5.74338507]","[0.49682188 0.58359202 0.67597931 0.74752402 0.94382853 1.09756098
 1.2977088  1.87405765 2.8789357  5.52387288 7.43798965 7.9812269
 7.52372506 6.69578714 6.41419069 6.2609017  6.12549889 5.9308204
 5.47450111 5.27213599 4.85055432 4.42823356 4.08056171 3.82010347
 3.68529194 3.47834442 3.40724316 3.33451589 3.17753141 3.13510717
 3.07908352 3.02172949 3.0413895  3.06903178 3.1578714  3.30672579
 3.40650407 3.43932003 3.60650407 3.53362897 3.93968958 4.17605322
 4.49519586 4.6594235  4.80044346 4.74175905 4.47479675 4.4248337
 4.30879527 4.19201774 4.13288987 3.94397635 3.72062084 3.46577975
 3.3383592  3.09874353 2.94308943 2.75373245 2.61182557 2.59630451
 2.50643016 2.49046563 2.4097561  2.3030303  2.23281596 2.14308943
 2.02453806 1.91485588 1.79571323 1.77694013 1.77812269 1.79645233
 1.74471545 1.67524021 1.66696231 1.61566888 1.53628973 1.48130081
 1.42749446 1.40310421 1.33022912 1.31559497 1.34530673 1.28588322
 1.30776053 1.25528455 1.23518108 1.16363636 1.12076866 1.07346637
 1.06489283 1.05764967 1.01966001 0.98240946 1.00546933 0.95831486
 0.9210643  0.89977827 0.86903178 0.87390983 0.82498152 0.80487805]",94
91,0.15,"0.0,0.15,0.3,0.44999999999999996,0.6,0.75,0.8999999999999999,1.05,1.2,1.3499999999999999,1.5,1.65,1.7999999999999998,1.95,2.1,2.25,2.4,2.55,2.6999999999999997,2.85,3.0,3.15,3.3,3.4499999999999997,3.5999999999999996,3.75,3.9,4.05,4.2,4.35,4.5,4.6499999999999995,4.8,4.95,5.1,5.25,5.3999999999999995,5.55,5.7,5.85,6.0,6.1499999999999995,6.3,6.45,6.6,6.75,6.8999999999999995,7.05,7.199999999999999,7.35,7.5,7.6499999999999995,7.8,7.949999999999999,8.1,8.25,8.4,8.549999999999999,8.7,8.85,9.0,9.15,9.299999999999999,9.45,9.6,9.75,9.9,10.049999999999999,10.2,10.35,10.5,10.65,10.799999999999999,10.95,11.1,11.25,11.4,11.549999999999999,11.7,11.85,12.0,12.15,12.299999999999999,12.45,12.6,12.75,12.9,13.049999999999999,13.2,13.35,13.5,13.65,13.799999999999999,13.95,14.1,14.25,14.399999999999999,14.549999999999999,14.7,14.85,15.0,15.149999999999999",2007R_GLUT1_647_WGA_594_0002.nd2,2007,M,R,5.5,Homo,Experimental,0,False,5.5433321542270955,False,"[13.57481429 14.19932791 14.69048461 14.90519986 15.61337106 16.40095508
 17.16943757 19.25309515 21.49133357 25.67898833 29.72285108 32.35903785
 37.05518217 41.5737531  43.37336399 44.94428723 45.88998939 47.13035019
 51.10735762 53.59922179 57.59250088 61.89105058 65.26777503 66.90838345
 68.16218606 68.83162363 69.39370357 69.21842943 69.30332508 68.91492748
 67.89034312 65.36929607 63.22709586 59.75716307 55.49805447 52.45808277
 51.46639547 50.19897418 48.19950478 48.5088433  43.38981252 39.9039618
 35.39954015 31.07233817 26.46285815 23.80898479 21.78157057 21.0249381
 20.81039972 20.41970287 19.9506544  19.50123806 19.13052706 18.77803325
 18.68623983 18.43349841 18.35603113 18.24495932 17.83692961 18.10470463
 17.68376371 17.65546516 17.75946233 17.58277326 17.67580474 17.44163424
 17.32861691 17.36416696 17.45542978 17.47718429 17.32932437 17.42094093
 17.40024761 17.3318005  17.3302087  17.25504068 17.15652635 17.22090555
 17.24725858 17.11230987 17.28935267 17.13512557 17.13017333 17.05695083
 16.97771489 16.95914397 16.88397595 17.05040679 16.9101521  16.92483198
 16.99628582 16.92589317 16.93066855 16.88362221 16.86628935 16.84170499
 16.77732579 16.88468341 16.80650867 16.77891758 16.5732225  16.83692961]","[1.92660064 1.97629996 1.96710294 2.00318359 2.03749558 2.05907322
 2.06933145 2.17173682 2.36116024 2.72090555 3.10912628 3.40537672
 3.81694376 4.2180757  4.19066148 4.31482137 4.40095508 4.3795543
 4.64166961 4.69968164 4.89741776 5.10735762 5.24761231 5.40095508
 5.57198444 5.58595684 5.73629289 5.70056597 5.54333215 5.54669261
 5.67120623 5.45772904 5.59197029 5.5493456  5.451185   5.41209763
 5.40891404 5.39706403 5.42182526 5.36664308 5.34029006 5.30084896
 5.32879377 5.1453838  5.07711355 5.02370004 4.94181111 4.72550407
 4.61655465 4.53749558 4.44304917 4.2819243  4.19738238 4.06225681
 3.95649098 3.87354086 3.84170499 3.7180757  3.74708171 3.78829148
 3.62256809 3.66466219 3.63318005 3.62893527 3.55677397 3.58754864
 3.59780686 3.5477538  3.517156   3.48195967 3.47789176 3.51220375
 3.47983728 3.47258578 3.40979837 3.45932083 3.54280156 3.44800141
 3.50336045 3.58224266 3.61602405 3.57339936 3.59480014 3.51061196
 3.58843297 3.56880085 3.52087018 3.57605235 3.65475769 3.58206579
 3.56827025 3.64290768 3.68358684 3.68128758 3.71630704 3.71630704
 3.84329678 3.90802971 4.14626813 4.41032897 4.78351609 4.88839759]","[ 4.82154227  5.19172267  5.5083127   5.90060134  6.77732579  7.68677043
  8.59126282 11.63105766 16.72302794 31.39246551 42.64732932 45.01432614
 38.9839052  30.71330032 28.44251857 26.89688716 25.67987266 24.58206579
 22.09002476 20.92607004 19.00990449 16.83816767 15.12292183 13.97523877
 12.98956491 11.89051999 11.33692961 11.20746374 10.66802264 10.51078882
  9.94747082  9.34594977  9.20534135  9.3063318   9.77113548 10.20392642
 10.44959321 10.61903077 11.21064733 11.03378139 12.72072869 13.77555713
 15.46498054 17.01768659 18.54669261 19.4667492  20.0166254  20.2652989
 20.35355501 20.51521047 20.46586487 20.35779979 20.02812168 19.57835161
 19.36027591 19.01733286 18.56314114 17.56048815 16.66802264 16.67668907
 15.97594623 15.80438628 15.02263884 14.19030775 13.81659002 13.31269897
 12.49823134 11.85037142 11.10647329 10.99787761 11.13618677 10.97187832
 10.8478953  10.46268129 10.33303856  9.98638132  9.69490626  9.40113194
  9.01078882  8.77431907  8.46657234  8.32844004  8.44357977  8.14025469
  8.10877255  7.87619385  7.69543686  7.49204103  7.15033605  6.97683056
  6.80756986  6.68093385  6.59674567  6.55801203  6.4994694   6.33091617
  6.25097276  6.10983375  5.9839052   5.89812522  5.79961089  5.62805094]","[0.5005306  0.5799434  0.66112487 0.73983021 0.94923948 1.13194199
 1.32614079 1.93845065 2.87513265 5.36487443 7.12256809 7.67721967
 7.31588256 6.48655819 6.17191369 6.00795897 5.83303856 5.72196675
 5.31146091 5.05465157 4.73346304 4.21984436 3.84347365 3.57675982
 3.4750619  3.20799434 3.0576583  3.03201273 2.85160948 2.81393704
 2.67562787 2.4672798  2.43420587 2.44163424 2.45507605 2.53059781
 2.59197029 2.56667846 2.71789883 2.66360099 2.88963566 3.06137248
 3.31252211 3.48850371 3.64220021 3.71135479 3.70481075 3.79925716
 3.7502653  3.74319066 3.72957198 3.68553237 3.57888221 3.43933498
 3.32401839 3.18623983 3.0410329  2.87495578 2.64803679 2.70428016
 2.56738592 2.52599929 2.41811107 2.28652282 2.20428016 2.12911213
 2.00442165 1.89334984 1.80650867 1.79766537 1.80031836 1.79112133
 1.80863106 1.71949063 1.67067563 1.65298903 1.58312699 1.5482844
 1.48620446 1.45189247 1.38503714 1.37566325 1.36858861 1.34807216
 1.31429077 1.29448178 1.25539441 1.20746374 1.14573753 1.10152105
 1.06172621 1.03590378 1.02210824 0.97134772 0.98249027 0.94764768
 0.91616555 0.86363636 0.84665723 0.84170499 0.80102582 0.77750265]",95
92,0.15,"0.0,0.15,0.3,0.44999999999999996,0.6,0.75,0.8999999999999999,1.05,1.2,1.3499999999999999,1.5,1.65,1.7999999999999998,1.95,2.1,2.25,2.4,2.55,2.6999999999999997,2.85,3.0,3.15,3.3,3.4499999999999997,3.5999999999999996,3.75,3.9,4.05,4.2,4.35,4.5,4.6499999999999995,4.8,4.95,5.1,5.25,5.3999999999999995,5.55,5.7,5.85,6.0,6.1499999999999995,6.3,6.45,6.6,6.75,6.8999999999999995,7.05,7.199999999999999,7.35,7.5,7.6499999999999995,7.8,7.949999999999999,8.1,8.25,8.4,8.549999999999999,8.7,8.85,9.0,9.15,9.299999999999999,9.45,9.6,9.75,9.9,10.049999999999999,10.2,10.35,10.5,10.65,10.799999999999999,10.95,11.1,11.25,11.4,11.549999999999999,11.7,11.85,12.0,12.15,12.299999999999999,12.45,12.6,12.75,12.9,13.049999999999999,13.2,13.35,13.5,13.65,13.799999999999999,13.95,14.1,14.25,14.399999999999999,14.549999999999999,14.7,14.85,15.0,15.149999999999999",2007R_GLUT1_647_WGA_594_0002.nd2,2007,M,R,5.5,Homo,Experimental,0,False,6.908480990882505,False,"[15.35678651 16.6518149  17.85876484 19.18785481 22.26543953 25.61138827
 28.67710304 38.61482883 49.94116635 59.33511096 58.46378806 55.33201445
 47.47462584 40.88525718 39.07534836 37.63357991 36.9060726  35.58403578
 34.67538276 34.63925684 36.90968519 40.1176673  42.76174093 44.6786513
 45.75744022 47.13555823 47.94357475 48.3884397  49.14003097 49.77343884
 51.80423189 54.80216756 56.83708928 59.13039739 60.5554791  60.09771202
 59.72922759 59.58592809 58.20763805 58.52829864 55.05590917 52.97453982
 50.56528471 48.73628075 46.51505247 43.77481507 39.06055393 36.05332875
 33.52227765 31.63564425 29.34130397 26.56683296 23.8420781  21.95768106
 20.9932909  19.92241528 19.4255978  18.83743334 18.54188887 18.73094788
 18.38689145 18.47221744 18.06433855 18.17340444 17.7603647  17.77068639
 17.89729916 17.70996043 17.57233786 17.51625667 17.38224669 17.54722174
 17.48787201 17.46137967 17.33407879 17.31980045 17.17323241 17.14347153
 17.21968003 17.10459315 17.3012214  17.13573026 17.20299329 17.12540857
 17.16566317 17.00223637 17.07345605 16.90693274 16.91656632 16.82126269
 16.73610872 16.99277482 17.00189231 16.76879408 16.75658008 16.75898847
 16.85910889 16.77189059 16.77464304 16.84311027 16.75141923 16.60639945]","[1.99002236 2.0201273  2.02614829 2.03767418 2.09134698 2.12214003
 2.11027008 2.24651643 2.45191811 2.83364872 3.22449682 3.42164115
 3.59332531 3.70256322 3.75812833 3.87407535 3.94013418 3.95922931
 4.17460864 4.31377946 4.66712541 4.91914674 5.1457079  5.40323413
 5.70703595 6.04507139 6.25666609 6.47995871 6.91811457 7.01118183
 7.55565113 8.07225185 8.11491485 7.76002064 7.38104249 6.98486152
 6.99793566 6.90848099 6.88284879 6.90624462 6.70875624 6.34921727
 6.13813865 5.8847411  5.8365732  5.52537416 5.28625495 5.14725615
 5.16910373 5.20953036 5.03956649 5.13934285 5.02941682 4.9652503
 4.85515224 4.66179253 4.44778944 4.25890246 4.2262171  4.30190951
 4.1579219  4.18389816 4.12747291 4.08859453 4.01961122 4.02201961
 3.89729916 3.82779976 3.85928092 3.80268364 3.78651299 3.84827112
 3.81025288 3.87768794 3.78118011 3.78496473 3.79132978 3.81747807
 3.87476346 3.9261999  3.9841734  3.93376914 3.98400138 3.89007397
 3.9060726  3.83227249 3.84345433 3.80216756 3.84431447 3.81816618
 3.84156202 3.78548082 3.75193532 3.67830724 3.67675899 3.67022192
 3.66024428 3.67228625 3.70961638 3.75658008 3.76655772 3.8487872 ]","[ 4.72871151  5.04472734  5.30156546  5.57732668  6.20436952  6.82848787
  7.31171512  9.24238775 12.28797523 22.2822983  32.57663857 37.76690177
 41.28711509 40.26234302 39.59470153 38.96955101 38.24152761 37.6091519
 34.93411319 33.23946327 29.82229486 26.66781352 24.11715121 22.47118527
 21.03646998 19.31395149 18.40392224 17.99638741 16.89351454 16.70858421
 15.57078961 14.27748151 13.4018579  12.43505935 11.42852228 10.8487872
 10.68828488 10.49630139  9.98331326 10.13865474  9.47978669  9.13160158
  8.72389472  8.63942887  8.76414932  8.99896783  9.68381215 10.10872183
 10.63031137 10.93497334 11.23017375 11.96232582 12.57199381 13.29089971
 13.61345261 14.86478582 15.87527955 16.6975744  16.68639257 16.66987786
 16.42095304 16.17495269 15.50473078 14.71873387 14.27644934 13.77137451
 13.10270084 12.4871839  11.7694822  11.63633236 11.7311199  11.57285395
 11.44606916 11.03991055 10.88181662 10.43987614  9.90882505  9.68811285
  9.25838638  9.05556511  8.70118699  8.55375882  8.61121624  8.38517117
  8.29261999  8.11302254  7.82418717  7.69344573  7.34216411  7.14656804
  6.99139859  6.78341648  6.70376742  6.63254774  6.50765526  6.38826768
  6.25632204  6.0963358   6.03268536  5.9664545   5.84827112  5.69069327]","[ 0.75571994  0.89884741  1.02477206  1.17271633  1.48374333  1.80681232
  2.04971615  3.012214    4.56666093  8.84104593 12.92121108 14.86444177
 15.95527266 14.62910717 13.8487872  13.16359883 12.55788749 11.86719422
  9.93910201  9.04971615  7.60141063  6.56992947  5.81678995  5.35558232
  4.99346293  4.49440908  4.25959057  4.13917082  3.87080681  3.79373817
  3.46309995  3.14037502  2.97815242  2.71288491  2.51109582  2.40598658
  2.38637537  2.33872355  2.2341304   2.28075004  2.11938758  2.01169792
  1.95200413  1.8993635   1.92052297  1.96697058  2.03939446  2.12626871
  2.23877516  2.29141579  2.32960606  2.42129709  2.5566833   2.64183726
  2.61878548  2.68570446  2.70875624  2.71529331  2.61517289  2.61517289
  2.53776019  2.50111818  2.32513332  2.24926888  2.16514708  2.07259591
  1.9865818   1.8646138   1.76260107  1.78100809  1.81231722  1.78995355
  1.75141923  1.68484431  1.63237571  1.58523998  1.48924824  1.45690693
  1.39600895  1.40323413  1.30586616  1.30087734  1.31326338  1.27163255
  1.26113883  1.21073456  1.21383107  1.16566317  1.08498194  1.05762945
  1.01410631  1.00017203  0.97574402  0.9360055   0.93273697  0.89764321
  0.84242216  0.83812145  0.81765009  0.81455359  0.78685704  0.75176329]",96
93,0.15,"0.0,0.15,0.3,0.44999999999999996,0.6,0.75,0.8999999999999999,1.05,1.2,1.3499999999999999,1.5,1.65,1.7999999999999998,1.95,2.1,2.25,2.4,2.55,2.6999999999999997,2.85,3.0,3.15,3.3,3.4499999999999997,3.5999999999999996,3.75,3.9,4.05,4.2,4.35,4.5,4.6499999999999995,4.8,4.95,5.1,5.25,5.3999999999999995,5.55,5.7,5.85,6.0,6.1499999999999995,6.3,6.45,6.6,6.75,6.8999999999999995,7.05,7.199999999999999,7.35,7.5,7.6499999999999995,7.8,7.949999999999999,8.1,8.25,8.4,8.549999999999999,8.7,8.85,9.0,9.15,9.299999999999999,9.45,9.6,9.75,9.9,10.049999999999999,10.2,10.35,10.5,10.65,10.799999999999999,10.95,11.1,11.25,11.4,11.549999999999999,11.7,11.85,12.0,12.15,12.299999999999999,12.45,12.6,12.75,12.9,13.049999999999999,13.2,13.35,13.5,13.65,13.799999999999999,13.95,14.1,14.25,14.399999999999999,14.549999999999999,14.7,14.85,15.0,15.149999999999999",2007R_GLUT1_647_WGA_594_0002.nd2,2007,M,R,5.5,Homo,Experimental,0,True,34.361739130434785,False,"[13.05913043 13.44637681 13.63333333 13.82623188 14.26811594 14.7
 14.97376812 16.01217391 17.08492754 18.93956522 20.39231884 21.3715942
 22.85173913 24.76652174 25.80550725 26.18768116 26.66057971 27.75594203
 29.46289855 30.81405797 33.40405797 36.2026087  39.1273913  41.53956522
 43.72231884 46.74376812 48.86869565 49.79202899 52.14028986 52.93666667
 55.92724638 60.02246377 62.02797101 64.77608696 65.61855072 65.75811594
 65.46753623 65.25521739 63.47753623 63.55492754 58.74130435 54.29043478
 47.92275362 41.90391304 35.25855072 30.32855072 26.53753623 25.21217391
 24.01753623 23.35449275 22.67942029 21.7842029  21.18550725 20.29710145
 19.98072464 19.35550725 18.92391304 18.47478261 18.38376812 18.46608696
 18.2315942  18.10666667 17.89942029 17.91826087 17.87695652 17.80913043
 17.56333333 17.75217391 17.50956522 17.36086957 17.52869565 17.36884058
 17.42942029 17.33565217 17.13318841 17.39362319 17.09289855 17.23463768
 17.21072464 17.17057971 17.12057971 17.0173913  16.94666667 17.01130435
 17.10217391 17.0573913  17.01681159 16.98565217 16.90202899 17.04594203
 16.90275362 17.0542029  17.17753623 17.18623188 16.90652174 17.11318841
 17.23173913 17.2626087  17.62608696 18.10173913 18.24507246 18.77057971]","[ 2.17405797  2.22797101  2.28855072  2.30318841  2.4226087   2.47391304
  2.49014493  2.65681159  2.93289855  3.31289855  3.8815942   4.18782609
  4.81043478  5.29492754  5.55478261  5.83942029  6.00463768  6.4615942
  7.19608696  7.94681159  9.70173913 11.86144928 13.97942029 15.84405797
 17.51855072 19.87188406 21.68652174 22.34478261 24.60188406 25.18057971
 28.13797101 31.44550725 33.3015942  34.52623188 34.4284058  34.36173913
 34.47956522 34.18956522 33.8126087  33.88695652 32.94405797 32.19072464
 31.02956522 29.97942029 28.11869565 26.38478261 24.24869565 23.06782609
 21.75869565 21.24246377 20.21449275 18.65710145 16.85434783 14.58173913
 13.54594203 11.02507246  9.47        7.74913043  6.81985507  6.88130435
  6.29724638  6.16405797  5.78333333  5.42144928  5.28971014  5.04231884
  4.7726087   4.57811594  4.37463768  4.2673913   4.31202899  4.28173913
  4.23550725  4.11246377  4.05710145  3.94304348  3.85536232  3.81652174
  3.74275362  3.69956522  3.69478261  3.65449275  3.69855072  3.68072464
  3.64492754  3.62913043  3.61913043  3.70681159  3.68028986  3.72884058
  3.6884058   3.80927536  3.86275362  3.83043478  3.86971014  3.87884058
  3.91956522  3.96101449  4.04231884  4.24768116  4.43217391  4.62014493]","[ 4.73724638  5.10768116  5.42289855  5.75188406  6.65289855  7.5457971
  8.4673913  11.2257971  15.24318841 25.08797101 33.69072464 35.9426087
 33.0973913  27.40637681 25.59826087 24.29144928 23.30202899 22.30623188
 20.70028986 20.12188406 19.43521739 18.88       18.53956522 18.26478261
 17.95782609 17.35884058 16.83492754 16.62753623 15.89014493 15.6184058
 14.35188406 12.5457971  11.48608696 10.37478261  9.71434783  9.52550725
  9.52826087  9.47391304  9.47057971  9.41753623  9.85318841 10.34057971
 11.40318841 12.61391304 14.48594203 16.42753623 18.35985507 19.1757971
 19.93463768 20.40898551 20.72681159 21.35956522 21.64768116 21.99318841
 21.9184058  21.64318841 21.14275362 20.26652174 19.46608696 19.49565217
 19.03942029 18.84681159 18.19144928 17.58826087 17.13942029 16.58028986
 15.65681159 14.92043478 13.89927536 13.69318841 13.95550725 13.66478261
 13.46101449 12.81347826 12.61173913 11.96637681 11.34710145 10.99710145
 10.35869565 10.03028986  9.61724638  9.36927536  9.37492754  9.19333333
  9.03144928  8.79043478  8.52391304  8.33898551  7.95405797  7.6526087
  7.47405797  7.27231884  7.17246377  7.01347826  6.93173913  6.69768116
  6.5415942   6.38318841  6.21942029  6.05942029  5.94014493  5.75      ]","[0.43971014 0.52333333 0.60594203 0.68594203 0.85028986 1.01971014
 1.15521739 1.67391304 2.3457971  3.77608696 4.91086957 5.29811594
 5.2726087  4.85666667 4.68811594 4.60376812 4.5073913  4.44608696
 4.29826087 4.17478261 4.07333333 3.96652174 3.80492754 3.74724638
 3.64594203 3.48144928 3.38028986 3.33202899 3.13130435 3.02855072
 2.75710145 2.33681159 2.15637681 1.91376812 1.8073913  1.78304348
 1.79884058 1.80333333 1.83405797 1.82391304 1.93043478 2.07434783
 2.29550725 2.56681159 2.90971014 3.2557971  3.59623188 3.74217391
 3.84927536 3.89550725 3.98057971 4.01289855 4.05376812 4.0042029
 3.93985507 3.69492754 3.55666667 3.26101449 3.07304348 3.12202899
 3.00217391 2.96652174 2.81695652 2.67130435 2.61724638 2.56086957
 2.38086957 2.25362319 2.12173913 2.10449275 2.09956522 2.0757971
 2.05405797 1.97217391 1.92405797 1.84362319 1.75550725 1.66289855
 1.57478261 1.52101449 1.42927536 1.41391304 1.41376812 1.38710145
 1.37333333 1.33057971 1.2757971  1.22927536 1.15768116 1.13768116
 1.08826087 1.06463768 1.06115942 1.00956522 1.00652174 0.97391304
 0.9242029  0.88449275 0.83913043 0.84710145 0.80710145 0.78086957]",97
94,0.15,"0.0,0.15,0.3,0.44999999999999996,0.6,0.75,0.8999999999999999,1.05,1.2,1.3499999999999999,1.5,1.65,1.7999999999999998,1.95,2.1,2.25,2.4,2.55,2.6999999999999997,2.85,3.0,3.15,3.3,3.4499999999999997,3.5999999999999996,3.75,3.9,4.05,4.2,4.35,4.5,4.6499999999999995,4.8,4.95,5.1,5.25,5.3999999999999995,5.55,5.7,5.85,6.0,6.1499999999999995,6.3,6.45,6.6,6.75,6.8999999999999995,7.05,7.199999999999999,7.35,7.5,7.6499999999999995,7.8,7.949999999999999,8.1,8.25,8.4,8.549999999999999,8.7,8.85,9.0,9.15,9.299999999999999,9.45,9.6,9.75,9.9,10.049999999999999,10.2,10.35,10.5,10.65,10.799999999999999,10.95,11.1,11.25,11.4,11.549999999999999,11.7,11.85,12.0,12.15,12.299999999999999,12.45,12.6,12.75,12.9,13.049999999999999,13.2,13.35,13.5,13.65,13.799999999999999,13.95,14.1,14.25,14.399999999999999,14.549999999999999,14.7,14.85,15.0,15.149999999999999",2007R_GLUT1_647_WGA_594_0002.nd2,2007,M,R,5.5,Homo,Experimental,0,True,33.699979830576844,False,"[13.24041952 13.66145623 13.92688584 14.35861234 15.22488907 16.18676886
 16.99798306 19.66579266 22.41145623 26.18959258 26.35891489 25.06787011
 22.77258975 21.14411053 20.68797902 20.3689996  20.14542154 19.7604881
 19.4946551  19.27379992 19.08370311 18.74949576 18.66922146 18.6817265
 18.74213392 18.76865672 18.85619201 18.91881807 19.12020976 19.26482453
 19.58057685 20.72892295 21.69029851 24.05173457 27.22226704 29.34177088
 30.01653893 30.9561315  32.97741025 32.47609923 36.82402178 39.60478015
 43.05133118 45.34197257 46.67214603 46.69090359 45.28287616 43.72922549
 41.79356595 40.75393304 38.50635337 35.25756353 31.17527229 26.2778338
 24.51139572 21.3512505  20.08894716 19.02884228 18.59277935 18.64259782
 18.37696652 18.25887455 17.92194433 17.60790641 17.51018556 17.24283985
 17.23497378 17.14007664 17.06333199 16.8409641  16.83037515 16.87807584
 16.78590157 16.74878983 16.65701896 16.56343284 16.53408633 16.4895119
 16.45018152 16.41397741 16.34338443 16.47993142 16.39713594 16.3443929
 16.306071   16.24798306 16.35094796 16.14300121 16.14370714 16.16538927
 16.06787011 16.09056071 16.19846712 16.07301331 16.08914885 16.01573215
 16.05284389 15.94937475 15.96722469 15.95471965 15.86415894 15.97065349]","[ 2.09479629  2.14158935  2.17597822  2.21409843  2.30748286  2.32966922
  2.3810004   2.52450585  2.79608713  3.33662767  3.87232755  4.09651069
  4.29790238  4.54175071  4.67547398  4.73860428  4.79588544  5.01956434
  5.31474385  5.66387656  6.37716821  7.41337233  8.56403792  9.45048407
 10.02511093 10.84651069 11.53358209 11.59661154 12.37646228 12.67940702
 14.16710367 16.98557886 19.02248891 21.61315046 24.02581686 25.23709157
 25.49364663 25.89572408 26.9790238  26.72690601 29.01331182 30.15580879
 31.63513514 32.72761194 33.57674466 33.69997983 33.33763614 32.85135135
 31.87847923 31.01653893 29.86264623 27.5978217  24.22599839 19.25847116
 16.74425171 11.30496168  8.69554256  6.78600242  6.10165389  6.1258572
  5.72347721  5.59540137  5.19231545  4.93434853  4.82835821  4.65641388
  4.5141186   4.36415894  4.2360831   4.169524    4.17133925  4.15056474
  4.14138766  4.10941912  4.0348931   3.94947559  3.83975393  3.80667608
  3.73517547  3.73880597  3.70653489  3.73134328  3.74536103  3.69524002
  3.68929004  3.67154094  3.63876563  3.67063332  3.76361436  3.82029044
  3.85740218  3.9229528   4.01290843  4.04346511  3.99919322  4.120714
  4.2746067   4.48719242  4.72670432  4.76189996  4.63251311  4.42113756]","[ 4.88553852  5.25373134  5.56474385  5.90076644  6.61819282  7.39965712
  8.12706737 10.68646632 14.5978217  26.40480032 39.53176684 44.69493747
 43.35972166 35.80112949 32.90933844 30.73083905 29.53922953 27.21540944
 24.80153288 23.68727309 22.59237596 22.14380799 21.98184752 21.86436063
 21.94019766 21.78580073 21.75968132 21.69342477 21.60064542 21.42789431
 21.05496168 20.31272691 19.7900363  19.07694635 18.48134328 18.0068576
 17.77843889 17.540238   16.82755143 16.9963695  15.65016136 14.72841872
 13.51129488 12.59045986 11.7553449  11.22549415 11.10054457 11.1205123
 11.3741428  11.48880597 11.76885841 12.47862041 13.58854377 15.12898346
 15.80798709 16.92416297 16.83269463 16.08017346 15.29991932 15.27208552
 14.7746067  14.44534086 13.69211376 12.8827148  12.41286809 11.95219847
 11.24626866 10.77158128 10.22418314 10.07523195 10.22741025 10.08622428
  9.94342477  9.59045986  9.47599839  9.14330375  8.72468737  8.50473981
  8.14663171  7.95572812  7.72892295  7.61496571  7.63160549  7.48003227
  7.42083501  7.24919322  7.06323114  6.90722065  6.65086729  6.49223477
  6.37505042  6.24173054  6.21742638  6.15933844  6.10699879  5.96571198
  5.89663171  5.78822106  5.68354175  5.57906414  5.50736184  5.40338846]","[0.62283179 0.74405002 0.85215813 0.96803146 1.20673659 1.43455022
 1.66750706 2.45340863 3.60135135 6.41034691 8.9529044  9.79830577
 9.51986688 8.23618395 7.70703913 7.25393304 6.96692215 6.57503025
 6.07160145 5.78227108 5.49838645 5.29870916 5.11204115 4.94997983
 4.84277935 4.64451392 4.62575635 4.58602259 4.48557886 4.44483663
 4.36405809 4.28217023 4.27591771 4.28549818 4.23860428 4.17900363
 4.17769262 4.16690198 4.00070593 4.06081081 3.80153288 3.63896733
 3.35235982 3.08602259 2.90328762 2.69997983 2.56524808 2.58541751
 2.57129891 2.58834207 2.59600645 2.67436466 2.75776523 2.86204115
 2.85114966 2.78610327 2.65177491 2.40984268 2.25100847 2.26573215
 2.16347317 2.12333602 1.97095603 1.84459459 1.78741428 1.7149052
 1.62293263 1.54275918 1.46470351 1.4719645  1.45361033 1.45643405
 1.43394514 1.39179104 1.35185559 1.31948366 1.24848729 1.18071803
 1.14290036 1.12293263 1.08642598 1.05455829 1.08662767 1.04275918
 1.04275918 1.00090762 0.96742638 0.93263413 0.88856394 0.86355385
 0.83662767 0.82613957 0.82271077 0.78721259 0.80284389 0.77995159
 0.73194837 0.72125857 0.71561113 0.7063332  0.66569181 0.65429609]",98
95,0.15,"0.0,0.15,0.3,0.44999999999999996,0.6,0.75,0.8999999999999999,1.05,1.2,1.3499999999999999,1.5,1.65,1.7999999999999998,1.95,2.1,2.25,2.4,2.55,2.6999999999999997,2.85,3.0,3.15,3.3,3.4499999999999997,3.5999999999999996,3.75,3.9,4.05,4.2,4.35,4.5,4.6499999999999995,4.8,4.95,5.1,5.25,5.3999999999999995,5.55,5.7,5.85,6.0,6.1499999999999995,6.3,6.45,6.6,6.75,6.8999999999999995,7.05,7.199999999999999,7.35,7.5,7.6499999999999995,7.8,7.949999999999999,8.1,8.25,8.4,8.549999999999999,8.7,8.85,9.0,9.15,9.299999999999999,9.45,9.6,9.75,9.9,10.049999999999999,10.2,10.35,10.5,10.65,10.799999999999999,10.95,11.1,11.25,11.4,11.549999999999999,11.7,11.85,12.0,12.15,12.299999999999999,12.45,12.6,12.75,12.9,13.049999999999999,13.2,13.35,13.5,13.65,13.799999999999999,13.95,14.1,14.25,14.399999999999999,14.549999999999999,14.7,14.85,15.0,15.149999999999999",2007R_GLUT1_647_WGA_594_0002.nd2,2007,M,R,5.5,Homo,Experimental,0,False,7.709963861641714,False,"[13.33371193 13.73236964 13.94269489 14.37429014 14.97170883 15.6714507
 16.14217863 17.88477026 19.56561693 22.70139391 26.57170883 29.10139391
 34.00010325 37.53360867 38.52782654 39.55900878 39.95394941 40.87083118
 41.90221993 42.07847186 42.4442953  41.76489417 41.12648425 40.50872483
 39.77625194 38.81744966 38.55921528 38.64181724 38.27589055 38.19297883
 38.39215281 39.80227155 41.48693856 43.80382034 45.33040785 46.25007744
 46.56293237 46.69695405 47.64956118 47.40185854 48.42880743 49.20908622
 50.2801239  51.0716572  51.75271038 51.58812597 49.87940114 48.72803304
 46.51522974 45.5854414  43.54341766 40.33794528 36.29674755 31.40660816
 29.36985028 24.93381518 22.75498193 21.02116675 20.0885906  20.04728962
 19.79081053 19.56458441 19.12039236 18.74537945 18.47434177 18.21414559
 18.22849768 18.01342282 17.83087248 17.84140423 17.77852349 17.82374806
 17.76778523 17.75549819 17.59865772 17.47258647 17.49870934 17.48600929
 17.39793495 17.33660299 17.19855447 17.13980382 16.95560145 17.01435209
 16.99659267 17.17253485 16.98286009 16.91605576 16.85090346 16.94269489
 16.81641714 16.89561177 16.88136293 16.65389778 16.79607641 16.79328859
 16.7769747  16.6903459  16.81321631 16.59194631 16.74537945 16.54083634]","[1.90449148 1.93495096 1.95209086 1.97976252 2.01084151 2.03128549
 2.0419205  2.13175013 2.30831182 2.56375839 2.92101187 3.15446567
 3.4169334  3.58172432 3.61290656 3.65730511 3.73629324 3.81373258
 3.99101704 4.2822922  4.67010842 5.36892101 5.83035622 6.02354156
 6.27867837 6.48879711 6.59442437 6.58657718 6.74465669 6.84759938
 7.18471864 7.62240578 7.90800207 8.18141456 8.29530201 8.14052659
 8.1368095  8.08817759 8.05978317 8.08786784 7.9978317  7.98224058
 8.02065049 7.94599897 7.77222509 7.70996386 7.52163139 7.42901394
 7.4191017  7.19741869 7.11822406 6.91667527 6.67248322 6.27237997
 6.06133196 5.55508518 5.12111513 4.60795044 4.35900878 4.29334022
 4.10459473 4.07258647 3.91533299 3.7937016  3.70283944 3.694889
 3.65637584 3.6167269  3.74062984 3.74403717 3.65699535 3.76468766
 3.76344863 3.85234899 3.84088797 3.95622096 4.13144037 4.23427981
 4.4275684  4.46463604 4.54321115 4.579143   4.54486319 4.51863707
 4.56427465 4.40072277 4.34465669 4.2462571  4.03211151 3.93887455
 3.88673206 3.91925658 3.83262777 3.82157976 3.81383583 3.81352607
 3.78038203 3.810635   3.79607641 3.85998967 3.85379453 3.89395973]","[ 4.9096541   5.33288591  5.65761487  6.05534331  7.02880743  8.02581311
  9.01528136 12.36159009 17.15302013 29.52152814 40.5661332  43.22746515
 39.36169334 32.7622096  30.45658234 28.89096541 27.80320083 25.98874548
 23.75622096 22.39266908 20.71037687 19.95694373 19.8862158  19.77594218
 19.91409396 20.06618482 20.10036138 20.03190501 20.08735157 20.06205472
 19.9978317  19.87155395 19.47403201 18.52472896 17.27516779 16.27103769
 16.00536913 15.68239546 14.72390294 14.98213733 13.55611771 12.73918431
 11.96644295 11.33133712 10.85926691 10.65389778 10.67341249 10.82849768
 11.1116159  11.31058338 11.67661332 12.5116159  13.51388745 14.99390811
 15.67516779 17.22478059 18.04119773 18.73319566 18.95487868 18.97036655
 18.93588023 18.79287558 18.47258647 17.79690243 17.4505937  16.72720702
 15.64326278 14.83768715 13.86195147 13.64460506 13.85028394 13.70542075
 13.4169334  12.91171915 12.76561693 12.23252452 11.65833764 11.3387713
 10.69623129 10.40392359 10.03304078  9.85751162  9.85658234  9.60753743
  9.48136293  9.26959215  9.02137326  8.72462571  8.33381518  8.03810015
  7.82426433  7.62725865  7.53474445  7.3661332   7.27847186  7.03686113
  6.89344347  6.66556531  6.52359319  6.32348993  6.18688694  5.96458441]","[0.50005163 0.59917398 0.67496128 0.78802272 0.99411461 1.19194631
 1.37965927 2.02529685 2.91244192 4.86907589 6.52173464 7.00474961
 6.97470315 6.41786267 6.20960248 6.0167269  5.88446051 5.6990191
 5.40454311 5.22529685 4.99432112 4.7474445  4.62292204 4.46969541
 4.41621064 4.35529169 4.32658751 4.29716056 4.33144037 4.30573051
 4.33226639 4.43964894 4.51760454 4.50325245 4.30820857 4.17934951
 4.09117192 4.05699535 3.86019618 3.91698503 3.63056273 3.46174497
 3.26504904 3.08218895 2.89313371 2.80144553 2.71223542 2.68249871
 2.6505937  2.67723283 2.6968508  2.73928756 2.82880743 2.93866804
 3.0021683  3.10180692 3.08528653 3.10955085 3.03964894 3.03138875
 2.99194631 2.96210635 2.86277749 2.70232318 2.64811564 2.54124935
 2.37016004 2.25131647 2.10913784 2.10046464 2.11306144 2.09695405
 2.05699535 2.00351058 1.93298916 1.88249871 1.79927723 1.70387197
 1.63190501 1.56458441 1.51863707 1.47805885 1.4927207  1.45978317
 1.44109448 1.40598864 1.37604543 1.31058338 1.24925142 1.20134228
 1.16551368 1.14052659 1.12844605 1.06267424 1.05234899 1.03417656
 0.98461538 0.95405266 0.91171915 0.89716056 0.85658234 0.82312855]",99
96,0.15,"0.0,0.15,0.3,0.44999999999999996,0.6,0.75,0.8999999999999999,1.05,1.2,1.3499999999999999,1.5,1.65,1.7999999999999998,1.95,2.1,2.25,2.4,2.55,2.6999999999999997,2.85,3.0,3.15,3.3,3.4499999999999997,3.5999999999999996,3.75,3.9,4.05,4.2,4.35,4.5,4.6499999999999995,4.8,4.95,5.1,5.25,5.3999999999999995,5.55,5.7,5.85,6.0,6.1499999999999995,6.3,6.45,6.6,6.75,6.8999999999999995,7.05,7.199999999999999,7.35,7.5,7.6499999999999995,7.8,7.949999999999999,8.1,8.25,8.4,8.549999999999999,8.7,8.85,9.0,9.15,9.299999999999999,9.45,9.6,9.75,9.9,10.049999999999999,10.2,10.35,10.5,10.65,10.799999999999999,10.95,11.1,11.25,11.4,11.549999999999999,11.7,11.85,12.0,12.15,12.299999999999999,12.45,12.6,12.75,12.9,13.049999999999999,13.2,13.35,13.5,13.65,13.799999999999999,13.95,14.1,14.25,14.399999999999999,14.549999999999999,14.7,14.85,15.0,15.149999999999999",2007R_GLUT1_647_WGA_594_0002.nd2,2007,M,R,5.5,Homo,Experimental,0,False,3.887147999153081,False,"[13.1469405  13.59707813 13.75862799 14.06373068 14.77535465 15.09972475
 15.39042981 16.69997883 17.7522761  19.67245395 21.03811137 22.07304679
 23.86025831 26.37264451 27.6735126  28.66334957 29.71310608 31.08807961
 34.28350625 36.43404616 40.79017574 44.88735973 48.7800127  51.5543087
 53.37539699 56.35528266 58.13296633 58.93055261 61.2845649  61.77937751
 65.57759898 69.73872539 71.61189922 74.05547322 74.1433411  73.73703155
 73.98496718 73.36650434 72.503917   72.60343002 69.94431505 68.09062037
 64.35803515 60.60152445 54.23607876 48.11645141 41.73639636 39.05272073
 35.79017574 34.07092949 31.74698285 28.16218505 25.02329028 22.40419225
 21.59178488 20.19182723 19.66102054 18.94579716 19.120686   19.03726445
 18.59199661 18.45945374 18.46432352 18.18822782 18.09210248 18.06690663
 17.73004446 17.70929494 17.68113487 17.66165573 17.39466441 17.50942198
 17.39614652 17.57167055 17.27673089 17.2299386  17.29366928 17.34173195
 17.22146941 17.21681135 17.06373068 17.25047639 17.12237984 17.24221893
 17.05483803 17.01799704 16.80774931 16.92716494 16.96485285 16.87338556
 16.88227821 17.02286682 16.97903875 16.8587762  16.71924624 16.96146517
 16.93521067 16.8126191  16.85941139 16.65869151 16.95892441 16.71924624]","[1.98539064 2.03281812 2.07537582 2.07601101 2.14948126 2.17467711
 2.17615922 2.27673089 2.4876138  2.83612111 3.29493966 3.61549862
 4.12809655 4.77387254 4.96993436 5.27948338 5.62862587 5.96506458
 6.87063307 7.16663138 7.83717976 7.89328816 7.53525302 7.16705484
 6.84289646 6.34956595 6.16917214 6.1107347  5.86830404 5.77408427
 5.27673089 4.74147787 4.50666949 4.16282024 3.887148   3.73681982
 3.70103748 3.74571247 3.64831675 3.70506034 3.72644506 3.75629896
 3.81452467 3.96929917 4.31590091 4.69150963 4.82130002 4.94982003
 4.76180394 4.87656151 4.81198391 4.92398899 4.9112852  5.05081516
 5.05208554 4.94029219 4.94495024 4.93605759 4.91996612 4.95405463
 4.87529113 4.8970993  4.98983697 5.04467499 5.07071776 5.18674571
 5.2477239  5.34575482 5.57399958 5.4414567  5.46855812 5.47173407
 5.49650646 5.74825323 5.7643447  5.93690451 5.94516197 5.89879314
 5.7558755  5.59093796 5.49714165 5.41795469 5.48930764 5.34384925
 5.35358882 5.12724963 4.97692145 4.87529113 4.77768368 4.92822359
 4.85157739 5.01715012 4.96442939 5.00338768 5.21617616 5.32945162
 5.35591785 5.4982003  5.41139107 5.37137413 5.27567224 5.26699132]","[ 4.8750794   5.25640483  5.56828287  5.96188863  6.79652763  7.68049968
  8.59242007 11.94664408 17.31611264 32.86618675 46.46305314 48.05716705
 39.4052509  30.16853695 27.50730468 26.0220199  25.15011645 23.73470252
 22.21681135 21.39424095 19.79589244 17.76730891 16.0929494  15.06733009
 14.23840779 13.26550921 12.78361211 12.53250053 12.01185687 11.8062672
 11.21744654 10.25534618  9.91382596  9.48083845  9.286047    9.41562566
  9.40122803  9.45691298  9.50158797  9.51619733  9.7537582   9.98094432
 10.38852424 10.97120474 12.09506669 13.57823417 15.33474487 16.0021173
 16.88248994 17.32034724 17.96675842 18.87550286 19.71797586 20.45119627
 20.50052932 19.86999788 18.94579716 17.71522337 16.9212365  16.84861317
 16.62650858 16.26974381 15.62904933 15.02477239 14.67965276 14.13868304
 13.41753123 12.74571247 11.96929917 11.73554944 11.9538429  11.75185264
 11.53758205 11.07791658 10.94198603 10.44971416 10.05229727  9.74973534
  9.28858776  9.04679229  8.75418166  8.57526996  8.62587339  8.49692992
  8.33601524  8.12195638  7.90980309  7.73745501  7.37709083  7.23883125
  7.09125556  6.95130214  6.9275884   6.84077917  6.78763498  6.62862587
  6.52318442  6.4272708   6.30912556  6.16853695  6.04022867  5.84734279]","[0.48846072 0.56912979 0.66080881 0.75333474 0.93245818 1.12386195
 1.31738302 1.99894135 2.99364811 5.5443574  7.6472581  7.95850095
 7.31992378 6.39445268 6.13889477 5.96612323 5.89413508 5.73512598
 5.55494389 5.33813254 5.08956172 4.66631378 4.3506246  4.05970781
 3.90366293 3.6351895  3.46538217 3.42091891 3.26212153 3.14058861
 2.93394029 2.71416473 2.58289223 2.46517044 2.38915943 2.33622697
 2.34342579 2.32839297 2.30806691 2.30679653 2.28541181 2.3123015
 2.35570612 2.42769426 2.57950455 2.80542028 2.97078128 3.01651493
 3.09887783 3.11772179 3.17425365 3.27080246 3.30256193 3.3186534
 3.30002117 3.10819394 2.95850095 2.77556638 2.63540123 2.65953843
 2.55325005 2.58416261 2.47491001 2.33008681 2.28647046 2.23247936
 2.14249418 2.02223163 1.89773449 1.87846708 1.887148   1.88037264
 1.85538852 1.78255346 1.73491425 1.68875715 1.61803938 1.51704425
 1.47363964 1.41223798 1.36502223 1.33538006 1.36883337 1.31103112
 1.27651916 1.26233326 1.20961253 1.19606183 1.11814525 1.08956172
 1.07728139 1.06161338 1.04467499 0.96548804 0.98242642 0.95617192
 0.90832098 0.89180606 0.8651281  0.86618675 0.81875926 0.78064789]",100
97,0.15,"0.0,0.15,0.3,0.44999999999999996,0.6,0.75,0.8999999999999999,1.05,1.2,1.3499999999999999,1.5,1.65,1.7999999999999998,1.95,2.1,2.25,2.4,2.55,2.6999999999999997,2.85,3.0,3.15,3.3,3.4499999999999997,3.5999999999999996,3.75,3.9,4.05,4.2,4.35,4.5,4.6499999999999995,4.8,4.95,5.1,5.25,5.3999999999999995,5.55,5.7,5.85,6.0,6.1499999999999995,6.3,6.45,6.6,6.75,6.8999999999999995,7.05,7.199999999999999,7.35,7.5,7.6499999999999995,7.8,7.949999999999999,8.1,8.25,8.4,8.549999999999999,8.7,8.85,9.0,9.15,9.299999999999999,9.45,9.6,9.75,9.9,10.049999999999999,10.2,10.35,10.5,10.65,10.799999999999999,10.95,11.1,11.25,11.4,11.549999999999999,11.7,11.85,12.0,12.15,12.299999999999999,12.45,12.6,12.75,12.9,13.049999999999999,13.2,13.35,13.5,13.65,13.799999999999999,13.95,14.1,14.25,14.399999999999999,14.549999999999999,14.7,14.85,15.0,15.149999999999999",2007R_GLUT1_647_WGA_594_0002.nd2,2007,M,R,5.5,Homo,Experimental,0,False,4.004528681650453,False,"[16.14978195 17.3342838  18.30006709 19.43357934 21.75243207 24.13082858
 26.09057363 32.46091915 39.06927206 49.17276082 55.0967796  56.98775579
 59.21418987 60.47400201 61.30677625 62.25746394 62.3980208  63.63015767
 65.24639383 67.06088561 71.5967796  76.90389131 80.90171084 83.72257632
 85.64189869 87.42318014 88.54176451 88.35877222 88.81164039 88.98624623
 88.92435424 87.01123784 84.46259644 80.82203958 77.70211338 75.70848708
 75.31063402 74.81013083 73.14273734 73.26517947 70.28061053 68.05182825
 64.09308957 58.74538745 52.55836967 45.68919826 38.25159343 34.75561892
 31.35055351 29.98473667 27.55149279 25.36883596 23.13955049 21.25880577
 20.65363972 19.53874539 18.83679973 18.41865146 18.25729621 17.89885944
 17.82371687 17.8227105  17.45672593 17.42569608 17.06843341 17.25125797
 16.88544113 16.62042939 16.50603824 16.61254613 16.49983227 16.48490439
 16.56826568 16.35390808 16.39617578 16.38460248 16.26400537 16.21972492
 16.08252264 16.15129151 16.02398524 16.10231466 15.89298893 16.10130829
 15.98339483 15.95454545 15.89382757 15.99060718 15.73683328 15.85810131
 15.90992955 15.80040255 15.76735995 15.77490775 15.71888628 15.70546796
 15.76937269 15.58101308 15.63720228 15.62831265 15.57631667 15.7346528 ]","[1.89215029 1.93139886 1.93357934 1.97651795 2.0254948  2.05870513
 2.10063737 2.21855082 2.50922509 3.18601141 3.91462596 4.26618584
 4.39953036 4.21871855 4.14005367 4.14391144 4.07279436 4.06474337
 4.00704462 3.94632674 4.01811473 4.0063737  4.0904059  4.15313653
 4.08889634 4.06860114 4.09912781 4.15246562 4.12948675 4.06407246
 4.00452868 4.06759477 4.03086213 4.09141228 4.09694733 4.08034217
 4.18215364 4.22089903 4.27993962 4.14558873 4.33629654 4.31214358
 4.55635693 4.7155317  5.17494129 5.80979537 6.37588058 6.65951023
 6.91932238 7.16789668 7.46360282 7.93542435 8.44045622 8.09577323
 7.67058034 6.37856424 5.45823549 4.60784971 4.26568266 4.19607514
 4.1187521  4.00620597 3.86162362 3.75964441 3.75578665 3.63451862
 3.61975847 3.56843341 3.49916136 3.53539081 3.48373029 3.48591077
 3.48272392 3.47081516 3.48960081 3.43659846 3.4501845  3.35407581
 3.34082523 3.33931567 3.40841999 3.3493794  3.3493794  3.38141563
 3.41227776 3.38627977 3.39416303 3.38627977 3.39835626 3.36128816
 3.336632   3.36346863 3.31851728 3.31918819 3.31683999 3.36380409
 3.34149614 3.31130493 3.32136867 3.34099296 3.38493794 3.43944985]","[ 5.25662529  5.75763167  6.11573298  6.57614894  7.46041597  8.37520966
  9.22626635 12.3876216  16.80610533 28.69792016 45.72609862 54.20513251
 61.48238846 60.28497149 58.71771218 56.69942972 56.1506206  52.94213351
 49.24253606 45.95907414 40.49094264 35.56742704 31.72140221 29.30912445
 27.53337806 25.4988259  24.49815498 24.06826568 23.23264005 23.0051996
 22.2004361  21.37353237 21.13099631 21.10281785 21.33411607 21.64256961
 21.64558873 21.78480376 21.80912445 21.78430057 21.85441127 21.836632
 21.83193559 21.86816505 21.99949681 22.18064408 22.40741362 22.39516941
 22.39013754 22.38175109 22.27440456 21.96863469 21.13837638 20.05585374
 19.63166723 18.90204629 18.88560886 18.9936263  19.25712848 19.22878229
 19.37588058 19.36179135 19.13938276 18.7537739  18.37973834 17.84216706
 16.71251258 15.79117746 14.64273734 14.41747736 14.58856089 14.37235827
 14.06524656 13.33143241 13.11757799 12.29570614 11.48523985 11.04293861
 10.19423012  9.88862798  9.49446494  9.23213687  9.23163368  9.03840993
  8.8748742   8.61959074  8.31801409  8.10248239  7.67997316  7.44330761
  7.24421335  7.06608521  6.964106    6.77021134  6.78815834  6.5585374
  6.43257296  6.27037907  6.13300906  5.93391479  5.83176786  5.65045287]","[ 1.11388796  1.35357263  1.57463938  1.85675948  2.4374371   2.98171754
  3.50620597  5.27121771  7.66370346 13.2410265  19.36380409 22.32874874
 24.42955384 23.04142905 21.78849379 20.46075143 19.84518618 18.11539752
 15.00184502 13.1262999   9.98859443  7.78799061  6.36262999  5.62378397
  5.18131499  4.59208319  4.33998658  4.28111372  4.07262664  3.99916136
  3.72240859  3.45488091  3.36984233  3.28228782  3.26937269  3.25209661
  3.25008386  3.22358269  3.18903053  3.21704126  3.15213016  3.1952365
  3.25410936  3.29520295  3.38342838  3.41965783  3.45404227  3.49630996
  3.48406575  3.4988259   3.46628648  3.49496813  3.47668568  3.38242201
  3.2983898   3.2079839   3.16303254  3.07832942  3.02482388  3.01341832
  2.95387454  2.98020798  2.82858101  2.76467628  2.69624287  2.54059041
  2.37722241  2.21133848  2.04327407  1.99748407  2.03723583  2.02247568
  1.95521637  1.85709493  1.81801409  1.72475679  1.63250587  1.54528682
  1.50184502  1.42318014  1.34283797  1.3151627   1.31902046  1.27323046
  1.24890976  1.20412613  1.17108353  1.11170748  1.09208319  1.01408923
  1.0063737   0.96444146  0.97400201  0.93475344  0.91462596  0.90288494
  0.8406575   0.80811808  0.77272727  0.76216035  0.71888628  0.68869507]",101
98,0.15,"0.0,0.15,0.3,0.44999999999999996,0.6,0.75,0.8999999999999999,1.05,1.2,1.3499999999999999,1.5,1.65,1.7999999999999998,1.95,2.1,2.25,2.4,2.55,2.6999999999999997,2.85,3.0,3.15,3.3,3.4499999999999997,3.5999999999999996,3.75,3.9,4.05,4.2,4.35,4.5,4.6499999999999995,4.8,4.95,5.1,5.25,5.3999999999999995,5.55,5.7,5.85,6.0,6.1499999999999995,6.3,6.45,6.6,6.75,6.8999999999999995,7.05,7.199999999999999,7.35,7.5,7.6499999999999995,7.8,7.949999999999999,8.1,8.25,8.4,8.549999999999999,8.7,8.85,9.0,9.15,9.299999999999999,9.45,9.6,9.75,9.9,10.049999999999999,10.2,10.35,10.5,10.65,10.799999999999999,10.95,11.1,11.25,11.4,11.549999999999999,11.7,11.85,12.0,12.15,12.299999999999999,12.45,12.6,12.75,12.9,13.049999999999999,13.2,13.35,13.5,13.65,13.799999999999999,13.95,14.1,14.25,14.399999999999999,14.549999999999999,14.7,14.85,15.0,15.149999999999999",2007R_GLUT1_647_WGA_594_0002.nd2,2007,M,R,5.5,Homo,Experimental,0,False,3.1680451886221506,False,"[14.45531572 15.13153117 15.60681864 16.28303409 17.39882994 18.56586645
 19.33124874 22.46257817 25.23159169 31.80189631 40.17651806 46.51866048
 58.50978414 68.82287674 72.24894089 74.8428485  75.88077466 78.9070002
 81.94714545 83.09057898 85.14222312 83.81198305 82.7706274  81.13960056
 79.17893887 76.68448658 75.14968731 75.127093   73.54387735 72.74399839
 71.03792617 68.83336696 67.75933024 64.18983256 62.00968328 60.65160379
 60.45773653 60.15412548 59.43494049 59.43070405 58.41779302 58.15230986
 57.44260642 56.13415372 54.47145451 52.18378051 49.2628606  47.66108533
 45.525116   44.73370991 43.17268509 40.02259431 36.46802502 30.8267097
 28.44240468 24.16784345 22.11095421 20.76094412 20.00080694 19.95945128
 19.70566875 19.48860198 19.13395199 18.74621747 18.57030462 18.45410531
 18.21726851 18.18418398 17.95924955 17.88420416 17.9104297  17.87189833
 17.83054267 17.80431713 17.59834577 17.39580391 17.41839822 17.37764777
 17.4875933  17.38975187 17.33750252 17.26487795 16.9866855  17.04539036
 17.07746621 17.23320557 17.1692556  17.03732096 16.89247529 17.21989106
 16.94391769 16.9578374  16.88783538 16.90276377 16.87129312 16.94633851
 16.92757716 16.85051442 17.0046399  16.91789389 16.96691547 16.73613072]","[ 1.91789389  1.9485576   1.9699415   2.0080694   2.02864636  2.05164414
  2.03853137  2.14222312  2.28848094  2.55416583  2.83760339  3.01089369
  3.17127295  3.2334073   3.22049627  3.23502118  3.21525116  3.16441396
  3.13859189  3.1692556   3.16804519  3.22029453  3.32479322  3.43594916
  3.57373411  3.90619326  4.16280008  4.35263264  4.76074238  5.01533185
  5.7117208   7.07786968  8.1022796   9.58886423 10.50494251 10.95561832
 11.00907807 11.19850716 11.60076659 11.55678838 12.07524713 12.08371999
 12.220698   12.18236837 11.78716966 11.33709905 10.74077063 10.364535
 10.07585233  9.82630623  9.42989712  8.87149486  8.42223119  7.67500504
  7.20839217  6.47407706  5.93806738  5.34294936  4.97437967  4.91728868
  4.80209804  4.64071011  4.59007464  4.42202945  4.37845471  4.38753278
  4.39681259  4.3732096   4.48618116  4.47468227  4.37744604  4.48053258
  4.52208997  4.49828525  4.59410934  4.69154731  4.84910228  5.06637079
  5.25559814  5.29897115  5.44522897  5.42041557  5.32802098  5.30724228
  5.32539843  5.07928182  4.96711721  4.82630623  4.49404882  4.31026831
  4.1912447   4.1057091   4.11095421  4.08129917  4.03268106  4.02158564
  4.03792617  4.05709098  4.10449869  4.26548316  4.36191245  4.7030462 ]","[ 4.83841033  5.22614485  5.59531975  5.92233206  6.95118015  7.90962276
  8.95541658 12.33003833 17.15089772 29.19850716 40.32701231 42.93907605
 38.23118822 30.57050635 27.60096833 25.54407908 24.25519467 21.70909824
 18.64676215 16.88924753 14.50938067 13.03530361 12.46641114 12.46721808
 12.52531773 13.01412144 13.43756304 13.67903974 14.22715352 14.45047408
 15.33467823 16.39378656 16.61367763 17.01997176 17.17268509 17.17813193
 17.05870486 17.0127093  16.51341537 16.60984466 15.57030462 14.76013718
 13.73108735 12.81278999 11.92354247 11.44845673 11.34799274 11.4875933
 11.88198507 12.20516441 12.58664515 13.62174702 14.77708291 16.10389348
 16.74097236 18.09340327 18.45007061 18.83982247 19.02158564 19.06879161
 19.08654428 18.82933226 18.51866048 18.11821666 17.80734315 17.18277184
 16.10712124 15.34900141 14.25035304 13.99677224 14.27678031 14.07887835
 13.83820859 13.33024006 13.13637281 12.64071011 12.05769619 11.61932621
 10.94553157 10.57393585 10.16481743  9.94613678  9.96953803  9.71797458
  9.60177527  9.32822272  9.14181965  8.85313698  8.491628    8.26810571
  8.04417995  7.84244503  7.7157555   7.55295542  7.46681461  7.20698003
  7.08997377  6.86120637  6.67056688  6.48456728  6.30804922  6.1063143 ]","[0.4528949  0.55073633 0.60742385 0.71878152 0.92091991 1.11014727
 1.26992132 1.88057293 2.66269921 4.39580391 5.88601977 6.26709703
 6.11014727 5.40508372 5.10147266 4.86282025 4.7117208  4.35686907
 3.86645148 3.5759532  3.14101271 2.76417188 2.62154529 2.52027436
 2.5257212  2.56284043 2.601977   2.61206375 2.70062538 2.72927174
 2.8515231  2.96489812 3.08392173 3.23260036 3.34980835 3.4321162
 3.40649586 3.40165423 3.42727456 3.42969538 3.38269114 3.24026629
 3.10691951 2.92091991 2.78999395 2.69235425 2.64514828 2.64978818
 2.64071011 2.68771434 2.77224127 2.80431713 2.93342748 3.04720597
 3.06677426 3.13415372 3.1010692  3.0248134  2.95239056 2.96449465
 2.93524309 2.89529958 2.82812185 2.7163607  2.64494654 2.56445431
 2.43715957 2.29876942 2.16280008 2.16179141 2.16663304 2.13253984
 2.12406698 2.03187412 1.99798265 1.94613678 1.83841033 1.74904176
 1.64454307 1.59088158 1.53560621 1.45228969 1.48618116 1.44038733
 1.42949365 1.40084729 1.36998184 1.3264071  1.26588662 1.23966109
 1.17530765 1.14827517 1.14464394 1.0802905  1.05406496 1.0381279
 0.98144039 0.93968126 0.90740367 0.90175509 0.87250353 0.80431713]",102
99,0.15,"0.0,0.15,0.3,0.44999999999999996,0.6,0.75,0.8999999999999999,1.05,1.2,1.3499999999999999,1.5,1.65,1.7999999999999998,1.95,2.1,2.25,2.4,2.55,2.6999999999999997,2.85,3.0,3.15,3.3,3.4499999999999997,3.5999999999999996,3.75,3.9,4.05,4.2,4.35,4.5,4.6499999999999995,4.8,4.95,5.1,5.25,5.3999999999999995,5.55,5.7,5.85,6.0,6.1499999999999995,6.3,6.45,6.6,6.75,6.8999999999999995,7.05,7.199999999999999,7.35,7.5,7.6499999999999995,7.8,7.949999999999999,8.1,8.25,8.4,8.549999999999999,8.7,8.85,9.0,9.15,9.299999999999999,9.45,9.6,9.75,9.9,10.049999999999999,10.2,10.35,10.5,10.65,10.799999999999999,10.95,11.1,11.25,11.4,11.549999999999999,11.7,11.85,12.0,12.15,12.299999999999999,12.45,12.6,12.75,12.9,13.049999999999999,13.2,13.35,13.5,13.65,13.799999999999999,13.95,14.1,14.25,14.399999999999999,14.549999999999999,14.7,14.85,15.0,15.149999999999999",2007R_GLUT1_647_WGA_594_0002.nd2,2007,M,R,5.5,Homo,Experimental,0,False,8.99525644826564,False,"[13.09576045 13.40631485 13.71049511 14.01734361 14.68692559 15.43892677
 16.15475838 18.67610436 20.79676846 22.33679217 21.88496887 21.12036763
 20.33768159 20.0185295  20.20975393 19.80254966 19.96546101 20.17625259
 20.08004744 20.25956122 20.80833086 21.46753632 22.64541951 23.72517047
 24.85176401 27.12451823 29.48562111 29.83990513 31.79217314 33.01008005
 36.54936259 41.30017788 43.64586422 46.38541358 48.89149125 50.54372962
 50.90201601 51.77734954 53.80180848 53.2825378  57.01437889 58.76489772
 60.83960866 61.77260599 59.85902757 56.17284317 49.69329973 46.76534243
 43.325378   41.39623481 38.27794248 34.71805514 29.94648681 25.71360806
 24.07293211 21.48591758 20.51348948 19.60702639 19.21998221 19.1391936
 18.93210792 18.71464572 18.4328491  18.3327898  18.22457753 17.94633857
 17.91506078 17.65713015 17.50118589 17.5391343  17.64245479 17.40557367
 17.55217907 17.3677735  17.49214349 17.12377705 17.16009487 17.20026682
 16.98665876 17.02208716 16.96649867 16.86851468 16.96249629 16.92795731
 16.94381856 16.86688408 16.65624074 16.69819152 16.62214646 16.6635043
 16.66172547 16.68514675 16.5148236  16.60969463 16.59442633 16.46249629
 16.67269493 16.46442336 16.54298844 16.45167507 16.57219093 16.35072636]","[ 1.95745627  1.98428698  2.00830122  2.02772013  2.06685443  2.11310406
  2.12244293  2.22472576  2.47479988  2.79721316  3.24488586  3.48384228
  3.83264157  4.12941002  4.18144085  4.33857101  4.42099022  4.65223836
  5.05277201  5.42054551  6.12614883  6.92943967  7.67817966  8.02327305
  8.37681589  8.96723985  9.31233323  9.48369404  9.701008    9.83975689
 10.03883783  9.73999407  9.55173436  9.44411503  9.56018381  9.46961162
  9.51067299  9.57752742  9.53157427  9.43062556  9.44337385  9.22917284
  9.19285503  8.99525645  8.80625556  8.73450934  8.65594426  8.48176697
  8.53809665  8.48739994  8.35902757  8.17358435  7.91965609  7.47554106
  7.11710643  6.27216128  5.62511118  4.80077083  4.46575749  4.43966795
  4.23124815  4.14897717  4.03809665  3.89653128  3.84242514  3.84361103
  3.72887637  3.67239846  3.66646902  3.61147347  3.62911355  3.63356063
  3.61992292  3.68158909  3.64467833  3.60939816  3.63089238  3.68188556
  3.69493033  3.68825971  3.70308331  3.67358435  3.67076786  3.64616069
  3.63074414  3.56996739  3.53290839  3.48814112  3.51230359  3.45597391
  3.45834569  3.47835755  3.44589386  3.45641862  3.47835755  3.45226801
  3.49540468  3.49407056  3.48873406  3.55914616  3.65223836  3.71597984]","[ 4.81411207  5.1577231   5.46071746  5.80788615  6.57530388  7.25348355
  7.97598577 10.96308924 15.33026979 28.07144975 42.78120368 45.73732582
 40.49481174 32.13000296 29.47302105 27.6095464  26.92247258 25.45300919
 24.44411503 23.80862733 22.76845538 21.83575452 21.1655796  20.85769345
 20.7846131  20.49896235 20.56566854 20.45152683 20.19611622 19.89727246
 18.87918767 16.28639194 14.52757189 12.11221465 10.40201601  9.71108805
  9.47079751  9.36332642  8.86747702  9.01245182  8.61147347  8.59264749
  8.73035873  8.92321376  9.32938037  9.68144085 10.29587904 10.63237474
 11.14453009 11.29009784 11.73465757 12.18544323 12.936555   13.99481174
 14.4777646  16.07263564 17.20174918 17.84464868 17.62377705 17.63267121
 17.27156834 17.0481767  16.36806997 15.44159502 15.12036763 14.34672398
 13.28550252 12.48206345 11.687815   11.54313667 11.76267418 11.57915802
 11.39060184 11.04224726 10.85087459 10.43077379  9.90290543  9.67328787
  9.1466054   8.86836644  8.67106433  8.45493626  8.4793952   8.3496887
  8.29602728  8.08464275  7.86806997  7.60984287  7.30447673  7.02193893
  6.88571005  6.66973021  6.60332049  6.51956715  6.44693151  6.31099911
  6.19700563  6.07011562  5.9962941   5.86599466  5.7434035   5.66217017]","[0.57915802 0.67640083 0.76326712 0.86643937 1.08286392 1.2677142
 1.44633857 2.13519122 3.1301512  5.56937444 8.06996739 8.57945449
 8.28906018 7.63474652 7.44367032 7.33293804 7.30655203 7.26356359
 7.19300326 7.20130448 7.03290839 6.61236288 6.28505781 6.01067299
 5.7603024  5.62214646 5.5206048  5.49169878 5.42158316 5.30640379
 5.03379781 4.41150311 4.01541654 3.34954047 2.87088645 2.66913727
 2.58968277 2.56225912 2.362437   2.38541358 2.1766973  2.14719834
 2.0745627  2.01630596 2.04491551 2.12896531 2.21390454 2.29261785
 2.36792173 2.39089831 2.45819745 2.55959087 2.69982212 2.82463682
 2.85843463 2.97346576 2.97687519 2.86021346 2.7302105  2.69241032
 2.61310406 2.60806404 2.45197154 2.30492143 2.25704121 2.1503113
 1.99733175 1.87296176 1.7656389  1.78357545 1.80121554 1.77749778
 1.74355173 1.68825971 1.63296768 1.59501927 1.49184702 1.45375037
 1.39475245 1.32745331 1.29039431 1.25867181 1.26786244 1.25733768
 1.22961755 1.19300326 1.16943374 1.10539579 1.06700267 1.01927068
 0.98458346 0.96946339 0.95078565 0.90705603 0.91654314 0.90498073
 0.84064631 0.82448859 0.80862733 0.79884376 0.761933   0.73539875]",103
100,0.15,"0.0,0.15,0.3,0.44999999999999996,0.6,0.75,0.8999999999999999,1.05,1.2,1.3499999999999999,1.5,1.65,1.7999999999999998,1.95,2.1,2.25,2.4,2.55,2.6999999999999997,2.85,3.0,3.15,3.3,3.4499999999999997,3.5999999999999996,3.75,3.9,4.05,4.2,4.35,4.5,4.6499999999999995,4.8,4.95,5.1,5.25,5.3999999999999995,5.55,5.7,5.85,6.0,6.1499999999999995,6.3,6.45,6.6,6.75,6.8999999999999995,7.05,7.199999999999999,7.35,7.5,7.6499999999999995,7.8,7.949999999999999,8.1,8.25,8.4,8.549999999999999,8.7,8.85,9.0,9.15,9.299999999999999,9.45,9.6,9.75,9.9,10.049999999999999,10.2,10.35,10.5,10.65,10.799999999999999,10.95,11.1,11.25,11.4,11.549999999999999,11.7,11.85,12.0,12.15,12.299999999999999,12.45,12.6,12.75,12.9,13.049999999999999,13.2,13.35,13.5,13.65,13.799999999999999,13.95,14.1,14.25,14.399999999999999,14.549999999999999,14.7,14.85,15.0,15.149999999999999",2007R_GLUT1_647_WGA_594_0002.nd2,2007,M,R,5.5,Homo,Experimental,0,False,3.527994929220368,False,"[13.07690682 13.37988591 13.64673569 13.89055567 14.46038453 14.8757659
 15.47115994 16.45256708 17.50496514 19.36932178 21.04267906 21.69807733
 23.85294739 25.91168392 27.11366998 28.15888443 28.65391929 30.29051342
 33.2002958  35.2195225  40.57891401 46.05979294 50.16564547 53.57743503
 55.47749842 58.08979506 59.29579548 59.70103528 60.52461441 61.09148532
 62.05958166 63.34354532 64.02028312 65.94295373 68.75385591 70.1375449
 70.76442003 70.86837101 72.87132897 72.18275935 73.08070991 72.65729981
 69.88168181 65.86668075 59.37946334 51.01014156 41.9385168  37.76885696
 33.57236425 31.64145362 28.80477498 26.00190154 23.64631312 21.69659835
 21.04120008 20.22353687 19.5922248  18.97549123 18.64145362 18.60574688
 18.51405029 18.45658145 18.20050708 17.98985844 18.0289457  17.95182759
 17.79801394 17.63617156 17.41770547 17.3148109  17.47580816 17.49904923
 17.08916121 17.2653708  17.36129305 17.0881048  17.25396155 17.15888443
 17.23135432 17.06063807 17.13585464 17.05049651 17.08134376 17.16458906
 17.00739489 16.97908303 16.79780266 16.81512783 16.83731249 16.8721741
 16.95753222 16.82907247 16.69617579 16.78090006 16.73082611 16.82759349
 16.76758927 16.7346292  16.63257976 16.56518065 16.56982886 16.56032115]","[1.87851257 1.90809212 1.94295373 1.96239172 1.98394253 2.04394676
 2.02133953 2.18529474 2.42404395 2.78090006 3.39678851 3.84449609
 4.80878935 5.72892457 5.97401225 6.22628354 6.3896049  6.41031059
 6.41474752 6.16987112 5.49102049 4.86118741 4.52757236 4.39573209
 4.2689626  4.13500951 4.21867737 4.26114515 4.1918445  4.26220156
 4.16141982 4.08831608 3.92837524 3.73695331 3.67356856 3.66786393
 3.67145574 3.69807733 3.60004226 3.64504543 3.52799493 3.51278259
 3.44052398 3.47221635 3.55208113 3.5922248  3.57088527 3.62138179
 3.56074371 3.55525037 3.58799915 3.64462286 3.61250792 3.59074583
 3.52672723 3.51130361 3.55841961 3.57468836 3.40671878 3.52271287
 3.45256708 3.42045214 3.39045003 3.43122755 3.41432495 3.43608705
 3.40439468 3.40693007 3.43418551 3.43334038 3.43925629 3.44791887
 3.4234101  3.41094443 3.38009719 3.40418339 3.38939362 3.34650327
 3.42995986 3.38136488 3.36868794 3.42383266 3.43080499 3.40502852
 3.45531375 3.43101627 3.41094443 3.43756603 3.45193323 3.38157617
 3.44834143 3.47559687 3.43925629 3.37988591 3.42383266 3.51721952
 3.54341855 3.62750898 3.78216776 3.98922459 4.30804986 4.78237904]","[ 4.85675048  5.2533277   5.54088316  5.90365519  6.70885274  7.61081766
  8.37692795 11.7346292  16.31861399 28.54637651 40.42848088 42.34164378
 37.07183604 30.64715825 28.70526093 27.6091274  27.01352208 25.96556095
 25.0217621  24.48700613 23.1085992  21.71857173 20.70462709 20.02662159
 19.53137545 18.95563068 18.69047116 18.47601944 18.09571097 17.98035073
 17.31459962 16.37798437 15.85738432 14.88928798 13.87259666 13.26494824
 13.10352842 13.02873442 12.40101416 12.48510458 11.91400803 11.91083879
 12.22818508 13.0169026  14.2871329  15.99387281 17.70420452 18.51130361
 19.51003592 20.02028312 20.73145996 21.99704205 23.20325375 23.74984154
 23.66744137 22.82526939 21.67483626 20.43650961 19.74794    19.66321572
 19.20642299 18.81386013 18.07183604 17.24783435 16.80794422 16.186985
 15.13965772 14.31016269 13.42256497 13.32051553 13.55334883 13.30614832
 13.02324107 12.5320093  12.38749208 11.76695542 11.10289457 10.80160575
 10.23219945  9.90281006  9.60469047  9.42087471  9.45700401  9.26790619
  9.16965984  8.90069723  8.64124234  8.44242552  7.9964082   7.71540249
  7.51130361  7.25375026  7.20240862  7.06697655  7.0120431   6.75660258
  6.65032749  6.48742869  6.32833298  6.20536658  6.0904289   5.8806254 ]","[0.52165645 0.61609973 0.6959645  0.80604268 0.99746461 1.21762096
 1.40016903 2.12233256 3.0819776  5.32199451 7.38516797 7.97358969
 7.69385168 7.0361293  6.76653285 6.63025565 6.53644623 6.31016269
 6.09190788 5.90935981 5.49482358 5.16311008 4.92858652 4.63236848
 4.60828227 4.33551659 4.3027678  4.21381787 4.17599831 4.14008029
 3.96196915 3.79125291 3.78216776 3.65455314 3.58461864 3.53750264
 3.51679696 3.45531375 3.38791464 3.32791042 3.27107543 3.26241285
 3.25544052 3.336573   3.49017536 3.60447919 3.83963659 3.88717515
 3.95605324 3.98077329 4.04183393 4.09486584 4.05451088 3.94337629
 3.82400169 3.57151912 3.32283964 3.10838791 2.94654553 2.96175787
 2.91569829 2.89245722 2.75470104 2.61229664 2.53729136 2.44580604
 2.30572576 2.1664906  2.02957955 2.04035495 2.04479189 1.99767589
 1.99788718 1.91168392 1.88463976 1.78132263 1.67356856 1.64187619
 1.58377351 1.5596873  1.46228608 1.44474963 1.44369322 1.43228396
 1.41580393 1.36213818 1.31988168 1.27952673 1.22353687 1.15085569
 1.10944433 1.08937249 1.06253962 1.02218466 1.01732516 0.97020917
 0.9300655  0.9083034  0.89309106 0.87111768 0.82907247 0.81259244]",104
101,0.15,"0.0,0.15,0.3,0.44999999999999996,0.6,0.75,0.8999999999999999,1.05,1.2,1.3499999999999999,1.5,1.65,1.7999999999999998,1.95,2.1,2.25,2.4,2.55,2.6999999999999997,2.85,3.0,3.15,3.3,3.4499999999999997,3.5999999999999996,3.75,3.9,4.05,4.2,4.35,4.5,4.6499999999999995,4.8,4.95,5.1,5.25,5.3999999999999995,5.55,5.7,5.85,6.0,6.1499999999999995,6.3,6.45,6.6,6.75,6.8999999999999995,7.05,7.199999999999999,7.35,7.5,7.6499999999999995,7.8,7.949999999999999,8.1,8.25,8.4,8.549999999999999,8.7,8.85,9.0,9.15,9.299999999999999,9.45,9.6,9.75,9.9,10.049999999999999,10.2,10.35,10.5,10.65,10.799999999999999,10.95,11.1,11.25,11.4,11.549999999999999,11.7,11.85,12.0,12.15,12.299999999999999,12.45,12.6,12.75,12.9,13.049999999999999,13.2,13.35,13.5,13.65,13.799999999999999,13.95,14.1,14.25,14.399999999999999,14.549999999999999,14.7,14.85,15.0,15.149999999999999",2007R_GLUT1_647_WGA_594_0002.nd2,2007,M,R,5.5,Homo,Experimental,0,False,4.815084353291432,False,"[12.69649355 12.7975521  13.0243136  13.05127357 13.61991399 13.74082038
 14.12950711 14.85428382 15.91515051 17.04250744 17.91233874 18.2624876
 18.47022825 18.6786305  18.738174   18.88190539 18.81905392 18.86387694
 18.94756864 19.04019186 19.49189547 19.73966259 20.59130003 20.91415812
 21.58815746 22.74495534 23.55342375 23.65415151 24.73288124 25.24098578
 27.11081707 30.58799206 33.01323189 36.80019848 41.66854118 44.95997354
 45.91233874 46.69483956 50.87098908 49.67433014 57.20608667 61.39811446
 67.2024479  71.68524644 74.58038372 74.85213364 71.79292094 69.41233874
 65.18508105 62.72957327 58.13248429 50.11065167 40.27158452 30.91945088
 28.40853457 24.56930202 22.26993053 20.95749256 20.42342044 20.18971221
 19.85296064 19.62553755 19.49586503 19.00165399 18.79374793 18.68756202
 18.31078399 18.18938141 18.08898445 17.89976844 18.06599405 18.05028118
 17.7739001  17.75355607 17.73436983 17.52315581 17.50496196 17.31392656
 17.37562024 17.25305987 17.32351968 17.14422759 17.19930533 17.2734039
 16.99338406 17.21931856 16.96956666 16.82815084 16.69302018 17.0239828
 17.00099239 16.99801522 17.09642739 16.76811115 16.69781674 16.95666556
 16.9766788  16.73337744 16.82798544 16.68756202 16.74776712 16.68011909]","[ 1.976348    1.97155144  2.0358915   2.04912339  2.10817069  2.15249752
  2.1424082   2.29292094  2.5115779   2.82550447  3.33956335  3.67052597
  4.05110817  4.47138604  4.67565332  4.89348329  4.94310288  5.45468078
  6.18260007  6.97800198  8.6313265  10.19947072 10.79341714 10.78465101
 10.69401257 10.78250083 10.60387033 10.6784651  10.86520013 10.9765134
 11.30267946 10.73652001 10.03903407  8.59808138  7.69467416  7.5239828
  7.48742971  7.38554416  7.17548793  7.31541515  7.04399603  6.87247767
  6.64654317  6.14770096  5.4520344   4.81508435  4.07476017  3.93499835
  3.67962289  3.6548131   3.61065167  3.55805491  3.66920278  3.86222296
  3.94326828  4.00248098  3.94922263  3.86420774  3.71303341  3.76414158
  3.5957658   3.65067813  3.55292756  3.60122395  3.58650347  3.60089315
  3.60221634  3.60982468  3.59642739  3.59675819  3.54598081  3.57657956
  3.54416143  3.55441614  3.4875951   3.50595435  3.48329474  3.53241813
  3.57773735  3.54945418  3.60039696  3.58154152  3.61214026  3.61561363
  3.61147866  3.61726761  3.62785313  3.65233212  3.66953358  3.70972544
  3.69698975  3.90406881  3.8332782   3.98924909  3.98660271  4.20807145
  4.41233874  4.53870327  4.77042673  4.96493549  5.09659279  5.08733047]","[ 4.93499835  5.26860734  5.62371816  5.94326828  6.88951373  7.69517036
  8.45881575 11.99454185 17.26778035 32.3686735  47.16010586 48.68028449
 39.23966259 29.5597089  27.16903738 25.58236851 25.28035065 24.12007939
 23.59427721 23.53671849 23.42259345 22.96030433 22.08733047 21.49222627
 20.92292425 20.04052266 19.66357923 19.60188554 19.26579557 19.15084353
 18.76794575 18.18822362 17.49156467 16.38438637 15.2385048  14.78250083
 14.72378432 14.65712868 14.1066821  14.26844195 13.44409527 12.87628184
 11.98991068 11.05391995 10.3929871   9.78382402  9.55391995  9.6308303
 10.03804168 10.26414158 10.86718492 11.93417135 13.81425736 16.21700298
 17.08832286 18.72758849 19.18127688 18.70608667 18.1311611  18.10883229
 17.71700298 17.25355607 16.60287794 15.75802183 15.53853788 14.83625538
 13.97055905 13.12983791 12.31690374 12.17747271 12.37032749 12.14604697
 11.92490903 11.48627192 11.29374793 10.71782997 10.28713199  9.92590142
  9.40721138  9.14637777  8.86486934  8.73221965  8.76099901  8.57773735
  8.55673172  8.25851803  8.0360569   7.86073437  7.53274892  7.31607674
  7.18177307  7.08005293  6.96311611  6.89397949  6.85841879  6.67763811
  6.53986107  6.32881244  6.23701621  6.06086669  5.97287463  5.78051604]","[0.49404565 0.57972213 0.64869335 0.74181277 0.9283824  1.09708898
 1.23288124 1.90688058 2.86635792 5.23321204 7.39745286 7.70559047
 6.87198148 5.93913331 5.64737016 5.45798875 5.46361231 5.34435991
 5.36437314 5.3929871  5.35031426 5.31921932 5.24131657 5.22064175
 5.19483956 5.03010255 5.0358915  5.00330797 4.87429706 4.82467747
 4.62388356 4.14075422 3.85180284 3.44244128 3.15712868 3.02613298
 2.99652663 2.9639431  2.85990738 2.83013563 2.63446907 2.56434006
 2.34270592 2.15133973 2.0352299  1.95335759 1.91118095 1.93053258
 2.01405888 2.04019186 2.13380748 2.39083692 2.70608667 3.01339729
 3.10138935 3.22031095 3.10899768 2.93681773 2.76860734 2.75769104
 2.666391   2.61346345 2.46179292 2.35891499 2.30069467 2.1786305
 2.09890837 1.98197155 1.8565994  1.84932187 1.88537876 1.82484287
 1.82318889 1.77092292 1.71650678 1.67036057 1.58170691 1.49884221
 1.42358584 1.36453854 1.31888852 1.28779358 1.28762818 1.25256368
 1.22758849 1.18905061 1.1782997  1.12471055 1.0830301  1.04515382
 1.01670526 1.00380417 0.97155144 0.96840887 0.93251737 0.94657625
 0.90026464 0.86089977 0.83592458 0.85229904 0.7980483  0.78250083]",105
102,0.15,"0.0,0.15,0.3,0.44999999999999996,0.6,0.75,0.8999999999999999,1.05,1.2,1.3499999999999999,1.5,1.65,1.7999999999999998,1.95,2.1,2.25,2.4,2.55,2.6999999999999997,2.85,3.0,3.15,3.3,3.4499999999999997,3.5999999999999996,3.75,3.9,4.05,4.2,4.35,4.5,4.6499999999999995,4.8,4.95,5.1,5.25,5.3999999999999995,5.55,5.7,5.85,6.0,6.1499999999999995,6.3,6.45,6.6,6.75,6.8999999999999995,7.05,7.199999999999999,7.35,7.5,7.6499999999999995,7.8,7.949999999999999,8.1,8.25,8.4,8.549999999999999,8.7,8.85,9.0,9.15,9.299999999999999,9.45,9.6,9.75,9.9,10.049999999999999,10.2,10.35,10.5,10.65,10.799999999999999,10.95,11.1,11.25,11.4,11.549999999999999,11.7,11.85,12.0,12.15,12.299999999999999,12.45,12.6,12.75,12.9,13.049999999999999,13.2,13.35,13.5,13.65,13.799999999999999,13.95,14.1,14.25,14.399999999999999,14.549999999999999,14.7,14.85,15.0,15.149999999999999",2007R_GLUT1_647_WGA_594_0002.nd2,2007,M,R,5.5,Homo,Experimental,0,True,34.14185331576636,False,"[13.1181379  13.43741765 13.68335529 13.68555116 14.21168204 14.47870004
 14.75098814 15.71848924 16.75713658 18.16512956 19.59332455 20.14273166
 21.21958718 22.62889767 23.31620553 24.21519543 23.47650417 24.82696531
 26.42555995 27.53535354 29.40228371 31.38998682 33.40228371 34.8304787
 37.35002196 40.39833114 42.03337725 43.23583663 44.80061484 47.02547211
 50.9657444  58.3732982  63.04830918 69.32103645 74.77294686 77.88449715
 79.19323671 79.44224857 81.83618797 80.41194554 83.05928854 83.82081686
 82.30434783 77.66359245 72.77119016 65.80588494 59.49231445 56.95696091
 54.04303909 51.89459816 49.25428195 45.02547211 38.62538428 31.72375933
 29.33201581 24.46376812 22.19499341 21.13306983 20.55423803 20.41238472
 20.03996487 19.87703118 19.05094422 19.09705753 18.7979798  18.54721124
 18.05884936 18.3030303  17.86209925 17.85507246 17.90338164 17.63372859
 17.70487484 17.80720246 17.390426   17.62011419 17.53096179 17.0342556
 17.2516469  17.19982433 16.87922705 17.17742644 17.27009223 16.75054897
 17.04699166 17.05621432 17.09003074 16.74044796 16.87000439 16.73737374
 16.99385156 16.79578393 16.89459816 16.65788318 16.54589372 16.52481335
 16.51778656 16.79270971 16.60386473 16.4554238  16.38910848 16.75274484]","[ 2.07509881  2.14361001  2.13482653  2.25296443  2.30917874  2.31927975
  2.42028986  2.54677207  2.77250769  3.17303469  3.70267896  4.15766359
  4.64602547  5.45981555  5.71980676  6.22397892  6.32718489  6.78656126
  7.63416776  8.18137901  9.39569609 11.16512956 12.60298639 14.01932367
 15.02327624 17.2894159  17.3921827  18.22924901 18.8801054  19.79841897
 21.54150198 23.30566535 24.7944664  26.83706632 29.3219148  29.97760211
 30.76811594 30.81466842 32.03337725 31.98418972 33.52788757 34.14185332
 34.33465086 34.29249012 33.99956083 33.54150198 32.10891524 31.60518226
 30.63855951 30.01668863 29.22793149 28.08607817 25.54765042 22.34519104
 20.97277119 16.37681159 13.06192358  9.34167765  8.12736056  7.7619675
  7.30215195  7.0873957   6.45103206  5.94949495  5.71277997  5.19982433
  4.86341678  4.5581906   4.31708388  4.40360123  4.32718489  4.34255599
  4.31137462  4.15019763  4.23759332  4.08432148  4.02503294  4.02239789
  4.02239789  3.90733421  3.92929293  3.82476943  3.87439614  3.77426438
  3.68247694  3.72200264  3.7637242   3.78787879  3.69257795  3.7619675
  3.66315327  3.7654809   3.86780852  3.84628898  3.83530962  3.97540624
  3.96179183  4.06411946  3.92841458  4.05533597  4.29292929  4.71453667]","[ 4.97584541  5.30566535  5.75098814  6.16688625  7.26174791  8.25428195
  9.02239789 12.63987703 17.73517787 28.68555116 40.54765042 42.76152833
 39.05841019 32.57839262 30.42160738 28.24637681 27.82037769 25.36890646
 23.79051383 23.18137901 22.36187967 21.97496706 21.51119895 21.48221344
 21.24681599 20.64075538 20.77250769 20.476065   20.14229249 19.87351779
 19.2037769  17.92226614 17.39481774 16.45761968 15.56389987 15.00746596
 14.76723759 14.67896355 14.1045235  14.45498463 13.23495828 12.47957839
 11.93763724 11.7465964  11.88230127 12.06719368 12.50768555 12.57400088
 12.9007466  12.98067633 13.06280193 13.37725077 13.99253404 15.12121212
 15.866491   18.08871322 20.06455863 21.46772069 21.58629776 21.69126043
 21.62406675 21.42248573 20.86868687 20.18181818 19.78787879 19.02942468
 17.97321036 16.90206412 15.8629776  15.61264822 15.77777778 15.6302152
 15.36714976 14.63285024 14.37988581 13.42072903 12.65788318 12.31708388
 11.647343   11.10232762 10.72683355 10.42336408 10.46772069 10.29249012
 10.13833992  9.76767677  9.5221783   9.34694774  8.93368467  8.70355731
  8.49934124  8.15283267  8.00043917  7.90030742  7.79490558  7.50548968
  7.28722003  7.06411946  6.84014054  6.63504611  6.34738691  6.19104084]","[0.45454545 0.51998243 0.61835749 0.69038208 0.90206412 1.05050505
 1.24374177 1.77821695 2.50373298 3.97716293 5.28502415 5.67105841
 5.46728151 4.99472991 4.82696531 4.68159859 4.61879666 4.46903821
 4.30259113 4.219148   4.21958718 4.10496267 4.09617918 3.99341238
 4.05841019 3.9332455  3.95125165 3.9314888  3.82169521 3.73166447
 3.66051823 3.4914361  3.33640755 3.18533158 2.88713219 2.75450154
 2.68247694 2.68028107 2.57224418 2.53140097 2.31488801 2.16249451
 2.03952569 2.00483092 1.99604743 2.06587615 2.15458937 2.17962231
 2.2209047  2.2380325  2.28151076 2.42907334 2.44400527 2.69477383
 2.85375494 3.08432148 3.26526131 3.2345191  3.15942029 3.1848924
 3.13131313 3.13131313 2.97540624 2.8304787  2.68291612 2.66886254
 2.46508564 2.3407993  2.1884058  2.12823891 2.2226614  2.12736056
 2.10935441 2.02591129 1.99033816 1.85068072 1.75889328 1.67940272
 1.6267018  1.55775143 1.54677207 1.46684234 1.47474747 1.438296
 1.4211682  1.39350022 1.38120334 1.29161177 1.23407993 1.19016249
 1.15942029 1.12648221 1.10715854 1.05050505 1.11111111 1.02064119
 0.95388669 0.91743522 0.86693017 0.86385595 0.79666227 0.79666227]",106
103,0.15,"0.0,0.15,0.3,0.44999999999999996,0.6,0.75,0.8999999999999999,1.05,1.2,1.3499999999999999,1.5,1.65,1.7999999999999998,1.95,2.1,2.25,2.4,2.55,2.6999999999999997,2.85,3.0,3.15,3.3,3.4499999999999997,3.5999999999999996,3.75,3.9,4.05,4.2,4.35,4.5,4.6499999999999995,4.8,4.95,5.1,5.25,5.3999999999999995,5.55,5.7,5.85,6.0,6.1499999999999995,6.3,6.45,6.6,6.75,6.8999999999999995,7.05,7.199999999999999,7.35,7.5,7.6499999999999995,7.8,7.949999999999999,8.1,8.25,8.4,8.549999999999999,8.7,8.85,9.0,9.15,9.299999999999999,9.45,9.6,9.75,9.9,10.049999999999999,10.2,10.35,10.5,10.65,10.799999999999999,10.95,11.1,11.25,11.4,11.549999999999999,11.7,11.85,12.0,12.15,12.299999999999999,12.45,12.6,12.75,12.9,13.049999999999999,13.2,13.35,13.5,13.65,13.799999999999999,13.95,14.1,14.25,14.399999999999999,14.549999999999999,14.7,14.85,15.0,15.149999999999999",2007R_GLUT1_647_WGA_594_0002.nd2,2007,M,R,5.5,Homo,Experimental,0,True,36.94470989761092,False,"[13.08737201 13.3556314  13.53447099 13.57337884 14.16791809 14.50784983
 14.65870307 15.38088737 16.42866894 17.61638225 18.87167235 18.93651877
 19.39180887 19.99522184 20.44914676 20.91604096 20.09556314 20.9331058
 21.97610922 22.41706485 23.9221843  25.07713311 26.77201365 28.07030717
 29.75904437 32.21638225 33.84778157 34.53105802 36.16928328 37.33993174
 40.50648464 46.6559727  50.40819113 56.56860068 64.24709898 69.46416382
 71.91945392 72.48668942 76.19044369 74.16860068 79.3890785  81.74812287
 80.94607509 77.27372014 72.49829352 67.17064846 63.12901024 60.92423208
 58.26143345 56.24778157 54.36791809 50.70716724 43.66552901 35.29351536
 32.10511945 26.19453925 23.34539249 22.07918089 20.94880546 21.11331058
 20.66825939 20.25119454 19.38771331 19.12901024 19.01638225 18.77474403
 18.3112628  18.40136519 18.24982935 18.02047782 18.23071672 17.75904437
 17.76177474 17.98634812 17.46211604 17.48191126 17.59590444 17.45051195
 17.58156997 17.28668942 17.23549488 17.3665529  17.40204778 17.10170648
 17.19522184 17.20955631 17.17337884 16.85051195 16.80682594 16.75085324
 16.98976109 16.98020478 16.77064846 16.51945392 16.8334471  16.67030717
 16.54744027 16.78293515 16.56382253 16.63003413 16.578157   16.59795222]","[ 2.01843003  2.1105802   2.07440273  2.18430034  2.19658703  2.19658703
  2.28737201  2.3774744   2.55631399  2.90238908  3.30511945  3.65255973
  3.83890785  4.19931741  4.21569966  4.32354949  4.33583618  4.36245734
  4.50307167  4.77064846  5.1331058   6.02457338  7.0559727   7.99863481
  8.76518771 11.02935154 11.221843   11.97474403 12.82116041 13.72013652
 15.90170648 18.56860068 20.50511945 23.79112628 28.03754266 29.7556314
 30.71262799 30.92627986 33.26757679 32.60341297 35.40136519 36.48054608
 36.9447099  37.02389078 36.40068259 36.15221843 35.52559727 35.17201365
 34.40409556 33.68122867 33.10648464 32.38703072 29.83686007 26.30648464
 24.64163823 18.93515358 14.74744027 10.36723549  8.90853242  8.52764505
  7.99658703  7.74539249  7.12013652  6.43686007  6.07645051  5.44505119
  5.03276451  4.62935154  4.32764505  4.41843003  4.3447099   4.3003413
  4.36791809  4.10853242  4.13720137  3.92969283  3.87167235  3.85324232
  3.80955631  3.71399317  3.8         3.68395904  3.72013652  3.54266212
  3.5003413   3.58976109  3.57064846  3.69010239  3.61501706  3.70648464
  3.59590444  3.62593857  3.66416382  3.6552901   3.65733788  3.9331058
  3.91262799  4.14744027  4.08532423  4.31262799  4.80546075  5.70443686]","[ 4.96587031  5.35221843  5.82866894  6.26075085  7.31740614  8.35153584
  9.221843   12.85392491 18.14880546 29.47098976 41.42525597 43.45938567
 38.8443686  31.81569966 29.23754266 26.85255973 26.38020478 23.82525597
 22.20955631 21.76587031 21.34266212 21.79180887 22.20136519 22.55017065
 22.79931741 22.4225256  22.62116041 22.50511945 22.27030717 22.10375427
 21.74334471 21.02047782 20.65802048 19.7883959  18.71535836 17.96450512
 17.56177474 17.49283276 16.40136519 16.91194539 14.7440273  13.66962457
 12.69556314 12.28464164 12.37883959 12.55699659 12.83959044 12.8443686
 13.21569966 13.1883959  13.27235495 13.23822526 13.71604096 14.71194539
 15.4668942  17.86894198 20.18361775 22.0443686  22.32491468 22.39863481
 22.36109215 22.12423208 21.3556314  20.78430034 20.38293515 19.79317406
 18.4996587  17.45119454 16.34607509 16.09692833 16.22866894 16.18976109
 15.77406143 15.15972696 14.78088737 13.86552901 13.23139932 12.83959044
 12.02457338 11.50102389 11.06143345 10.71604096 10.74061433 10.47440273
 10.33788396  9.85665529  9.57883959  9.31877133  8.88327645  8.60341297
  8.41979522  8.06962457  7.8778157   7.7337884   7.69146758  7.38976109
  7.18293515  7.00887372  6.72901024  6.5774744   6.30989761  6.23071672]","[0.44846416 0.52627986 0.61979522 0.69692833 0.89624573 1.05870307
 1.27303754 1.83003413 2.58566553 4.10648464 5.43686007 5.69488055
 5.30102389 4.69556314 4.47372014 4.26825939 4.19590444 3.97337884
 3.82320819 3.79931741 3.83412969 3.79453925 3.96040956 3.9556314
 4.09624573 4.13515358 4.08600683 4.15426621 4.10921502 4.09283276
 4.14061433 4.01638225 3.89419795 3.84368601 3.47918089 3.27918089
 3.23481229 3.22047782 3.02730375 2.97337884 2.64778157 2.43139932
 2.1883959  2.1337884  2.09829352 2.20341297 2.13515358 2.13720137
 2.10511945 2.12764505 2.20204778 2.23754266 2.19863481 2.43481229
 2.66211604 2.96245734 3.24641638 3.22389078 3.17269625 3.14744027
 3.12150171 3.13651877 2.97406143 2.86211604 2.71877133 2.72901024
 2.50580205 2.37406143 2.21569966 2.13856655 2.25392491 2.1221843
 2.0887372  2.06825939 1.97474403 1.86757679 1.77337884 1.68259386
 1.67167235 1.59590444 1.55290102 1.49146758 1.46279863 1.45665529
 1.41911263 1.35767918 1.37474403 1.25392491 1.18566553 1.13447099
 1.11877133 1.07098976 1.06279863 1.03071672 1.08464164 0.96928328
 0.93788396 0.90170648 0.84027304 0.82593857 0.77064846 0.78703072]",107
104,0.15,"0.0,0.15,0.3,0.44999999999999996,0.6,0.75,0.8999999999999999,1.05,1.2,1.3499999999999999,1.5,1.65,1.7999999999999998,1.95,2.1,2.25,2.4,2.55,2.6999999999999997,2.85,3.0,3.15,3.3,3.4499999999999997,3.5999999999999996,3.75,3.9,4.05,4.2,4.35,4.5,4.6499999999999995,4.8,4.95,5.1,5.25,5.3999999999999995,5.55,5.7,5.85,6.0,6.1499999999999995,6.3,6.45,6.6,6.75,6.8999999999999995,7.05,7.199999999999999,7.35,7.5,7.6499999999999995,7.8,7.949999999999999,8.1,8.25,8.4,8.549999999999999,8.7,8.85,9.0,9.15,9.299999999999999,9.45,9.6,9.75,9.9,10.049999999999999,10.2,10.35,10.5,10.65,10.799999999999999,10.95,11.1,11.25,11.4,11.549999999999999,11.7,11.85,12.0,12.15,12.299999999999999,12.45,12.6,12.75,12.9,13.049999999999999,13.2,13.35,13.5,13.65,13.799999999999999,13.95,14.1,14.25,14.399999999999999,14.549999999999999,14.7,14.85,15.0,15.149999999999999",2007R_GLUT1_647_WGA_594_0002.nd2,2007,M,R,5.5,Homo,Experimental,0,False,2.975815158713021,False,"[13.79723602 14.30209458 14.86676744 15.20060462 16.3483049  16.97711078
 17.8797236  20.65039948 23.45260203 27.8222846  30.01446772 30.21464047
 29.67328871 29.33448499 29.46167135 29.48456057 29.53508961 30.00215936
 30.43424746 31.10213777 31.989851   33.96134744 35.74368387 36.80479378
 38.42453034 40.12157201 40.97840639 41.53573742 42.209458   42.39451522
 43.68127834 44.30058303 44.1777154  41.591233   38.62578277 36.37227381
 35.71474843 35.03347009 32.3405312  32.89419132 28.90952278 27.31828979
 25.31677823 23.22586914 21.51004103 20.12977759 18.88879292 18.53206651
 18.17685165 18.00151155 17.77909739 17.4003455  17.1280501  17.12178795
 17.00971712 16.5577629  16.3459296  16.35996545 16.22435759 16.31397106
 16.28503563 16.15633772 16.15266681 16.13215288 16.01122868 16.00453466
 15.84063917 15.94515223 15.96760959 15.97840639 15.81191967 15.85726625
 15.83610451 15.74973008 15.89073634 15.77045994 15.92787735 15.71561218
 15.61887281 15.7641978  15.65428633 15.60570071 15.70632693 15.57676528
 15.56402505 15.65277478 15.63485208 15.53573742 15.64564889 15.71021378
 15.59706327 15.6881883  15.40855107 15.49600518 15.59252861 15.66076441
 15.43381559 15.59252861 15.34161088 15.24875837 15.16303174 15.41718851]","[1.85920967 1.91189808 1.92442237 1.95378968 1.99892032 2.10019434
 2.09544375 2.36342043 2.75426474 3.79334917 4.99481753 5.30511769
 4.97084863 4.44245303 4.17879508 4.01425178 3.96329087 3.77067588
 3.61692939 3.52083783 3.33189376 3.17512416 3.05657525 3.04621032
 3.10796804 3.00043187 3.03562945 2.989851   3.03735694 2.91967178
 2.90649968 2.97581516 3.03627726 3.17426042 3.33707623 3.51090477
 3.53163464 3.570935   3.79615634 3.75858346 4.37227381 4.62103217
 5.29367307 6.23537033 6.58518678 6.45476139 5.92528612 5.64564889
 5.47613906 5.26538545 4.95918808 4.628374   4.15612179 3.81170374
 3.76441373 3.62427122 3.49622112 3.50615418 3.49838048 3.50917728
 3.38652559 3.46210322 3.42323472 3.35521486 3.361477   3.35046426
 3.314187   3.23169942 3.28330814 3.24724681 3.219607   3.30684517
 3.24638307 3.22651695 3.24767869 3.26322609 3.24012092 3.24422371
 3.27726193 3.21420859 3.2776938  3.24163248 3.22047074 3.24249622
 3.2435759  3.27056791 3.1962859  3.27920536 3.31526668 3.30943641
 3.28827467 3.3111639  3.26603325 3.36881883 3.36039732 3.36644353
 3.38890089 3.46706975 3.43705463 3.5547398  3.44849924 3.57417404]","[ 4.83718419  5.20254805  5.46750162  5.82487584  6.57611747  7.25113366
  7.90174908 10.45756856 14.06629238 23.59814295 38.5523645  46.20038868
 52.09177284 48.68538113 45.70740661 41.81364716 41.23148348 35.152019
 29.40056143 26.13927877 21.10732023 17.70632693 15.69229108 14.82746707
 14.17015763 13.30252645 12.99697689 12.73418268 12.52321313 12.38285468
 11.84906068 11.37961563 11.13020946 11.11466206 11.05808681 11.1908875
 11.24076873 11.2776938  11.47074066 11.50529043 12.27078385 12.61153099
 13.5918808  14.68840423 15.18117037 15.50572231 15.26171453 15.16583891
 15.11941265 14.9946016  14.71258907 14.26301015 13.9844526  14.47117253
 14.83459296 15.73504643 16.13776722 16.39883395 16.07212265 16.17210106
 15.9814295  15.81559059 15.23774563 14.51263226 14.01597927 13.37680846
 12.41913194 11.63701144 10.90131721 10.77391492 10.93133233 10.80241848
 10.6570935  10.2800691  10.09760311  9.71798748  9.25286115  9.0185705
  8.7013604   8.34787303  8.1256748   8.0287195   7.99611315  7.91513712
  7.84474196  7.63226085  7.52580436  7.31440294  7.0604621   6.90002159
  6.73267113  6.53293025  6.46879724  6.35586266  6.30662924  6.14446124
  6.03692507  5.92377456  5.85035629  5.72144245  5.62275966  5.45908011]","[ 0.89635068  1.1334485   1.34247463  1.51263226  2.00475059  2.42215504
  2.800691    4.46037573  6.52709998 10.94472036 16.3955949  18.55279637
 19.114878   16.67523213 15.38155906 13.81861369 13.63420428 11.66465126
  9.82725113  8.76376593  7.0604621   5.84776506  5.11315051  4.81321529
  4.5655366   4.24746275  4.19045563  4.11055927  4.0418916   3.9371626
  3.80004319  3.57806089  3.4422371   3.32584755  3.24638307  3.15849708
  3.14402937  3.16195206  3.12869791  3.11574174  3.17620384  3.19974088
  3.2692723   3.32822285  3.33901965  3.33534874  3.25286115  3.19779745
  3.09112503  3.010149    3.01619521  2.9449363   2.85122004  2.85273159
  2.8270352   2.77996113  2.69293889  2.55214856  2.4452602   2.39192399
  2.35629454  2.32217664  2.24659901  2.14035845  2.03131073  2.04340315
  1.91902397  1.81667027  1.67069747  1.63506802  1.66465126  1.66054848
  1.63355647  1.50723386  1.50097171  1.44158929  1.35499892  1.32044915
  1.22327791  1.23385878  1.15914489  1.1651911   1.18203412  1.14273375
  1.10839991  1.09803498  1.09285252  1.00798964  1.00345498  0.95378968
  0.93262794  0.88620168  0.87778018  0.85445908  0.86590369  0.83847981
  0.80393004  0.75707191  0.74454761  0.75707191  0.71150939  0.70827035]",108
105,0.15,"0.0,0.15,0.3,0.44999999999999996,0.6,0.75,0.8999999999999999,1.05,1.2,1.3499999999999999,1.5,1.65,1.7999999999999998,1.95,2.1,2.25,2.4,2.55,2.6999999999999997,2.85,3.0,3.15,3.3,3.4499999999999997,3.5999999999999996,3.75,3.9,4.05,4.2,4.35,4.5,4.6499999999999995,4.8,4.95,5.1,5.25,5.3999999999999995,5.55,5.7,5.85,6.0,6.1499999999999995,6.3,6.45,6.6,6.75,6.8999999999999995,7.05,7.199999999999999,7.35,7.5,7.6499999999999995,7.8,7.949999999999999,8.1,8.25,8.4,8.549999999999999,8.7,8.85,9.0,9.15,9.299999999999999,9.45,9.6,9.75,9.9,10.049999999999999,10.2,10.35,10.5,10.65,10.799999999999999,10.95,11.1,11.25,11.4,11.549999999999999,11.7,11.85,12.0,12.15,12.299999999999999,12.45,12.6,12.75,12.9,13.049999999999999,13.2,13.35,13.5,13.65,13.799999999999999,13.95,14.1,14.25,14.399999999999999,14.549999999999999,14.7,14.85,15.0,15.149999999999999",2007R_GLUT1_647_WGA_594_0002.nd2,2007,M,R,5.5,Homo,Experimental,0,False,17.51288082437276,False,"[12.8561828  13.03741039 13.30510753 13.54166667 14.23991935 14.83893369
 15.41028226 17.33826165 19.07090054 20.89157706 20.74249552 20.11480735
 19.37018369 18.98454301 18.87130376 18.71023746 18.66644265 18.67898746
 18.50414427 18.3265009  18.31070789 18.6437052  18.62645609 18.78673835
 19.03953853 19.47748656 19.62074373 19.9984319  20.2672491  20.63071237
 21.68301971 23.78405018 25.91442652 29.10887097 32.33982975 33.92977151
 34.56003584 34.75907258 36.72043011 36.06193996 38.74742384 39.78494624
 40.60371864 41.46079749 41.70060484 41.62466398 42.09464606 41.91588262
 41.8547267  41.43010753 40.47670251 38.87892025 35.20407706 31.14258513
 29.15456989 25.07269265 22.39404122 20.06742832 19.35248656 19.16308244
 18.86648746 18.58378136 18.33613351 17.83736559 17.71550179 17.59487007
 17.39549731 17.15849014 17.02632168 17.04323477 17.0640681  16.96617384
 16.88776882 16.82750896 16.87421595 16.66353047 16.62858423 16.67741935
 16.32022849 16.58165323 16.39280914 16.42853943 16.44489247 16.46639785
 16.31418011 16.34498208 16.3687276  16.3125     16.10181452 16.22748656
 16.19545251 16.09050179 16.15759409 16.27564964 16.0530914  16.1983647
 15.95654122 16.0483871  16.01612903 16.00089606 15.94623656 15.99663978]","[ 2.03315412  2.08176523  2.08949373  2.14863351  2.1953405   2.24395161
  2.27374552  2.39762545  2.64034498  3.05185932  3.60506272  3.83243728
  4.19668459  4.60282258  4.61682348  4.86626344  4.84968638  5.1484095
  5.47703853  5.76937724  6.32784498  7.27363351  8.31966846  9.06474014
  9.97099014 11.0172491  11.41946685 11.73958333 12.28393817 12.54166667
 13.24473566 14.29480287 14.84296595 15.51971326 15.90266577 16.03080197
 15.96875    16.04345878 16.30958781 16.26332885 16.64919355 16.69735663
 16.96180556 17.22793459 17.42114695 17.59363799 17.51288082 17.30869176
 17.00358423 16.86480735 16.45710125 15.86906362 14.92708333 13.5406586
 12.8937052  11.29189068  9.76523297  7.80857975  6.99316756  6.79726703
  6.21550179  5.93895609  5.40221774  5.01388889  4.8421819   4.61951165
  4.43021953  4.36603943  4.26198477  4.24484767  4.21046147  4.19858871
  4.18189964  4.13575269  4.09632616  4.05376344  3.95329301  3.87410394
  3.81283602  3.83266129  3.83501344  3.81104391  3.78371416  3.76467294
  3.72703853  3.75179211  3.71852599  3.80913978  3.8000672   3.7953629
  3.79771505  3.80645161  3.73006272  3.71594982  3.73375896  3.73655914
  3.78337814  3.79816308  3.88407258  4.05376344  4.33165323  4.65692204]","[ 4.75022401  5.06742832  5.38194444  5.68929211  6.40176971  7.09666219
  7.78304211 10.47726254 14.59352599 25.59957437 39.38048835 42.88071237
 39.44142025 31.26321685 28.59722222 26.20486111 25.85987903 23.55611559
 22.05813172 21.60719086 21.04581093 20.96662186 20.75268817 20.72099014
 20.68761201 20.65076165 20.65188172 20.59935036 20.44758065 20.45743728
 20.19041219 19.49753584 18.91397849 17.75358423 16.15031362 15.06115591
 14.7562724  14.53718638 13.42853943 13.68817204 12.19332437 11.58232527
 10.87152778 10.14101703  9.75123208  9.49719982  9.53606631  9.56597222
  9.7468638   9.74675179  9.92394713 10.28192204 10.84352599 11.49406362
 11.87231183 12.79435484 13.45586918 14.01612903 13.93985215 13.97883065
 13.87892025 13.72446237 13.32941308 12.78606631 12.56137993 12.10976703
 11.49103943 10.96158154 10.36995968 10.25694444 10.38317652 10.23935932
 10.03405018  9.68089158  9.55141129  9.10304659  8.70564516  8.41263441
  8.09464606  7.85282258  7.6875      7.50974462  7.55477151  7.42730735
  7.38709677  7.16677867  7.05398746  6.86211918  6.65176971  6.47782258
  6.36077509  6.28192204  6.22110215  6.11435932  6.07235663  5.96426971
  5.87589606  5.76220878  5.66935484  5.58635753  5.48980735  5.34038978]","[0.56193996 0.65983423 0.75201613 0.85439068 1.06586022 1.25302419
 1.40400986 2.08792563 3.00336022 5.1124552  7.45351703 8.16397849
 8.21740591 7.61648746 7.38799283 7.2077733  7.24126344 7.06754032
 6.9577733  6.84330197 6.72255824 6.56843638 6.18100358 5.99551971
 5.8266129  5.60450269 5.60573477 5.60495072 5.63082437 5.58680556
 5.5625     5.51310484 5.4109543  5.25235215 4.84005376 4.58154122
 4.45217294 4.42148297 4.10517473 4.13004032 3.61043907 3.44634857
 3.08546147 2.74518369 2.52083333 2.33478943 2.23263889 2.203181
 2.20586918 2.17551523 2.18100358 2.28248208 2.31810036 2.40356183
 2.44018817 2.53517025 2.56966846 2.42394713 2.33221326 2.34879032
 2.25515233 2.19926075 2.046931   1.94522849 1.86223118 1.81014785
 1.66957885 1.59318996 1.52744176 1.4827509  1.51142473 1.4734543
 1.48207885 1.41028226 1.36234319 1.31866039 1.25280018 1.20878136
 1.16890681 1.13474462 1.09811828 1.07246864 1.08960573 1.06765233
 1.06373208 1.02822581 0.98308692 0.9453405  0.92103495 0.89482527
 0.87522401 0.87455197 0.84419803 0.81966846 0.81462814 0.78382616
 0.77777778 0.73790323 0.71236559 0.73107079 0.68245968 0.6531138 ]",109
106,0.15,"0.0,0.15,0.3,0.44999999999999996,0.6,0.75,0.8999999999999999,1.05,1.2,1.3499999999999999,1.5,1.65,1.7999999999999998,1.95,2.1,2.25,2.4,2.55,2.6999999999999997,2.85,3.0,3.15,3.3,3.4499999999999997,3.5999999999999996,3.75,3.9,4.05,4.2,4.35,4.5,4.6499999999999995,4.8,4.95,5.1,5.25,5.3999999999999995,5.55,5.7,5.85,6.0,6.1499999999999995,6.3,6.45,6.6,6.75,6.8999999999999995,7.05,7.199999999999999,7.35,7.5,7.6499999999999995,7.8,7.949999999999999,8.1,8.25,8.4,8.549999999999999,8.7,8.85,9.0,9.15,9.299999999999999,9.45,9.6,9.75,9.9,10.049999999999999,10.2,10.35,10.5,10.65,10.799999999999999,10.95,11.1,11.25,11.4,11.549999999999999,11.7,11.85,12.0,12.15,12.299999999999999,12.45,12.6,12.75,12.9,13.049999999999999,13.2,13.35,13.5,13.65,13.799999999999999,13.95,14.1,14.25,14.399999999999999,14.549999999999999,14.7,14.85,15.0,15.149999999999999",2007R_GLUT1_647_WGA_594_0002.nd2,2007,M,R,5.5,Homo,Experimental,0,False,3.7437446074201897,False,"[12.91716997 12.96807593 13.25819672 13.0675151  13.63891286 13.84404659
 14.02566868 14.78537532 15.93723037 16.91781708 17.60375324 17.99827437
 18.061044   18.42773943 18.71268335 18.74633305 18.57765315 18.60483175
 18.85461605 18.91652286 19.30651424 19.51207938 19.99698016 20.21289905
 20.71937015 21.58239862 21.92946506 22.32786885 22.86044003 23.32786885
 24.6958585  28.74417601 32.06363244 37.74050906 43.91479724 48.25754961
 49.4393874  50.23015531 54.5946937  53.88955997 62.77157032 66.65120794
 70.72001726 73.92450388 75.49094047 75.45858499 74.88157895 74.34145815
 72.18744607 71.36863676 68.30608283 62.99870578 55.40918896 48.27610009
 45.30737705 38.04270923 32.48446937 26.64667817 24.55759275 24.34016393
 23.08390854 22.50754961 21.45211389 20.56341674 20.09749784 19.77868852
 19.26229508 19.07765315 18.28429681 18.26833477 18.2096635  18.52394305
 18.31945643 17.90250216 18.05888697 17.83283003 17.76251079 17.68528904
 17.59771355 17.64365833 17.30996549 17.19283865 17.33153581 17.33973253
 16.986195   16.97735116 17.01876618 16.87726488 17.02653149 16.94154443
 16.96829163 16.97389991 16.74115617 16.76553063 16.74094047 16.73468507
 16.89754098 16.60353753 16.65271786 16.48597929 16.65077653 16.60720449]","[1.9596635  1.95642796 1.98425367 2.00409836 2.06492666 2.11540121
 2.09081104 2.22131148 2.43528904 2.7228214  3.15185505 3.36798965
 3.63330457 3.92407248 3.9930975  4.22238999 4.1686799  4.45103538
 5.01056946 5.31837791 6.35849871 7.37661777 8.27782571 8.69132873
 9.10094909 9.3986195  9.50129422 9.40120794 9.32592752 9.16285591
 8.90875755 8.97562554 9.05176877 9.01466782 8.0267472  7.57635893
 7.33239862 7.21570319 6.39926661 6.65271786 5.61647972 5.19068162
 4.57290768 3.99374461 3.74374461 3.49288179 3.45599655 3.37985332
 3.30996549 3.34555651 3.30759275 3.35245902 3.37661777 3.4458585
 3.5539258  3.78559103 3.83865401 3.82053494 3.77264884 3.76143227
 3.67903365 3.74029336 3.70599655 3.67773943 3.65163934 3.68960311
 3.72433132 3.72044866 3.71182053 3.73080242 3.7299396  3.71203624
 3.69413287 3.72864538 3.60849871 3.59102675 3.57031924 3.61410699
 3.56643658 3.547239   3.66307161 3.63697153 3.67342537 3.55025884
 3.53580673 3.62402934 3.54378775 3.57657463 3.5877912  3.57549612
 3.6624245  3.62877481 3.50172563 3.61000863 3.6151855  3.59318378
 3.56384814 3.6216566  3.68442623 3.74956859 3.938956   4.02092321]","[ 4.85440035  5.16522865  5.51186368  5.8175151   6.66932701  7.38912856
  8.12208801 11.19909405 16.07484901 29.2704918  42.71764452 44.70556514
 38.95146678 31.79551337 29.74072476 28.17299396 28.07290768 26.44887834
 25.33024159 24.78904228 24.12877481 23.57312338 23.24201898 22.736195
 22.36108714 21.5064711  21.46225194 21.17515099 20.95901639 20.79594478
 20.39926661 19.76013805 19.39969802 18.19909405 16.84771355 15.88244176
 15.68291631 15.55025884 14.36281277 14.66307161 12.80327869 11.91673857
 10.8246333   9.55349439  8.74439172  8.19456428  7.88395168  7.73943054
  7.68550475  7.59253667  7.62704918  7.82808456  8.33843831  9.36647972
 10.00949094 11.92493529 13.41371872 15.04141501 15.46246764 15.48727351
 15.75496117 15.6622088  15.63136324 15.45427092 15.25366695 14.87532355
 14.08045729 13.40595341 12.84706644 12.72821398 12.86389129 12.57204487
 12.52523727 12.15703192 11.98943054 11.39495255 10.93658326 10.52631579
  9.98576359  9.70621225  9.42773943  9.21764452  9.29572908  9.0675151
  8.93421053  8.68032787  8.45189819  8.24201898  7.86022433  7.58584987
  7.39818809  7.20750647  7.19672131  7.00150992  6.96117343  6.75150992
  6.57290768  6.44672131  6.35008628  6.17666091  6.01509922  5.82657463]","[0.50517688 0.57722174 0.66695427 0.75323555 0.93787748 1.0875755
 1.22476273 1.89624676 2.83283003 4.99460742 7.0742019  7.55586713
 7.31837791 6.75582399 6.52480587 6.405522   6.26876618 6.03170837
 5.81018119 5.7092321  5.6013805  5.38718723 5.23446937 5.15034513
 5.05867127 4.96570319 4.91846419 4.89106989 4.80737705 4.79357204
 4.67817084 4.53106126 4.37942192 4.25194133 3.98231234 3.78278689
 3.72066437 3.70060397 3.42256255 3.46656601 3.05327869 2.81816221
 2.52092321 2.2025453  2.00043141 1.82247627 1.75560828 1.69132873
 1.69262295 1.65358067 1.68485764 1.74288179 1.7502157  1.89042278
 1.9255824  2.14646247 2.34188956 2.4933132  2.47433132 2.52998274
 2.5        2.51164797 2.46742882 2.41997412 2.31406385 2.25237274
 2.13352028 2.04659189 1.93507334 1.96527179 1.98748921 1.91091458
 1.91350302 1.88955997 1.82226057 1.78602243 1.67515099 1.62877481
 1.52761001 1.52200173 1.452761   1.41156169 1.42924935 1.39106989
 1.40271786 1.36626402 1.31018119 1.25754961 1.23878343 1.16134599
 1.15056083 1.12510785 1.09275237 1.05737705 1.08477135 1.00388266
 0.9933132  0.96807593 0.91566005 0.90422778 0.82592752 0.82851596]",110
107,0.15,"0.0,0.15,0.3,0.44999999999999996,0.6,0.75,0.8999999999999999,1.05,1.2,1.3499999999999999,1.5,1.65,1.7999999999999998,1.95,2.1,2.25,2.4,2.55,2.6999999999999997,2.85,3.0,3.15,3.3,3.4499999999999997,3.5999999999999996,3.75,3.9,4.05,4.2,4.35,4.5,4.6499999999999995,4.8,4.95,5.1,5.25,5.3999999999999995,5.55,5.7,5.85,6.0,6.1499999999999995,6.3,6.45,6.6,6.75,6.8999999999999995,7.05,7.199999999999999,7.35,7.5,7.6499999999999995,7.8,7.949999999999999,8.1,8.25,8.4,8.549999999999999,8.7,8.85,9.0,9.15,9.299999999999999,9.45,9.6,9.75,9.9,10.049999999999999,10.2,10.35,10.5,10.65,10.799999999999999,10.95,11.1,11.25,11.4,11.549999999999999,11.7,11.85,12.0,12.15,12.299999999999999,12.45,12.6,12.75,12.9,13.049999999999999,13.2,13.35,13.5,13.65,13.799999999999999,13.95,14.1,14.25,14.399999999999999,14.549999999999999,14.7,14.85,15.0,15.149999999999999",2007R_GLUT1_647_WGA_594_0002.nd2,2007,M,R,5.5,Homo,Experimental,0,True,34.31310034743511,False,"[13.1346822  13.40629471 13.58532598 13.85550787 14.19865113 14.46270182
 14.99632128 15.75924791 16.89127325 18.32638463 19.87512773 20.48109544
 21.91865931 23.53566319 24.36092377 24.94829348 25.12058042 26.57531167
 28.34334764 29.46065808 32.16472512 35.02922542 37.78663397 39.21254854
 41.41753525 44.27794809 45.41937462 46.63008379 47.93746168 49.39648477
 51.6617617  56.27243    59.47741672 63.44921316 66.44226446 67.73778868
 68.37645616 68.55977928 69.46821991 68.88330268 68.77457592 68.16963008
 65.51870018 61.20192111 56.86327406 51.1888412  45.99489066 43.76456162
 41.51502146 39.96873084 37.82669119 34.41119967 30.01961987 25.92233803
 24.42530145 21.80829757 20.32761087 19.65338238 19.17576129 19.13018598
 18.91968118 18.69609646 18.33333333 18.17126507 18.17146945 17.88493767
 17.59370529 17.57694666 17.55405682 17.382383   17.48743102 17.18414061
 17.35234008 17.45554874 17.20396485 17.29675046 17.17085633 16.90230942
 16.99386879 16.88371142 16.78029839 16.94318414 16.95462906 16.51297772
 16.80972818 16.83159616 16.93643981 16.74821173 16.6106683  16.57163295
 16.86020846 16.7267525  16.6478643  16.55630493 16.4295933  16.50950337
 16.42366646 16.36909871 16.54199877 16.45636624 16.35152258 16.56672798]","[ 2.11056611  2.19517678  2.24974453  2.32188841  2.39525853  2.47843859
  2.53382383  2.70447578  2.96443899  3.39750664  4.05783773  4.39832414
  5.02391171  5.87144901  6.13039035  6.74208052  6.8219906   7.74453301
  8.90353566  9.88677703 12.32904149 15.40098099 17.99938688 19.24524831
 20.64193746 22.66666667 23.03351727 23.87901083 24.58185162 25.12098917
 26.47475986 28.44062947 29.67545473 31.46801553 33.01696301 33.47516861
 33.81626814 33.87676272 34.31310035 34.36010627 34.97588392 35.26139383
 34.64622931 34.36848559 33.93337421 32.87144901 30.9016963  30.23870836
 29.28980176 28.56366237 27.46474555 25.71162886 22.71898631 19.52421827
 17.9744533  13.78132025 10.96566524  8.09850807  7.04986716  6.79521766
  6.31473534  6.218271    5.65440425  5.19129368  5.10382179  4.75393419
  4.49437973  4.26445943  4.09687308  4.15491518  4.1238504   4.06703454
  4.07807071  3.96934396  3.98589822  3.85775598  3.83711424  3.8181075
  3.84161046  3.77948089  3.78847333  3.70324954  3.7670141   3.72409565
  3.63601063  3.64602493  3.63846311  3.71265073  3.64806867  3.63355814
  3.62804006  3.63784999  3.72266503  3.71939505  3.70856325  3.81708563
  3.79215205  3.89311261  3.85264664  3.97281831  4.31902718  4.72532189]","[ 4.86041283  5.18843245  5.57612916  6.00408747  6.87471899  7.75945228
  8.55712242 11.74718986 16.27161251 26.4071122  37.39914163 39.63437564
 36.89842632 31.31248723 29.53566319 27.70938075 27.25240139 25.28203556
 23.88534641 23.24259146 22.41773963 21.69016963 20.8986307  20.49601471
 19.97486205 19.03760474 18.92744737 18.44267321 18.0611077  17.67627223
 16.9025138  15.65501737 15.09871245 14.26609442 13.34682199 12.9194768
 12.72879624 12.61720826 12.22828531 12.43163703 11.88473329 11.58532598
 11.63478439 11.88125894 12.18230125 12.76210914 13.5487431  13.92397302
 14.40445534 14.58144288 14.98017576 15.67136726 16.67708972 17.79664827
 18.45064378 20.02350296 21.07234825 21.4915185  21.27467811 21.34314327
 21.02023299 20.80748007 19.99877376 19.10239117 18.69200899 17.96648273
 16.80952381 15.72757    14.71162886 14.49131412 14.64500307 14.48170856
 14.25342326 13.6114858  13.30799101 12.46494993 11.82137748 11.48273043
 10.97179644 10.60923769 10.27079501  9.97384018 10.05967709  9.85019415
  9.73717556  9.34743511  9.09094625  8.87921521  8.47312487  8.22256284
  8.04169221  7.76824034  7.6764766   7.54465563  7.436542    7.19476804
  6.95422031  6.75495606  6.5565093   6.39096669  6.16942571  5.98712446]","[0.48456979 0.54792561 0.63417127 0.70754139 0.92254241 1.06029021
 1.23584713 1.78295524 2.51379522 3.96382587 5.37911302 5.79807889
 5.75270795 5.44635193 5.26118945 5.20703045 5.1563458  5.02799918
 4.96076027 4.86879215 4.93787043 4.81095442 4.67586348 4.4976497
 4.4473738  4.2840793  4.25403638 4.16165951 4.03556101 3.94870223
 3.85530349 3.62190885 3.48109544 3.26445943 2.98896383 2.84467607
 2.79010832 2.79051707 2.67504598 2.67361537 2.52994073 2.46842428
 2.43327202 2.45003066 2.52728387 2.64847742 2.77927652 2.85407725
 2.8939301  2.89290824 2.97813203 3.10116493 3.06029021 3.17290006
 3.25342326 3.30717351 3.29715921 3.1749438  3.10688739 3.09012876
 3.01164929 3.00183936 2.82853055 2.69977519 2.57163295 2.53627631
 2.30860413 2.20130799 2.05967709 2.02411608 2.05007153 1.99897813
 1.98303699 1.89720008 1.85734723 1.75536481 1.67300225 1.63171878
 1.55201308 1.50950337 1.46924177 1.41303904 1.42366646 1.37829552
 1.36807684 1.31759657 1.28040057 1.218271   1.14919272 1.1160842
 1.1013693  1.06805641 1.04986716 1.01267116 1.0441447  0.95830779
 0.91211935 0.86429593 0.82628244 0.83956673 0.76905784 0.7678316 ]",111
108,0.15,"0.0,0.15,0.3,0.44999999999999996,0.6,0.75,0.8999999999999999,1.05,1.2,1.3499999999999999,1.5,1.65,1.7999999999999998,1.95,2.1,2.25,2.4,2.55,2.6999999999999997,2.85,3.0,3.15,3.3,3.4499999999999997,3.5999999999999996,3.75,3.9,4.05,4.2,4.35,4.5,4.6499999999999995,4.8,4.95,5.1,5.25,5.3999999999999995,5.55,5.7,5.85,6.0,6.1499999999999995,6.3,6.45,6.6,6.75,6.8999999999999995,7.05,7.199999999999999,7.35,7.5,7.6499999999999995,7.8,7.949999999999999,8.1,8.25,8.4,8.549999999999999,8.7,8.85,9.0,9.15,9.299999999999999,9.45,9.6,9.75,9.9,10.049999999999999,10.2,10.35,10.5,10.65,10.799999999999999,10.95,11.1,11.25,11.4,11.549999999999999,11.7,11.85,12.0,12.15,12.299999999999999,12.45,12.6,12.75,12.9,13.049999999999999,13.2,13.35,13.5,13.65,13.799999999999999,13.95,14.1,14.25,14.399999999999999,14.549999999999999,14.7,14.85,15.0,15.149999999999999",2007R_GLUT1_647_WGA_594_0002.nd2,2007,M,R,5.5,Homo,Experimental,0,True,49.10420250675842,False,"[13.46989432 13.49348734 13.87933153 14.19267633 14.75227329 15.36397149
 15.75620546 17.37797985 19.10788892 21.44580978 24.15507496 25.61292701
 29.24182846 33.16834603 34.28139592 36.37208159 36.96338167 38.89284837
 41.40353895 43.00589826 46.02973704 50.10911772 53.33693782 55.24109118
 58.0543131  61.32514131 62.54263947 64.06291472 66.09191448 67.27131973
 69.92455149 73.13492259 74.11010076 74.14303269 72.85303514 71.47431801
 70.60481691 70.71442615 68.52838535 69.26247235 64.93511919 62.5942492
 58.99631359 53.94937331 48.98205947 41.39641189 33.94666994 31.1317277
 28.52641927 27.66969771 25.68837552 23.74563775 21.97444089 20.81002703
 20.25509953 19.57729172 19.04202507 18.62595232 18.68616368 18.57360531
 18.38240354 18.21258294 17.91521258 17.94519538 17.89088228 17.71123126
 17.595478   17.57262227 17.54067338 17.57286803 17.32784468 17.46915704
 17.43647088 17.43991153 17.36593758 17.33300565 16.93020398 17.38781027
 17.17399853 17.12410912 17.14696486 17.21184566 17.21553207 17.17891374
 17.08331285 17.13516835 16.91693291 16.84025559 16.97026296 16.94617842
 16.79454411 17.13246498 16.90439912 16.843942   16.83165397 16.68247727
 16.70336692 16.77906119 16.71073974 16.5374785  16.57729172 16.72646842]","[ 2.39149668  2.58073237  2.6473335   2.79184075  2.88670435  3.09216024
  3.16564266  3.61710494  4.0693045   5.0312116   6.55173261  7.5018432
 10.01990661 13.6254608  14.78373065 16.97788154 17.65986729 20.22216761
 23.58024085 25.63824035 28.85819612 32.04177931 33.9213566  35.21086262
 35.96116982 37.39788646 37.67805358 38.28508233 38.68591792 38.95625461
 40.01425412 41.86778078 43.19071025 46.10690587 49.10420251 50.24748095
 50.37797985 50.87245023 51.36028508 51.38658147 51.90857705 51.2752519
 50.28459081 47.98525436 45.67657901 41.91988203 36.91054313 34.91644139
 31.81690833 30.67436717 27.74170558 23.7721799  17.88768739 13.04202507
 11.29171787  8.54460555  7.21479479  6.07790612  5.66994348  5.68591792
  5.4531826   5.31481937  4.9238142   4.65740968  4.57655444  4.48242812
  4.29786188  4.18972721  4.06340624  3.99926272  4.02949128  4.04694028
  3.9375768   3.87146719  3.8763824   3.82428115  3.78766282  3.734087
  3.73359548  3.68223151  3.77660359  3.67559597  3.70140084  3.66207913
  3.64782502  3.58933399  3.50405505  3.54706316  3.47259769  3.57434259
  3.50454657  3.54952077  3.5062669   3.54435979  3.53158024  3.51216515
  3.56156304  3.49717375  3.46522487  3.53084296  3.5374785   3.56795281]","[ 5.03416073  5.44458098  5.84861145  6.26026051  7.22069304  8.14426149
  9.19783731 12.87711969 18.89555173 33.94494962 47.99090686 49.28753994
 43.29368395 36.19832883 34.47849594 32.82280659 32.46964856 30.43622512
 28.42565741 26.99778815 24.30793807 22.10493979 21.22315065 20.88916196
 20.4381912  19.88473826 19.78692553 19.531826   19.28655689 19.01671172
 18.56696977 18.10272794 17.83042517 16.96927992 15.69820595 14.82452691
 14.45219956 14.39469157 13.5849103  13.74145982 12.87687392 12.70557877
 12.99483903 13.79945933 14.82452691 16.22462522 17.88350946 18.58687638
 19.41140329 19.65151143 20.50675842 21.54018186 23.19931187 24.52691079
 24.80191693 24.68321455 23.66060457 21.83534038 21.00172032 20.94003441
 20.24059966 20.00737282 18.89333989 17.78938314 17.19980339 16.3526665
 14.96411895 14.00319489 13.11870238 12.99262718 13.11870238 12.79724748
 12.74318014 12.28311624 12.15335463 11.55738511 11.09068567 10.88522979
 10.34947161 10.08208405  9.79356107  9.61685918  9.71295159  9.43303023
  9.30474318  8.94298353  8.7665274   8.44458098  8.1548292   7.83288277
  7.63996068  7.31998034  7.29147211  7.14376997  7.10739739  6.86286557
  6.81002703  6.59916441  6.44802163  6.33349717  6.12238879  5.94716146]","[0.49152126 0.58417302 0.67559597 0.7421971  0.95527157 1.12238879
 1.31776849 1.94863603 2.90366183 5.19267633 7.21651511 7.65077415
 7.37281887 6.81985746 6.65101991 6.38633571 6.34185304 6.04571148
 5.6623249  5.34652249 4.78225608 4.29220939 4.03366921 3.89309413
 3.83386581 3.76873925 3.73998525 3.7109855  3.65937577 3.58761366
 3.5455886  3.44949619 3.3988695  3.25043008 3.08110101 2.91914475
 2.85033178 2.87269599 2.73629884 2.76382404 2.60973212 2.65593512
 2.68321455 2.90685672 3.19021873 3.55443598 3.86876382 4.02850823
 4.12681248 4.08478742 4.15015974 4.17670189 4.20398132 4.12976161
 4.11698206 3.9063652  3.70041779 3.36323421 3.18530351 3.18776112
 3.08355861 3.0312116  2.8682723  2.74539199 2.59793561 2.50724994
 2.3108872  2.19439666 2.04472843 1.98451708 2.00835586 1.99115262
 1.98132219 1.9051364  1.89899238 1.77414598 1.71958712 1.67264684
 1.55885967 1.54411403 1.44580978 1.43843696 1.45391988 1.39297125
 1.43106414 1.34357336 1.31309904 1.27549767 1.22855739 1.16932907
 1.12976161 1.09977882 1.07397395 1.04104203 1.0474318  0.99385598
 0.9756697  0.93610224 0.92430573 0.89751782 0.88645859 0.81862866]",112
109,0.15,"0.0,0.15,0.3,0.44999999999999996,0.6,0.75,0.8999999999999999,1.05,1.2,1.3499999999999999,1.5,1.65,1.7999999999999998,1.95,2.1,2.25,2.4,2.55,2.6999999999999997,2.85,3.0,3.15,3.3,3.4499999999999997,3.5999999999999996,3.75,3.9,4.05,4.2,4.35,4.5,4.6499999999999995,4.8,4.95,5.1,5.25,5.3999999999999995,5.55,5.7,5.85,6.0,6.1499999999999995,6.3,6.45,6.6,6.75,6.8999999999999995,7.05,7.199999999999999,7.35,7.5,7.6499999999999995,7.8,7.949999999999999,8.1,8.25,8.4,8.549999999999999,8.7,8.85,9.0,9.15,9.299999999999999,9.45,9.6,9.75,9.9,10.049999999999999,10.2,10.35,10.5,10.65,10.799999999999999,10.95,11.1,11.25,11.4,11.549999999999999,11.7,11.85,12.0,12.15,12.299999999999999,12.45,12.6,12.75,12.9,13.049999999999999,13.2,13.35,13.5,13.65,13.799999999999999,13.95,14.1,14.25,14.399999999999999,14.549999999999999,14.7,14.85,15.0,15.149999999999999",2007R_GLUT1_647_WGA_594_0002.nd2,2007,M,R,5.5,Homo,Experimental,0,True,41.993384223918575,False,"[13.59033079 13.72620865 14.32926209 14.60050891 14.92722646 15.68549618
 16.16641221 17.58829517 19.19847328 21.81933842 24.22849873 25.74452926
 29.00101781 32.77811705 34.49720102 37.03867684 37.86157761 41.34605598
 45.00966921 48.06157761 51.94452926 53.82798982 55.08396947 55.47379135
 55.86615776 56.97811705 57.11348601 57.5562341  57.65292621 57.8259542
 58.50534351 60.77964377 62.22137405 66.37862595 70.08854962 71.81882952
 72.65343511 73.70890585 75.71094148 75.03104326 77.78473282 77.66310433
 77.41323155 75.34452926 72.51908397 70.28396947 67.13689567 65.36946565
 60.92875318 58.83613232 53.85343511 45.97608142 35.66208651 30.19796438
 27.80254453 24.42849873 23.08193384 21.52061069 20.47379135 20.74656489
 20.17302799 19.99949109 19.66870229 19.19898219 19.39491094 18.96284987
 18.64681934 18.40356234 18.53180662 18.59745547 18.33384224 18.24071247
 17.98676845 18.2610687  18.32671756 18.03918575 17.8086514  17.96590331
 17.756743   17.68295165 17.91094148 17.28091603 17.65750636 17.2519084
 17.55165394 17.4351145  17.2264631  17.42951654 17.21832061 17.33129771
 16.72926209 17.27073791 17.10534351 17.25852417 17.16030534 16.89414758
 17.08346056 17.07175573 16.85139949 17.17048346 16.79083969 16.94707379]","[ 2.36743003  2.42290076  2.55725191  2.6         2.7562341   2.88956743
  3.01933842  3.29363868  3.81068702  4.63918575  5.9302799   6.80966921
  8.91501272 11.75979644 12.41679389 14.06870229 14.46259542 16.44427481
 18.65852417 20.15063613 22.95419847 25.77709924 27.32061069 28.58117048
 29.7221374  31.75470738 32.00305344 32.62239186 33.69974555 33.76132316
 35.34656489 38.42900763 38.79847328 41.99338422 44.10636132 45.27379135
 45.42340967 45.9129771  46.56437659 46.89821883 47.10279898 46.68091603
 46.30483461 46.08040712 45.76335878 44.53994911 42.40966921 41.18473282
 39.78066158 38.51246819 36.55572519 33.69211196 29.90076336 26.11603053
 24.43562341 19.34503817 15.70788804 11.31195929  9.82239186  9.52315522
  8.51399491  7.9129771   6.7562341   6.19185751  5.7826972   5.55521628
  5.04834606  4.75267176  4.51145038  4.49414758  4.57150127  4.5389313
  4.57048346  4.41577608  4.40458015  4.23715013  4.18473282  4.0783715
  4.11653944  3.96895674  4.0783715   3.99185751  4.08651399  3.84987277
  3.98473282  3.84987277  3.80203562  3.81526718  3.85292621  3.6524173
  3.63562341  3.65597964  3.66615776  3.62900763  3.57557252  3.69363868
  3.64936387  3.64122137  3.65903308  3.63816794  3.65597964  3.74045802]","[ 4.85292621  5.19236641  5.49516539  5.89821883  6.69974555  7.67379135
  8.53587786 11.94503817 17.58625954 31.4        44.87531807 45.05089059
 37.16844784 28.76641221 26.47684478 24.38473282 23.77964377 21.88600509
 20.32061069 19.22086514 17.6778626  16.5562341  16.22849873 15.94656489
 15.86463104 15.71908397 15.71755725 15.70076336 15.50941476 15.40610687
 14.89720102 14.13791349 13.75216285 12.66564885 11.88396947 11.30788804
 11.21679389 11.06463104 10.54300254 10.6264631   9.72977099  9.31653944
  8.8173028   8.75979644  8.83613232  9.12061069  9.48346056  9.70025445
 10.1648855  10.43155216 11.11755725 12.19541985 14.2783715  16.29770992
 17.35470738 18.67328244 19.8610687  20.88600509 21.28346056 21.19949109
 21.08854962 21.04478372 20.38320611 19.70381679 19.00508906 18.21424936
 17.21882952 16.13231552 15.30279898 15.09770992 15.23918575 14.92977099
 14.74605598 14.19847328 13.94402036 13.17862595 12.71246819 12.17760814
 11.46157761 11.00356234 10.63867684 10.46666667 10.68193384 10.25038168
 10.21374046  9.81119593  9.42697201  9.12519084  8.67684478  8.18066158
  7.99898219  7.67277354  7.54554707  7.39338422  7.3043257   7.02442748
  6.83613232  6.61526718  6.44173028  6.24223919  6.20305344  5.99389313]","[0.48651399 0.60508906 0.69211196 0.74707379 0.98117048 1.12417303
 1.3221374  1.92824427 2.8870229  5.04732824 7.08193384 7.55572519
 7.33842239 7.00814249 6.9394402  6.75928753 6.74452926 6.57608142
 6.48040712 6.18524173 5.92569975 5.36437659 5.05496183 4.96234097
 4.81374046 4.66870229 4.64173028 4.53129771 4.51145038 4.44274809
 4.29363868 3.89923664 3.77709924 3.21577608 2.97709924 2.67480916
 2.64732824 2.59389313 2.32620865 2.40305344 1.9648855  1.8524173
 1.72315522 1.60305344 1.59389313 1.69058524 1.8956743  2.02493639
 2.22239186 2.30279898 2.54554707 2.90076336 3.29821883 3.54656489
 3.59541985 3.65750636 3.59236641 3.62086514 3.59236641 3.49770992
 3.46463104 3.37302799 3.26157761 3.05547074 2.95012723 2.82697201
 2.62951654 2.44478372 2.34300254 2.26259542 2.31908397 2.29516539
 2.24478372 2.18575064 2.14249364 2.05801527 1.90839695 1.85547074
 1.71399491 1.68193384 1.59898219 1.55368957 1.57201018 1.55725191
 1.5129771  1.40254453 1.35979644 1.35419847 1.25292621 1.17862595
 1.15470738 1.10687023 1.07073791 0.99694656 1.02290076 0.99592875
 0.93180662 0.92569975 0.87022901 0.87938931 0.80916031 0.76844784]",113
110,0.15,"0.0,0.15,0.3,0.44999999999999996,0.6,0.75,0.8999999999999999,1.05,1.2,1.3499999999999999,1.5,1.65,1.7999999999999998,1.95,2.1,2.25,2.4,2.55,2.6999999999999997,2.85,3.0,3.15,3.3,3.4499999999999997,3.5999999999999996,3.75,3.9,4.05,4.2,4.35,4.5,4.6499999999999995,4.8,4.95,5.1,5.25,5.3999999999999995,5.55,5.7,5.85,6.0,6.1499999999999995,6.3,6.45,6.6,6.75,6.8999999999999995,7.05,7.199999999999999,7.35,7.5,7.6499999999999995,7.8,7.949999999999999,8.1,8.25,8.4,8.549999999999999,8.7,8.85,9.0,9.15,9.299999999999999,9.45,9.6,9.75,9.9,10.049999999999999,10.2,10.35,10.5,10.65,10.799999999999999,10.95,11.1,11.25,11.4,11.549999999999999,11.7,11.85,12.0,12.15,12.299999999999999,12.45,12.6,12.75,12.9,13.049999999999999,13.2,13.35,13.5,13.65,13.799999999999999,13.95,14.1,14.25,14.399999999999999,14.549999999999999,14.7,14.85,15.0,15.149999999999999",2007R_GLUT1_647_WGA_594_0002.nd2,2007,M,R,5.5,Homo,Experimental,0,False,5.5442268737339635,False,"[12.87170831 12.96961512 13.02228224 13.13706955 13.57326131 13.74611749
 14.29304524 14.74341661 15.47940581 16.98041864 17.90074274 18.10330858
 18.75084402 18.82106685 19.11276165 19.37204591 19.39297772 19.22349764
 19.74206617 19.38690074 20.17758271 21.3956786  22.4618501  23.11951384
 24.49426063 27.00472654 27.66374072 29.215395   31.37609723 32.89399055
 36.73193788 43.07224848 46.25253207 49.02835922 49.91154625 49.87575962
 49.83051992 49.55773126 49.91964889 49.41120864 50.30249831 51.32545577
 53.76907495 55.07157326 53.16948008 48.1492235  42.84537475 41.6839973
 37.5590817  35.98717083 32.8784605  28.99324781 24.13031735 22.02295746
 20.95678596 19.95408508 19.1458474  18.57731263 17.98176907 18.21809588
 17.97096556 17.96353815 17.56313302 17.54827819 17.7744767  17.38622552
 17.52194463 17.19176232 16.88723835 16.94463201 16.93247806 16.89804186
 16.76367319 16.83592167 17.04996624 16.70357866 16.46387576 16.77920324
 16.38757596 16.42741391 16.40108035 16.55300473 16.52261985 16.60229575
 16.09047941 16.42606347 16.52734639 16.06279541 16.26333558 16.20931803
 16.61715057 16.270763   16.37812289 16.23632681 16.6286293  16.16272789
 16.53342336 16.65833896 16.06414585 15.97096556 16.16475354 16.64888589]","[ 1.90952059  1.95678596  1.96961512  2.05536799  2.00270088  2.05604321
  2.01485483  2.14854828  2.35584065  2.64550979  3.11478731  3.26468602
  3.58136394  3.84672519  4.0033761   3.972316    4.08845375  4.27481431
  4.64348413  4.70020257  5.29642134  5.5833896   6.27548953  6.36664416
  7.05131668  8.49223498  9.07967589  9.83457124 10.55975692 11.04456448
 11.93585415 10.98244429  9.1944632   7.46049966  6.76232275  6.41255908
  6.46725186  6.45442269  6.42538825  6.22822417  6.26671168  5.91897367
  5.78257934  5.54422687  5.63943282  5.53342336  5.44496962  5.60904794
  5.59756921  5.77515192  5.60567184  5.54017556  5.62930452  5.80351114
  5.80418636  5.6144497   4.97164078  4.34908845  4.05536799  4.09588116
  3.86563133  3.8264686   3.72248481  3.77987846  3.72518569  3.729237
  3.56110736  3.70425388  3.5590817   3.6596894   3.66644159  3.53679946
  3.62322755  3.53342336  3.48413234  3.49155976  3.5590817   3.52126941
  3.4652262   3.50101283  3.53679946  3.54962863  3.36056718  3.50303849
  3.52599595  3.52059419  3.49696151  3.60837272  3.59216745  3.66374072
  3.60364619  3.70425388  3.63403106  3.8055368   3.81431465  3.7116813
  3.79473329  3.6839973   3.98852127  3.96623903  4.3369345   4.68872384]","[ 4.84537475  5.17825793  5.47873059  5.8264686   6.5313977   7.46725186
  8.42133693 11.47265361 16.58811614 29.33085753 43.12761648 44.22687373
 37.47332883 29.42673869 27.22349764 25.03376097 24.54895341 22.95070898
 22.26468602 22.43956786 22.99392302 23.59419311 23.88723835 23.243079
 22.89196489 22.3126266  22.02835922 21.90681972 21.7326131  21.55705604
 21.13369345 19.38487508 17.51586766 14.13639433 11.78663065 10.62930452
 10.28494261 10.17150574  9.42403781  9.59419311  8.67184335  8.33085753
  8.38082377  8.5347738   8.86293045  9.57731263 10.23700203 10.64145847
 11.02228224 11.31667792 11.75084402 12.55367995 13.69885213 14.35516543
 14.47535449 14.93517893 15.96218771 16.76164754 16.72180959 16.67589467
 16.50776502 16.25793383 15.84199865 15.06279541 14.85145172 14.24577988
 13.33896016 12.4341661  11.82174207 11.54760297 11.62187711 11.71910871
 11.31465226 10.93652937 10.8264686  10.298447    9.91627279  9.77245105
  9.25523295  9.06076975  8.70898042  8.49966239  8.56650912  8.25455773
  8.27751519  7.87778528  7.74814315  7.57123565  7.270763    7.01823093
  6.88926401  6.72518569  6.6630655   6.486158    6.45442269  6.28966914
  6.17623228  6.03443619  5.85685348  5.69412559  5.59824443  5.48210668]","[0.49966239 0.60972316 0.66779203 0.81161377 0.9480081  1.10668467
 1.34233626 1.90209318 2.82849426 4.88993923 7.04794058 7.43686698
 7.21471978 6.78257934 6.5104659  6.28629305 6.25388251 6.07427414
 5.92099932 5.99594868 5.94260635 6.18568535 6.31465226 6.20594193
 6.03443619 6.01080351 6.03173531 5.99864956 5.89196489 5.66509115
 5.40513167 4.49763673 3.87238352 2.88521269 2.27616475 2.03983795
 1.95948683 1.84875084 1.74476705 1.76772451 1.49898717 1.46455098
 1.38690074 1.30925051 1.32545577 1.49020932 1.57326131 1.61647535
 1.71100608 1.79338285 1.9027684  2.08102633 2.27683997 2.49966239
 2.52599595 2.59486833 2.67251857 2.59351789 2.48008103 2.46455098
 2.39770425 2.35381499 2.2916948  2.15597569 2.08035111 2.02835922
 1.91087103 1.79405807 1.6320054  1.62120189 1.62930452 1.61647535
 1.5867657  1.5557056  1.54422687 1.47130317 1.43484132 1.3679946
 1.30790007 1.28629305 1.25118163 1.1978393  1.24780554 1.1667792
 1.17083052 1.12896691 1.08102633 1.09453072 1.00540176 0.99932478
 0.94935854 0.90344362 0.89128967 0.86563133 0.85820392 0.87440918
 0.85685348 0.81498987 0.77852802 0.75489534 0.70627954 0.68332208]",114
111,0.15,"0.0,0.15,0.3,0.44999999999999996,0.6,0.75,0.8999999999999999,1.05,1.2,1.3499999999999999,1.5,1.65,1.7999999999999998,1.95,2.1,2.25,2.4,2.55,2.6999999999999997,2.85,3.0,3.15,3.3,3.4499999999999997,3.5999999999999996,3.75,3.9,4.05,4.2,4.35,4.5,4.6499999999999995,4.8,4.95,5.1,5.25,5.3999999999999995,5.55,5.7,5.85,6.0,6.1499999999999995,6.3,6.45,6.6,6.75,6.8999999999999995,7.05,7.199999999999999,7.35,7.5,7.6499999999999995,7.8,7.949999999999999,8.1,8.25,8.4,8.549999999999999,8.7,8.85,9.0,9.15,9.299999999999999,9.45,9.6,9.75,9.9,10.049999999999999,10.2,10.35,10.5,10.65,10.799999999999999,10.95,11.1,11.25,11.4,11.549999999999999,11.7,11.85,12.0,12.15,12.299999999999999,12.45,12.6,12.75,12.9,13.049999999999999,13.2,13.35,13.5,13.65,13.799999999999999,13.95,14.1,14.25,14.399999999999999,14.549999999999999,14.7,14.85,15.0,15.149999999999999",2007R_GLUT1_647_WGA_594_0002.nd2,2007,M,R,5.5,Homo,Experimental,0,False,3.422727272727273,False,"[13.46212121 13.84848485 13.78181818 14.18333333 14.43333333 14.71060606
 14.85909091 15.4969697  16.70454545 17.92727273 19.44545455 19.97727273
 21.         21.28787879 22.1030303  21.79242424 22.16818182 22.02727273
 23.54393939 24.34393939 26.84848485 30.83333333 35.28484848 37.78484848
 40.02727273 44.26666667 44.06666667 46.02424242 45.41818182 48.91363636
 51.88030303 57.48636364 60.23939394 64.58181818 67.84090909 68.86666667
 69.66666667 68.67727273 67.84393939 67.90151515 67.73333333 65.50606061
 62.3969697  60.18636364 59.02727273 58.41212121 56.53030303 55.44090909
 54.24090909 52.21969697 49.35606061 45.42727273 39.71969697 33.09545455
 29.60606061 24.86818182 23.42727273 21.40454545 20.87727273 21.19848485
 20.43484848 19.88939394 19.35       18.96363636 19.08181818 19.12727273
 18.90909091 18.25151515 18.52575758 18.38939394 18.42272727 18.57272727
 18.60454545 18.19393939 18.32121212 18.0469697  18.38030303 18.68484848
 18.50454545 17.99545455 18.46818182 18.33181818 18.25909091 17.91212121
 17.76818182 17.99242424 17.86060606 17.88333333 17.80606061 17.51060606
 17.32727273 16.93333333 17.20757576 17.         17.91363636 17.39545455
 17.21515152 16.94242424 16.97424242 16.7969697  17.19848485 16.78333333]","[1.98636364 1.97121212 2.0530303  2.17878788 2.06818182 2.13939394
 2.13030303 2.20454545 2.43939394 2.72878788 3.3        3.41363636
 3.6469697  3.85606061 3.8530303  4.12727273 4.26969697 4.20151515
 4.18636364 4.2969697  4.30757576 4.37878788 4.58030303 4.4530303
 4.58030303 4.8530303  5.0469697  5.13787879 5.52727273 5.42878788
 5.74848485 5.74242424 5.5030303  5.17575758 4.87121212 4.36060606
 4.45454545 4.39848485 4.2530303  4.33181818 4.01969697 3.59090909
 3.42272727 3.27424242 3.30757576 3.32272727 3.33939394 3.30909091
 3.3        3.49242424 3.38636364 3.56363636 3.71818182 3.99393939
 4.07575758 4.32727273 4.58787879 4.99393939 4.71060606 4.94090909
 4.45151515 4.51969697 4.08181818 4.04545455 3.86818182 3.91666667
 3.59848485 3.59090909 3.76060606 3.71666667 3.67575758 3.59545455
 3.57878788 3.78636364 3.67878788 3.66969697 3.81363636 3.75151515
 3.85606061 3.85909091 4.17575758 3.92424242 4.01969697 4.07575758
 4.13333333 3.96060606 3.98181818 3.89090909 3.7        3.55454545
 3.54393939 3.56969697 3.70757576 3.43787879 3.35909091 3.58484848
 3.46666667 3.54848485 3.38787879 3.44848485 3.59545455 3.44848485]","[ 4.85151515  5.2030303   5.4469697   5.87727273  6.45909091  7.43484848
  8.4        11.68030303 17.1030303  29.7530303  44.6530303  45.11212121
 37.24545455 28.68787879 26.11363636 23.93939394 22.70454545 21.15757576
 19.66363636 18.49848485 17.03333333 15.35606061 14.64545455 13.91969697
 13.61515152 13.05151515 12.96666667 12.88636364 13.00151515 12.90606061
 12.51363636 11.87727273 11.52575758 10.62575758 10.41060606  9.66818182
  9.67878788  9.75151515  9.43181818  9.67575758  8.96818182  8.24090909
  7.80757576  7.43787879  7.48939394  7.72121212  8.07121212  8.27878788
  8.67575758  8.88787879  9.46060606 10.33939394 12.17575758 13.85909091
 15.03636364 16.66666667 17.65606061 18.45454545 18.29242424 18.53636364
 17.78333333 17.88030303 16.76969697 15.93181818 15.60606061 14.83181818
 13.72727273 12.93636364 12.31212121 12.25151515 12.36363636 11.95151515
 11.84545455 11.4030303  11.48030303 11.05151515 10.60454545 10.24545455
 10.08484848  9.91666667  9.88636364  9.61666667  9.86060606  9.60454545
  9.46818182  9.35606061  9.00454545  8.98030303  8.57727273  8.05909091
  8.00151515  7.74393939  7.70757576  7.42727273  7.4530303   7.06666667
  6.85757576  6.68484848  6.50606061  6.28030303  6.14545455  6.11666667]","[0.52727273 0.60909091 0.66363636 0.74545455 1.02121212 1.14393939
 1.33636364 1.98030303 2.87878788 4.97878788 7.13181818 7.35909091
 7.22727273 6.50606061 6.79090909 6.5530303  6.75       6.66666667
 6.84393939 6.77121212 6.86969697 6.74242424 6.91969697 7.02424242
 6.85757576 6.48333333 6.24393939 6.28333333 5.9        5.88939394
 5.33787879 4.57121212 4.27424242 3.45757576 3.07121212 2.76666667
 2.78939394 2.6969697  2.62575758 2.60151515 2.27878788 2.19848485
 1.98939394 1.78939394 1.76212121 1.65909091 1.63939394 1.67121212
 1.72424242 1.76363636 1.87272727 1.98030303 2.25909091 2.51969697
 2.62727273 2.86666667 2.87272727 2.83787879 2.74393939 2.75151515
 2.68484848 2.63181818 2.47575758 2.33181818 2.34242424 2.20151515
 2.06666667 2.02575758 1.82575758 1.78484848 1.89545455 1.77424242
 1.80454545 1.69242424 1.7530303  1.61363636 1.55       1.57727273
 1.50606061 1.53030303 1.41515152 1.45606061 1.48484848 1.3969697
 1.36363636 1.37424242 1.34393939 1.32878788 1.33181818 1.27121212
 1.26212121 1.15       1.20454545 1.13333333 1.13030303 1.03787879
 0.99393939 0.97272727 0.89242424 0.95606061 0.93181818 0.9       ]",115
112,0.15,"0.0,0.15,0.3,0.44999999999999996,0.6,0.75,0.8999999999999999,1.05,1.2,1.3499999999999999,1.5,1.65,1.7999999999999998,1.95,2.1,2.25,2.4,2.55,2.6999999999999997,2.85,3.0,3.15,3.3,3.4499999999999997,3.5999999999999996,3.75,3.9,4.05,4.2,4.35,4.5,4.6499999999999995,4.8,4.95,5.1,5.25,5.3999999999999995,5.55,5.7,5.85,6.0,6.1499999999999995,6.3,6.45,6.6,6.75,6.8999999999999995,7.05,7.199999999999999,7.35,7.5,7.6499999999999995,7.8,7.949999999999999,8.1,8.25,8.4,8.549999999999999,8.7,8.85,9.0,9.15,9.299999999999999,9.45,9.6,9.75,9.9,10.049999999999999,10.2,10.35,10.5,10.65,10.799999999999999,10.95,11.1,11.25,11.4,11.549999999999999,11.7,11.85,12.0,12.15,12.299999999999999,12.45,12.6,12.75,12.9,13.049999999999999,13.2,13.35,13.5,13.65,13.799999999999999,13.95,14.1,14.25,14.399999999999999,14.549999999999999,14.7,14.85,15.0,15.149999999999999",2007R_GLUT1_647_WGA_594_0002.nd2,2007,M,R,5.5,Homo,Experimental,0,False,5.949231215549753,False,"[13.         13.05366986 13.22816942 13.39019437 13.88584276 14.30345228
 14.67116333 15.41311285 16.41920511 17.98868581 19.19277633 19.9210908
 20.88033072 22.18929504 22.72657383 23.55337975 23.82492022 24.98114302
 26.34087612 27.42935886 29.97911227 32.73788802 35.94096316 37.53481288
 39.39570641 41.8221642  42.42616768 44.01494053 44.64128227 45.38279663
 47.23904845 50.43748187 51.32245431 52.46721787 52.60298811 52.9151436
 52.67391935 52.88120104 52.23237598 52.25747026 50.24180447 49.30867421
 46.92370177 43.54380621 40.09747607 35.66086452 30.98549463 29.03104149
 26.66347549 25.69002031 23.79300841 22.1424427  20.58558167 19.67029301
 19.31781259 18.62822744 18.13330432 17.75137801 17.59573542 17.71467943
 17.59921671 17.40455469 17.40586017 17.25834059 17.22758921 17.33536408
 17.16739194 16.92138091 16.99840441 17.11372208 17.08572672 16.9899913
 16.98041775 16.99651871 16.8281114  16.84899913 16.74949231 16.62358573
 16.65651291 16.64519872 16.559472   16.60835509 16.74340006 16.68682913
 16.61386713 16.52088773 16.49738903 16.40223383 16.5454018  16.50261097
 16.53278213 16.51581085 16.68160719 16.40527995 16.38410212 16.28343487
 16.30765883 16.26399768 16.26153177 16.4959385  16.32158399 16.26443284]","[1.90600522 1.93820714 1.96344648 2.00942849 1.98781549 2.0751378
 2.05279954 2.16753699 2.37902524 2.66042936 3.06382361 3.27879315
 3.56382361 3.89382071 4.00087032 4.1302582  4.21366406 4.34740354
 4.56222802 4.77212068 5.08674209 5.72932985 6.2451407  6.48709022
 6.74122425 6.94125326 6.91427328 6.92007543 6.85900783 6.78387003
 6.60211778 6.38120104 6.27038004 6.21047287 6.05773136 6.04119524
 5.93922251 5.94923122 5.8002611  5.91253264 5.76907456 5.61198143
 5.59065854 5.54322599 5.52248332 5.34290688 5.21177836 5.11517261
 4.94502466 4.86306934 4.7116333  4.52988106 4.17841601 3.86539019
 3.7964897  3.72410792 3.6086452  3.6045837  3.5926893  3.5535248
 3.45982013 3.52045257 3.46939368 3.44778068 3.44981143 3.44197853
 3.41412823 3.40861619 3.35494633 3.34493763 3.34551784 3.40760081
 3.34827386 3.37786481 3.35001451 3.36103858 3.32303452 3.33797505
 3.33565419 3.29750508 3.345953   3.37438352 3.35958805 3.36582536
 3.37626922 3.34348709 3.34174645 3.35538149 3.39149985 3.45880476
 3.43617639 3.46011024 3.41673919 3.45111691 3.48665506 3.52088773
 3.53060632 3.59762112 3.63910647 3.81607195 4.0159559  4.19857847]","[ 4.68262257  5.03466783  5.33449376  5.68421816  6.41369307  7.25094285
  8.06469394 11.0118944  15.30939948 25.07557296 35.82085872 37.71642008
 34.46518712 29.09413983 27.4267479  25.70496084 25.26443284 23.65752829
 22.50116043 21.76921961 20.78720627 19.48491442 18.31737743 17.72671889
 17.02422396 15.83362344 15.49289237 15.04670728 14.53307224 14.11879896
 13.29170293 12.08181027 11.52349869 10.70960255 10.3637946  10.10472875
 10.09979692 10.04250073  9.93327531  9.97650131  9.98375399 10.12547142
 10.345953   10.81157528 11.41238758 12.58181027 13.95285756 14.5535248
 15.41325791 15.88468233 16.7886568  17.92471715 19.58224543 19.97389034
 19.7824195  19.00145054 18.05816652 16.88033072 16.31360603 16.24267479
 15.79532927 15.60530896 14.90165361 14.29576443 13.90948651 13.43037424
 12.71467943 12.15781839 11.56991587 11.34261677 11.49347258 11.28532057
 11.23890339 10.72947491 10.57847404  9.96040035  9.56382361  9.28401509
  8.94966638  8.68914999  8.46924862  8.31868291  8.35349579  8.20887728
  8.14360313  7.88192631  7.75094285  7.61125616  7.19654772  7.0494633
  6.92399188  6.74383522  6.66666667  6.60342327  6.551349    6.43530606
  6.35886278  6.20249492  6.06353351  5.9724398   5.80359733  5.69451697]","[0.52523934 0.63504497 0.7254134  0.80997969 1.00870322 1.16956774
 1.34580795 1.96968378 2.80809399 4.42790833 6.22483319 6.81940818
 7.09907166 7.06048738 7.02364375 7.09718596 7.09399478 7.1681172
 7.2035103  7.24499565 7.32724108 7.48099797 7.51740644 7.53669858
 7.41093705 7.0673049  6.86002321 6.66144473 6.41760952 6.16420075
 5.72309254 5.00348129 4.62576153 4.22338265 3.97708152 3.90266899
 3.85697708 3.79445895 3.74267479 3.74586597 3.69901364 3.78430519
 3.81491152 3.90223383 4.02843052 4.16768204 4.14200754 4.1483899
 4.12213519 4.08964317 4.05468523 3.99086162 3.76689875 3.4624311
 3.37684943 3.06309835 2.84696838 2.60850015 2.51232956 2.51044386
 2.41383812 2.37786481 2.23962866 2.16144473 2.07803887 2.0353931
 1.9151436  1.8616188  1.77777778 1.73962866 1.76689875 1.74833188
 1.71380911 1.66202495 1.64128227 1.57252683 1.49956484 1.44386423
 1.41746446 1.38265158 1.30258196 1.30606324 1.33014215 1.27386133
 1.28401509 1.21932115 1.18059182 1.16971279 1.12924282 1.07441253
 1.04714244 1.01232956 0.99564839 0.96330142 0.95445315 0.9148535
 0.89440093 0.85639687 0.84609806 0.81346098 0.7786481  0.76472295]",116
113,0.15,"0.0,0.15,0.3,0.44999999999999996,0.6,0.75,0.8999999999999999,1.05,1.2,1.3499999999999999,1.5,1.65,1.7999999999999998,1.95,2.1,2.25,2.4,2.55,2.6999999999999997,2.85,3.0,3.15,3.3,3.4499999999999997,3.5999999999999996,3.75,3.9,4.05,4.2,4.35,4.5,4.6499999999999995,4.8,4.95,5.1,5.25,5.3999999999999995,5.55,5.7,5.85,6.0,6.1499999999999995,6.3,6.45,6.6,6.75,6.8999999999999995,7.05,7.199999999999999,7.35,7.5,7.6499999999999995,7.8,7.949999999999999,8.1,8.25,8.4,8.549999999999999,8.7,8.85,9.0,9.15,9.299999999999999,9.45,9.6,9.75,9.9,10.049999999999999,10.2,10.35,10.5,10.65,10.799999999999999,10.95,11.1,11.25,11.4,11.549999999999999,11.7,11.85,12.0,12.15,12.299999999999999,12.45,12.6,12.75,12.9,13.049999999999999,13.2,13.35,13.5,13.65,13.799999999999999,13.95,14.1,14.25,14.399999999999999,14.549999999999999,14.7,14.85,15.0,15.149999999999999",2007R_GLUT1_647_WGA_594_0002.nd2,2007,M,R,5.5,Homo,Experimental,0,False,9.967355443653412,False,"[13.48150721 13.66469873 13.87254732 14.11738149 14.48237541 15.07970134
 15.59993054 17.00364647 18.45962841 20.45858656 22.71279736 24.1956937
 27.31602709 30.542108   32.28928633 33.76193784 34.49140476 36.82722695
 39.72929328 41.75829137 45.84111825 49.43323494 52.56971696 54.29310644
 56.23389477 58.79996527 59.65115471 60.04115298 60.90415003 62.0715402
 62.67772183 63.10331655 61.64177809 58.47924987 55.2819934  53.42055912
 53.13544018 52.47872895 50.74492099 51.18301789 47.20055565 45.57301615
 42.45650287 38.46310123 35.02621983 31.31220698 27.97430109 26.66192047
 24.99131794 24.15662441 22.83747178 21.61521097 20.18892169 19.50408057
 19.07015107 18.76784164 18.43583956 18.23215836 17.90901198 18.10939399
 18.05903803 17.8501476  17.7954506  17.6098281  17.53377322 17.56832783
 17.46813683 17.41969092 17.22677548 17.17989234 17.15888175 17.11199861
 17.25959368 17.04740406 17.21184233 16.95085952 17.04879319 17.0020837
 16.86073971 16.96006251 17.04827227 16.85327314 16.68397291 16.82861608
 16.84285466 16.88296579 16.9663136  16.75099844 16.81906581 16.83226255
 16.79232506 16.60236152 16.9314117  16.87254732 16.59350582 16.78225386
 16.64229901 16.596805   16.66574058 16.54471262 16.70880361 16.51119986]","[ 2.01198125  2.02656711  2.07223476  2.12623719  2.15280431  2.22538635
  2.25334259  2.39381837  2.6405626   3.03820108  3.71279736  4.05521792
  4.89407883  5.89043237  6.22920646  6.72755687  6.99166522  7.69803785
  8.41691266  8.90137177  9.36759854  9.49279389  9.48029172  9.6186838
  9.66782428  9.69664872  9.71418649  9.83399896  9.84424379  9.74005904
  9.8728946   9.96735544 10.03681195 10.14863692 10.19465185 10.11755513
 10.07813857 10.10505296  9.96527175  9.96405626  9.78590033  9.66435145
  9.3316548   9.00017364  8.68136829  7.9137003   7.2462233   6.96266713
  6.59940962  6.41604445  6.05382879  5.66018406  5.18041327  4.82062858
  4.58378191  4.24952249  4.03438097  3.87445737  3.82549054  3.85066852
  3.74335822  3.72738323  3.67251259  3.64334086  3.58204549  3.61764195
  3.59142212  3.59611044  3.57336343  3.54228165  3.4894947   3.56207675
  3.52092377  3.49296753  3.49279389  3.45632922  3.42246918  3.43913874
  3.41014065  3.35440181  3.39190832  3.43080396  3.35683278  3.38826185
  3.41760722  3.42698385  3.41951728  3.46101754  3.50981073  3.54488626
  3.67476993  3.64802917  3.68466748  3.74266366  3.72842507  3.72234763
  3.69595416  3.7121028   3.61191179  3.62111478  3.71054002  3.67094982]","[ 4.74179545  5.0635527   5.43340858  5.70671992  6.457892    7.36516756
  8.28268797 11.39295016 16.28737628 27.81316201 40.71227644 41.83556173
 36.0744921  28.7011634  26.57266887 24.3783643  23.71071367 21.71088731
 19.95311686 18.867859   17.00642473 15.31811078 14.22625456 13.63153325
 13.0336864  12.24900156 12.06476819 11.79683973 11.55408925 11.37141865
 10.96683452 10.42160097 10.18649071 10.12658448 10.46292759 10.84945303
 10.95763153 10.96874457 11.50998437 11.35683278 12.3733287  12.89807258
 13.91508943 15.43028304 16.68744574 18.47924987 19.75863865 20.06893558
 20.45754471 20.64195173 21.02621983 21.56815419 22.07292933 22.20507032
 22.05087689 21.44226428 20.60704984 19.04445216 18.32401459 18.28824449
 17.47039417 17.21705157 16.3833999  15.45702379 14.96336169 14.20541761
 13.25351624 12.54696996 11.92290328 11.76384789 11.8143775  11.66209411
 11.53568328 11.11547144 10.98194131 10.44156972  9.94460844  9.65375933
  9.15540893  8.86143428  8.68188922  8.48046536  8.64021532  8.33304393
  8.32210453  7.98385136  7.8312207   7.72755687  7.38999826  7.15436708
  6.98159403  6.87272096  6.76818892  6.64768189  6.65688488  6.38530995
  6.29762111  6.14672686  6.02344157  5.96492447  5.80586907  5.66348324]","[0.53950339 0.6485501  0.70533079 0.77409272 1.01232853 1.17207849
 1.35405452 2.00538288 2.87758291 4.69769057 6.68362563 7.27140128
 7.39208196 7.40475777 7.4499045  7.54262893 7.53637784 7.6275395
 7.69369682 7.6464664  7.29605834 6.79163049 6.27296406 6.08994617
 5.79388783 5.40475777 5.30769231 5.18805348 4.96909186 4.86542803
 4.61590554 4.3514499  4.27035944 4.15280431 4.14429588 4.26271922
 4.3287029  4.25073798 4.35874284 4.28859177 4.55478382 4.79579788
 4.96388262 4.93332176 4.84441743 4.76627887 4.51988192 4.47421427
 4.3724605  4.31133877 4.21913527 4.16895294 4.0408057  3.9175204
 3.83938184 3.58551832 3.29154367 3.04844591 2.8808821  2.89112693
 2.76575794 2.73102969 2.56120854 2.44764716 2.33148116 2.22747005
 2.05782254 1.91734676 1.8421601  1.7984025  1.79874978 1.76402153
 1.74526828 1.70359437 1.64872374 1.59524223 1.50651155 1.44400069
 1.3901719  1.32974475 1.2929328  1.2630665  1.26584476 1.21982983
 1.24170863 1.15089425 1.1330092  1.11894426 1.06980379 1.01840597
 1.01805869 0.99687446 0.94130926 0.94651849 0.94669213 0.91022747
 0.85761417 0.83226255 0.81958673 0.8282688  0.77791283 0.76905713]",117
114,0.15,"0.0,0.15,0.3,0.44999999999999996,0.6,0.75,0.8999999999999999,1.05,1.2,1.3499999999999999,1.5,1.65,1.7999999999999998,1.95,2.1,2.25,2.4,2.55,2.6999999999999997,2.85,3.0,3.15,3.3,3.4499999999999997,3.5999999999999996,3.75,3.9,4.05,4.2,4.35,4.5,4.6499999999999995,4.8,4.95,5.1,5.25,5.3999999999999995,5.55,5.7,5.85,6.0,6.1499999999999995,6.3,6.45,6.6,6.75,6.8999999999999995,7.05,7.199999999999999,7.35,7.5,7.6499999999999995,7.8,7.949999999999999,8.1,8.25,8.4,8.549999999999999,8.7,8.85,9.0,9.15,9.299999999999999,9.45,9.6,9.75,9.9,10.049999999999999,10.2,10.35,10.5,10.65,10.799999999999999,10.95,11.1,11.25,11.4,11.549999999999999,11.7,11.85,12.0,12.15,12.299999999999999,12.45,12.6,12.75,12.9,13.049999999999999,13.2,13.35,13.5,13.65,13.799999999999999,13.95,14.1,14.25,14.399999999999999,14.549999999999999,14.7,14.85,15.0,15.149999999999999",2007R_GLUT1_647_WGA_594_0002.nd2,2007,M,R,5.5,Homo,Experimental,0,False,6.974176313446127,False,"[12.93731077 13.08869101 13.35707925 13.46090828 13.68512912 13.97328584
 14.54870882 15.24719501 15.98486198 17.41335708 18.74568121 19.07889581
 19.83989314 20.62742654 21.1618878  21.33446126 21.5969724  22.30276046
 23.51665183 24.28512912 26.84078362 29.96705254 32.74568121 34.35298308
 36.54122885 40.00409617 41.36580588 42.89919858 44.80569902 46.2951024
 50.6318789  56.38504007 59.20765806 61.40694568 60.24844167 58.92573464
 58.44505788 58.14051647 55.84381122 56.24363313 51.81941229 49.65253785
 47.24149599 44.74069457 42.72235085 39.31166518 35.74461264 34.27764915
 32.09154052 30.86874443 28.76598397 25.84256456 22.38254675 20.82404274
 20.01300089 19.11380232 18.58183437 18.04879786 17.85788068 17.91932324
 17.67497774 17.56384684 17.37506679 17.3143366  17.09545859 17.12430988
 17.07871772 16.85431879 16.78112199 16.8030276  16.69777382 16.72021371
 16.68726625 16.69474622 16.81976848 16.58290294 16.49439003 16.60908281
 16.53285841 16.42938557 16.46251113 16.42493321 16.37346394 16.38628673
 16.2032057  16.41869991 16.36402493 16.05164737 16.15618878 16.16028495
 16.35155833 16.15921638 16.22813891 16.25930543 16.20053428 16.11772039
 16.20908281 16.29581478 16.20391808 16.16972395 16.09314337 16.09421193]","[1.95387355 1.94621549 1.9713268  2.00712378 2.02457703 2.08032057
 2.08067676 2.17399822 2.3871772  2.69439003 3.14692787 3.35066785
 3.66108638 3.89225289 4.04523598 4.1175423  4.18165628 4.40552093
 4.84256456 5.05235975 5.7269813  6.48744435 7.22885129 7.46090828
 7.89332146 8.33374889 8.54977738 8.76918967 8.9143366  8.86162066
 8.6920748  8.00908281 7.48655387 6.97417631 6.76936776 6.71665183
 6.76669635 6.91041852 6.89670525 6.85146928 7.08192342 7.03294746
 7.04968833 7.20053428 7.23098842 7.18201247 7.22511131 7.0890472
 7.02119323 6.97168299 6.71682992 6.54817453 6.16954586 5.69599288
 5.51611754 5.0477293  4.51077471 4.15761354 3.98771149 3.95120214
 3.8032057  3.82172752 3.7460374  3.7428317  3.67551202 3.64398931
 3.55601069 3.55191451 3.57666963 3.6064114  3.61994657 3.59572573
 3.62582369 3.63312556 3.6        3.590561   3.56206589 3.51380232
 3.45770258 3.48121104 3.52858415 3.50650045 3.49456812 3.49296527
 3.44826358 3.43633126 3.4349065  3.46482636 3.49136242 3.49581478
 3.50008905 3.51219947 3.52199466 3.53499555 3.5588602  3.60035619
 3.63704363 3.53624221 3.66268923 3.7650935  3.97186109 4.32039181]","[ 4.80017809  5.16705254  5.50721282  5.83882458  6.56740873  7.43330365
  8.31985752 11.42101514 16.39162956 28.7967943  43.33428317 44.93303651
 39.61335708 32.37613535 30.55672306 28.92466607 28.34674978 27.38361532
 26.66197685 26.33089938 25.36776492 23.51950134 21.48032057 20.29919858
 19.06874443 17.50578807 17.17292965 16.67159394 16.08637578 15.73054319
 14.80124666 13.10507569 12.12448798 10.60676759  9.64398931  9.30578807
  9.17310775  9.15583259  9.03953695  9.0062333   9.09065004  9.14496883
  9.46447017 10.03348175 10.48797863 11.1364203  11.76081923 11.95850401
 12.36883348 12.45752449 13.01959038 13.7713268  15.36295637 16.26963491
 16.4        16.33410508 16.46001781 16.24309884 16.02119323 15.93944791
 15.5398041  15.34817453 14.79804096 14.13250223 13.90080142 13.36455922
 12.58913624 11.93178985 11.36295637 11.16847729 11.31861086 11.15422974
 10.96028495 10.64024933 10.44309884  9.87408727  9.47533393  9.15405165
  8.77275156  8.53214604  8.2730187   8.08673197  8.16847729  7.9747106
  7.87551202  7.58040962  7.41050757  7.23045414  6.99554764  6.81994657
  6.65894924  6.53926981  6.49866429  6.40124666  6.36242208  6.15939448
  6.08334817  5.89225289  5.80035619  5.69617097  5.58183437  5.42315227]","[0.49456812 0.57613535 0.65859305 0.74835263 0.90311665 1.09278718
 1.279252   1.84345503 2.71718611 4.5588602  6.66927872 7.12430988
 6.94176313 6.49919858 6.30863758 6.19305432 6.12573464 6.04790739
 5.98254675 6.01157614 5.94728406 5.86731968 5.57079252 5.40142476
 5.11398041 4.76384684 4.67871772 4.54425646 4.40926091 4.2158504
 3.89456812 3.28210151 3.01495993 2.54764025 2.27052538 2.21015138
 2.18682102 2.17738201 2.14692787 2.11308994 2.09225289 2.13392698
 2.13303651 2.15636687 2.17008014 2.25752449 2.31647373 2.36242208
 2.39608192 2.41727516 2.49706144 2.60872663 2.69154052 2.71861086
 2.70293856 2.61157614 2.5839715  2.43526269 2.33232413 2.33624221
 2.2667854  2.21211042 2.1205699  1.97969724 1.91291184 1.84327694
 1.76224399 1.65431879 1.58664292 1.56224399 1.57346394 1.56865539
 1.53036509 1.50685663 1.46642921 1.3967943  1.32822796 1.2730187
 1.22261799 1.2030276  1.15084595 1.15333927 1.14550312 1.12804987
 1.10436331 1.05788068 1.03971505 1.0128228  0.96081923 0.94229742
 0.90632235 0.91077471 0.88869101 0.84577026 0.85325022 0.81887801
 0.81513802 0.76473731 0.76170971 0.75992876 0.71593945 0.69278718]",118
115,0.15,"0.0,0.15,0.3,0.44999999999999996,0.6,0.75,0.8999999999999999,1.05,1.2,1.3499999999999999,1.5,1.65,1.7999999999999998,1.95,2.1,2.25,2.4,2.55,2.6999999999999997,2.85,3.0,3.15,3.3,3.4499999999999997,3.5999999999999996,3.75,3.9,4.05,4.2,4.35,4.5,4.6499999999999995,4.8,4.95,5.1,5.25,5.3999999999999995,5.55,5.7,5.85,6.0,6.1499999999999995,6.3,6.45,6.6,6.75,6.8999999999999995,7.05,7.199999999999999,7.35,7.5,7.6499999999999995,7.8,7.949999999999999,8.1,8.25,8.4,8.549999999999999,8.7,8.85,9.0,9.15,9.299999999999999,9.45,9.6,9.75,9.9,10.049999999999999,10.2,10.35,10.5,10.65,10.799999999999999,10.95,11.1,11.25,11.4,11.549999999999999,11.7,11.85,12.0,12.15,12.299999999999999,12.45,12.6,12.75,12.9,13.049999999999999,13.2,13.35,13.5,13.65,13.799999999999999,13.95,14.1,14.25,14.399999999999999,14.549999999999999,14.7,14.85,15.0,15.149999999999999",2007R_GLUT1_647_WGA_594_0002.nd2,2007,M,R,5.5,Homo,Experimental,0,False,5.091494845360825,False,"[12.46182345 12.68943299 12.89529639 12.99291237 13.14078608 13.33521263
 13.56974871 14.1443299  14.62322809 15.65157861 16.60824742 16.81185567
 17.2288982  17.39046392 17.29494201 17.61179124 17.54977448 17.77319588
 18.03012242 18.03012242 18.30396263 18.60422036 18.78833763 18.80637887
 18.85373711 18.94877577 19.06475515 19.11517397 19.18653351 19.11871778
 18.89690722 19.02963918 18.97905928 18.79268686 19.27931701 19.31217784
 19.32361469 19.52625644 19.89867912 19.63224871 20.82828608 21.70328608
 22.9632732  26.59842139 30.17429124 36.75724871 43.98695232 45.43411727
 47.55927835 48.27496778 49.97052191 51.33505155 52.99838918 53.88079897
 54.27061856 52.85583119 49.29397552 42.04671392 38.25724871 37.74307345
 33.19072165 31.60792526 27.12065077 24.18701675 23.04880799 21.91704253
 20.4007732  19.33038015 18.80992268 18.71568943 18.68057345 18.58940077
 18.30041881 18.03237758 17.97358247 17.42590206 17.47132732 17.19700387
 16.80686211 16.78253866 16.55686211 16.53688789 16.60212629 16.54284794
 16.46085696 16.25016108 16.2683634  16.16253222 16.18508376 16.06282216
 15.81539948 15.96810567 16.04365335 15.88965851 16.0753866  15.89143041
 15.96778351 15.90093428 15.7628866  15.76965206 15.7371134  15.54188144]","[ 1.95215851  1.97680412  1.99162371  2.04735825  2.06072809  2.11710696
  2.10148196  2.21311211  2.40415593  2.73501933  3.21520619  3.44523196
  3.74822809  3.9283183   3.97036082  4.0716817   4.07586985  4.25966495
  4.47454897  4.61227448  4.94829253  5.39320232  5.70167526  5.9632732
  6.20876289  6.69007732  6.84181701  7.00451031  7.26626933  7.45602448
  7.90141753  8.28785438  8.41833119  9.08714562  9.96794459 10.67155284
 10.80895619 10.93766108 11.46955541 11.18911082 12.54059278 13.0974549
 13.56121134 13.41414304 13.14577964 12.24275129 10.82651418 10.06813789
  8.9742268   8.59826031  7.67686856  7.12113402  6.02963918  5.41253222
  5.09149485  4.57731959  4.15834407  3.8878866   3.88563144  3.78624356
  3.88176546  3.8556701   3.86936211  3.85695876  3.84568299  3.82893041
  3.89255799  3.80798969  3.7720683   3.77738402  3.7288982   3.7472616
  3.76691366  3.65125644  3.69603737  3.55831186  3.54510309  3.52545103
  3.49871134  3.42219716  3.51304768  3.43959407  3.43556701  3.38836985
  3.39513531  3.32490335  3.36565722  3.43057345  3.41978093  3.48147552
  3.4320232   3.48292526  3.49468428  3.52673969  3.55090206  3.64497423
  3.5726482   3.57184278  3.54059278  3.5367268   3.56072809  3.64964562]","[ 5.0285116   5.41736469  5.74613402  6.15447809  6.95972938  7.85148196
  8.82329253 12.07200387 16.9908183  29.60824742 46.61936211 49.80992268
 46.08778995 38.46069588 36.16156572 33.77883376 33.22390464 31.17171392
 29.29091495 28.4025451  27.20360825 26.03334407 25.06749356 24.54574742
 23.96681701 23.52271263 23.38369845 23.21423969 23.19039948 23.07297036
 23.18669459 23.3787049  23.2996134  22.99935567 22.15270619 21.51804124
 21.39110825 21.23485825 20.54864691 20.71875    19.51498067 19.03092784
 18.15721649 17.18524485 16.52045747 15.33376289 13.30589562 12.48534149
 11.40866624 10.94974227 10.11340206  9.45505799  8.83231314  8.78141108
  8.89626289  9.45280284 10.15222294 11.43669459 12.18621134 12.29558634
 12.99307345 13.18878866 13.97809278 14.22567655 14.13402062 13.8970683
 13.17106959 12.64046392 11.95264175 11.79896907 11.91672036 11.69652062
 11.55315722 11.14513531 11.00225515 10.49581186 10.01530284  9.71585052
  9.24291237  8.94652062  8.68041237  8.52190722  8.59938789  8.39787371
  8.3308634   8.04172036  7.83956186  7.70747423  7.38675902  7.10341495
  6.96198454  6.77915593  6.71858892  6.61227448  6.55815077  6.31652706
  6.23115335  6.03753222  5.91672036  5.8060567   5.72406572  5.57570876]","[0.4908183  0.55380155 0.63466495 0.72116624 0.87902706 1.06137242
 1.24371778 1.80460696 2.63337629 4.38015464 6.45151418 6.96407861
 6.75289948 6.09793814 5.87951031 5.57586985 5.54719716 5.24339562
 5.05766753 4.87145619 4.66108247 4.47938144 4.26707474 4.18911082
 4.13595361 3.96875    3.92686856 3.90576675 3.8097616  3.76514175
 3.67719072 3.58424613 3.53849871 3.34777706 3.27029639 3.16527062
 3.17074742 3.17880155 3.08666237 3.06394974 2.88595361 2.82039304
 2.74259021 2.63337629 2.54735825 2.40447809 2.15963273 2.07152062
 1.921875   1.82280928 1.71875    1.63611469 1.50483247 1.49162371
 1.49645619 1.52802835 1.59471649 1.71713918 1.76224227 1.79381443
 1.82796392 1.87274485 1.89932345 1.95425258 1.94184923 1.88836985
 1.80364046 1.6837951  1.62580541 1.58424613 1.58392397 1.57893041
 1.57184278 1.49307345 1.4714884  1.42074742 1.35373711 1.29300902
 1.26272552 1.20844072 1.18041237 1.16736469 1.15705541 1.10953608
 1.12145619 1.08295747 1.05090206 1.01530284 0.96907216 0.92783505
 0.91784794 0.87838273 0.86791237 0.8464884  0.8308634  0.80992268
 0.79445876 0.77528995 0.76240335 0.73566366 0.72358247 0.69168814]",119
116,0.15,"0.0,0.15,0.3,0.44999999999999996,0.6,0.75,0.8999999999999999,1.05,1.2,1.3499999999999999,1.5,1.65,1.7999999999999998,1.95,2.1,2.25,2.4,2.55,2.6999999999999997,2.85,3.0,3.15,3.3,3.4499999999999997,3.5999999999999996,3.75,3.9,4.05,4.2,4.35,4.5,4.6499999999999995,4.8,4.95,5.1,5.25,5.3999999999999995,5.55,5.7,5.85,6.0,6.1499999999999995,6.3,6.45,6.6,6.75,6.8999999999999995,7.05,7.199999999999999,7.35,7.5,7.6499999999999995,7.8,7.949999999999999,8.1,8.25,8.4,8.549999999999999,8.7,8.85,9.0,9.15,9.299999999999999,9.45,9.6,9.75,9.9,10.049999999999999,10.2,10.35,10.5,10.65,10.799999999999999,10.95,11.1,11.25,11.4,11.549999999999999,11.7,11.85,12.0,12.15,12.299999999999999,12.45,12.6,12.75,12.9,13.049999999999999,13.2,13.35,13.5,13.65,13.799999999999999,13.95,14.1,14.25,14.399999999999999,14.549999999999999,14.7,14.85,15.0,15.149999999999999",2007R_GLUT1_647_WGA_594_0002.nd2,2007,M,R,5.5,Homo,Experimental,0,False,3.681951660266546,False,"[13.45877569 13.65461938 13.92839395 14.03230178 14.41540547 14.92884572
 15.04743619 16.10594082 17.44431895 18.90264287 20.38604021 20.98351028
 22.03862661 22.65168286 23.24124689 23.44544838 23.72690309 24.35825616
 25.59385588 26.93020104 29.68669528 32.87802123 35.55342218 37.30539869
 38.76146375 41.34854303 42.28529478 42.93697764 43.74903998 45.1820646
 47.73074317 51.90015812 54.21888412 59.54732324 63.29478202 65.94714253
 66.38197425 66.75333183 68.6408403  68.29997741 72.13124012 73.09396883
 75.00745426 75.40456291 74.08470748 71.03478654 67.40840298 65.35260899
 63.69256833 62.04608087 59.29161961 55.67156088 48.11994579 40.8870567
 37.0083578  30.06211882 26.19200361 23.79466908 22.88321663 22.6491981
 22.21526993 21.91868082 21.0388525  20.75220239 20.79037723 20.3103682
 20.23718094 19.80573752 19.84910775 19.73797154 19.61011972 19.84910775
 19.72328891 19.50982607 19.29794443 19.45809803 19.60921617 19.23537384
 18.99141631 19.06257059 18.76214141 18.76936978 18.94375424 18.66659137
 18.42579625 18.41179128 18.36819517 18.26406144 18.06144116 18.11362096
 17.98576914 17.92184323 17.92568331 17.86017619 17.98554326 17.86582336
 17.84888186 17.57962503 17.64264739 17.15834651 17.26089903 16.98283262]","[1.93810707 1.95821098 2.0033883  2.02439575 2.01197199 2.07860854
 2.06347414 2.15473232 2.35554552 2.68669528 3.16489722 3.36706573
 3.6914389  3.79331376 3.9241021  3.91348543 3.90535351 4.03998193
 4.09803479 4.06889541 4.11610571 4.1922295  4.27580754 4.39575333
 4.50282358 4.62548001 4.71289813 4.82990739 4.88547549 4.91506664
 4.93223402 4.88140953 4.71854529 4.59340411 4.4131466  4.30833522
 4.27558166 4.26609442 4.20442738 4.18838943 4.1197199  3.94375424
 3.80460809 3.68195166 3.55635871 3.38875085 3.28371358 3.20668624
 3.13508019 3.18997063 3.21911001 3.2681274  3.50824486 3.76440027
 3.88502372 4.26925683 4.46013101 4.59679241 4.71041337 4.69347188
 4.62864242 4.66388073 4.68421053 4.7436187  4.7503953  4.75897899
 4.80528575 4.75423537 4.80551163 4.77614637 4.81635419 4.76756268
 4.79625028 4.82538965 4.78134177 4.70792862 4.79805738 4.78495595
 4.78088999 4.70928394 4.7571719  4.74768466 4.72961373 4.73887508
 4.70725096 4.58052857 4.58143212 4.49762819 4.40365936 4.33611927
 4.2344703  4.2511859  4.26835329 4.18296815 4.21368873 4.16150892
 4.17845042 4.14592275 4.0860628  4.03252767 4.01332731 3.88615315]","[ 4.95301559  5.36458098  5.681274    6.11023266  6.87734357  7.85791733
  8.8651457  12.48746329 18.18229049 31.6763045  46.10413372 46.42850689
 39.0185227  31.50372713 29.59950305 27.99277163 27.22385363 26.48475265
 25.96476169 26.03410888 26.23040434 25.87305173 25.14863339 24.4248927
 23.71538288 22.69460131 22.56223176 22.29862209 21.99796702 21.76756268
 21.63383781 20.73729388 20.34515473 19.27196747 18.65371583 18.24892704
 18.08583691 18.1382426  17.67427152 17.62615767 16.5446126  15.69030946
 14.07002485 11.99525638 10.61441157  9.47910549  8.93697764  8.85091484
  8.87734357  8.91664784  9.16647843  9.62412469 10.73435735 12.06392591
 12.77162864 14.24011746 15.12243054 15.61667043 15.7201265  15.73029139
 15.56336119 15.63677434 15.29274904 15.00655071 14.68375875 14.22814547
 13.48294556 12.85023718 12.28348769 12.05466456 12.20668624 11.89789925
 11.8735035  11.43347639 11.34763948 10.87937655 10.48768918 10.1838717
  9.97108651  9.60131014  9.46193811  9.27467811  9.40230404  9.15021459
  9.00474362  8.7858595   8.56946013  8.48452677  8.13124012  7.84210526
  7.68037045  7.46080867  7.37632708  7.19832844  7.22046533  7.01084256
  6.89225209  6.70521798  6.55251864  6.42285972  6.19719901  6.02823583]","[0.50576011 0.57601084 0.67765981 0.74226338 0.94985317 1.08990287
 1.31104585 1.93494466 2.90919358 4.89247798 6.93675175 7.1450192
 6.82042015 6.23582562 6.17009261 6.00790603 5.97628191 5.94872374
 6.02462164 5.96589112 6.06189293 6.1484075  6.04449966 5.98780212
 5.86424215 5.55003388 5.50914841 5.47752428 5.33837813 5.18861532
 4.94736842 4.56968602 4.40727355 4.00406596 3.73751977 3.61260447
 3.61531511 3.51321437 3.40433702 3.44364129 3.1669302  3.06708832
 2.73503501 2.3794895  2.06324825 1.83623221 1.71764174 1.67020556
 1.69911904 1.70273323 1.75400949 1.86198328 2.10910323 2.40411114
 2.52224983 2.72080416 2.75536481 2.66726903 2.59385588 2.59634064
 2.56087644 2.48520443 2.37158347 2.28439124 2.209171   2.13417664
 2.03953016 1.95369325 1.83397335 1.82832618 1.85001129 1.80009035
 1.77592049 1.73887508 1.72193359 1.63677434 1.58482042 1.5649424
 1.5211204  1.47616896 1.37655297 1.39168737 1.39643099 1.35870793
 1.32459905 1.26248023 1.23785859 1.21775469 1.17573978 1.13959792
 1.12559295 1.08402982 1.09329117 1.02936526 1.06121527 0.98802801
 0.9645358  0.9274904  0.92048792 0.89089677 0.85249605 0.82313079]",120
117,0.15,"0.0,0.15,0.3,0.44999999999999996,0.6,0.75,0.8999999999999999,1.05,1.2,1.3499999999999999,1.5,1.65,1.7999999999999998,1.95,2.1,2.25,2.4,2.55,2.6999999999999997,2.85,3.0,3.15,3.3,3.4499999999999997,3.5999999999999996,3.75,3.9,4.05,4.2,4.35,4.5,4.6499999999999995,4.8,4.95,5.1,5.25,5.3999999999999995,5.55,5.7,5.85,6.0,6.1499999999999995,6.3,6.45,6.6,6.75,6.8999999999999995,7.05,7.199999999999999,7.35,7.5,7.6499999999999995,7.8,7.949999999999999,8.1,8.25,8.4,8.549999999999999,8.7,8.85,9.0,9.15,9.299999999999999,9.45,9.6,9.75,9.9,10.049999999999999,10.2,10.35,10.5,10.65,10.799999999999999,10.95,11.1,11.25,11.4,11.549999999999999,11.7,11.85,12.0,12.15,12.299999999999999,12.45,12.6,12.75,12.9,13.049999999999999,13.2,13.35,13.5,13.65,13.799999999999999,13.95,14.1,14.25,14.399999999999999,14.549999999999999,14.7,14.85,15.0,15.149999999999999",2007R_GLUT1_647_WGA_594_0002.nd2,2007,M,R,5.5,Homo,Experimental,0,True,80.83254423124845,False,"[13.01495141 13.242462   13.46374284 13.63468727 14.0933217  14.30737603
 14.73461251 15.89322203 16.84301022 18.50548218 20.33204585 20.89596312
 22.52180414 24.14677299 24.81584849 25.57525542 26.19860454 27.27124346
 28.49800648 29.48504859 30.51146275 31.28582108 31.73835036 32.46187391
 33.0001246  33.82606529 34.53501121 34.73822577 35.52803389 35.87540493
 37.03688014 39.54061799 41.08908547 43.29504112 44.71766758 45.12571642
 45.33765263 45.36032893 45.74121605 45.88761525 45.99165213 45.87465736
 45.94829305 45.84176427 46.03949664 47.61138799 48.69150262 48.74059307
 49.00573137 48.85995515 48.64914029 48.60902068 49.8207077  51.9470471
 53.18415151 53.51233491 52.35036133 48.99077997 47.01544979 46.7020932
 43.71991029 43.09456766 38.62172938 34.96237229 32.74395714 30.14465487
 27.11275853 24.76488911 22.76488911 22.28843758 22.56242213 21.98305507
 21.78121106 20.80650386 20.65487167 19.90331423 19.42773486 18.95788687
 18.77722402 18.49538998 18.3509843  18.14714677 18.31634687 18.28046349
 18.11948667 17.94654872 17.87017194 17.79990032 17.53401445 17.42611513
 17.39932719 17.20059806 17.24071767 17.1238475  17.16521306 17.00348866
 17.03588338 17.05469723 17.02990282 16.89957638 16.90306504 16.7676302 ]","[ 2.12783454  2.19573885  2.20732619  2.23772739  2.28955893  2.39808124
  2.37752305  2.48616995  2.70745078  3.08310491  3.62708697  3.83379018
  4.15387491  4.40991777  4.44767007  4.54198854  4.52292549  4.53339148
  4.69087964  4.70782457  4.8382756   5.23560927  5.67842013  6.09444306
  6.54310989  7.32668826  7.69362073  7.99788188  8.28046349  8.73685522
  9.24445552  9.77946673  9.85920758  9.65686519  9.65262896  9.80326439
 10.01108896 10.16085223 10.70358834 10.6010466  12.25616746 13.30214304
 15.71654622 21.09469225 27.80164465 38.99177673 51.02653875 55.28943434
 59.96760528 63.09170197 67.43197109 71.26650885 76.78694244 79.72377274
 80.93109893 80.83254423 79.59867929 75.85808622 74.04958884 73.98293048
 72.10665338 71.45414902 68.18502367 64.92698729 62.72576626 58.71368054
 52.0026165  45.19985049 38.38911039 36.36032893 37.02616496 35.17630202
 33.70570645 28.84961376 26.6440319  20.26376775 16.37565412 13.98903563
 11.56765512 10.28818839  9.36929978  8.89521555  9.05083479  8.45003738
  8.22788438  7.52940444  7.02790929  6.65948168  6.21056566  5.81273362
  5.63967107  5.3989534   5.33366559  5.21330675  5.16147521  4.9469225
  4.85023673  4.74632445  4.62509345  4.51308248  4.52404685  4.52728632]","[ 4.98853725  5.39546474  5.70919512  6.1162472   6.90119611  7.83516073
  8.72825816 12.27199103 17.61836531 30.10814852 44.56478943 45.48567157
 39.44816845 32.84525293 31.33241964 29.73062547 29.09705956 28.29952654
 27.68764017 27.57139297 27.36132569 27.32120608 27.45066035 27.36145029
 27.1589833  26.66371792 26.41353102 26.28656865 25.92574134 25.73772739
 25.13555943 24.18091204 23.75816098 23.05133317 22.46822826 21.9672315
 21.86468976 21.64914029 21.12285074 21.06229753 19.92237727 19.54061799
 18.99015699 18.80538251 18.54348368 17.84662347 16.84400698 16.40580613
 15.95651632 15.59207575 15.16184899 14.61711936 13.60304012 12.75554448
 12.38337902 11.78208323 11.58061301 11.50411164 11.5807376  11.63020184
 11.74370795 11.79192624 12.0252928  12.21355594 12.28382756 12.45053576
 12.3359083  12.33217045 12.15537005 12.17630202 12.19424371 12.13468727
 12.1463992  12.02828308 11.99850486 11.64315973 11.36145029 11.02479442
 10.5884625  10.29055569 10.03937204  9.82344879  9.90057314  9.6564914
  9.55918266  9.20022427  8.964615    8.66944929  8.28644406  7.97919262
  7.77934214  7.53301769  7.42997757  7.27460753  7.25367555  6.97819586
  6.81223524  6.59045602  6.4394468   6.30376277  6.1440319   5.99115375]","[0.48878644 0.57463244 0.63431348 0.72626464 0.90281585 1.09319711
 1.24956392 1.88562173 2.75965612 4.62359831 6.68452529 7.11512584
 6.75529529 6.26177423 6.11562422 5.86655868 5.83316721 5.69000748
 5.50610516 5.35933217 5.19075505 5.01133815 4.85684027 4.78868677
 4.6842761  4.4897832  4.44966359 4.37652629 4.307999   4.19063045
 4.08771493 3.87839522 3.80289061 3.7044605  3.64502866 3.61325692
 3.57986544 3.57164216 3.50548218 3.4773237  3.33528532 3.31223524
 3.18489908 3.10627959 3.02454523 2.99401944 2.85297782 2.76364316
 2.69748318 2.61799153 2.53762771 2.47321206 2.26289559 2.10789933
 2.0630451  1.96997259 1.90219287 1.91328183 1.92113132 1.88362821
 1.94268627 1.92549215 1.95053576 1.95551956 1.98629454 1.99439322
 1.99102916 1.96760528 1.95875903 1.94891602 1.97919262 1.97408423
 1.93458759 1.92947919 1.90281585 1.84014453 1.75093446 1.68988288
 1.6161226  1.55718914 1.50809868 1.47844505 1.48542238 1.44928981
 1.44866683 1.39459257 1.34762023 1.27373536 1.19835535 1.1794169
 1.11649639 1.09444306 1.06740593 1.03962123 1.03849988 0.96735609
 0.95863444 0.90630451 0.88225766 0.86344381 0.83640668 0.81510092]",122
118,0.15,"0.0,0.15,0.3,0.44999999999999996,0.6,0.75,0.8999999999999999,1.05,1.2,1.3499999999999999,1.5,1.65,1.7999999999999998,1.95,2.1,2.25,2.4,2.55,2.6999999999999997,2.85,3.0,3.15,3.3,3.4499999999999997,3.5999999999999996,3.75,3.9,4.05,4.2,4.35,4.5,4.6499999999999995,4.8,4.95,5.1,5.25,5.3999999999999995,5.55,5.7,5.85,6.0,6.1499999999999995,6.3,6.45,6.6,6.75,6.8999999999999995,7.05,7.199999999999999,7.35,7.5,7.6499999999999995,7.8,7.949999999999999,8.1,8.25,8.4,8.549999999999999,8.7,8.85,9.0,9.15,9.299999999999999,9.45,9.6,9.75,9.9,10.049999999999999,10.2,10.35,10.5,10.65,10.799999999999999,10.95,11.1,11.25,11.4,11.549999999999999,11.7,11.85,12.0,12.15,12.299999999999999,12.45,12.6,12.75,12.9,13.049999999999999,13.2,13.35,13.5,13.65,13.799999999999999,13.95,14.1,14.25,14.399999999999999,14.549999999999999,14.7,14.85,15.0,15.149999999999999",2007R_GLUT1_647_WGA_594_0002.nd2,2007,M,R,5.5,Homo,Experimental,0,False,4.733295259851514,False,"[13.49343232 13.88206739 14.16362079 14.59794403 14.97001713 15.39691605
 15.79640206 17.35579669 18.72501428 20.45516848 22.33609366 23.63049686
 24.86207881 27.37778412 27.63906339 28.8837807  30.21187893 32.08195317
 35.38149629 38.36493432 45.56082239 53.91090805 60.63192461 65.1273558
 69.51627641 74.50571102 76.43946316 78.19417476 79.92804112 81.12421473
 83.49143347 85.96858938 86.26641919 85.27955454 83.21530554 80.99086236
 79.54454597 79.35950885 77.19617362 77.34551685 72.96173615 70.19931468
 67.75042833 65.12107367 63.20131354 60.92061679 55.8335237  52.9234723
 49.16818961 46.06396345 41.09708738 35.57252998 28.54368932 25.39948601
 23.81382067 21.85237007 21.00399772 20.00913764 19.64163335 19.57167333
 19.65505425 19.10850942 19.01313535 18.62421473 18.65933752 18.42204455
 18.32038835 18.14962878 18.0525414  17.97401485 17.87407196 18.00314106
 17.78069674 17.78869218 17.75099943 17.72301542 17.64420331 17.42261565
 17.45117076 17.42861222 17.20988007 17.31353512 17.44660194 17.24443175
 17.41604797 17.01627641 17.3469446  17.26270702 17.2044546  17.01056539
 17.08252427 17.09794403 16.871502   17.02798401 16.93175328 17.18246716
 17.20759566 17.00856653 17.14877213 16.94488864 17.03055397 16.96230725]","[1.96544832 1.98201028 2.01513421 2.03398058 2.04054826 2.09565962
 2.06596231 2.2061679  2.35494003 2.66162193 3.1793261  3.38806396
 3.6150771  3.73814963 3.82838378 3.84922901 3.9737293  3.92775557
 4.11593375 4.18646488 4.52998287 4.58652199 4.8720731  4.73586522
 4.82781268 4.99771559 5.01998858 5.19788692 5.15019989 5.07224443
 5.11679041 4.81324957 4.73329526 4.44288978 4.32552827 4.21416334
 4.16619075 4.1921759  3.97173044 4.04054826 3.90805254 3.82895488
 3.77241576 3.77984009 3.87749857 3.97858367 3.97601371 3.95916619
 3.89634495 3.88920617 3.8720731  3.87549971 3.94888635 3.94660194
 3.97944032 4.20331239 4.30925186 4.05568247 3.95945174 3.95516848
 3.74528841 3.81867504 3.65962307 3.59851513 3.64934323 3.60793832
 3.52998287 3.56025128 3.5636779  3.55396916 3.50599657 3.51427756
 3.55539692 3.54683038 3.51570531 3.47687036 3.4994289  3.53340948
 3.50285551 3.46773272 3.56082239 3.4229012  3.48143918 3.49171902
 3.48914906 3.45431182 3.47572816 3.45830954 3.50428327 3.44346088
 3.47744146 3.47030268 3.47515705 3.51113649 3.49143347 3.55368361
 3.57681325 3.57110223 3.56253569 3.62649914 3.70816676 3.79268989]","[ 4.7692747   5.09765848  5.40919475  5.73843518  6.50399772  7.46916048
  8.28783552 11.98857796 17.44831525 29.5525414  43.26470588 43.3206739
 36.06710451 28.0251285  25.99143347 23.73101085 22.3335237  20.73215306
 19.50828098 18.91719018 17.78012564 16.76013706 15.77955454 15.09822958
 14.29640206 13.26756139 12.89891491 12.59765848 12.22387207 11.87921188
 11.18103941 10.17532838  9.64620217  8.95945174  8.63021131  8.46944603
  8.4491719   8.39406054  8.28869218  8.31267847  8.39862935  8.50428327
  8.83495146  9.42718447  9.91861793 10.56910337 11.30296973 11.81781839
 12.36864649 12.82524272 13.7424329  14.68932039 16.96487721 18.321245
 18.66990291 18.90034266 18.63078241 17.46487721 17.10022844 17.02255854
 16.42490006 16.31324957 15.61336379 15.02255854 14.69531696 14.15962307
 13.56739006 13.0251285  12.40691034 12.18075385 12.28754997 12.09137636
 12.05482581 11.62935465 11.45802399 10.88035408 10.49543118 10.23529412
  9.65876642  9.32752713  9.17418618  8.92261565  9.06767561  8.85636779
  8.7050257   8.50599657  8.24557396  8.13906339  7.7295831   7.52398629
  7.28669332  7.0765277   7.04197601  6.90719589  6.85151342  6.65990862
  6.49628784  6.34837236  6.23101085  6.16790405  6.01027984  5.87035979]","[0.46573387 0.55996573 0.61307824 0.70673901 0.89149058 1.09851513
 1.22729869 1.91519132 2.80296973 4.61993147 6.57624215 6.88406625
 6.43432324 5.80011422 5.56167904 5.39491719 5.28069674 5.09280411
 4.97801256 4.86836094 4.78469446 4.61393489 4.31296402 4.16105083
 3.94460308 3.61993147 3.49114792 3.42747002 3.28926328 3.2167333
 2.95973729 2.77498572 2.67304397 2.57824101 2.47258709 2.4223301
 2.39605939 2.37435751 2.33266705 2.34066248 2.29668761 2.28812107
 2.33552256 2.34408909 2.3837807  2.51713307 2.5776699  2.57738435
 2.66818961 2.71073672 2.87035979 3.0245574  3.23929183 3.38263849
 3.30553969 3.17133067 3.00799543 2.78954883 2.66904626 2.64648772
 2.55054255 2.53169617 2.3972016  2.30239863 2.23672187 2.15048544
 2.07881211 1.93917761 1.9625928  1.92432895 1.90205597 1.92604226
 1.87549971 1.83466591 1.80125642 1.76299258 1.68246716 1.58052541
 1.52884066 1.46601942 1.43917761 1.41319246 1.39091947 1.39491719
 1.38777841 1.30925186 1.30154198 1.23329526 1.16447744 1.13192461
 1.10708167 1.07881211 1.04940034 1.03655054 1.04311822 0.98914906
 0.98972016 0.92318675 0.8843518  0.86950314 0.85665334 0.81781839]",123
119,0.15,"0.0,0.15,0.3,0.44999999999999996,0.6,0.75,0.8999999999999999,1.05,1.2,1.3499999999999999,1.5,1.65,1.7999999999999998,1.95,2.1,2.25,2.4,2.55,2.6999999999999997,2.85,3.0,3.15,3.3,3.4499999999999997,3.5999999999999996,3.75,3.9,4.05,4.2,4.35,4.5,4.6499999999999995,4.8,4.95,5.1,5.25,5.3999999999999995,5.55,5.7,5.85,6.0,6.1499999999999995,6.3,6.45,6.6,6.75,6.8999999999999995,7.05,7.199999999999999,7.35,7.5,7.6499999999999995,7.8,7.949999999999999,8.1,8.25,8.4,8.549999999999999,8.7,8.85,9.0,9.15,9.299999999999999,9.45,9.6,9.75,9.9,10.049999999999999,10.2,10.35,10.5,10.65,10.799999999999999,10.95,11.1,11.25,11.4,11.549999999999999,11.7,11.85,12.0,12.15,12.299999999999999,12.45,12.6,12.75,12.9,13.049999999999999,13.2,13.35,13.5,13.65,13.799999999999999,13.95,14.1,14.25,14.399999999999999,14.549999999999999,14.7,14.85,15.0,15.149999999999999",2007R_GLUT1_647_WGA_594_0002.nd2,2007,M,R,5.5,Homo,Experimental,0,False,4.698738738738739,False,"[ 13.8645045   14.20144144  14.53153153  15.04684685  15.79315315
  16.48396396  16.78990991  18.93477477  20.65837838  23.59567568
  27.47711712  29.59603604  34.45261261  39.86918919  42.24684685
  44.97153153  47.49873874  51.47315315  55.96720721  60.02954955
  64.68828829  68.06522523  69.89693694  71.76792793  73.10774775
  75.76756757  77.56612613  78.6363964   80.01585586  82.00216216
  85.98918919  93.45765766  98.0209009  103.70666667 106.63423423
 106.72648649 106.97081081 106.7809009  106.22522523 106.58126126
 103.2381982  101.56864865  98.40576577  91.87027027  85.78918919
  77.61801802  68.84720721  65.17297297  61.29189189  58.51099099
  54.60612613  51.15459459  47.74522523  46.70126126  46.95099099
  46.54342342  47.27963964  47.10594595  47.10234234  46.44540541
  44.5409009   44.07855856  40.61189189  37.66810811  35.16576577
  33.06702703  29.85153153  26.9981982   24.64576577  23.60324324
  24.10846847  23.33369369  23.12        21.67099099  21.51783784
  20.5563964   20.03963964  19.55495495  19.17297297  18.79099099
  18.79459459  18.59243243  18.68432432  18.50954955  18.50054054
  18.15099099  18.26594595  18.02954955  17.58558559  17.8245045
  17.78198198  17.32396396  17.67567568  17.18414414  17.5163964
  17.13585586  17.34990991  17.31099099  17.21153153  16.8436036
  17.24720721  16.8381982 ]","[ 2.05225225  2.07711712  2.12432432  2.11783784  2.15963964  2.22846847
  2.18162162  2.32756757  2.52504505  2.86594595  3.38882883  3.55135135
  3.78594595  4.01585586  4.03243243  4.11063063  4.11495495  4.19603604
  4.22702703  4.16036036  4.14846847  4.26126126  4.33369369  4.31099099
  4.41297297  4.61081081  4.59243243  4.69837838  4.71567568  4.78414414
  4.89585586  4.94234234  4.93585586  4.78522523  4.72792793  4.82414414
  4.69873874  4.8         4.70774775  4.75603604  5.03603604  5.0036036
  5.33369369  5.93117117  6.61297297  8.24432432 11.24828829 13.21981982
 15.51279279 17.18018018 20.34990991 23.48396396 30.46486486 36.83207207
 40.5218018  47.77981982 52.23459459 54.37873874 56.09009009 55.03567568
 55.28900901 54.94486486 53.87279279 52.96540541 51.60900901 48.75567568
 43.84468468 37.59783784 31.93693694 30.23171171 30.85621622 29.08324324
 27.58378378 23.29297297 21.43495495 15.9563964  13.13981982 11.55063063
  9.56828829  8.64        8.07387387  7.61081081  7.70558559  7.28216216
  7.17297297  6.60972973  6.17261261  5.90486486  5.64684685  5.29981982
  5.10018018  4.93405405  4.97945946  4.77945946  4.78162162  4.67027027
  4.58810811  4.42342342  4.34810811  4.31711712  4.29513514  4.19387387]","[ 5.06918919  5.5236036   5.88972973  6.37225225  7.27747748  8.24936937
  9.33693694 13.49189189 19.49189189 33.33441441 49.06342342 49.84648649
 43.74342342 37.79855856 36.89513514 35.78306306 35.35279279 35.02054054
 34.74846847 34.4572973  32.7827027  30.28612613 28.54738739 27.43243243
 26.70630631 25.83675676 25.53117117 25.40036036 25.11783784 24.94234234
 24.53477477 23.25441441 22.40540541 20.57981982 19.0381982  18.19495495
 18.09657658 17.90594595 17.53009009 17.34414414 16.74810811 16.63315315
 16.38522523 16.40396396 16.47315315 17.10054054 17.91891892 18.09513514
 18.19063063 18.25333333 18.41657658 18.46234234 17.85801802 16.67135135
 15.89225225 14.39027027 13.39783784 12.53225225 12.17873874 12.17369369
 11.80396396 11.76900901 11.5354955  11.58486486 11.71927928 11.79279279
 11.96756757 11.9581982  12.06666667 12.0381982  12.09585586 12.0418018
 12.16720721 12.03963964 12.14666667 11.81873874 11.54198198 11.2
 10.82558559 10.47243243 10.22126126 10.04324324 10.12900901  9.79855856
  9.6954955   9.28324324  8.99171171  8.65405405  8.1963964   7.86702703
  7.67171171  7.43567568  7.34486486  7.18990991  7.17693694  6.95531532
  6.73765766  6.50918919  6.36        6.26810811  6.08036036  5.95171171]","[0.47459459 0.55387387 0.62126126 0.70414414 0.90846847 1.08684685
 1.24504505 1.88612613 2.81873874 4.69441441 6.68468468 7.01837838
 6.6154955  6.15171171 6.05081081 5.86954955 5.86954955 5.79243243
 5.62666667 5.46882883 5.20144144 4.87711712 4.56828829 4.40828829
 4.30990991 4.03675676 4.05009009 3.95927928 3.95171171 3.79099099
 3.78342342 3.47963964 3.36936937 3.10954955 2.93297297 2.89657658
 2.88792793 2.84540541 2.77693694 2.81585586 2.77405405 2.73477477
 2.70666667 2.70162162 2.72648649 2.81297297 2.93693694 3.00936937
 2.99783784 3.06162162 3.02990991 3.10918919 3.08432432 2.90954955
 2.77477477 2.52144144 2.18594595 1.98990991 1.95711712 1.97009009
 1.91171171 1.85441441 1.83387387 1.79603604 1.77765766 1.77189189
 1.77009009 1.79135135 1.85837838 1.83351351 1.88072072 1.84144144
 1.83927928 1.83603604 1.83243243 1.76900901 1.68144144 1.65153153
 1.60828829 1.52144144 1.4645045  1.47711712 1.49333333 1.41945946
 1.4172973  1.36720721 1.30162162 1.22738739 1.15027027 1.13873874
 1.08036036 1.0818018  1.03927928 1.01981982 1.00900901 0.97801802
 0.9372973  0.89045045 0.88612613 0.86522523 0.82954955 0.80720721]",124
120,0.15,"0.0,0.15,0.3,0.44999999999999996,0.6,0.75,0.8999999999999999,1.05,1.2,1.3499999999999999,1.5,1.65,1.7999999999999998,1.95,2.1,2.25,2.4,2.55,2.6999999999999997,2.85,3.0,3.15,3.3,3.4499999999999997,3.5999999999999996,3.75,3.9,4.05,4.2,4.35,4.5,4.6499999999999995,4.8,4.95,5.1,5.25,5.3999999999999995,5.55,5.7,5.85,6.0,6.1499999999999995,6.3,6.45,6.6,6.75,6.8999999999999995,7.05,7.199999999999999,7.35,7.5,7.6499999999999995,7.8,7.949999999999999,8.1,8.25,8.4,8.549999999999999,8.7,8.85,9.0,9.15,9.299999999999999,9.45,9.6,9.75,9.9,10.049999999999999,10.2,10.35,10.5,10.65,10.799999999999999,10.95,11.1,11.25,11.4,11.549999999999999,11.7,11.85,12.0,12.15,12.299999999999999,12.45,12.6,12.75,12.9,13.049999999999999,13.2,13.35,13.5,13.65,13.799999999999999,13.95,14.1,14.25,14.399999999999999,14.549999999999999,14.7,14.85,15.0,15.149999999999999",2007R_GLUT1_647_WGA_594_0002.nd2,2007,M,R,5.5,Homo,Experimental,0,True,55.50238758456029,False,"[12.59948269 12.90370076 12.88460008 13.07262236 13.27596498 13.37883008
 13.77477119 14.31675288 14.90907282 15.72224433 16.65041783 16.9735376
 17.32212495 17.45005969 17.46259451 17.88380422 17.84799045 17.9850776
 18.26024672 18.45881417 18.94608038 19.27855153 19.35953044 19.63788301
 19.87445285 20.23318743 20.18483884 20.38519698 20.57103064 20.92339833
 21.36490251 22.9954238  24.0161162  26.85415838 29.46816554 31.38420215
 31.99084759 32.40250696 33.83366494 34.27755671 37.75845603 40.02407481
 43.93553522 48.95821727 51.77536809 54.57282133 56.43752487 56.53223239
 56.13469956 55.93931556 54.71070434 53.05471548 48.65181058 44.41862316
 41.37166733 35.16633506 29.8551532  25.23836053 23.51372861 23.34719459
 21.8557501  21.36430561 20.39852766 19.57361719 19.149423   18.83804218
 18.39235973 17.95682451 17.78730601 17.48726622 17.67031437 17.58575408
 17.43991246 17.27118981 17.22920812 16.78969359 16.89395145 16.73477915
 16.71110227 16.64405094 16.38062077 16.48288898 16.58515718 16.40350179
 16.41026661 16.30799841 16.12057302 16.20791882 16.03223239 16.27855153
 16.07560684 15.99562276 16.12375647 15.8091922  16.10167131 16.04257859
 15.95941106 15.94966176 15.81237565 16.04436928 15.68165539 15.69200159]","[ 2.07282133  2.08714684  2.15419817  2.15419817  2.19259849  2.26362913
  2.29924393  2.43533625  2.65021886  2.90250696  3.45941106  3.65280541
  4.01452447  4.17707919  4.18125746  4.30819737  4.35535217  4.46597692
  4.72801433  4.86589733  5.13350577  5.56565858  5.86589733  6.10982889
  6.39773179  6.74631914  6.86569837  7.08853959  7.22721846  7.45204934
  8.21468365 10.42001592 12.09033028 16.75328293 20.90250696 23.86768802
 24.55849582 25.13191405 28.08993235 27.92200557 33.47333864 36.69478711
 41.85475527 47.48647035 51.02705929 54.34639873 55.67886988 55.50238758
 54.64106645 54.45264624 53.44190211 52.71925985 49.77337843 47.32670115
 45.25686431 40.33406287 34.6287306  26.09510545 22.50537207 22.00915241
 17.75925189 16.73816156 12.81317151 10.40628731  9.50537207  8.08257063
  7.07560684  6.24592121  5.84222045  5.59709511  5.706924    5.54237963
  5.56327099  5.24353363  5.10624751  4.75586948  4.61460406  4.51293275
  4.32709908  4.20533227  4.19339435  4.12116992  4.18583366  4.12753681
  4.10266614  3.97711898  3.87883008  3.85754079  3.87226423  3.79864704
  3.76760844  3.75606844  3.76661361  3.76721051  3.72284123  3.72085157
  3.65996817  3.67747712  3.65658575  3.73259053  3.8718663   3.91384799]","[ 5.05212893  5.49641862  5.85614803  6.23796259  7.06923995  8.03402308
  8.92896936 12.57202547 17.60744131 29.48229208 47.23497811 50.84042977
 48.23816156 42.78014326 41.11937923 39.40250696 38.20851572 36.3408277
 34.53660963 33.34421011 31.51671309 29.78312774 28.96120175 28.37783526
 27.61500199 26.76502189 26.51452447 26.22622364 25.9695583  25.948269
 25.48348587 25.29625945 25.22085157 24.42140867 23.5368086  22.67668126
 22.33187425 22.22264226 21.23995225 21.05849582 18.6752885  17.25825706
 14.96975726 12.73597294 11.53442101 10.30620772  9.5873458   9.42021488
  9.41464385  9.31595702  9.32550736  9.43871866 10.01412654 10.71886192
 11.2005571  12.57103064 13.88121767 15.5212893  16.15479507 16.25726224
 16.6752885  16.70931158 16.73199363 16.33087943 15.87007561 15.33227218
 14.45185038 13.80023876 13.11957819 12.88519698 12.98985277 12.6798647
 12.6345006  12.09888579 11.81874254 11.05471548 10.54576204 10.11241544
  9.6177875   9.29645842  9.06187823  8.80939117  8.93255074  8.69379228
  8.56645444  8.20433745  7.91325109  7.78670911  7.36331078  7.17230402
  6.97552726  6.75109431  6.71368882  6.58376442  6.53223239  6.3408277
  6.22164743  6.0769996   5.93314763  5.79148428  5.67270195  5.56963788]","[0.5051731  0.59112614 0.67449264 0.78830084 0.96935933 1.1339037
 1.32690012 2.05093514 2.95145245 4.75726224 7.00736172 7.4844807
 7.36649423 6.70891365 6.56705133 6.24830879 6.13589335 5.76462396
 5.51273378 5.23418225 4.98746518 4.69856745 4.53979308 4.43195384
 4.31078392 4.21468365 4.14584162 4.10664544 4.0931158  4.0103462
 4.00716275 3.95523279 3.86132113 3.82590529 3.65758058 3.59132511
 3.52805412 3.51949861 3.39554318 3.36171906 3.10405889 2.93473936
 2.63151612 2.34202149 2.12017509 1.94090728 1.76661361 1.74572224
 1.71528054 1.67389574 1.64564266 1.69339435 1.73875846 1.82650219
 1.94866693 2.14385197 2.33724632 2.45324314 2.43235177 2.45980899
 2.42220454 2.39594111 2.34162356 2.22164743 2.19319538 2.06466375
 1.95961003 1.81058496 1.76024672 1.70493434 1.70771986 1.69220056
 1.62753681 1.58973339 1.54476721 1.45224831 1.38977318 1.35037803
 1.28929566 1.22244329 1.19259849 1.15360127 1.20075607 1.15101472
 1.12276164 1.07162754 1.0413848  1.02307998 0.96856347 0.96020692
 0.91742937 0.89832869 0.89992041 0.87166733 0.85734182 0.78651015
 0.78929566 0.74950259 0.73239156 0.73418225 0.70473538 0.6707123 ]",125
121,0.15,"0.0,0.15,0.3,0.44999999999999996,0.6,0.75,0.8999999999999999,1.05,1.2,1.3499999999999999,1.5,1.65,1.7999999999999998,1.95,2.1,2.25,2.4,2.55,2.6999999999999997,2.85,3.0,3.15,3.3,3.4499999999999997,3.5999999999999996,3.75,3.9,4.05,4.2,4.35,4.5,4.6499999999999995,4.8,4.95,5.1,5.25,5.3999999999999995,5.55,5.7,5.85,6.0,6.1499999999999995,6.3,6.45,6.6,6.75,6.8999999999999995,7.05,7.199999999999999,7.35,7.5,7.6499999999999995,7.8,7.949999999999999,8.1,8.25,8.4,8.549999999999999,8.7,8.85,9.0,9.15,9.299999999999999,9.45,9.6,9.75,9.9,10.049999999999999,10.2,10.35,10.5,10.65,10.799999999999999,10.95,11.1,11.25,11.4,11.549999999999999,11.7,11.85,12.0,12.15,12.299999999999999,12.45,12.6,12.75,12.9,13.049999999999999,13.2,13.35,13.5,13.65,13.799999999999999,13.95,14.1,14.25,14.399999999999999,14.549999999999999,14.7,14.85,15.0,15.149999999999999",2007R_GLUT1_647_WGA_594_0002.nd2,2007,M,R,5.5,Homo,Experimental,0,False,3.1193339500462534,False,"[14.1692877  14.76102374 15.64754857 16.12241751 17.12858464 18.09620722
 19.20228184 22.42954055 26.1791551  31.83564601 41.56336725 48.41134752
 57.01295097 64.66851681 66.75177305 69.41412273 70.12426765 72.35676842
 74.06290472 74.45266728 74.4249152  72.8831329  69.67838421 68.03206907
 65.64508171 62.13506013 60.67961764 58.94017885 56.93216158 55.69657724
 51.6324391  44.3031144  40.50570459 33.51834721 28.50200432 26.26148628
 25.44156645 25.25192723 23.92661116 23.5226642  21.60006167 20.85075547
 19.90255936 19.09867407 18.68239285 18.08171446 17.74622263 17.98334875
 17.65279063 17.6493987  17.7018193  17.43724946 17.4390996  17.49275362
 17.31699044 17.33456676 17.30342276 17.11440025 17.20875732 17.12365094
 17.01171755 16.8498304  16.91890225 16.74098057 17.01264261 16.78815911
 16.62380512 16.65772433 16.78630897 16.88590811 17.01726796 16.88467468
 16.6564909  16.79278446 16.77459143 16.72648782 16.59481961 16.69904409
 16.54085723 16.7018193  16.51680543 16.58834413 16.57693494 16.56028369
 16.74899784 16.54147394 16.29016343 16.43755782 16.67005859 16.44773358
 16.25932778 16.324391   16.30126426 16.3151403  16.36848597 16.37311132
 16.16959605 16.30958989 16.37403639 16.3031144  16.51310515 16.43570768]","[ 1.92753623  1.94110392  1.96638915  1.95868023  2.01757632  2.04347826
  2.0382362   2.12550108  2.27505396  2.54239901  2.87449892  3.02559359
  3.15541166  3.11162504  3.08510638  3.12673451  3.12796793  3.15479494
  3.12735122  3.10391613  3.11933395  3.16127043  3.20413198  3.37927845
  3.53839038  3.74868949  3.96022202  3.97193956  4.10360777  4.3151403
  4.71107     5.52081406  6.10083256  7.88775825  9.30033919 10.09744064
 10.22880049 10.2719704  10.54363244 10.62503854 10.26734505  9.97625655
  9.83564601  9.77613321 10.14677767 11.0884983  12.35769349 12.67715079
 12.70089423 12.50878816 11.89947579 11.26117792  9.61732963  8.10083256
  7.34813444  5.96453901  5.22479186  4.5750848   4.45852606  4.41196423
  4.19796485  4.20259019  4.16743756  4.05303731  4.02189331  3.93432007
  3.78199198  3.71168671  3.71662041  3.72741289  3.742214    3.71785384
  3.72648782  3.71014493  3.64384829  3.60962072  3.62503854  3.57570151
  3.56891767  3.5226642   3.54640765  3.58680234  3.68054271  3.55288313
  3.54794943  3.52883133  3.51495529  3.60653716  3.53931545  3.55319149
  3.55164971  3.60684551  3.61917977  3.54856614  3.53869874  3.51865557
  3.53160654  3.5439408   3.49059513  3.53006475  3.5609004   3.6182547 ]","[ 4.63089732  4.95744681  5.1982732   5.52358927  6.12056738  6.78445883
  7.48720321 10.41535615 14.54270737 24.40363861 36.75763182 38.09158187
 33.85538082 27.39562134 25.75763182 23.31483195 21.48288622 19.02713537
 16.75146469 15.48319457 13.78291705 12.62719704 12.40394696 12.14554425
 12.27474561 12.52328091 12.76996608 13.00925069 13.2408264  13.52790626
 14.10730805 15.03546099 15.57600987 16.79124268 17.65186556 18.14122726
 18.34474252 18.42584027 18.50292939 18.47641073 18.36910268 18.03021893
 17.46962689 16.82115325 16.85877274 16.88744989 16.87758249 17.00277521
 16.97440641 17.031144   17.11008326 17.24791859 17.69010176 18.14924453
 18.47764416 18.71107    18.27166204 17.2818378  16.78877582 16.8066605
 15.9213691  15.85568918 14.81560284 14.15757015 13.86740672 13.23342584
 12.43786617 11.87758249 11.42368178 11.32254086 11.38945421 11.17545483
 11.11409189 10.65803269 10.56120876 10.0502621   9.6466235   9.30280604
  9.06197965  8.74313907  8.48381129  8.30465618  8.50077089  8.1862473
  8.08818995  7.81806969  7.57600987  7.49614554  7.15849522  6.98643232
  6.85260561  6.71384521  6.59851989  6.56151711  6.51834721  6.35769349
  6.31945729  6.09990749  5.94202899  5.85630589  5.74807277  5.64970706]","[0.44064138 0.54116559 0.64785692 0.71384521 0.90749306 1.08325624
 1.23465927 1.91088498 2.7662658  4.51958064 6.75794018 7.28893
 7.18563059 6.59975331 6.4079556  5.9929078  5.77304965 5.27474561
 4.75084798 4.35923528 3.84890533 3.53098982 3.37187789 3.29756398
 3.27320382 3.32408264 3.37280296 3.4369411  3.44465002 3.45235893
 3.48566142 3.50015418 3.63336417 3.73265495 3.80234351 3.81745298
 3.81005242 3.79185939 3.74683935 3.73820537 3.59975331 3.52019735
 3.3080481  3.18408881 3.16250385 3.04902868 2.94141227 2.88744989
 2.83102066 2.75331483 2.75794018 2.78939254 2.78846747 2.78877582
 2.84798027 2.7591736  2.63521431 2.48041936 2.40733888 2.3604687
 2.27875424 2.2173913  2.1147086  2.04625347 1.97841505 1.88899167
 1.79000925 1.72895467 1.66604995 1.61455442 1.6466235  1.60283688
 1.60931237 1.51865557 1.49768733 1.42584027 1.36355227 1.29756398
 1.25562751 1.2506938  1.1763799  1.13475177 1.18994758 1.13506013
 1.12087573 1.09158187 1.03515264 1.06475486 0.98828245 0.99136602
 0.98982424 0.94912118 0.93277829 0.89454209 0.90687635 0.88344126
 0.85938945 0.8208449  0.77119951 0.75855689 0.75053962 0.73481344]",126
122,0.15,"0.0,0.15,0.3,0.44999999999999996,0.6,0.75,0.8999999999999999,1.05,1.2,1.3499999999999999,1.5,1.65,1.7999999999999998,1.95,2.1,2.25,2.4,2.55,2.6999999999999997,2.85,3.0,3.15,3.3,3.4499999999999997,3.5999999999999996,3.75,3.9,4.05,4.2,4.35,4.5,4.6499999999999995,4.8,4.95,5.1,5.25,5.3999999999999995,5.55,5.7,5.85,6.0,6.1499999999999995,6.3,6.45,6.6,6.75,6.8999999999999995,7.05,7.199999999999999,7.35,7.5,7.6499999999999995,7.8,7.949999999999999,8.1,8.25,8.4,8.549999999999999,8.7,8.85,9.0,9.15,9.299999999999999,9.45,9.6,9.75,9.9,10.049999999999999,10.2,10.35,10.5,10.65,10.799999999999999,10.95,11.1,11.25,11.4,11.549999999999999,11.7,11.85,12.0,12.15,12.299999999999999,12.45,12.6,12.75,12.9,13.049999999999999,13.2,13.35,13.5,13.65,13.799999999999999,13.95,14.1,14.25,14.399999999999999,14.549999999999999,14.7,14.85,15.0,15.149999999999999",2007R_GLUT1_647_WGA_594_0002.nd2,2007,M,R,5.5,Homo,Experimental,0,False,14.762393162393163,False,"[12.5620133  12.8311491  12.91016144 13.08072175 13.27464387 13.5960114
 13.84995252 14.68547009 15.36866097 16.49211776 17.60417854 17.734283
 17.9014245  18.16980057 18.05280152 18.08812915 18.15479582 18.24786325
 18.28300095 18.55270655 19.03779677 19.77948718 20.51301045 21.202849
 21.9982906  23.21044634 23.8339981  24.39240266 24.92725546 25.68528015
 27.21139601 29.72440646 31.28566002 33.90237417 35.18727445 36.0668566
 36.33523267 36.56106363 37.06609687 36.89496676 37.46704653 38.04615385
 38.09211776 38.15631529 37.82336182 36.44444444 34.0317189  32.73352327
 30.86077873 29.53105413 27.69401709 26.0368471  22.81747388 20.7982906
 20.35327635 19.09819563 18.74320988 18.10123457 18.03589744 18.06552707
 17.76847104 17.90294397 17.58366572 17.55764482 17.35612536 17.36847104
 17.11908832 17.1960114  16.96980057 17.06267806 16.97340931 16.85868946
 17.07217474 16.88319088 16.81557455 16.68129155 16.68774929 16.95821462
 16.68186135 16.70598291 16.85906933 16.89097816 16.71187085 16.68148148
 16.53789174 16.6        16.71320038 16.54283001 16.57758784 16.6328585
 16.38404558 16.41500475 16.41899335 16.24197531 16.57777778 16.34890788
 16.42412156 16.48698955 16.39791073 16.19734093 16.3620133  16.38499525]","[ 1.99088319  2.05735992  2.0991453   2.10541311  2.15061728  2.24235518
  2.24976258  2.41538462  2.65261159  3.05773979  3.69591643  4.04710351
  4.69990503  5.52326686  5.95726496  6.42355176  6.70731244  7.3682811
  8.20246914  8.84596391  9.59791073 10.26704653 10.52953466 10.55232669
 10.63038936 10.66495726 10.68490028 10.65470085 10.63095916 10.80607787
 11.02773029 11.9019943  12.09534663 12.86001899 13.1982906  13.65546059
 13.71130104 13.78480532 13.97853751 13.94738841 14.21994302 14.531434
 14.76239316 14.65849953 14.35308642 13.77606838 13.02830009 12.78746439
 12.31073124 12.26191833 11.74985755 11.15441595 10.11585945  9.1965812
  8.58366572  7.52041785  6.77739791  6.0039886   5.71263058  5.69420703
  5.35042735  5.26001899  5.07312441  4.87711301  4.83437797  4.74624881
  4.62716049  4.63437797  4.44159544  4.49363723  4.47426401  4.48793922
  4.57018044  4.48964862  4.33504274  4.26419753  4.16049383  4.14093067
  4.00018993  3.97891738  3.93903134  3.92649573  3.96106363  3.89116809
  3.95213675  3.89420703  3.91566952  3.98062678  4.00778727  3.98651472
  3.93922127  3.88034188  3.91509972  3.81652422  3.80968661  3.72497626
  3.74396961  3.76923077  3.75441595  3.86153846  3.96448243  4.00303894]","[ 4.71832858  5.11927825  5.42165242  5.78974359  6.51832858  7.42108262
  8.20246914 11.68186135 15.8708452  24.74434948 36.27939221 38.14396961
 35.44558405 30.95213675 29.68793922 28.26723647 27.19468186 25.8017094
 24.56695157 23.65565052 22.32630579 21.07559354 20.0322887  19.42773029
 18.79031339 17.89002849 17.77454891 17.402849   17.08053181 16.81709402
 16.25394112 15.28888889 14.75384615 13.76638177 13.08774929 12.5694207
 12.5308642  12.4351377  12.26818613 12.29192783 12.03266857 11.82962963
 11.56448243 11.29591643 11.20436847 11.53808167 12.19050332 12.74188034
 13.33162393 13.69173789 14.3705603  15.01158594 15.99677113 16.74453941
 16.9960114  17.61614435 17.74928775 17.54491928 17.35061728 17.3699905
 16.931434   16.85413105 16.31604938 15.76505223 15.18461538 14.64045584
 13.5654321  12.90161443 12.21063628 12.12649573 12.19734093 11.95954416
 11.91623932 11.42469136 11.27521368 10.68945869 10.32041785  9.92991453
  9.51244065  9.25223172  9.00474834  8.84824311  8.96296296  8.67255461
  8.62773029  8.34245014  7.99392213  7.84938272  7.41804368  7.24463438
  7.04349478  6.81253561  6.78442545  6.72288699  6.665717    6.44045584
  6.37834758  6.22811016  6.08319088  5.93409307  5.78442545  5.65109212]","[0.48091168 0.5711301  0.64539411 0.73504274 0.93238367 1.05128205
 1.25337132 1.85925926 2.58765432 3.90275404 5.55726496 5.99297246
 6.19126306 6.07312441 6.00246914 5.92421652 5.95270655 5.84672365
 5.72706553 5.64425451 5.38442545 5.13789174 4.97359924 4.97037037
 4.86932574 4.72763533 4.68566002 4.5694207  4.55061728 4.47673314
 4.30123457 4.00094967 3.83323837 3.51035138 3.25546059 3.09648623
 3.0640076  3.03133903 2.90408357 2.87920228 2.72782526 2.5954416
 2.49591643 2.3694207  2.27711301 2.32725546 2.45565052 2.45470085
 2.54472934 2.60246914 2.69705603 2.70940171 2.84881292 2.86058879
 2.88869896 2.86419753 2.78537512 2.72953466 2.66039886 2.65641026
 2.63380817 2.61063628 2.51016144 2.40740741 2.3354226  2.18632479
 2.07350427 1.97075024 1.85546059 1.84045584 1.82545109 1.82450142
 1.78689459 1.74510921 1.69990503 1.61956315 1.50009497 1.45052232
 1.40531814 1.36239316 1.32041785 1.29876543 1.31585945 1.27445394
 1.27388414 1.20550807 1.17530864 1.12782526 1.03969611 1.01595442
 0.96524217 0.95479582 0.95156695 0.9025641  0.90598291 0.86495726
 0.85071225 0.82754036 0.78062678 0.7671415  0.75840456 0.71035138]",127
123,0.15,"0.0,0.15,0.3,0.44999999999999996,0.6,0.75,0.8999999999999999,1.05,1.2,1.3499999999999999,1.5,1.65,1.7999999999999998,1.95,2.1,2.25,2.4,2.55,2.6999999999999997,2.85,3.0,3.15,3.3,3.4499999999999997,3.5999999999999996,3.75,3.9,4.05,4.2,4.35,4.5,4.6499999999999995,4.8,4.95,5.1,5.25,5.3999999999999995,5.55,5.7,5.85,6.0,6.1499999999999995,6.3,6.45,6.6,6.75,6.8999999999999995,7.05,7.199999999999999,7.35,7.5,7.6499999999999995,7.8,7.949999999999999,8.1,8.25,8.4,8.549999999999999,8.7,8.85,9.0,9.15,9.299999999999999,9.45,9.6,9.75,9.9,10.049999999999999,10.2,10.35,10.5,10.65,10.799999999999999,10.95,11.1,11.25,11.4,11.549999999999999,11.7,11.85,12.0,12.15,12.299999999999999,12.45,12.6,12.75,12.9,13.049999999999999,13.2,13.35,13.5,13.65,13.799999999999999,13.95,14.1,14.25,14.399999999999999,14.549999999999999,14.7,14.85,15.0,15.149999999999999",2007R_GLUT1_647_WGA_594_0002.nd2,2007,M,R,5.5,Homo,Experimental,0,False,4.368394048229861,False,"[13.49358645 13.48845562 13.83427399 14.0564392  14.4012314  14.81272447
 15.435608   16.42124166 18.03591585 20.01487943 22.82606465 24.36428938
 26.59415085 28.5484864  28.75115444 29.07234479 29.47408928 30.51821447
 30.570549   31.13648025 30.97075423 30.82606465 30.30785018 30.36890713
 29.48075936 28.4576706  28.02360185 27.10107748 26.25500257 26.01539251
 25.12570549 23.72550026 23.85377116 25.33709595 28.06003079 29.7742432
 29.76295536 30.28373525 31.37403797 31.62237045 33.423294   34.43817342
 35.95844023 37.51205747 38.41867624 38.44022576 39.67932273 39.24935865
 39.35248846 39.10415598 38.68188815 38.42534633 36.65777322 33.6521293
 32.28424833 28.34838379 25.22832222 22.03283735 20.69214982 20.90815803
 19.69728066 19.28630067 19.0595177  18.77065162 18.55413032 18.14520267
 17.79374038 17.44689584 17.24576706 17.26834274 17.27296049 17.2349923
 17.31298102 16.84197024 16.90559261 17.14263725 16.75218061 16.60954336
 16.55823499 16.65674705 16.67932273 16.38481272 16.47819395 16.36326321
 16.13032324 16.52385839 16.35454079 16.27963058 16.31092868 16.21498204
 16.32888661 16.32786044 16.26475115 16.10210364 16.28270908 16.23807081
 16.04976911 16.04207286 15.88558235 15.94510005 16.2914315  16.01949718]","[1.91021036 1.94407388 1.9748589  1.98460749 1.9656234  2.04874295
 2.01436634 2.17496152 2.32837352 2.59722935 2.91482812 3.07234479
 3.38173422 3.5392509  3.50436121 3.53360698 3.57773217 3.54386865
 3.54386865 3.52539764 3.66290405 3.85684967 4.09235505 4.17342227
 4.52077989 4.65418163 4.66239097 4.80194972 4.87121601 4.93996921
 5.1785531  6.11800924 6.59004618 7.90713186 8.44176501 8.65982555
 8.7742432  8.64494613 8.50538738 8.59466393 7.87532068 7.29810159
 6.15187276 5.16777835 4.61877886 4.18111852 4.36839405 4.47101077
 4.48742945 4.60133402 4.77167778 4.77834787 4.92662904 5.1097999
 4.88301693 4.8245254  4.51154438 4.12262699 3.95741406 3.98922524
 3.80502822 3.79835813 3.61570036 3.56336583 3.67008722 3.61877886
 3.6239097  3.62852745 3.56080041 3.63109287 3.67367881 3.69061057
 3.58081067 3.71421242 3.70446383 3.64238071 3.50743971 3.66290405
 3.58645459 3.60903027 3.52950231 3.55823499 3.61723961 3.46639302
 3.55926116 3.57414058 3.5392509  3.65572088 3.74140585 3.71626475
 3.8368394  3.78758338 3.80964597 3.77219087 3.79014879 3.84402258
 4.1067214  4.147255   4.13186249 4.14212417 4.01282709 3.87839918]","[ 4.70035916  5.00051308  5.27603899  5.61980503  6.20985121  7.02616727
  7.63827604 10.67419189 14.73011801 24.58902001 37.98665983 39.72447409
 35.22370446 28.75371986 27.32837352 24.90661878 23.55977424 21.84299641
 20.51462288 20.05797845 19.16675218 18.09748589 17.33196511 16.7993843
 16.24474089 15.96100564 15.96100564 15.97075423 15.84299641 15.95690097
 16.31708568 16.87429451 17.22780913 17.56336583 17.41867624 16.80810672
 16.71729092 16.6613648  16.05489995 15.94510005 14.90815803 14.09953822
 12.99076449 11.78245254 11.13955875 10.6049256  10.43714726 10.47408928
 10.55361724 10.51205747 10.83273474 10.91277578 11.58234992 12.50025654
 13.12057465 14.44740893 15.711647   16.68547973 17.00718317 16.77629554
 16.61775269 16.45356593 15.66803489 14.72755259 14.3950744  13.53668548
 12.83581324 12.18624936 11.57824525 11.36069779 11.43663417 11.28373525
 11.22678297 10.7711647  10.66649564 10.07696254  9.81015906  9.36839405
  8.90302719  8.57567984  8.3668548   8.14007183  8.29091842  8.04874295
  7.89789636  7.64289379  7.41816316  7.30682401  7.05797845  6.89635711
  6.71216008  6.62596203  6.51975372  6.38737814  6.4325295   6.2852745
  6.14058492  6.07080554  5.95074397  5.86813751  5.72909184  5.65469472]","[0.47306311 0.57311442 0.64545921 0.74704977 0.90251411 1.05489995
 1.16726526 1.84504874 2.56028733 4.11185223 6.11646998 6.67316573
 6.66085172 6.28014366 6.17393535 5.94150847 5.82811698 5.61672653
 5.40379682 5.34838379 5.12878399 5.05541303 4.92919446 4.80451514
 4.77886095 4.75371986 4.71677783 4.70497691 4.74345818 4.78193946
 4.86762442 5.07131862 5.16213443 5.24884556 4.95382247 4.75218061
 4.69522832 4.59774243 4.32221652 4.36326321 3.92406362 3.72960493
 3.35915854 2.97229348 2.64853771 2.36223704 2.2036942  2.10774756
 2.09492047 2.05849153 2.01795793 2.02001026 2.03642894 2.12467932
 2.20985121 2.33966136 2.36736788 2.39045664 2.33812211 2.37660339
 2.32067727 2.28937917 2.09286814 2.01847101 1.95587481 1.85838892
 1.71575167 1.63827604 1.51051821 1.53412006 1.5202668  1.52796306
 1.52642381 1.45305285 1.4012314  1.34068753 1.28989225 1.28014366
 1.23858389 1.24679323 1.17290918 1.16983068 1.14674192 1.14571575
 1.09697281 1.06157004 0.98614674 0.96664956 0.93945613 0.91790662
 0.92919446 0.865059   0.86454592 0.87583376 0.84607491 0.78347871
 0.80400205 0.75218061 0.73319651 0.73576193 0.71831709 0.67983581]",129
