mask_id,X_vals,file_name,DJID,Sex,Eye,Time_Min,eGFP_Value,eGFP_Raw_Intensity,in_rip,Y_vals_DAPI,Y_vals_eGFP,Y_vals_WGA,Y_vals_GLUT1,original_mask_id
0,"0.0,0.15,0.3,0.44999999999999996,0.6,0.75,0.8999999999999999,1.05,1.2,1.3499999999999999,1.5,1.65,1.7999999999999998,1.95,2.1,2.25,2.4,2.55,2.6999999999999997,2.85,3.0,3.15,3.3,3.4499999999999997,3.5999999999999996,3.75,3.9,4.05,4.2,4.35,4.5,4.6499999999999995,4.8,4.95,5.1,5.25,5.3999999999999995,5.55,5.7,5.85,6.0,6.1499999999999995,6.3,6.45,6.6,6.75,6.8999999999999995,7.05,7.199999999999999,7.35,7.5,7.6499999999999995,7.8,7.949999999999999,8.1,8.25,8.4,8.549999999999999,8.7,8.85,9.0,9.15,9.299999999999999,9.45,9.6,9.75,9.9,10.049999999999999,10.2,10.35,10.5,10.65,10.799999999999999,10.95,11.1,11.25,11.4,11.549999999999999,11.7,11.85,12.0,12.15,12.299999999999999,12.45,12.6,12.75,12.9,13.049999999999999,13.2,13.35,13.5,13.65,13.799999999999999,13.95,14.1,14.25,14.399999999999999,14.549999999999999,14.7,14.85,15.0,15.149999999999999",2007R_GLUT1_647_WGA_594_0002.nd2,2007,M,R,5,False,3.0396407556519045,False,"[12.69588108 12.64818829 12.7042428  12.8590895  12.76958811 13.08392691
 13.41065345 13.53360173 14.26788479 14.73923815 15.43109322 16.08423661
 16.55342211 17.06844224 17.30226076 17.38185197 17.30907402 17.5351502
 17.78073707 17.58067513 18.01455559 18.70610096 18.93000929 19.29513781
 19.3335398  19.88758129 19.9250542  20.01052958 20.55992567 20.24465779
 20.61288325 20.71167544 21.84174667 22.70207495 24.83834004 27.7277795
 29.68039641 29.71074636 31.08082998 31.82781047 33.88758129 36.60390214
 38.19448746 39.33508826 39.50263239 39.61814803 39.68163518 39.01951068
 38.7745432  38.57572004 37.8730257  36.6104057  35.8123258  32.56240322
 30.19448746 27.01517498 23.83462372 21.56580985 19.31991329 19.63611025
 19.26850418 18.83431403 18.36667699 17.84794054 17.59120471 17.46454011
 17.15360793 17.37194178 16.74481264 16.79219573 16.69061629 16.55497058
 16.87983896 16.42397027 16.58841747 16.63146485 16.54722824 16.40786621
 16.06224837 16.42954475 16.14122019 16.23691545 16.03561474 16.14307835
 16.30411892 16.01548467 16.14400743 16.00991019 16.1598018  15.93589347
 15.87240632 15.84701146 15.96469495 15.88943945 15.74388356 15.79250542
 15.83834004 16.01486528 15.82068752 15.80148653 15.62062558 15.7228244 ]","[1.82254568 1.85970889 1.88386497 1.90802106 1.90523382 1.9622174
 1.97832146 1.98327656 2.12047073 2.25890369 2.45370084 2.75441313
 3.04552493 3.305048   3.43140291 3.54103438 3.52647879 3.59306287
 3.77516259 3.82285537 3.98978012 4.2722205  4.4741406  4.62217405
 4.75998761 4.75255497 4.96376587 4.83276556 4.96748219 4.92288634
 4.9529266  4.96903066 5.04583462 4.89253639 4.61443171 4.24465779
 4.00092908 3.96159802 3.88603283 3.80644162 3.64447197 3.39269124
 3.28553732 3.16692474 3.0514091  2.96655311 3.03964076 3.1031279
 3.21461753 3.17652524 3.28925364 3.42644782 3.56704862 3.69990709
 3.74233509 3.67017653 3.66707959 3.61814803 3.55651905 3.57819758
 3.48405079 3.47971508 3.50665841 3.43604831 3.49953546 3.51099412
 3.48714772 3.51749768 3.43388046 3.41251161 3.4317126  3.39981418
 3.47042428 3.40445959 3.36946423 3.38154227 3.41251161 3.347476
 3.41344069 3.43264168 3.38649737 3.39021369 3.40631775 3.42675751
 3.41003407 3.40786621 3.39671725 3.42582843 3.41375039 3.39640756
 3.48002478 3.45029421 3.40569836 3.40291112 3.36822546 3.44069371
 3.54382162 3.55899659 3.59739858 3.64230412 3.77733044 3.89903995]","[ 5.64663983  5.5069681   5.88974915  6.44441003  7.14741406  8.50510994
  9.2301022  10.92102818 15.93093837 21.173738   30.01083927 37.38711675
 41.00402601 40.70548157 39.12883246 38.99380613 37.81542273 37.27098173
 35.87457417 35.16723444 34.65345308 33.20842366 31.73892846 29.97677299
 29.12078043 27.75069681 27.22607618 26.93000929 26.60173428 26.25859399
 26.07835243 25.77733044 25.88912976 25.69804893 25.52647879 24.55156395
 23.63456178 23.68039641 22.57974605 22.38742645 21.19046144 18.59089501
 16.98513472 13.69990709 12.16104057 11.52028492 11.30907402 11.43635801
 11.72685042 11.80489316 11.99287705 12.4694952  12.79684113 13.75720037
 14.27469805 14.86497368 15.46423041 15.84763085 15.63270362 15.62960669
 15.46608857 15.23660576 15.04583462 14.20749458 13.9811087  13.33539796
 12.62496129 11.8497987  10.95695262 10.6008052  10.37194178 10.55342211
 10.45308145 10.20966243  9.77856922  9.51966553  9.05481573  8.76649117
  8.44038402  8.29420873  7.99876123  7.83895943  7.80427377  7.77516259
  7.71910808  7.45927532  7.23753484  7.12511614  6.88479405  6.63208424
  6.46887581  6.29482812  6.25240012  6.06937132  6.06658408  6.03034995
  5.85816042  5.78290492  5.61195417  5.56178383  5.42025395  5.37503871]","[0.57355218 0.57386188 0.61659957 0.70764943 0.85877981 1.09724373
 1.19851347 1.46577888 2.17249923 2.85537318 3.85723134 4.70238464
 5.24682564 5.41653763 5.38618767 5.32641685 5.28770517 5.28708579
 5.16258904 5.07928151 4.95973986 4.72065655 4.50387117 4.27624652
 4.16042118 3.9204088  3.85537318 3.82471353 3.7463611  3.79467327
 3.69185506 3.69835862 3.67915763 3.70548157 3.58965624 3.60142459
 3.44998452 3.44874574 3.33013317 3.30597708 3.15732425 2.81449365
 2.61659957 2.13471663 1.94982967 1.8730257  1.81790028 1.87767111
 1.90987922 1.91111799 1.95973986 2.08609477 2.11892227 2.25394859
 2.30071229 2.3378755  2.38649737 2.30907402 2.1548467  2.14803345
 2.13223908 2.03902137 2.01951068 1.85939919 1.83524311 1.71910808
 1.62217405 1.53298235 1.41344069 1.34097244 1.37472902 1.3942397
 1.36574791 1.35181171 1.30659647 1.23165067 1.21461753 1.17342831
 1.12263859 1.11892227 1.04800248 1.06937132 1.02167854 1.03623413
 1.03530505 1.02632394 0.99287705 0.92443481 0.92443481 0.89346547
 0.85970889 0.80706101 0.82781047 0.80644162 0.78259523 0.76432332
 0.77268504 0.73118613 0.67791886 0.69092598 0.65933726 0.66584082]",0
1,"0.0,0.15,0.3,0.44999999999999996,0.6,0.75,0.8999999999999999,1.05,1.2,1.3499999999999999,1.5,1.65,1.7999999999999998,1.95,2.1,2.25,2.4,2.55,2.6999999999999997,2.85,3.0,3.15,3.3,3.4499999999999997,3.5999999999999996,3.75,3.9,4.05,4.2,4.35,4.5,4.6499999999999995,4.8,4.95,5.1,5.25,5.3999999999999995,5.55,5.7,5.85,6.0,6.1499999999999995,6.3,6.45,6.6,6.75,6.8999999999999995,7.05,7.199999999999999,7.35,7.5,7.6499999999999995,7.8,7.949999999999999,8.1,8.25,8.4,8.549999999999999,8.7,8.85,9.0,9.15,9.299999999999999,9.45,9.6,9.75,9.9,10.049999999999999,10.2,10.35,10.5,10.65,10.799999999999999,10.95,11.1,11.25,11.4,11.549999999999999,11.7,11.85,12.0,12.15,12.299999999999999,12.45,12.6,12.75,12.9,13.049999999999999,13.2,13.35,13.5,13.65,13.799999999999999,13.95,14.1,14.25,14.399999999999999,14.549999999999999,14.7,14.85,15.0,15.149999999999999",2007R_GLUT1_647_WGA_594_0002.nd2,2007,M,R,5,False,3.5273113708820403,False,"[13.17024442 13.16365569 13.34580234 13.47502657 13.73751328 13.91710946
 14.06673751 14.41934113 15.41806589 16.0229543  17.08884166 17.9120085
 18.57874601 19.52731137 20.10095643 20.5706695  20.75047821 21.05483528
 21.8272051  22.70626993 23.43591923 25.85526036 28.1968119  30.84187035
 32.40956429 35.61891605 37.22763018 37.64017003 39.85207226 40.09649309
 42.9642933  45.14941552 48.40722635 50.23974495 51.4911796  51.85377258
 52.06121148 52.09075452 52.15111583 51.81083953 51.7738576  50.89968119
 50.25993624 49.74155154 49.40786397 48.6250797  46.57768332 44.77236982
 42.46418704 42.14750266 40.70690755 38.375983   36.92327311 31.80701382
 28.56110521 24.84697131 22.21424017 20.71370882 19.18554729 19.11583422
 18.88650372 18.52369819 18.1685441  18.14473964 17.5685441  17.55217853
 17.24293305 17.03315622 16.85993624 16.75557917 16.61147715 16.68097768
 16.62890542 16.63273114 16.73411265 16.65313496 16.38682253 16.55940489
 16.40085016 16.31774708 16.25058448 16.1706695  16.11285866 16.06822529
 16.27353879 16.00850159 15.97619554 15.84675877 15.96386823 16.04420829
 15.92263549 15.94941552 15.82890542 15.78533475 15.93772582 15.86248672
 15.72306057 15.70669501 15.58320935 15.7781084  15.61530287 15.64782147]","[1.82911796 1.84803401 1.86461211 1.84760893 1.91540914 1.95600425
 1.9466525  1.9642933  2.08777896 2.23018066 2.41764081 2.71392136
 2.88820404 3.11753454 3.29968119 3.21891605 3.30520723 3.28629118
 3.31370882 3.34835282 3.40743889 3.44357067 3.458661   3.50308183
 3.60063762 3.62146652 3.62550478 3.62656748 3.61806589 3.57725824
 3.7141339  3.67311371 3.75579171 3.69309245 3.65249734 3.55196599
 3.55557917 3.52731137 3.48629118 3.46333688 3.44675877 3.46248672
 3.4837407  3.51285866 3.53517535 3.57428268 3.62444208 3.6794899
 3.69032944 3.65568544 3.71328374 3.72837407 3.6805526  3.64590861
 3.5477152  3.4869288  3.48969182 3.44718385 3.43485654 3.46206164
 3.49989373 3.43995749 3.39808714 3.34091392 3.37874601 3.35239107
 3.28544102 3.28565356 3.26716259 3.38405951 3.43825717 3.28969182
 3.37640808 3.33241233 3.35919235 3.38363443 3.40297556 3.32879915
 3.31965994 3.36344315 3.31753454 3.30138151 3.33368757 3.34070138
 3.32964931 3.36110521 3.38087141 3.33432519 3.34580234 3.39107333
 3.3455898  3.37045696 3.35685441 3.33751328 3.37683316 3.3685441
 3.45781084 3.48756642 3.50839532 3.57300744 3.77980871 3.86928799]","[ 5.30563231  5.24633369  5.53666312  6.02465462  6.70074389  7.86376196
  8.54197662 10.20148778 14.76344315 19.67821467 28.17258236 34.78682253
 37.09245484 33.38682253 29.85844846 28.72773645 26.87375133 26.24654623
 23.74920298 22.88629118 22.35749203 21.29351753 20.71349628 20.0261424
 19.65589798 19.03974495 18.56004251 18.45377258 17.90159405 17.74176408
 16.98554729 16.16981934 14.79001063 13.95345377 13.21742827 12.38746015
 11.86099894 11.89521785 11.36216791 11.32731137 10.88820404  9.9370882
  9.52433581  8.6250797   8.23081828  7.99744952  7.94580234  8.18044633
  8.59043571  8.74431456  9.2218916  10.18342189 10.69861849 12.9360255
 14.34856536 15.99532412 17.10860786 17.15727949 16.13113709 16.23910733
 15.90478215 15.482678   15.17513284 14.34388948 13.90605739 13.31328374
 12.55324123 11.7685441  10.94197662 10.65611052 10.55430393 10.57513284
 10.4303932  10.28650372  9.97321998  9.72943677  9.31349628  8.99001063
  8.5968119   8.42869288  8.00127524  7.79914984  7.83379384  7.69670563
  7.66376196  7.42848034  7.17747078  7.07077577  6.89925611  6.61806589
  6.41083953  6.2869288   6.16599362  6.03421892  6.0063762   5.96790648
  5.79022317  5.69691817  5.5957492   5.49925611  5.41806589  5.3445271 ]","[0.53007439 0.51923486 0.55536663 0.66099894 0.8063762  1.0335813
 1.1077577  1.40297556 2.1098831  2.78129649 3.79171095 4.55536663
 4.94261424 4.83889479 4.6629118  4.53645058 4.34962806 4.36939426
 4.13198725 4.03825717 3.96344315 3.75345377 3.62486716 3.42380446
 3.32114772 3.12646121 3.05951116 3.00510096 2.93262487 2.87991498
 2.71965994 2.56450584 2.35451647 2.20680128 2.05526036 1.9424017
 1.8544102  1.84165781 1.76620616 1.74686504 1.68990436 1.58342189
 1.46971307 1.36833156 1.32539851 1.26822529 1.28331562 1.33177471
 1.35940489 1.39978746 1.46588735 1.5360255  1.61700319 1.85313496
 1.94835282 2.1077577  2.19489904 2.20403826 2.05207226 2.08735388
 2.00658874 1.97449522 1.94070138 1.84123273 1.78044633 1.70010627
 1.64272051 1.5685441  1.46737513 1.41168969 1.35239107 1.39532412
 1.40340064 1.36556854 1.33793836 1.30053135 1.25356004 1.19128587
 1.15132837 1.15111583 1.06609989 1.07120085 1.04017003 1.02954304
 1.03846971 1.01083953 0.97428268 0.93751328 0.89755579 0.87035069
 0.81041445 0.80977683 0.7989373  0.79596174 0.77428268 0.765356
 0.72199787 0.70244421 0.65164718 0.64782147 0.63443146 0.62082891]",1
2,"0.0,0.15,0.3,0.44999999999999996,0.6,0.75,0.8999999999999999,1.05,1.2,1.3499999999999999,1.5,1.65,1.7999999999999998,1.95,2.1,2.25,2.4,2.55,2.6999999999999997,2.85,3.0,3.15,3.3,3.4499999999999997,3.5999999999999996,3.75,3.9,4.05,4.2,4.35,4.5,4.6499999999999995,4.8,4.95,5.1,5.25,5.3999999999999995,5.55,5.7,5.85,6.0,6.1499999999999995,6.3,6.45,6.6,6.75,6.8999999999999995,7.05,7.199999999999999,7.35,7.5,7.6499999999999995,7.8,7.949999999999999,8.1,8.25,8.4,8.549999999999999,8.7,8.85,9.0,9.15,9.299999999999999,9.45,9.6,9.75,9.9,10.049999999999999,10.2,10.35,10.5,10.65,10.799999999999999,10.95,11.1,11.25,11.4,11.549999999999999,11.7,11.85,12.0,12.15,12.299999999999999,12.45,12.6,12.75,12.9,13.049999999999999,13.2,13.35,13.5,13.65,13.799999999999999,13.95,14.1,14.25,14.399999999999999,14.549999999999999,14.7,14.85,15.0,15.149999999999999",2007R_GLUT1_647_WGA_594_0002.nd2,2007,M,R,5,False,11.702777112760355,False,"[13.21869763 13.29722289 13.41106057 13.65956428 13.93248743 14.26753651
 14.33935839 14.92973426 16.15800814 17.08893943 18.54907829 20.00730189
 21.30021547 23.55530285 24.93823318 25.29722289 26.62042136 27.07744793
 29.4961695  30.84438592 32.39274599 35.35228633 37.39346421 39.14232703
 39.33504908 40.23078765 40.96995451 40.61742878 40.88676083 40.94421834
 41.01244913 40.9084271  40.34163275 39.17392866 38.62042136 37.28417525
 36.56045008 36.52011013 35.62951879 35.26502274 34.57277951 32.88735935
 31.85049078 28.86389753 25.7062485  23.23713191 20.36952358 19.46157529
 19.01999042 18.47175006 18.34163275 17.93368446 17.68984917 17.31362222
 17.11527412 16.83756284 16.67081638 16.6220972  16.45666746 16.42171415
 16.31541776 16.50263347 16.44409864 16.28357673 16.28118267 16.24622935
 16.2252813  16.11683026 16.00418961 16.02729232 15.98288245 16.04225521
 16.07505387 16.0113718  16.04608571 16.04895858 16.03315777 15.97486234
 15.78309792 15.88328944 15.97905195 15.82164233 15.76645918 15.82643045
 15.84235097 15.90256165 15.80380656 15.74203974 15.76442423 15.81182667
 15.78333732 15.69966483 15.65717022 15.74180034 15.63011731 15.57397654
 15.70708643 15.71546565 15.63502514 15.64771367 15.67069667 15.61671056]","[ 2.01400527  2.04249461  2.08103902  2.0837922   2.19104621  2.23713191
  2.29482882  2.36437635  2.62293512  2.88472588  3.2862102   3.86856596
  4.45343548  5.56440029  6.21905674  6.32319847  6.9006464   7.15369883
  7.92075652  8.47438353  8.82224084  9.78692842 10.37131913 10.97522145
 11.07948288 11.58738329 11.55494374 11.63191286 11.75664352 11.64855159
 11.70277711 11.73820924 11.67404836 11.86796744 11.77531721 11.91525018
 11.76454393 11.828226   11.71462772 11.67644242 11.68015322 11.62161839
 11.42925545 11.20708643 10.90052669 10.50071822  9.92805842  9.43272684
  8.88209241  8.67596361  8.32164233  7.80452478  7.42386881  6.17716064
  5.60186737  4.7937515   4.31505865  4.09600192  3.89071104  3.94062724
  3.88987311  3.8473785   3.84869524  3.94565478  3.93248743  3.97031362
  4.03351688  3.96791956  3.99964089  3.94373953  3.95570984  3.91177879
  3.89466124  3.89011252  3.85887     3.84929375  3.86545367  3.87921954
  3.93452238  4.06942782  4.07696912  4.13538425  4.15142447  4.13813742
  4.06308355  4.13143404  4.13107493  4.07720852  4.01687814  3.92722049
  3.92279148  4.0305243   4.02441944  4.08522863  4.05889394  4.10545846
  4.2481446   4.27627484  4.22851329  4.24239885  4.40818769  4.34079483]","[ 5.04285372  5.02118746  5.31625569  5.7555662   6.42889634  7.50502753
  8.07397654  9.63873593 14.0075413  18.82523342 27.38089538 34.13490543
 35.72300694 30.85551831 26.72623893 25.69427819 23.14915011 22.45116112
 18.93559971 17.67919559 16.54656452 14.66135983 13.45547043 12.19918602
 11.85073019 10.91321523 10.54045966 10.53196074 10.11503471 10.04464927
  9.83816136  9.70050275  9.67093608  9.87467082 10.28944218 10.62652621
 10.93476179 10.98264305 11.1067752  11.13813742 11.37969835 11.95487192
 12.33097917 13.14687575 13.80225042 14.28465406 14.47546086 14.57732823
 14.49724683 14.56451999 14.40758918 14.36772803 14.36772803 14.48372037
 14.55242997 14.48144601 14.27184582 13.7251616  12.7670577  12.75101748
 12.46325114 12.19655255 11.87455111 11.42291118 11.16267656 10.80703854
 10.42638257  9.99138137  9.49748623  9.25819966  9.11563323  9.20493177
  9.08726359  8.961695    8.72719655  8.5152023   8.21271247  8.02944697
  7.79674407  7.61132392  7.34007661  7.2403639   7.18625808  7.15992339
  7.10904956  6.95319607  6.75389035  6.65525497  6.51711755  6.33492938
  6.21642327  6.12185779  6.00885803  5.91656691  5.92458702  5.85731386
  5.71941585  5.65393823  5.5497965   5.46660282  5.4047163   5.31158726]","[0.65118506 0.65190328 0.73701221 0.85204692 1.03100311 1.31841034
 1.42039741 1.76693799 2.66243716 3.56739287 4.9084271  6.03615035
 6.62880057 6.84689969 6.81170697 6.74299737 6.70253771 6.62317453
 6.56547762 6.48814939 6.43164951 6.23868805 5.93296624 5.530644
 5.32678956 4.91369404 4.74766579 4.7173809  4.4542734  4.43224802
 4.21510654 4.00107733 3.81912856 3.72959062 3.57756763 3.48635384
 3.50885803 3.49114197 3.44493656 3.45594925 3.44960498 3.44481685
 3.48671295 3.53638975 3.61132392 3.63538425 3.51867369 3.45319607
 3.38305004 3.29973665 3.22635863 3.13490543 3.06236533 2.8015322
 2.65106536 2.42889634 2.26873354 2.0687096  1.9006464  1.8932248
 1.8436677  1.82619105 1.76119224 1.66902083 1.64041178 1.56152741
 1.51244913 1.46073737 1.34235097 1.30608092 1.27938712 1.31601628
 1.30069428 1.29315298 1.2595164  1.20301652 1.17644242 1.12137898
 1.09624132 1.0649988  1.01867369 0.98886761 0.97665789 0.99365573
 0.98252334 0.95630836 0.93320565 0.91118027 0.86617189 0.82511372
 0.80404597 0.8130237  0.78704812 0.79171654 0.75065837 0.74946134
 0.73856835 0.72599952 0.66866172 0.67644242 0.66842231 0.64448169]",2
3,"0.0,0.15,0.3,0.44999999999999996,0.6,0.75,0.8999999999999999,1.05,1.2,1.3499999999999999,1.5,1.65,1.7999999999999998,1.95,2.1,2.25,2.4,2.55,2.6999999999999997,2.85,3.0,3.15,3.3,3.4499999999999997,3.5999999999999996,3.75,3.9,4.05,4.2,4.35,4.5,4.6499999999999995,4.8,4.95,5.1,5.25,5.3999999999999995,5.55,5.7,5.85,6.0,6.1499999999999995,6.3,6.45,6.6,6.75,6.8999999999999995,7.05,7.199999999999999,7.35,7.5,7.6499999999999995,7.8,7.949999999999999,8.1,8.25,8.4,8.549999999999999,8.7,8.85,9.0,9.15,9.299999999999999,9.45,9.6,9.75,9.9,10.049999999999999,10.2,10.35,10.5,10.65,10.799999999999999,10.95,11.1,11.25,11.4,11.549999999999999,11.7,11.85,12.0,12.15,12.299999999999999,12.45,12.6,12.75,12.9,13.049999999999999,13.2,13.35,13.5,13.65,13.799999999999999,13.95,14.1,14.25,14.399999999999999,14.549999999999999,14.7,14.85,15.0,15.149999999999999",2007R_GLUT1_647_WGA_594_0002.nd2,2007,M,R,5,False,3.4254881808838644,False,"[12.78108941 12.91264132 12.82733813 13.18088386 13.5364851  13.35354573
 13.5323741  14.0061665  14.90647482 15.48304214 15.94039054 16.59609455
 17.48920863 17.72250771 17.56423433 17.2065776  17.40184995 17.38335046
 17.61562179 17.89414183 18.04316547 17.83967112 18.08633094 18.5971223
 18.56834532 19.0709147  19.50668037 19.36998972 20.04830421 19.75950668
 20.34121274 21.5950668  24.01952724 25.40596095 27.46454265 28.35354573
 29.25796506 29.39568345 29.09249743 29.28982528 29.39568345 29.31654676
 29.56526208 29.16957862 27.72661871 27.16752312 26.36279548 25.59301131
 25.12127441 25.0729702  24.65673176 23.61664954 22.48920863 20.97225077
 19.90030832 19.08633094 18.4717369  17.64028777 17.73792395 17.51593011
 17.08427544 17.32168551 17.62487153 16.8036999  17.07399794 17.15313464
 16.63103803 16.4008222  16.9352518  16.03186023 16.15621788 16.50770812
 16.10791367 16.4028777  16.57553957 16.32887975 15.84583762 15.78828366
 16.11716341 16.61870504 16.28982528 15.95375128 16.50051387 15.98150051
 16.56937307 16.39568345 16.02261048 16.17882837 16.01438849 15.97122302
 16.01130524 15.663926   15.8684481  16.03494347 16.15930113 16.22713258
 16.17985612 16.01336074 15.86947585 15.51387461 15.58273381 15.72045221]","[ 1.96608428  2.04110997  2.04727646  1.95786228  2.16546763  2.25693731
  2.29599178  2.327852    2.61356629  2.96813977  3.5303186   4.18602261
  5.17368962  7.19218911  8.23946557  8.63823227  9.91469681 10.004111
 11.72250771 12.46248715 12.66906475 13.12024666 13.05447071 11.93627955
 11.11613566  8.98869476  7.97019527  7.62487153  6.87153135  6.48201439
  5.48304214  5.02672148  4.62692703  4.19013361  3.88078109  3.58067831
  3.47893114  3.61562179  3.3987667   3.37615622  3.42548818  3.3987667
  3.38232271  3.35868448  3.23946557  3.42959918  3.3946557   3.50668037
  3.50154162  3.40801644  3.45734841  3.57142857  3.68961973  3.8622816
  3.52929085  3.6012333   3.57348407  3.57245632  3.5364851   3.57245632
  3.42651593  3.50770812  3.57553957  3.52415211  3.52312436  3.42240493
  3.23535457  3.42651593  3.27543679  3.38746146  3.28263104  3.23432682
  3.34840699  3.21068859  3.21479959  3.1983556   3.20554985  3.26824255
  3.28160329  3.31654676  3.27235355  3.40801644  3.26618705  3.44809866
  3.38232271  3.44090442  3.46248715  3.40801644  3.45323741  3.51593011
  3.57656732  3.54573484  3.52312436  3.48509764  3.56526208  3.49948613
  3.43782117  3.46454265  3.2631038   3.46248715  3.37410072  3.30113052]","[ 5.12230216  5.0668037   5.2672148   5.7954779   6.38643371  7.48818088
  8.02466598  9.64953751 14.03391572 19.40698869 28.61664954 35.57656732
 36.89928058 32.77081192 29.23741007 28.1315519  26.14696814 25.96505653
 23.18396711 22.23124358 21.31551901 19.81911614 19.42754368 19.65673176
 19.49434738 19.85303186 19.80781089 19.67831449 19.76772867 19.54059609
 19.45118191 19.13463515 17.83864337 15.78622816 13.58273381 11.8663926
 10.91469681 10.93833505 10.25899281 10.31346351  9.85303186  8.94964029
  8.65570401  8.38335046  8.10996917  7.99486125  7.68036999  7.82733813
  8.18602261  8.54779034  8.70606372  9.21788284  9.15930113  9.35354573
  9.5364851   9.58787256 10.17882837 10.57040082 11.34121274 11.33299075
 11.61253854 11.668037   11.41829394 11.11408016 10.90339157 10.48715313
 10.07194245  9.80061665  9.63617677  9.45220966  9.36382323  9.28263104
  9.327852    9.11305242  9.03494347  8.68242549  8.55601233  8.42034943
  8.11613566  8.05344296  7.69270298  7.53340185  7.43782117  7.49126413
  7.50051387  7.38437821  7.19527235  7.09352518  6.89722508  6.92086331
  6.74922919  6.52415211  6.5344296   6.38437821  6.34635149  6.2651593
  6.10791367  6.00308325  5.75231244  5.6618705   5.47584789  5.50154162]","[0.49537513 0.52312436 0.55498458 0.66495375 0.78622816 1.01233299
 1.11716341 1.38746146 2.23124358 2.88078109 4.18705036 5.10380267
 5.51901336 5.37615622 5.12024666 5.09146968 4.86947585 4.83658787
 4.55087359 4.27852004 4.11408016 3.74717369 3.54779034 3.61151079
 3.47584789 3.55498458 3.44295992 3.4614594  3.53751285 3.5303186
 3.39157246 3.37307297 3.10174717 2.83658787 2.48818088 2.17677287
 2.01233299 1.96094553 1.87358684 1.89619733 1.76670092 1.64542652
 1.48201439 1.44707091 1.28160329 1.29393628 1.24768756 1.21274409
 1.23843782 1.25693731 1.34121274 1.36279548 1.33504625 1.38335046
 1.38232271 1.43576567 1.41932169 1.48406989 1.56012333 1.55087359
 1.57862282 1.5344296  1.59815005 1.51387461 1.49537513 1.41109969
 1.36793422 1.31038027 1.2631038  1.28879753 1.23021583 1.22507708
 1.25077081 1.21582734 1.18602261 1.18396711 1.09969168 1.10174717
 1.04316547 1.03186023 0.99691675 0.94450154 0.90955807 0.995889
 1.0020555  0.91161357 0.94964029 0.87461459 0.88797533 0.85817061
 0.85919836 0.82939363 0.90030832 0.78828366 0.78520041 0.8057554
 0.81706064 0.75436793 0.67523124 0.63001028 0.63926002 0.65570401]",4
4,"0.0,0.15,0.3,0.44999999999999996,0.6,0.75,0.8999999999999999,1.05,1.2,1.3499999999999999,1.5,1.65,1.7999999999999998,1.95,2.1,2.25,2.4,2.55,2.6999999999999997,2.85,3.0,3.15,3.3,3.4499999999999997,3.5999999999999996,3.75,3.9,4.05,4.2,4.35,4.5,4.6499999999999995,4.8,4.95,5.1,5.25,5.3999999999999995,5.55,5.7,5.85,6.0,6.1499999999999995,6.3,6.45,6.6,6.75,6.8999999999999995,7.05,7.199999999999999,7.35,7.5,7.6499999999999995,7.8,7.949999999999999,8.1,8.25,8.4,8.549999999999999,8.7,8.85,9.0,9.15,9.299999999999999,9.45,9.6,9.75,9.9,10.049999999999999,10.2,10.35,10.5,10.65,10.799999999999999,10.95,11.1,11.25,11.4,11.549999999999999,11.7,11.85,12.0,12.15,12.299999999999999,12.45,12.6,12.75,12.9,13.049999999999999,13.2,13.35,13.5,13.65,13.799999999999999,13.95,14.1,14.25,14.399999999999999,14.549999999999999,14.7,14.85,15.0,15.149999999999999",2007R_GLUT1_647_WGA_594_0002.nd2,2007,M,R,5,False,3.614121063617388,False,"[12.83437699 12.92458481 12.92585534 13.1864053  13.29539886 13.69734096
 13.79871132 14.1205191  15.00363009 15.85552228 16.7960795  17.83337871
 18.33278882 19.36582267 19.99382884 20.15028587 20.5493239  20.80942009
 21.82811507 22.6584082  23.40539069 24.90026318 25.96778292 26.97794718
 27.28396406 27.58798439 27.76304565 27.82466649 28.04383338 28.01815047
 28.13204465 28.65995099 29.52581904 30.24475905 31.31572738 32.02795172
 32.31182503 32.30338506 32.55794537 32.21925765 32.47173065 32.25238225
 31.54778111 29.80442871 27.51511026 26.15409747 24.11108086 23.41909429
 22.47835557 22.34340684 21.951629   21.35801797 20.93955894 20.0350304
 19.26626736 18.6757419  17.94518559 17.62682639 17.27997096 17.29276704
 17.21290498 17.07414466 16.93311553 16.86986115 16.8853798  16.74897904
 16.58217624 16.5902532  16.51048189 16.36137581 16.359107   16.53480352
 16.44559397 16.52173518 16.48824757 16.39577094 16.15790907 16.36046828
 16.20945639 16.27615936 16.04337962 16.06824576 16.0814956  16.14710954
 16.16045013 16.1746075  16.08113259 16.11988384 16.04347037 16.11008258
 15.99355658 16.01914874 16.02595517 15.98829295 16.01724294 16.00580815
 15.91986569 15.89100644 15.87312823 15.73482167 15.8931845  15.93229876]","[1.91142572 1.92322352 1.95190126 1.95235502 2.03094655 2.08222162
 2.09338415 2.1534622  2.31236954 2.58263    3.009892   3.5455123
 4.00934749 4.99074326 5.56665759 5.75469643 6.32870496 6.42054633
 7.38342862 7.72120882 8.15790907 8.54061167 8.31790544 7.43043833
 6.97186678 5.82167166 5.42680824 5.35384336 4.922316   4.83646429
 4.36981577 4.18150467 3.87875488 3.77057809 3.65686541 3.58998094
 3.58943643 3.6231963  3.60531809 3.60341229 3.61412106 3.67120428
 3.70169707 3.74289863 3.83964062 3.94119249 4.25011344 4.36346311
 4.43052909 4.43470369 4.44786278 4.42490244 4.49060713 4.55377076
 4.53843361 4.43452219 4.45521372 4.45575824 4.41265088 4.38170433
 4.30610763 4.2254288  4.1340412  4.14075687 4.0603503  3.99664216
 3.92050095 3.91541882 3.85733733 3.80942009 3.766948   3.76948906
 3.80506398 3.76667574 3.68227607 3.70850349 3.66240131 3.64860695
 3.65196479 3.6486977  3.58562483 3.6368999  3.59705962 3.63916871
 3.53625556 3.54859788 3.53244396 3.53117343 3.56838189 3.62355931
 3.5592159  3.57192123 3.56674834 3.54079318 3.53117343 3.5613032
 3.57373627 3.58943643 3.66367184 3.69507215 3.7553317  3.79172339]","[ 5.20110718  5.15981487  5.44995009  5.91777838  6.60958345  7.66094927
  8.2816045   9.92776114 14.92376804 20.69180506 30.72774299 38.26653961
 40.0542699  35.60214176 32.15300844 31.1551865  29.1283238  28.73436791
 26.01488338 24.84808059 23.70686995 21.38769398 19.66521463 17.96288229
 17.30619838 15.86514203 15.15908885 15.1224249  14.31137127 14.16961612
 13.29666939 12.48842908 11.08430892 10.16780107  9.58317452  9.41473818
  9.49877484  9.52745258  9.65505037  9.71721572  9.97404483 10.47263817
 10.84944187 11.6292767  12.28323804 12.81631727 13.63027498 14.14974136
 14.41473818 14.50984663 14.63771667 14.81913059 14.92331428 15.11071785
 15.00753244 14.61684363 14.19266721 13.81649877 13.15201016 13.19148743
 12.9941011  12.75052183 12.52182594 11.99900172 11.76794627 11.31037299
 10.84871585 10.42580996  9.94926944  9.65069426  9.59624285  9.70441964
  9.54197296  9.42363191  9.14438697  8.94473183  8.61439332  8.37752972
  8.07487068  7.9358381   7.60540884  7.47082312  7.43806153  7.40185135
  7.35393411  7.20809511  7.01433887  6.96624013  6.77892731  6.63218078
  6.43924131  6.31354932  6.21136219  6.12687177  6.14239042  6.04936927
  5.91950268  5.84354297  5.71186133  5.66421635  5.55558581  5.47699428]","[0.53552954 0.54269897 0.59524458 0.70786823 0.87040566 1.09338415
 1.1903984  1.51374898 2.37952627 3.21181595 4.50785008 5.4836192
 5.89563481 5.84009438 5.52391324 5.45267266 5.26690262 5.18577003
 4.83346946 4.63717216 4.43334241 3.9068881  3.49115165 3.08049732
 2.96741991 2.64116526 2.50921136 2.48352845 2.359107   2.35239132
 2.16634903 2.02168981 1.77348217 1.64425084 1.54269897 1.5108449
 1.52663581 1.52400399 1.53162719 1.55304474 1.55204647 1.62773391
 1.65768219 1.77203013 1.87176695 1.97259279 2.13549324 2.22243398
 2.24212723 2.28287503 2.27897268 2.32480261 2.32108177 2.34485888
 2.32507487 2.24956893 2.20764135 2.14502223 2.0367547  2.01361285
 1.95489609 1.91786914 1.86577729 1.77974408 1.73454941 1.66385334
 1.60858517 1.54160995 1.44577548 1.38896452 1.3823396  1.40647972
 1.40248661 1.37199383 1.34476813 1.28886469 1.25564933 1.20110718
 1.15645703 1.12387694 1.05454215 1.04909701 1.02441238 1.03993103
 1.02014702 1.00127053 0.97976223 0.95798167 0.91668935 0.88302024
 0.8581541  0.83855159 0.83174517 0.81177965 0.78310191 0.78037934
 0.75732825 0.73908703 0.69107905 0.67474362 0.68118704 0.67338234]",5
5,"0.0,0.15,0.3,0.44999999999999996,0.6,0.75,0.8999999999999999,1.05,1.2,1.3499999999999999,1.5,1.65,1.7999999999999998,1.95,2.1,2.25,2.4,2.55,2.6999999999999997,2.85,3.0,3.15,3.3,3.4499999999999997,3.5999999999999996,3.75,3.9,4.05,4.2,4.35,4.5,4.6499999999999995,4.8,4.95,5.1,5.25,5.3999999999999995,5.55,5.7,5.85,6.0,6.1499999999999995,6.3,6.45,6.6,6.75,6.8999999999999995,7.05,7.199999999999999,7.35,7.5,7.6499999999999995,7.8,7.949999999999999,8.1,8.25,8.4,8.549999999999999,8.7,8.85,9.0,9.15,9.299999999999999,9.45,9.6,9.75,9.9,10.049999999999999,10.2,10.35,10.5,10.65,10.799999999999999,10.95,11.1,11.25,11.4,11.549999999999999,11.7,11.85,12.0,12.15,12.299999999999999,12.45,12.6,12.75,12.9,13.049999999999999,13.2,13.35,13.5,13.65,13.799999999999999,13.95,14.1,14.25,14.399999999999999,14.549999999999999,14.7,14.85,15.0,15.149999999999999",2007R_GLUT1_647_WGA_594_0002.nd2,2007,M,R,5,False,3.427007299270073,False,"[13.11678832 13.26277372 13.19708029 13.54014599 13.48175182 14.23357664
 13.82481752 14.17518248 14.82846715 15.55109489 16.31386861 16.30291971
 17.70437956 17.30656934 18.         18.18248175 17.60583942 17.96715328
 19.06934307 19.16058394 19.86861314 20.36861314 20.37591241 21.5
 23.32846715 24.97445255 26.59854015 26.67153285 29.06569343 29.91605839
 32.06934307 34.67153285 40.22992701 45.62408759 48.77372263 49.15328467
 49.58759124 50.94525547 49.50729927 50.79927007 47.82846715 45.12408759
 42.95255474 36.7080292  33.13868613 29.47810219 24.80656934 22.98175182
 21.81751825 20.50729927 20.3649635  20.66788321 19.2919708  19.43430657
 18.33211679 17.95985401 18.40875912 18.54744526 17.56934307 17.07664234
 17.39416058 17.39051095 17.33211679 17.32481752 17.17883212 17.47080292
 16.19708029 16.89781022 16.30291971 16.62408759 17.06934307 16.98175182
 16.06569343 17.10948905 16.21167883 16.39051095 15.74452555 16.11313869
 16.3649635  15.76642336 15.63138686 15.37226277 15.33576642 15.78467153
 16.09124088 15.55109489 16.30291971 15.0729927  15.44160584 16.16058394
 15.5729927  16.40145985 16.3540146  16.19708029 15.30656934 15.72627737
 15.73722628 15.81386861 15.97080292 15.22262774 16.07664234 15.41240876]","[1.86131387 1.88321168 1.95985401 1.95255474 2.03649635 2.04744526
 1.94160584 2.14963504 2.2810219  2.51094891 2.65693431 3.23357664
 3.54744526 4.08029197 4.7189781  4.74817518 5.22627737 4.93430657
 6.32116788 6.31021898 7.51094891 8.70437956 8.61313869 8.45985401
 8.04379562 7.98540146 7.51824818 8.32481752 8.11313869 7.69708029
 7.41970803 7.15693431 5.39416058 4.51094891 3.97080292 3.72262774
 3.43065693 3.88686131 3.64233577 3.32846715 3.4270073  3.44890511
 3.47445255 3.44525547 3.4379562  3.44525547 3.51094891 4.08759124
 3.72992701 4.04014599 3.5729927  3.84671533 4.09489051 3.75547445
 3.60948905 3.66788321 3.49270073 3.77372263 3.51459854 3.73357664
 3.76277372 3.58394161 3.59124088 3.70072993 3.62408759 3.79927007
 3.64233577 3.40875912 3.60948905 3.49270073 3.80291971 3.48175182
 3.52554745 3.7189781  3.53284672 3.7080292  3.59854015 3.61313869
 3.66423358 3.6350365  3.87226277 3.54014599 3.68613139 3.45620438
 3.49635036 3.49270073 3.87956204 3.69343066 3.56569343 3.83576642
 3.82481752 3.6459854  3.87591241 4.12043796 4.2919708  4.16423358
 4.26277372 4.46715328 4.30656934 4.51824818 4.12773723 4.09854015]","[ 5.60583942  5.36131387  5.60948905  6.04744526  6.89781022  7.87591241
  8.23357664 10.18248175 15.26277372 20.79562044 32.55474453 43.83941606
 48.35766423 46.74817518 42.18248175 41.24087591 40.11678832 39.64233577
 38.92335766 37.5        37.26277372 34.4270073  32.44525547 30.46350365
 30.10218978 30.36861314 30.32481752 30.19708029 29.91970803 29.4270073
 28.31751825 26.87226277 21.72992701 17.87591241 14.47445255 12.67883212
 11.89781022 11.79927007 11.3649635  11.34671533 11.46715328 10.62408759
 10.51459854  9.95620438 10.34671533 11.20072993 14.37956204 16.59124088
 18.26277372 19.10583942 19.88686131 20.25547445 20.63868613 20.66058394
 20.55109489 19.83211679 18.8649635  16.90875912 14.58394161 14.84306569
 14.25547445 13.5        13.2080292  12.33211679 11.7189781  11.2189781
 10.63868613  9.95620438  9.51459854  9.30656934  9.1459854   9.04014599
  9.06934307  9.19708029  8.59854015  8.61313869  8.06934307  7.86861314
  7.34671533  7.01459854  6.86861314  6.55839416  6.58029197  6.72262774
  6.46715328  6.53284672  6.3649635   6.34671533  6.42335766  6.16058394
  6.02554745  5.94525547  5.72992701  5.74817518  5.83576642  5.90145985
  5.70437956  5.47080292  5.45255474  5.52919708  5.34671533  5.34671533]","[0.62773723 0.51459854 0.54014599 0.7080292  0.74452555 0.99635036
 1.04379562 1.35036496 2.12408759 2.88686131 4.31386861 5.57664234
 6.12408759 6.46715328 6.27372263 6.14963504 6.33211679 6.15328467
 5.9270073  5.89416058 5.63138686 5.2810219  4.94160584 4.81386861
 4.5729927  4.69343066 4.51459854 4.66058394 4.51094891 4.35766423
 4.28467153 3.90510949 3.51094891 3.02919708 2.75547445 2.50364964
 2.64963504 2.52554745 2.49270073 2.55839416 2.65693431 2.59124088
 2.41970803 2.30291971 2.39781022 2.49270073 2.56569343 2.82481752
 2.84306569 2.87226277 3.02189781 2.95985401 3.         2.98175182
 2.86131387 2.61678832 2.5620438  2.24817518 1.97445255 1.92335766
 1.98175182 1.98540146 1.79927007 1.75547445 1.84306569 1.56934307
 1.5620438  1.45985401 1.33941606 1.34306569 1.18248175 1.37956204
 1.35036496 1.33941606 1.26277372 1.15693431 1.11313869 1.01459854
 0.95985401 0.9270073  0.86131387 0.83576642 0.85036496 0.89781022
 0.81751825 0.92335766 0.90875912 0.89051095 0.82116788 0.70072993
 0.78832117 0.85036496 0.68613139 0.77372263 0.63868613 0.74452555
 0.71532847 0.64963504 0.76642336 0.70072993 0.74087591 0.73722628]",7
6,"0.0,0.15,0.3,0.44999999999999996,0.6,0.75,0.8999999999999999,1.05,1.2,1.3499999999999999,1.5,1.65,1.7999999999999998,1.95,2.1,2.25,2.4,2.55,2.6999999999999997,2.85,3.0,3.15,3.3,3.4499999999999997,3.5999999999999996,3.75,3.9,4.05,4.2,4.35,4.5,4.6499999999999995,4.8,4.95,5.1,5.25,5.3999999999999995,5.55,5.7,5.85,6.0,6.1499999999999995,6.3,6.45,6.6,6.75,6.8999999999999995,7.05,7.199999999999999,7.35,7.5,7.6499999999999995,7.8,7.949999999999999,8.1,8.25,8.4,8.549999999999999,8.7,8.85,9.0,9.15,9.299999999999999,9.45,9.6,9.75,9.9,10.049999999999999,10.2,10.35,10.5,10.65,10.799999999999999,10.95,11.1,11.25,11.4,11.549999999999999,11.7,11.85,12.0,12.15,12.299999999999999,12.45,12.6,12.75,12.9,13.049999999999999,13.2,13.35,13.5,13.65,13.799999999999999,13.95,14.1,14.25,14.399999999999999,14.549999999999999,14.7,14.85,15.0,15.149999999999999",2007R_GLUT1_647_WGA_594_0002.nd2,2007,M,R,5,False,3.664005322687957,False,"[13.28626081 13.06370592 13.29341317 13.3997006  13.71307385 13.99417831
 14.23835662 14.59031936 15.24101796 15.77162342 16.55123087 17.21889554
 17.71240852 18.55006653 19.21373919 19.32684631 19.63373253 19.82285429
 20.72721224 21.15785096 21.84647372 23.88772455 25.60678643 28.27162342
 29.2573187  32.68512974 34.33449767 34.7157352  37.02894212 37.46556886
 40.30588822 42.09763806 46.000998   48.53077179 49.7759481  50.43512974
 50.31304059 50.4427811  49.65452428 49.69627412 48.93030605 46.5083167
 44.74717232 39.54291417 35.18612774 31.62175649 26.87757818 24.61776447
 23.03110446 22.36576846 21.8253493  20.58965403 20.11011311 19.08799069
 18.54590818 17.90452428 17.75548902 17.36842981 17.01230872 16.77062542
 16.82285429 16.83799069 16.64387891 16.6086161  16.39005323 16.44594145
 16.20958084 16.36294079 15.98602794 16.17914172 16.09747172 16.11976048
 16.1492016  16.13240186 15.91766467 15.99883566 16.07019295 16.07451763
 15.86011311 15.96141051 15.89487691 15.84347971 15.69394544 15.77361943
 15.90635396 15.70492349 15.75665336 15.71324019 15.5748503  15.68063872
 15.75149701 15.65652029 15.70126414 15.57035928 15.43795742 15.46922821
 15.50365935 15.39038589 15.40718563 15.53592814 15.5415835  15.57102462]","[ 1.90469062  1.90701929  1.96007984  1.95076514  2.02212242  2.05422488
  2.06087824  2.11992681  2.2832668   2.45226214  2.7406853   3.18795742
  3.48985363  4.09763806  4.40701929  4.51197605  4.92365269  4.99484365
  5.82085828  6.25016633  6.99101796  8.49534265  9.40385895 10.18196939
 10.18463074 10.10695276  9.71107784  9.69145043  9.10662009  8.94544245
  7.94494345  7.29191617  5.81852961  4.95642049  4.31121091  3.86310712
  3.58449767  3.66400532  3.49001996  3.40918164  3.36876248  3.29840319
  3.25299401  3.34314704  3.38473054  3.43529607  3.52910845  3.57850965
  3.6007984   3.57900865  3.59431138  3.57185629  3.64654025  3.62558217
  3.57002661  3.58865602  3.60795077  3.56254158  3.5592149   3.57551564
  3.55355955  3.54540918  3.47854291  3.53393214  3.48303393  3.4838656
  3.45242848  3.46939454  3.52212242  3.53110446  3.6497006   3.57501663
  3.60562209  3.52578177  3.57634731  3.63888889  3.61726547  3.65369261
  3.70459082  3.73552894  3.69377911  3.63339987  3.66217565  3.72338656
  3.64853626  3.65186294  3.69244844  3.67764471  3.77045908  3.93097139
  3.97987359  4.12591484  4.2333666   4.33283433  4.44444444  4.51413839
  4.86576846  5.03875582  5.42431803  5.66600133  6.2260479   6.55073187]","[ 5.28493014  5.20958084  5.49401198  5.91483699  6.54324684  7.50266134
  8.02860945  9.54640719 14.17531603 19.67099135 30.53675981 40.83898869
 45.45359281 41.56187625 36.45176314 35.11244178 32.33449767 31.54474385
 28.77628077 28.01546906 27.40685296 26.69693945 26.19045243 25.35179641
 24.97322023 23.93163673 23.08283433 22.95908184 21.832169   21.58399867
 19.88389887 18.48453094 15.71689953 13.98586161 12.57967399 11.63938789
 11.33998669 11.33466401 11.07418496 11.13722555 11.07235529 11.29773786
 11.7094145  13.18263473 14.71190951 16.26630073 18.39620758 19.74783766
 20.6912841  20.93978709 21.1501996  21.18496341 21.02295409 20.14504325
 19.42065868 18.22521623 16.9407851  15.52195609 13.9251497  13.91134398
 13.42880905 13.09214904 12.80023287 12.02029275 11.65219561 11.18695941
 10.65635396 10.18097139  9.5494012   9.27661344  9.22355289  9.31886228
  9.15169661  9.07917498  8.79407851  8.55439122  8.20575516  7.96706587
  7.65834997  7.49467731  7.17781104  7.08067199  7.00532269  6.96906188
  6.95359281  6.77012641  6.65202927  6.60212908  6.47754491  6.28459747
  6.166833    6.05372588  5.9828676   5.8908849   5.86676647  5.81154358
  5.67947438  5.58466401  5.56437126  5.49500998  5.43479707  5.37275449]","[0.53925482 0.52378576 0.5919827  0.68512974 0.82235529 1.01047904
 1.09331337 1.38206919 2.17165669 2.92132402 4.25715236 5.27694611
 5.82268796 5.82717898 5.46972721 5.38672655 5.2005988  5.13988689
 4.84181637 4.78576181 4.65003327 4.46224218 4.29291417 4.10429142
 3.95825017 3.75133067 3.6071191  3.59813706 3.45974717 3.37308716
 3.16600133 2.94028609 2.56586826 2.37874251 2.19294744 2.12541583
 2.12541583 2.10612109 2.14337991 2.12159015 2.12075848 2.17864271
 2.24850299 2.46057884 2.69710579 2.82568197 2.92165669 2.9657352
 2.915835   2.92914172 2.87907518 2.80455755 2.76264138 2.60978044
 2.50449102 2.33832335 2.17215569 1.99783766 1.79507651 1.82252162
 1.75415835 1.72937458 1.68779108 1.60063207 1.56320692 1.47787758
 1.43080506 1.36959415 1.27894212 1.22920825 1.21290752 1.26197605
 1.23137059 1.21457086 1.14720559 1.11826347 1.10778443 1.01896208
 0.95625416 0.9579175  0.89836993 0.8840652  0.88389887 0.90568862
 0.8664338  0.86127745 0.85545576 0.83666001 0.79507651 0.77578177
 0.75216234 0.7328676  0.71756487 0.71074518 0.69011976 0.70093147
 0.67531603 0.65785096 0.62774451 0.63323353 0.62242182 0.61859614]",8
7,"0.0,0.15,0.3,0.44999999999999996,0.6,0.75,0.8999999999999999,1.05,1.2,1.3499999999999999,1.5,1.65,1.7999999999999998,1.95,2.1,2.25,2.4,2.55,2.6999999999999997,2.85,3.0,3.15,3.3,3.4499999999999997,3.5999999999999996,3.75,3.9,4.05,4.2,4.35,4.5,4.6499999999999995,4.8,4.95,5.1,5.25,5.3999999999999995,5.55,5.7,5.85,6.0,6.1499999999999995,6.3,6.45,6.6,6.75,6.8999999999999995,7.05,7.199999999999999,7.35,7.5,7.6499999999999995,7.8,7.949999999999999,8.1,8.25,8.4,8.549999999999999,8.7,8.85,9.0,9.15,9.299999999999999,9.45,9.6,9.75,9.9,10.049999999999999,10.2,10.35,10.5,10.65,10.799999999999999,10.95,11.1,11.25,11.4,11.549999999999999,11.7,11.85,12.0,12.15,12.299999999999999,12.45,12.6,12.75,12.9,13.049999999999999,13.2,13.35,13.5,13.65,13.799999999999999,13.95,14.1,14.25,14.399999999999999,14.549999999999999,14.7,14.85,15.0,15.149999999999999",2007R_GLUT1_647_WGA_594_0002.nd2,2007,M,R,5,True,44.88659565024412,False,"[13.92809587 13.85175322 14.15201953 14.30781181 14.72148247 15.31202841
 15.49067909 15.95494896 16.96981802 18.1011984  19.43608522 20.5876609
 22.15068797 24.27474478 25.50798935 26.03950289 27.09631602 27.56102974
 30.61873058 32.79893475 35.11096316 41.57767421 47.3229028  53.58499778
 55.48113626 60.37527741 62.40457168 62.70816689 64.65468265 64.73213493
 66.43652907 66.63426542 67.25077674 66.85596982 65.90989791 64.8533067
 64.21660009 64.46138482 63.79072348 63.52308034 63.01509099 61.3650688
 60.2976032  57.1349312  53.25366178 48.60164225 40.89924545 35.78806036
 31.33821571 30.1045273  27.78362184 25.68109188 24.32423435 21.57012872
 20.92632046 19.72569907 19.17953839 18.60719041 18.39702619 18.24323125
 18.2234798  17.97314692 18.05215269 17.70128717 17.66489126 17.59320905
 17.37483356 17.22414558 17.21770972 17.04416334 17.07256991 17.02197071
 16.87261429 16.99778074 16.83577452 16.81802042 16.76564581 16.78029294
 16.62072792 16.74656014 16.72836218 16.75610297 16.78650688 16.81047492
 16.67154905 16.83954727 16.77097204 16.53484243 16.76675544 16.89369729
 16.98224589 16.88371061 16.96915224 16.64713715 16.83954727 16.89924545
 17.15867732 17.16466933 17.33932534 17.35397248 17.98468708 18.48601864]","[ 2.24766977  2.27851753  2.34265424  2.40368398  2.50155348  2.61451398
  2.67221482  2.76853085  3.11828673  3.4798047   3.94318686  4.57767421
  5.03750555  6.00288504  6.50909898  6.55304039  7.02685308  7.37039503
  8.64136707  9.74212162 11.14425211 15.59498447 20.3111407  25.86440302
 27.69418553 32.6855304  34.57367954 35.12605415 37.6602308  37.74189969
 40.24500666 42.14491789 44.88659565 45.88659565 46.63249001 46.74123391
 46.46382601 46.23080337 45.66644474 45.84309809 44.9840213  43.84509543
 42.54771416 40.30204172 37.85130937 35.56369285 30.82845095 27.19507324
 22.78695073 21.38237905 18.34332002 14.60830004 12.44163338  8.66000888
  7.49312028  6.5834443   5.79693742  5.3027075   4.90412783  4.91034177
  4.72725255  4.65379494  4.55925433  4.45006658  4.32778518  4.27363515
  4.12161562  4.11429206  3.98779405  4.04150022  4.03550821  4.0370617
  4.01908566  3.97070573  3.92210386  3.978917    3.91367066  3.86972925
  3.90767865  3.82623169  3.81402574  3.84642699  3.80825566  3.85596982
  3.89147803  3.84775854  3.93164669  4.0159787   4.16311585  4.29516201
  4.2731913   4.27363515  4.30226365  4.3364403   4.29205504  4.38992455
  4.66844208  4.83688415  5.08455393  5.09565024  4.88237905  4.7689747 ]","[ 5.30359521  5.26786507  5.626498    6.08721704  6.81047492  7.95206391
  8.65978695 10.35685752 15.85796715 22.52263648 34.9207723  44.93120284
 48.21992898 42.22303595 36.66555704 35.30537062 32.2689747  31.52285841
 28.28118065 27.32490013 26.6813138  25.62006214 24.45383933 22.4207723
 21.33843764 18.80670217 17.44429649 17.28229028 15.83399911 15.64846871
 14.13160231 13.14114514 11.88171327 11.1087439  10.81646693 10.54394141
 10.45383933 10.49378606 10.4713715  10.42032845 10.42987128 10.67221482
 10.71970706 11.38149134 12.09232135 12.97403462 14.83422104 16.4409676
 18.04616067 18.77052818 19.66822015 20.9039059  21.32556591 21.68264536
 21.45383933 20.69462938 19.68086995 18.26586773 16.14513981 16.15690191
 15.54882379 15.01353751 14.51753218 13.6939636  13.23257878 12.60918775
 11.96804261 11.24766977 10.47447847 10.10075455 10.00133156 10.11584554
  9.95162006  9.7942743   9.41677763  9.17998225  8.76675544  8.5370617
  8.10830004  7.98224589  7.59254328  7.47780737  7.4418553   7.33754993
  7.28650688  7.08610741  6.8659565   6.80648025  6.58055925  6.42765202
  6.24522858  6.18197958  6.02041722  5.99600533  5.96426986  5.90656902
  5.79249889  5.71526853  5.61495783  5.5370617   5.50266312  5.47225921]","[0.58477585 0.58588549 0.62694186 0.73657346 0.90324012 1.12472259
 1.24656014 1.56635597 2.46582335 3.42210386 4.96959609 6.19440746
 6.76853085 6.63870395 6.30581447 6.1846427  5.9873502  5.91788726
 5.60430537 5.48912561 5.31979583 5.06302708 4.74234354 4.2723036
 4.08300044 3.63936973 3.39835775 3.34642699 3.15490457 3.11739902
 2.84953395 2.63648469 2.37394585 2.23457612 2.1602308  2.08988016
 2.11895251 2.07656458 2.07035064 2.05281846 2.02063915 1.99511762
 2.00976476 2.11584554 2.17842876 2.29360852 2.60230803 2.77585442
 2.89103418 2.894585   3.01020861 3.03595206 3.04727031 2.92454505
 2.80648025 2.71682202 2.52396804 2.39946738 2.11651132 2.10497115
 2.04438526 1.98624057 1.93586329 1.85042166 1.77407901 1.69041278
 1.60807812 1.53106968 1.36529072 1.30892144 1.28317798 1.31824234
 1.33288948 1.28339991 1.23257878 1.16267199 1.1298269  1.08189081
 1.01065246 1.00355082 0.96360408 0.95894363 0.95539281 0.95650244
 0.93164669 0.91389259 0.89081225 0.87838438 0.86107412 0.81668886
 0.80470484 0.78894807 0.79094541 0.76919663 0.74988904 0.74522858
 0.75410564 0.74522858 0.72703063 0.70017754 0.69951176 0.71127386]",9
8,"0.0,0.15,0.3,0.44999999999999996,0.6,0.75,0.8999999999999999,1.05,1.2,1.3499999999999999,1.5,1.65,1.7999999999999998,1.95,2.1,2.25,2.4,2.55,2.6999999999999997,2.85,3.0,3.15,3.3,3.4499999999999997,3.5999999999999996,3.75,3.9,4.05,4.2,4.35,4.5,4.6499999999999995,4.8,4.95,5.1,5.25,5.3999999999999995,5.55,5.7,5.85,6.0,6.1499999999999995,6.3,6.45,6.6,6.75,6.8999999999999995,7.05,7.199999999999999,7.35,7.5,7.6499999999999995,7.8,7.949999999999999,8.1,8.25,8.4,8.549999999999999,8.7,8.85,9.0,9.15,9.299999999999999,9.45,9.6,9.75,9.9,10.049999999999999,10.2,10.35,10.5,10.65,10.799999999999999,10.95,11.1,11.25,11.4,11.549999999999999,11.7,11.85,12.0,12.15,12.299999999999999,12.45,12.6,12.75,12.9,13.049999999999999,13.2,13.35,13.5,13.65,13.799999999999999,13.95,14.1,14.25,14.399999999999999,14.549999999999999,14.7,14.85,15.0,15.149999999999999",2007R_GLUT1_647_WGA_594_0002.nd2,2007,M,R,5,False,4.021975765044157,False,"[13.15608955 13.27562128 13.32142124 13.51119326 13.85951941 13.95912918
 14.03203943 14.4902444  15.30540152 15.71698501 16.51653317 17.38858082
 18.00965291 18.53440131 18.82111316 19.02259191 19.34791538 19.39289382
 19.97740809 20.1673855  20.44998973 21.65270076 22.82152393 24.47566235
 25.67303348 28.61141918 30.33107414 30.80283426 33.17128774 33.81515712
 37.72602177 41.41178887 48.76504416 54.11973711 60.15855412 64.29677552
 66.86773465 66.76689259 68.26083385 68.4849045  69.63093038 70.07044568
 69.56459232 66.78250154 62.34442391 56.92503594 48.68905319 43.33210105
 39.03799548 37.28897104 34.33744095 31.09693982 28.95420004 24.76093654
 23.19162046 21.65886219 20.56377079 19.54590265 18.82645307 18.74142534
 18.34154857 17.85109879 17.84596426 17.58513042 17.49394126 17.2310536
 17.15937564 16.84062436 16.62209899 16.62641199 16.639351   16.72745944
 16.65598686 16.78250154 16.45841035 16.31998357 16.27931814 16.61408914
 16.20106798 16.35058534 16.13904292 16.         16.1597864  16.07434792
 16.08030396 16.07845554 16.04600534 16.07578558 16.0324502  16.16882317
 15.96446909 15.78763606 15.70651058 15.77818854 15.81371945 15.75415896
 15.92667899 15.8660916  15.66913124 15.7948244  15.73464777 15.60751694]","[ 2.02690491  2.01376053  2.10515506  2.11028959  2.21113165  2.28917642
  2.31033066  2.39186691  2.61634833  2.93776956  3.40994044  4.11254878
  4.76299035  6.11439721  7.07825015  7.49414664  8.27705894  8.54302732
 10.1501335  11.07640173 11.87677141 13.79872664 15.58759499 18.3941261
 19.00657219 20.09858287 19.68350791 19.89340727 18.41692339 18.28773876
 15.75662354 13.76730335 10.41219963  8.51632779  6.80529883  5.69993839
  5.08276854  5.14068597  4.77942083  4.72109263  4.37235572  4.02197577
  3.83548983  3.55103717  3.43992606  3.45183816  3.46600945  3.60464161
  3.58184432  3.62025056  3.58061204  3.72437872  3.77243787  3.8196755
  3.82727459  3.78024235  3.77469706  3.77983159  3.69377696  3.7613473
  3.72170877  3.67755186  3.70425139  3.62497433  3.67139043  3.6987061
  3.53583898  3.63093038  3.60628466  3.63688642  3.63380571  3.56664613
  3.59416718  3.57054837  3.61573218  3.56767303  3.53789279  3.53707127
  3.54918875  3.63154652  3.63093038  3.62661738  3.64140481  3.65516533
  3.65167386  3.5906757   3.68494557  3.75641816  3.78496611  3.96898747
  3.98151571  4.16492093  4.24481413  4.45861573  4.41877182  4.58471965
  5.07208872  5.12692545  5.42103101  5.62928733  5.60874923  5.48264531]","[ 5.42082563  5.37358801  5.74039844  6.20250565  6.87512836  7.95399466
  8.61182994 10.22386527 15.23639351 21.23947422 32.91907989 43.70938591
 48.96056685 46.58697885 42.92339289 41.88190594 39.73423701 39.12425549
 36.26966523 35.03183405 33.59581023 30.48264531 28.4276032  26.45224892
 25.91928527 24.52002465 23.99363319 23.9622099  23.20661327 23.05463134
 22.01684124 20.87820908 18.28096118 16.01704662 13.96837133 12.38180325
 11.70651058 11.73095091 11.14849045 11.08030396 10.72910249 10.40008215
 10.41815568 10.45738345 11.04230848 11.99876771 13.92770589 15.334771
 16.74655987 17.19120969 17.88704046 19.01848429 19.50092421 20.39761758
 20.27603204 19.54056274 18.59991785 17.39761758 15.56787841 15.5949887
 15.01704662 14.40973506 13.94043952 12.97822962 12.56828918 11.95070856
 11.39720682 10.81269254 10.16122407  9.79667283  9.71698501  9.83980283
  9.7689464   9.53255289  9.17210926  8.99383857  8.51489012  8.20373793
  7.89422879  7.73115629  7.40480591  7.25467242  7.28958718  7.18586979
  7.10227973  6.98213185  6.80961183  6.68001643  6.55822551  6.38406244
  6.2310536   6.17621688  6.05298829  5.93879647  5.96529061  5.8671185
  5.7623742   5.64653933  5.53809817  5.48695831  5.41836106  5.36968577]","[0.53624974 0.58615732 0.6360649  0.71554734 0.88437051 1.09796673
 1.15999178 1.48387759 2.28630109 3.16882317 4.67508729 5.84596426
 6.56726227 6.61922366 6.40624358 6.25138632 6.00985829 5.97617581
 5.51427398 5.22407065 4.97679195 4.44752516 4.09365373 3.79872664
 3.71000205 3.57691518 3.51222017 3.51550626 3.5021565  3.46416102
 3.38775929 3.24604642 3.03286096 2.85048265 2.57198603 2.35325529
 2.24522489 2.21606079 2.15157116 2.13904292 2.05956048 1.95707537
 1.95707537 1.95481618 1.99466009 2.0885192  2.2969809  2.42246868
 2.52680222 2.60792771 2.68412405 2.75415896 2.73752311 2.74060382
 2.68843705 2.58800575 2.43561306 2.29513247 2.03553091 2.04169234
 1.969809   1.89648799 1.86424317 1.74327377 1.67241733 1.61942904
 1.54158965 1.4600534  1.36475662 1.32429657 1.29513247 1.34072705
 1.30170466 1.30519614 1.26186075 1.20620251 1.13555145 1.07866092
 1.03512015 0.98151571 0.91045389 0.91743685 0.93058123 0.91004313
 0.88704046 0.90080099 0.86218936 0.8628055  0.79975354 0.76463339
 0.75949887 0.74553296 0.75210516 0.72828096 0.71267201 0.70486753
 0.69542    0.68556172 0.65003081 0.63832409 0.64448552 0.6284658 ]",10
9,"0.0,0.15,0.3,0.44999999999999996,0.6,0.75,0.8999999999999999,1.05,1.2,1.3499999999999999,1.5,1.65,1.7999999999999998,1.95,2.1,2.25,2.4,2.55,2.6999999999999997,2.85,3.0,3.15,3.3,3.4499999999999997,3.5999999999999996,3.75,3.9,4.05,4.2,4.35,4.5,4.6499999999999995,4.8,4.95,5.1,5.25,5.3999999999999995,5.55,5.7,5.85,6.0,6.1499999999999995,6.3,6.45,6.6,6.75,6.8999999999999995,7.05,7.199999999999999,7.35,7.5,7.6499999999999995,7.8,7.949999999999999,8.1,8.25,8.4,8.549999999999999,8.7,8.85,9.0,9.15,9.299999999999999,9.45,9.6,9.75,9.9,10.049999999999999,10.2,10.35,10.5,10.65,10.799999999999999,10.95,11.1,11.25,11.4,11.549999999999999,11.7,11.85,12.0,12.15,12.299999999999999,12.45,12.6,12.75,12.9,13.049999999999999,13.2,13.35,13.5,13.65,13.799999999999999,13.95,14.1,14.25,14.399999999999999,14.549999999999999,14.7,14.85,15.0,15.149999999999999",2007R_GLUT1_647_WGA_594_0002.nd2,2007,M,R,5,False,5.298842511399509,False,"[14.44195019 14.53875833 15.05331463 15.54542266 16.2255349  16.88951245
 17.13433883 18.03753069 19.7997194  21.73763592 24.37741143 27.29428271
 30.81129428 36.74254647 41.06032971 43.05366538 46.50473518 46.80287618
 55.41353911 60.17748159 64.99193266 72.92423711 76.65380568 79.45703262
 80.51701157 83.41388986 84.54542266 83.73237461 85.29638723 85.58540863
 87.34198527 88.64363381 86.18414591 82.4763241  76.74640477 70.70256051
 67.37951596 66.70817257 63.1192564  62.08347948 58.46299544 52.8937215
 49.21360926 44.09084532 39.96878288 35.95299895 32.52823571 30.8684672
 29.73553139 28.78884602 27.84531743 27.01403016 25.8975798  23.60049106
 22.44335321 20.84777271 19.77376359 18.71904595 18.24903543 18.18098913
 17.92072957 17.71238162 17.39529989 17.47492108 17.44335321 17.20519116
 17.29428271 17.09014381 16.83023501 16.80287618 17.04805331 16.67379867
 16.72500877 16.91967731 16.89722904 16.74359874 16.3616275  16.50192915
 16.50894423 16.43739039 16.1918625  16.22343038 16.49351105 16.33602245
 16.62644686 16.34128376 16.45142055 16.12241319 16.31287268 16.34549281
 16.21115398 16.25113995 16.11715188 16.50017538 15.89652753 16.05787443
 16.20238513 15.97369344 16.22027359 16.00140302 16.0336724  16.08207646]","[1.8340933  1.8593476  1.8554893  1.90459488 1.9449316  1.95194669
 2.00315679 2.03156787 2.1490705  2.32094002 2.64959663 2.91231147
 3.14486145 3.3784637  3.49877236 3.55594528 3.66257454 3.680463
 4.05050859 4.10136794 4.25675202 4.32900737 4.22904244 4.18660119
 4.13644335 4.07997194 4.11574886 4.12837601 4.18870572 4.18344441
 4.27183444 4.40617327 4.81901087 5.04875482 5.29884251 5.49596633
 5.54822869 5.56401263 5.58751315 5.60329709 5.59698351 5.79726412
 5.65906699 5.55699754 5.49070502 5.56471414 5.6429323  5.53630305
 5.50648895 5.34408979 5.33286566 5.34303753 5.40897931 5.0940021
 4.93300596 4.59873729 4.44510698 4.12697299 4.11855489 4.18133988
 4.25640126 4.13854788 4.27990179 4.23816205 4.31182041 4.16239916
 4.37916521 4.2721852  4.42651701 4.52963872 4.53069099 4.40933006
 4.45843564 4.45598036 4.24307261 4.29112592 4.07400912 3.97649947
 3.90284111 3.87302701 3.83093651 3.80708523 3.78007717 3.84426517
 3.71834444 3.75868116 3.85338478 3.83269028 3.99649246 4.08242722
 4.15538408 4.29077517 4.35110488 4.51490705 4.43212908 4.60049106
 4.86180288 4.99859698 5.24622939 5.54472115 5.44756226 5.5450719 ]","[ 5.39249386  5.64012627  6.04173974  6.62679761  7.59031919  8.76745002
  9.60785689 11.66187303 18.34163451 26.13258506 39.10066643 50.43774114
 54.41073308 50.36864258 47.20308664 46.40196422 44.36373202 44.2806033
 41.7193967  40.4044195  38.9656261  35.52297439 32.93265521 29.61171519
 28.33567169 25.03226938 24.20133287 24.17572781 22.92072957 22.55769905
 21.24903543 20.27323746 19.79095054 20.27744651 21.28270782 22.16029463
 22.55173623 22.70747106 22.82602596 23.00350754 23.3233953  23.38863557
 23.38197124 23.29884251 22.37039635 21.18484742 19.65450719 18.84461592
 18.10452473 18.11855489 17.6811645  17.29463346 17.11259207 16.95264819
 17.1704665  17.41073308 17.67765696 17.67450018 16.41915118 16.45247282
 15.82427219 15.39915819 14.8172571  13.81094353 13.4173974  12.94002105
 12.15117503 11.47176429 10.67134339 10.31076815 10.21606454 10.29393195
 10.08593476  9.94423009  9.66187303  9.42090495  8.98176079  8.69624693
  8.42616626  8.16239916  7.78568923  7.65766398  7.60259558  7.48684672
  7.52262364  7.24096808  7.06839705  7.03156787  6.86671343  6.64959663
  6.51420554  6.33952999  6.23921431  6.11013679  6.17502631  6.08347948
  5.88846019  5.81164504  5.72009821  5.57102771  5.50052613  5.37811294]","[0.50964574 0.5657664  0.6467906  0.73763592 0.95264819 1.16906349
 1.28691687 1.62469309 2.59382673 3.58400561 5.13924939 6.26972992
 6.67379867 6.53419853 6.22518415 6.16695896 5.95019291 5.99754472
 5.73237461 5.64047703 5.45071905 5.12451771 4.67134339 4.27358821
 4.06559102 3.6253946  3.41459137 3.46229393 3.3233953  3.22062434
 3.03016485 2.89547527 2.86039986 2.93931954 3.12662224 3.28025254
 3.33742546 3.32164153 3.44545773 3.46264469 3.50052613 3.62714837
 3.64784286 3.60470011 3.55208699 3.38863557 3.13048053 2.99789548
 2.87057173 2.8470712  2.85829533 2.74815854 2.75657664 2.67134339
 2.56225886 2.53454928 2.45142055 2.31918625 2.10838302 2.10382322
 2.02314977 2.01122413 1.92564013 1.82357068 1.74745703 1.70957559
 1.60645388 1.48439144 1.41143458 1.34514206 1.3616275  1.38091898
 1.35847071 1.298141   1.26937917 1.20378814 1.17011575 1.11820414
 1.06909856 1.00911961 0.99579095 0.96036478 0.95755875 0.92564013
 0.9319537  0.90494563 0.91546826 0.88495265 0.88565416 0.83689933
 0.82357068 0.80568222 0.79270431 0.77411435 0.77586812 0.76745002
 0.766047   0.73132234 0.71413539 0.70326201 0.71413539 0.69940372]",11
10,"0.0,0.15,0.3,0.44999999999999996,0.6,0.75,0.8999999999999999,1.05,1.2,1.3499999999999999,1.5,1.65,1.7999999999999998,1.95,2.1,2.25,2.4,2.55,2.6999999999999997,2.85,3.0,3.15,3.3,3.4499999999999997,3.5999999999999996,3.75,3.9,4.05,4.2,4.35,4.5,4.6499999999999995,4.8,4.95,5.1,5.25,5.3999999999999995,5.55,5.7,5.85,6.0,6.1499999999999995,6.3,6.45,6.6,6.75,6.8999999999999995,7.05,7.199999999999999,7.35,7.5,7.6499999999999995,7.8,7.949999999999999,8.1,8.25,8.4,8.549999999999999,8.7,8.85,9.0,9.15,9.299999999999999,9.45,9.6,9.75,9.9,10.049999999999999,10.2,10.35,10.5,10.65,10.799999999999999,10.95,11.1,11.25,11.4,11.549999999999999,11.7,11.85,12.0,12.15,12.299999999999999,12.45,12.6,12.75,12.9,13.049999999999999,13.2,13.35,13.5,13.65,13.799999999999999,13.95,14.1,14.25,14.399999999999999,14.549999999999999,14.7,14.85,15.0,15.149999999999999",2007R_GLUT1_647_WGA_594_0002.nd2,2007,M,R,5,False,3.026165167620605,False,"[13.1888798  12.91251022 13.50204415 13.55273917 13.82011447 13.90351594
 14.01880621 14.03352412 14.8152085  15.36385936 16.07195421 16.67784137
 17.23630417 18.26982829 18.4055601  18.5519215  19.03352412 19.35731807
 19.89206868 20.81766149 21.0678659  22.57154538 24.01226492 26.88225675
 27.88879804 31.61406378 33.40228945 34.53638594 37.13082584 37.50367948
 41.44971382 44.50695012 51.23548651 56.0572363  62.07113655 65.51103843
 68.02044154 68.7154538  68.88143908 69.75143091 68.93867539 68.79149632
 69.17334424 66.9002453  63.31316435 61.03924775 55.55600981 52.94439902
 50.87080948 48.93704007 47.03761243 44.11120196 43.26165168 39.23793949
 37.77187244 33.26655765 30.37857727 26.35077678 21.99018806 22.30171709
 21.94112837 20.61733442 20.66966476 19.30417007 18.94358136 18.69092396
 17.94603434 17.65004088 17.22240392 17.18233851 17.12019624 17.09157809
 16.85200327 17.21422731 16.56336877 16.57890433 16.5944399  16.56091578
 16.13082584 16.0784955  16.10057236 16.23058054 16.16026165 16.12919052
 16.1954211  15.87244481 15.75061325 15.70973017 15.62387572 15.43499591
 15.79149632 15.85936222 15.96892886 15.89942764 15.58217498 15.2739166
 15.41864268 15.48078496 15.82992641 15.45461979 15.49795585 15.33278823]","[1.81847915 1.89043336 1.85609158 1.83973835 1.88225675 1.9362224
 1.90269828 1.96156991 2.01880621 2.25592805 2.42354865 2.65739984
 2.98691742 3.32788226 3.47833197 3.37939493 3.45543745 3.54946852
 3.67538839 3.63368765 3.7579722  3.87408013 3.94930499 4.17661488
 4.37448896 4.13409648 4.07277187 4.07931316 3.83237939 3.80130826
 3.78495503 3.56500409 3.33278823 3.15208504 3.25511038 3.09076043
 3.0106296  3.04905969 3.02698283 3.02616517 2.97628782 2.9215045
 2.88716271 2.86672118 2.87653312 2.88470973 2.89860998 2.85609158
 2.95502862 3.11447261 2.97219951 3.08585446 3.14390842 3.14963205
 3.0744072  3.26001635 3.26737531 3.40801308 3.5731807  3.7154538
 3.82992641 3.86590352 3.79476697 4.06132461 4.00572363 3.83973835
 3.69910057 3.78822567 3.71054783 3.75715454 3.74325429 3.70891251
 3.82502044 3.71627146 3.94112837 3.91659853 3.92722813 3.96484056
 3.7939493  3.79313164 3.70891251 3.81030253 3.76778414 3.84627964
 3.77269011 3.78904334 3.93295176 3.95829926 4.28781684 4.40719542
 4.45543745 4.42763696 4.51185609 4.34505315 4.24775143 4.28618152
 4.19378577 4.16843827 4.24529845 4.40310711 4.57236304 4.74897792]","[ 5.06132461  4.99591169  5.21177433  5.56991006  6.03761243  6.89860998
  7.4055601   8.65331153 12.45789043 17.24529845 27.09648406 36.33687653
 40.5625511  36.36058872 30.13246116 28.61896975 25.08830744 23.95993459
 20.1210139  18.46034342 17.4840556  16.40065413 16.33769419 16.71708913
 16.90351594 17.40310711 17.22812756 17.16925593 17.27964023 17.18724448
 16.78495503 16.27555192 15.2060507  14.03761243 13.0637776  11.9787408
 11.56173344 11.59689289 11.13327882 11.40719542 11.0466067  10.56418643
 10.35568275  9.9574816   9.95094031  9.94439902 10.67620605 11.32788226
 11.87571545 12.2060507  12.78250204 13.36222404 13.75878986 14.10793132
 14.53475061 14.3949305  14.93376942 14.88470973 14.16107931 13.92232216
 13.63859362 13.45789043 13.17252657 12.55764513 12.41291905 11.8683565
 11.46361406 10.55273917  9.93785773  9.5372036   9.60098119  9.59035159
  9.46770237  9.18560916  9.05151267  8.76206051  8.32951758  8.04578904
  7.67048242  7.45789043  7.14717907  7.04824203  7.12019624  7.08176615
  7.03434178  6.93458708  6.72690106  6.55028618  6.41782502  6.33605887
  6.17661488  6.08994276  5.95421096  5.91905151  5.85282093  5.77514309
  5.60343418  5.62387572  5.4161897   5.53475061  5.37040065  5.316435  ]","[0.46688471 0.5053148  0.54701554 0.59607522 0.68765331 0.86345053
 0.96892886 1.19296811 1.73180703 2.39329518 3.41946034 4.38920687
 4.71300082 4.6688471  4.34668847 4.26819297 3.87162715 3.9681112
 3.50449714 3.40065413 3.19623876 2.97547016 2.93704007 2.79640229
 2.77677841 2.70318888 2.71218316 2.64431725 2.66067048 2.68029436
 2.63614064 2.52902698 2.30008177 2.26246934 2.02861815 1.90515127
 1.87326247 1.79721995 1.82829109 1.7939493  1.76124285 1.6794767
 1.66067048 1.65576451 1.64513491 1.66721177 1.70155356 1.73589534
 1.80621423 1.8217498  1.88879804 1.9893704  1.95175797 2.03434178
 2.04905969 2.08748978 2.08013083 1.99182339 1.79149632 1.85527392
 1.71381848 1.70318888 1.67457073 1.5372036  1.55928046 1.47424366
 1.40065413 1.34423549 1.2992641  1.2060507  1.20278005 1.20768602
 1.22240392 1.21259199 1.12837285 1.11692559 1.03107114 0.97383483
 0.9255928  0.88307441 0.82992641 0.87162715 0.87816844 0.86999182
 0.87408013 0.84464432 0.85363859 0.86999182 0.77269011 0.72771872
 0.69828291 0.70809485 0.69991823 0.68438267 0.69255928 0.67130008
 0.63532298 0.64431725 0.64268193 0.62387572 0.66312347 0.64677024]",12
11,"0.0,0.15,0.3,0.44999999999999996,0.6,0.75,0.8999999999999999,1.05,1.2,1.3499999999999999,1.5,1.65,1.7999999999999998,1.95,2.1,2.25,2.4,2.55,2.6999999999999997,2.85,3.0,3.15,3.3,3.4499999999999997,3.5999999999999996,3.75,3.9,4.05,4.2,4.35,4.5,4.6499999999999995,4.8,4.95,5.1,5.25,5.3999999999999995,5.55,5.7,5.85,6.0,6.1499999999999995,6.3,6.45,6.6,6.75,6.8999999999999995,7.05,7.199999999999999,7.35,7.5,7.6499999999999995,7.8,7.949999999999999,8.1,8.25,8.4,8.549999999999999,8.7,8.85,9.0,9.15,9.299999999999999,9.45,9.6,9.75,9.9,10.049999999999999,10.2,10.35,10.5,10.65,10.799999999999999,10.95,11.1,11.25,11.4,11.549999999999999,11.7,11.85,12.0,12.15,12.299999999999999,12.45,12.6,12.75,12.9,13.049999999999999,13.2,13.35,13.5,13.65,13.799999999999999,13.95,14.1,14.25,14.399999999999999,14.549999999999999,14.7,14.85,15.0,15.149999999999999",2007R_GLUT1_647_WGA_594_0002.nd2,2007,M,R,5,False,4.715485305013583,False,"[12.99135589 13.19264016 13.37466041 13.42850086 13.6747345  14.07755001
 14.15312423 14.67498148 15.79180044 16.44134354 17.82119042 19.01333663
 19.75277846 21.36922697 22.2126451  22.47443813 23.49987651 23.59570264
 25.82761176 27.02445048 28.61422573 32.73598419 35.61965918 38.41985675
 39.65127192 41.5097555  42.60656952 42.95035811 43.77105458 44.05581625
 45.98913312 47.31143492 49.73055075 52.32551247 53.79451716 54.89009632
 54.89577673 54.81427513 54.73993579 54.60187701 54.1815263  52.8612003
 51.69301062 48.26154606 45.53766362 43.5183996  40.83847864 40.2980983
 39.48258829 39.09953075 38.37688318 37.4203507  36.42504322 33.04396147
 30.70535935 27.15979254 23.88416893 21.47122746 19.63966411 19.47073351
 19.14448012 19.04297357 18.69720919 18.14546802 17.71054581 17.78488516
 17.1543591  17.24228204 17.1835021  16.88268708 17.00419857 16.85058039
 16.99382564 16.73771302 16.74438133 16.58903433 16.39762904 16.61867128
 16.56137318 16.33341566 16.22005433 16.24425784 16.31637441 16.24129415
 16.29291183 16.13410719 16.18202025 16.12052359 15.96245987 16.04593727
 15.91627562 15.76957273 15.92442578 15.91232403 16.13484811 15.84514695
 16.07261052 15.89009632 16.05408743 15.73771302 15.68140282 15.80266733]","[1.84539392 1.88120524 1.90466782 1.92615461 1.95505063 1.97678439
 2.         2.04890096 2.18794764 2.33959002 2.56557175 2.86613979
 3.07458632 3.45097555 3.48728081 3.49641887 3.63176093 3.65769326
 3.86243517 3.99184984 4.11015065 4.61546061 4.97727834 5.38972586
 5.49073845 5.68881205 5.71820203 5.82810571 5.8290936  5.93306989
 6.06199061 6.16942455 5.94838232 5.51617683 5.02198074 4.8174858
 4.71474438 4.71548531 4.55915041 4.57545073 4.39985182 4.08891084
 3.78537911 3.38923191 3.36206471 3.26772042 3.23635466 3.32971104
 3.25635959 3.30328476 3.31291677 3.33020499 3.37120277 3.41491726
 3.50555693 3.44974068 3.43837985 3.39664115 3.48579896 3.47517906
 3.4485058  3.39343048 3.45714991 3.44159052 3.36058286 3.31341072
 3.36848605 3.30896518 3.31094097 3.31760929 3.34255372 3.25265498
 3.31316374 3.22845147 3.29365275 3.25981724 3.28525562 3.20795258
 3.28426772 3.28426772 3.35020993 3.32674735 3.28871326 3.32304273
 3.22128921 3.3232897  3.21387997 3.2650037  3.33835515 3.38626821
 3.38453939 3.38849099 3.4252902  3.48456409 3.42207953 3.46925167
 3.54112126 3.57347493 3.54062732 3.6058286  3.57051124 3.44628303]","[ 4.86539886  4.9738207   5.21783156  5.62879723  6.30797728  7.26623858
  7.79649296  9.34625834 13.86465794 19.1573228  28.2980983  34.5611262
 35.01605335 28.59817239 24.53099531 23.41368239 21.03507039 20.36972092
 17.87354902 17.22104223 16.65596444 15.99506051 15.64806125 15.01111386
 14.78142751 14.17485799 13.92294394 13.92170906 13.56655964 13.5077797
 13.16226229 12.72709311 12.07162262 11.52432699 10.90442084 10.54062732
 10.24252902 10.32674735 10.00222277 10.03704618  9.77698197  9.43269943
  9.23018029  8.90713756  8.79995061  8.75673006  8.83773771  8.86860953
  9.13361324  9.28031613  9.48629291  9.92763645 10.31390467 11.56063225
 12.38404544 13.53074833 14.3544085  15.11607804 15.11434922 15.20326006
 15.13608298 14.77451223 14.63102    14.01926402 13.57940232 13.09953075
 12.34527044 11.74956779 11.04000988 10.75351939 10.60311188 10.71523833
 10.61274389 10.3232897  10.02864905  9.7893307   9.3971351   9.11904174
  8.80760682  8.56334898  8.20251914  7.98691035  7.9718449   7.86688071
  7.86811558  7.64633243  7.36947394  7.24475179  6.97604347  6.80118548
  6.63027908  6.44084959  6.34922203  6.22598172  6.26154606  6.14744381
  5.96616449  5.8883675   5.74932082  5.6786861   5.54038034  5.45418622]","[0.4932082  0.52630279 0.58681156 0.67843912 0.85181526 1.04519634
 1.14818474 1.48357619 2.28006915 3.1573228  4.36354655 5.25710052
 5.53198321 5.21462089 4.99827118 4.85255619 4.61027414 4.56927636
 4.26821437 4.20153124 4.08866387 3.93578661 3.72116572 3.45665596
 3.41343542 3.1281798  3.09310941 3.09113361 2.97974809 2.96369474
 2.80661892 2.76537417 2.64386268 2.52654977 2.4243023  2.32477155
 2.27364781 2.26450976 2.21141022 2.21684367 2.18300815 2.14398617
 2.10940973 2.09286244 2.01383058 1.98789825 1.99259076 1.97826624
 1.96147197 2.00716226 2.01901704 2.09829588 2.14694986 2.17362312
 2.2252408  2.25858237 2.26648555 2.2689553  2.20721166 2.1805384
 2.14102247 2.1397876  2.08199555 1.941714   1.94690047 1.84983947
 1.77698197 1.71869597 1.59298592 1.53815757 1.54803655 1.56260805
 1.54013337 1.52580884 1.47023957 1.43220548 1.38700914 1.32477155
 1.26302791 1.22079526 1.15460608 1.12027661 1.14769079 1.10990368
 1.09261546 1.08273648 1.02247469 0.97999506 0.932082   0.90639664
 0.85403803 0.83403309 0.82884663 0.81279328 0.78562608 0.78068659
 0.75154359 0.73277352 0.69177575 0.6747345  0.67843912 0.65645838]",14
12,"0.0,0.15,0.3,0.44999999999999996,0.6,0.75,0.8999999999999999,1.05,1.2,1.3499999999999999,1.5,1.65,1.7999999999999998,1.95,2.1,2.25,2.4,2.55,2.6999999999999997,2.85,3.0,3.15,3.3,3.4499999999999997,3.5999999999999996,3.75,3.9,4.05,4.2,4.35,4.5,4.6499999999999995,4.8,4.95,5.1,5.25,5.3999999999999995,5.55,5.7,5.85,6.0,6.1499999999999995,6.3,6.45,6.6,6.75,6.8999999999999995,7.05,7.199999999999999,7.35,7.5,7.6499999999999995,7.8,7.949999999999999,8.1,8.25,8.4,8.549999999999999,8.7,8.85,9.0,9.15,9.299999999999999,9.45,9.6,9.75,9.9,10.049999999999999,10.2,10.35,10.5,10.65,10.799999999999999,10.95,11.1,11.25,11.4,11.549999999999999,11.7,11.85,12.0,12.15,12.299999999999999,12.45,12.6,12.75,12.9,13.049999999999999,13.2,13.35,13.5,13.65,13.799999999999999,13.95,14.1,14.25,14.399999999999999,14.549999999999999,14.7,14.85,15.0,15.149999999999999",2007R_GLUT1_647_WGA_594_0002.nd2,2007,M,R,5,False,4.005497251374313,False,"[13.58795602 13.71064468 14.02223888 14.16566717 14.78785607 15.2133933
 15.38355822 16.22488756 17.66766617 19.06971514 21.29235382 23.40754623
 25.74237881 29.79285357 32.03548226 33.11144428 35.48350825 35.17116442
 39.23413293 40.80634683 42.72113943 46.65592204 50.15792104 53.20364818
 54.57346327 58.37956022 59.67141429 59.65492254 61.84732634 62.61994003
 64.8858071  66.9167916  69.43653173 70.44102949 70.81784108 70.16741629
 70.66091954 69.9027986  69.89805097 68.99275362 68.3075962  65.31184408
 62.76261869 54.92403798 47.44902549 40.99050475 32.07321339 27.94702649
 25.30984508 24.95852074 23.50624688 21.95827086 21.20789605 19.81609195
 19.07521239 18.54397801 17.97901049 17.85932034 17.2023988  17.24637681
 16.93153423 16.99850075 16.90754623 16.72088956 16.68215892 16.63268366
 16.61444278 16.46101949 16.4127936  16.37131434 16.3085957  16.14267866
 16.45102449 16.22538731 16.23138431 16.04222889 16.07796102 16.07671164
 16.03848076 16.00574713 16.07871064 15.96376812 15.98250875 15.94377811
 15.79510245 15.67916042 15.79535232 15.83633183 15.7946027  15.80784608
 15.73913043 15.68615692 15.68590705 15.74737631 15.83983008 15.63918041
 15.75762119 15.67391304 15.77986007 15.53373313 15.63168416 15.45002499]","[1.84582709 1.9087956  1.90254873 1.92628686 1.94652674 1.98450775
 2.01324338 2.03673163 2.16591704 2.33483258 2.5922039  2.88505747
 3.0952024  3.25512244 3.40154923 3.43403298 3.45427286 3.47101449
 3.55222389 3.71914043 3.79935032 4.0982009  4.29110445 4.63743128
 4.73463268 4.59745127 4.7003998  4.70789605 4.62143928 4.58695652
 4.38405797 4.34457771 4.18090955 4.16166917 4.14217891 3.99850075
 4.00549725 3.95402299 3.97651174 3.95377311 3.87031484 3.98725637
 4.14292854 4.33833083 4.66391804 4.79310345 4.8135932  4.67666167
 4.53623188 4.45077461 4.26461769 4.09595202 4.04272864 3.75037481
 3.60569715 3.52448776 3.42878561 3.47776112 3.5029985  3.42578711
 3.45777111 3.44427786 3.39605197 3.38055972 3.43153423 3.38155922
 3.45527236 3.44902549 3.48975512 3.45327336 3.43228386 3.41929035
 3.39830085 3.4137931  3.4157921  3.43928036 3.28735632 3.42553723
 3.47726137 3.50024988 3.65767116 3.64217891 3.64442779 3.77861069
 3.66166917 3.75912044 3.91904048 4.01149425 4.19490255 4.2083958
 4.24337831 4.19490255 4.2976012  4.37756122 4.3045977  4.49375312
 4.88330835 5.07396302 5.43628186 5.52323838 5.1894053  5.009995  ]","[ 5.43578211  5.64792604  6.05447276  6.68515742  7.7163918   9.03323338
  9.71689155 11.85532234 17.52023988 23.41429285 33.11044478 41.48275862
 45.65942029 45.17791104 43.91554223 43.23913043 41.79785107 41.49850075
 38.81109445 37.44652674 35.85207396 32.91654173 30.67941029 28.52648676
 27.62618691 25.47026487 24.77836082 24.7866067  23.64742629 23.2123938
 21.95127436 21.17041479 19.67391304 18.92678661 18.64417791 18.76036982
 18.97376312 19.07171414 19.27636182 19.33383308 19.55322339 20.02673663
 20.22038981 20.71764118 20.98950525 20.93928036 20.25087456 19.5009995
 18.68490755 18.54597701 17.66991504 17.17766117 16.82533733 16.67141429
 16.65392304 16.77436282 16.5109945  16.29810095 15.38205897 15.44002999
 15.03673163 14.66491754 14.3025987  13.44402799 12.996002   12.54422789
 11.68590705 11.14267866 10.41029485 10.21689155 10.09795102 10.22438781
 10.05647176  9.8968016   9.60594703  9.4057971   9.05372314  8.77361319
  8.34832584  8.20689655  7.84332834  7.71564218  7.65342329  7.56921539
  7.54372814  7.35382309  7.13618191  7.04622689  6.84107946  6.64367816
  6.4077961   6.32483758  6.20164918  6.11669165  6.10894553  6.01349325
  5.82283858  5.78410795  5.63743128  5.62818591  5.5029985   5.43203398]","[0.57446277 0.63118441 0.71614193 0.84232884 1.04597701 1.2976012
 1.41529235 1.84582709 2.77186407 3.67641179 5.04797601 6.23838081
 6.82633683 7.02273863 6.77886057 6.70964518 6.43103448 6.47876062
 5.84832584 5.63843078 5.28435782 4.66791604 4.26336832 3.88855572
 3.8195902  3.47451274 3.33483258 3.41029485 3.24512744 3.20114943
 3.05997001 2.93453273 2.84082959 2.82508746 2.8175912  2.87581209
 2.84207896 2.90329835 2.92653673 2.94702649 2.94677661 2.96351824
 2.97676162 3.04697651 3.02073963 3.01474263 2.93603198 2.82833583
 2.66566717 2.67066467 2.59545227 2.50124938 2.45452274 2.43078461
 2.36081959 2.32408796 2.23613193 2.23513243 2.0802099  2.06796602
 2.00224888 1.99250375 1.9157921  1.8125937  1.77236382 1.69715142
 1.58645677 1.5169915  1.40629685 1.3988006  1.4017991  1.39005497
 1.41054473 1.36556722 1.34582709 1.29485257 1.23513243 1.19365317
 1.15967016 1.12893553 1.07646177 1.02423788 1.00724638 1.04322839
 1.01624188 1.02123938 0.95377311 0.91504248 0.92203898 0.86556722
 0.81109445 0.81034483 0.77611194 0.75062469 0.75437281 0.75937031
 0.72688656 0.6834083  0.63618191 0.65067466 0.65842079 0.62518741]",15
13,"0.0,0.15,0.3,0.44999999999999996,0.6,0.75,0.8999999999999999,1.05,1.2,1.3499999999999999,1.5,1.65,1.7999999999999998,1.95,2.1,2.25,2.4,2.55,2.6999999999999997,2.85,3.0,3.15,3.3,3.4499999999999997,3.5999999999999996,3.75,3.9,4.05,4.2,4.35,4.5,4.6499999999999995,4.8,4.95,5.1,5.25,5.3999999999999995,5.55,5.7,5.85,6.0,6.1499999999999995,6.3,6.45,6.6,6.75,6.8999999999999995,7.05,7.199999999999999,7.35,7.5,7.6499999999999995,7.8,7.949999999999999,8.1,8.25,8.4,8.549999999999999,8.7,8.85,9.0,9.15,9.299999999999999,9.45,9.6,9.75,9.9,10.049999999999999,10.2,10.35,10.5,10.65,10.799999999999999,10.95,11.1,11.25,11.4,11.549999999999999,11.7,11.85,12.0,12.15,12.299999999999999,12.45,12.6,12.75,12.9,13.049999999999999,13.2,13.35,13.5,13.65,13.799999999999999,13.95,14.1,14.25,14.399999999999999,14.549999999999999,14.7,14.85,15.0,15.149999999999999",2007R_GLUT1_647_WGA_594_0002.nd2,2007,M,R,5,False,3.4157322460074755,False,"[13.54689093 13.63149847 13.87155963 14.03805641 14.46381244 14.93391098
 15.25739042 15.84012912 17.16921509 18.49626232 20.24872579 22.12368332
 24.2675841  26.6941896  27.62759089 28.32449881 28.80088345 28.69639823
 29.75195379 29.88345226 30.05436629 30.83809038 31.03143051 31.48640843
 31.61247027 32.07662249 32.52378525 32.71508665 33.25042474 33.36901121
 34.5446823  35.60975195 38.46924907 40.86969079 44.21712538 46.53448862
 47.77624873 48.19334013 49.10567448 49.379035   50.86051648 53.05538566
 53.70353381 54.7546721  54.47553517 53.25433231 49.63863405 46.37733605
 42.64746857 41.5859667  38.36323479 34.35321101 32.38464152 26.84981312
 24.43017329 22.27573904 20.52616378 19.5224261  18.51698947 18.62011553
 18.28933062 18.26605505 17.97893306 17.50084947 17.37393816 17.22120285
 16.89228678 16.71270812 16.46653075 16.54536188 16.54706082 16.32466871
 16.4553177  16.48063201 16.44019708 16.27047231 16.30988787 16.16462793
 16.03465851 15.97740401 15.92235814 16.02837241 15.83724091 15.92847435
 16.03346925 15.90383962 15.96347265 16.01563031 15.78848114 15.76163778
 15.62028542 15.62028542 15.62351342 15.51953789 15.68331634 15.67737003
 15.65069657 15.57713218 15.5190282  15.77488957 15.46534149 15.6179069 ]","[ 1.89857288  1.94563371  2.00271831  2.02327557  2.06422018  2.0988787
  2.13846415  2.17295277  2.39313626  2.55283724  2.89738362  3.20540265
  3.70353381  4.24396874  4.5412844   4.74243969  5.16106014  5.25008495
  6.43696908  7.3024125   8.32127081 10.45463812 11.86017669 13.0507985
 13.42082909 13.78117567 13.79153925 13.6751614  13.8025824  13.88769963
 13.52412504 13.01206252 10.86204553  9.07934081  7.12402311  5.74600748
  5.31056745  5.16938498  4.80428135  4.7291879   4.25263337  3.9045192
  3.62232416  3.41573225  3.25891947  3.21593612  3.15341488  3.22222222
  3.2006456   3.19181108  3.21202854  3.30139314  3.35083248  3.49099558
  3.57390418  3.60941216  3.61722732  3.58970438  3.58494733  3.57866123
  3.55827387  3.54315324  3.51104315  3.57815155  3.55572545  3.55181787
  3.56320082  3.58375807  3.64135236  3.68501529  3.6654774   3.68093782
  3.72646959  3.70897044  3.71525654  3.69894665  3.71372749  3.69554876
  3.64475025  3.71899422  3.69792729  3.71933401  3.62606184  3.73751274
  3.69622834  3.69147129  3.79374788  3.84250765  3.95039076  4.23632348
  4.57067618  4.90248046  5.20778118  5.41335372  5.47383622  5.58800544
  5.80750934  5.90299015  6.1591913   6.32840639  6.71491675  6.97638464]","[ 4.98487937  5.21899422  5.51885831  5.94342508  6.68909276  7.62079511
  8.27200136  9.84454638 14.90502888 21.35949711 32.882263   43.3535508
 46.66224941 39.91148488 34.79001019 32.74821611 29.25654094 28.75365274
 25.16258919 24.18127761 23.35151206 22.23734285 21.62996942 20.8600068
 20.80156303 20.45056065 20.38871899 20.36170574 20.15834183 20.11348964
 20.09361196 19.73768264 19.09140333 18.22545022 16.82534828 15.27862725
 14.55810398 14.30971797 13.52055725 13.48148148 12.55453619 11.60329596
 11.08307849 10.68127761 10.6369351  10.98318043 11.94172613 12.80801903
 13.93577982 14.16802582 15.26571526 16.57696228 17.19877676 18.93985729
 19.46432212 19.1751614  18.42524635 17.39721373 15.70098539 15.59955827
 15.06201155 14.62232416 14.23479443 13.27624873 12.94614339 12.35100238
 11.66615698 11.06812776 10.36051648 10.05368671  9.93442066  9.98589874
  9.91590214  9.69724771  9.40910635  9.07084608  8.62657153  8.41165477
  8.0574244   7.81583418  7.5158002   7.41420319  7.40808699  7.30292219
  7.21593612  7.11620795  6.97349643  6.86680258  6.69894665  6.52123683
  6.41046551  6.25552158  6.11807679  6.02514441  6.08069997  5.96568128
  5.7930683   5.7166157   5.64067278  5.58205912  5.47587496  5.40417941]","[0.46907917 0.51189263 0.58528712 0.69486918 0.85474006 1.02718315
 1.12453279 1.42456677 2.25891947 3.18348624 4.51019368 5.62062521
 6.02259599 5.57747197 5.17295277 5.02123683 4.69826707 4.6272511
 4.28100578 4.12962963 3.9553177  3.85847774 3.74991505 3.62351342
 3.57237513 3.55793408 3.53397893 3.54553177 3.58188923 3.54757051
 3.55470608 3.58103976 3.50271831 3.39296636 3.12793068 2.86578321
 2.745158   2.71253823 2.6211349  2.59446143 2.40349983 2.20863065
 2.11943595 1.97553517 1.89874278 1.88107373 2.01019368 2.07237513
 2.17380224 2.2164458  2.31022766 2.43051308 2.45990486 2.59904859
 2.5062861  2.47927285 2.37461774 2.245158   2.06218145 2.03397893
 1.99796126 1.92626572 1.85372069 1.7738702  1.75348284 1.65018688
 1.56269113 1.4680598  1.34267754 1.33027523 1.31175671 1.3153245
 1.2961264  1.2740401  1.24040095 1.18059803 1.13608563 1.09378186
 1.03227999 1.003228   0.96415223 0.95276928 0.95803602 0.91301393
 0.94138634 0.89891267 0.8982331  0.86986069 0.83197418 0.79357798
 0.7674142  0.76231736 0.73513422 0.73088685 0.73326538 0.71134896
 0.6943595  0.67159361 0.64441047 0.63914373 0.62164458 0.624193  ]",16
14,"0.0,0.15,0.3,0.44999999999999996,0.6,0.75,0.8999999999999999,1.05,1.2,1.3499999999999999,1.5,1.65,1.7999999999999998,1.95,2.1,2.25,2.4,2.55,2.6999999999999997,2.85,3.0,3.15,3.3,3.4499999999999997,3.5999999999999996,3.75,3.9,4.05,4.2,4.35,4.5,4.6499999999999995,4.8,4.95,5.1,5.25,5.3999999999999995,5.55,5.7,5.85,6.0,6.1499999999999995,6.3,6.45,6.6,6.75,6.8999999999999995,7.05,7.199999999999999,7.35,7.5,7.6499999999999995,7.8,7.949999999999999,8.1,8.25,8.4,8.549999999999999,8.7,8.85,9.0,9.15,9.299999999999999,9.45,9.6,9.75,9.9,10.049999999999999,10.2,10.35,10.5,10.65,10.799999999999999,10.95,11.1,11.25,11.4,11.549999999999999,11.7,11.85,12.0,12.15,12.299999999999999,12.45,12.6,12.75,12.9,13.049999999999999,13.2,13.35,13.5,13.65,13.799999999999999,13.95,14.1,14.25,14.399999999999999,14.549999999999999,14.7,14.85,15.0,15.149999999999999",2007R_GLUT1_647_WGA_594_0002.nd2,2007,M,R,5,False,4.4254440313919865,False,"[13.20983065 13.26476663 13.18690624 13.53118546 13.72118959 13.99153242
 14.27013631 14.51425031 15.2936803  16.00640231 16.81082197 17.49339116
 18.25237505 18.95497728 19.25258158 19.41284593 19.53552251 19.51817431
 20.25877736 20.56092524 20.89983478 22.12432879 23.44981413 25.33643123
 25.96303181 28.89301941 30.04213135 29.87938868 32.35625774 32.76641884
 35.70446097 37.5842627  43.1173069  46.99483684 51.76889715 56.38289963
 58.5086741  59.08570838 60.95518381 60.94361834 63.53820735 65.18566708
 66.21643949 66.97810822 66.38764973 64.04997935 59.72573317 55.97852127
 52.54956629 51.55390335 48.69991739 45.4417596  43.63589426 37.82486576
 34.29636514 30.01920694 26.15035109 23.60512185 20.93432466 21.04977282
 20.38496489 19.87174721 19.64126394 18.84056175 18.85501859 18.57187113
 17.96303181 17.87092111 17.57042544 17.33808344 17.36245353 17.19165634
 17.33663775 17.36596448 17.03903346 16.94940107 16.9700537  16.77302767
 16.49752169 16.60264354 16.53077241 16.27757125 16.53242462 16.35377943
 16.44465097 16.39942173 16.29285419 16.19227592 16.37174721 16.19785213
 16.37835605 16.06546881 16.15613383 16.03056588 15.98182569 16.0299463
 16.07455597 15.95208591 15.9669558  16.02788104 15.79388682 16.07847997]","[1.89384552 1.92296572 1.92998761 1.96902107 1.98636927 2.01755473
 2.06216439 2.07538207 2.27819083 2.45187939 2.76765799 3.1212309
 3.33374639 3.68959108 3.69847171 3.69454771 3.81619166 3.83085502
 3.88310615 3.9708798  4.01239157 4.37298637 4.71086328 5.32073523
 5.68773234 6.31206113 6.47459727 6.55679471 6.90458488 6.96344486
 7.06526229 7.25361421 7.47377117 7.26435357 7.16356877 6.87980173
 6.63692689 6.63486163 6.42812887 6.3149525  6.0708385  5.70735233
 5.23130938 4.74741842 4.42544403 4.0629905  3.87691037 3.81639818
 3.72697233 3.76972325 3.67781908 3.5803387  3.58488228 3.53676167
 3.57662123 3.62660058 3.69785213 3.67224287 3.69268897 3.73089632
 3.72841801 3.66191656 3.71767865 3.65035109 3.68463445 3.65489467
 3.67596035 3.7315159  3.7850062  3.80648492 3.79698472 3.7189178
 3.72222222 3.70673276 3.68835192 3.72160264 3.69619992 3.6897976
 3.69785213 3.6889715  3.67513424 3.68669971 3.65943825 3.65448162
 3.65262288 3.63217679 3.66604709 3.68071045 3.7771582  3.83519207
 3.89487815 3.96840149 4.11524164 4.16418835 4.16893846 4.29409335
 4.45477076 4.70136307 4.91697646 5.10677406 5.22841801 5.31371334]","[ 5.19929781  5.43824866  5.76166873  6.23048327  7.05989261  8.13135068
  8.78541925 10.64601404 16.40499793 23.1685254  35.1897976  45.65840562
 49.13775299 43.27034283 38.76022305 37.20198265 34.05410987 33.76641884
 30.26352747 29.13362247 28.44506402 27.99421727 28.24184221 28.61792648
 28.60883932 28.30441966 27.9283354  27.94795539 27.01838083 26.8362247
 25.57311029 24.0125981  21.28170178 19.47191243 18.08384965 17.15220983
 16.68752582 16.69124329 16.11111111 16.06340355 15.47191243 14.75795126
 14.03614209 12.86162743 11.67327551 11.0047501  10.88537794 11.17306898
 11.66584056 11.80152829 12.3188765  12.95291202 13.35563817 14.71747212
 15.42771582 16.1551012  16.72532012 16.66274267 15.83519207 15.79099546
 15.45373812 14.99834779 14.60016522 13.73296159 13.33787691 12.80338703
 11.99648905 11.28686493 10.41924824 10.03056588  9.85563817 10.02622883
  9.90665014  9.60760017  9.28211483  9.0503924   8.55865345  8.25113589
  7.9165634   7.65695993  7.36988848  7.15055762  7.18669971  7.11586121
  7.03159851  6.88124742  6.72057001  6.67678645  6.52746799  6.37257332
  6.33064849  6.15097067  6.0960347   6.00805452  6.02209831  5.94444444
  5.80400661  5.7228418   5.62928542  5.57496902  5.49235853  5.37092111]","[0.51425031 0.56443618 0.63424205 0.72883106 0.92647666 1.13217679
 1.22821148 1.57496902 2.48595622 3.46571665 4.98244527 6.15489467
 6.68401487 6.36947542 6.00950021 5.89239983 5.64126394 5.54791409
 5.31949608 5.2315159  5.19186287 5.16790582 5.14704667 5.1268071
 5.0464684  4.84840975 4.75712515 4.71933086 4.51321768 4.4795539
 4.15468815 3.9283354  3.47170591 3.20879802 2.95373812 2.80173482
 2.73296159 2.69785213 2.62453532 2.61090458 2.49876084 2.32878976
 2.22924411 2.02354399 1.82796365 1.73791822 1.72346138 1.70652623
 1.73998348 1.74535316 1.79884345 1.82982239 1.87236679 2.01755473
 2.08653449 2.1763734  2.19516729 2.19434118 2.03448988 2.05658819
 2.00970673 1.97728211 1.90850888 1.80524577 1.77942999 1.7063197
 1.60140438 1.49814126 1.39818257 1.33395291 1.31268071 1.34531185
 1.34180091 1.27633209 1.25567947 1.19310202 1.14684015 1.08157786
 1.04068567 1.00619579 0.97604296 0.91738951 0.93370508 0.92565056
 0.9031392  0.8944651  0.85935564 0.85708385 0.85171417 0.81144155
 0.78004957 0.78046262 0.77406031 0.75526642 0.77529946 0.73564643
 0.72366791 0.72180917 0.69124329 0.68174308 0.7141677  0.70611318]",17
15,"0.0,0.15,0.3,0.44999999999999996,0.6,0.75,0.8999999999999999,1.05,1.2,1.3499999999999999,1.5,1.65,1.7999999999999998,1.95,2.1,2.25,2.4,2.55,2.6999999999999997,2.85,3.0,3.15,3.3,3.4499999999999997,3.5999999999999996,3.75,3.9,4.05,4.2,4.35,4.5,4.6499999999999995,4.8,4.95,5.1,5.25,5.3999999999999995,5.55,5.7,5.85,6.0,6.1499999999999995,6.3,6.45,6.6,6.75,6.8999999999999995,7.05,7.199999999999999,7.35,7.5,7.6499999999999995,7.8,7.949999999999999,8.1,8.25,8.4,8.549999999999999,8.7,8.85,9.0,9.15,9.299999999999999,9.45,9.6,9.75,9.9,10.049999999999999,10.2,10.35,10.5,10.65,10.799999999999999,10.95,11.1,11.25,11.4,11.549999999999999,11.7,11.85,12.0,12.15,12.299999999999999,12.45,12.6,12.75,12.9,13.049999999999999,13.2,13.35,13.5,13.65,13.799999999999999,13.95,14.1,14.25,14.399999999999999,14.549999999999999,14.7,14.85,15.0,15.149999999999999",2007R_GLUT1_647_WGA_594_0002.nd2,2007,M,R,5,False,16.84415393654524,False,"[12.77952409 12.75793184 12.91421857 13.03393067 13.3529671  13.65011751
 13.69300823 14.05493537 15.15393655 15.93757344 16.99103995 17.65423032
 18.28349001 18.92582256 19.15099882 19.43463572 19.87617509 19.76527615
 20.87676263 21.28378378 21.84386016 23.25425969 24.28598707 25.45461222
 26.0293772  27.24676851 27.52262045 27.76248531 28.29612221 28.33049354
 29.06521739 30.12015276 31.9673913  34.50029377 38.60340776 43.12132785
 45.49353702 46.18522327 48.16113396 48.18228555 50.60237955 52.21269095
 52.47311986 50.82300235 48.16201528 45.096651   40.16319036 37.34018801
 34.46151586 33.63557579 31.01248531 28.34268508 26.71254407 22.46151586
 20.99515276 19.84797297 18.90114571 18.12779083 17.6753819  17.74206816
 17.3739718  17.2983255  17.13719154 16.97679201 16.92831962 16.8939483
 16.61001763 16.58490012 16.27967098 16.35766745 16.31991774 16.15907756
 16.47855464 16.20681551 16.26277908 16.31888954 16.11912456 16.09341951
 16.13087544 16.23898355 16.16333725 16.08269683 15.95211516 15.97194477
 16.09268508 16.04905993 15.92714454 15.93243243 15.87764395 15.91671563
 15.81022327 15.76850764 15.84929495 15.68639835 15.65070505 15.71298472
 15.85149824 15.50029377 15.45329025 15.59973561 15.61413043 15.59547591]","[ 1.9506463   1.99838425  2.02849589  2.07476498  2.09532902  2.16010576
  2.20094007  2.22649824  2.44359577  2.6186839   2.99853114  3.38249119
  3.68008226  4.11368978  4.28716216  4.4086369   4.67905405  4.66862515
  5.2016745   5.49853114  5.86956522  6.61016451  7.13631022  7.65746181
  7.84650411  8.29377203  8.38469448  8.36750881  8.71900705  8.62793772
  8.92244418  9.25514101 10.26424794 11.35267333 12.91891892 14.42303173
 14.83563455 15.11839013 15.50719741 15.52702703 16.05141011 16.47253231
 16.84415394 17.24867803 17.5923913  17.73648649 17.23472385 17.00602233
 16.28025852 16.15834313 15.66745006 14.91847826 14.36368978 12.23017039
 10.7489718   8.71342538  7.15599295  5.78495887  4.83254994  4.77967098
  4.58078731  4.39453584  4.30155699  4.13175676  4.02188602  3.87529377
  3.85017626  3.73766157  3.68184489  3.65819624  3.64056992  3.66965335
  3.62162162  3.64203878  3.54377203  3.58783784  3.54318449  3.54509401
  3.5367215   3.54421269  3.58475323  3.54641598  3.53613396  3.59811986
  3.56433608  3.54700353  3.51556992  3.52776146  3.50161575  3.45652174
  3.36119271  3.43786722  3.44344888  3.44991187  3.42156287  3.43096357
  3.55449471  3.55229142  3.63572268  3.68375441  3.86559929  3.85384841]","[ 5.28393067  5.56066392  5.98031727  6.54891304  7.55713866  8.73957109
  9.55963572 11.52688014 17.06624559 23.75029377 34.17112221 42.7720329
 45.71518801 42.35252644 39.66847826 38.75543478 36.58592832 36.27188602
 33.52599882 32.53686839 31.60854877 30.11545241 29.29068743 28.54156874
 28.28495887 27.82652761 27.59958872 27.5672738  27.15364277 26.96445358
 26.48942421 25.96048766 24.74676851 23.36251469 21.3340188  18.98046416
 17.78819036 17.41363102 16.2079906  16.16847826 14.40819624 12.84430082
 11.77526439 10.67817274 10.13748531 10.22826087 10.8256463  11.4023208
 12.04435958 12.23252056 12.68390129 13.29259694 13.65731492 14.49809048
 14.95710928 15.30860752 15.52776146 15.26042891 14.29274383 14.26556992
 13.8676557  13.57579318 13.30434783 12.53128672 12.28393067 11.73134548
 10.99294947 10.38880729  9.72209166  9.40569918  9.32579318  9.38645711
  9.29391892  9.09782609  8.81462985  8.63939483  8.21577556  7.94976498
  7.72018214  7.5503819   7.25514101  7.19036428  7.18742656  7.17450059
  7.09371328  6.91054642  6.75132197  6.70725617  6.52511751  6.33710341
  6.22870153  6.08666275  5.99970623  5.91201528  5.91612808  5.82344301
  5.69785546  5.57579318  5.52232667  5.43816099  5.3876322   5.30552291]","[0.58343126 0.66230905 0.73222679 0.84826675 1.05155699 1.29024677
 1.4086369  1.78863102 2.67846651 3.70784371 5.11295535 6.17317861
 6.72532315 6.5766745  6.39923619 6.21886016 6.00161575 5.96812573
 5.64879553 5.48193302 5.41319036 5.19785546 5.1186839  5.05640423
 4.97341363 4.93125734 4.85693302 4.87411868 4.83857227 4.78525264
 4.73472385 4.64732667 4.57403055 4.43419506 4.25793184 3.98325499
 3.80948884 3.78819036 3.57241481 3.58269683 3.28642773 2.98824912
 2.74294947 2.50367215 2.39027615 2.4159812  2.58313749 2.7206228
 2.80302585 2.84532902 2.97782021 3.05405405 3.09885429 3.13983549
 3.04112808 2.82829025 2.60326087 2.39321387 2.10693302 2.10355464
 2.02555817 1.96886016 1.90290834 1.77688014 1.74779671 1.69682726
 1.59444771 1.47870153 1.38675088 1.34694477 1.3266745  1.36559929
 1.32358989 1.30096945 1.26792009 1.22723267 1.19623972 1.15070505
 1.10091069 1.06316099 1.04861927 0.99588719 0.99485899 0.98384254
 0.9979436  0.96606933 0.92670388 0.91304348 0.87661575 0.82520564
 0.81786134 0.80934195 0.79788484 0.75954759 0.77614571 0.74427145
 0.73193302 0.71753819 0.68639835 0.68463572 0.65481786 0.65540541]",18
16,"0.0,0.15,0.3,0.44999999999999996,0.6,0.75,0.8999999999999999,1.05,1.2,1.3499999999999999,1.5,1.65,1.7999999999999998,1.95,2.1,2.25,2.4,2.55,2.6999999999999997,2.85,3.0,3.15,3.3,3.4499999999999997,3.5999999999999996,3.75,3.9,4.05,4.2,4.35,4.5,4.6499999999999995,4.8,4.95,5.1,5.25,5.3999999999999995,5.55,5.7,5.85,6.0,6.1499999999999995,6.3,6.45,6.6,6.75,6.8999999999999995,7.05,7.199999999999999,7.35,7.5,7.6499999999999995,7.8,7.949999999999999,8.1,8.25,8.4,8.549999999999999,8.7,8.85,9.0,9.15,9.299999999999999,9.45,9.6,9.75,9.9,10.049999999999999,10.2,10.35,10.5,10.65,10.799999999999999,10.95,11.1,11.25,11.4,11.549999999999999,11.7,11.85,12.0,12.15,12.299999999999999,12.45,12.6,12.75,12.9,13.049999999999999,13.2,13.35,13.5,13.65,13.799999999999999,13.95,14.1,14.25,14.399999999999999,14.549999999999999,14.7,14.85,15.0,15.149999999999999",2007R_GLUT1_647_WGA_594_0002.nd2,2007,M,R,5,False,5.950462194832899,False,"[12.91206447 13.18819626 13.22185352 13.3628822  13.41265703 13.72078692
 13.81772932 14.26404361 15.00711069 15.4835269  16.33372837 16.76961365
 17.26380659 17.73690448 17.93387059 18.14979853 18.29722683 18.45223987
 18.52334676 18.49680019 18.92533776 19.35174212 19.71675753 20.34510548
 20.94619578 22.13036265 22.26617682 22.39843565 22.95188433 23.47120171
 24.21426878 25.19388481 26.43991467 27.3102631  28.10784546 28.59184641
 28.5814174  28.73761555 28.89262858 28.75041479 29.13225883 28.74235601
 28.94927708 28.2773169  27.93861105 27.14600616 25.33278028 24.11329699
 22.9144347  22.32709173 21.30244134 20.52500593 20.19625504 18.94856601
 18.7309789  18.31832188 18.0144584  17.74875563 17.37923679 17.55795212
 17.49490401 17.41479023 17.43778146 17.20905428 17.23062337 17.23465276
 17.16899739 17.03531643 17.03365726 16.96823892 17.00379237 16.77506518
 16.6134155  16.80113771 16.67741171 16.55487082 16.52050249 16.44418109
 16.47712728 16.46243186 16.58544679 16.23133444 16.2536146  16.1618867
 16.33538753 16.51457691 16.32590661 16.34083906 16.25811804 16.28845698
 16.17895236 16.11922256 16.25503674 16.20834321 16.17350083 16.34629059
 16.23251955 16.09552027 16.11140081 15.98269732 16.13510311 15.89049538]","[1.85328277 1.88101446 1.91941218 1.91704195 1.97700877 1.95141029
 1.98411946 2.01090306 2.16425693 2.37544442 2.77790946 2.95330647
 3.19364778 3.46172079 3.61673382 3.63214032 3.73121593 3.74804456
 3.88907324 4.0030813  4.11163783 4.57169945 4.9258118  5.69921782
 5.95046219 6.60037924 6.75349609 6.68262621 6.77506518 6.79639725
 6.59824603 6.57359564 6.47238682 6.47760133 6.19957336 5.86584499
 5.70087699 5.63569566 5.47167575 5.46835743 5.06304812 4.79734534
 4.4392036  4.08675041 3.81109268 3.67670064 3.52192463 3.55487082
 3.52856127 3.55131548 3.6401991  3.59919412 3.58781702 3.66650865
 3.61128229 3.57146243 3.59137236 3.50865134 3.64304338 3.50865134
 3.49632614 3.53946433 3.52287272 3.53472387 3.5432567  3.51836928
 3.58331358 3.52097653 3.57999526 3.66864186 3.67622659 3.6484949
 3.61483764 3.60037924 3.63616971 3.61981512 3.66650865 3.5897132
 3.52310974 3.63806589 3.59350557 3.60891206 3.51718417 3.61175634
 3.61886703 3.61412657 3.64280635 3.63451055 3.83479498 3.96752785
 4.18155961 4.51836928 4.7845461  5.21189855 5.18961839 5.48850438
 5.56861816 5.39464328 5.06352216 4.91585684 4.99739275 4.89618393]","[ 4.93221142  5.22209054  5.51979142  5.92320455  6.54657502  7.49253378
  8.0474046   9.57241052 14.10263096 20.2040768  29.84996445 37.9710832
 41.49348187 38.28253141 35.58426167 34.00189618 31.77127281 31.25314055
 27.14008059 25.32092913 23.72955677 21.87153354 21.47380896 21.75989571
 21.96681678 22.93410761 23.00876985 23.00071107 23.70395828 23.65560559
 23.66532354 23.43778146 22.64873193 22.02038398 21.08438018 20.5783361
 20.31310737 20.27873904 19.82341787 19.9051908  19.55890021 19.01469543
 18.34368334 17.15027258 15.7959232  14.84688315 14.52287272 14.87840721
 15.49182271 15.65276132 16.35245319 17.18416686 17.41407917 17.91111638
 17.649443   17.05925575 16.350557   15.53140555 14.06210002 14.0732401
 13.7968713  13.52547997 13.08580232 12.5423086  12.14600616 11.77435411
 11.16070159 10.72505333 10.05735956  9.80374496  9.6463617   9.70111401
  9.59445366  9.50865134  9.13059967  8.81701825  8.42047879  8.22659398
  7.96231334  7.77435411  7.51220668  7.31974402  7.43185589  7.25764399
  7.2040768   7.08319507  6.86442285  6.83076558  6.65631666  6.52903532
  6.40744252  6.3062337   6.21000237  6.09883859  6.17444892  5.99976298
  5.87674804  5.78573122  5.64114719  5.54728609  5.46693529  5.41289405]","[0.52121356 0.58212847 0.65110216 0.75017777 0.91585684 1.13628822
 1.27328751 1.63948803 2.58923916 3.72339417 5.28087224 6.35814174
 6.90495378 6.65797582 6.28182034 6.13557715 5.86276369 5.82626215
 5.36857075 5.18677412 5.03910879 4.76036976 4.56458877 4.53259066
 4.50959943 4.42593032 4.40270206 4.36311922 4.25835506 4.26380659
 4.09978668 3.97653472 3.80801138 3.608201   3.45295094 3.36477838
 3.38065892 3.38587343 3.31073714 3.29888599 3.22422375 3.17753022
 3.0587817  2.95378052 2.80327092 2.70395828 2.65110216 2.57952121
 2.61128229 2.66176819 2.63853994 2.70988386 2.70893577 2.59303152
 2.5247689  2.45508414 2.28537568 2.14482105 1.94785494 1.96823892
 1.87248163 1.88599194 1.82934345 1.73358616 1.72102394 1.6546575
 1.61009718 1.50509599 1.46480209 1.3567196  1.36146006 1.38682152
 1.36335625 1.35695662 1.29698981 1.23726001 1.22019436 1.16567907
 1.12917753 1.09883859 1.04053093 1.01659161 1.04930078 1.0082958
 0.98838587 1.00260725 0.93576677 0.90566485 0.90163546 0.85114956
 0.84925338 0.8433278  0.84569803 0.84617208 0.84901635 0.88409576
 0.876274   0.87271865 0.87342972 0.86015644 0.8494904  0.83479498]",19
17,"0.0,0.15,0.3,0.44999999999999996,0.6,0.75,0.8999999999999999,1.05,1.2,1.3499999999999999,1.5,1.65,1.7999999999999998,1.95,2.1,2.25,2.4,2.55,2.6999999999999997,2.85,3.0,3.15,3.3,3.4499999999999997,3.5999999999999996,3.75,3.9,4.05,4.2,4.35,4.5,4.6499999999999995,4.8,4.95,5.1,5.25,5.3999999999999995,5.55,5.7,5.85,6.0,6.1499999999999995,6.3,6.45,6.6,6.75,6.8999999999999995,7.05,7.199999999999999,7.35,7.5,7.6499999999999995,7.8,7.949999999999999,8.1,8.25,8.4,8.549999999999999,8.7,8.85,9.0,9.15,9.299999999999999,9.45,9.6,9.75,9.9,10.049999999999999,10.2,10.35,10.5,10.65,10.799999999999999,10.95,11.1,11.25,11.4,11.549999999999999,11.7,11.85,12.0,12.15,12.299999999999999,12.45,12.6,12.75,12.9,13.049999999999999,13.2,13.35,13.5,13.65,13.799999999999999,13.95,14.1,14.25,14.399999999999999,14.549999999999999,14.7,14.85,15.0,15.149999999999999",2007R_GLUT1_647_WGA_594_0002.nd2,2007,M,R,5,False,5.9642182685617735,False,"[13.33455919 13.57916708 13.79485141 14.13835603 14.38852997 15.1813935
 15.40652023 15.92167777 17.48931518 18.98707882 20.69883709 22.35523308
 24.31020773 27.39310208 29.38634331 30.39707783 32.1246397  32.5568035
 37.19988073 39.90726568 42.60630156 49.17085777 53.10764338 56.0535732
 56.68531955 56.32084286 55.99970182 56.0031806  55.19918497 54.46724978
 52.56743862 50.43087168 45.74575092 41.76831329 37.24868303 35.33366465
 34.45065103 34.37560879 33.76543087 33.94761952 33.57946526 33.58841069
 33.69525892 33.801312   34.14481662 34.04810655 33.539509   33.05079018
 32.20475102 31.91074446 30.65898022 28.76980419 28.1120167  25.53583143
 24.26349269 22.57429679 20.94125832 19.65589902 18.37958453 18.43584137
 18.14272935 18.10426399 17.92068383 17.59994036 17.43405228 17.324918
 17.29778352 17.14551237 16.91740384 16.92913229 16.97654309 16.92048504
 16.93569228 16.9557698  16.83878342 16.93907166 16.74336547 16.82457012
 17.223934   17.13020574 17.46228009 17.58910645 17.58453434 17.72010735
 17.71593281 17.92654806 18.16966504 18.40999901 18.84047311 19.55759865
 20.09641189 20.59984097 20.77278601 21.06003379 21.02544479 21.17403837
 21.22462976 21.02594176 20.44806679 20.30006958 19.50541696 19.07235861]","[ 2.02464964  2.02822781  2.09054766  2.12155849  2.12702515  2.17264685
  2.22691581  2.25802604  2.46257827  2.6940662   3.07434649  3.3722294
  3.72617036  4.06520227  4.21121161  4.31875559  4.47072856  4.51843753
  4.85627671  5.1151973   5.35264884  5.73213398  5.74565153  5.91382566
  5.91760262  5.94453832  5.96421827  5.9936388   6.0220654   6.03856475
  6.18636318  6.44627771  7.29251565  8.41139052 10.33873372 12.28098599
 13.211311   13.7239837  14.85677368 14.93340622 16.82526588 18.56962529
 19.96799523 22.32293013 23.92545473 24.46724978 24.30424411 24.19838982
 24.11887486 24.27840175 24.15495478 24.04760958 23.95487526 23.04751019
 22.14571116 20.81920286 19.01212603 17.32273134 14.58065799 14.57022165
 13.55869198 12.92465958 12.03558294 10.59864825  9.80071563  8.98379883
  7.67895835  6.74028427  5.87844151  5.39469238  5.33803797  5.42540503
  5.37083789  5.09849916  4.86611669  4.66216082  4.47500248  4.3422125
  4.14759964  4.05933804  3.92048504  3.85210218  3.88748633  3.89354935
  3.79286353  3.78222841  3.72149886  3.60620217  3.6292615   3.56137561
  3.49865819  3.49647152  3.47212007  3.43832621  3.42649836  3.50432363
  3.45333466  3.45760859  3.43156744  3.41109234  3.45124739  3.49478183]","[ 5.40433357  5.82914223  6.26150482  6.91342809  7.89454329  9.32352649
 10.18904681 12.40980022 19.07454527 27.63105059 40.70619223 50.04174535
 53.72696551 50.93241229 48.85349369 47.92058443 46.41894444 45.96829341
 42.77894841 41.12086274 39.45890071 35.89225723 33.24937879 30.43484743
 29.22453036 27.0284266  26.51764238 26.53145811 25.53752112 25.27233873
 24.77537024 24.60809065 25.07901799 26.13358513 26.96461584 26.71464069
 26.09800219 25.70112315 24.83639797 24.77358115 22.74177517 20.63164695
 18.91442203 16.72448067 15.10148097 14.08547858 13.02494782 12.58264586
 12.38147301 12.37123546 12.42242322 12.58662161 12.7334261  13.34688401
 13.83540404 14.26319451 14.45412981 14.73680549 14.67607594 14.77397873
 14.68392804 14.63283968 14.53921081 14.28993142 14.09790279 13.80697744
 13.33396283 12.8785409  12.27402843 11.91253355 11.77656297 11.89335056
 11.73948912 11.50173939 11.16648444 10.83311798 10.34569128 10.02922175
  9.60679853  9.29370838  8.864427    8.64725176  8.61971971  8.51555511
  8.42868502  8.17582745  7.82317861  7.70569526  7.38216877  7.14690389
  6.94115893  6.7286552   6.60491005  6.46983401  6.47848126  6.32223437
  6.13686512  5.98906669  5.86074943  5.78014114  5.64595965  5.55899016]","[0.57638406 0.66037173 0.74634728 0.87585727 1.08180101 1.36378094
 1.50362787 1.93092138 3.03995627 4.37193122 6.22154855 7.55749925
 8.34529371 8.30066594 7.98648246 7.86651426 7.5456714  7.52032601
 6.79723686 6.43126926 6.06818408 5.32362588 4.82198589 4.43524501
 4.19988073 3.96988371 3.93599046 3.91988868 3.85071066 3.80379684
 3.79226717 3.77209025 3.98389822 4.15555114 4.21150979 4.17552927
 4.09889673 4.09680946 3.93817712 3.95567041 3.73919094 3.52181692
 3.31517742 3.02087268 2.83798827 2.73243216 2.61574396 2.53881324
 2.51187755 2.51744359 2.45224133 2.42987775 2.45194315 2.41158931
 2.39757479 2.38693967 2.34837491 2.32730345 2.24550244 2.26289633
 2.23069277 2.20405526 2.19471226 2.14362389 2.10744459 2.04651625
 1.97107643 1.88410695 1.7885896  1.71583342 1.70917404 1.75678362
 1.72507703 1.6830335  1.64685419 1.56386045 1.50283272 1.43961833
 1.36417851 1.33535434 1.26279694 1.23625882 1.22542491 1.20524799
 1.19491104 1.16638505 1.10317066 1.06719014 1.0457211  0.97544976
 0.93131895 0.91909353 0.90319054 0.86502336 0.8675082  0.84097008
 0.80180897 0.78193023 0.75429878 0.7270649  0.70092436 0.69724679]",20
18,"0.0,0.15,0.3,0.44999999999999996,0.6,0.75,0.8999999999999999,1.05,1.2,1.3499999999999999,1.5,1.65,1.7999999999999998,1.95,2.1,2.25,2.4,2.55,2.6999999999999997,2.85,3.0,3.15,3.3,3.4499999999999997,3.5999999999999996,3.75,3.9,4.05,4.2,4.35,4.5,4.6499999999999995,4.8,4.95,5.1,5.25,5.3999999999999995,5.55,5.7,5.85,6.0,6.1499999999999995,6.3,6.45,6.6,6.75,6.8999999999999995,7.05,7.199999999999999,7.35,7.5,7.6499999999999995,7.8,7.949999999999999,8.1,8.25,8.4,8.549999999999999,8.7,8.85,9.0,9.15,9.299999999999999,9.45,9.6,9.75,9.9,10.049999999999999,10.2,10.35,10.5,10.65,10.799999999999999,10.95,11.1,11.25,11.4,11.549999999999999,11.7,11.85,12.0,12.15,12.299999999999999,12.45,12.6,12.75,12.9,13.049999999999999,13.2,13.35,13.5,13.65,13.799999999999999,13.95,14.1,14.25,14.399999999999999,14.549999999999999,14.7,14.85,15.0,15.149999999999999",2007R_GLUT1_647_WGA_594_0002.nd2,2007,M,R,5,False,3.5787833314094426,False,"[12.86355766 13.06152603 13.26238024 13.51321713 13.64434953 13.97333487
 14.01015814 14.53918966 15.50444419 16.1894263  17.23940898 18.00334757
 19.1646081  20.19762207 21.10550618 21.30105044 22.04455731 22.30959252
 24.14325291 25.21747662 26.46542768 30.02262496 32.9651391  36.0645273
 37.21459079 40.1304398  40.57532033 40.63453769 42.0600254  42.28973797
 43.56042941 44.17141868 44.91723421 44.19161953 42.74027473 41.65012121
 41.09719497 40.53791989 39.99884567 39.93039363 38.47212282 36.26272654
 34.26099504 30.71557197 26.94182154 24.73023202 21.59148101 20.39824541
 19.78771788 19.43818539 19.19265843 18.27704029 18.27046058 17.76659356
 17.43714649 17.24679672 16.87140713 16.68763708 16.63142099 16.77132633
 16.59286621 16.52383701 16.41706106 16.36280734 16.31305552 16.36557774
 16.128362   16.24875909 16.15814383 15.94182154 16.21343645 16.07376198
 16.0669514  15.97414291 15.97541267 16.01489092 16.04247951 15.9682558
 15.94620801 15.9016507  15.96225326 15.88999192 15.80653353 15.78125361
 16.00900381 15.70160452 15.79937666 15.78136904 15.88733695 15.74662357
 15.76913309 15.73069376 15.70241256 15.65554658 15.76474662 15.49070761
 15.66074108 15.73542653 15.65323791 15.68094194 15.69167725 15.57185732]","[1.84832044 1.90176613 1.90430567 1.92669976 1.93293316 1.94828581
 1.96213783 2.01119704 2.18527069 2.36800185 2.71026203 3.05448459
 3.31397899 3.69479395 3.79787602 3.78125361 3.91319404 3.98441648
 4.12143599 4.38150756 4.5814383  5.0293201  5.3181346  5.4817038
 5.56585478 5.49232368 5.37585132 5.39963061 5.07052984 5.00900381
 4.52718458 4.13759668 3.57878333 3.39732194 3.25718573 3.1963523
 3.18446266 3.21828466 3.24148678 3.23929355 3.34641579 3.39986148
 3.51425603 3.7098003  3.85132171 4.01766132 4.06787487 4.03197507
 3.96941014 3.96271499 3.93385663 3.83412213 3.76543922 3.69825695
 3.60233176 3.59771442 3.59182731 3.59575205 3.54322983 3.550733
 3.53538035 3.56850975 3.52210551 3.54184463 3.54138289 3.4827427
 3.51783447 3.49428604 3.53549579 3.57301166 3.55558121 3.55535034
 3.56747085 3.55154104 3.55638924 3.54322983 3.53087845 3.56169918
 3.56262265 3.65993305 3.66997576 3.66755166 3.69456308 3.73565739
 3.7111855  3.79360499 3.86517373 3.94793951 4.07445458 4.31420986
 4.51818077 4.61918504 4.67228443 4.67066836 4.59413598 4.63211359
 4.56146831 4.52441418 4.57335796 4.65843241 4.70091192 4.82165532]","[ 4.91931202  5.21020432  5.54438416  5.97252684  6.6728616   7.71764977
  8.34976336 10.01996999 15.19231213 22.04905922 33.3229828  42.49647928
 45.27727115 39.37285005 35.22278656 33.41729193 31.09511716 30.51910424
 27.55835161 26.75066374 26.17903729 24.89507099 23.47639386 21.40586402
 20.3267921  17.63142099 16.90557544 16.72157451 15.26076417 14.79706799
 13.46358075 12.38069953 11.06914464 10.33902805  9.79960753  9.59378968
  9.62449498  9.59390511  9.69248528  9.69213898 10.06960637 10.76197622
 11.69121551 13.62045481 15.7377352  17.20247028 19.00484821 19.80099273
 20.36326908 20.53387972 20.89507099 21.23398361 21.3202124  21.01581438
 20.22521067 19.21793836 18.12847743 17.02123976 15.3833545  15.37204202
 14.81092    14.39801454 13.9006118  12.96571626 12.55373427 12.02089345
 11.29135403 10.72492208 10.08299665  9.79683712  9.6497749   9.73600369
  9.62865058  9.41729193  9.11554889  8.8340067   8.42479511  8.13413367
  7.81496018  7.61064296  7.30543692  7.2267113   7.23698488  7.13909731
  7.05448459  6.93454923  6.70922313  6.62264804  6.42421794  6.28592866
  6.14567702  6.03670784  5.95047905  5.85813229  5.88329678  5.76751703
  5.60071569  5.56250721  5.46600485  5.40343992  5.35599677  5.25626226]","[0.49324714 0.57647466 0.63776983 0.7405056  0.91146254 1.13932818
 1.26307284 1.62414868 2.61710724 3.75239524 5.26388087 6.45273
 6.82962022 6.34941706 5.89507099 5.66859056 5.33244834 5.29250837
 4.85155258 4.62795798 4.50386702 4.21251299 3.95844396 3.62576475
 3.45653931 3.06164146 2.95013275 2.9354727  2.73092462 2.63442226
 2.41382893 2.25626226 2.07803301 1.98430105 1.95186425 1.95105622
 1.96283043 1.9658317  2.00681057 2.00023087 2.10262034 2.24979799
 2.43079765 2.7457001  2.99838393 3.21066605 3.36349994 3.41348263
 3.32552234 3.35530417 3.2591481  3.18838739 3.165647   2.90823041
 2.77525107 2.54750087 2.38566317 2.24321828 2.0365924  2.02781946
 1.98476278 1.92993189 1.85767055 1.7384278  1.6766709  1.61676094
 1.53272538 1.47408519 1.35253376 1.30035784 1.32182847 1.34006695
 1.31490246 1.28419716 1.24772019 1.1956597  1.1583747  1.07422371
 1.02539536 1.00438647 0.96987187 0.93316403 0.92439109 0.91169341
 0.90395937 0.89899573 0.86932933 0.8388549  0.8098811  0.77201893
 0.75943668 0.75724345 0.73646543 0.71568741 0.71949671 0.69687175
 0.6732079  0.67713263 0.6404248  0.62634191 0.6142214  0.61295163]",21
19,"0.0,0.15,0.3,0.44999999999999996,0.6,0.75,0.8999999999999999,1.05,1.2,1.3499999999999999,1.5,1.65,1.7999999999999998,1.95,2.1,2.25,2.4,2.55,2.6999999999999997,2.85,3.0,3.15,3.3,3.4499999999999997,3.5999999999999996,3.75,3.9,4.05,4.2,4.35,4.5,4.6499999999999995,4.8,4.95,5.1,5.25,5.3999999999999995,5.55,5.7,5.85,6.0,6.1499999999999995,6.3,6.45,6.6,6.75,6.8999999999999995,7.05,7.199999999999999,7.35,7.5,7.6499999999999995,7.8,7.949999999999999,8.1,8.25,8.4,8.549999999999999,8.7,8.85,9.0,9.15,9.299999999999999,9.45,9.6,9.75,9.9,10.049999999999999,10.2,10.35,10.5,10.65,10.799999999999999,10.95,11.1,11.25,11.4,11.549999999999999,11.7,11.85,12.0,12.15,12.299999999999999,12.45,12.6,12.75,12.9,13.049999999999999,13.2,13.35,13.5,13.65,13.799999999999999,13.95,14.1,14.25,14.399999999999999,14.549999999999999,14.7,14.85,15.0,15.149999999999999",2007R_GLUT1_647_WGA_594_0002.nd2,2007,M,R,5,True,55.70365296803653,False,"[12.62420091 12.67237443 12.84246575 13.12762557 13.11598174 13.5196347
 13.47557078 14.02716895 14.84155251 15.88675799 16.51073059 17.03835616
 17.32054795 17.61438356 17.78424658 17.8152968  17.86415525 17.81232877
 17.98972603 18.42945205 18.40639269 18.70593607 19.54703196 20.60251142
 20.78538813 22.67762557 22.94041096 23.01849315 24.62351598 25.01073059
 27.08401826 28.83767123 32.49863014 35.98926941 41.71164384 47.42123288
 49.04931507 50.36506849 53.3847032  53.60251142 58.98378995 63.52648402
 68.5783105  74.50045662 77.61324201 77.82876712 74.45707763 70.23287671
 66.51484018 64.7196347  58.66415525 52.55890411 47.96347032 35.95251142
 31.08607306 26.93333333 24.40022831 22.1826484  20.50776256 20.69543379
 20.10913242 19.44178082 19.18105023 18.70273973 18.40707763 17.9369863
 17.64041096 17.39520548 17.07100457 17.05182648 16.8652968  16.97351598
 16.81415525 16.76369863 16.50182648 16.58926941 16.52305936 16.36141553
 16.26461187 16.28127854 16.34269406 16.18378995 16.06232877 16.14931507
 16.17853881 16.16324201 16.08584475 16.09520548 16.24817352 16.10251142
 16.11598174 15.90639269 16.12625571 15.98812785 16.10844749 15.93789954
 15.84452055 15.80091324 15.69497717 15.75228311 15.71849315 15.77922374]","[ 2.21232877  2.24200913  2.32351598  2.3739726   2.4347032   2.56757991
  2.57739726  2.71073059  2.94520548  3.21278539  3.72465753  4.18150685
  4.77945205  5.55388128  5.96986301  6.19086758  6.48013699  6.61894977
  7.49360731  8.08607306  8.7783105  10.15616438 11.56232877 13.84497717
 14.83949772 17.54977169 18.0716895  18.30388128 19.71210046 20.39086758
 21.5609589  23.02671233 26.17853881 28.79817352 33.14589041 36.79954338
 38.62990868 39.08447489 40.98812785 40.70776256 44.24406393 46.52922374
 48.68972603 52.51780822 54.92146119 55.70365297 55.31506849 54.18561644
 53.45068493 52.58789954 50.95136986 48.98949772 47.71986301 42.25273973
 38.74611872 33.2239726  28.25570776 22.95936073 16.11415525 16.15319635
 13.95502283 12.72694064 11.36461187  9.33333333  8.62557078  8.04406393
  7.3760274   6.91712329  6.40821918  6.11415525  6.07214612  6.12351598
  6.05022831  5.81347032  5.57876712  5.24589041  4.95730594  4.75981735
  4.44954338  4.41232877  4.26187215  4.21164384  4.24634703  4.16004566
  4.09840183  4.08105023  3.95502283  3.92237443  3.88127854  3.78972603
  3.88173516  3.84178082  3.86027397  3.96552511  3.9803653   3.98652968
  4.20365297  4.33401826  4.62671233  4.89315068  4.85342466  4.71050228]","[ 4.80342466  5.106621    5.45502283  5.86369863  6.56210046  7.73858447
  8.3913242  10.12968037 14.68835616 20.02808219 27.57579909 32.36278539
 32.85136986 28.49726027 26.09360731 25.12465753 23.69406393 23.40730594
 21.39018265 20.71712329 20.25205479 19.83515982 19.81689498 19.71164384
 19.74315068 19.506621   19.50068493 19.47031963 19.38630137 19.14520548
 18.77922374 18.34977169 17.40753425 16.5913242  15.93287671 15.18105023
 14.90205479 14.76050228 14.38333333 14.41438356 13.70136986 13.03333333
 12.1630137  11.02876712 10.2130137   9.90182648  9.66278539  9.83515982
 10.08424658 10.33538813 10.92214612 11.61187215 12.11894977 14.06369863
 15.19931507 16.3239726  16.77283105 16.47762557 15.24840183 15.34155251
 14.72625571 14.31210046 13.86255708 12.95068493 12.52990868 12.093379
 11.24360731 10.693379   10.11917808  9.74041096  9.69452055  9.70776256
  9.61689498  9.54269406  9.27534247  9.00479452  8.68242009  8.44840183
  8.14520548  7.96232877  7.64885845  7.50479452  7.50684932  7.43652968
  7.34223744  7.15045662  6.9760274   6.83630137  6.67853881  6.47625571
  6.34954338  6.17328767  6.09794521  6.06506849  6.04109589  5.96780822
  5.86621005  5.70045662  5.58949772  5.50228311  5.40022831  5.35388128]","[0.47465753 0.56050228 0.64429224 0.73789954 0.89246575 1.1239726
 1.23744292 1.56484018 2.37031963 3.193379   4.21552511 4.87579909
 5.16917808 4.97716895 4.86849315 4.73881279 4.63675799 4.6390411
 4.4652968  4.36324201 4.31347032 4.17511416 4.08538813 4.07009132
 4.00776256 3.98219178 3.98173516 3.97214612 4.04908676 4.05114155
 3.99269406 4.01255708 3.856621   3.75776256 3.49977169 3.27785388
 3.16415525 3.11004566 3.04246575 2.95136986 2.77557078 2.57785388
 2.37214612 2.14246575 1.95022831 1.81484018 1.73059361 1.73972603
 1.75296804 1.79497717 1.9109589  2.07123288 2.14497717 2.46712329
 2.60502283 2.74406393 2.75068493 2.64863014 2.40684932 2.35296804
 2.26004566 2.19474886 2.1456621  1.95753425 1.85707763 1.8152968
 1.69771689 1.593379   1.53538813 1.49360731 1.48812785 1.49771689
 1.5086758  1.47374429 1.44771689 1.35456621 1.34634703 1.27100457
 1.22237443 1.18538813 1.12899543 1.08493151 1.07283105 1.06164384
 1.05319635 1.02762557 0.97191781 0.9390411  0.91255708 0.86324201
 0.82488584 0.84520548 0.80958904 0.76278539 0.77077626 0.78538813
 0.7413242  0.73401826 0.67899543 0.68150685 0.64429224 0.65251142]",22
20,"0.0,0.15,0.3,0.44999999999999996,0.6,0.75,0.8999999999999999,1.05,1.2,1.3499999999999999,1.5,1.65,1.7999999999999998,1.95,2.1,2.25,2.4,2.55,2.6999999999999997,2.85,3.0,3.15,3.3,3.4499999999999997,3.5999999999999996,3.75,3.9,4.05,4.2,4.35,4.5,4.6499999999999995,4.8,4.95,5.1,5.25,5.3999999999999995,5.55,5.7,5.85,6.0,6.1499999999999995,6.3,6.45,6.6,6.75,6.8999999999999995,7.05,7.199999999999999,7.35,7.5,7.6499999999999995,7.8,7.949999999999999,8.1,8.25,8.4,8.549999999999999,8.7,8.85,9.0,9.15,9.299999999999999,9.45,9.6,9.75,9.9,10.049999999999999,10.2,10.35,10.5,10.65,10.799999999999999,10.95,11.1,11.25,11.4,11.549999999999999,11.7,11.85,12.0,12.15,12.299999999999999,12.45,12.6,12.75,12.9,13.049999999999999,13.2,13.35,13.5,13.65,13.799999999999999,13.95,14.1,14.25,14.399999999999999,14.549999999999999,14.7,14.85,15.0,15.149999999999999",2007R_GLUT1_647_WGA_594_0002.nd2,2007,M,R,5,False,3.1757251478456774,False,"[13.34609969 13.32638693 13.48577865 13.81582653 14.22585187 14.57871022
 14.84286117 15.42945649 16.54210082 17.66826246 19.02844269 19.8490566
 21.04533934 22.56322163 23.41002534 23.41650239 24.28414531 24.50183047
 26.49901436 27.92114897 29.80287243 34.66460152 39.93635596 47.47901999
 50.39819769 57.70121093 59.66431991 60.7707688  64.04871867 65.11405238
 69.12588003 72.61165869 77.07913264 79.26330611 79.48634188 78.4764855
 77.5623768  77.26274289 76.41087018 76.09969023 73.87186708 72.48268093
 70.72571107 68.83244157 65.93466629 61.88707406 50.7890735  44.18896086
 39.13094903 37.06814982 32.34863419 28.69895804 26.94818361 23.24809913
 22.2030414  20.8879189  19.95466066 19.312588   18.59926781 18.68206139
 18.37426077 18.08476485 18.25711067 17.85891298 17.9087581  17.5964517
 17.53055477 17.57364123 17.29034075 17.22641509 17.052098   16.98254013
 17.20613912 17.24359335 17.20613912 16.91354548 16.87327513 16.687412
 16.80850465 16.8594762  16.66629119 16.60095748 16.50239369 16.58406083
 16.6536187  16.48943959 16.32328921 16.44776119 16.47592228 16.44072092
 16.41340467 16.53168122 16.45001408 16.37059983 16.41537595 16.20191495
 16.25739228 16.23514503 16.18811602 16.21458744 16.15939172 16.156294  ]","[1.89242467 1.87299352 1.93156857 1.92593636 1.9504365  1.97352858
 1.99718389 2.         2.18642636 2.34215714 2.67389468 2.88960856
 3.1120811  3.34750774 3.38130104 3.39481836 3.46437623 3.51168685
 3.4584624  3.54660659 3.64122782 3.76682625 3.93438468 4.33117432
 4.47085328 4.72007885 4.8828499  4.7656998  4.71669952 4.5756125
 4.34609969 4.14953534 3.92847085 3.62264151 3.32441566 3.17572515
 3.19628274 3.12897775 3.10842016 3.07603492 2.96451704 2.93860884
 2.8724303  2.89524078 2.93072374 3.00647705 3.12841453 3.35877218
 3.35764573 3.49563503 3.54266404 3.578147   3.69304421 3.69332582
 3.69923965 3.61222191 3.56209518 3.55223881 3.62799211 3.55280203
 3.62883695 3.53421571 3.54604337 3.5235145  3.54294565 3.473951
 3.59701493 3.57251478 3.55308364 3.60377358 3.57702056 3.57871022
 3.65868769 3.60067587 3.70233737 3.64967615 3.64911293 3.70149254
 3.76457336 3.78344128 3.74232611 3.7473951  3.66431991 3.81582653
 3.68149817 3.75218248 3.84398761 3.75246409 3.81329203 3.70937764
 3.72373979 3.78935511 3.73021684 3.85637848 3.87440158 3.86651647
 4.02816108 4.13066742 4.55280203 4.70627992 5.07828781 4.93579273]","[ 4.7994931   5.12193748  5.44184737  5.88482118  6.53365249  7.64629682
  8.24303013  9.97352858 14.98254013 21.58518727 31.11912137 37.23232892
 38.05012672 32.32948465 29.28611659 27.89862011 26.36496761 25.73246973
 22.7265559  21.85468882 21.05125317 20.46747395 20.45874402 20.78935511
 20.61616446 20.21233455 20.09264996 19.99324134 19.16474233 18.97831597
 18.10701211 16.90228105 14.98817235 13.56012391 11.85975781 10.7786539
 10.46747395 10.28977753  9.85243593  9.89214306  9.4139679   9.14671923
  9.18332864  9.29822585 10.15404112 10.98366657 13.14869051 14.61503802
 15.61588285 16.30836384 17.39932413 18.19600113 18.34215714 18.11377077
 17.75161926 16.99831034 16.33708814 15.65249226 14.33173754 14.36637567
 13.89270628 13.49760631 13.16784005 12.42889327 12.0442129  11.57533089
 10.95494227 10.46719234  9.99324134  9.71923402  9.62095184  9.63953816
  9.58941143  9.4376232   9.11095466  8.94733878  8.58631371  8.34159392
  8.10842016  7.95212616  7.67924528  7.51534779  7.48268093  7.42100817
  7.33483526  7.1954379   6.97549986  6.91044776  6.72007885  6.57871022
  6.40580118  6.31202478  6.25063362  6.14362152  6.14446635  6.07575331
  5.91072937  5.8228668   5.73134328  5.72599268  5.64883132  5.57195156]","[0.51281329 0.55899747 0.64432554 0.73387778 0.91298226 1.13404675
 1.23148409 1.59926781 2.52069839 3.52970994 4.92621797 5.77499296
 6.03942551 5.4947902  5.13714447 5.0467474  4.79048155 4.78513095
 4.46747395 4.21993805 4.14165024 4.05181639 3.92734441 3.90678682
 3.85102788 3.71134892 3.61813574 3.62320473 3.51337651 3.45114052
 3.23570825 3.03745424 2.71303858 2.4193185  2.11855815 1.91213743
 1.8620107  1.86341876 1.79555055 1.78034357 1.71219375 1.72514785
 1.79048155 1.8099127  1.88425796 2.0129541  2.24077725 2.45142213
 2.60490003 2.70599831 2.82483807 2.8411715  2.90059138 2.79442411
 2.73669389 2.63221628 2.50014081 2.39509997 2.21317939 2.19769079
 2.08814418 2.08251197 2.04618417 1.95437905 1.87806252 1.83469445
 1.82793579 1.82990707 1.8149817  1.79611377 1.8124472  1.83666573
 1.80906787 1.80174599 1.77752746 1.67952689 1.62799211 1.52520417
 1.43621515 1.30442129 1.22613348 1.1822022  1.17262743 1.17741481
 1.14165024 1.10081667 1.05604055 0.96986764 0.98789074 0.95353422
 0.88904534 0.88960856 0.89946494 0.85806815 0.85891298 0.86088426
 0.78259645 0.78090679 0.71698113 0.73782033 0.71303858 0.71444663]",23
21,"0.0,0.15,0.3,0.44999999999999996,0.6,0.75,0.8999999999999999,1.05,1.2,1.3499999999999999,1.5,1.65,1.7999999999999998,1.95,2.1,2.25,2.4,2.55,2.6999999999999997,2.85,3.0,3.15,3.3,3.4499999999999997,3.5999999999999996,3.75,3.9,4.05,4.2,4.35,4.5,4.6499999999999995,4.8,4.95,5.1,5.25,5.3999999999999995,5.55,5.7,5.85,6.0,6.1499999999999995,6.3,6.45,6.6,6.75,6.8999999999999995,7.05,7.199999999999999,7.35,7.5,7.6499999999999995,7.8,7.949999999999999,8.1,8.25,8.4,8.549999999999999,8.7,8.85,9.0,9.15,9.299999999999999,9.45,9.6,9.75,9.9,10.049999999999999,10.2,10.35,10.5,10.65,10.799999999999999,10.95,11.1,11.25,11.4,11.549999999999999,11.7,11.85,12.0,12.15,12.299999999999999,12.45,12.6,12.75,12.9,13.049999999999999,13.2,13.35,13.5,13.65,13.799999999999999,13.95,14.1,14.25,14.399999999999999,14.549999999999999,14.7,14.85,15.0,15.149999999999999",2007R_GLUT1_647_WGA_594_0002.nd2,2007,M,R,5,False,3.1619217081850532,False,"[12.98576512 13.0636121  13.40258007 13.35053381 13.69661922 13.79448399
 14.20062278 14.2522242  15.00177936 15.6975089  16.53870107 17.27001779
 18.1819395  18.87233096 19.16325623 19.46708185 19.41503559 19.57562278
 19.8180605  20.28247331 20.27624555 20.38256228 21.41770463 21.93371886
 22.68950178 24.33229537 24.9475089  24.96263345 26.51423488 27.29270463
 29.76912811 32.83674377 39.53603203 44.02268683 47.80960854 51.32606762
 52.31450178 52.91281139 54.29048043 54.04537367 55.9341637  59.01823843
 60.82161922 62.19039146 63.57918149 62.43104982 58.57428826 55.1161032
 52.24021352 50.05293594 46.73709964 42.11788256 40.01690391 32.17482206
 29.31717082 25.07428826 23.14412811 21.07339858 19.32339858 19.63879004
 18.70507117 18.48843416 18.3180605  17.63567616 17.79448399 17.41948399
 17.33763345 16.93594306 16.81272242 16.69439502 16.51245552 16.761121
 16.48798932 16.45862989 16.72731317 16.07606762 16.08985765 16.18016014
 16.11521352 15.88478648 16.09074733 15.88211744 15.91281139 15.93282918
 15.9297153  15.89457295 15.91770463 15.8047153  15.68060498 15.88434164
 15.636121   15.64368327 15.59608541 15.45462633 15.68149466 15.46886121
 15.4274911  15.75       15.53914591 15.55338078 15.4430605  15.30204626]","[ 2.00934164  2.07562278  2.13745552  2.15969751  2.23932384  2.28870107
  2.38656584  2.45284698  2.78647687  3.11298932  3.55782918  4.22419929
  5.21797153  6.73265125  7.47019573  8.06405694  8.92259786  9.21396797
 12.4230427  13.73620996 15.80382562 18.78158363 19.89412811 20.76379004
 21.17393238 20.05738434 20.15702847 19.77357651 18.9252669  18.48532028
 17.2477758  16.04359431 12.56316726  9.66147687  6.77446619  5.5044484
  5.16459075  5.0524911   4.53336299  4.61699288  4.16637011  3.79181495
  3.6405694   3.35097865  3.16192171  3.1841637   3.08229537  3.10409253
  3.05382562  3.04403915  3.1797153   3.16637011  3.26734875  3.39546263
  3.45640569  3.47864769  3.55827402  3.58096085  3.59030249  3.5613879
  3.52446619  3.42615658  3.56672598  3.51067616  3.6094306   3.56850534
  3.69039146  3.82295374  3.66548043  3.79893238  3.76290036  3.71396797
  3.71040925  3.66325623  3.67081851  3.67126335  3.64012456  3.59386121
  3.60898577  3.5747331   3.56405694  3.52846975  3.52179715  3.64323843
  3.55204626  3.53336299  3.55782918  3.61565836  3.77135231  3.75756228
  3.91548043  4.00756228  4.0022242   4.01290036  4.113879    4.19172598
  4.33985765  4.4297153   4.64590747  4.79537367  5.49822064  5.94572954]","[ 4.90169039  5.27135231  5.61432384  6.10142349  6.83051601  8.02624555
  8.66903915 10.59297153 16.27491103 24.07428826 35.96485765 45.71396797
 47.77891459 39.1997331  34.69439502 32.68683274 30.8180605  29.86432384
 26.3180605  25.03247331 24.26067616 22.93594306 22.48532028 22.1294484
 22.06761566 22.0133452  21.98131673 21.90613879 21.7588968  21.55115658
 21.26423488 20.92348754 19.46174377 17.26957295 14.10898577 12.0524911
 11.136121   10.90035587 10.22686833 10.32161922  9.51868327  8.88078292
  8.48131673  8.09653025  8.05604982  8.45640569  9.29314947 10.03425267
 10.77179715 11.15435943 12.41948399 13.90124555 14.83718861 17.51512456
 18.58585409 19.14546263 18.80071174 17.79092527 15.78291815 15.73754448
 15.22553381 14.5636121  13.98131673 12.94661922 12.46574733 12.00266904
 11.37188612 10.75800712 10.30871886  9.93994662  9.88523132 10.02624555
  9.85898577  9.70106762  9.43950178  9.23709964  8.77224199  8.48354093
  8.15524911  7.8594306   7.56717082  7.38879004  7.38033808  7.23487544
  7.1405694   6.95640569  6.79537367  6.62455516  6.48576512  6.28291815
  6.18104982  6.02402135  5.97286477  5.85631673  5.86521352  5.77669039
  5.625       5.64635231  5.49644128  5.46129893  5.39012456  5.32428826]","[0.50088968 0.59608541 0.64234875 0.75622776 0.96574733 1.20284698
 1.29893238 1.64368327 2.62455516 3.72998221 5.27624555 6.33451957
 6.95106762 6.38345196 6.04982206 5.89279359 5.64323843 5.46930605
 4.81183274 4.62855872 4.42704626 4.0591637  3.90524911 3.77980427
 3.68060498 3.69128114 3.75044484 3.73754448 3.79003559 3.72108541
 3.73932384 3.78291815 3.636121   3.34475089 3.0133452  2.70062278
 2.47553381 2.41592527 2.29225979 2.26467972 2.01423488 1.96040925
 1.78158363 1.68594306 1.60720641 1.65391459 1.6774911  1.73354093
 1.8091637  1.84252669 1.92215302 2.09163701 2.12411032 2.33674377
 2.39501779 2.48532028 2.37322064 2.30960854 2.05827402 2.05071174
 1.91725979 1.89991103 1.79715302 1.7433274  1.66948399 1.64946619
 1.52758007 1.4430605  1.37855872 1.34741993 1.31939502 1.363879
 1.33451957 1.30871886 1.29359431 1.1886121  1.17037367 1.10765125
 1.03647687 1.01023132 0.93683274 0.89412811 0.90480427 0.87322064
 0.90836299 0.87855872 0.85097865 0.79137011 0.80738434 0.75578292
 0.74644128 0.72820285 0.73620996 0.6952847  0.6819395  0.68772242
 0.65702847 0.67170819 0.66281139 0.64457295 0.60409253 0.60275801]",24
22,"0.0,0.15,0.3,0.44999999999999996,0.6,0.75,0.8999999999999999,1.05,1.2,1.3499999999999999,1.5,1.65,1.7999999999999998,1.95,2.1,2.25,2.4,2.55,2.6999999999999997,2.85,3.0,3.15,3.3,3.4499999999999997,3.5999999999999996,3.75,3.9,4.05,4.2,4.35,4.5,4.6499999999999995,4.8,4.95,5.1,5.25,5.3999999999999995,5.55,5.7,5.85,6.0,6.1499999999999995,6.3,6.45,6.6,6.75,6.8999999999999995,7.05,7.199999999999999,7.35,7.5,7.6499999999999995,7.8,7.949999999999999,8.1,8.25,8.4,8.549999999999999,8.7,8.85,9.0,9.15,9.299999999999999,9.45,9.6,9.75,9.9,10.049999999999999,10.2,10.35,10.5,10.65,10.799999999999999,10.95,11.1,11.25,11.4,11.549999999999999,11.7,11.85,12.0,12.15,12.299999999999999,12.45,12.6,12.75,12.9,13.049999999999999,13.2,13.35,13.5,13.65,13.799999999999999,13.95,14.1,14.25,14.399999999999999,14.549999999999999,14.7,14.85,15.0,15.149999999999999",2007R_GLUT1_647_WGA_594_0002.nd2,2007,M,R,5,False,3.201110425663171,False,"[13.0454452  13.07443965 13.11412708 13.41599835 13.62410035 13.74645281
 14.13407362 14.49784084 15.65535678 16.18280897 17.28912194 17.8176023
 18.90232367 19.58996504 19.89019124 20.03331277 20.43203784 20.48529714
 21.2218795  21.5035986  22.1237919  23.95188155 25.4838577  28.23997532
 29.9940366  34.16862019 35.69052025 36.13222291 39.17417232 40.05901707
 44.254781   48.88731236 55.54637055 60.50750565 65.42977586 67.76125848
 69.02673247 69.03207896 69.92514908 69.82685585 70.48077319 70.11268764
 69.45321818 65.53382686 61.2679416  57.11412708 51.26526835 48.23894715
 46.02282542 44.40119268 41.09006786 38.09829323 35.69154843 29.02590993
 26.14661731 23.14065392 21.5885256  20.42072795 19.28295291 19.21427103
 18.96236891 18.63253136 18.48570841 18.20152169 17.95496607 17.96977175
 17.85091507 17.57680444 17.44704915 17.36397286 17.32202344 17.2021386
 17.0908904  17.14538351 17.10795805 16.97244499 16.87415176 16.80937693
 16.63582151 16.74172322 16.52046062 16.49249435 16.59901295 16.56960724
 16.53896772 16.46370553 16.63150319 16.42175612 16.44190829 16.46864076
 16.40139831 16.44005758 16.2541641  16.26567962 16.34834464 16.20398931
 16.21571047 16.25848242 16.25025704 16.19041744 16.25313592 16.06765371]","[ 1.89677154  1.91918569  1.95311536  1.97902529  2.0269381   2.06415793
  2.10034958  2.12111865  2.34916718  2.5747481   2.99465351  3.32264035
  3.75940777  4.50483241  4.80156282  5.01727329  5.18692165  5.32839811
  6.21262595  6.89759408  7.40695044  8.78264446  9.77976558 10.92741106
 11.16409624 11.08986222 10.81739667 10.51388032  9.42422373  9.26115567
  7.84042772  6.44129138  4.99485914  4.30392762  3.81554596  3.54390294
  3.41784906  3.36315032  3.32222908  3.3068065   3.20111043  3.13263418
  3.02940572  3.01357187  2.99568168  2.98067037  3.01151553  3.07731853
  3.04338885  3.10569607  3.15360888  3.11618343  3.17663993  3.339708
  3.34772774  3.41353074  3.47933374  3.4641168   3.49619576  3.53835081
  3.54225787  3.47912811  3.52004935  3.56837343  3.5299198   3.47851121
  3.55953115  3.50462677  3.57248612  3.55747481  3.57680444  3.54040716
  3.58153403  3.54801563  3.5622044   3.45527452  3.59428336  3.55911988
  3.58379601  3.59490027  3.55439029  3.55459593  3.57310302  3.53053671
  3.56796216  3.57104668  3.63170882  3.55418466  3.61381863  3.69463294
  3.71684146  3.81986428  3.89553773  4.12584824  4.07875797  4.3008431
  4.63746658  4.85173761  4.86942217  4.74871479  4.51819864  4.36376722]","[ 4.87805881  5.17232161  5.51449722  5.93028994  6.63664405  7.7847008
  8.39214477 10.33641785 15.75159367 23.12543697 33.93769278 41.77606416
 42.9156899  36.32099527 32.97100555 31.44684351 29.59942422 28.87332922
 25.5029817  24.2607444  23.32922065 21.94057166 21.12399753 20.23277812
 19.80917129 18.79827267 18.54637055 18.39091096 17.89389266 17.70285832
 16.98704503 16.05983961 14.30845157 12.82767839 11.0586058  10.11371581
  9.90561382  9.71745836  9.46514497  9.55007197  9.33826856  9.26753033
  9.27945713  9.37446021  9.62245527  9.81575159 10.39605182 10.92083076
 11.40057578 11.68106107 12.46843512 13.29775859 13.81616286 15.28336418
 15.575365   15.70409212 15.52745219 14.95743368 14.02878881 14.06354102
 13.79272054 13.55377339 13.09376928 12.31235863 11.99856056 11.58770306
 11.04791281 10.61258482 10.0520255   9.77421345  9.71149496  9.76825005
  9.64219618  9.54143533  9.27945713  8.91610117  8.49352252  8.29858112
  7.99629858  7.79950648  7.50092535  7.35698129  7.35698129  7.26629652
  7.23174995  7.04380012  6.83343615  6.79498252  6.62183837  6.52436767
  6.30660086  6.26609089  6.15998355  6.02796628  6.09130167  5.97738022
  5.85975735  5.7906642   5.6859963   5.55932552  5.51161834  5.44560971]","[0.5023648  0.60374255 0.66070327 0.7703064  0.93974913 1.22146823
 1.35677565 1.77297964 2.9156899  4.19267942 5.9222702  7.01336623
 7.27842895 6.61813695 6.08019741 5.92062513 5.67715402 5.55850298
 4.99979437 4.8558503  4.66790047 4.32551923 4.10014394 3.88402221
 3.80423607 3.63499897 3.5556241  3.54061279 3.42319556 3.3600658
 3.20748509 3.01501131 2.71046679 2.42730825 2.10795805 1.95702241
 1.96278018 1.91301666 1.8505038  1.80485297 1.76783878 1.69607238
 1.66954555 1.68147234 1.67633148 1.70203578 1.80361917 1.8498869
 1.8827884  1.9599013  1.99568168 2.10487353 2.16060045 2.28274728
 2.32078964 2.3140037  2.22578655 2.12543697 1.9874563  1.99897183
 1.9407773  1.91754061 1.88422784 1.76352046 1.7182809  1.65350607
 1.59346083 1.5029817  1.42977586 1.35307423 1.3403249  1.38741518
 1.34402632 1.34361505 1.29570224 1.25251902 1.21571047 1.17931318
 1.13469052 1.11865104 1.11515525 1.10549044 1.09788197 1.11988484
 1.11741723 1.13016656 1.09438618 1.10199465 1.08287066 1.06189595
 1.04318322 1.02015217 1.05079169 1.02488176 1.01953527 1.03701419
 0.96853794 0.92864487 0.8295291  0.78799095 0.75323874 0.73987251]",25
23,"0.0,0.15,0.3,0.44999999999999996,0.6,0.75,0.8999999999999999,1.05,1.2,1.3499999999999999,1.5,1.65,1.7999999999999998,1.95,2.1,2.25,2.4,2.55,2.6999999999999997,2.85,3.0,3.15,3.3,3.4499999999999997,3.5999999999999996,3.75,3.9,4.05,4.2,4.35,4.5,4.6499999999999995,4.8,4.95,5.1,5.25,5.3999999999999995,5.55,5.7,5.85,6.0,6.1499999999999995,6.3,6.45,6.6,6.75,6.8999999999999995,7.05,7.199999999999999,7.35,7.5,7.6499999999999995,7.8,7.949999999999999,8.1,8.25,8.4,8.549999999999999,8.7,8.85,9.0,9.15,9.299999999999999,9.45,9.6,9.75,9.9,10.049999999999999,10.2,10.35,10.5,10.65,10.799999999999999,10.95,11.1,11.25,11.4,11.549999999999999,11.7,11.85,12.0,12.15,12.299999999999999,12.45,12.6,12.75,12.9,13.049999999999999,13.2,13.35,13.5,13.65,13.799999999999999,13.95,14.1,14.25,14.399999999999999,14.549999999999999,14.7,14.85,15.0,15.149999999999999",2007R_GLUT1_647_WGA_594_0002.nd2,2007,M,R,5,False,2.8038730015762217,False,"[13.1130376  13.20535915 13.30893943 13.77640171 13.91578473 14.35104706
 14.30984013 15.00630489 16.3683855  17.37446521 18.75928845 19.40914209
 20.44179239 21.37446521 21.88358478 22.17878856 22.38797568 23.15334384
 24.71425355 26.06755235 27.18058996 31.83134429 35.35397433 39.91938753
 41.75546048 45.13578023 46.19815357 46.69286197 48.473542   49.41702319
 51.84733168 55.09389777 59.47421752 63.83179464 68.06957892 71.20423328
 71.07047962 71.51745102 71.70547174 71.67890115 71.1952263  69.96532313
 67.60819635 63.22697591 56.90159874 52.51407341 45.30398559 41.1396082
 37.92681828 35.95744202 31.79103805 27.87930646 26.38122045 22.32537717
 20.97297906 20.00540419 19.12497185 18.74037379 18.05516776 18.08916911
 17.84800721 17.7129025  17.78833596 17.31659536 17.22157172 17.263229
 16.99549651 16.7234857  16.82819185 16.79756812 16.84620581 16.61585229
 16.59513623 16.82256249 16.57622157 16.57532087 16.54492231 16.51024544
 16.67214591 16.49786084 16.64917811 16.55257825 16.55460482 16.51114614
 16.63026345 16.57306913 16.52420626 16.86331907 16.89732042 17.1846431
 17.07250619 17.19927944 17.28281918 17.263229   17.22044585 17.20288223
 17.02904751 17.00495384 16.67619905 16.74149966 16.43210989 16.31569466]","[1.88493583 1.89124071 1.91691061 1.9434812  1.94010358 1.98626435
 2.00450349 2.00022517 2.19500113 2.38369737 2.7014186  2.98716505
 3.32267507 3.67102004 3.92704346 3.94775951 3.96149516 4.01733844
 4.12925017 4.10695789 4.10605719 4.0441342  4.0009007  3.88065751
 3.86894844 3.7491556  3.72483675 3.71335285 3.58297681 3.50866922
 3.31321774 3.21098852 3.11776627 2.9761315  2.9407791  2.85408692
 2.82053592 2.82436388 2.82841702 2.803873   2.78495834 2.75230804
 2.76154019 2.76086467 2.80049538 2.87863094 2.96960144 3.00112587
 2.9867147  2.99076785 3.16865571 3.07160549 3.17721234 3.19139833
 3.27809052 3.26548075 3.25534789 3.2429633  3.36680928 3.31569466
 3.26683179 3.22630038 3.21977032 3.24251295 3.23598289 3.29565413
 3.29227651 3.23845981 3.30015762 3.32852961 3.32965548 3.24724161
 3.33415897 3.31997298 3.28822337 3.29452826 3.32132403 3.26345418
 3.32222472 3.28371988 3.26345418 3.24656609 3.28281918 3.34924567
 3.27628912 3.25512272 3.30308489 3.27516325 3.33596037 3.30984013
 3.30511146 3.24431434 3.29362756 3.32267507 3.32402612 3.37761765
 3.45958118 3.51159649 3.50416573 3.43751407 3.49943706 3.52195451]","[ 4.96780005  5.32357577  5.66854312  6.1607746   6.91848683  8.16280117
  8.74938077 10.65210538 16.25624859 23.23891016 32.89709525 39.21053817
 39.08961946 33.44021617 31.03107408 29.63859491 28.64084666 27.90362531
 25.42422878 24.44359379 23.58185093 22.24228777 21.47196577 20.46768746
 19.97725737 18.8277415  18.57104256 18.36725963 17.64354875 17.42175186
 16.33956316 15.33145688 14.18847107 13.16820536 11.95001126 11.10403062
 10.83472191 10.60526908 10.24251295 10.28642198  9.83021842  9.54019365
  9.45215042  9.63994596 10.14771448 10.91758613 12.49425805 13.65390678
 14.47511822 15.07340689 16.17541094 17.27516325 17.77077235 18.62823688
 18.62756136 18.16235082 17.78248142 17.00990768 15.78878631 15.90204909
 15.37266381 15.12947534 14.59941455 13.72213465 13.11101103 12.57577122
 11.88921414 11.35622608 10.71898221 10.35555055 10.32042333 10.34316595
 10.20288223 10.02702094  9.82819185  9.54109435  9.10267958  8.87998199
  8.44517001  8.19274938  7.92794416  7.74532763  7.76108984  7.63026345
  7.57982436  7.45530286  7.22089619  7.06665166  6.83404639  6.68700743
  6.44742175  6.37288899  6.24701644  6.15221797  6.14050889  6.06597613
  5.89596938  5.81941004  5.74059896  5.60932222  5.53704121  5.44269309]","[0.48930421 0.58432785 0.66651655 0.75028147 0.93672596 1.16617879
 1.28349471 1.64782707 2.56090971 3.63319072 4.95969376 5.90249944
 6.17113263 5.95856789 5.76446746 5.67102004 5.56136005 5.50664265
 5.31772123 5.20018014 5.1024544  4.88380995 4.72168431 4.58680477
 4.44179239 4.23012835 4.11078586 4.16437739 4.0009007  3.91398334
 3.71920739 3.54604819 3.28236884 3.07160549 2.74893042 2.59198379
 2.52150417 2.43593785 2.36410718 2.37739248 2.22179689 2.13420401
 2.12857465 2.13938302 2.17203333 2.2535465  2.43481198 2.53906778
 2.6325152  2.72753884 2.79216393 2.89146589 2.96870074 2.91398334
 2.83719883 2.71718082 2.58207611 2.45417699 2.22607521 2.24679126
 2.19094798 2.13623058 2.07768521 1.96217068 1.89687007 1.82188696
 1.71830669 1.64197253 1.50889439 1.50101329 1.45732943 1.53546499
 1.47016438 1.43683855 1.41612249 1.33753659 1.30308489 1.27223598
 1.19477595 1.17068228 1.12767395 1.10290475 1.11506417 1.1139383
 1.09862644 1.0556181  1.00878181 0.97815807 0.94145463 0.88020716
 0.88223373 0.84665616 0.83111912 0.83089394 0.80905202 0.81017789
 0.78630939 0.77505066 0.72843954 0.71537942 0.67957667 0.67102004]",26
24,"0.0,0.15,0.3,0.44999999999999996,0.6,0.75,0.8999999999999999,1.05,1.2,1.3499999999999999,1.5,1.65,1.7999999999999998,1.95,2.1,2.25,2.4,2.55,2.6999999999999997,2.85,3.0,3.15,3.3,3.4499999999999997,3.5999999999999996,3.75,3.9,4.05,4.2,4.35,4.5,4.6499999999999995,4.8,4.95,5.1,5.25,5.3999999999999995,5.55,5.7,5.85,6.0,6.1499999999999995,6.3,6.45,6.6,6.75,6.8999999999999995,7.05,7.199999999999999,7.35,7.5,7.6499999999999995,7.8,7.949999999999999,8.1,8.25,8.4,8.549999999999999,8.7,8.85,9.0,9.15,9.299999999999999,9.45,9.6,9.75,9.9,10.049999999999999,10.2,10.35,10.5,10.65,10.799999999999999,10.95,11.1,11.25,11.4,11.549999999999999,11.7,11.85,12.0,12.15,12.299999999999999,12.45,12.6,12.75,12.9,13.049999999999999,13.2,13.35,13.5,13.65,13.799999999999999,13.95,14.1,14.25,14.399999999999999,14.549999999999999,14.7,14.85,15.0,15.149999999999999",2007R_GLUT1_647_WGA_594_0002.nd2,2007,M,R,5,False,3.1969135802469135,False,"[12.77592593 12.88271605 13.04259259 12.9345679  13.45493827 13.96049383
 14.05308642 14.20864198 15.30493827 16.19567901 17.05555556 17.6882716
 18.28024691 18.6345679  18.81419753 19.21728395 19.27962963 19.22962963
 19.9617284  20.00864198 20.61604938 21.6962963  22.62592593 23.82716049
 25.10864198 27.89074074 29.03703704 29.44814815 31.99012346 33.82222222
 37.87098765 42.37098765 52.91419753 59.30987654 68.09197531 73.10555556
 74.14938272 75.04753086 76.10617284 76.86975309 77.77901235 76.56296296
 73.61975309 69.52407407 63.9308642  59.54320988 51.65679012 46.73271605
 43.3537037  41.45246914 36.46296296 31.73024691 29.6691358  24.21604938
 22.50123457 21.00493827 20.05061728 19.28024691 18.59691358 18.10061728
 18.4617284  18.25432099 18.34135802 17.92962963 17.69320988 17.76111111
 17.14444444 17.00987654 17.07777778 17.34567901 16.80802469 17.05
 17.17283951 16.90432099 16.81296296 16.70617284 16.83703704 16.62962963
 16.42469136 16.91049383 16.65432099 16.40185185 16.62469136 16.44876543
 16.60987654 16.43888889 16.53765432 16.27962963 16.24444444 15.95246914
 15.93580247 16.22654321 16.37407407 16.17654321 16.01111111 16.12654321
 16.2808642  15.84753086 15.96604938 15.97098765 16.13209877 15.93271605]","[ 2.00925926  2.0308642   2.09753086  2.16049383  2.20679012  2.2808642
  2.32901235  2.38333333  2.80802469  3.07777778  3.72283951  4.34012346
  5.33024691  7.17037037  7.97283951  8.17901235  9.06419753  9.23333333
 11.28395062 12.06111111 12.35864198 13.38209877 13.14074074 12.50555556
 12.30061728 12.37283951 12.30061728 12.29814815 11.9654321  11.9654321
 10.85432099  9.43271605  7.17592593  5.55432099  4.34444444  3.8882716
  3.69876543  3.47962963  3.4691358   3.45185185  3.19691358  3.10740741
  2.97901235  2.92407407  2.9962963   3.12345679  3.35        3.70925926
  3.73765432  3.69320988  3.73148148  3.7308642   3.65740741  3.64814815
  3.70432099  3.69506173  3.71666667  3.47407407  3.40987654  3.47654321
  3.36975309  3.41666667  3.42345679  3.39259259  3.42098765  3.3617284
  3.52037037  3.52283951  3.57098765  3.59382716  3.6308642   3.62037037
  3.61296296  3.5117284   3.53703704  3.68395062  3.81111111  3.92160494
  4.05740741  4.14567901  4.25123457  4.14876543  4.15246914  4.15
  4.15987654  4.01049383  4.02839506  4.02592593  4.02160494  4.25493827
  4.33209877  4.2617284   4.21049383  4.16604938  4.10061728  4.04135802
  3.99444444  4.24814815  4.23148148  4.19814815  4.22777778  4.0691358 ]","[ 4.74876543  5.14382716  5.45617284  6.05        6.75432099  7.97592593
  8.61358025 10.45246914 15.64753086 21.33518519 28.36049383 33.55308642
 34.65       31.0308642  28.70740741 27.22345679 26.30061728 25.65925926
 22.67777778 21.58024691 20.92777778 19.35740741 18.5882716  17.93024691
 17.64753086 17.20802469 17.07716049 16.81049383 16.72407407 16.45679012
 15.8617284  14.94444444 13.48518519 12.17962963 10.77469136  9.72407407
  9.3308642   9.11111111  8.77469136  8.6345679   8.05246914  7.65925926
  7.55802469  7.53333333  7.75493827  8.42098765 10.46296296 12.0617284
 12.96975309 13.7882716  14.57098765 15.2382716  15.37469136 16.80864198
 17.24259259 17.47283951 17.17839506 16.34259259 14.68333333 14.67037037
 13.99814815 13.65987654 13.26851852 12.35802469 12.08148148 11.60987654
 11.07901235 10.52345679  9.91358025  9.73271605  9.51604938  9.53395062
  9.4882716   9.20308642  9.05617284  8.6117284   8.28271605  8.10246914
  7.79382716  7.62098765  7.3382716   7.19814815  7.26851852  7.16296296
  7.1191358   6.99506173  6.83518519  6.77530864  6.57777778  6.46296296
  6.35555556  6.2308642   6.09012346  6.09691358  6.00432099  5.97530864
  5.75185185  5.69444444  5.55740741  5.41666667  5.34506173  5.26234568]","[0.50432099 0.59506173 0.67283951 0.77716049 1.00864198 1.30061728
 1.39074074 1.79567901 2.77222222 3.71481481 4.8462963  5.61111111
 5.97283951 5.71604938 5.38765432 5.29938272 5.1154321  5.08395062
 4.69382716 4.46049383 4.32283951 4.03765432 3.87345679 3.73765432
 3.72592593 3.53271605 3.56666667 3.51790123 3.5382716  3.51728395
 3.32222222 3.24012346 2.94691358 2.64197531 2.30864198 2.09567901
 2.02469136 1.9462963  1.82407407 1.83148148 1.62222222 1.58950617
 1.52407407 1.56419753 1.60555556 1.75555556 2.10679012 2.26666667
 2.40925926 2.4654321  2.56358025 2.64012346 2.59938272 2.62716049
 2.59012346 2.56234568 2.37901235 2.23950617 2.00679012 1.99382716
 1.98209877 1.92407407 1.87160494 1.71296296 1.68518519 1.59814815
 1.53703704 1.41419753 1.32716049 1.27098765 1.32962963 1.28395062
 1.23888889 1.26358025 1.20740741 1.10432099 1.08888889 1.04135802
 1.03580247 0.96975309 0.97654321 0.90864198 0.93518519 0.90740741
 0.93641975 0.88271605 0.86790123 0.82777778 0.80987654 0.81358025
 0.7691358  0.78024691 0.79938272 0.75308642 0.7617284  0.73580247
 0.72283951 0.71358025 0.66851852 0.68765432 0.63888889 0.61358025]",27
25,"0.0,0.15,0.3,0.44999999999999996,0.6,0.75,0.8999999999999999,1.05,1.2,1.3499999999999999,1.5,1.65,1.7999999999999998,1.95,2.1,2.25,2.4,2.55,2.6999999999999997,2.85,3.0,3.15,3.3,3.4499999999999997,3.5999999999999996,3.75,3.9,4.05,4.2,4.35,4.5,4.6499999999999995,4.8,4.95,5.1,5.25,5.3999999999999995,5.55,5.7,5.85,6.0,6.1499999999999995,6.3,6.45,6.6,6.75,6.8999999999999995,7.05,7.199999999999999,7.35,7.5,7.6499999999999995,7.8,7.949999999999999,8.1,8.25,8.4,8.549999999999999,8.7,8.85,9.0,9.15,9.299999999999999,9.45,9.6,9.75,9.9,10.049999999999999,10.2,10.35,10.5,10.65,10.799999999999999,10.95,11.1,11.25,11.4,11.549999999999999,11.7,11.85,12.0,12.15,12.299999999999999,12.45,12.6,12.75,12.9,13.049999999999999,13.2,13.35,13.5,13.65,13.799999999999999,13.95,14.1,14.25,14.399999999999999,14.549999999999999,14.7,14.85,15.0,15.149999999999999",2007R_GLUT1_647_WGA_594_0002.nd2,2007,M,R,5,True,39.398938858009096,False,"[13.15361294 13.37443153 13.46260738 13.90146539 13.98079838 14.54573017
 14.6988378  15.2475998  16.58337544 17.63567458 19.01389591 20.02602324
 21.07806973 22.47827185 23.00404245 23.43683679 23.96513391 24.43481556
 26.6816574  27.67635169 29.80368873 33.80570995 37.45022739 41.469429
 43.98837797 48.59626074 50.31379485 51.14754927 54.5048004  55.83729156
 59.94188984 64.14173825 69.4378474  73.11773623 77.29787772 79.62329459
 80.84310258 80.98964123 81.76705407 81.41536129 82.15032845 81.097524
 79.28473977 75.53991915 67.79787772 61.4421425  50.67306721 45.37417888
 42.05659424 39.53739262 35.49368368 31.92647802 29.73799899 24.96058615
 23.35194543 21.61217787 20.58716523 19.72839818 19.10333502 19.22789288
 18.91485599 18.64830723 18.353714   18.20944922 18.10156645 17.93633148
 17.58792319 17.21677615 17.23319859 17.32061647 17.33476503 17.01515917
 17.09373421 17.1104093  16.96184942 17.01086407 16.8360283  16.78802425
 16.74002021 16.81707933 16.75896918 16.49393633 16.81076301 16.67129864
 16.52930773 16.54118242 16.40474987 16.51743305 16.49216776 16.34436584
 16.3585144  16.38251642 16.31783729 16.41839313 16.24153613 16.29813037
 16.28069732 16.46210207 16.30949975 16.36104093 16.17433047 16.3676099 ]","[ 2.15992926  2.22056594  2.27741283  2.32566953  2.402476    2.52400202
  2.54926731  2.64552804  3.00985346  3.25593734  3.73345124  4.16321374
  4.77412835  5.40803436  5.56518444  5.75442142  5.95351187  6.19429005
  7.21905003  8.02400202  8.87594745 11.78372916 14.04749874 17.40474987
 18.73623042 21.92849924 22.7304194  23.16245579 25.18266801 25.53360283
 27.23521981 29.28827691 32.20667004 34.35775644 36.951238   38.20515412
 38.60282971 38.90121273 39.10156645 39.15462355 39.39893886 39.34663972
 39.31606872 38.73218797 38.07579586 37.13188479 34.33552299 32.25972713
 30.52652855 29.65689742 27.27311774 24.91889843 23.41308742 17.54573017
 14.60409298 10.81556342  8.67483578  7.21450227  6.24355735  6.30621526
  5.99418898  5.90096008  5.69429005  5.55507832  5.52425467  5.34866094
  5.1988378   5.03815058  4.82844871  4.64325417  4.50631632  4.60535624
  4.64022233  4.44492168  4.37822132  4.21323901  4.09929257  3.96235472
  3.94188984  3.88175846  3.88302173  3.95376453  3.92572006  3.9383527
  3.91965639  3.83299646  3.88807479  3.82819606  3.91839313  3.87948459
  3.91131885  3.85320869  3.7963618   3.78044467  3.83451238  3.83097524
  3.86937847  3.85295604  3.98332491  4.11925215  4.21197575  4.52475998]","[ 5.04295099  5.3494189   5.62935826  6.13769581  6.87038909  8.06442648
  8.68822638 10.54219303 15.89944416 22.85876705 32.7963618  39.6988378
 40.50252653 36.09221829 34.1243052  32.98206165 32.22031329 32.02425467
 30.27084386 29.61748358 28.9871147  27.57402729 26.66523497 25.32440627
 24.86205154 23.64173825 23.06518444 22.90474987 22.00277918 21.41435068
 20.44062658 19.11571501 17.56442648 16.27640222 14.96664982 14.0224861
 13.60080849 13.47296614 12.94416372 13.02122284 12.45452249 12.00227388
 11.67887822 11.5310763  12.00808489 12.68216271 14.50934816 15.77943406
 16.47246084 16.92900455 17.48736736 18.05811016 18.27614957 18.47953512
 18.21576554 17.55406771 16.89439111 15.91056089 14.47296614 14.42521475
 14.0176857  13.68519454 13.25416877 12.64325417 12.19959576 11.8322385
 11.22233451 10.78928752 10.15715008  9.82844871  9.8713997   9.81051036
  9.81632137  9.63870642  9.46513391  9.20742799  8.78600303  8.56821627
  8.26326427  8.05179384  7.78903487  7.63137948  7.55861546  7.46488125
  7.43380495  7.29358262  7.01010611  6.91182415  6.69075291  6.5573522
  6.41738252  6.25846387  6.19479535  6.08312279  6.08084891  5.98004042
  5.81328954  5.74254674  5.63845376  5.60586155  5.5578575   5.44492168]","[0.56771097 0.67635169 0.73673573 0.86028297 1.030571   1.25770591
 1.420667   1.84461849 2.86407276 4.05836281 5.64805457 6.66953007
 6.99242041 6.6500758  6.39034866 6.35093482 6.21121779 6.25012633
 6.08160687 5.98383022 5.94062658 5.78852956 5.7208186  5.59929257
 5.49166246 5.34360788 5.25997979 5.21121779 4.96715513 4.88302173
 4.70616473 4.40550783 3.85042951 3.54471956 3.10737746 2.86912582
 2.81051036 2.74684184 2.61899949 2.64982314 2.48307226 2.39919151
 2.34209197 2.38150581 2.48079838 2.64906518 3.07680647 3.26629611
 3.41889843 3.46563921 3.54421425 3.54977261 3.55381506 3.37923194
 3.18671046 2.90853967 2.70414351 2.49494694 2.19176352 2.20085902
 2.11015664 2.06568974 1.99898939 1.85118747 1.81227893 1.73244063
 1.64957049 1.56114199 1.48762001 1.42875189 1.46361799 1.44365841
 1.46184942 1.42117231 1.40853967 1.36887317 1.30697322 1.25997979
 1.21601819 1.17559373 1.12102072 1.09828196 1.09247094 1.09474482
 1.06063669 1.0353714  0.9909045  0.95098535 0.93885801 0.89792825
 0.8628095  0.84537645 0.81808994 0.80090955 0.80570995 0.79914098
 0.78170793 0.75012633 0.71601819 0.73774634 0.73673573 0.72637696]",28
26,"0.0,0.15,0.3,0.44999999999999996,0.6,0.75,0.8999999999999999,1.05,1.2,1.3499999999999999,1.5,1.65,1.7999999999999998,1.95,2.1,2.25,2.4,2.55,2.6999999999999997,2.85,3.0,3.15,3.3,3.4499999999999997,3.5999999999999996,3.75,3.9,4.05,4.2,4.35,4.5,4.6499999999999995,4.8,4.95,5.1,5.25,5.3999999999999995,5.55,5.7,5.85,6.0,6.1499999999999995,6.3,6.45,6.6,6.75,6.8999999999999995,7.05,7.199999999999999,7.35,7.5,7.6499999999999995,7.8,7.949999999999999,8.1,8.25,8.4,8.549999999999999,8.7,8.85,9.0,9.15,9.299999999999999,9.45,9.6,9.75,9.9,10.049999999999999,10.2,10.35,10.5,10.65,10.799999999999999,10.95,11.1,11.25,11.4,11.549999999999999,11.7,11.85,12.0,12.15,12.299999999999999,12.45,12.6,12.75,12.9,13.049999999999999,13.2,13.35,13.5,13.65,13.799999999999999,13.95,14.1,14.25,14.399999999999999,14.549999999999999,14.7,14.85,15.0,15.149999999999999",2007R_GLUT1_647_WGA_594_0002.nd2,2007,M,R,5,False,4.6337040205303675,False,"[12.83301967 12.98443114 13.20359281 13.40650128 13.54850299 14.03199316
 14.24174508 14.7635586  15.86843456 17.17125749 18.02600513 18.72814371
 19.61214713 20.60958084 21.13344739 21.54491018 21.74405475 22.04875962
 23.78819504 24.81420017 26.29957228 29.28263473 31.83952096 35.22155689
 36.26911891 38.72780154 39.63507271 39.82994012 41.48195038 41.76218991
 43.79195894 45.44721985 47.25491873 49.03729683 50.41317365 51.08366125
 51.78220701 51.59674936 52.01317365 51.77365269 51.97399487 51.34080411
 50.24174508 47.99589393 44.89324209 43.10983747 40.62207015 38.8075278
 37.42651839 36.17792985 33.54405475 30.60034217 28.75825492 23.94268606
 22.32540633 20.3760479  19.40581694 18.59555175 18.05868263 18.06689478
 17.7988024  17.62532079 17.44311377 17.18477331 17.21351583 16.96047904
 17.09734816 16.75585971 16.55380667 16.72882806 16.58939264 16.70265184
 16.69512404 16.68229256 16.48349016 16.52814371 16.23507271 16.39538067
 16.36715141 16.35568862 16.33344739 16.13567151 16.30983747 16.15928144
 16.38648417 16.1182207  15.95226689 16.08691189 16.00821215 15.97964072
 15.84191617 15.95380667 15.84841745 15.90881095 15.89923011 15.81950385
 15.83301967 15.78699743 16.01950385 15.92780154 16.09957228 15.86501283]","[1.93088109 1.93139435 1.94610778 1.97690334 2.01745081 2.03370402
 2.05851155 2.05218135 2.28109495 2.40786997 2.71907613 3.01402908
 3.37074423 3.67117194 3.77467921 3.7962361  3.83883661 3.86963216
 3.91497006 3.8905047  3.82053037 3.89734816 3.89905902 3.89649273
 4.00598802 4.09016253 4.22908469 4.21112062 4.31531223 4.40479042
 4.62857143 4.74781865 4.71052181 4.49666382 4.59041916 4.6439692
 4.55021386 4.51753636 4.63370402 4.5988024  4.59435415 4.45491873
 4.24550898 4.1673225  4.07373824 4.10778443 4.08964927 4.11137725
 4.02532079 3.88725406 3.96783576 3.91411463 3.90846878 3.86740804
 3.79777588 3.7295124  3.70898204 3.64721985 3.66124893 3.60906758
 3.65166809 3.61420017 3.64208725 3.6176219  3.65748503 3.627716
 3.59315654 3.56834902 3.49221557 3.53036784 3.45508982 3.50350727
 3.49751925 3.44123182 3.41796407 3.40735672 3.39640719 3.3597947
 3.33413174 3.28913601 3.34080411 3.34473909 3.32266895 3.41454234
 3.34559453 3.36988879 3.3988024  3.38032506 3.38032506 3.38631309
 3.35483319 3.29923011 3.38528657 3.34319932 3.36013687 3.44003422
 3.4754491  3.48075278 3.51890505 3.52780154 3.53413174 3.50829769]","[ 4.74542344  5.06621044  5.34371257  5.7887083   6.50094098  7.66963216
  8.2667237  10.11377246 14.86107784 20.85355004 28.62343884 33.2352438
 32.44944397 26.98853721 24.61727973 23.47647562 22.4314799  21.82155689
 19.82087254 19.19982891 18.57519247 17.48520103 16.5849444  15.43712575
 14.99674936 13.79264328 13.50521814 13.35226689 12.72848589 12.47630453
 11.87202737 11.19657827 10.63130881 10.23627032 10.09392643 10.01967494
 10.04448246  9.98922156  9.96680924 10.02155689 10.01368691  9.98391788
  9.88605646  9.77040205  9.88656972 10.16680924 11.01864842 11.52899914
 11.89871685 12.15637297 12.60359281 12.95808383 13.42412318 14.45628743
 14.83387511 15.26911891 15.17998289 14.8075278  13.85098375 13.86877673
 13.53002566 13.29991446 12.83712575 12.31514115 11.82480753 11.48845167
 10.92797263 10.48041061  9.86894782  9.57827203  9.5320787   9.5421728
  9.52010265  9.2905047   9.03216424  8.77810094  8.36954662  8.16218991
  7.80735672  7.67989735  7.4150556   7.31497006  7.3043627   7.16253208
  7.10333618  6.98528657  6.77553464  6.67579127  6.47476476  6.3433704
  6.2225834   6.10367836  6.0465355   5.89803251  5.92711719  5.85372113
  5.70521814  5.60479042  5.53857998  5.46364414  5.36612489  5.29170231]","[0.45064157 0.54576561 0.60102652 0.706929   0.90487596 1.12557742
 1.25218135 1.58015398 2.47562019 3.46809239 4.60102652 5.24619333
 5.34114628 4.80444825 4.59931565 4.45235244 4.35842601 4.25457656
 4.00804106 3.79897348 3.66894782 3.44379812 3.2566296  3.00017109
 2.87305389 2.58152267 2.48400342 2.48229256 2.36116339 2.29101796
 2.12147134 2.00102652 1.84208725 1.76629598 1.69495295 1.70983747
 1.73088109 1.68708298 1.71839179 1.67596236 1.69837468 1.67254063
 1.65440547 1.62942686 1.65645851 1.70230967 1.80872541 1.86963216
 1.93721129 1.95551754 1.99897348 2.04704876 2.08896493 2.17878529
 2.19503849 2.2025663  2.13293413 2.05731394 1.89016253 1.91856287
 1.88075278 1.8540633  1.81471343 1.72095808 1.67373824 1.61471343
 1.54662104 1.46894782 1.36509837 1.33413174 1.33481608 1.35072712
 1.34371257 1.30145423 1.26467066 1.18323353 1.16680924 1.10008554
 1.08520103 1.03849444 1.00547476 0.98887938 0.98306245 0.96988879
 0.96561163 0.96886228 0.9043627  0.88588537 0.85988024 0.82360992
 0.79897348 0.77878529 0.78716852 0.7546621  0.76869119 0.7508982
 0.74730539 0.70915312 0.65919589 0.64585115 0.64345595 0.64739093]",29
27,"0.0,0.15,0.3,0.44999999999999996,0.6,0.75,0.8999999999999999,1.05,1.2,1.3499999999999999,1.5,1.65,1.7999999999999998,1.95,2.1,2.25,2.4,2.55,2.6999999999999997,2.85,3.0,3.15,3.3,3.4499999999999997,3.5999999999999996,3.75,3.9,4.05,4.2,4.35,4.5,4.6499999999999995,4.8,4.95,5.1,5.25,5.3999999999999995,5.55,5.7,5.85,6.0,6.1499999999999995,6.3,6.45,6.6,6.75,6.8999999999999995,7.05,7.199999999999999,7.35,7.5,7.6499999999999995,7.8,7.949999999999999,8.1,8.25,8.4,8.549999999999999,8.7,8.85,9.0,9.15,9.299999999999999,9.45,9.6,9.75,9.9,10.049999999999999,10.2,10.35,10.5,10.65,10.799999999999999,10.95,11.1,11.25,11.4,11.549999999999999,11.7,11.85,12.0,12.15,12.299999999999999,12.45,12.6,12.75,12.9,13.049999999999999,13.2,13.35,13.5,13.65,13.799999999999999,13.95,14.1,14.25,14.399999999999999,14.549999999999999,14.7,14.85,15.0,15.149999999999999",2007R_GLUT1_647_WGA_594_0002.nd2,2007,M,R,5,False,12.35375345217173,False,"[12.54092393 12.68541301 12.66834045 12.95141853 13.20123023 13.40296259
 13.6359528  14.08347979 15.16947025 16.03828772 16.8404469  17.29337183
 17.67587246 17.8157168  17.94413758 18.01719809 18.00213407 18.01355762
 18.11737384 18.08548833 18.27579714 18.44953553 18.64574441 19.06088376
 19.04142606 19.634823   19.71980919 19.77742907 20.24378609 20.48192317
 21.4348481  23.0647753  25.63720813 28.69696209 32.79500377 36.10996736
 37.44903339 37.92719056 40.10243535 39.92530756 43.1161185  44.94112478
 47.42405222 49.36003013 50.32714035 49.76035652 47.89769018 46.16947025
 44.35325132 43.3412001  41.58825006 39.55837309 37.93924178 33.79023349
 31.96824002 28.09590761 24.8153402  22.16733618 20.0003766  20.07343711
 19.55410495 19.2719056  19.05636455 18.59728848 18.22194326 18.14787848
 17.79977404 17.43497364 17.34848104 17.2467989  17.14160181 17.19018328
 17.22407733 17.14612101 16.98543811 16.76813959 16.82462968 16.72257093
 16.64913382 16.63030379 16.60042681 16.45493347 16.51418529 16.56640723
 16.55862415 16.41990962 16.38111976 16.45869947 16.3213658  16.34772784
 16.28835049 16.23763495 16.28772282 16.18742154 16.31584233 16.27090133
 16.21240271 16.23374341 16.19118755 16.23776048 16.05171981 16.22457946]","[ 1.97614863  1.98154657  2.05059001  2.06038162  2.11210143  2.13871454
  2.18880241  2.19269395  2.40484559  2.60318855  2.9516696   3.29538037
  3.69394928  4.04142606  4.20989204  4.30303791  4.4299523   4.47363796
  4.82488074  5.05171981  5.70273663  6.5921416   7.28722069  8.07958825
  8.39417524  9.17499372  9.32952548  9.56766257 10.00891288 10.01117248
 10.24479036 10.28420788 10.13771027 10.39668592 11.10130555 11.89241778
 12.21554105 12.21215164 12.74366056 12.52460457 12.92580969 12.73851368
 12.85877479 12.51920663 12.35375345 12.28157168 12.26525232 12.32739141
 12.18114487 12.30542305 12.10620136 11.98782325 11.78684409 11.28571429
 10.90170726 10.14373588  9.50979161  8.6127291   7.21466231  7.37923676
  6.78420788  6.32889782  5.85161938  5.16055737  4.78395682  4.54858147
  4.16344464  4.02623651  3.87434095  3.77692694  3.76362039  3.7471755
  3.73851368  3.73336681  3.67850866  3.65089129  3.53540045  3.55021341
  3.55548581  3.52837057  3.51908109  3.47087622  3.50702988  3.56389656
  3.51468742  3.53351745  3.46861662  3.46673362  3.45367813  3.41990962
  3.38965604  3.43786091  3.39229224  3.40095405  3.4093648   3.45305046
  3.48995732  3.51719809  3.4988702   3.53025358  3.61800151  3.73876475]","[ 4.80341451  5.13293999  5.44049711  5.89141351  6.5677881   7.55184534
  8.24516696 10.01682149 15.69533015 23.18152147 32.96346975 38.95267386
 36.88589003 29.29224203 26.69696209 25.30492091 23.95593774 23.33165955
 21.49221692 20.75395431 20.455059   20.27178007 20.2516947  20.18177253
 20.05787095 20.01117248 19.89229224 19.9295757  19.84722571 19.67034898
 19.52799397 19.13432086 18.4554356  17.71064524 16.35839819 15.22093899
 14.66683404 14.46058248 13.73047954 13.70964097 12.61109716 11.80893799
 10.90911373 10.11260357  9.50841075  9.3168466   9.25684158  9.38827517
  9.49096159  9.60896309  9.89668592 10.3153402  10.68516194 11.99623399
 12.57808185 13.51129802 13.99008285 14.35425559 14.18214913 14.1374592
 14.04933467 13.87132814 13.6115993  13.10005021 12.79349736 12.35325132
 11.71654532 11.24152649 10.44614612 10.02698971  9.94853126  9.98656791
  9.87308561  9.66495104  9.46359528  9.13683153  8.76625659  8.5423048
  8.19457695  8.05297514  7.74956063  7.60507155  7.60494602  7.46635702
  7.40723073  7.27102686  7.04368566  6.90359026  6.65227216  6.53627919
  6.37283455  6.25922671  6.18679387  6.07494351  6.08159679  6.0202109
  5.83253829  5.71265378  5.63808687  5.51192568  5.4325885   5.34295757]","[0.51795129 0.5925182  0.65503389 0.74491589 0.9344715  1.14348481
 1.25119257 1.61775044 2.62026111 3.83517449 5.24780316 6.1351996
 6.26613106 5.91965855 5.76512679 5.68189807 5.61260357 5.64361034
 5.70549837 5.76726086 5.92555862 6.08034145 6.03075571 5.80517198
 5.59979915 5.14474015 4.99347226 4.99384886 4.69018328 4.56351996
 4.23474768 3.91990962 3.60896309 3.38902837 3.10783329 2.91526488
 2.76223952 2.74817976 2.60431835 2.61059503 2.42719056 2.26249058
 2.11436103 2.01757469 1.89091137 1.81119759 1.69470249 1.64624655
 1.66507658 1.66369571 1.66997238 1.71303038 1.74767763 1.89856892
 1.95593774 2.07644991 2.14122521 2.18026613 2.11021843 2.10620136
 2.10067788 2.03816219 2.00941501 1.9108712  1.8636706  1.771529
 1.66595531 1.56301783 1.4558122  1.41965855 1.39907105 1.42442882
 1.41338187 1.35438112 1.32299774 1.25583731 1.24466483 1.21152398
 1.15202109 1.1149887  1.09314587 1.0659051  1.06452423 1.0460708
 1.05623902 1.02711524 1.00238514 0.96397188 0.92505649 0.88978157
 0.86756214 0.85626412 0.83417022 0.81408486 0.81483806 0.80969119
 0.77705247 0.74140095 0.70022596 0.68729601 0.69394928 0.67850866]",30
28,"0.0,0.15,0.3,0.44999999999999996,0.6,0.75,0.8999999999999999,1.05,1.2,1.3499999999999999,1.5,1.65,1.7999999999999998,1.95,2.1,2.25,2.4,2.55,2.6999999999999997,2.85,3.0,3.15,3.3,3.4499999999999997,3.5999999999999996,3.75,3.9,4.05,4.2,4.35,4.5,4.6499999999999995,4.8,4.95,5.1,5.25,5.3999999999999995,5.55,5.7,5.85,6.0,6.1499999999999995,6.3,6.45,6.6,6.75,6.8999999999999995,7.05,7.199999999999999,7.35,7.5,7.6499999999999995,7.8,7.949999999999999,8.1,8.25,8.4,8.549999999999999,8.7,8.85,9.0,9.15,9.299999999999999,9.45,9.6,9.75,9.9,10.049999999999999,10.2,10.35,10.5,10.65,10.799999999999999,10.95,11.1,11.25,11.4,11.549999999999999,11.7,11.85,12.0,12.15,12.299999999999999,12.45,12.6,12.75,12.9,13.049999999999999,13.2,13.35,13.5,13.65,13.799999999999999,13.95,14.1,14.25,14.399999999999999,14.549999999999999,14.7,14.85,15.0,15.149999999999999",2007R_GLUT1_647_WGA_594_0002.nd2,2007,M,R,5,False,5.635208711433757,False,"[12.82032668 13.53559185 13.43678161 13.76890502 14.09860859 14.430732
 14.55011091 14.94636015 15.88989716 16.78987699 17.89050212 18.60939706
 19.98366606 21.46521476 21.93930228 22.49526114 22.96733212 23.71849163
 25.54769107 26.91611212 28.85702763 32.35874168 35.60536398 39.45674531
 40.99516031 44.97217181 46.05505142 46.80842912 48.77293809 49.49445453
 52.16475096 55.20266183 59.64750958 62.40068562 64.57451099 65.02681992
 64.79713652 64.49183303 63.80479935 63.3738657  60.78080258 57.9374874
 53.69509982 47.90965921 41.16757411 36.54809437 29.9548296  27.32264569
 25.24581569 24.32486388 22.93647913 21.70155273 21.1163541  19.38737649
 18.77999597 18.26799758 17.80217786 17.48759831 17.1050615  17.03589433
 16.9969752  16.96168582 16.51804799 16.71546683 16.56785642 16.3712442
 16.17180883 16.01351079 16.23754789 16.0369026  16.21818915 16.05626134
 16.10788465 16.07138536 15.85662432 16.02964307 15.92478322 15.96329905
 15.70840895 15.66727163 16.02177858 15.76608187 15.94736842 15.77434967
 15.82314983 15.73482557 15.73200242 15.78443235 15.52470256 15.73321234
 15.60778383 15.70861061 15.61625328 15.73119581 15.62532769 15.72312966
 15.79753983 15.63359548 15.64367816 15.57330107 15.57975398 15.45432547]","[1.97136519 2.00645291 2.05847953 2.0625126  2.12038717 2.09780198
 2.13571285 2.15063521 2.32930026 2.52046784 2.90280298 3.14559387
 3.55575721 3.75236943 3.85238959 3.95039322 4.00604961 4.08550111
 4.18047994 4.31357128 4.52692075 4.76406534 5.07562008 5.45795523
 5.69147005 6.06634402 6.18592458 6.07541843 6.1302682  6.09356725
 6.24299254 6.37346239 6.13349466 6.01814882 5.87174834 5.63520871
 5.50050413 5.62996572 5.25831821 5.30792498 5.05484977 4.8949385
 4.79149022 4.64065336 4.4502924  4.42790885 4.4194394  4.3908046
 4.23956443 4.21818915 4.14982859 4.10344828 4.03791087 3.95321637
 3.95825771 3.89836661 3.86247227 3.81649526 3.8271829  3.86811857
 3.85017141 3.7989514  3.81165558 3.78967534 3.77676951 3.77273644
 3.77858439 3.82940109 4.02440008 4.02903811 4.107683   4.0794515
 4.09538213 4.17100222 4.2183908  4.164146   4.09155072 3.97963299
 3.99939504 3.98628756 4.03186126 4.02117362 3.98628756 4.14337568
 4.06452914 4.20367009 4.42145594 4.54325469 4.86509377 5.16858238
 5.43778988 5.56059689 5.56503327 5.64065336 5.6656584  5.60012099
 5.4759024  5.51603146 5.37346239 5.3768905  5.37507562 5.42669893]","[ 4.7138536   5.00766284  5.30812664  5.65517241  6.27021577  7.17120387
  7.8128655   9.27586207 14.03246622 20.40411373 29.9969752  38.93627748
 42.36438798 35.24863884 31.61080863 29.01209921 26.81649526 25.59729784
 21.36237145 19.69267998 18.36075822 16.79693487 15.76950998 14.67332123
 14.16333938 13.21576931 12.92558984 12.82476306 12.28372656 12.11695906
 11.48638838 10.67775761  9.89554346  9.37850373  9.13450292  9.18511797
  9.3174027   9.37366405  9.59830611  9.58338375 10.08993749 10.78382738
 11.69187336 13.42347247 15.78322242 17.74389998 20.06876386 20.94212543
 21.23754789 21.36317806 21.36922767 21.09538213 20.71869328 19.43778988
 18.8753781  17.86489212 17.04799355 16.03831418 14.52470256 14.64085501
 14.11413591 13.82758621 13.29380924 12.54325469 12.15043356 11.6713047
 11.07602339 10.51199839  9.72272636  9.41701956  9.21919742  9.26436782
  9.19963702  9.00604961  8.77999597  8.46501311  8.02137528  7.85158298
  7.54345634  7.34402097  7.14115749  7.03972575  6.99374874  6.92135511
  6.85400282  6.74672313  6.57289776  6.4984876   6.28533979  6.1584997
  5.97398669  5.90885259  5.87356322  5.72010486  5.74551321  5.6626336
  5.55253075  5.46118169  5.41540633  5.34341601  5.25045372  5.22605364]","[0.48134705 0.53438193 0.6035491  0.71103045 0.86368219 1.07420851
 1.2123412  1.49687437 2.41036499 3.47106271 4.79874975 5.97660819
 6.47731397 5.97922968 5.65658399 5.42649728 5.21758419 5.13167977
 4.67896753 4.52510587 4.36095987 4.08126638 3.87396653 3.68804194
 3.55091752 3.26194797 3.16575923 3.1445856  2.94394031 2.91893527
 2.71002218 2.49485783 2.28755798 2.11373261 2.03307118 1.97439
 2.01714055 1.99475701 1.98588425 1.99415205 2.02540835 2.07723331
 2.21294616 2.34462593 2.62068966 2.85339786 3.04859851 3.11574914
 3.11554749 3.12139544 3.05807623 2.96450897 2.94010889 2.6942932
 2.60133091 2.48396854 2.3369631  2.20387175 1.96672716 1.98084291
 1.90562613 1.82032668 1.78140754 1.6912684  1.64125832 1.5579754
 1.52187941 1.40653358 1.30691672 1.28191168 1.25166364 1.25509175
 1.26376286 1.23593466 1.20306513 1.11272434 1.08449284 1.06896552
 1.00665457 0.99395039 0.94938496 0.92720307 0.93567251 0.89050212
 0.91691873 0.88485582 0.84250857 0.84654164 0.78886872 0.76789675
 0.74934463 0.71546683 0.72897762 0.71405525 0.69590643 0.70800565
 0.65839887 0.6456947  0.62391611 0.61242186 0.60859044 0.60496068]",31
29,"0.0,0.15,0.3,0.44999999999999996,0.6,0.75,0.8999999999999999,1.05,1.2,1.3499999999999999,1.5,1.65,1.7999999999999998,1.95,2.1,2.25,2.4,2.55,2.6999999999999997,2.85,3.0,3.15,3.3,3.4499999999999997,3.5999999999999996,3.75,3.9,4.05,4.2,4.35,4.5,4.6499999999999995,4.8,4.95,5.1,5.25,5.3999999999999995,5.55,5.7,5.85,6.0,6.1499999999999995,6.3,6.45,6.6,6.75,6.8999999999999995,7.05,7.199999999999999,7.35,7.5,7.6499999999999995,7.8,7.949999999999999,8.1,8.25,8.4,8.549999999999999,8.7,8.85,9.0,9.15,9.299999999999999,9.45,9.6,9.75,9.9,10.049999999999999,10.2,10.35,10.5,10.65,10.799999999999999,10.95,11.1,11.25,11.4,11.549999999999999,11.7,11.85,12.0,12.15,12.299999999999999,12.45,12.6,12.75,12.9,13.049999999999999,13.2,13.35,13.5,13.65,13.799999999999999,13.95,14.1,14.25,14.399999999999999,14.549999999999999,14.7,14.85,15.0,15.149999999999999",2007R_GLUT1_647_WGA_594_0002.nd2,2007,M,R,5,False,4.592581775700935,False,"[12.63609813 12.79468458 12.6828271  12.94129673 13.1515771  13.28183411
 13.51139019 13.85922897 14.4734229  15.48685748 15.86915888 16.6994743
 16.97517523 17.07389019 17.2380257  17.23948598 17.27424065 17.45035047
 17.50788551 17.6921729  17.57973131 17.61711449 17.79176402 18.08966121
 17.8823014  18.20765187 18.2041472  18.3411215  18.1994743  18.43399533
 18.62178738 18.88084112 19.12266355 19.98744159 20.62383178 21.72313084
 22.08761682 22.37675234 23.18078271 23.50116822 25.02716121 26.82973131
 29.75934579 33.57768692 38.48948598 41.82155374 48.44626168 51.43078271
 53.55227804 54.76752336 56.61945093 57.98101636 59.25788551 61.7426986
 62.41880841 63.12120327 62.84258178 63.14398364 61.94509346 62.25087617
 61.72400701 62.12091121 61.74678738 61.87061916 62.4567757  63.11390187
 63.11098131 63.00788551 62.8676986  62.8291472  61.93720794 62.69772196
 62.16442757 61.85280374 61.73101636 60.61594626 59.15274533 58.22780374
 57.5671729  57.57505841 57.75905374 57.59345794 57.93691589 58.17464953
 59.1296729  59.7140771  61.02132009 61.60776869 62.13931075 61.96758178
 60.58031542 59.71057243 58.81425234 57.44100467 57.2260514  56.36010514
 54.72313084 53.98948598 51.55957944 49.20706776 45.96845794 43.41851636]","[ 1.93341121  1.95093458  2.01839953  2.04935748  2.07330607  2.12324766
  2.21174065  2.24824766  2.50350467  2.69509346  3.16325935  3.65070093
  4.39719626  5.44129673  5.92348131  6.37441589  6.8916472   7.37120327
  9.41325935 10.81308411 12.37353972 13.42990654 12.46524533 10.72955607
  9.82096963  8.22809579  7.70882009  7.59813084  6.73422897  6.54818925
  5.73685748  5.24941589  4.49912383  4.2666472   4.20473131  4.16910047
  4.16734813  4.1083528   4.22108645  4.09141355  4.31279206  4.4328271
  4.52628505  4.69509346  4.79643692  4.73598131  4.64982477  4.65508178
  4.57067757  4.53037383  4.53650701  4.43224299  4.5073014   4.59258178
  4.51693925  4.43954439  4.36390187  4.20122664  4.28650701  4.26518692
  4.23101636  4.24357477  4.25876168  4.26898364  4.27978972  4.3630257
  4.40478972  4.48306075  4.48656542  4.47751168  4.51956776  4.4614486
  4.4926986   4.53417056  4.53621495  4.54935748  4.5192757   4.61915888
  4.68720794  4.65771028  4.66413551  4.68253505  4.62821262  4.83761682
  4.7786215   4.68983645  4.74503505  4.80315421  4.84375     4.78066589
  4.60075935  4.57535047  4.4807243   4.34287383  4.39865654  4.45648364
  4.28475467  4.36127336  4.46991822  4.61068925  4.98919393  5.19567757]","[ 4.94158879  5.31454439  5.60134346  6.1223715   6.83148364  7.91647196
  8.67610981 10.5671729  16.18983645 23.64690421 33.76839953 41.27920561
 42.20502336 36.96115654 34.73452103 33.79234813 33.02540888 32.41384346
 31.07535047 30.27248832 29.55110981 27.30169393 25.42056075 23.82739486
 23.28125    22.70765187 22.55110981 22.52832944 22.14836449 22.18049065
 21.82827103 21.71641355 21.44596963 21.49883178 21.99445093 22.33265187
 22.49970794 22.54614486 22.49445093 22.39982477 22.40478972 21.83089953
 21.35864486 20.46553738 19.52570093 18.71699766 17.21875    16.46962617
 15.82009346 15.56834112 14.8823014  14.31483645 13.87470794 12.95181075
 12.50087617 11.93165888 11.56191589 11.15741822 10.55198598 10.43866822
 10.26723131 10.125      10.10864486  9.82535047  9.71086449  9.56921729
  9.38317757  9.19889019  8.7619743   8.60514019  8.52190421  8.55315421
  8.48306075  8.31892523  8.25584112  8.09550234  7.77832944  7.67464953
  7.47634346  7.38376168  7.24766355  7.17494159  7.20911215  7.12470794
  7.13639019  7.02424065  6.98627336  6.95151869  6.80286215  6.74211449
  6.72897196  6.57505841  6.53884346  6.40420561  6.39310748  6.30549065
  6.21261682  6.10660047  6.09871495  6.0551986   5.9375      5.93662383]","[0.51635514 0.58002336 0.65566589 0.76518692 0.90946262 1.15216121
 1.26752336 1.60251168 2.58790888 3.7546729  5.04380841 6.03417056
 6.41588785 6.24561916 6.0338785  5.94334112 5.95327103 5.94334112
 5.93078271 5.92961449 5.91764019 5.75204439 5.75087617 5.55169393
 5.50584112 5.22079439 5.17669393 5.16676402 4.96524533 4.97809579
 4.81746495 4.64281542 4.36915888 4.22196262 4.00350467 3.92231308
 3.83352804 3.82242991 3.75846963 3.81892523 3.63317757 3.43224299
 3.3098715  3.19450935 2.98101636 2.79935748 2.54497664 2.41063084
 2.32564252 2.28212617 2.2307243  2.10221963 2.07155374 1.9228972
 1.84608645 1.83966121 1.79205607 1.70589953 1.62149533 1.58002336
 1.54818925 1.52102804 1.50817757 1.49591121 1.44976636 1.39982477
 1.37149533 1.3364486  1.2786215  1.26781542 1.21261682 1.24795561
 1.26139019 1.22546729 1.18603972 1.12383178 1.12850467 1.09491822
 1.05665888 1.0432243  1.02073598 1.01285047 0.9926986  1.01752336
 1.0265771  1.0026285  0.96349299 0.95268692 0.9401285  0.9348715
 0.92260514 0.90537383 0.88434579 0.87149533 0.87733645 0.87149533
 0.8463785  0.81921729 0.8151285  0.79702103 0.76401869 0.76752336]",32
30,"0.0,0.15,0.3,0.44999999999999996,0.6,0.75,0.8999999999999999,1.05,1.2,1.3499999999999999,1.5,1.65,1.7999999999999998,1.95,2.1,2.25,2.4,2.55,2.6999999999999997,2.85,3.0,3.15,3.3,3.4499999999999997,3.5999999999999996,3.75,3.9,4.05,4.2,4.35,4.5,4.6499999999999995,4.8,4.95,5.1,5.25,5.3999999999999995,5.55,5.7,5.85,6.0,6.1499999999999995,6.3,6.45,6.6,6.75,6.8999999999999995,7.05,7.199999999999999,7.35,7.5,7.6499999999999995,7.8,7.949999999999999,8.1,8.25,8.4,8.549999999999999,8.7,8.85,9.0,9.15,9.299999999999999,9.45,9.6,9.75,9.9,10.049999999999999,10.2,10.35,10.5,10.65,10.799999999999999,10.95,11.1,11.25,11.4,11.549999999999999,11.7,11.85,12.0,12.15,12.299999999999999,12.45,12.6,12.75,12.9,13.049999999999999,13.2,13.35,13.5,13.65,13.799999999999999,13.95,14.1,14.25,14.399999999999999,14.549999999999999,14.7,14.85,15.0,15.149999999999999",2007R_GLUT1_647_WGA_594_0002.nd2,2007,M,R,5,False,3.116710062796753,False,"[12.79797825 12.93260836 12.99678358 13.27722469 13.56578343 13.69597182
 13.97319651 14.3496707  15.72292847 16.59687548 17.55582784 18.31122683
 19.32194823 20.42242304 20.74345229 21.22698729 21.96477255 22.25654771
 23.51814979 24.22943789 25.91085924 27.92663501 29.49395007 31.48276918
 32.42701792 34.96124981 35.33450758 35.47541737 36.83519681 37.2001838
 38.55827845 40.38152856 42.85372951 45.03752489 47.86506356 49.89707459
 50.89493031 51.15377546 52.9163731  52.77944555 54.29483841 54.19421045
 53.54204319 51.29545106 47.21764436 43.50650942 37.178741   34.03124521
 31.70960331 30.16265891 28.26068311 25.64542809 23.83611579 21.25761985
 20.57466687 19.37662735 18.76075969 18.32302037 17.73089294 17.83351202
 17.55705315 17.67345688 17.44493797 17.41170164 17.18624598 16.90718334
 16.91974269 16.80839332 16.59274008 16.55062031 16.69765661 16.68341247
 16.5815592  16.59182111 16.29973962 16.4435595  16.40205238 16.38995252
 16.29682953 16.39270945 16.37432991 16.25746669 16.36621228 16.40159289
 16.42640527 16.28855874 16.09450146 16.16066779 16.11701639 16.21366212
 16.02557819 16.15025272 16.07489662 15.9509879  16.02588452 16.07872569
 16.05284117 15.95405116 15.8978404  15.95849288 15.94210446 15.9468525 ]","[1.9509879  1.96308776 2.01424414 2.04870577 2.08822178 2.14489202
 2.19466993 2.24077194 2.50390565 2.73947006 3.17705621 3.74238015
 4.57941492 5.57007199 5.9563486  6.27707153 6.64695972 6.82524123
 7.6766733  8.35196814 9.14136928 9.81038444 9.85204472 9.25363762
 8.84790933 8.37448308 8.23464543 8.16373105 7.94149181 7.80287946
 7.53116863 6.93980701 6.0609588  5.17674989 4.38367284 3.88696584
 3.75003829 3.6766733  3.51355491 3.44248736 3.27982846 3.11671006
 3.09695206 3.00934293 3.07642824 3.06494103 3.19237249 3.20646347
 3.22989738 3.23357329 3.33986828 3.33956195 3.39102466 3.49287793
 3.49395007 3.53086231 3.55659366 3.50467147 3.47419207 3.45780365
 3.46791239 3.34936437 3.35472507 3.35717568 3.34431    3.36085159
 3.32363302 3.34277837 3.33496707 3.3603921  3.3006586  3.31582172
 3.30280288 3.34660744 3.31367744 3.31827232 3.32194823 3.3484454
 3.35564405 3.37141982 3.36927554 3.33251647 3.33757084 3.36636545
 3.35487824 3.37785266 3.36223005 3.33726451 3.38168173 3.38336652
 3.42288252 3.39822331 3.39684485 3.46102006 3.46515546 3.49027416
 3.61831827 3.7298208  3.78511257 3.80869965 3.87762291 3.92617552]","[ 4.71205391  5.07918517  5.42717108  5.90595803  6.668862    7.7590749
  8.58921734 10.20493184 15.57941492 21.05712973 27.67881758 32.39914229
 32.82539439 28.99540512 27.29989279 26.02098331 24.65308623 23.91576045
 21.55950375 20.37402359 19.05866136 17.68096186 16.83902588 15.87287487
 15.54280901 14.68555675 14.37141982 14.28718027 13.7005667  13.54464696
 12.74559657 11.86414459 10.82815132  9.93230204  9.04656149  8.56884668
  8.45627202  8.43360392  8.25547557  8.22959106  8.19130035  8.24843008
  8.37999694  8.6849441   9.28580181 10.01347833 11.71710829 12.51677133
 13.24215041 13.69444019 14.35411242 15.16082095 15.66794302 16.56287333
 16.57849594 16.26144892 15.62490427 14.56731506 13.18609282 13.22377087
 12.77929239 12.39607903 12.08699648 11.39439424 11.05605759 10.70286414
 10.04594884  9.72047787  9.10721397  8.91407566  8.75095727  8.78786951
  8.72522592  8.54786338  8.3842855   8.14397304  7.79675295  7.67682647
  7.43528871  7.28289171  7.06846378  6.98590902  6.92985143  6.86000919
  6.77148108  6.67529484  6.47266044  6.38474498  6.22361771  6.08041048
  6.01102772  5.8702711   5.84775616  5.7495788   5.73196508  5.71205391
  5.58630724  5.52703324  5.42364834  5.36069842  5.26880074  5.25011487]","[0.48583244 0.58064022 0.64481544 0.77454434 0.94210446 1.17276765
 1.33129116 1.62658906 2.58416297 3.42686476 4.33757084 5.11747588
 5.56700873 5.51324858 5.4542809  5.37264512 5.30862307 5.22208608
 5.04579568 4.86919896 4.70148568 4.40588145 4.2660438  4.02573135
 3.91039975 3.69061112 3.65951907 3.63884209 3.5045183  3.45872262
 3.26589064 3.14320723 2.9270945  2.71925257 2.48077807 2.32899372
 2.23112268 2.23005054 2.1297289  2.17261449 2.04640833 2.0412008
 2.02251493 2.07244601 2.15101853 2.22882524 2.42150406 2.5840098
 2.56915301 2.61663348 2.64634707 2.69566549 2.69581866 2.5869199
 2.52887119 2.40358401 2.25195283 2.06815745 1.85847756 1.87501915
 1.82952979 1.76903048 1.70240466 1.62337265 1.56455813 1.51064482
 1.45121764 1.39393475 1.31490274 1.29376627 1.27370195 1.2928473
 1.26818808 1.26160208 1.21795068 1.16602849 1.12528718 1.10430388
 1.06325624 1.05268801 1.00980242 1.00107214 0.99203553 0.98621535
 1.00015316 0.96752948 0.94455506 0.8809925  0.86858631 0.83841323
 0.80961862 0.78220248 0.79032011 0.73839792 0.75585848 0.74743452
 0.72308164 0.70317047 0.65829377 0.65186093 0.62888651 0.62888651]",33
31,"0.0,0.15,0.3,0.44999999999999996,0.6,0.75,0.8999999999999999,1.05,1.2,1.3499999999999999,1.5,1.65,1.7999999999999998,1.95,2.1,2.25,2.4,2.55,2.6999999999999997,2.85,3.0,3.15,3.3,3.4499999999999997,3.5999999999999996,3.75,3.9,4.05,4.2,4.35,4.5,4.6499999999999995,4.8,4.95,5.1,5.25,5.3999999999999995,5.55,5.7,5.85,6.0,6.1499999999999995,6.3,6.45,6.6,6.75,6.8999999999999995,7.05,7.199999999999999,7.35,7.5,7.6499999999999995,7.8,7.949999999999999,8.1,8.25,8.4,8.549999999999999,8.7,8.85,9.0,9.15,9.299999999999999,9.45,9.6,9.75,9.9,10.049999999999999,10.2,10.35,10.5,10.65,10.799999999999999,10.95,11.1,11.25,11.4,11.549999999999999,11.7,11.85,12.0,12.15,12.299999999999999,12.45,12.6,12.75,12.9,13.049999999999999,13.2,13.35,13.5,13.65,13.799999999999999,13.95,14.1,14.25,14.399999999999999,14.549999999999999,14.7,14.85,15.0,15.149999999999999",2007R_GLUT1_647_WGA_594_0002.nd2,2007,M,R,5,False,2.767959949937422,False,"[13.3281602  13.75118899 13.93767209 14.31138924 14.57897372 15.04931164
 15.46182728 15.71514393 17.41376721 18.70588235 19.80500626 20.90788486
 22.73566959 24.26132666 24.90738423 25.58423029 26.24305382 26.74042553
 29.1864831  31.33141427 34.51188986 39.84155194 44.00650814 49.26833542
 51.32140175 57.07234043 59.41902378 59.17371715 61.94843554 63.49236546
 67.81852315 72.80050063 77.6853567  80.50713392 83.33942428 84.09036295
 84.13692115 84.31864831 84.34392991 84.25657071 82.76745932 80.94017522
 77.71964956 72.37546934 64.70938673 59.67058824 50.39574468 46.12415519
 42.37396746 39.77196496 36.24680851 31.65156446 29.18573217 24.36795995
 23.118398   21.68861076 20.76871089 19.92891114 19.07909887 18.98498123
 18.9126408  18.93141427 18.52065081 18.13141427 17.91814768 17.89186483
 17.81076345 17.6583229  17.39198999 17.31339174 17.35544431 17.31689612
 17.29336671 17.26232791 17.1048811  17.01877347 17.0077597  16.92966208
 16.95769712 16.87609512 16.70337922 16.65531915 16.87684606 16.55193992
 16.78848561 16.77021277 16.62578223 16.64981227 16.68410513 16.68385482
 16.47409262 16.50112641 16.32465582 16.4951189  16.51714643 16.37947434
 16.3942428  16.33441802 16.37596996 16.31514393 16.29486859 16.27659574]","[1.84555695 1.86307885 1.8971214  1.91914894 1.94668335 1.91389237
 1.96871089 1.97371715 2.13241552 2.27659574 2.66182728 2.87684606
 3.21526909 3.4485607  3.61026283 3.61001252 3.6853567  3.7126408
 3.73617021 3.78047559 3.80375469 3.73341677 3.58723404 3.5709637
 3.51639549 3.47659574 3.47083855 3.4563204  3.42077597 3.35444305
 3.27684606 3.21827284 3.14968711 2.99349186 2.93066333 2.85857322
 2.81677096 2.84605757 2.76795995 2.81251564 2.83729662 2.78122653
 2.78898623 2.68685857 2.84580726 2.89436796 3.10162703 3.20100125
 3.25531915 3.32140175 3.47309136 3.61677096 3.59849812 3.70062578
 3.65907384 3.481602   3.51864831 3.43128911 3.4505632  3.38948686
 3.39474343 3.38072591 3.37196496 3.27609512 3.2931164  3.26433041
 3.24455569 3.29987484 3.41902378 3.27534418 3.37822278 3.3612015
 3.29586984 3.36620776 3.36595745 3.36095119 3.35419274 3.36946183
 3.35619524 3.38698373 3.44530663 3.39924906 3.40700876 3.4893617
 3.41051314 3.35794743 3.43929912 3.43003755 3.51339174 3.60400501
 3.56195244 3.75118899 3.7456821  3.76946183 3.75394243 3.80625782
 3.83604506 3.83429287 3.92841051 3.98022528 4.1436796  4.22377972]","[ 4.76345432  5.14267835  5.40425532  5.88685857  6.6387985   7.6485607
  8.57997497 10.26658323 16.51439299 24.26007509 34.040801   40.07234043
 37.25932416 29.69862328 27.31989987 25.88360451 24.44906133 24.09036295
 22.48285357 22.12866083 21.73516896 20.87083855 19.85807259 18.19924906
 17.34317897 15.93842303 15.43204005 15.37897372 14.59874844 14.50638298
 13.65456821 13.08685857 12.07008761 11.35469337 10.41051314  9.86633292
  9.63178974  9.56195244  9.26883605  9.30187735  8.95669587  8.85932416
  8.74418023  9.05982478 10.05206508 11.122403   13.26282854 14.18172716
 15.00675845 15.39724656 16.14668335 17.28335419 17.79324155 18.81476846
 18.78047559 18.03904881 17.17647059 16.06658323 14.43854819 14.59774718
 14.12966208 13.66533166 13.23329161 12.41001252 12.0175219  11.4991239
 10.89937422 10.42553191  9.86257822  9.640801    9.58297872  9.559199
  9.51088861  9.36620776  9.16320401  8.92140175  8.53341677  8.36445557
  8.08385482  7.90262829  7.59849812  7.45356696  7.42603254  7.29687109
  7.24005006  7.11439299  6.87334168  6.80450563  6.61727159  6.5456821
  6.41101377  6.23654568  6.1787234   6.08135169  6.13441802  6.04505632
  5.86783479  5.77346683  5.63204005  5.60325407  5.49461827  5.4991239 ]","[ 0.89662078  1.06132666  1.19148936  1.35469337  1.66107635  1.94468085
  2.22678348  2.73266583  4.26483104  6.02352941  8.09411765  9.66633292
 11.26883605 13.05581977 13.81476846 14.70362954 15.62027534 16.06007509
 18.28010013 19.84680851 21.59499374 22.84330413 22.7864831  22.44105131
 22.10938673 21.75869837 21.43979975 21.29612015 21.01602003 21.12215269
 20.13642053 18.6077597  15.58272841 12.5979975   9.3571965   7.31889862
  6.48460576  6.34818523  5.46082603  5.55294118  4.58272841  3.99874844
  3.45456821  3.0718398   2.81451815  2.78598248  2.9048811   2.95569462
  3.03003755  3.06758448  3.11038798  3.19824781  3.23329161  3.0931164
  3.01301627  2.85682103  2.68510638  2.51989987  2.25957447  2.29561952
  2.18423029  2.15844806  2.07158949  1.94017522  1.83979975  1.78322904
  1.64455569  1.58973717  1.50538173  1.50162703  1.45857322  1.48385482
  1.46708385  1.47509387  1.41226533  1.33491865  1.33416771  1.3281602
  1.22803504  1.17847309  1.13341677  1.10913642  1.1106383   1.11239049
  1.09186483  1.08235294  1.06733417  1.02453066  0.99899875  0.99649562
  0.95769712  0.92215269  0.90713392  0.90513141  0.8893617   0.88485607
  0.8252816   0.80300375  0.75219024  0.73742178  0.72740926  0.71764706]",34
32,"0.0,0.15,0.3,0.44999999999999996,0.6,0.75,0.8999999999999999,1.05,1.2,1.3499999999999999,1.5,1.65,1.7999999999999998,1.95,2.1,2.25,2.4,2.55,2.6999999999999997,2.85,3.0,3.15,3.3,3.4499999999999997,3.5999999999999996,3.75,3.9,4.05,4.2,4.35,4.5,4.6499999999999995,4.8,4.95,5.1,5.25,5.3999999999999995,5.55,5.7,5.85,6.0,6.1499999999999995,6.3,6.45,6.6,6.75,6.8999999999999995,7.05,7.199999999999999,7.35,7.5,7.6499999999999995,7.8,7.949999999999999,8.1,8.25,8.4,8.549999999999999,8.7,8.85,9.0,9.15,9.299999999999999,9.45,9.6,9.75,9.9,10.049999999999999,10.2,10.35,10.5,10.65,10.799999999999999,10.95,11.1,11.25,11.4,11.549999999999999,11.7,11.85,12.0,12.15,12.299999999999999,12.45,12.6,12.75,12.9,13.049999999999999,13.2,13.35,13.5,13.65,13.799999999999999,13.95,14.1,14.25,14.399999999999999,14.549999999999999,14.7,14.85,15.0,15.149999999999999",2007R_GLUT1_647_WGA_594_0002.nd2,2007,M,R,5,False,3.7590863952333664,False,"[13.47428004 14.01886792 14.216286   14.56782522 15.09215492 15.56762661
 16.24985104 17.01151936 19.69652433 21.76425025 24.43833168 27.18728898
 32.45143992 38.12154916 40.22264151 41.61469712 43.62701092 44.57537239
 48.61151936 51.06673287 54.71797418 58.37437934 61.2182721  63.30327706
 64.29930487 64.39503476 64.70466733 64.14041708 64.21469712 64.04329692
 62.91956306 61.62383317 59.61112214 57.77239325 56.2633565  54.64150943
 53.96067527 54.22264151 52.66196624 52.4836147  49.61191658 46.5245283
 42.85263158 37.28182721 30.95650447 26.98093347 22.92571996 21.95392254
 21.15888779 20.76623635 20.26593843 19.52413108 19.23336643 18.48599801
 18.14756703 17.86196624 17.69930487 17.48659384 17.20357498 17.26713009
 17.21112214 17.17000993 16.91479643 16.99523337 16.83515392 16.73922542
 16.75531281 16.61449851 16.75471698 16.50347567 16.45779543 16.4877855
 16.54875869 16.34200596 16.26633565 16.29731877 16.33485601 16.42879841
 16.14716981 16.21986097 16.2836147  16.0409136  16.21588878 16.2041708
 16.17477656 16.17020854 16.16881827 16.07845084 16.24468719 16.02720953
 15.86971202 16.11281033 16.20337637 16.03455809 16.04667329 16.11737835
 16.159285   16.0774578  15.90347567 15.98510427 16.00695134 15.92313803]","[1.89712016 1.89890765 1.94776564 1.96842105 1.99126117 2.00297915
 2.02581927 2.07050645 2.20456802 2.36842105 2.63654419 2.8653426
 3.11380338 3.25461768 3.25044687 3.23177756 3.27030785 3.23217478
 3.20754717 3.17080437 3.18748759 3.2204568  3.25620655 3.41390268
 3.53128103 3.68262165 3.7590864  3.7388282  3.87328699 3.84170804
 4.0224429  4.27606753 4.68738828 4.89652433 5.31400199 5.63594836
 5.75571003 5.72234359 6.03694141 5.79066534 6.03038729 6.17795432
 6.39046673 6.55610725 6.40019861 6.30148957 5.59165839 5.28758689
 5.01410129 4.85024826 4.60178749 4.34260179 4.15690169 3.93684211
 3.70248262 3.71916584 3.57994042 3.49910626 3.46176763 3.46891758
 3.42323734 3.37378352 3.43495531 3.3632572  3.40973188 3.36027805
 3.37477656 3.37715988 3.3408143  3.34260179 3.35471698 3.33426018
 3.35451837 3.38947368 3.3388282  3.42423039 3.53485601 3.57795432
 3.84587885 3.96246276 4.02343595 4.0917577  4.07328699 4.13426018
 4.240715   4.2285998  4.24965243 4.24806356 4.36484608 4.47825223
 4.40714995 4.43296922 4.35193644 4.20873883 4.18748759 4.25143992
 4.19781529 4.32989076 4.44647468 4.28877855 4.22005958 4.0367428 ]","[ 4.6693148   5.00496524  5.26752731  5.70268123  6.43316783  7.21549156
  8.00873883  9.53406157 15.49950348 22.4305859  31.10665343 36.31181728
 33.56583913 26.88103277 24.84389275 23.37020854 21.7590864  21.10983118
 18.64190665 17.26911619 15.60854022 13.63833168 12.37914598 11.21886792
 10.6285998   9.8123138   9.58331678  9.54935452  9.13108242  9.03316783
  8.65779543  8.44548163  8.39285005  8.65183714  8.98113208  9.3817279
  9.55968222  9.59543198  9.99086395  9.96544191 10.59821251 11.20039722
 11.93326713 12.9509434  14.32671301 15.52909633 17.74518371 18.59980139
 19.40019861 19.80178749 20.18232373 20.33962264 20.2979146  19.56146971
 18.99523337 17.90327706 17.06613704 15.98192651 14.61966236 14.6959285
 14.22999007 13.89334657 13.49036743 12.7980139  12.48957299 12.0673287
 11.47765641 10.86852036 10.17239325  9.83714002  9.80993049  9.8224429
  9.767428    9.48639523  9.28003972  9.05362463  8.66137041  8.44885799
  8.11817279  7.9590864   7.6939424   7.60337637  7.57378352  7.50645482
  7.41608739  7.32214499  7.1183714   7.06196624  6.78828203  6.68699106
  6.44111221  6.31539225  6.26276068  6.13088381  6.14995035  6.07984111
  5.92512413  5.78013903  5.71320755  5.59880834  5.5408143   5.42383317]","[0.46752731 0.50347567 0.5980139  0.67924528 0.8142999  1.01906653
 1.12810328 1.40873883 2.43217478 3.49632572 4.7142006  5.5795432
 5.67209533 5.23098312 5.06097319 4.92869911 4.68341609 4.64508441
 4.22383317 3.97000993 3.63714002 3.27944389 2.96285998 2.67169811
 2.59602781 2.36623635 2.36206554 2.32889772 2.29851043 2.25044687
 2.16425025 2.21767627 2.24329692 2.2939424  2.42800397 2.49950348
 2.55372393 2.56842105 2.67924528 2.62701092 2.79563059 2.92214499
 3.05680238 3.25124131 3.47527309 3.55372393 3.59404171 3.50883813
 3.51916584 3.46097319 3.36226415 3.26613704 3.19483615 2.96464747
 2.85640516 2.63177756 2.56623635 2.34836147 2.1245283  2.16901688
 2.10287984 2.05322741 1.94399206 1.85263158 1.85004965 1.74776564
 1.67308838 1.58013903 1.48202582 1.45243297 1.41727905 1.44865938
 1.41191658 1.3898709  1.34637537 1.29096326 1.21946375 1.21469712
 1.12055611 1.12234359 1.0653426  1.03594836 1.05680238 1.03296922
 1.00635551 1.0061569  0.97656405 0.97517378 0.88560079 0.90427011
 0.86812314 0.87229394 0.87944389 0.82284012 0.81966236 0.82085402
 0.77636544 0.75352532 0.69553128 0.71598808 0.69195631 0.68202582]",35
33,"0.0,0.15,0.3,0.44999999999999996,0.6,0.75,0.8999999999999999,1.05,1.2,1.3499999999999999,1.5,1.65,1.7999999999999998,1.95,2.1,2.25,2.4,2.55,2.6999999999999997,2.85,3.0,3.15,3.3,3.4499999999999997,3.5999999999999996,3.75,3.9,4.05,4.2,4.35,4.5,4.6499999999999995,4.8,4.95,5.1,5.25,5.3999999999999995,5.55,5.7,5.85,6.0,6.1499999999999995,6.3,6.45,6.6,6.75,6.8999999999999995,7.05,7.199999999999999,7.35,7.5,7.6499999999999995,7.8,7.949999999999999,8.1,8.25,8.4,8.549999999999999,8.7,8.85,9.0,9.15,9.299999999999999,9.45,9.6,9.75,9.9,10.049999999999999,10.2,10.35,10.5,10.65,10.799999999999999,10.95,11.1,11.25,11.4,11.549999999999999,11.7,11.85,12.0,12.15,12.299999999999999,12.45,12.6,12.75,12.9,13.049999999999999,13.2,13.35,13.5,13.65,13.799999999999999,13.95,14.1,14.25,14.399999999999999,14.549999999999999,14.7,14.85,15.0,15.149999999999999",2007R_GLUT1_647_WGA_594_0002.nd2,2007,M,R,5,False,7.9587478057343475,False,"[13.07811586 13.28774137 13.49824459 13.68680515 14.05588063 14.48917496
 14.76316559 15.24941486 16.66208309 17.65301346 18.9110591  19.74751317
 21.07504389 22.0983031  22.62009947 23.61527209 24.07533645 24.62990053
 26.25321826 27.92671153 30.95026331 35.36483324 39.24956115 43.3483031
 45.31889994 48.54315389 49.61629608 49.96211235 52.19514336 52.10342305
 54.21035693 56.02399064 56.67495611 55.95275015 54.67817437 52.98186074
 52.45552955 52.38516676 50.87112346 51.04052077 49.11220012 46.99414862
 44.82650673 42.22483909 38.75526624 35.58967232 30.14628438 27.89291984
 25.74400234 24.92598011 23.66164424 22.0299883  21.30631949 19.82050907
 19.27954944 18.96167349 18.44353423 18.20450556 17.79300761 17.656378
 17.74882972 17.69792276 17.39716208 17.4082797  17.39365126 17.2246928
 17.27954944 17.16793446 16.99458748 16.97732592 17.02940316 16.78218256
 16.89409011 16.83016384 16.64467525 16.82445875 16.75804564 16.76623757
 16.73639555 16.61527209 16.61117613 16.74575775 16.54900527 16.59654769
 16.55646577 16.45143359 16.56158572 16.4934172  16.45772382 16.45392042
 16.5487127  16.41471621 16.50073142 16.42173786 16.44631363 16.36907548
 16.29110591 16.41588648 16.32153306 16.33850205 16.36966062 16.33016384]","[1.88589819 1.88750731 1.9550907  1.96854886 2.02296665 2.02633119
 2.02896431 2.09874195 2.28686366 2.53306027 2.84874195 3.17715038
 3.53203628 3.87799883 4.01857812 4.0683148  4.26974839 4.27296665
 4.66968988 4.8989175  5.40520772 5.93344061 6.20392042 6.63999415
 6.86658865 7.25863078 7.33762434 7.33952604 7.54637215 7.55397894
 7.71328262 7.90038034 7.95874781 7.95669982 7.96869514 7.8978935
 7.9270041  7.84215916 7.81904623 7.82226448 7.90418373 7.80485664
 7.63926273 7.56026916 7.27077238 7.12434172 6.6357519  6.29330018
 6.17188414 5.92349327 5.70304272 5.4457285  5.05456407 4.51316559
 4.30822118 3.98888239 3.89277355 3.7874488  3.69821533 3.70757753
 3.70421299 3.64877121 3.61732007 3.57387361 3.59406085 3.56334114
 3.56465769 3.51433587 3.56334114 3.56041545 3.53774137 3.5674371
 3.54373903 3.55675834 3.56977765 3.55778233 3.4738151  3.47293739
 3.52369807 3.5636337  3.55324751 3.54651843 3.50263312 3.56933879
 3.47410767 3.55090696 3.58879462 3.51228789 3.64160328 3.74093037
 3.84025746 4.00687537 4.07694558 4.25511995 4.24283207 4.44426565
 4.75321826 4.97703335 5.18387946 5.3323581  5.52179637 5.67832066]","[ 4.80368637  5.14950263  5.45538327  5.8763897   6.61395553  7.50394968
  8.31217086  9.87390287 16.37053833 23.88150965 34.07577531 41.15798713
 40.04885898 33.28188999 31.50102399 30.54856641 29.46620831 29.14350497
 28.37507314 28.05661205 27.265945   24.97674078 22.31860737 19.24517262
 17.83221182 15.68461088 14.93680515 14.78993563 13.59815682 13.36658865
 12.35356934 11.53408426 10.78203628 10.46021065 10.26331188 10.2219134
 10.26521358 10.27121123 10.33367466 10.34157402 10.55646577 10.74648917
 11.17934465 11.90389116 12.9793739  13.98200702 15.49414862 16.13823874
 16.71269748 16.92276185 17.40023406 17.87331773 18.22425395 18.32928613
 18.05602692 17.29856641 16.69294909 15.72352253 14.4925395  14.51009362
 14.09757168 13.75029257 13.25029257 12.47366881 12.1114687  11.58177297
 10.97864248 10.63604447 10.08221182  9.77165009  9.73273844  9.7593622
  9.6966062   9.46840257  9.25702165  8.95567583  8.53203628  8.36249269
  8.04593329  7.85371562  7.61556466  7.49473376  7.52194266  7.36717379
  7.31846109  7.16237566  6.96021065  6.87068461  6.58382095  6.48990638
  6.33850205  6.2153306   6.17407841  6.07197191  6.06480398  5.99839087
  5.86380925  5.81597425  5.69470451  5.59757168  5.53569339  5.46547689]","[0.48683441 0.56758338 0.63648332 0.74970743 0.91866589 1.12258631
 1.27925688 1.59098888 2.84157402 4.13472791 5.66281451 6.77413692
 6.89803979 6.31889994 6.11249269 6.04154476 5.95684611 5.8717086
 5.80105325 5.75102399 5.60371562 5.18022235 4.76711527 4.27603862
 3.94002341 3.61966062 3.48449386 3.4559684  3.20421299 3.14438268
 2.91281451 2.70655354 2.47527794 2.35064365 2.27238151 2.27574605
 2.25321826 2.23829725 2.31465769 2.27516091 2.2855471  2.35356934
 2.41705676 2.54154476 2.61746635 2.7200117  2.88224108 2.87053833
 2.96547689 2.94485079 2.95245758 2.95728496 2.92612639 2.8857519
 2.78320655 2.64994149 2.49414862 2.34230544 2.15974254 2.14131071
 2.08586893 2.01799298 1.97952019 1.86117613 1.79607958 1.72586308
 1.65520772 1.58104154 1.50160913 1.45669982 1.46006437 1.47337624
 1.44821533 1.43475717 1.38926273 1.30602692 1.2378584  1.234055
 1.17480983 1.1676419  1.11907548 1.08952604 1.09318315 1.07913985
 1.07314219 1.04505559 1.0046811  0.96620831 0.89584552 0.89174956
 0.85386191 0.80968403 0.83308953 0.80061439 0.80090696 0.77442949
 0.75175541 0.74736688 0.70567583 0.70991808 0.70099473 0.69236396]",36
34,"0.0,0.15,0.3,0.44999999999999996,0.6,0.75,0.8999999999999999,1.05,1.2,1.3499999999999999,1.5,1.65,1.7999999999999998,1.95,2.1,2.25,2.4,2.55,2.6999999999999997,2.85,3.0,3.15,3.3,3.4499999999999997,3.5999999999999996,3.75,3.9,4.05,4.2,4.35,4.5,4.6499999999999995,4.8,4.95,5.1,5.25,5.3999999999999995,5.55,5.7,5.85,6.0,6.1499999999999995,6.3,6.45,6.6,6.75,6.8999999999999995,7.05,7.199999999999999,7.35,7.5,7.6499999999999995,7.8,7.949999999999999,8.1,8.25,8.4,8.549999999999999,8.7,8.85,9.0,9.15,9.299999999999999,9.45,9.6,9.75,9.9,10.049999999999999,10.2,10.35,10.5,10.65,10.799999999999999,10.95,11.1,11.25,11.4,11.549999999999999,11.7,11.85,12.0,12.15,12.299999999999999,12.45,12.6,12.75,12.9,13.049999999999999,13.2,13.35,13.5,13.65,13.799999999999999,13.95,14.1,14.25,14.399999999999999,14.549999999999999,14.7,14.85,15.0,15.149999999999999",2007R_GLUT1_647_WGA_594_0002.nd2,2007,M,R,5,False,3.1382802609796476,False,"[12.81449021 12.83786152 13.06290778 13.12377057 13.51387672 13.74388938
 13.87554777 14.39633849 15.42233908 16.28142955 17.11432467 17.84672315
 18.7073717  19.5977213  19.88401987 20.10361282 20.65274126 20.8793456
 21.53763755 22.39896777 23.94624598 26.12591294 28.43753043 30.89502386
 32.16291752 33.58681468 34.15649041 33.98052391 34.49810108 34.52001169
 35.02600058 35.51261077 36.61038076 38.04489239 39.69179083 40.64261369
 41.17849839 41.07254845 41.36176843 41.27909241 40.73463823 39.84867076
 38.4935242  36.34131853 33.86356997 31.85412406 28.76190476 27.2681858
 26.0712825  25.09981498 24.07498296 22.48738923 21.41649625 19.62187165
 19.04898237 18.36157367 17.98140033 17.70493719 17.37228552 17.30820917
 17.27607362 17.08433148 16.98500341 16.87301587 16.84243841 16.6869218
 16.7028922  16.70250268 16.59538417 16.48962898 16.49157659 16.54844678
 16.36079462 16.44609991 16.380855   16.39059305 16.36498198 16.37063005
 16.3265167  16.28240335 16.20011686 16.29175187 16.22300127 16.17031843
 16.15911968 16.33557308 16.18882072 16.2053754  16.19670854 16.16515727
 16.30080826 16.20167494 16.21219203 16.12639984 16.18015386 16.2801636
 16.31716818 16.41104294 16.4302269  16.25825299 16.34930373 16.371896  ]","[1.90446976 1.93436557 1.99941572 2.03583601 2.08111793 2.09991236
 2.17022105 2.22611744 2.51407148 2.85577953 3.4017918  4.03729672
 5.38114714 7.11150063 7.69714675 8.23439478 8.69101178 9.02775343
 9.43509592 9.73717012 9.18911286 7.93358652 6.73327491 5.64962509
 5.19846139 4.45252702 4.29058331 4.24919661 3.96455351 3.93193105
 3.67786542 3.48894732 3.28191645 3.24199046 3.17294771 3.13604051
 3.1585354  3.12075178 3.13828026 3.13370338 3.12766579 3.12377057
 3.14334405 3.09952284 3.17684293 3.26399844 3.4142565  3.50287272
 3.57308404 3.59226799 3.73298276 3.85724024 3.88431201 3.8668809
 3.88713604 3.72704256 3.70912455 3.63180446 3.58252994 3.61135456
 3.56042458 3.52400428 3.55526341 3.51806408 3.5363716  3.48826565
 3.50443081 3.50988412 3.56188529 3.50530724 3.54620703 3.56256695
 3.52040121 3.55273152 3.5184536  3.53374233 3.5353978  3.56169052
 3.57259714 3.57931639 3.56324861 3.59002824 3.53432661 3.58106924
 3.55925601 3.6201188  3.66871166 3.66705619 3.74963482 3.81059499
 3.77933587 3.83893271 3.88470153 3.97536274 3.92248515 4.08481839
 4.3848476  4.44512611 4.60093485 4.55594508 4.62177427 4.59226799]","[ 4.9157659   5.29292044  5.65186484  6.09562762  6.90690428  7.85675334
  8.68117636 10.46353102 17.17528484 25.46401792 36.63248612 45.05638329
 45.59811082 38.56295647 36.60132437 35.32515337 33.89940598 33.31083845
 31.27841075 30.11685656 28.07410653 25.49264777 23.3604051  21.09251144
 19.97195443 17.76375499 17.04752167 16.8419515  15.57522641 15.13779336
 13.88713604 12.67737852 11.63677086 11.06115493 10.60307722 10.39974681
 10.38007596 10.34151329 10.41055604 10.4147434  10.56821502 10.69656247
 10.91664232 11.25202064 11.67231473 12.16116467 13.09192716 13.70795598
 14.34268186 14.76784497 15.29292044 16.22864933 16.72860064 17.61378907
 17.49264777 17.12873698 16.56470932 15.75927549 14.56636479 14.60629078
 14.16009349 13.80631025 13.30830655 12.63735515 12.24452235 11.84428864
 11.24130879 10.75878859 10.0204499   9.82120947  9.71837569  9.76687117
  9.64748271  9.43558282  9.25348135  8.96913039  8.49537443  8.35738631
  7.99016457  7.84565196  7.57454475  7.45242964  7.43714091  7.28279287
  7.22193008  7.08881098  6.85655857  6.81984614  6.60414841  6.49040802
  6.34531113  6.19914305  6.14869997  6.0423605   6.04771643  5.96650112
  5.84370435  5.74681079  5.67026974  5.57444737  5.5513682   5.48047522]","[0.48495472 0.57902425 0.65868147 0.76278119 0.92365372 1.15386114
 1.29525757 1.65011199 2.89395267 4.24958613 5.7652157  6.9197585
 7.27578148 6.685948   6.51426624 6.34881683 6.1221151  5.99435193
 5.58710683 5.29963969 4.83503749 4.39195637 4.05375402 3.75129029
 3.52974973 3.19330022 3.07021132 3.04907975 2.84467816 2.78576298
 2.54455156 2.29009641 2.0762489  1.9491674  1.86678352 1.82247541
 1.80027267 1.82198851 1.82471516 1.80173337 1.78089395 1.80114909
 1.82442302 1.86736781 1.92998345 2.04275002 2.21141299 2.27198364
 2.39000876 2.43032428 2.49829584 2.60444055 2.62878567 2.63083066
 2.59674749 2.50277534 2.39448827 2.26614081 2.06670562 2.05151427
 2.01976823 1.9466355  1.87691109 1.78839225 1.74515532 1.6560522
 1.57454475 1.51816146 1.43275879 1.39312494 1.38251047 1.3883533
 1.38660045 1.34375304 1.31940793 1.26399844 1.19534521 1.16720226
 1.11481157 1.1002045  1.0453793  1.01665206 1.02677963 1.00243451
 0.99220956 0.96689064 0.93709222 0.91031259 0.85509787 0.85130003
 0.83036323 0.80767358 0.81965138 0.77884896 0.79082676 0.76765021
 0.75109553 0.74359723 0.70892979 0.70152887 0.6814685  0.68984322]",37
35,"0.0,0.15,0.3,0.44999999999999996,0.6,0.75,0.8999999999999999,1.05,1.2,1.3499999999999999,1.5,1.65,1.7999999999999998,1.95,2.1,2.25,2.4,2.55,2.6999999999999997,2.85,3.0,3.15,3.3,3.4499999999999997,3.5999999999999996,3.75,3.9,4.05,4.2,4.35,4.5,4.6499999999999995,4.8,4.95,5.1,5.25,5.3999999999999995,5.55,5.7,5.85,6.0,6.1499999999999995,6.3,6.45,6.6,6.75,6.8999999999999995,7.05,7.199999999999999,7.35,7.5,7.6499999999999995,7.8,7.949999999999999,8.1,8.25,8.4,8.549999999999999,8.7,8.85,9.0,9.15,9.299999999999999,9.45,9.6,9.75,9.9,10.049999999999999,10.2,10.35,10.5,10.65,10.799999999999999,10.95,11.1,11.25,11.4,11.549999999999999,11.7,11.85,12.0,12.15,12.299999999999999,12.45,12.6,12.75,12.9,13.049999999999999,13.2,13.35,13.5,13.65,13.799999999999999,13.95,14.1,14.25,14.399999999999999,14.549999999999999,14.7,14.85,15.0,15.149999999999999",2007R_GLUT1_647_WGA_594_0002.nd2,2007,M,R,5,True,46.10826904858573,False,"[12.39585871 12.68642577 12.73731222 12.86669373 13.09527676 13.24401137
 13.48260928 13.94329409 14.99837596 15.86994181 16.54161592 16.93612126
 17.32643118 17.4513466  17.39951279 17.31479226 17.3816484  17.33062661
 17.45405332 17.48396265 17.78359724 17.92475301 17.9757748  18.45946677
 18.52050345 18.94234673 19.19447828 18.93124915 19.46027879 19.49871431
 20.29327379 21.34145351 23.6742455  26.62538909 31.45987278 36.08959264
 38.21071864 38.79225876 42.85897956 42.2896197  46.6574638  49.7771011
 52.5136013  53.59236703 53.80849912 53.681689   52.28095818 50.94018135
 49.1028556  48.12735147 46.53958587 43.45554202 41.31817567 34.95060225
 31.59994587 26.45188794 23.43226418 21.46623359 19.8091758  19.73379348
 19.30234132 19.02219515 18.87156584 18.49045879 18.26363513 17.99093247
 17.80159697 17.49939099 17.18256868 17.29029639 17.16497496 17.11530654
 17.18798214 17.13398295 16.93760996 16.76722155 16.69779402 16.67532819
 16.63215591 16.66260658 16.45784274 16.50439843 16.55000677 16.49127081
 16.44660983 16.37894167 16.53863852 16.3376641  16.30694275 16.41399377
 16.42806875 16.14521586 16.13168223 16.22858303 16.23264312 16.19880904
 16.04560834 16.03775883 16.04560834 15.96670727 16.08823927 15.72025985]","[ 2.21613209  2.25849235  2.35850589  2.41575315  2.50561646  2.53511977
  2.61117878  2.70036541  3.04777372  3.35552849  3.82920558  4.36919746
  5.16835837  6.26336446  6.75409392  7.14521586  7.66030586  7.92786575
  9.20246312 10.13804304 11.64744891 13.41439978 14.52713493 15.4137231
 15.94275274 16.43591826 16.39653539 16.61415618 16.52158614 16.43808364
 15.802815   15.39775342 15.94897821 18.08878062 21.72797402 25.58884829
 27.46691027 27.52199215 31.18202734 30.62146434 35.09081066 38.49005278
 41.31032616 43.97374476 46.10826905 46.7804845  45.63215591 44.67113276
 43.49668426 42.90729463 41.54134524 39.33549871 37.34456625 31.62944918
 28.75680065 22.94451211 18.52118013 13.82758154  9.74868047  9.80755177
  8.71863581  8.10542699  7.36662607  6.53769116  6.21044796  5.90648261
  5.39464068  5.19150088  4.85004737  4.79780755  4.68060631  4.74353769
  4.72174855  4.52537556  4.45879009  4.32561916  4.14778725  4.08634457
  4.01989444  3.9589931   3.88401678  3.81729598  3.77953715  3.80403302
  3.83570172  3.7909054   3.67478685  3.65989985  3.65841115  3.60779537
  3.52524022  3.62119367  3.59669779  3.58343484  3.5422926   3.60806604
  3.64311815  3.7074029   3.73744756  3.85261876  3.90946001  3.95912843]","[ 4.75125186  5.15536608  5.47015834  5.95547435  6.75043984  7.71592908
  8.64758425 10.3227771  16.15293003 21.96982    29.27811612 34.0682095
 32.77277033 27.58059277 25.81770199 24.47530112 23.21640276 22.56760049
 21.20706456 20.51860874 19.96440655 19.52280417 19.39775342 19.02463121
 18.96657193 18.77439437 18.57707403 18.67465151 18.42874543 18.32521315
 17.96372987 17.59764515 17.14115577 16.87535526 16.36256598 15.74015428
 15.45026391 15.32967925 14.60711869 14.70307213 13.66179456 12.6697794
 11.77222899 10.90391122 10.33211531 10.23494384 10.58722425 10.91568548
 11.18202734 11.34984436 11.54296928 11.94627148 12.21626742 12.90255786
 13.31601029 14.05602923 14.5378265  14.6623359  14.31276221 14.26282312
 14.0544052  13.87955068 13.55108946 12.94627148 12.57964542 12.10339694
 11.44268507 11.03545811 10.30139396  9.99959399  9.95344431  9.93571525
  9.86128028  9.6406821   9.39721207  9.12532142  8.6559751   8.46569225
  8.0954121   7.94627148  7.66883205  7.56096901  7.56773582  7.42482068
  7.38611449  7.23737989  7.03978888  6.96291785  6.70645554  6.53268372
  6.38097171  6.24022195  6.19258357  6.05995399  6.10326161  5.99052646
  5.81255921  5.75707132  5.64771958  5.54527     5.44958722  5.32670185]","[0.47503045 0.55948031 0.63364461 0.742455   0.93354987 1.13087021
 1.31438625 1.62890784 2.65462174 3.59385573 4.65705779 5.3850318
 5.530383   5.21437272 5.07592367 4.95412099 4.85113006 4.79970226
 4.67762891 4.57382596 4.49221816 4.2560563  4.09595344 3.92935445
 3.82298011 3.67356882 3.65678712 3.65245635 3.54093923 3.54202192
 3.41196373 3.3712275  3.23507917 3.19637299 3.13127622 3.05819461
 3.02084179 2.97523346 2.89606171 2.92718906 2.74083096 2.57856273
 2.45703072 2.22763567 2.08431452 2.00717282 1.95033157 1.97482745
 1.96670727 1.97672215 1.99729327 2.00960888 2.02002977 2.09378806
 2.15157667 2.23521451 2.2333198  2.1952903  2.06617946 2.0894573
 2.0652321  2.02787928 1.94464745 1.86520503 1.82284477 1.742455
 1.62890784 1.55799161 1.46907565 1.43429422 1.41697117 1.4532413
 1.41832454 1.40113683 1.36202463 1.30261199 1.22208689 1.20097442
 1.1334416  1.12843416 1.06320206 1.0346461  1.06766816 1.02557856
 1.02977399 1.00947354 0.95127893 0.94342942 0.89890378 0.87508459
 0.84503992 0.82379212 0.84300988 0.79252944 0.77791311 0.77046962
 0.72228989 0.72242523 0.67600487 0.66869671 0.64826093 0.65922317]",38
36,"0.0,0.15,0.3,0.44999999999999996,0.6,0.75,0.8999999999999999,1.05,1.2,1.3499999999999999,1.5,1.65,1.7999999999999998,1.95,2.1,2.25,2.4,2.55,2.6999999999999997,2.85,3.0,3.15,3.3,3.4499999999999997,3.5999999999999996,3.75,3.9,4.05,4.2,4.35,4.5,4.6499999999999995,4.8,4.95,5.1,5.25,5.3999999999999995,5.55,5.7,5.85,6.0,6.1499999999999995,6.3,6.45,6.6,6.75,6.8999999999999995,7.05,7.199999999999999,7.35,7.5,7.6499999999999995,7.8,7.949999999999999,8.1,8.25,8.4,8.549999999999999,8.7,8.85,9.0,9.15,9.299999999999999,9.45,9.6,9.75,9.9,10.049999999999999,10.2,10.35,10.5,10.65,10.799999999999999,10.95,11.1,11.25,11.4,11.549999999999999,11.7,11.85,12.0,12.15,12.299999999999999,12.45,12.6,12.75,12.9,13.049999999999999,13.2,13.35,13.5,13.65,13.799999999999999,13.95,14.1,14.25,14.399999999999999,14.549999999999999,14.7,14.85,15.0,15.149999999999999",2007R_GLUT1_647_WGA_594_0002.nd2,2007,M,R,5,True,38.96294140473419,False,"[13.47322468 13.77939464 14.02211874 14.51319364 15.0250291  15.32731859
 16.09293752 16.88571983 19.3668995  21.36166085 23.67384556 26.51823826
 31.13775708 36.35098952 37.50310438 38.97361273 40.8096624  41.05781917
 43.75397749 45.05413271 48.01241754 51.15386108 54.09080326 58.08808692
 60.01028328 64.10360885 65.25941017 65.88882421 67.99204501 68.37136205
 69.68975553 70.798409   69.19460613 66.43597206 61.89658518 58.23884362
 56.38028716 56.02367094 52.84225844 53.28560341 49.49941793 46.22603803
 43.16763679 39.54210322 35.57896779 31.94509119 26.6847109  24.8507955
 23.27240978 22.98913465 22.08440047 20.84866123 20.34982538 19.13775708
 18.75009701 18.28579744 18.04772992 17.8137369  17.46235933 17.46507567
 17.39289872 17.44586729 17.28696158 17.0523865  17.25960419 17.05258052
 17.01552192 16.97826931 16.81897555 16.78579744 16.83139309 16.66880093
 16.62495149 16.67772604 16.65133877 16.61466822 16.56402794 16.57508731
 16.46682189 16.31703531 16.51202949 16.37077998 16.48001552 16.31800543
 16.24466434 16.40706248 16.31043849 16.3403182  16.35060147 16.24097788
 16.34982538 16.26678308 16.24000776 16.19188979 16.13581684 16.11641444
 16.13232441 15.95944897 16.00038805 16.08323632 15.96332945 16.04093908]","[ 2.52192472  2.60147458  2.72623205  2.87039193  3.04772992  3.28405122
  3.4185099   3.73418704  4.44606131  5.33798991  6.59934032  8.30093132
 12.3668995  17.8653473  19.74233605 21.45712068 23.67229336 24.57625146
 27.89289872 30.23069461 33.36767559 36.47458285 38.48603027 39.70430733
 40.49379123 40.75378347 40.7935584  40.66627862 40.758052   40.5104773
 40.01377571 38.9629414  37.61272798 36.63135429 35.52619325 34.18800931
 33.81005045 33.34982538 32.60826542 32.74873884 31.93946449 30.52347691
 29.3564222  27.28036477 25.48059759 23.17559177 19.46662786 17.81567714
 16.03822274 15.13756306 13.91230113 11.63620489 10.42161428  7.7217695
  6.84943733  6.13426465  5.77667831  5.3242142   5.02561118  5.05044626
  4.98020955  4.87000388  4.81412495  4.53376019  4.45149399  4.27279783
  4.16395033  3.93150951  3.91094296  3.82091579  3.77803648  3.80248351
  3.78831975  3.74621653  3.76309662  3.68956151  3.56655025  3.54850601
  3.52696934  3.52813349  3.50097012  3.51804424  3.46720993  3.48719441
  3.49476135  3.40279395  3.38688397  3.40958479  3.42452464  3.36670547
  3.36748157  3.4185099   3.41928599  3.41268917  3.44295693  3.52464106
  3.66472643  3.67151727  3.75067908  3.88804812  4.0814901   4.2726038 ]","[ 4.65017462  4.99961195  5.28346915  5.63484672  6.3193636   7.10826542
  7.7991851   9.40473419 15.79084206 23.4588669  33.20760574 38.87388436
 35.66142802 27.05626698 24.90337602 23.2838572  21.44586729 20.53492433
 18.22235157 16.87485448 15.18839736 13.68956151 12.63523477 11.89251067
 11.55859527 11.0983702  10.89716725 10.95770276 10.6847109  10.66472643
 10.38901824 10.1604579   9.9790454   9.92801707 10.02638727 10.1798603
 10.28696158 10.2991851  10.55393869 10.48137369 10.78249903 11.03240202
 11.35603415 11.77143966 12.38086923 13.01552192 14.25766395 15.02638727
 15.8298409  16.12475747 16.79161816 17.48777648 17.88688397 18.43500194
 18.58284827 18.25630578 17.67520373 16.74000776 15.06596818 15.07935584
 14.51688009 14.06014746 13.39503298 12.60225068 12.09216143 11.64454792
 11.04016298 10.72933644 10.07954986  9.94528522  9.91715173  9.830617
  9.79821498  9.5523865   9.34924331  9.11874272  8.78114086  8.54617773
  8.20915794  8.07799767  7.78734963  7.65812961  7.62786185  7.53531238
  7.44547924  7.314513    7.04287932  6.98835856  6.75611176  6.59002716
  6.4371362   6.28288708  6.22273962  6.11039969  6.08925107  6.00659682
  5.8653473   5.80209546  5.66356228  5.54346139  5.49359721  5.35487   ]","[0.49902988 0.60128056 0.67403958 0.7790066  0.91753977 1.14299573
 1.26930539 1.59080326 2.75863407 4.0265813  5.53608847 6.61757858
 7.11389212 6.9644936  6.98971672 6.95576251 6.85739232 6.85215367
 6.65444315 6.50388048 6.11136981 5.58440047 5.09545984 4.60516104
 4.38300349 4.08498254 3.95692666 3.97594102 3.83488553 3.81761738
 3.73127668 3.58750485 3.44625534 3.34128832 3.23845557 3.24544043
 3.21245634 3.20935196 3.29103609 3.25552969 3.35234769 3.43209158
 3.50058207 3.55102833 3.59662398 3.6814125  3.87349631 3.91055491
 3.98797051 3.91268917 3.88940629 3.7999612  3.68296469 3.43015134
 3.22506791 3.06810244 2.87543655 2.69188979 2.3564222  2.36146682
 2.2572759  2.19499418 2.07857974 1.98719441 1.92918122 1.8249903
 1.76115638 1.63290648 1.59817617 1.54326737 1.54578968 1.53395421
 1.47710516 1.49534342 1.42161428 1.38319752 1.32207994 1.31296081
 1.25417152 1.21226232 1.14493597 1.12999612 1.16201009 1.11039969
 1.12320528 1.11990687 1.08032596 1.02114862 0.96915017 0.94955374
 0.90337602 0.9121071  0.8701979  0.8459449  0.84769111 0.82188591
 0.80267753 0.77726038 0.75436554 0.72914241 0.69266589 0.68509895]",39
37,"0.0,0.15,0.3,0.44999999999999996,0.6,0.75,0.8999999999999999,1.05,1.2,1.3499999999999999,1.5,1.65,1.7999999999999998,1.95,2.1,2.25,2.4,2.55,2.6999999999999997,2.85,3.0,3.15,3.3,3.4499999999999997,3.5999999999999996,3.75,3.9,4.05,4.2,4.35,4.5,4.6499999999999995,4.8,4.95,5.1,5.25,5.3999999999999995,5.55,5.7,5.85,6.0,6.1499999999999995,6.3,6.45,6.6,6.75,6.8999999999999995,7.05,7.199999999999999,7.35,7.5,7.6499999999999995,7.8,7.949999999999999,8.1,8.25,8.4,8.549999999999999,8.7,8.85,9.0,9.15,9.299999999999999,9.45,9.6,9.75,9.9,10.049999999999999,10.2,10.35,10.5,10.65,10.799999999999999,10.95,11.1,11.25,11.4,11.549999999999999,11.7,11.85,12.0,12.15,12.299999999999999,12.45,12.6,12.75,12.9,13.049999999999999,13.2,13.35,13.5,13.65,13.799999999999999,13.95,14.1,14.25,14.399999999999999,14.549999999999999,14.7,14.85,15.0,15.149999999999999",2007R_GLUT1_647_WGA_594_0002.nd2,2007,M,R,5,True,98.18765957446809,False,"[13.35914894 13.8164539  13.92666667 14.07404255 14.44524823 14.82156028
 15.14113475 15.71801418 17.09914894 18.19929078 19.55744681 21.02496454
 23.40411348 26.34       27.44553191 28.22496454 29.53815603 29.99957447
 32.27531915 33.49177305 35.98765957 38.85177305 41.95049645 44.49460993
 45.96468085 48.58680851 49.29390071 49.48382979 50.7541844  51.19035461
 52.15673759 52.70836879 52.91829787 51.80184397 49.75078014 47.4048227
 46.08453901 45.6906383  43.30283688 43.76255319 40.72297872 37.85829787
 34.70638298 30.49262411 26.93021277 24.1612766  21.29361702 20.3941844
 19.85631206 19.50666667 19.26780142 18.86695035 18.38297872 17.8141844
 17.54638298 17.17744681 16.9858156  16.88865248 16.6222695  16.67531915
 16.53801418 16.45120567 16.44028369 16.37971631 16.3164539  16.14567376
 16.04170213 16.16113475 16.08751773 15.96680851 16.03758865 16.10638298
 16.08113475 15.96893617 16.09134752 15.97687943 15.8258156  15.81460993
 15.86893617 15.97815603 15.80141844 15.80794326 15.72978723 15.8458156
 15.7541844  15.73390071 15.76156028 15.75333333 15.78156028 15.6777305
 15.73475177 15.6870922  15.49092199 15.53588652 15.57858156 15.52141844
 15.56269504 15.47106383 15.53673759 15.46326241 15.6070922  15.68595745]","[  3.09957447   3.34411348   3.51475177   3.78978723   4.09361702
   4.34595745   4.62851064   5.02453901   6.09319149   6.99021277
   8.44326241  10.37007092  14.17319149  20.50539007  23.20822695
  25.87588652  29.47588652  31.4377305   38.49304965  43.88808511
  52.80297872  62.66368794  70.46411348  76.70695035  80.06241135
  84.80808511  86.97914894  87.09304965  90.95460993  91.65021277
  94.96567376  98.18765957 101.21404255 101.29120567 101.18
  99.68170213  98.77035461  98.44496454  96.7893617   96.74312057
  93.99914894  90.78340426  85.90382979  78.3187234   68.3022695
  58.09106383  40.51560284  33.5164539   27.34907801  24.99078014
  21.16992908  16.5906383   14.13234043  10.54851064   9.32780142
   7.86070922   7.04099291   6.31106383   5.7258156    5.71319149
   5.55092199   5.39304965   5.26425532   5.00879433   4.91744681
   4.81248227   4.69163121   4.69262411   4.52397163   4.41035461
   4.42609929   4.39219858   4.4906383    4.32765957   4.32056738
   4.25602837   4.1987234    4.13262411   4.11886525   4.11219858
   4.04184397   4.07886525   4.04212766   4.14780142   4.09148936
   4.11588652   4.20141844   4.27134752   4.62652482   4.80921986
   4.90808511   5.02539007   4.94907801   5.07007092   4.95858156
   5.01546099   4.92893617   4.81191489   4.63787234   4.57560284
   4.57815603   4.51432624]","[ 4.78141844  5.16510638  5.43829787  5.89475177  6.55801418  7.45404255
  8.17588652  9.8187234  15.89531915 23.40680851 33.92056738 42.15744681
 42.18382979 33.36141844 30.91843972 28.94368794 26.96978723 26.14808511
 23.85219858 22.5858156  20.88170213 19.1787234  17.92666667 16.88170213
 16.36666667 15.56780142 15.16907801 15.18624113 14.63390071 14.44524823
 13.89900709 13.30368794 12.85276596 12.56070922 12.64808511 12.87957447
 13.09659574 13.0893617  13.59971631 13.53475177 14.2564539  15.04028369
 16.1470922  17.79730496 19.75432624 21.1070922  22.26297872 22.46382979
 22.50269504 22.45631206 22.08028369 21.53163121 20.83276596 19.26085106
 18.39758865 17.02368794 15.89758865 14.73531915 13.29092199 13.29460993
 12.87815603 12.56439716 12.02382979 11.30751773 11.02468085 10.45957447
  9.95531915  9.4387234   8.85886525  8.58453901  8.64326241  8.59673759
  8.5141844   8.36652482  8.17758865  7.91021277  7.62595745  7.44595745
  7.1648227   7.02099291  6.81361702  6.69787234  6.67943262  6.60638298
  6.5377305   6.47687943  6.2906383   6.24822695  6.02468085  5.92283688
  5.85702128  5.71021277  5.66595745  5.57886525  5.60907801  5.5435461
  5.43687943  5.36595745  5.30780142  5.23177305  5.20765957  5.16113475]","[0.47914894 0.56794326 0.63404255 0.74624113 0.89971631 1.10652482
 1.24666667 1.56269504 2.67730496 3.86595745 5.2258156  6.34695035
 6.72567376 6.31531915 6.13929078 6.02751773 5.81460993 5.71134752
 5.42269504 5.21574468 4.82992908 4.45361702 4.12780142 3.84425532
 3.66425532 3.47929078 3.40156028 3.35375887 3.2612766  3.13503546
 2.97744681 2.82326241 2.62851064 2.50964539 2.49900709 2.51716312
 2.54425532 2.5587234  2.62765957 2.64382979 2.78       2.91248227
 3.09475177 3.31631206 3.48496454 3.53035461 3.46553191 3.37333333
 3.26808511 3.19460993 3.1141844  2.99404255 2.86865248 2.60425532
 2.49219858 2.28241135 2.14283688 1.98       1.81078014 1.78184397
 1.73744681 1.69191489 1.62680851 1.5141844  1.4906383  1.42156028
 1.33432624 1.25347518 1.1751773  1.13219858 1.12468085 1.17007092
 1.13957447 1.10624113 1.06780142 1.01673759 0.98567376 0.98723404
 0.91900709 0.92085106 0.87475177 0.85078014 0.87829787 0.86567376
 0.84453901 0.84595745 0.81673759 0.80085106 0.75673759 0.74624113
 0.74241135 0.71333333 0.72992908 0.69148936 0.70411348 0.66382979
 0.65489362 0.63574468 0.60851064 0.6293617  0.60652482 0.61531915]",40
38,"0.0,0.15,0.3,0.44999999999999996,0.6,0.75,0.8999999999999999,1.05,1.2,1.3499999999999999,1.5,1.65,1.7999999999999998,1.95,2.1,2.25,2.4,2.55,2.6999999999999997,2.85,3.0,3.15,3.3,3.4499999999999997,3.5999999999999996,3.75,3.9,4.05,4.2,4.35,4.5,4.6499999999999995,4.8,4.95,5.1,5.25,5.3999999999999995,5.55,5.7,5.85,6.0,6.1499999999999995,6.3,6.45,6.6,6.75,6.8999999999999995,7.05,7.199999999999999,7.35,7.5,7.6499999999999995,7.8,7.949999999999999,8.1,8.25,8.4,8.549999999999999,8.7,8.85,9.0,9.15,9.299999999999999,9.45,9.6,9.75,9.9,10.049999999999999,10.2,10.35,10.5,10.65,10.799999999999999,10.95,11.1,11.25,11.4,11.549999999999999,11.7,11.85,12.0,12.15,12.299999999999999,12.45,12.6,12.75,12.9,13.049999999999999,13.2,13.35,13.5,13.65,13.799999999999999,13.95,14.1,14.25,14.399999999999999,14.549999999999999,14.7,14.85,15.0,15.149999999999999",2007R_GLUT1_647_WGA_594_0002.nd2,2007,M,R,5,False,2.955154338963308,False,"[13.41613279 13.7341293  13.97728596 14.28945836 14.58503203 15.08474083
 15.5728014  15.97815958 17.63861386 18.99446709 20.09988352 21.43389633
 23.39895166 25.14705882 25.91729761 26.61240536 27.7396622  28.05096098
 30.79935935 33.44379732 37.12609202 42.79237041 47.36779266 52.66889924
 54.35206756 59.53377985 61.80634828 61.4793244  63.84012813 65.34304019
 69.19481654 73.52475248 78.07600466 80.38730344 82.49330227 83.09202097
 83.08270239 83.30460105 83.25101922 82.74927199 81.74956319 79.68287711
 76.60861969 71.09668026 64.1196855  59.1560862  50.65433896 46.52679091
 43.11357018 40.53727432 36.95136867 32.06610367 29.51106581 24.17239371
 23.08386721 21.49301107 20.57979033 19.88264415 19.03902155 18.88701223
 18.86488061 18.67501456 18.43389633 18.06930693 18.09493302 17.854106
 17.82644147 17.69598136 17.19073966 17.46709377 17.30605708 17.20966803
 17.30693069 17.2658707  17.09551543 17.11124054 16.99126383 16.88293535
 16.84536983 16.88118812 16.68287711 16.55969715 16.90914386 16.68345952
 16.77111241 16.74199185 16.5573675  16.6613279  16.62288876 16.68520676
 16.47000582 16.56115317 16.37041351 16.3491555  16.35963891 16.47845079
 16.35527082 16.15958066 16.43913803 16.33576005 16.12259755 16.16860804]","[1.87594642 1.87041351 1.92108328 1.95282469 1.9737915  1.96709377
 1.99970879 2.03785673 2.18142108 2.34595224 2.74868957 2.97582994
 3.42137449 3.69365172 3.80867793 3.82207338 3.94583576 4.02999418
 4.12900408 4.29819453 4.41409435 4.43331392 4.28479907 4.27111241
 4.14618521 4.24635993 4.27693652 4.34216657 4.32644147 4.3543972
 4.42632499 4.35061153 4.32090856 4.17064648 4.02154921 3.69831101
 3.62114153 3.58415842 3.42748981 3.43098427 3.31974374 3.14531159
 3.06144438 2.95515434 2.9740827  3.00029121 3.18986605 3.29411765
 3.37041351 3.3747816  3.52533489 3.65492137 3.63774024 3.69336051
 3.66744321 3.51106581 3.52941176 3.45515434 3.51310425 3.43273151
 3.47000582 3.43593477 3.45224228 3.34071054 3.34536983 3.30809552
 3.3124636  3.39982528 3.52475248 3.35497962 3.47495632 3.48776937
 3.37740245 3.47291788 3.4531159  3.43127548 3.48048923 3.45165987
 3.37594642 3.44612697 3.5052417  3.45777519 3.47815958 3.58910891
 3.49359348 3.43302271 3.5101922  3.54804892 3.59784508 3.77198602
 3.77664531 4.12580082 4.06464764 4.1980198  4.19510775 4.33576005
 4.44525335 4.40244613 4.28712871 4.28043098 4.20093186 4.16045428]","[ 4.79382644  5.17763541  5.4429237   5.95136867  6.65404776  7.61531741
  8.61007571 10.19161328 16.48019802 24.07134537 33.86866628 39.98485731
 37.4531159  30.4685498  28.50844496 27.20034945 26.01106581 25.68811881
 24.5518346  24.25160163 23.84071054 22.83255679 21.43797321 19.25742574
 18.15783343 16.27926616 15.60745486 15.53698311 14.64938847 14.54601048
 13.62376238 13.04979616 12.35701805 11.74403029 10.88846826 10.29848573
 10.11386139 10.04455446  9.74898078  9.79353524  9.58066395  9.6508445
  9.70267909 10.07862551 11.04222481 11.86837507 13.71054164 14.42632499
 15.12143273 15.51252184 16.23820617 17.52562609 18.0937682  19.36604543
 19.24752475 18.41030868 17.4324403  16.32527665 14.5885265  14.72597554
 14.2446127  13.77693652 13.25859056 12.45486313 12.02446127 11.5157251
 10.93476995 10.45748398  9.87216075  9.63686663  9.58998253  9.59435061
  9.52970297  9.34420501  9.15666861  8.86022132  8.42370414  8.29790332
  8.00116482  7.83576005  7.45544554  7.35701805  7.38497379  7.16773442
  7.11211415  7.0157251   6.75480489  6.67559697  6.52213162  6.42807222
  6.30634828  6.13599301  6.07716948  5.98252766  6.05096098  5.92981945
  5.80489225  5.69831101  5.60221316  5.57949913  5.46622015  5.43913803]","[ 1.06290041  1.24286546  1.40390215  1.59056494  1.93535236  2.27664531
  2.60017472  3.11502621  4.82847991  6.69219569  9.09085614 11.12114153
 13.78421666 17.01368666 18.54717531 20.05329062 21.61910309 22.42486896
 26.00873617 28.31537566 30.63686663 31.67792662 30.69161328 28.48747816
 27.25451369 25.15055329 24.3905067  24.06959814 22.75101922 22.44059406
 20.60279557 18.63308096 15.70355271 12.96097845  9.68928363  7.50087362
  6.74665114  6.62055911  5.6721025   5.70762959  4.65579499  4.08211998
  3.59085614  3.26383227  3.00931858  2.96971462  2.99912638  3.00087362
  3.07018055  3.10745486  3.14298195  3.21316249  3.26092021  3.16744321
  3.05154339  2.8488643   2.67763541  2.49417589  2.23791497  2.2865463
  2.15899825  2.13890507  2.03290623  1.90040769  1.81333722  1.72859639
  1.61153174  1.55096098  1.45282469  1.46214327  1.4167152   1.41904485
  1.40011648  1.41234712  1.36779266  1.29411765  1.25596971  1.26616191
  1.17122889  1.13133372  1.05562027  1.07221899  1.05329062  1.06319161
  1.0518346   1.01368666  1.01193943  0.98718695  0.94234129  0.95806639
  0.92632499  0.88642982  0.86109493  0.86604543  0.84245778  0.84566104
  0.79324403  0.75800815  0.74839837  0.72947001  0.71461852  0.69394292]",41
39,"0.0,0.15,0.3,0.44999999999999996,0.6,0.75,0.8999999999999999,1.05,1.2,1.3499999999999999,1.5,1.65,1.7999999999999998,1.95,2.1,2.25,2.4,2.55,2.6999999999999997,2.85,3.0,3.15,3.3,3.4499999999999997,3.5999999999999996,3.75,3.9,4.05,4.2,4.35,4.5,4.6499999999999995,4.8,4.95,5.1,5.25,5.3999999999999995,5.55,5.7,5.85,6.0,6.1499999999999995,6.3,6.45,6.6,6.75,6.8999999999999995,7.05,7.199999999999999,7.35,7.5,7.6499999999999995,7.8,7.949999999999999,8.1,8.25,8.4,8.549999999999999,8.7,8.85,9.0,9.15,9.299999999999999,9.45,9.6,9.75,9.9,10.049999999999999,10.2,10.35,10.5,10.65,10.799999999999999,10.95,11.1,11.25,11.4,11.549999999999999,11.7,11.85,12.0,12.15,12.299999999999999,12.45,12.6,12.75,12.9,13.049999999999999,13.2,13.35,13.5,13.65,13.799999999999999,13.95,14.1,14.25,14.399999999999999,14.549999999999999,14.7,14.85,15.0,15.149999999999999",2007R_GLUT1_647_WGA_594_0002.nd2,2007,M,R,5,False,3.496626881162429,False,"[12.61269677 12.5867497  12.75505968 13.01850891 13.16415845 13.40235253
 13.75817333 13.91575852 15.27071441 15.97318803 16.64711988 17.008822
 17.59487978 17.62947587 17.74122124 17.48348037 17.40304446 17.55924581
 17.74900536 17.80643487 17.78654212 18.03563397 18.20567376 18.26466009
 18.59349593 18.75730842 19.02023871 18.97301505 19.33437122 19.56824079
 20.07680332 21.05846739 22.50250822 24.95658191 29.34198236 34.230064
 37.02784985 37.47275558 42.10482615 41.23058294 47.70057084 52.54921294
 56.38816814 60.00449749 62.90607161 64.78740702 66.15896904 65.60958312
 64.02836879 63.46739318 61.67548867 57.40633108 53.26621692 41.60491264
 36.22400969 28.43020239 24.88029753 22.43521882 20.77356859 20.63051375
 20.03822868 19.94845182 19.19529493 18.62895693 18.71873378 18.68344577
 18.11849161 18.07403563 17.67618059 17.56824079 17.43521882 17.4973188
 17.23732918 17.27763363 17.28489881 16.9991351  17.08026293 17.05016433
 16.71562013 16.67825636 16.56702993 16.84500951 16.75038921 16.60785331
 16.67842934 16.47327452 16.5177305  16.65455803 16.64193046 16.37623249
 16.31690019 16.18387822 16.18699187 16.26656288 16.1292164  16.15706625
 16.15153088 16.38989794 16.13163812 15.97803148 15.97145823 16.05587269]","[ 2.02352534  2.02663899  2.10742086  2.14115205  2.18889465  2.23300467
  2.26258433  2.32468431  2.59314997  2.91126103  3.3203598   3.73395606
  4.35460993  5.23317765  5.60422072  5.89742259  6.46254973  6.71440927
  7.70818198  8.57844664  9.89586577 10.85227469 11.25981664 11.33316035
 11.3495935  11.61996194 11.610621   11.50475696 11.64539007 11.67825636
 11.734475   11.76561149 11.74277807 11.24355648 10.38488151  9.70160872
  9.50198928  9.44075419  8.99757827  9.03874762  8.33246843  7.47638817
  6.42708874  5.19321917  4.36689154  3.85435046  3.49662688  3.37813527
  3.30928905  3.28559073  3.31465144  3.27590382  3.23127487  3.30185089
  3.35530185  3.33558208  3.44386784  3.38799516  3.41999654  3.3964712
  3.36948625  3.3911088   3.33264141  3.35166926  3.29942916  3.32399239
  3.36395087  3.35564781  3.35720464  3.30202387  3.3345442   3.3061754
  3.29406677  3.32260855  3.32018682  3.32952776  3.32018682  3.26569798
  3.35910742  3.35322609  3.35236118  3.36896731  3.33800381  3.45372773
  3.38574641  3.38816814  3.35253416  3.40027677  3.37623249  3.39491437
  3.39180073  3.41273136  3.43020239  3.42311019  3.38211382  3.46393358
  3.58121432  3.72738281  3.86126968  4.00830306  4.12402698  4.10828576]","[ 4.77772012  5.19667878  5.49870265  5.96211728  6.76128697  7.65974745
  8.4141152  10.15499049 16.28541775 23.1902785  31.08199273 35.83220896
 34.14409272 28.         26.43850545 25.19581387 23.73430202 23.18353226
 21.66632071 20.95173845 19.99498357 19.41498011 18.96384709 18.61788618
 18.42899152 18.24182667 18.29043418 18.23092891 18.22798824 18.24736205
 18.17799689 18.04722366 17.56599204 17.27919045 16.6478118  16.18906764
 15.94620308 15.90572565 15.47102577 15.52015222 14.8327279  13.91973707
 12.7548867  11.18301332 10.0363259   9.35357205  9.15775817  9.30842415
  9.62203771  9.80366719 10.09980972 10.8610967  11.5327798  13.05864037
 13.81421899 14.78775298 15.24857291 15.4575333  15.01366546 15.12056738
 14.67445079 14.46203079 13.98079917 13.24390244 12.83653347 12.3141325
 11.70610621 11.24148071 10.62013492 10.48417229 10.41843972 10.41030964
 10.29199101 10.05691057  9.85815603  9.49143747  9.07057602  8.89067635
  8.49057257  8.34838263  8.07714928  7.96402007  7.90659056  7.78481232
  7.72980453  7.62048089  7.30288877  7.23075592  6.95623595  6.77979588
  6.6344923   6.44715447  6.37415672  6.26431413  6.25756789  6.15758519
  5.97093928  5.86299948  5.80072652  5.6327625   5.55007784  5.46946895]","[0.48192354 0.57308424 0.65507698 0.75696246 0.93115378 1.16277461
 1.33160353 1.66822349 2.78446636 3.93028888 5.16692614 6.02542813
 6.20428992 5.86005881 5.70593323 5.59955025 5.42812662 5.35063138
 5.08597129 4.89534683 4.5742951  4.23732918 3.86697803 3.59747449
 3.41843972 3.26915759 3.27365508 3.27451998 3.26569798 3.25549213
 3.2734821  3.26137346 3.27486594 3.24701609 3.22470161 3.10569106
 3.02663899 3.02283342 2.87026466 2.89759557 2.72548002 2.50717869
 2.25998962 1.98564262 1.7645736  1.62584328 1.55007784 1.55820792
 1.54454247 1.57723577 1.61373465 1.69676527 1.7778931  2.04722366
 2.07593842 2.22106902 2.24113475 2.25583809 2.19062446 2.18733783
 2.14391974 2.06677045 2.05587269 1.92440754 1.87355129 1.77633627
 1.69970593 1.62186473 1.54108286 1.51513579 1.4973188  1.52170905
 1.50181629 1.47413942 1.44784639 1.3646428  1.28697457 1.28334198
 1.19944646 1.19858156 1.13821138 1.1008476  1.11399412 1.07420861
 1.08354956 1.06365681 1.05051029 1.01158969 0.97820446 0.95727383
 0.91074209 0.87095658 0.88341117 0.82944127 0.82442484 0.82978723
 0.7849853  0.74346999 0.74312403 0.70645217 0.71285245 0.67860232]",42
40,"0.0,0.15,0.3,0.44999999999999996,0.6,0.75,0.8999999999999999,1.05,1.2,1.3499999999999999,1.5,1.65,1.7999999999999998,1.95,2.1,2.25,2.4,2.55,2.6999999999999997,2.85,3.0,3.15,3.3,3.4499999999999997,3.5999999999999996,3.75,3.9,4.05,4.2,4.35,4.5,4.6499999999999995,4.8,4.95,5.1,5.25,5.3999999999999995,5.55,5.7,5.85,6.0,6.1499999999999995,6.3,6.45,6.6,6.75,6.8999999999999995,7.05,7.199999999999999,7.35,7.5,7.6499999999999995,7.8,7.949999999999999,8.1,8.25,8.4,8.549999999999999,8.7,8.85,9.0,9.15,9.299999999999999,9.45,9.6,9.75,9.9,10.049999999999999,10.2,10.35,10.5,10.65,10.799999999999999,10.95,11.1,11.25,11.4,11.549999999999999,11.7,11.85,12.0,12.15,12.299999999999999,12.45,12.6,12.75,12.9,13.049999999999999,13.2,13.35,13.5,13.65,13.799999999999999,13.95,14.1,14.25,14.399999999999999,14.549999999999999,14.7,14.85,15.0,15.149999999999999",2007R_GLUT1_647_WGA_594_0002.nd2,2007,M,R,5,False,4.1541044776119405,False,"[12.96057214 13.22537313 13.44216418 13.6300995  13.84353234 14.15099502
 14.3778607  15.14116915 16.68967662 17.81343284 18.61778607 19.37089552
 20.62935323 21.97164179 22.3539801  22.63196517 23.2420398  23.8210199
 24.68606965 25.60385572 27.6391791  29.84340796 32.84266169 36.05062189
 37.4909204  40.07437811 40.51293532 40.86069652 41.8028607  42.14589552
 42.5539801  43.23544776 44.40982587 45.9090796  48.28072139 49.90932836
 50.10024876 50.2931592  50.68743781 50.87885572 50.85236318 50.44104478
 49.50584577 47.04564677 43.84863184 40.8090796  34.63905473 32.24278607
 30.22375622 29.3960199  28.2449005  26.01517413 24.64465174 22.16629353
 20.96641791 19.7050995  19.15609453 18.47251244 18.09850746 18.02487562
 17.94788557 18.04427861 17.75559701 17.47537313 17.45012438 17.37014925
 17.11940299 17.14850746 17.09067164 17.04763682 17.010199   17.0039801
 16.9391791  16.90186567 16.77773632 16.80771144 16.70733831 16.65447761
 16.54502488 16.56144279 16.74154229 16.54004975 16.58793532 16.52251244
 16.47562189 16.56542289 16.52537313 16.44029851 16.35149254 16.38047264
 16.40211443 16.26405473 16.15149254 16.08345771 16.3738806  16.24402985
 16.21952736 16.20385572 16.34664179 16.20559701 16.07338308 16.17723881]","[1.97300995 1.97636816 2.06517413 2.08830846 2.14726368 2.20236318
 2.23097015 2.30572139 2.54440299 2.86716418 3.26977612 3.75597015
 4.49378109 5.60236318 5.97723881 6.3300995  6.85186567 7.07375622
 7.99838308 8.41032338 9.09253731 9.64266169 9.77661692 9.8119403
 9.69577114 9.29291045 9.10995025 8.97537313 8.69179104 8.56878109
 7.97997512 7.25833333 6.54850746 5.94800995 5.12475124 4.59701493
 4.40708955 4.40099502 4.10572139 4.15410448 3.84502488 3.59962687
 3.44564677 3.34278607 3.33097015 3.33283582 3.37699005 3.41753731
 3.45385572 3.41318408 3.47885572 3.50161692 3.46567164 3.42201493
 3.425      3.38059701 3.42860697 3.43482587 3.36430348 3.39813433
 3.41791045 3.36318408 3.37972637 3.35037313 3.33868159 3.36393035
 3.35957711 3.32475124 3.31952736 3.32363184 3.29539801 3.25385572
 3.28544776 3.33495025 3.29241294 3.27338308 3.26380597 3.30883085
 3.2818408  3.35124378 3.30920398 3.3278607  3.31529851 3.34950249
 3.32761194 3.34875622 3.34838308 3.35223881 3.37139303 3.39738806
 3.32276119 3.35447761 3.35024876 3.38059701 3.34253731 3.40261194
 3.5159204  3.60223881 3.57810945 3.70721393 3.78955224 3.875     ]","[ 4.67189055  5.01405473  5.33022388  5.67599502  6.35174129  7.10808458
  7.7858209   9.38159204 15.41679104 22.93383085 32.40721393 38.2550995
 36.17910448 28.82450249 27.06902985 25.90597015 24.5630597  23.92761194
 22.60708955 21.78955224 20.88345771 19.92537313 19.19838308 18.39365672
 17.7949005  16.62238806 16.05074627 15.96554726 14.89651741 14.54937811
 13.32624378 11.93992537 10.78059701 10.08843284  9.49614428  9.23196517
  9.16716418  9.12972637  8.95870647  9.0221393   8.91181592  9.00957711
  9.14291045  9.61057214 10.15671642 10.74987562 11.73271144 12.16753731
 12.56940299 12.66927861 12.95037313 13.26679104 13.63619403 14.46181592
 14.72512438 15.27723881 15.60858209 15.63756219 15.01840796 15.01890547
 14.71131841 14.51231343 14.15273632 13.57288557 13.17475124 12.61915423
 11.90696517 11.35497512 10.57238806 10.27363184 10.26330846 10.28333333
 10.1221393   9.88333333  9.72126866  9.3641791   8.93370647  8.68631841
  8.33830846  8.18283582  7.94141791  7.82711443  7.78868159  7.63246269
  7.55174129  7.45995025  7.19751244  7.13308458  6.84950249  6.6949005
  6.54390547  6.36106965  6.32176617  6.20273632  6.2         6.08644279
  5.95236318  5.85422886  5.70074627  5.60211443  5.52064677  5.42201493]","[0.52338308 0.62189055 0.69415423 0.80945274 0.97151741 1.18072139
 1.32151741 1.67014925 2.86616915 4.24266169 5.81679104 7.07412935
 7.77947761 8.01828358 8.06393035 8.13470149 8.08557214 8.02039801
 7.92636816 7.64987562 7.15708955 6.56504975 6.08308458 5.66119403
 5.45310945 5.08768657 4.96119403 4.88532338 4.64800995 4.55870647
 4.1778607  3.76741294 3.33022388 2.96865672 2.71604478 2.52325871
 2.45087065 2.44116915 2.33146766 2.37587065 2.22412935 2.15211443
 2.1108209  2.11405473 2.15982587 2.21467662 2.31144279 2.32960199
 2.37985075 2.3738806  2.42860697 2.44900498 2.48432836 2.52624378
 2.52039801 2.48569652 2.44875622 2.35335821 2.21181592 2.23532338
 2.13034826 2.13320896 2.06119403 1.98718905 1.90858209 1.84042289
 1.72873134 1.67549751 1.54427861 1.52151741 1.52487562 1.53743781
 1.47860697 1.46069652 1.42773632 1.36368159 1.30858209 1.27238806
 1.23047264 1.18059701 1.16069652 1.1159204  1.14079602 1.10024876
 1.10982587 1.09278607 1.02077114 1.01007463 0.96579602 0.94477612
 0.90634328 0.88681592 0.88159204 0.85883085 0.84527363 0.82450249
 0.8159204  0.79726368 0.77860697 0.76405473 0.72848259 0.71517413]",43
41,"0.0,0.15,0.3,0.44999999999999996,0.6,0.75,0.8999999999999999,1.05,1.2,1.3499999999999999,1.5,1.65,1.7999999999999998,1.95,2.1,2.25,2.4,2.55,2.6999999999999997,2.85,3.0,3.15,3.3,3.4499999999999997,3.5999999999999996,3.75,3.9,4.05,4.2,4.35,4.5,4.6499999999999995,4.8,4.95,5.1,5.25,5.3999999999999995,5.55,5.7,5.85,6.0,6.1499999999999995,6.3,6.45,6.6,6.75,6.8999999999999995,7.05,7.199999999999999,7.35,7.5,7.6499999999999995,7.8,7.949999999999999,8.1,8.25,8.4,8.549999999999999,8.7,8.85,9.0,9.15,9.299999999999999,9.45,9.6,9.75,9.9,10.049999999999999,10.2,10.35,10.5,10.65,10.799999999999999,10.95,11.1,11.25,11.4,11.549999999999999,11.7,11.85,12.0,12.15,12.299999999999999,12.45,12.6,12.75,12.9,13.049999999999999,13.2,13.35,13.5,13.65,13.799999999999999,13.95,14.1,14.25,14.399999999999999,14.549999999999999,14.7,14.85,15.0,15.149999999999999",2007R_GLUT1_647_WGA_594_0002.nd2,2007,M,R,5,True,100.92678490222829,False,"[13.22010005 13.87403365 14.16371078 14.07094134 14.52114598 14.63756253
 15.01682583 15.69849932 16.96498408 17.85902683 18.83310596 20.51068668
 22.29331514 24.98362892 25.65347885 26.24329241 27.54843111 28.51296044
 30.4211005  31.54388358 34.1359709  36.94497499 39.53842656 41.58390177
 42.42155525 43.71123238 44.19508868 44.35015916 44.97589814 45.36653024
 45.92223738 45.9581628  45.38381082 44.9258754  44.43792633 42.99818099
 42.21055025 41.9058663  40.30104593 40.87858117 38.32423829 35.56798545
 32.71623465 28.48112779 25.22373806 23.03592542 20.71987267 20.0627558
 19.55661664 19.31741701 19.00454752 19.02137335 18.44338336 17.87403365
 17.85447931 17.03183265 17.05729877 17.08867667 16.85811733 16.5998181
 16.37517053 16.51887221 16.31014097 16.31741701 16.33196908 16.14188267
 15.8535698  16.02955889 15.97407913 16.03046839 16.05593452 16.1359709
 15.94088222 16.13142337 16.19781719 15.98044566 15.73533424 15.71214188
 15.75034106 16.00454752 15.93087767 15.79445202 15.81900864 15.6730332
 15.71214188 15.6530241  15.87585266 15.68985903 15.69122328 15.61618918
 15.67166894 15.60618463 15.48658481 15.56616644 15.61664393 15.56480218
 15.51159618 15.35788995 15.51750796 15.54570259 15.71259663 15.6416553 ]","[  3.12460209   3.37380628   3.420191     3.74261028   4.09049568
   4.25557071   4.50386539   5.02137335   6.00727603   6.90359254
   8.09276944  10.053206    13.66030014  20.15643474  22.3365166
  24.56980446  28.6957708   30.82946794  37.22328331  42.01955434
  50.85493406  59.89586176  68.4306503   74.84583902  78.28194634
  82.8308322   85.38699409  85.91814461  90.61346066  91.46430196
  94.78854025  97.51205093 100.9267849  102.07003183 103.76580264
 102.06048204 100.42701228  99.84538427  98.11687131  99.38199181
  95.79126876  91.79172351  86.14415643  77.89859027  69.05866303
  58.77762619  41.78262847  35.02955889  28.91678035  26.58481128
  22.47567076  17.2937699   14.31787176  10.58890405   9.43610732
   7.89131423   7.16007276   6.48931332   5.87585266   5.80627558
   5.60163711   5.41336971   5.30559345   5.05184175   4.9686221
   4.85538881   4.60845839   4.77899045   4.45293315   4.47748977
   4.4001819    4.32924056   4.33378809   4.25693497   4.25829923
   4.25329695   4.19736244   4.12960437   4.07094134   4.20009095
   4.14097317   4.23874488   4.1787176    4.29968167   4.22510232
   4.30786721   4.47021373   4.52842201   4.80127331   4.95134152
   4.85720782   4.86903138   4.85720782   4.81218736   4.7166894
   4.8526603    4.92405639   5.05411551   5.20327422   5.31787176
   5.4001819    5.16734879]","[ 4.78672124  5.20145521  5.44383811  5.93997271  6.6111869   7.45156889
  8.12460209  9.86812187 15.98044566 23.59345157 33.97680764 42.75534334
 43.2737608  34.46430196 32.04092769 30.13506139 27.87539791 27.09959072
 24.8203729  23.52069122 21.72851296 19.93315143 18.62528422 17.51978172
 16.85311505 16.10823101 15.70895862 15.74351978 15.11459754 14.96043656
 14.34242838 13.54160982 12.88358345 12.18735789 12.07230559 12.21282401
 12.28740337 12.37608004 12.89722601 12.87994543 13.70895862 14.65347885
 15.91041382 18.03319691 20.19736244 21.43019554 22.26148249 22.2633015
 22.104593   22.00136426 21.60345612 20.95270578 20.2005457  18.32423829
 17.31332424 15.94542974 14.81173261 13.91268759 12.55479764 12.51205093
 12.11050477 11.8526603  11.39063211 10.7148704  10.44338336  9.92996817
  9.42928604  8.89995452  8.36607549  8.12869486  8.16962256  8.14233743
  8.00545703  7.93769895  7.77353342  7.60163711  7.32287403  7.20327422
  6.95998181  6.88176444  6.68030923  6.55525239  6.55297863  6.45657117
  6.37517053  6.32924056  6.1359709   6.05729877  5.85311505  5.73078672
  5.71396089  5.52069122  5.51250568  5.47112324  5.46020919  5.41700773
  5.30786721  5.24465666  5.22419281  5.1787176   5.19372442  5.14597544]","[0.49295134 0.5693497  0.67212369 0.75898136 0.91314234 1.15370623
 1.27194179 1.60709413 2.7166894  3.91905412 5.33560709 6.51159618
 7.05593452 6.69713506 6.55070487 6.49113233 6.28285584 6.211005
 5.9049568  5.76716689 5.31332424 4.9154161  4.50159163 4.15325148
 3.93451569 3.80218281 3.7794452  3.60709413 3.56662119 3.48703956
 3.28285584 3.12005457 2.89995452 2.75216007 2.54524784 2.61800819
 2.56662119 2.59299682 2.63574352 2.65484311 2.78672124 2.98453843
 3.19690769 3.45111414 3.55752615 3.53888131 3.40836744 3.30968622
 3.13369714 3.08594816 3.0095498  2.90677581 2.70168258 2.45156889
 2.31832651 2.18735789 2.03819918 1.91405184 1.83265121 1.78217372
 1.72578445 1.70759436 1.59208731 1.53478854 1.46657572 1.39108686
 1.30468395 1.20009095 1.12824011 1.07003183 1.08822192 1.09913597
 1.05775352 1.04911323 1.03819918 0.98226467 0.9267849  0.93497044
 0.89358799 0.89131423 0.83856298 0.81173261 0.82264666 0.81764438
 0.77353342 0.80263756 0.76170987 0.75079582 0.70259209 0.69122328
 0.69940882 0.67894497 0.6834925  0.66393815 0.64665757 0.62801273
 0.61755343 0.61073215 0.59254206 0.61073215 0.58799454 0.59072306]",44
42,"0.0,0.15,0.3,0.44999999999999996,0.6,0.75,0.8999999999999999,1.05,1.2,1.3499999999999999,1.5,1.65,1.7999999999999998,1.95,2.1,2.25,2.4,2.55,2.6999999999999997,2.85,3.0,3.15,3.3,3.4499999999999997,3.5999999999999996,3.75,3.9,4.05,4.2,4.35,4.5,4.6499999999999995,4.8,4.95,5.1,5.25,5.3999999999999995,5.55,5.7,5.85,6.0,6.1499999999999995,6.3,6.45,6.6,6.75,6.8999999999999995,7.05,7.199999999999999,7.35,7.5,7.6499999999999995,7.8,7.949999999999999,8.1,8.25,8.4,8.549999999999999,8.7,8.85,9.0,9.15,9.299999999999999,9.45,9.6,9.75,9.9,10.049999999999999,10.2,10.35,10.5,10.65,10.799999999999999,10.95,11.1,11.25,11.4,11.549999999999999,11.7,11.85,12.0,12.15,12.299999999999999,12.45,12.6,12.75,12.9,13.049999999999999,13.2,13.35,13.5,13.65,13.799999999999999,13.95,14.1,14.25,14.399999999999999,14.549999999999999,14.7,14.85,15.0,15.149999999999999",2007R_GLUT1_647_WGA_594_0002.nd2,2007,M,R,5,False,3.9314646110721796,False,"[12.80098108 12.90805886 12.99060967 13.36580238 13.52571829 13.71716889
 14.03952348 14.63125438 15.94940434 16.81121233 17.24218641 18.05339874
 18.30357393 18.80939033 18.88269096 19.13735109 19.38626489 19.5932726
 19.87904695 20.25774352 21.1562719  22.4385424  24.04751226 25.86194814
 26.93580939 28.66503153 29.4100911  29.42186405 30.87386125 31.37631395
 33.26531184 35.86629292 39.03784163 43.12613875 47.34702172 50.20294324
 51.2149965  51.59425368 52.74253679 52.49698669 53.88255081 54.50315347
 54.48100911 53.86278907 52.08479327 48.89530484 42.68787666 40.34379818
 37.42270498 36.4856342  34.50413455 32.01471619 29.86811493 26.02382621
 24.31338472 21.83349685 20.27610371 19.41892081 18.70847933 18.57056762
 18.26377015 18.20084093 18.06433076 17.73104415 17.70441486 17.60126139
 17.34449895 17.29250175 17.04597057 16.99187106 17.14632095 17.235459
 17.1547302  16.99201121 16.9042747  16.89474422 16.6269096  16.74337772
 16.57869657 16.57168886 16.61065172 16.33090399 16.52305536 16.55206727
 16.57855641 16.45185704 16.24765242 16.2721794  16.33707078 16.23391731
 16.26741416 16.21653819 16.38752628 16.39088998 16.30847933 16.28311142
 16.2706377  16.1394534  16.26292922 16.16538192 16.09334268 16.22396636]","[1.94786265 1.95038542 2.0269096  2.05185704 2.06419061 2.09516468
 2.13665032 2.20686755 2.41611773 2.68381219 2.99117029 3.36650315
 3.88395235 4.42382621 4.56355992 4.74926419 5.05269797 5.18528381
 5.51156272 5.89698669 6.63714085 7.26587246 7.94071479 8.55907498
 9.02999299 9.56005606 9.70721794 9.78668535 9.91786966 9.89320252
 9.54113525 8.85578136 8.04877365 7.36047652 6.68199019 6.05746321
 5.83756132 5.7192712  5.37547302 5.41415557 4.8470918  4.39383322
 3.93146461 3.61513665 3.37575333 3.2773651  3.19285214 3.17056762
 3.22999299 3.2688157  3.29138052 3.30007008 3.34884373 3.36426069
 3.34435879 3.29866854 3.41177295 3.37533287 3.37014716 3.35332866
 3.31913104 3.35416959 3.36426069 3.3379117  3.29684653 3.28325158
 3.26853539 3.24667134 3.25241766 3.21541696 3.23994394 3.22943238
 3.27512263 3.29586545 3.27820603 3.2403644  3.2385424  3.2119131
 3.2085494  3.2269096  3.22761037 3.22592852 3.23966363 3.22368605
 3.22270498 3.27133847 3.21289418 3.22718991 3.2486335  3.299089
 3.28044849 3.36552207 3.34113525 3.31548704 3.2923616  3.33328662
 3.41976174 3.42747022 3.47750526 3.4908199  3.64569026 3.84288718]","[ 4.78276104  5.10119131  5.39873861  5.79313245  6.53566924  7.40252278
  8.04484933  9.93805186 15.70483532 24.02704975 33.14828311 38.24176594
 35.34379818 27.63910301 25.99313245 25.00014015 23.23980378 22.8807288
 21.566363   21.00028031 20.46110722 19.99341275 19.49922915 18.8822705
 18.33566924 17.59593553 17.39131044 17.30287316 16.76860547 16.60953048
 15.9914506  15.37224947 14.78626489 14.31646811 13.62971268 12.80602663
 12.53566924 12.39705676 11.92697968 12.0287316  11.24597057 10.74842327
 10.25928521  9.74183602  9.58009811  9.78121934 10.60238262 11.07035739
 11.73356692 12.0119131  12.38626489 13.15543097 13.55781359 14.09558514
 14.19285214 14.58864751 14.84470918 15.04386826 14.87638402 14.91282411
 14.76776454 14.55388928 14.23237561 13.71716889 13.44751226 12.90665732
 12.20784863 11.77841626 11.03349685 10.74071479 10.78724597 10.77533287
 10.62368605 10.38220042 10.23307638  9.86573231  9.38346181  9.23672039
  8.78584443  8.58374212  8.28269096  8.17379117  8.13735109  7.94660126
  7.93693062  7.75262789  7.41667835  7.36243868  7.06895585  6.87974772
  6.71128241  6.53594954  6.48437281  6.35641205  6.34197617  6.24414856
  6.08955851  5.99018921  5.86278907  5.7580939   5.66250876  5.564541  ]","[0.45157673 0.54029432 0.6250876  0.73398739 0.88170988 1.05886475
 1.19873861 1.56930624 2.62130343 3.94926419 5.37659425 6.25788367
 6.35865452 5.79341275 5.69194114 5.54057463 5.36678346 5.29460406
 5.10497547 4.97014716 4.78934828 4.57729502 4.38724597 4.20294324
 4.05914506 3.88100911 3.80126139 3.80252278 3.64807288 3.61990189
 3.41387526 3.2486335  3.07231955 2.88661528 2.73160477 2.60294324
 2.54716188 2.55669236 2.45648213 2.48773651 2.39243167 2.24821303
 2.18570427 2.1042747  2.0620883  2.14744219 2.25087596 2.30273301
 2.37421163 2.41807989 2.45017519 2.5480028  2.5730904  2.63587947
 2.60630694 2.60967064 2.6217239  2.55206727 2.44807288 2.45241766
 2.42831114 2.34646111 2.24681149 2.16860547 2.09152067 1.99018921
 1.88451296 1.79411352 1.65508059 1.60784863 1.62718991 1.64583041
 1.59369306 1.56944639 1.53006307 1.45031535 1.36243868 1.35641205
 1.27105816 1.26839523 1.19859846 1.15206727 1.18023826 1.13805186
 1.14295725 1.10946041 1.07876664 1.05437982 0.98556412 0.98093903
 0.94856342 0.94043448 0.90946041 0.89698669 0.9226349  0.86909601
 0.85928521 0.83826209 0.80028031 0.76538192 0.76930624 0.74590049]",45
43,"0.0,0.15,0.3,0.44999999999999996,0.6,0.75,0.8999999999999999,1.05,1.2,1.3499999999999999,1.5,1.65,1.7999999999999998,1.95,2.1,2.25,2.4,2.55,2.6999999999999997,2.85,3.0,3.15,3.3,3.4499999999999997,3.5999999999999996,3.75,3.9,4.05,4.2,4.35,4.5,4.6499999999999995,4.8,4.95,5.1,5.25,5.3999999999999995,5.55,5.7,5.85,6.0,6.1499999999999995,6.3,6.45,6.6,6.75,6.8999999999999995,7.05,7.199999999999999,7.35,7.5,7.6499999999999995,7.8,7.949999999999999,8.1,8.25,8.4,8.549999999999999,8.7,8.85,9.0,9.15,9.299999999999999,9.45,9.6,9.75,9.9,10.049999999999999,10.2,10.35,10.5,10.65,10.799999999999999,10.95,11.1,11.25,11.4,11.549999999999999,11.7,11.85,12.0,12.15,12.299999999999999,12.45,12.6,12.75,12.9,13.049999999999999,13.2,13.35,13.5,13.65,13.799999999999999,13.95,14.1,14.25,14.399999999999999,14.549999999999999,14.7,14.85,15.0,15.149999999999999",2007R_GLUT1_647_WGA_594_0002.nd2,2007,M,R,5,False,4.069537186276767,False,"[12.98365185 12.91687773 13.13446926 13.47501727 13.61178909 13.87635275
 14.04190652 14.74487681 15.94174534 16.90421368 17.73014046 18.30094405
 18.82961087 19.52797605 19.45176146 19.68869445 20.19456597 20.16946811
 20.57057334 20.78448077 22.18397421 23.58945429 25.87773429 27.99539489
 29.36541561 31.32489063 32.23071609 32.33939673 33.83007138 33.99861847
 36.02555837 38.60096707 42.22588073 45.88256965 51.66728068 57.4043288
 60.62974902 60.65300484 65.46281372 64.42712411 72.08979968 76.99608566
 82.41975593 86.2166705  87.69329956 85.28367488 76.05318904 72.12364725
 65.69399033 63.18213217 59.88349067 53.33571264 47.45705733 36.19732904
 31.66129404 26.17407322 23.94105457 22.09532581 20.64655768 20.77826387
 20.07276076 20.00299332 19.70550311 19.22772277 19.08611559 18.53787704
 18.32581165 18.03545936 17.78793461 17.82638729 17.71586461 18.01565738
 17.73842966 17.8740502  17.50356896 17.60096707 17.19111213 17.33294957
 17.23002533 17.19226341 17.23255814 17.08841814 17.17867833 17.01795994
 17.04904444 16.85125489 16.79046742 17.00782869 16.90444393 16.91457518
 16.81924937 16.72069998 16.73244301 16.62790698 16.65530739 16.48146443
 16.62744647 16.57149436 16.463965   16.29311536 16.34262031 16.38015197]","[ 1.98019802  1.98825697  2.04167626  2.07966843  2.12410776  2.16624453
  2.21805204  2.31475938  2.55376468  2.86184665  3.27676721  3.74879116
  4.23209763  4.98526364  5.27262261  5.47985264  6.04559061  6.24084734
  7.13999539  8.03499885  9.69997697 11.03568962 11.34768593 10.98871748
 10.62859774 10.20055261 10.29472715 10.34262031 10.65392586 10.55330417
 11.20170389 12.11812111 13.28344462 13.68201704 12.52037762 11.04697214
 10.34952798 10.31614092  9.48146443  9.59958554  8.4888326   7.40179599
  6.11098319  4.99470412  4.06953719  3.73727838  3.3587382   3.31475938
  3.23209763  3.16578402  3.19940134  3.18213217  3.27446466  3.36311306
  3.3115358   3.371172    3.44047893  3.39166475  3.3732443   3.37554686
  3.40916417  3.40248676  3.38199401  3.4001842   3.32028552  3.38498734
  3.38038222  3.34929772  3.27584619  3.33456136  3.33962699  3.2763067
  3.30508865  3.3115358   3.34446235  3.29334561  3.34446235  3.35827769
  3.35758692  3.37278379  3.41031545  3.42896615  3.37485609  3.38936219
  3.43518305  3.38314529  3.42896615  3.34722542  3.47455676  3.40064472
  3.51162791  3.49021414  3.56136311  3.53373244  3.51807506  3.54823854
  3.71678563  3.84089339  4.00529588  4.21091411  4.44807737  4.68708266]","[ 4.89960857  5.24591296  5.5546857   5.99631591  6.6744186   7.60856551
  8.24268939 10.16831683 16.22657149 25.13101543 35.15335022 41.1176606
 39.6267557  32.60165784 31.34722542 30.53166014 29.21413769 28.84319595
 28.03453834 27.68017499 27.0534193  26.4142298  25.50172692 24.60027631
 24.01888096 22.86276767 22.56136311 22.42643334 21.46695832 21.26709648
 20.31982501 19.1690076  18.02970297 16.86553074 15.51715404 14.38383606
 13.9647709  13.79415151 13.12295648 13.27492517 12.28367488 11.4349528
 10.3359429   9.37508635  8.54040985  8.39788165  8.4681096   8.70250979
  9.13147594  9.30900299  9.63113055 10.49574027 11.15265945 12.87543173
 13.85493898 15.21206539 15.60303937 15.68501036 15.02601888 15.01957172
 14.65277458 14.32788395 13.8289201  13.21390744 12.8719779  12.38844117
 11.69629289 11.11374626 10.4577481  10.20953258 10.22703201 10.16946811
 10.12548929  9.97167856  9.65208381  9.43794612  9.05986645  8.97352061
  8.56113286  8.39788165  8.06884642  7.9154962   7.87266866  7.78586231
  7.65047202  7.53879807  7.25397191  7.11282524  6.93529818  6.73727838
  6.60257886  6.45889938  6.43610408  6.28551692  6.34699516  6.20723003
  6.04835367  5.97789546  5.82362422  5.75638959  5.58853327  5.52429196]","[0.48376698 0.54570573 0.63067004 0.71102924 0.907207   1.08910891
 1.1627907  1.59889477 2.73520608 4.16670504 5.76790237 6.64563666
 6.6764909  6.0041446  5.71471333 5.6039604  5.32742344 5.26755699
 5.02670965 4.86691227 4.64932075 4.48791158 4.27469491 4.09026019
 3.99769744 3.85240617 3.76398803 3.73382455 3.5318904  3.55698826
 3.37186277 3.18604651 2.97421137 2.77043518 2.58277688 2.40939443
 2.33317983 2.25282063 2.23025558 2.19341469 2.06539259 1.92654847
 1.76974442 1.6557679  1.50034538 1.48537877 1.45521529 1.48422749
 1.5215289  1.56481695 1.62859774 1.70596362 1.82799908 2.04374856
 2.1627907  2.33686392 2.31706194 2.28712871 2.18788856 2.18581626
 2.13124568 2.12203546 2.04351831 1.92677872 1.88349067 1.77135621
 1.72277228 1.6163942  1.51416072 1.50725305 1.51899609 1.52751554
 1.50425973 1.44761685 1.46235321 1.40087497 1.34676491 1.30808197
 1.25880728 1.22818328 1.21160488 1.15496201 1.13262722 1.1420677
 1.14805434 1.09601658 1.05917569 1.03453834 0.97881649 0.96592217
 0.93506793 0.90605572 0.90168087 0.85033387 0.85655077 0.81188119
 0.80244071 0.77457978 0.75915266 0.75132397 0.71494359 0.69583237]",46
44,"0.0,0.15,0.3,0.44999999999999996,0.6,0.75,0.8999999999999999,1.05,1.2,1.3499999999999999,1.5,1.65,1.7999999999999998,1.95,2.1,2.25,2.4,2.55,2.6999999999999997,2.85,3.0,3.15,3.3,3.4499999999999997,3.5999999999999996,3.75,3.9,4.05,4.2,4.35,4.5,4.6499999999999995,4.8,4.95,5.1,5.25,5.3999999999999995,5.55,5.7,5.85,6.0,6.1499999999999995,6.3,6.45,6.6,6.75,6.8999999999999995,7.05,7.199999999999999,7.35,7.5,7.6499999999999995,7.8,7.949999999999999,8.1,8.25,8.4,8.549999999999999,8.7,8.85,9.0,9.15,9.299999999999999,9.45,9.6,9.75,9.9,10.049999999999999,10.2,10.35,10.5,10.65,10.799999999999999,10.95,11.1,11.25,11.4,11.549999999999999,11.7,11.85,12.0,12.15,12.299999999999999,12.45,12.6,12.75,12.9,13.049999999999999,13.2,13.35,13.5,13.65,13.799999999999999,13.95,14.1,14.25,14.399999999999999,14.549999999999999,14.7,14.85,15.0,15.149999999999999",2007R_GLUT1_647_WGA_594_0002.nd2,2007,M,R,5,False,4.767021159960531,False,"[12.59006688 12.7526587  13.07455323 13.07038702 13.36399518 13.80013156
 13.86843548 14.57548514 15.69959434 16.61758579 17.32606074 17.76614406
 18.29777437 18.48371889 18.51737748 18.70463765 18.69893652 18.64356978
 18.71231225 18.8466177  19.18539634 19.50652341 19.87018967 20.7343493
 21.12959105 22.47779849 23.03738625 23.08420129 24.62427365 25.22300186
 27.70957132 31.31016336 35.07488214 39.23001864 43.01491065 45.74816358
 46.98234843 47.20524065 48.74476483 48.49161276 51.50674268 52.96480649
 53.09680956 53.54928188 51.7331433  49.23977634 42.22168622 39.09922158
 35.18057231 33.52790264 30.83817564 27.04659577 24.84409604 21.70683039
 20.92478895 19.64104813 19.24701239 18.59905712 18.36662647 18.26696634
 18.22672953 18.08014472 18.03267186 17.68457406 17.6187918  17.45554216
 17.42078719 17.36870957 17.16708694 17.22837408 17.23889924 17.17223989
 17.04210065 16.99857472 17.0883675  16.95515843 17.01008661 16.94989584
 16.98366407 16.76066221 16.89990133 16.70518583 16.88904725 16.64028067
 16.85275737 16.80594233 16.61221357 16.65913825 16.635347   16.65705515
 16.54248438 16.55004934 16.45565179 16.39578994 16.52406534 16.41366078
 16.49676571 16.38789606 16.39875014 16.28724921 16.38197566 16.2414209 ]","[1.90198443 1.892446   1.98070387 1.98772064 2.02170815 2.04988488
 2.08135073 2.11983335 2.32079816 2.60453898 2.96381976 3.25150751
 3.67964039 4.05196799 4.11928517 4.22234404 4.38515514 4.36859993
 4.61692797 4.76943318 5.28702993 5.85209955 6.64751672 7.40510909
 7.93476592 8.62010744 8.75912729 8.76910426 8.88290758 8.90527354
 8.45170486 7.78237035 6.94309834 6.53952417 6.21368271 6.09319154
 6.13880057 6.15228593 6.03322004 6.03387786 5.85999342 5.51354018
 5.09669992 4.76702116 4.61550269 4.49073566 4.42243175 4.40050433
 4.3841684  4.36706501 4.35774586 4.28242517 4.30490078 4.22168622
 4.11468041 3.87567153 3.76811753 3.61517377 3.51167635 3.50400175
 3.47735994 3.46201074 3.44052187 3.3965574  3.38197566 3.37561671
 3.36925776 3.35390856 3.3744107  3.33110405 3.33965574 3.33220042
 3.33757263 3.27496985 3.34733034 3.2804517  3.2996382  3.31005372
 3.33406425 3.35686876 3.34097138 3.36783247 3.3297884  3.33395461
 3.33548953 3.37857691 3.29426598 3.31378138 3.33483171 3.37605526
 3.40258744 3.43536893 3.40445127 3.35368929 3.35632058 3.40521873
 3.46310712 3.51967986 3.56978401 3.67097906 3.79322443 4.01765157]","[ 4.83159741  5.18484815  5.5248328   5.88389431  6.68051749  7.53798926
  8.21905493 10.30961517 16.38954062 26.29602017 37.34480868 42.91272887
 38.63172898 28.21225743 26.27124219 24.7526587  23.02170815 22.44479772
 21.28582392 20.99934218 20.53798926 20.30621642 20.02477798 19.94309834
 19.85188028 19.61550269 19.62021708 19.58644885 19.28363118 19.16653876
 18.62591821 17.89277492 17.0709352  15.9213902  14.38658042 13.08387238
 12.65497204 12.48437671 11.87786427 11.98190988 11.04210065 10.39896941
  9.8040785   9.34349304  9.24602566  9.40905602 10.12937178 10.52264006
 11.26937836 11.51364982 12.08661331 13.15952198 13.94057669 15.27551804
 15.68895954 16.11479004 16.3939261  16.22157658 15.61550269 15.5461024
 15.29909001 14.95296568 14.61605087 14.03245258 13.72228922 13.24756057
 12.63129043 12.12728867 11.32945949 11.08617476 11.06863283 11.09384936
 10.86054161 10.71373753 10.34831707 10.02181778  9.48393816  9.2987611
  8.85736213  8.703322    8.3820853   8.24481965  8.2018419   8.0573402
  7.98761101  7.79870628  7.47439974  7.37495889  7.11369367  6.93049008
  6.77666922  6.64784563  6.56331543  6.45027957  6.42067756  6.31630304
  6.15436904  6.02258524  5.91196141  5.74531301  5.69915579  5.57910317]","[0.49205131 0.57570442 0.66012499 0.7467383  0.93805504 1.1329898
 1.24503892 1.70924241 2.87238241 4.57230567 6.33768227 7.20688521
 6.99199649 5.97631839 5.75134305 5.58063809 5.35237364 5.22574279
 5.05131016 4.94441399 4.75890801 4.68874027 4.64269269 4.60837627
 4.58107664 4.59861857 4.57395022 4.53886635 4.4878851  4.45258195
 4.25238461 4.04736323 3.78719439 3.47856595 3.09560355 2.75485144
 2.65091547 2.61341958 2.48086833 2.50356321 2.30917663 2.12399956
 2.00361802 1.88389431 1.84541169 1.88466177 2.00405657 2.06282206
 2.17991448 2.23144392 2.28341191 2.46376494 2.55158426 2.65003837
 2.6654972  2.62547966 2.59247889 2.46212038 2.35149655 2.32134634
 2.27211929 2.20469247 2.13605964 2.04867887 2.00372766 1.91568907
 1.8342287  1.76888499 1.65552023 1.61747615 1.62219055 1.63293499
 1.59127289 1.5508168  1.54686986 1.45532288 1.38844425 1.34842671
 1.2851661  1.26839162 1.202719   1.19921061 1.19690823 1.1551365
 1.15009319 1.14022585 1.07038702 1.03859226 0.99934218 0.98333516
 0.95526806 0.92073238 0.92643351 0.90154588 0.89694112 0.87402697
 0.85834887 0.81909878 0.78719439 0.7517816  0.73566495 0.72283741]",47
45,"0.0,0.15,0.3,0.44999999999999996,0.6,0.75,0.8999999999999999,1.05,1.2,1.3499999999999999,1.5,1.65,1.7999999999999998,1.95,2.1,2.25,2.4,2.55,2.6999999999999997,2.85,3.0,3.15,3.3,3.4499999999999997,3.5999999999999996,3.75,3.9,4.05,4.2,4.35,4.5,4.6499999999999995,4.8,4.95,5.1,5.25,5.3999999999999995,5.55,5.7,5.85,6.0,6.1499999999999995,6.3,6.45,6.6,6.75,6.8999999999999995,7.05,7.199999999999999,7.35,7.5,7.6499999999999995,7.8,7.949999999999999,8.1,8.25,8.4,8.549999999999999,8.7,8.85,9.0,9.15,9.299999999999999,9.45,9.6,9.75,9.9,10.049999999999999,10.2,10.35,10.5,10.65,10.799999999999999,10.95,11.1,11.25,11.4,11.549999999999999,11.7,11.85,12.0,12.15,12.299999999999999,12.45,12.6,12.75,12.9,13.049999999999999,13.2,13.35,13.5,13.65,13.799999999999999,13.95,14.1,14.25,14.399999999999999,14.549999999999999,14.7,14.85,15.0,15.149999999999999",2007R_GLUT1_647_WGA_594_0002.nd2,2007,M,R,5,False,4.612134233681195,False,"[13.07151627 13.35563741 13.3538981  13.62594639 13.93093923 14.26243094
 14.43503172 15.07755269 16.26836505 17.51227747 18.84949867 20.03396767
 21.7946593  24.39236751 24.97790055 25.71915285 27.0576018  27.52209945
 29.65756088 30.78903213 33.0459382  35.45794966 37.31583794 38.79650092
 39.63894005 41.00879885 41.13535912 41.46981788 42.01964395 42.12696951
 42.77675466 42.82003274 42.72478003 41.813894   40.38326171 38.34254144
 37.27143442 36.88162472 35.6644158  35.94188664 33.63382443 31.78606507
 29.81195007 27.57202783 25.15571926 23.08696542 20.80980151 20.06169429
 19.36484551 19.17577246 18.87804379 18.23797831 18.0367301  17.61929609
 17.49928381 17.21393493 17.07837119 16.89625537 16.7420708  16.66144874
 16.58614692 16.58174749 16.47657049 16.41600164 16.41160221 16.42081031
 16.35236341 16.34131369 16.21332106 16.19050542 16.24503786 16.07755269
 16.14149785 16.1936771  16.08901166 16.13044813 16.13587068 15.90004092
 15.95058318 16.09617352 16.12042153 15.94986699 15.93881727 15.86617557
 15.9432167  16.04542664 15.94761612 15.89124207 15.8914467  15.85236341
 15.76856967 15.90454266 15.84980561 15.84632699 15.79414774 15.85522816
 15.77644772 15.82003274 15.76345406 15.81512175 15.69695109 15.84683855]","[1.88213628 1.89912011 1.9540618  1.98444854 1.98506241 2.0008185
 2.06363822 2.09463884 2.2954778  2.51575609 2.84090444 3.20523839
 3.64067935 4.12973194 4.23449969 4.36136689 4.60190301 4.67761408
 4.96572539 5.19132392 5.56578678 5.68467362 5.54685901 5.31123389
 5.10323307 4.89124207 4.91682014 4.7846327  4.80898302 4.70441989
 4.58522611 4.61213423 4.66502967 4.77900552 4.83599345 4.84786167
 4.83916513 4.95815429 4.88694496 4.91293227 4.89298138 4.9799468
 4.99161039 4.96777164 4.98373235 4.96766933 4.90577041 4.93022304
 4.75475752 4.73173726 4.66267649 4.53887866 4.43032535 4.35246573
 4.35829752 4.44823    4.42981379 4.20963781 3.90894209 3.90587272
 3.79363618 3.72160835 3.67137303 3.61203192 3.60354    3.63505218
 3.63781461 3.58021281 3.55790874 3.54153878 3.56046654 3.54931451
 3.53345611 3.56537753 3.58021281 3.58696542 3.60998568 3.61315736
 3.70574995 3.7262124  3.75148353 3.72140372 3.74319623 3.74227542
 3.72795171 3.80847145 3.86034377 3.92715367 4.06414979 4.20206671
 4.37292818 4.46255371 4.4966237  4.5726417  4.58317986 4.69418866
 4.85052179 4.8096992  4.76550031 4.61540823 4.57796194 4.69674647]","[ 4.78852056  5.13730305  5.46695314  5.81379169  6.59116022  7.50603642
  8.08839779 10.22662165 15.89011664 25.14098629 36.53816247 43.87159812
 42.50971966 32.73091876 30.51197053 28.61735216 26.48608553 25.62072846
 23.5742787  22.28974831 20.10722325 18.11377123 16.1101903  14.73828525
 13.88162472 12.91057909 12.71853898 12.61591979 12.09289953 12.10302844
 11.7838142  11.66380192 11.76867199 12.12042153 12.76683037 13.38888889
 13.68620831 13.77030898 14.00890117 14.00061387 14.69623491 15.14702271
 15.72529159 16.60415388 17.69418866 18.59781052 20.17730714 20.65848169
 21.20851238 21.35768365 21.43984039 21.50900348 21.18313894 19.98004911
 19.12338858 17.57479026 16.45201555 15.22651934 13.85799059 13.81358707
 13.43748721 13.08819317 12.57837119 11.78258645 11.58553305 10.98925721
 10.36198077  9.88254553  9.2095355   9.02475957  9.02404338  9.02557806
  8.88049928  8.65039902  8.45774504  8.16124412  7.76662574  7.6352568
  7.31113157  7.17034991  6.94219357  6.9140577   6.84069982  6.7930223
  6.6953141   6.6043585   6.41047678  6.37528136  6.13433599  6.053407
  5.93564559  5.80734602  5.76222631  5.71301412  5.68897074  5.59995908
  5.5158584   5.45549417  5.38039697  5.29291999  5.25537139  5.19132392]","[0.51800696 0.62461633 0.69418866 0.81338244 1.00736648 1.23419276
 1.37037037 1.87968079 3.09085328 4.76590956 6.50112543 7.577655
 7.66042562 6.8847964  6.71066094 6.54880295 6.30090035 6.23357888
 5.99549826 5.81911193 5.38725189 4.86095764 4.35563741 3.89860855
 3.61070186 3.33619808 3.23951299 3.2170043  3.04706364 2.99283814
 2.83384489 2.71587886 2.67730714 2.67618171 2.73941068 2.78923675
 2.82576223 2.8506241  2.85768365 2.85093104 2.90689585 2.95068549
 3.00961735 3.06711684 3.13904236 3.21649274 3.29793329 3.31798649
 3.28309802 3.27153673 3.25987313 3.1677921  3.07335789 2.85799059
 2.73327195 2.47871905 2.3347657  2.14160016 1.97616124 1.93605484
 1.88336403 1.82852466 1.78933906 1.64651115 1.61152036 1.50675261
 1.43216697 1.34990792 1.2821772  1.24442398 1.23848987 1.26662574
 1.24053612 1.21669736 1.16994066 1.13474524 1.06271741 1.04133415
 0.97923061 0.98229998 0.91190915 0.92377737 0.89809699 0.89543687
 0.89246982 0.87886229 0.84663393 0.84397381 0.78146102 0.79343155
 0.76273788 0.76048701 0.74278699 0.71628811 0.71342337 0.69828115
 0.70441989 0.66932679 0.64497647 0.64753427 0.62338858 0.60814406]",48
46,"0.0,0.15,0.3,0.44999999999999996,0.6,0.75,0.8999999999999999,1.05,1.2,1.3499999999999999,1.5,1.65,1.7999999999999998,1.95,2.1,2.25,2.4,2.55,2.6999999999999997,2.85,3.0,3.15,3.3,3.4499999999999997,3.5999999999999996,3.75,3.9,4.05,4.2,4.35,4.5,4.6499999999999995,4.8,4.95,5.1,5.25,5.3999999999999995,5.55,5.7,5.85,6.0,6.1499999999999995,6.3,6.45,6.6,6.75,6.8999999999999995,7.05,7.199999999999999,7.35,7.5,7.6499999999999995,7.8,7.949999999999999,8.1,8.25,8.4,8.549999999999999,8.7,8.85,9.0,9.15,9.299999999999999,9.45,9.6,9.75,9.9,10.049999999999999,10.2,10.35,10.5,10.65,10.799999999999999,10.95,11.1,11.25,11.4,11.549999999999999,11.7,11.85,12.0,12.15,12.299999999999999,12.45,12.6,12.75,12.9,13.049999999999999,13.2,13.35,13.5,13.65,13.799999999999999,13.95,14.1,14.25,14.399999999999999,14.549999999999999,14.7,14.85,15.0,15.149999999999999",2007R_GLUT1_647_WGA_594_0002.nd2,2007,M,R,5,False,2.9383196721311475,False,"[13.22622951 13.48709016 13.8182377  13.96844262 14.43319672 14.74118852
 15.15655738 16.16290984 17.99508197 19.35963115 21.19795082 22.96803279
 25.63217213 29.4352459  30.28196721 31.52909836 32.99692623 33.9022541
 36.42192623 37.70512295 41.93831967 45.72254098 49.63770492 53.28442623
 56.05696721 58.86372951 59.87315574 60.13811475 62.63012295 62.69016393
 65.12807377 66.50614754 66.92807377 66.81147541 66.3352459  64.06086066
 63.04733607 62.92315574 61.00963115 61.07172131 57.91004098 55.10512295
 51.9227459  48.07745902 41.99303279 36.54077869 28.01270492 26.1477459
 24.22356557 23.43155738 22.43647541 20.87889344 20.72008197 19.34487705
 19.2147541  18.40594262 18.07090164 18.04385246 17.81803279 17.7045082
 17.61946721 17.22172131 17.45266393 17.3317623  17.28790984 17.15840164
 16.97704918 17.06434426 17.00307377 16.82438525 16.75594262 17.03995902
 16.76372951 16.77971311 16.83237705 16.89877049 16.76106557 16.70594262
 16.51270492 16.62807377 16.67418033 16.80040984 16.72377049 16.59303279
 16.56270492 16.66639344 16.75819672 16.49631148 16.50532787 16.64877049
 16.46557377 16.60471311 16.5807377  16.46127049 16.19856557 16.35778689
 16.30696721 16.38381148 16.13053279 16.12622951 16.35245902 16.30758197]","[1.83401639 1.81987705 1.89036885 1.90655738 1.8942623  1.9227459
 1.95737705 1.98401639 2.1192623  2.28811475 2.53668033 2.71065574
 3.01352459 3.18360656 3.16127049 3.1692623  3.22315574 3.25655738
 3.21741803 3.22622951 3.09631148 3.06168033 2.95245902 2.93114754
 2.88647541 2.9102459  2.90184426 2.94139344 2.90491803 2.88995902
 2.89446721 2.90491803 2.93831967 2.86516393 2.86782787 2.84262295
 2.8        2.81721311 2.77315574 2.83954918 2.87315574 2.89754098
 3.01557377 3.19118852 3.27745902 3.36762295 3.37479508 3.4522541
 3.38401639 3.42848361 3.39815574 3.37602459 3.43442623 3.48483607
 3.39262295 3.37172131 3.40327869 3.45409836 3.3807377  3.39241803
 3.34221311 3.33032787 3.33012295 3.31680328 3.33934426 3.30491803
 3.31004098 3.29344262 3.28504098 3.30184426 3.30204918 3.24098361
 3.30737705 3.29405738 3.30737705 3.26106557 3.27356557 3.29979508
 3.37807377 3.3567623  3.34590164 3.38442623 3.31331967 3.42684426
 3.43237705 3.41168033 3.43688525 3.47008197 3.64385246 3.84016393
 3.98278689 4.14098361 4.25040984 4.32028689 4.31741803 4.25368852
 4.03422131 3.9170082  3.71741803 3.65491803 3.6204918  3.65819672]","[ 4.71577869  5.08606557  5.44180328  5.93831967  6.7692623   7.85778689
  8.54795082 10.83934426 16.1625     23.50286885 30.79180328 35.04057377
 33.36413934 26.95266393 25.51045082 24.08852459 22.23831967 21.66270492
 19.98831967 18.91885246 17.55983607 16.4602459  15.04897541 13.82172131
 12.99856557 11.8920082  11.6227459  11.55081967 10.81393443 10.7022541
 10.01188525  9.44221311  9.00040984  8.75963115  8.55163934  8.61168033
  8.66557377  8.67991803  8.85491803  8.88278689  9.37622951  9.99364754
 10.91065574 12.22643443 14.07704918 15.65348361 18.79897541 19.7317623
 20.78258197 21.07766393 21.47684426 21.58258197 21.28565574 20.42131148
 19.74959016 18.59856557 17.81331967 16.63504098 15.29405738 15.21188525
 14.88032787 14.45840164 13.8772541  13.01844262 12.64508197 12.06905738
 11.30348361 10.86618852 10.19979508 10.0192623  10.01987705 10.01557377
  9.92971311  9.67827869  9.50286885  9.09979508  8.67131148  8.49282787
  8.05942623  7.9125      7.61495902  7.53709016  7.54610656  7.41106557
  7.32172131  7.18995902  6.98319672  6.92520492  6.6897541   6.49959016
  6.40963115  6.29221311  6.26045082  6.1125      6.09897541  6.04118852
  5.86229508  5.80737705  5.67520492  5.55471311  5.44508197  5.38360656]","[0.45184426 0.52397541 0.60512295 0.71188525 0.89631148 1.08729508
 1.19979508 1.60901639 2.54057377 3.61352459 4.64446721 5.32684426
 5.36967213 5.03278689 4.93504098 4.8079918  4.62581967 4.56393443
 4.38258197 4.25696721 4.0045082  3.70778689 3.45       3.20635246
 3.0454918  2.85491803 2.7352459  2.72684426 2.5682377  2.54180328
 2.35696721 2.15040984 2.00020492 1.83196721 1.72786885 1.67254098
 1.68995902 1.68463115 1.73790984 1.71147541 1.77643443 1.89651639
 2.06987705 2.28606557 2.66536885 2.89180328 3.34344262 3.44282787
 3.56065574 3.62827869 3.60286885 3.51045082 3.37520492 3.1067623
 3.00963115 2.78237705 2.6227459  2.3977459  2.20737705 2.19979508
 2.14098361 2.08155738 1.9942623  1.85594262 1.82520492 1.75163934
 1.6557377  1.59036885 1.52213115 1.48811475 1.45922131 1.49528689
 1.45061475 1.42971311 1.41803279 1.34651639 1.28196721 1.24344262
 1.17827869 1.17868852 1.125      1.07151639 1.04651639 1.04405738
 1.05348361 1.02028689 0.95717213 0.94098361 0.87663934 0.88340164
 0.86147541 0.82397541 0.83627049 0.8        0.80389344 0.79262295
 0.77213115 0.72786885 0.71045082 0.70942623 0.65614754 0.6420082 ]",49
47,"0.0,0.15,0.3,0.44999999999999996,0.6,0.75,0.8999999999999999,1.05,1.2,1.3499999999999999,1.5,1.65,1.7999999999999998,1.95,2.1,2.25,2.4,2.55,2.6999999999999997,2.85,3.0,3.15,3.3,3.4499999999999997,3.5999999999999996,3.75,3.9,4.05,4.2,4.35,4.5,4.6499999999999995,4.8,4.95,5.1,5.25,5.3999999999999995,5.55,5.7,5.85,6.0,6.1499999999999995,6.3,6.45,6.6,6.75,6.8999999999999995,7.05,7.199999999999999,7.35,7.5,7.6499999999999995,7.8,7.949999999999999,8.1,8.25,8.4,8.549999999999999,8.7,8.85,9.0,9.15,9.299999999999999,9.45,9.6,9.75,9.9,10.049999999999999,10.2,10.35,10.5,10.65,10.799999999999999,10.95,11.1,11.25,11.4,11.549999999999999,11.7,11.85,12.0,12.15,12.299999999999999,12.45,12.6,12.75,12.9,13.049999999999999,13.2,13.35,13.5,13.65,13.799999999999999,13.95,14.1,14.25,14.399999999999999,14.549999999999999,14.7,14.85,15.0,15.149999999999999",2007R_GLUT1_647_WGA_594_0002.nd2,2007,M,R,5,False,9.704408291786933,False,"[13.01049593 13.30608764 13.43610601 13.80989242 14.10771451 14.44725794
 14.67318289 15.37037523 16.86919444 18.24350564 19.54395172 20.65009184
 22.16557334 24.64484387 25.63277355 26.36525846 27.89543427 28.65888218
 31.54172133 33.44424036 38.094201   42.05313566 45.62319601 48.33521385
 49.84662818 51.6874836  51.98622409 51.98937287 52.80320126 53.05352926
 53.60364734 53.72749934 53.99160325 52.89923904 50.36827604 47.84085542
 46.40055104 46.23865127 44.99540803 45.32196274 42.8440042  39.81815796
 37.09223301 33.03712936 28.12411441 25.10076096 21.79021254 20.94174757
 20.16150617 20.01338231 19.4689058  19.15966938 18.72802414 18.343217
 18.11768565 17.86276568 17.67436368 17.52925741 17.2341905  17.15232223
 17.15507741 17.09630018 17.08947783 17.16150617 17.04500131 17.07635791
 16.91813172 16.86027289 16.79427972 16.8440042  16.80753083 16.97664655
 16.82012595 16.7351089  16.66399895 16.6721333  16.67803726 16.53503018
 16.66675413 16.42889006 16.56546838 16.54946208 16.61991603 16.40120703
 16.53371818 16.49881921 16.43361322 16.47113618 16.41616374 16.52584623
 16.29152453 16.50629756 16.41235896 16.39176069 16.38926791 16.38087116
 16.34820257 16.33928103 16.25400157 16.41852532 16.28352139 16.24180005]","[1.92285489 1.9211493  1.99501443 2.02256626 2.04421412 2.06835476
 2.11519286 2.16216216 2.35712411 2.66465495 2.98622409 3.27499344
 3.64668066 4.19338756 4.30530045 4.38939911 4.66426135 4.73930727
 5.27617423 5.5467069  6.43636841 7.12975597 7.79926528 8.39294149
 8.60128575 9.11584886 9.16478615 9.18105484 9.36512726 9.41012858
 9.63539753 9.65101023 9.70440829 9.64208869 9.72461296 9.66347415
 9.69601155 9.67725007 9.71464183 9.67541328 9.57662031 9.68144844
 9.57150354 9.1094201  8.77801102 7.84164261 6.16872212 5.64313828
 5.06966675 4.9532931  4.65953818 4.33049068 4.18538441 3.99278405
 3.92272369 3.74232485 3.68971399 3.64458147 3.60640252 3.64445028
 3.57360273 3.55379166 3.56415639 3.54172133 3.50669116 3.49750722
 3.54198373 3.51285752 3.5157439  3.48884807 3.49317764 3.50813435
 3.47913933 3.49842561 3.5156127  3.47835214 3.43505642 3.45788507
 3.49776961 3.49842561 3.47612175 3.52414065 3.53345579 3.5623196
 3.51430071 3.55575964 3.59288901 3.7345841  3.8745736  4.05484125
 4.23694568 4.41668853 4.44804513 4.5463133  4.59761218 4.75924954
 4.91052217 5.00564156 4.98032013 5.01220152 5.17646287 5.29191813]","[ 4.84479139  5.20624508  5.5780635   5.96300184  6.75098399  7.72749934
  8.38900551 10.74822881 16.91012858 27.51102073 39.58265547 46.46549462
 42.93951719 32.7811598  30.61571766 29.1868276  27.37221202 26.66780373
 24.90763579 23.78548937 21.2648911  18.7492784  16.75439517 15.55024928
 15.04421412 14.35108895 14.23930727 14.19902913 13.76961427 13.71529782
 13.11742325 12.3436106  11.71542902 11.26922068 11.19758594 11.38388874
 11.60456573 11.63933351 11.84741538 11.81592758 12.44660194 13.1247704
 14.04001574 15.35358174 17.24914721 18.9214117  21.68499082 22.32222514
 22.72972973 22.84177381 22.61598006 22.1878772  21.62162162 20.11125689
 19.23930727 17.77407505 16.64379428 15.40868538 13.94253477 13.8907111
 13.50183679 13.10784571 12.66885332 12.05457885 11.66806612 11.22763054
 10.68039885 10.26843348  9.6243768   9.43335083  9.46746261  9.4055366
  9.30307006  9.0781947   8.8588297   8.58475466  8.16373655  8.08121228
  7.74901601  7.60705851  7.36853844  7.30530045  7.25806875  7.13316715
  7.10076096  6.99632642  6.78470218  6.71319864  6.5003936   6.39281029
  6.25898714  6.13605353  6.09078982  5.97428496  6.01272632  5.92403569
  5.80320126  5.71988979  5.63434794  5.54054054  5.44253477  5.3750984 ]","[0.54290213 0.62096563 0.69469955 0.77827342 0.96720021 1.19876673
 1.31881396 1.79008134 2.91170297 4.64379428 6.47769614 7.49527683
 7.43951719 6.60640252 6.45460509 6.31120441 6.23169772 6.15809499
 6.08606665 6.09052742 6.08737864 5.98766728 5.91314616 5.72592495
 5.56835476 5.28352139 5.13146156 5.11598006 4.88323275 4.83101548
 4.47861454 4.19338756 3.95880346 3.77210706 3.73169772 3.78601417
 3.84597219 3.84295461 3.98005773 3.91367095 4.16439255 4.38126476
 4.60141695 4.84754658 5.07491472 5.10167935 4.80018368 4.6246392
 4.33049068 4.27355025 4.05221727 3.72198898 3.51482551 3.12896877
 2.97599055 2.7337969  2.52243506 2.30779323 2.09918657 2.09039622
 2.0162687  1.98268171 1.91708213 1.812254   1.76226712 1.68997638
 1.60246654 1.54473891 1.42941485 1.43531881 1.39451588 1.39963264
 1.35423773 1.3433482  1.32156914 1.26436631 1.20729467 1.16609814
 1.12254002 1.11742325 1.07124114 1.05051168 1.05234846 1.03227499
 0.99658882 1.01416951 0.95499869 0.94253477 0.90986618 0.90514301
 0.87772238 0.85712411 0.8442666  0.82616111 0.80976122 0.78706376
 0.81159801 0.75242718 0.7181842  0.70519549 0.69640514 0.6874836 ]",50
48,"0.0,0.15,0.3,0.44999999999999996,0.6,0.75,0.8999999999999999,1.05,1.2,1.3499999999999999,1.5,1.65,1.7999999999999998,1.95,2.1,2.25,2.4,2.55,2.6999999999999997,2.85,3.0,3.15,3.3,3.4499999999999997,3.5999999999999996,3.75,3.9,4.05,4.2,4.35,4.5,4.6499999999999995,4.8,4.95,5.1,5.25,5.3999999999999995,5.55,5.7,5.85,6.0,6.1499999999999995,6.3,6.45,6.6,6.75,6.8999999999999995,7.05,7.199999999999999,7.35,7.5,7.6499999999999995,7.8,7.949999999999999,8.1,8.25,8.4,8.549999999999999,8.7,8.85,9.0,9.15,9.299999999999999,9.45,9.6,9.75,9.9,10.049999999999999,10.2,10.35,10.5,10.65,10.799999999999999,10.95,11.1,11.25,11.4,11.549999999999999,11.7,11.85,12.0,12.15,12.299999999999999,12.45,12.6,12.75,12.9,13.049999999999999,13.2,13.35,13.5,13.65,13.799999999999999,13.95,14.1,14.25,14.399999999999999,14.549999999999999,14.7,14.85,15.0,15.149999999999999",2007R_GLUT1_647_WGA_594_0002.nd2,2007,M,R,5,False,2.9667388613861387,False,"[13.21612005 13.33013614 13.58152847 13.99133663 14.34978342 14.96147896
 15.0884901  16.1198948  17.74226485 19.26655322 20.34003713 21.78944926
 23.84854579 27.30569307 28.12175124 29.0987005  31.0106745  31.62237005
 34.33462252 36.59730817 40.37871287 43.86138614 47.52985767 50.40795173
 52.2447401  54.76608911 55.31621287 55.85860149 57.953125   58.09189356
 59.68904703 60.49071782 61.171875   60.65563119 58.64263614 55.88768564
 54.7551052  54.26624381 51.92311262 52.52707302 48.28960396 45.02815594
 41.30491955 37.34591584 33.2393255  30.89418317 27.13134282 25.76980198
 24.17094678 23.66862624 22.85148515 21.46565594 20.53264233 19.41274752
 19.0518255  18.49566832 18.19972153 17.95266089 17.66537748 17.58199257
 17.6460396  17.45064975 17.40578589 17.33462252 17.34993812 17.13165223
 17.16181931 16.94972153 16.98514851 16.86865718 16.87871287 16.81017946
 16.79501856 16.69384282 16.703125   16.74845297 16.80677599 16.58230198
 16.48777847 16.65006188 16.73669554 16.61741955 16.53326114 16.63087871
 16.56652228 16.61092203 16.50727104 16.50788985 16.5105198  16.47122525
 16.40423886 16.52227723 16.42465965 16.29517327 16.36370668 16.29579208
 16.43703589 16.27985767 16.17558787 16.27691832 16.30043317 16.16924505]","[1.84854579 1.8231745  1.875      1.89743193 1.90764233 1.91970916
 1.96472772 1.98236386 2.15918936 2.35689975 2.65222772 2.8960396
 3.13180693 3.25324876 3.24814356 3.24659653 3.23855198 3.22431931
 3.23468441 3.2705755  3.24118193 3.20034035 3.19585396 3.16553218
 3.16104579 3.09545173 3.08245668 3.07580446 3.04625619 2.96658416
 2.97493812 2.91398515 2.96673886 2.94198639 2.96194307 2.96008663
 3.04084158 3.04409035 3.02537129 3.00634282 3.05693069 3.03094059
 3.06946163 3.13582921 3.15795173 3.31590347 3.51113861 3.53434406
 3.61509901 3.65377475 3.70003094 3.75696163 3.79517327 3.73994431
 3.66924505 3.51129332 3.41615099 3.41274752 3.33075495 3.35365099
 3.30012376 3.32100866 3.2919245  3.27892946 3.27568069 3.22973391
 3.28527228 3.2241646  3.20513614 3.21797649 3.2393255  3.23700495
 3.22803218 3.22741337 3.25       3.19121287 3.25355817 3.29439975
 3.29996906 3.38613861 3.29811262 3.32626856 3.28681931 3.34467822
 3.31064356 3.30461015 3.3021349  3.37577351 3.4637995  3.54207921
 3.62623762 3.60581683 3.62190594 3.77645421 3.72648515 3.85983911
 3.95080446 4.04409035 4.12190594 4.19028465 4.30971535 4.28186881]","[ 4.73251856  5.06636757  5.39882426  5.73375619  6.48855198  7.36633663
  8.00371287 10.07564975 16.10380569 25.94183168 36.60287748 41.49737005
 37.13598391 27.6512995  25.75479579 24.31420173 22.57147277 21.88227104
 20.40377475 19.42512376 17.95018564 16.69322401 15.18780941 14.1251547
 13.35148515 12.29378094 11.99149134 11.92574257 11.10612624 11.07549505
 10.40006188  9.91259282  9.6299505   9.53016708  9.46565594  9.54068688
  9.60751856  9.64433787  9.71395421  9.70358911 10.04115099 10.37020421
 11.03480817 11.83555074 12.91522277 13.43719059 14.29950495 14.68038366
 15.22478342 15.50185644 15.96488243 16.75123762 17.13768564 17.79764851
 18.06915223 18.52320545 18.27645421 17.62592822 16.63737624 16.57920792
 16.23870668 15.9164604  15.41475866 14.79610149 14.37902228 13.7865099
 13.05785891 12.44446163 11.78341584 11.54641089 11.61401609 11.53867574
 11.37175124 11.07348391 10.8279703  10.43982054  9.96519183  9.78016708
  9.43904703  9.22060644  8.95792079  8.86030322  8.83369431  8.6823948
  8.64758663  8.41800743  8.03047649  7.90052599  7.57595916  7.30399134
  7.09112005  6.91707921  6.84576114  6.70173267  6.71008663  6.59931931
  6.39263614  6.24845297  6.09375     5.99566832  5.875       5.78341584]","[0.45962252 0.53449876 0.5988552  0.6769802  0.82564975 1.03032178
 1.13474629 1.54223391 2.56482054 4.13923267 5.65222772 6.38443688
 6.12283416 5.36865718 5.27428837 5.18378713 5.08802599 5.04269802
 5.07750619 5.08895421 5.0575495  4.9477104  4.64665842 4.29269802
 4.0210396  3.65191832 3.57069926 3.49087252 3.23607673 3.20590965
 2.97153465 2.79269802 2.64418317 2.51113861 2.46782178 2.41769802
 2.39944307 2.39000619 2.3907797  2.41769802 2.44987624 2.49566832
 2.53357054 2.62438119 2.77846535 2.81373762 2.94152228 2.95915842
 3.00665223 3.06992574 3.09792698 3.14542079 3.2085396  3.18672649
 3.12237005 2.99644183 2.89511139 2.70900371 2.51191213 2.51485149
 2.44848391 2.40160891 2.36401609 2.21936881 2.14511139 2.0572401
 1.95683787 1.89108911 1.7549505  1.77196782 1.72308168 1.75897277
 1.7289604  1.68951114 1.65253713 1.60380569 1.52274134 1.52769183
 1.44662748 1.43533416 1.36834777 1.3231745  1.35349629 1.31451114
 1.31203589 1.2710396  1.19925743 1.16197401 1.11865718 1.09777228
 1.05600248 1.01810025 1.00634282 0.98623144 0.97292698 0.95080446
 0.91491337 0.86076733 0.84375    0.796875   0.78790223 0.76113861]",51
49,"0.0,0.15,0.3,0.44999999999999996,0.6,0.75,0.8999999999999999,1.05,1.2,1.3499999999999999,1.5,1.65,1.7999999999999998,1.95,2.1,2.25,2.4,2.55,2.6999999999999997,2.85,3.0,3.15,3.3,3.4499999999999997,3.5999999999999996,3.75,3.9,4.05,4.2,4.35,4.5,4.6499999999999995,4.8,4.95,5.1,5.25,5.3999999999999995,5.55,5.7,5.85,6.0,6.1499999999999995,6.3,6.45,6.6,6.75,6.8999999999999995,7.05,7.199999999999999,7.35,7.5,7.6499999999999995,7.8,7.949999999999999,8.1,8.25,8.4,8.549999999999999,8.7,8.85,9.0,9.15,9.299999999999999,9.45,9.6,9.75,9.9,10.049999999999999,10.2,10.35,10.5,10.65,10.799999999999999,10.95,11.1,11.25,11.4,11.549999999999999,11.7,11.85,12.0,12.15,12.299999999999999,12.45,12.6,12.75,12.9,13.049999999999999,13.2,13.35,13.5,13.65,13.799999999999999,13.95,14.1,14.25,14.399999999999999,14.549999999999999,14.7,14.85,15.0,15.149999999999999",2007R_GLUT1_647_WGA_594_0002.nd2,2007,M,R,5,False,4.1114273204903675,False,"[12.52101576 12.89514011 12.87105954 13.01641856 13.382662   13.69833625
 13.7885289  14.5724606  15.79881786 16.68038529 17.43191769 17.73774081
 18.17535026 18.25985114 18.34522767 18.55691769 18.375      18.48248687
 18.71563047 18.86799475 19.01050788 19.50218914 20.34982487 20.70512259
 21.13988616 22.52999124 22.92491243 23.04443958 24.48511384 24.84916813
 27.7591944  32.78042907 39.99934326 51.2237303  64.91002627 74.01335377
 76.2762697  77.11952715 80.58362522 79.86011384 84.03480736 85.60858144
 86.30100701 84.25437828 79.6497373  74.43498249 65.14076182 60.79049912
 54.86230298 52.32333625 47.00569177 38.39404553 33.47701401 27.23883538
 24.79312609 22.27211033 21.23467601 20.14185639 19.26028897 19.25941331
 19.02211033 18.72263573 18.52714536 18.25350263 17.80516637 17.82924694
 17.73511384 17.52014011 17.38966725 17.35617338 17.4150613  17.27211033
 17.2099387  17.06852014 17.06107706 17.183669   16.70446585 16.9892732
 16.78415061 16.8982049  16.65367776 16.72985989 16.64098074 16.67535026
 16.50853765 16.58187391 16.56501751 16.50218914 16.44636602 16.23051664
 16.38069177 16.38747811 16.44505254 16.33625219 16.27714536 16.31698774
 16.30363398 16.3102014  16.25131349 16.30779335 16.17797723 16.16396673]","[ 1.95665499  1.96978984  2.01882662  2.06085814  2.12368651  2.14929947
  2.22416813  2.26707531  2.58209282  2.82749562  3.27955342  3.65499124
  4.28962347  5.10551664  5.50218914  5.73226795  6.33756567  6.48861646
  7.34478984  7.98467601  9.44308231 10.58712785 11.32552539 11.41637478
 11.39295096 11.26510508 11.08975482 11.17841506 10.85354641 10.92316112
 10.87784588 11.12018389 11.64645359 11.5400613  10.64579685  8.84500876
  8.04575306  7.94636602  6.77298599  7.18410683  5.54378284  4.75043783
  4.11142732  3.66549912  3.4028021   3.18235552  3.13353765  3.0971979
  3.14732925  3.15915061  3.17841506  3.32421191  3.40499124  3.59588441
  3.66878284  3.52999124  3.50788091  3.45796848  3.47570053  3.49649737
  3.44308231  3.50109457  3.45008757  3.49058669  3.42535026  3.4584063
  3.39776708  3.35989492  3.35201401  3.29290718  3.35967601  3.34128722
  3.2885289   3.25547285  3.25897548  3.28305604  3.31085814  3.34063047
  3.30385289  3.31217163  3.28064799  3.28590193  3.27189142  3.2839317
  3.31523643  3.33165499  3.23817863  3.27035902  3.34763573  3.38769702
  3.3811296   3.43323117  3.44045534  3.43892294  3.45271454  3.57224168
  3.67338004  3.77035902  3.83187391  3.91221541  4.07224168  4.07574431]","[ 4.79400175  5.19527145  5.55691769  5.99802977  6.83384413  7.89338879
  8.58669002 10.8811296  16.31063923 24.13879159 32.35048161 36.76510508
 34.54903678 28.25021891 26.83931699 25.51182137 24.04969352 23.57727671
 22.03809107 21.44921191 20.5971979  20.16615587 19.75262697 19.28108581
 18.9397986  18.55013135 18.42447461 18.3966725  17.94308231 17.94943082
 17.3364711  16.91243433 16.49168126 16.32968476 15.59500876 14.39929947
 13.92666375 13.65783713 12.79969352 13.01795096 11.57618214 10.60048161
  9.81085814  9.1234676   8.82640105  8.95359019  9.87062172 10.31239054
 11.21059545 11.58450088 12.19220665 13.60661121 14.61449212 16.65192644
 17.29137478 17.75744308 17.38791594 16.60070053 15.39448336 15.45709282
 15.0709282  14.68147986 14.20118214 13.44067426 12.97942207 12.33669002
 11.48029772 10.92294221 10.22285464 10.06852014 10.06107706 10.03152364
  9.88901051  9.63003503  9.47197898  9.14076182  8.77670753  8.52648862
  8.23817863  8.01554291  7.69198774  7.63375657  7.52364273  7.46169002
  7.39601576  7.22482487  6.94921191  6.91703152  6.68695271  6.57968476
  6.40499124  6.26882662  6.20008757  6.10945709  6.09238179  6.01466725
  5.84588441  5.73139229  5.63441331  5.51948336  5.47241681  5.34084939]","[0.46957093 0.57311734 0.63397548 0.74978109 0.94461471 1.14864273
 1.27714536 1.72876532 2.67732049 3.93191769 5.20293345 5.99014886
 6.11055166 5.74168126 5.56304729 5.46475482 5.25722417 5.17666375
 4.89295096 4.7283275  4.4290718  4.2484676  4.07618214 4.01729422
 3.92338004 3.8704028  3.80429072 3.84150613 3.72504378 3.71322242
 3.52539405 3.33866025 3.20512259 3.07267951 2.80757443 2.64316988
 2.5415937  2.51313485 2.37456217 2.40674256 2.14908056 2.00131349
 1.8132662  1.67929072 1.6204028  1.63309982 1.74146235 1.81961471
 1.95249562 2.         2.12740806 2.3734676  2.54443958 2.77451839
 2.83844133 2.77539405 2.66528021 2.45380911 2.32640105 2.28349387
 2.26182137 2.18892294 2.13528897 2.00941331 1.93563923 1.86996497
 1.70599825 1.62872154 1.52977233 1.45534151 1.45950088 1.49781086
 1.45052539 1.44483363 1.38725919 1.35113835 1.23795972 1.23095447
 1.16374781 1.15499124 1.08187391 1.07508757 1.05757443 1.03108581
 1.02999124 0.99978109 0.96869527 0.94417688 0.91856392 0.87828371
 0.85157618 0.8380035  0.82443082 0.78743433 0.78655867 0.76707531
 0.75634851 0.73336252 0.72132224 0.66987741 0.66396673 0.63091068]",52
50,"0.0,0.15,0.3,0.44999999999999996,0.6,0.75,0.8999999999999999,1.05,1.2,1.3499999999999999,1.5,1.65,1.7999999999999998,1.95,2.1,2.25,2.4,2.55,2.6999999999999997,2.85,3.0,3.15,3.3,3.4499999999999997,3.5999999999999996,3.75,3.9,4.05,4.2,4.35,4.5,4.6499999999999995,4.8,4.95,5.1,5.25,5.3999999999999995,5.55,5.7,5.85,6.0,6.1499999999999995,6.3,6.45,6.6,6.75,6.8999999999999995,7.05,7.199999999999999,7.35,7.5,7.6499999999999995,7.8,7.949999999999999,8.1,8.25,8.4,8.549999999999999,8.7,8.85,9.0,9.15,9.299999999999999,9.45,9.6,9.75,9.9,10.049999999999999,10.2,10.35,10.5,10.65,10.799999999999999,10.95,11.1,11.25,11.4,11.549999999999999,11.7,11.85,12.0,12.15,12.299999999999999,12.45,12.6,12.75,12.9,13.049999999999999,13.2,13.35,13.5,13.65,13.799999999999999,13.95,14.1,14.25,14.399999999999999,14.549999999999999,14.7,14.85,15.0,15.149999999999999",2007R_GLUT1_647_WGA_594_0002.nd2,2007,M,R,5,False,3.118661607450845,False,"[13.05967575 13.41600552 13.57174888 13.89065195 14.23594343 14.68782339
 14.75646775 15.48706451 16.59434288 17.72404277 19.20438082 20.2909624
 22.16729907 24.66591928 25.67230079 26.57019662 27.68627113 28.12331839
 30.26871335 31.6541911  34.90238013 37.76077958 40.99258365 43.92497413
 46.05001725 48.56640221 49.51052087 50.04587789 51.97654364 51.91893756
 53.09848224 54.08865126 53.65867541 52.31045188 48.97637116 46.28734046
 44.66609176 43.84149707 41.8283891  42.71593653 38.65074164 36.34494653
 33.26923077 30.44291135 26.80165574 24.42393929 21.24818903 20.57399103
 19.68989307 19.61348741 19.00051742 18.41497068 18.21300448 17.69265264
 17.60779579 17.23197654 16.72111073 16.67057606 16.62901    16.66833391
 16.71783374 16.52483615 16.46274577 16.3283891  16.40410486 16.39565367
 16.31424629 16.24887892 16.08347706 16.01569507 16.09348051 16.15315626
 16.05570887 16.07916523 16.05467403 16.08951363 15.89203174 15.93859952
 16.03587444 15.8206278  15.91272853 15.99637806 15.8535702  15.83063125
 15.98482235 15.94429113 15.87478441 15.90082787 15.80303553 15.75439807
 15.8528803  15.81717834 15.81148672 15.81476371 15.83925492 15.80027596
 15.75474301 15.71041739 15.79855122 15.65695067 15.92549155 15.77250776]","[1.83632287 1.87616419 1.91428079 1.90893412 1.92152466 1.93515005
 1.98033805 1.99448086 2.174198   2.36409107 2.71714384 2.97102449
 3.37909624 3.79975854 3.87650914 3.99896516 4.07951018 4.12400828
 4.19144533 4.29234219 4.454812   4.50827872 4.50155226 4.21386685
 3.9599862  3.58175233 3.53156261 3.44101414 3.24318731 3.27061056
 3.10106933 3.11866161 3.04915488 2.99913763 3.02897551 3.04622284
 3.02207658 3.01017592 3.12159365 3.05639876 3.15798551 3.15591583
 3.23197654 3.28009659 3.37719903 3.42549155 3.48792687 3.51121076
 3.50310452 3.45153501 3.50689893 3.48982408 3.43928941 3.46033115
 3.44912039 3.49103139 3.52035185 3.49327354 3.52552604 3.59123836
 3.51672991 3.59692998 3.56122801 3.51879959 3.52328389 3.50793377
 3.45567437 3.38168334 3.42462918 3.4625733  3.45343222 3.39237668
 3.44929286 3.38530528 3.3980683  3.38892722 3.41911004 3.4180752
 3.50758882 3.59899966 3.72490514 3.72783719 3.77043808 3.79682649
 3.88978958 3.98551225 4.15712315 4.1786823  4.33114867 4.33477061
 4.46912729 4.66298724 4.76164195 4.9748189  5.03087271 5.3135564
 5.65608831 5.92480166 5.8361504  5.59434288 5.40703691 5.24887892]","[ 4.70938255  5.07554329  5.3554674   5.79751638  6.48792687  7.39323905
  7.98154536 10.12469817 15.34718869 24.2864781  35.97309417 44.00620904
 42.9755088  32.14022077 29.36529838 27.01000345 24.78992756 23.60779579
 21.12107623 19.87081752 17.6819593  15.71438427 13.92290445 12.63573646
 11.79544671 10.82769921 10.57761297 10.44825802  9.8780614   9.77474991
  9.2064505   8.75181097  8.43377027  8.32562953  8.46429803  8.7012763
  8.84373922  8.90617454  9.19472232  9.16160745  9.80751983 10.35908934
 11.21783374 12.27302518 13.68437392 14.55174198 16.65574336 17.59175578
 18.76526388 19.09054846 19.74077268 20.08537427 19.93928941 18.96843739
 18.12142118 16.4406692  15.27578475 13.90272508 12.81717834 12.77888927
 12.49672301 12.11572956 11.66315971 11.02155916 10.65850293 10.064505
  9.47361159  9.10779579  8.52311142  8.3980683   8.46929976  8.40858917
  8.26250431  8.041911    7.96084857  7.67540531  7.36616075  7.21093481
  6.92135219  6.87599172  6.6419455   6.61883408  6.64505002  6.54984477
  6.52397378  6.42876854  6.26077958  6.24594688  6.03570197  5.90720938
  5.82873405  5.71490169  5.67506037  5.60607106  5.61038289  5.54863746
  5.48447741  5.38944464  5.31252156  5.2438772   5.18368403  5.1071059 ]","[0.48309762 0.55450155 0.62763022 0.75474301 0.93152811 1.15056916
 1.26940324 1.77888927 2.80355295 4.33649534 6.03966885 7.18540876
 7.50724388 6.68471887 6.37530183 6.109693   5.83959986 5.60037944
 5.13608141 4.81631597 4.17350811 3.60382891 3.11848913 2.74025526
 2.50586409 2.24508451 2.19058296 2.15229389 2.03311487 1.96619524
 1.79492929 1.63038979 1.52725078 1.41773025 1.42014488 1.38927216
 1.39358399 1.42687133 1.46602277 1.46981718 1.53949638 1.60658848
 1.69920662 1.86098655 2.03518455 2.19748189 2.41307347 2.47826837
 2.61883408 2.60555364 2.6567782  2.60952052 2.59192825 2.43273543
 2.31114177 2.09968955 1.95912384 1.78751294 1.66212487 1.64798206
 1.60141428 1.55053467 1.51638496 1.43411521 1.38375302 1.31234909
 1.25526043 1.18144188 1.10865816 1.10279407 1.10831321 1.11279752
 1.0896861  1.0496723  1.04743015 0.99499828 0.96533287 0.90858917
 0.9032425  0.88340807 0.84529148 0.81528113 0.85374267 0.81924802
 0.81993791 0.82493963 0.76302173 0.76336668 0.72180062 0.71645395
 0.68264919 0.69196275 0.69299759 0.66040014 0.66333218 0.63987582
 0.63728872 0.61383236 0.58865126 0.58209727 0.5974474  0.56484995]",53
51,"0.0,0.15,0.3,0.44999999999999996,0.6,0.75,0.8999999999999999,1.05,1.2,1.3499999999999999,1.5,1.65,1.7999999999999998,1.95,2.1,2.25,2.4,2.55,2.6999999999999997,2.85,3.0,3.15,3.3,3.4499999999999997,3.5999999999999996,3.75,3.9,4.05,4.2,4.35,4.5,4.6499999999999995,4.8,4.95,5.1,5.25,5.3999999999999995,5.55,5.7,5.85,6.0,6.1499999999999995,6.3,6.45,6.6,6.75,6.8999999999999995,7.05,7.199999999999999,7.35,7.5,7.6499999999999995,7.8,7.949999999999999,8.1,8.25,8.4,8.549999999999999,8.7,8.85,9.0,9.15,9.299999999999999,9.45,9.6,9.75,9.9,10.049999999999999,10.2,10.35,10.5,10.65,10.799999999999999,10.95,11.1,11.25,11.4,11.549999999999999,11.7,11.85,12.0,12.15,12.299999999999999,12.45,12.6,12.75,12.9,13.049999999999999,13.2,13.35,13.5,13.65,13.799999999999999,13.95,14.1,14.25,14.399999999999999,14.549999999999999,14.7,14.85,15.0,15.149999999999999",2007R_GLUT1_647_WGA_594_0002.nd2,2007,M,R,5,False,3.280423804337063,False,"[13.11862561 13.47945341 13.64986632 13.9803941  14.14526191 14.62897317
 14.90909991 15.76354094 17.29527676 18.88870185 20.55233191 22.18902862
 24.83463709 28.5100505  29.16457075 30.4713338  31.5452025  32.45390633
 34.55460937 35.83037925 38.84830181 41.73601347 44.27913655 46.23636004
 46.86543222 47.66957124 47.64877711 47.98633528 48.03802357 47.79225666
 47.2422022  46.01831865 44.12773542 41.63540945 38.69868304 35.77324488
 34.66719477 34.07773047 32.25349044 32.64075651 29.39904941 27.12931973
 24.89959402 23.03386474 20.98554312 19.87077929 18.82681454 18.6638281
 18.28983068 18.20724824 18.08456283 17.81711061 17.73522131 17.3829092
 17.41251609 17.11565502 16.94266759 17.05317358 16.79314784 16.90583226
 16.85156946 16.71214972 16.90236657 16.75363897 16.71779384 16.53500347
 16.42717101 16.58520646 16.45311417 16.50717893 16.47677988 16.40637687
 16.33211209 16.5221309  16.5236162  16.40112882 16.43132983 16.33379543
 16.27369046 16.31547678 16.35389643 16.23744925 16.26052084 16.39241509
 16.31290227 16.17764135 16.15645113 16.12545797 16.01722943 16.15585702
 16.11426874 16.20289138 16.08585008 16.08753342 16.04010298 16.13615209
 16.10812952 16.00168333 15.97554213 16.10634716 16.11971482 15.90929795]","[1.81275374 1.8256263  1.87543321 1.89028617 1.89632637 1.91553619
 1.95316368 1.98316665 2.13219131 2.35389643 2.66521438 2.89484107
 3.16615506 3.38736509 3.37340331 3.38885038 3.39122685 3.42885434
 3.45261907 3.50688187 3.46707595 3.42925042 3.37261115 3.33755817
 3.25844143 3.2743836  3.30171304 3.26260026 3.2804238  3.24348945
 3.25398554 3.24992574 3.34557877 3.34528171 3.40459451 3.48608773
 3.53025052 3.51916031 3.64293494 3.56352114 3.66739281 3.70412912
 3.75433211 3.81968512 3.91702149 4.00019804 4.01029805 3.94633132
 3.96801664 3.95969898 3.90969403 3.85790672 3.8246361  3.70888207
 3.6522428  3.58688979 3.66353104 3.54035053 3.48816715 3.50688187
 3.45856025 3.46291712 3.4080602  3.38875136 3.40241608 3.40716903
 3.41538766 3.33795425 3.3502327  3.35340133 3.35033172 3.33082483
 3.31864541 3.31102089 3.36498663 3.33934053 3.34429151 3.33072581
 3.40756511 3.40033667 3.45034162 3.42568571 3.45638182 3.48836518
 3.46489751 3.55015348 3.68175067 3.72888405 4.01554609 4.19328646
 4.33904347 4.55064858 4.64026141 4.74175661 4.71611051 4.84265769
 4.83037925 4.81453609 4.71868502 4.65184672 4.64947024 4.67095752]","[ 4.85741162  5.20932766  5.60243588  6.00297059  6.81334786  7.85612437
  8.43400337 11.09179127 17.31884345 28.35221309 41.68482028 48.75938212
 45.63521141 34.67590851 32.14476681 30.05743143 28.04743044 26.8321616
 23.91761561 22.38815724 19.38459253 16.86137241 14.82225963 13.17269037
 12.17744331 11.1527874  11.00257451 10.79156352 10.22091296 10.15417368
  9.59283097  9.29369244  9.21190217  9.34498465  9.69373205 10.12407169
 10.35736212 10.43053768 10.79067234 10.7190811  11.52668581 12.30448559
 13.19140509 14.22170512 15.48232498 16.24764828 17.78789979 18.33587484
 19.06763046 19.40895138 19.68472126 20.00901079 19.90216853 18.87018517
 18.4150906  17.19952471 16.28557283 15.17061095 13.8663234  13.8251312
 13.55748094 13.05455986 12.61936825 11.88513714 11.52609169 10.98267155
 10.38696901  9.94246955  9.32617091  9.15159917  9.22299238  9.18417665
  9.05297554  8.80423804  8.66254085  8.39984157  8.02881473  7.81433805
  7.51539756  7.40627785  7.17605704  7.08634518  7.08565204  7.01019903
  6.91979404  6.77532429  6.59877216  6.54104367  6.34864838  6.23883553
  6.09129617  6.00316863  5.95118329  5.84513318  5.83731062  5.75670859
  5.65966927  5.56421428  5.45192593  5.37231409  5.35468858  5.25319339]","[0.4748985  0.55946133 0.63055748 0.74235073 0.91622933 1.14555897
 1.21992276 1.72928013 2.8185959  4.55104466 6.36657095 7.33429052
 7.37310625 6.66749183 6.457273   6.28864244 6.12050698 5.97306664
 5.66759085 5.45420339 4.95544113 4.50490148 4.01881374 3.6904644
 3.41400139 3.15417368 3.10793148 3.06485791 2.90979305 2.85939202
 2.65115358 2.542727   2.46073869 2.42519061 2.47975047 2.53351817
 2.57451233 2.61382315 2.66164967 2.64432122 2.80136647 2.90543618
 3.02218041 3.1010001  3.16655114 3.13932072 3.15763937 3.17140311
 3.17397762 3.17803743 3.14377661 3.08179028 2.97643331 2.77463115
 2.65244084 2.48687989 2.35102485 2.17863155 2.00871373 1.9457372
 1.939697   1.84830181 1.80136647 1.6899693  1.63333003 1.56045153
 1.48034459 1.44895534 1.32854738 1.3226062  1.30517873 1.32973562
 1.29280127 1.25368848 1.24626201 1.19031587 1.12545797 1.07862165
 1.04901475 1.0321814  0.99495    0.9718784  0.95761957 0.97524507
 0.94920289 0.94326171 0.91315972 0.88256263 0.84968809 0.82978513
 0.80166353 0.79839588 0.77819586 0.74957917 0.74542034 0.73640955
 0.73423111 0.69472225 0.68175067 0.66224379 0.64362808 0.62887415]",54
52,"0.0,0.15,0.3,0.44999999999999996,0.6,0.75,0.8999999999999999,1.05,1.2,1.3499999999999999,1.5,1.65,1.7999999999999998,1.95,2.1,2.25,2.4,2.55,2.6999999999999997,2.85,3.0,3.15,3.3,3.4499999999999997,3.5999999999999996,3.75,3.9,4.05,4.2,4.35,4.5,4.6499999999999995,4.8,4.95,5.1,5.25,5.3999999999999995,5.55,5.7,5.85,6.0,6.1499999999999995,6.3,6.45,6.6,6.75,6.8999999999999995,7.05,7.199999999999999,7.35,7.5,7.6499999999999995,7.8,7.949999999999999,8.1,8.25,8.4,8.549999999999999,8.7,8.85,9.0,9.15,9.299999999999999,9.45,9.6,9.75,9.9,10.049999999999999,10.2,10.35,10.5,10.65,10.799999999999999,10.95,11.1,11.25,11.4,11.549999999999999,11.7,11.85,12.0,12.15,12.299999999999999,12.45,12.6,12.75,12.9,13.049999999999999,13.2,13.35,13.5,13.65,13.799999999999999,13.95,14.1,14.25,14.399999999999999,14.549999999999999,14.7,14.85,15.0,15.149999999999999",2007R_GLUT1_647_WGA_594_0002.nd2,2007,M,R,5,False,4.248270561106841,False,"[13.35088394 13.58531899 13.79054573 13.74481168 14.49385088 14.89661799
 15.19139124 16.22905457 17.92390469 19.78554958 21.32321291 23.21829362
 26.01844735 29.26018447 30.26364335 31.46617986 32.64642583 33.67255957
 35.80053805 37.93850884 42.04957725 47.42890085 52.61068409 59.33166795
 63.79669485 70.45080707 71.30207533 72.78939277 78.52305919 79.3074558
 85.73212913 90.65103766 93.19869331 94.28247502 90.18524212 84.39815527
 82.84358186 81.18716372 78.25941583 79.74365872 74.19946195 71.14950038
 67.05495772 63.90007686 57.09569562 51.15334358 39.62528824 35.98501153
 31.22213682 29.50499616 27.36548809 24.92275173 23.56571868 21.40007686
 20.97924673 19.69677171 19.00269024 18.70484243 18.37394312 18.62221368
 18.35703305 18.13758647 18.11183705 17.87701768 17.90930054 17.65142198
 17.39123751 17.37009992 17.2782475  17.15488086 17.04650269 17.19485012
 17.28478094 16.94926979 17.41660261 17.08647194 17.09031514 16.88316679
 17.04342813 16.6944658  16.5914681  16.57340507 16.8132206  16.86087625
 16.96464258 16.93351268 16.40814758 16.53766334 16.50499616 16.47386626
 16.45388163 16.55188317 16.33166795 16.443505   16.74365872 16.58147579
 16.4650269  16.45426595 16.47194466 16.39392775 16.42697925 16.21445042]","[1.82052267 1.84473482 1.92428901 1.90507302 1.98885473 2.00653344
 1.99308224 2.06687164 2.23097617 2.46003075 2.811299   3.10069178
 3.52498078 4.04534973 4.20868563 4.31936972 4.60607225 4.71906226
 4.81206764 5.03920061 5.25557264 5.37009992 5.57724827 5.7255957
 5.75249808 5.84588778 5.77056111 5.82282859 5.70368947 5.70023059
 5.5        5.21483474 4.96810146 4.24827056 3.63604919 3.36395081
 3.16986933 3.13489623 3.10568793 3.01691007 2.94581091 2.91660261
 2.85895465 2.8697156  2.98116833 3.0019216  3.22943889 3.26710223
 3.35318985 3.32782475 3.32859339 3.40392006 3.36817832 3.48654881
 3.38470407 3.45388163 3.43850884 3.32244427 3.4358186  3.43351268
 3.46041507 3.48001537 3.42736357 3.42390469 3.42467333 3.45080707
 3.4358186  3.46925442 3.45311299 3.39469639 3.40161414 3.377402
 3.4027671  3.36010761 3.44119908 3.38355111 3.30899308 3.30514988
 3.31283628 3.29515757 3.38854727 3.37125288 3.30707148 3.26710223
 3.27209839 3.36126057 3.367794   3.34934666 3.30092237 3.4415834
 3.31245196 3.36087625 3.41314374 3.3074558  3.30361261 3.36510377
 3.33205227 3.40737894 3.40392006 3.46963874 3.5038432  3.62221368]","[ 4.7179093   5.10837817  5.41275942  5.89200615  6.64757879  7.68639508
  8.19869331 10.60453497 15.15910838 21.78093774 29.56687164 34.23904689
 33.98270561 28.98385857 27.6556495  26.19523444 25.36548809 24.39046887
 22.83128363 21.90353574 20.35626441 18.84166026 17.81053036 16.78170638
 16.08916218 15.12874712 15.02267487 14.73789393 13.89853958 13.74788624
 12.89277479 11.86894696 11.05380477 10.0914681   8.99654112  8.50499616
  8.40007686  8.37125288  8.36894696  8.18139892  8.40584166  8.97886241
 10.03804766 11.41275942 13.90122982 15.93812452 19.33320523 20.26863951
 21.53996925 22.03612606 22.6810146  22.96079939 22.7820907  21.48001537
 20.6556495  18.95465027 18.02805534 16.56341276 15.22521138 15.21714066
 14.85049962 14.38355111 14.02843966 13.31744812 13.00538048 12.32705611
 11.6829362  11.10453497 10.41583397 10.14142967 10.29016141 10.32475019
 10.08877786  9.81591084  9.65142198  9.34012298  8.8055342   8.50807071
  8.08493467  7.84012298  7.55687932  7.44619523  7.39584935  7.28708686
  7.1575711   7.03766334  6.77363566  6.70253651  6.50153728  6.39392775
  6.28478094  6.14604151  6.09377402  5.98847041  6.04727133  5.95119139
  5.76633359  5.72751729  5.56456572  5.47040738  5.38624135  5.27863182]","[0.4650269  0.54765565 0.61491161 0.74289008 0.89508071 1.12913144
 1.17640277 1.61837048 2.43428132 3.49730976 4.54419677 5.20561107
 5.50499616 5.188701   5.17102229 5.02690238 4.87279016 4.85703305
 4.622598   4.48808609 4.24212145 3.97924673 3.75172944 3.54573405
 3.49077633 3.32205995 3.24788624 3.33013067 3.14796311 3.13720215
 2.99077633 2.87586472 2.77478862 2.59108378 2.45426595 2.33627978
 2.28247502 2.29169869 2.33320523 2.29362029 2.38893159 2.42774789
 2.58685626 2.6906226  2.92313605 3.10876249 3.31091468 3.34896234
 3.41468101 3.40776326 3.43082244 3.36702537 3.30399693 3.09646426
 2.94926979 2.75134512 2.61145273 2.34588778 2.17063797 2.15257494
 2.16448885 2.06302844 2.0272867  1.86202921 1.85203689 1.745196
 1.64757879 1.63758647 1.51960031 1.44773251 1.46233666 1.51076095
 1.44888547 1.43235972 1.41737125 1.34588778 1.25134512 1.22021522
 1.13528055 1.13412759 1.07878555 1.06687164 1.00691776 1.04304381
 0.99769408 0.98616449 0.93428132 0.91083782 0.87317448 0.84550346
 0.83627978 0.81936972 0.78977709 0.78093774 0.77709454 0.77863182
 0.78093774 0.76787087 0.73251345 0.64719447 0.68716372 0.66179862]",55
53,"0.0,0.15,0.3,0.44999999999999996,0.6,0.75,0.8999999999999999,1.05,1.2,1.3499999999999999,1.5,1.65,1.7999999999999998,1.95,2.1,2.25,2.4,2.55,2.6999999999999997,2.85,3.0,3.15,3.3,3.4499999999999997,3.5999999999999996,3.75,3.9,4.05,4.2,4.35,4.5,4.6499999999999995,4.8,4.95,5.1,5.25,5.3999999999999995,5.55,5.7,5.85,6.0,6.1499999999999995,6.3,6.45,6.6,6.75,6.8999999999999995,7.05,7.199999999999999,7.35,7.5,7.6499999999999995,7.8,7.949999999999999,8.1,8.25,8.4,8.549999999999999,8.7,8.85,9.0,9.15,9.299999999999999,9.45,9.6,9.75,9.9,10.049999999999999,10.2,10.35,10.5,10.65,10.799999999999999,10.95,11.1,11.25,11.4,11.549999999999999,11.7,11.85,12.0,12.15,12.299999999999999,12.45,12.6,12.75,12.9,13.049999999999999,13.2,13.35,13.5,13.65,13.799999999999999,13.95,14.1,14.25,14.399999999999999,14.549999999999999,14.7,14.85,15.0,15.149999999999999",2007R_GLUT1_647_WGA_594_0002.nd2,2007,M,R,5,True,27.09035846724351,False,"[12.60444994 12.7053152  12.81779975 13.09703337 13.30543881 13.68046972
 13.77428925 14.54672435 15.3566131  16.24276885 16.99431397 17.1354759
 17.42954265 17.80642769 17.88603214 17.76489493 17.85883807 17.84128554
 18.02941904 18.12781211 18.27972806 18.58355995 18.93238566 19.59283066
 19.97737948 20.70716934 20.74746601 20.90469716 22.02150803 22.0868974
 24.35636588 27.2381953  31.02323857 37.04301607 44.10197775 49.70815822
 51.99641533 52.82249691 55.37577256 54.73139679 58.2118665  59.9025958
 60.17181706 59.18899876 55.35562423 51.23399258 42.38912237 38.74326329
 34.16674907 31.7815822  29.3697157  26.04746601 24.16192831 21.46427689
 20.80902349 19.72669963 19.12088999 18.48467244 18.20778739 18.19011125
 18.068356   18.04400494 17.92991347 17.68059333 17.46650185 17.47305315
 17.21891224 17.25698393 17.09480841 17.01866502 17.10407911 17.11260816
 16.86155748 17.02978986 16.84239802 16.92917182 16.94783684 16.86242274
 16.57021014 16.85339926 16.85352287 16.85327565 16.7170581  16.65970334
 16.72027194 16.6776267  16.52929543 16.53720643 16.57787392 16.66600742
 16.55377009 16.53077874 16.39975278 16.55488257 16.35636588 16.50865266
 16.38850433 16.4789864  16.38318912 16.40729295 16.4342398  16.3433869 ]","[ 2.10877627  2.15809642  2.2487021   2.27564895  2.35648949  2.42978986
  2.47824475  2.60729295  2.95278121  3.35747837  3.82855377  4.38034611
  5.34017305  6.47490729  6.93844252  7.39332509  7.73893696  8.22249691
  9.49851669 10.33597033 11.75550062 12.78998764 13.52311496 14.21199011
 14.52187886 14.8618047  14.8960445  14.97342398 15.14969098 15.02744129
 15.22546354 15.71569839 16.69802225 17.7092707  19.03733004 20.76007417
 21.37836836 21.92818294 22.80630408 22.54845488 24.48071693 25.99888752
 27.09035847 27.65995056 27.7302843  27.60605686 25.92323857 25.29456119
 24.26687268 23.71025958 22.89950556 21.41656366 20.07886279 16.8960445
 15.48739184 11.97008653  9.87688504  7.65624227  6.24857849  6.23831891
  6.00383189  5.66415328  5.34449938  5.03634116  4.85710754  4.65154512
  4.42707046  4.29122373  4.11656366  4.0039555   4.04635352  4.08133498
  4.02941904  3.95241038  3.95043263  3.89728059  3.78615575  3.70580964
  3.70778739  3.68380717  3.68491965  3.65475896  3.63510507  3.66415328
  3.6538937   3.62113721  3.67243511  3.66625464  3.74845488  3.69851669
  3.76168109  3.77466007  3.80383189  3.8118665   3.73634116  3.75414091
  3.80865266  3.8461063   3.90185414  3.97466007  4.05438813  4.1578492 ]","[ 4.79369592  5.18108776  5.49975278  5.91631644  6.70432633  7.72014833
  8.17540173 10.75797281 16.10679852 24.88924598 34.42818294 38.43831891
 35.79122373 28.98825711 27.45451174 26.14820766 25.1934487  24.43634116
 22.72088999 22.02533993 20.83448702 20.07169345 19.64882571 19.34585909
 19.10247219 18.915822   18.85463535 18.77058096 18.61940667 18.59369592
 18.292089   17.92138443 17.41223733 16.61087763 15.47441286 14.43597033
 14.08380717 13.86588381 13.31001236 13.42360939 12.33906057 11.70074166
 11.13016069 10.74400494 10.77033375 11.04487021 12.0105068  12.41508035
 13.14969098 13.44511743 13.98590853 14.80618047 15.47255871 16.21693449
 16.31025958 16.15599506 15.94536465 15.3025958  14.44054388 14.34412855
 14.13325093 13.74066749 13.2881335  12.54622991 12.2039555  11.70580964
 11.03077874 10.52929543  9.88121137  9.75241038  9.81631644  9.74944376
  9.56650185  9.35203956  9.21569839  8.91953028  8.55253399  8.36143387
  8.05179234  7.90086527  7.67194067  7.68059333  7.63621755  7.5657602
  7.43955501  7.31631644  7.12360939  7.03040791  6.75797281  6.59221261
  6.4500618   6.32249691  6.21421508  6.14425216  6.13238566  6.02781211
  5.91804697  5.77330037  5.70988875  5.59938195  5.54487021  5.45760198]","[0.49542645 0.60494438 0.67676143 0.79184178 0.98195303 1.20865266
 1.29406675 1.85327565 2.92583436 4.51322621 6.07119901 6.98887515
 7.08182942 6.47948084 6.31421508 6.20494438 6.04697157 5.91965389
 5.64697157 5.43906057 5.10271941 4.80061805 4.56254635 4.34153276
 4.1723115  4.05191595 3.96402967 3.93980222 3.88665019 3.80012361
 3.75043263 3.64919654 3.6526576  3.55834363 3.47663782 3.29011125
 3.22793572 3.19258344 3.1053152  3.11297899 2.86637824 2.72472188
 2.5499382  2.35624227 2.28850433 2.22793572 2.34239802 2.42163164
 2.57045735 2.62991347 2.7815822  2.88442522 2.98318912 2.97206428
 2.93399258 2.81347342 2.65686032 2.46402967 2.26625464 2.23980222
 2.20358467 2.1328801  2.08405439 1.95067985 1.8815822  1.81817058
 1.72212608 1.65512979 1.52435105 1.50358467 1.51569839 1.50123609
 1.47428925 1.45475896 1.4170581  1.37589617 1.29147095 1.26402967
 1.215822   1.21915946 1.17021014 1.13386897 1.14561187 1.12224969
 1.12830655 1.10432633 1.0487021  1.02509271 0.94894932 0.94165637
 0.91297899 0.87799753 0.87688504 0.84969098 0.82867738 0.83226205
 0.79938195 0.77911001 0.7512979  0.72880099 0.70556242 0.70593325]",56
54,"0.0,0.15,0.3,0.44999999999999996,0.6,0.75,0.8999999999999999,1.05,1.2,1.3499999999999999,1.5,1.65,1.7999999999999998,1.95,2.1,2.25,2.4,2.55,2.6999999999999997,2.85,3.0,3.15,3.3,3.4499999999999997,3.5999999999999996,3.75,3.9,4.05,4.2,4.35,4.5,4.6499999999999995,4.8,4.95,5.1,5.25,5.3999999999999995,5.55,5.7,5.85,6.0,6.1499999999999995,6.3,6.45,6.6,6.75,6.8999999999999995,7.05,7.199999999999999,7.35,7.5,7.6499999999999995,7.8,7.949999999999999,8.1,8.25,8.4,8.549999999999999,8.7,8.85,9.0,9.15,9.299999999999999,9.45,9.6,9.75,9.9,10.049999999999999,10.2,10.35,10.5,10.65,10.799999999999999,10.95,11.1,11.25,11.4,11.549999999999999,11.7,11.85,12.0,12.15,12.299999999999999,12.45,12.6,12.75,12.9,13.049999999999999,13.2,13.35,13.5,13.65,13.799999999999999,13.95,14.1,14.25,14.399999999999999,14.549999999999999,14.7,14.85,15.0,15.149999999999999",2007R_GLUT1_647_WGA_594_0002.nd2,2007,M,R,5,False,2.9885652642934195,False,"[12.90485437 13.25480043 13.2        13.37756203 13.6789644  14.05738943
 14.18101402 15.03710895 16.2364617  17.3167206  18.07313916 18.85156419
 19.30140237 19.65997843 20.18403452 20.21467098 20.13980583 20.3570658
 21.09730313 21.26192017 22.40798274 23.70118662 25.28435814 27.94261057
 30.31175836 33.60323625 34.91585761 35.38511327 38.74951456 39.44271845
 44.27615965 49.51391586 54.94951456 60.44832794 66.92599784 70.72384035
 72.60582524 72.74843581 73.9180151  73.74843581 74.91952535 75.6399137
 74.53592233 72.70658037 68.54994606 64.98446602 59.31111111 57.86256742
 55.22891046 54.09104639 53.01035599 50.6763754  47.8776699  41.17259978
 37.21186624 29.30960086 25.47357066 22.60841424 21.26925566 20.8399137
 20.74908306 20.36548004 19.77518878 19.49212513 19.201726   18.92621359
 18.46817691 18.24962244 18.32750809 17.96612729 18.09406688 18.15037756
 17.90701187 17.72966559 17.90852211 17.61165049 17.63710895 17.5188781
 17.34261057 17.36483279 17.34174757 17.27443366 17.199137   17.04940669
 17.01725998 17.22179072 17.20021575 17.15210356 16.8785329  17.04854369
 16.72599784 16.83020496 16.90809061 16.93613808 16.90960086 16.90118662
 16.73959008 16.66882416 16.72556634 16.85695793 16.70744337 16.65631068]","[1.86170442 1.90463862 1.94153182 1.96483279 2.01553398 2.03624595
 2.06429342 2.13290183 2.34282632 2.60647249 2.92513484 3.18619202
 3.6        4.06170442 4.08781014 4.27313916 4.46623517 4.62696872
 5.16936354 5.65393743 6.9596548  8.40453074 9.28349515 9.54498382
 9.18295577 8.1587918  7.98964401 7.74563107 6.82114347 6.599137
 5.68996764 4.9583603  4.39331176 3.85760518 3.53398058 3.3635383
 3.2789644  3.28694714 3.20237325 3.18079827 3.07162891 2.98856526
 2.91952535 2.88004315 2.87206041 2.88996764 2.92772384 2.8806904
 2.88694714 2.90593312 2.96159655 3.02437972 3.05738943 3.40323625
 3.47292341 3.52254585 3.57195254 3.59460626 3.50852211 3.59244876
 3.48478964 3.40819849 3.46968716 3.36418554 3.41423948 3.35296656
 3.39072276 3.33398058 3.29751888 3.2815534  3.33829558 3.3566343
 3.33268608 3.35512406 3.33937433 3.33915858 3.38511327 3.32470334
 3.35728155 3.37540453 3.37928803 3.37669903 3.40474649 3.37605178
 3.41877023 3.42502697 3.44897519 3.4381877  3.44811219 3.40625674
 3.49126214 3.54649407 3.54865156 3.59266451 3.51283711 3.55814455
 3.70053937 3.79072276 3.87206041 4.001726   3.93031284 4.08586839]","[ 4.97540453  5.37713053  5.71564186  6.17022654  6.99223301  8.07119741
  8.62632147 11.40690399 17.80151025 29.50010787 42.92707659 48.39439051
 43.63473571 33.82998921 31.97001079 30.70658037 29.77799353 28.93311758
 27.54584682 26.7184466  25.51024811 24.29536138 23.2364617  22.36699029
 21.72923409 21.10053937 21.01661273 20.75275081 20.12168285 20.10485437
 19.03387271 17.81812298 16.6772384  15.11003236 13.22847896 12.02998921
 11.58705502 11.44142395 10.94994606 11.03149946 10.23430421  9.70787487
  9.41661273  9.16504854  9.14951456  9.28996764  9.79331176 10.02675297
 10.39762675 10.5626753  10.78360302 11.35231931 11.86299892 13.22006472
 13.85113269 15.49061489 16.54368932 17.27292341 17.0381877  17.0781014
 16.85976268 16.47421791 16.12038835 15.32470334 15.0021575  14.24724919
 13.45609493 12.8781014  12.06450917 11.77885653 11.89989213 11.84703344
 11.65717368 11.43236246 11.25350593 10.83473571 10.3227616  10.02718447
  9.49708738  9.27335491  8.92556634  8.82481122  8.85134844  8.70614887
  8.62891046  8.47011866  8.1587918   8.08629989  7.85868393  7.5570658
  7.35210356  7.201726    7.07098166  6.94692557  6.95814455  6.75900755
  6.56655879  6.45070119  6.31067961  6.13527508  5.99374326  5.8403452 ]","[0.56461704 0.66666667 0.73678533 0.84660194 1.05393743 1.29773463
 1.38058252 1.97432578 3.19223301 5.30377562 7.54023732 8.69795038
 8.50355987 7.3579288  7.27227616 7.09039914 6.91413161 6.84099245
 6.67551241 6.62891046 6.42092772 6.13915858 5.77303128 5.35512406
 5.10658037 4.79201726 4.72556634 4.63559871 4.51693635 4.53139159
 4.26645092 4.12448759 3.88975189 3.58036677 3.11823085 2.78015102
 2.68004315 2.6038835  2.50507012 2.54476807 2.32405609 2.20604099
 2.1171521  1.97432578 1.95987055 1.97928803 1.98252427 1.98727077
 2.00517799 2.07292341 2.09255663 2.14498382 2.18101402 2.33160734
 2.43344121 2.57324703 2.58856526 2.64271845 2.57259978 2.53398058
 2.50248112 2.45285868 2.42222222 2.28953614 2.28263215 2.17907228
 2.07443366 1.97367853 1.79546926 1.79676375 1.798274   1.82826321
 1.76159655 1.73894283 1.69385113 1.6412082  1.54714132 1.46623517
 1.39137001 1.37907228 1.28932039 1.24271845 1.26774542 1.23883495
 1.21769148 1.22912621 1.16159655 1.14800431 1.10399137 1.11046386
 1.05803668 1.01467098 1.01596548 0.97065804 0.96763754 0.9214671
 0.9175836  0.8364617  0.81121899 0.78619202 0.77669903 0.75059331]",57
55,"0.0,0.15,0.3,0.44999999999999996,0.6,0.75,0.8999999999999999,1.05,1.2,1.3499999999999999,1.5,1.65,1.7999999999999998,1.95,2.1,2.25,2.4,2.55,2.6999999999999997,2.85,3.0,3.15,3.3,3.4499999999999997,3.5999999999999996,3.75,3.9,4.05,4.2,4.35,4.5,4.6499999999999995,4.8,4.95,5.1,5.25,5.3999999999999995,5.55,5.7,5.85,6.0,6.1499999999999995,6.3,6.45,6.6,6.75,6.8999999999999995,7.05,7.199999999999999,7.35,7.5,7.6499999999999995,7.8,7.949999999999999,8.1,8.25,8.4,8.549999999999999,8.7,8.85,9.0,9.15,9.299999999999999,9.45,9.6,9.75,9.9,10.049999999999999,10.2,10.35,10.5,10.65,10.799999999999999,10.95,11.1,11.25,11.4,11.549999999999999,11.7,11.85,12.0,12.15,12.299999999999999,12.45,12.6,12.75,12.9,13.049999999999999,13.2,13.35,13.5,13.65,13.799999999999999,13.95,14.1,14.25,14.399999999999999,14.549999999999999,14.7,14.85,15.0,15.149999999999999",2007R_GLUT1_647_WGA_594_0002.nd2,2007,M,R,5,False,3.2851655386866656,False,"[12.81049936 13.13426011 13.33327236 13.38265959 13.74519846 14.28443388
 14.36089263 15.40058533 16.60691421 17.8518383  18.39857326 19.03676605
 19.76751418 20.50631059 20.66617889 21.01335284 21.38906164 21.7783062
 22.48875069 23.11340772 25.23504664 28.2824218  31.90579843 36.7479422
 40.70733492 46.79623194 47.70276203 49.45216755 53.93415036 54.56063655
 59.45875252 63.59575636 66.82805926 68.1878544  68.66306933 67.87964149
 67.15474666 66.92921163 66.2182184  66.48856777 62.9323212  60.43790013
 57.53941833 54.28114139 50.42619352 46.69562832 40.82769343 38.72324858
 35.69745747 34.184379   32.22388879 29.57124566 27.40936528 23.99158588
 22.6826413  21.05798427 19.94457655 19.30674959 18.86738613 18.60581672
 18.62410829 18.47283702 18.12785806 18.03438815 18.0245107  17.70203036
 17.74044266 17.5659411  17.43113225 17.45454545 17.43515639 17.34113774
 17.54399122 17.25681361 17.2462045  17.21181635 17.16462411 17.21492592
 17.00804829 17.08176331 17.13224803 17.02542528 16.87378818 16.91695628
 17.0175599  17.11944394 16.91512713 16.78982989 16.93561368 16.78379367
 16.82257179 16.8190964  16.62319371 16.72105359 16.72416316 16.62227913
 16.7841595  16.7012987  16.62374245 16.62337662 16.5845985  16.48490946]","[1.8622645  1.89939638 1.93780867 1.93561368 1.96707518 1.9661606
 2.01188952 2.04060728 2.26010609 2.47045912 2.75123468 2.97256265
 3.19279312 3.33016279 3.40058533 3.31955369 3.35760015 3.35247851
 3.3978416  3.42253521 3.40442656 3.52606548 3.5145418  3.68245839
 3.61441376 3.57965978 3.57069691 3.61953539 3.52643132 3.46497165
 3.38942747 3.38961039 3.3594293  3.32650448 3.28516554 3.31113956
 3.24291202 3.2462045  3.24309493 3.23705872 3.26687397 3.37516005
 3.41686483 3.62282788 3.84817999 3.98445217 4.06584964 4.03292482
 4.08798244 4.01079202 4.02743735 3.96085605 4.03182733 4.23285166
 4.3850375  4.42857143 4.26284983 4.05853302 4.00731663 4.01335284
 3.99579294 3.98115969 4.08597037 4.29303091 4.39418328 4.79550027
 5.26705689 5.52295592 5.78982989 5.84616792 5.86519115 5.9264679
 5.98006219 6.24181452 6.24766783 6.59411012 6.91567587 6.86793488
 6.74995427 6.57801354 6.16901408 5.96506311 5.84324127 5.67056887
 5.60343881 5.3978416  5.06127675 4.92921163 4.73934516 4.70587159
 4.68666545 4.6091092  4.70879824 4.74977136 4.69489665 4.77080666
 4.79604902 4.92189501 5.02085239 4.98152552 4.96798976 4.9019572 ]","[ 4.88348271  5.2275471   5.5483812   5.92738248  6.64843607  7.65081397
  8.03457106 10.54600329 16.27217853 27.11743186 38.66873971 43.07572709
 37.90049387 28.06749588 26.17870862 24.83299799 24.0175599  23.19261021
 22.00969453 21.66050851 21.64496067 22.25736236 22.90817633 23.03402232
 23.04883849 22.68008048 22.51582221 22.35192976 21.50887141 21.40863362
 19.8273276  18.15145418 16.79714652 15.71154198 14.87067862 14.38723249
 14.26998354 14.16480702 13.93890616 13.97805012 13.86153283 14.03237607
 14.49076276 15.33217487 16.51801719 17.38229376 18.6149625  18.92555332
 19.35375892 19.55789281 19.89537223 20.3255899  20.65447229 21.06969087
 21.09840863 20.9195171  20.61477959 19.56978233 18.17633071 18.07188586
 17.70312786 16.9112859  16.22023047 15.1318822  14.79202488 14.13133346
 13.47704408 12.85732577 11.90488385 11.63563197 11.74849095 11.63252241
 11.42107189 11.02999817 10.90872508 10.38302543  9.90140845  9.59337845
  9.20523139  8.98390342  8.65483812  8.52167551  8.52057801  8.34095482
  8.24419243  8.00274374  7.73897933  7.57435522  7.24675325  7.05176514
  6.85805744  6.76751418  6.69599415  6.55258826  6.57892811  6.41009695
  6.32119993  6.12346808  6.00567039  5.87141028  5.78196451  5.62099872]","[0.5331992  0.62977867 0.67642217 0.76038046 0.94640571 1.17285531
 1.214743   1.66782513 2.75818548 4.53521127 6.23980245 7.03566856
 6.77922078 5.87836108 5.68337297 5.57709896 5.51856594 5.47228828
 5.37278215 5.43588806 5.57398939 5.80336565 5.94457655 6.16188037
 6.28461679 6.36162429 6.32010243 6.27803183 6.13279678 6.11285897
 5.75544174 5.44668008 5.12548015 5.0175599  4.94036949 5.09694531
 5.1820011  5.20175599 5.338394   5.2310225  5.54033291 5.97055058
 6.47064203 6.93908908 7.16663618 7.37534297 7.5331992  7.48600695
 7.48911652 7.47338577 7.38448875 7.16425828 6.87525151 6.03841229
 5.60380465 4.6498994  4.12474849 3.62008414 3.20139016 3.15895372
 3.02871776 2.90726175 2.75525883 2.54197915 2.4282056  2.32046826
 2.1971831  2.03713188 1.88311688 1.84433876 1.83848546 1.85037498
 1.81708432 1.75507591 1.74903969 1.66105725 1.57380648 1.49972563
 1.41375526 1.40296323 1.34260106 1.27382477 1.31205414 1.29540882
 1.2613865  1.23486373 1.15858789 1.11541979 1.0396927  1.0396927
 1.00329248 0.99615877 0.95646607 0.95006402 0.93286995 0.92317542
 0.88714103 0.87323944 0.81854765 0.7655021  0.76934333 0.75361258]",58
56,"0.0,0.15,0.3,0.44999999999999996,0.6,0.75,0.8999999999999999,1.05,1.2,1.3499999999999999,1.5,1.65,1.7999999999999998,1.95,2.1,2.25,2.4,2.55,2.6999999999999997,2.85,3.0,3.15,3.3,3.4499999999999997,3.5999999999999996,3.75,3.9,4.05,4.2,4.35,4.5,4.6499999999999995,4.8,4.95,5.1,5.25,5.3999999999999995,5.55,5.7,5.85,6.0,6.1499999999999995,6.3,6.45,6.6,6.75,6.8999999999999995,7.05,7.199999999999999,7.35,7.5,7.6499999999999995,7.8,7.949999999999999,8.1,8.25,8.4,8.549999999999999,8.7,8.85,9.0,9.15,9.299999999999999,9.45,9.6,9.75,9.9,10.049999999999999,10.2,10.35,10.5,10.65,10.799999999999999,10.95,11.1,11.25,11.4,11.549999999999999,11.7,11.85,12.0,12.15,12.299999999999999,12.45,12.6,12.75,12.9,13.049999999999999,13.2,13.35,13.5,13.65,13.799999999999999,13.95,14.1,14.25,14.399999999999999,14.549999999999999,14.7,14.85,15.0,15.149999999999999",2007R_GLUT1_647_WGA_594_0002.nd2,2007,M,R,5,False,3.314802844214609,False,"[13.00711054 13.21223874 13.47920707 13.66558931 14.15384615 14.6095669
 14.77612583 15.92070674 17.28851541 18.74811463 20.00474036 21.1284206
 23.04072398 25.60913596 26.61883215 27.30209007 27.91359621 28.61732385
 30.78797673 32.13962508 35.4598147  38.37168714 41.77591036 45.38784745
 47.32320621 51.24714501 52.10299504 52.62163327 56.25123896 56.47209653
 62.35768153 68.7897005  74.75996552 79.36630037 81.5261797  81.41672053
 80.60784314 80.04589528 79.01529843 79.47769877 76.28808446 72.23658694
 66.46283129 59.82740789 51.11463047 45.38827839 36.34302952 33.89614307
 30.07261366 28.29993536 26.83214824 24.49687567 22.96574014 21.16440422
 20.40379229 19.65567766 18.89851325 18.67916397 18.28959276 18.32299073
 18.3055376  17.97737557 18.00818789 17.97694462 17.79444085 17.80693816
 17.51411334 17.47769877 17.2206421  17.23895712 17.0730446  17.2760181
 17.20685197 17.11829347 17.07670761 16.92846369 17.03964663 17.10601164
 16.83968972 17.02219349 16.91725921 16.97716009 16.98707175 16.76879983
 16.87351864 16.78733032 16.73023055 16.69877182 16.72462831 16.92113769
 16.80112045 16.76707606 16.71040724 16.60137901 16.70911441 16.73001508
 16.64770524 16.61085973 16.55893126 16.68002586 16.34216764 16.51971558]","[ 1.91424262  1.97112691  1.97845292  2.02219349  2.09954751  2.16181857
  2.22775264  2.36069813  2.66472743  3.06227106  3.68002586  4.28851541
  5.41284206  7.05042017  7.78862314  8.20081879  8.59663866  8.89657401
  9.93665158 10.39431157 10.66515837 10.81835811 10.50420168 10.08597285
  9.64447317  8.41133376  8.24757595  7.91962939  6.93751347  6.87782805
  5.76513682  4.74445163  4.15039862  3.68670545  3.31480284  3.17625512
  3.17776341  3.16009481  3.07282913  3.0693816   3.01637578  3.00430942
  2.96207714  2.99073476  3.0103426   3.10816634  3.21353157  3.20986856
  3.22689076  3.31264814  3.24024995  3.34712346  3.354234    3.39538892
  3.43719026  3.46649429  3.49536738  3.42296919  3.5070028   3.48480931
  3.47532859  3.51820728  3.51540616  3.54729584  3.51605257  3.48200819
  3.53759966  3.41090282  3.38914027  3.40077569  3.38547727  3.38439991
  3.35854342  3.36759319  3.33268692  3.35660418  3.35337212  3.33915105
  3.39086404  3.34712346  3.43115708  3.43309632  3.53048912  3.413273
  3.44063779  3.44106874  3.46003017  3.49493644  3.41758242  3.53350571
  3.50506356  3.5556992   3.57897005  3.51928464  3.56668821  3.59663866
  3.69984917  3.66041801  3.80973928  3.90605473  4.00021547  4.03124327]","[ 4.75608705  5.08511097  5.47058824  5.92760181  6.80349063  7.87631976
  8.33160957 10.97909933 16.23076923 23.94634777 32.45852187 36.65567766
 35.98642534 30.50657186 29.12109459 27.95173454 27.18508942 26.31631114
 24.50398621 23.69015298 21.98276234 20.27343245 19.01723766 17.75781082
 17.04115492 16.27774187 16.07670761 15.84809308 15.14350356 15.0782159
 14.05494505 12.99073476 12.00323206 11.2014652  10.31329455  9.95216548
  9.82999354  9.79271709  9.72268908  9.75975005  9.85714286  9.92587804
 10.36931696 10.92975652 11.98577893 13.07175178 14.90239173 15.57142857
 16.57573799 17.15169145 17.649429   18.25748761 18.5660418  18.15190692
 17.68756733 16.44882568 15.76212023 14.85929757 13.99741435 13.96358543
 13.71428571 13.33484163 12.96401638 12.33721181 12.00603318 11.38547727
 10.79616462 10.31652661  9.64555053  9.43525102  9.59513036  9.55979315
  9.39086404  9.10708899  9.06722689  8.69381599  8.2848524   8.08187891
  7.70739065  7.57078216  7.35617324  7.26136608  7.26158156  7.12561948
  7.05343676  6.97435897  6.73518638  6.6634346   6.46972635  6.31135531
  6.13747037  6.08877397  6.0435251   5.91101056  5.88407671  5.80930834
  5.69640164  5.62271062  5.5520362   5.42770955  5.40530058  5.3018746 ]","[0.43309632 0.49041155 0.57207498 0.69510881 0.88127559 1.0952381
 1.13962508 1.61430726 2.47769877 3.73044602 4.94225382 5.60978237
 5.68455074 5.20168067 5.03684551 4.85304891 4.76772247 4.65783236
 4.34583064 4.20103426 3.89248007 3.61753932 3.45335057 3.28226675
 3.13035984 3.05602241 3.07153631 3.04912734 2.9513036  2.85800474
 2.80650722 2.70825253 2.58737341 2.44688645 2.31372549 2.22021116
 2.19133807 2.19478561 2.17474682 2.18530489 2.11118293 2.10558069
 2.15600086 2.17991812 2.23852618 2.37060978 2.5136824  2.53889248
 2.68455074 2.70566688 2.76427494 2.8162034  2.77591036 2.67679379
 2.59082094 2.43525102 2.33268692 2.16031028 2.03663004 2.02908856
 1.94160741 1.90907132 1.88321482 1.73260073 1.73647921 1.63887093
 1.5468649  1.47252747 1.37448826 1.36112907 1.35703512 1.37836673
 1.34776988 1.3195432  1.27860375 1.24865331 1.16849817 1.13811679
 1.07261366 1.07606119 1.02887309 0.99827623 0.97306615 0.97241974
 0.98146951 0.97996122 0.92372334 0.91833657 0.86619263 0.86102133
 0.83344107 0.82245206 0.78323637 0.76836889 0.78258996 0.75285499
 0.73583279 0.70071105 0.68950657 0.67636285 0.67032967 0.65136824]",59
57,"0.0,0.15,0.3,0.44999999999999996,0.6,0.75,0.8999999999999999,1.05,1.2,1.3499999999999999,1.5,1.65,1.7999999999999998,1.95,2.1,2.25,2.4,2.55,2.6999999999999997,2.85,3.0,3.15,3.3,3.4499999999999997,3.5999999999999996,3.75,3.9,4.05,4.2,4.35,4.5,4.6499999999999995,4.8,4.95,5.1,5.25,5.3999999999999995,5.55,5.7,5.85,6.0,6.1499999999999995,6.3,6.45,6.6,6.75,6.8999999999999995,7.05,7.199999999999999,7.35,7.5,7.6499999999999995,7.8,7.949999999999999,8.1,8.25,8.4,8.549999999999999,8.7,8.85,9.0,9.15,9.299999999999999,9.45,9.6,9.75,9.9,10.049999999999999,10.2,10.35,10.5,10.65,10.799999999999999,10.95,11.1,11.25,11.4,11.549999999999999,11.7,11.85,12.0,12.15,12.299999999999999,12.45,12.6,12.75,12.9,13.049999999999999,13.2,13.35,13.5,13.65,13.799999999999999,13.95,14.1,14.25,14.399999999999999,14.549999999999999,14.7,14.85,15.0,15.149999999999999",2007R_GLUT1_647_WGA_594_0002.nd2,2007,M,R,5,False,3.5513369602963305,False,"[12.48859822 12.7930316  12.94038662 13.05070031 13.45283019 13.76629239
 13.78828568 14.6433615  15.67172126 16.48211599 17.05151059 17.3609214
 17.76733418 17.99652738 17.89767334 18.03449473 17.97603889 17.94443801
 18.19064707 18.26253039 18.41856696 18.72786202 18.94814215 19.60099549
 19.96527376 20.72450515 20.62530385 20.95288807 21.80796388 21.97684917
 23.89130686 26.77439518 30.85970598 35.64729714 41.41439981 44.90566038
 45.67056372 46.56129182 48.03715708 47.84315314 49.89014932 50.71339275
 51.06933673 50.91202685 50.10151638 48.36751939 45.28753328 43.70528996
 41.31438824 39.79546244 37.97001968 35.14920708 32.1259405  27.87706911
 26.28452367 22.98066906 21.47910638 20.17455724 19.1663387  19.28232434
 18.95416136 18.67334182 18.65887255 18.2839449  18.24296794 17.91144808
 17.74927654 17.72855655 17.45155689 17.47007756 17.44507466 17.39032295
 17.38083111 17.42053478 17.36138442 17.34911448 17.20627387 17.21206158
 17.12154185 17.0446811  17.09978007 16.82405371 16.88748698 17.00347262
 17.03866188 16.82451673 16.81189953 16.88413011 16.66222942 16.74082648
 16.67727746 16.67669869 16.65505267 16.66778562 16.64799167 16.61662229
 16.47609677 16.53547864 16.54879037 16.37249682 16.4853571  16.5257553 ]","[ 1.99803218  2.05035305  2.10116912  2.14307211  2.19782382  2.2195856
  2.31079986  2.41312652  2.71466605  3.03958792  3.55064244  4.04028244
  4.80611182  5.73399699  6.08855192  6.4586179   6.67368908  6.98645677
  7.9300845   8.60713045  9.79187406 10.84338465 11.62530385 12.39495312
 12.83308253 12.78712814 12.76363005 12.63062854 11.93390439 11.95288807
 10.7511286   9.91816182  8.91063781  7.86607246  6.45201991  5.65134854
  5.32908901  5.11228151  4.76513485  4.81571941  4.20685264  3.89512675
  3.55133696  3.37747424  3.28903808  3.21773353  3.32607941  3.32341706
  3.39009145  3.39506887  3.4252807   3.52737585  3.53628892  3.56731103
  3.66662808  3.73376548  3.88204653  3.93309411  3.98402593  3.95404561
  3.90380831  3.83192499  3.78944322  3.66801713  3.63861558  3.5928927
  3.54879037  3.54624378  3.48825095  3.47586526  3.4712351   3.49658525
  3.51487441  3.43164718  3.41810395  3.44183355  3.42122931  3.42007177
  3.45688158  3.49473319  3.53189027  3.52610256  3.48732492  3.50862368
  3.48582012  3.45248293  3.4644056   3.4573446   3.44461164  3.43951846
  3.4964695   3.51313809  3.46498437  3.44519042  3.5398773   3.49994212
  3.52181966  3.59069337  3.608288    3.70413242  3.78840144  3.88679245]","[ 4.85530733  5.18705869  5.51360111  5.93483042  6.67299456  7.73561755
  8.08994097 10.70054404 16.46486862 26.9315893  38.53524714 42.53200602
 38.28579697 29.39506887 27.50966547 26.38488251 25.52737585 24.89350619
 23.49577497 22.96018058 22.40270865 21.97326079 21.67646718 21.10371571
 20.82706332 20.18347031 20.23208705 19.98321565 19.54358143 19.53536289
 18.83435583 18.27653664 17.71767566 16.90114597 15.41775668 14.08994097
 13.66523903 13.3021183  12.52552379 12.61141336 11.39946753 10.64174094
  9.93980785  9.50399352  9.48153721  9.68468573 10.69591388 11.18428059
 11.94929969 12.34020141 12.84616275 13.62356754 14.3649728  15.72624146
 16.04167149 16.6236833  16.56302813 16.33024656 15.73272369 15.68109735
 15.5272601  15.13925223 14.77682602 14.11008219 13.78921171 13.23937956
 12.57483505 12.05996064 11.39564764 11.18810047 11.26403519 11.17884014
 11.05834009 10.7945364  10.68318092 10.29366825  9.79326311  9.531543
  9.02535016  8.8223174   8.48697766  8.41879847  8.37295983  8.22710962
  8.14585021  7.92638037  7.6559787   7.52008334  7.24400972  6.99328626
  6.79557819  6.69591388  6.59474476  6.48049543  6.4293321   6.32295405
  6.14793379  6.04826948  5.96608404  5.83435583  5.75552726  5.63815256]","[0.49311263 0.59405024 0.67195277 0.78134043 0.95774974 1.18624841
 1.23521241 1.76756569 2.8952425  4.73561755 6.60238454 7.36508855
 7.23660146 6.46533164 6.30084501 6.14943859 6.05058456 6.01620558
 5.91121658 5.84963537 5.76085195 5.60794073 5.46868851 5.34159046
 5.18312305 5.02465563 4.99236023 4.95288807 4.8727862  4.8139831
 4.69753444 4.64752865 4.59937493 4.41358954 4.03935641 3.65146429
 3.54855886 3.44935756 3.2405371  3.24273643 2.88794999 2.65806228
 2.45989119 2.29447853 2.23440213 2.21842806 2.3160088  2.34876722
 2.43419377 2.46498437 2.50885519 2.58849404 2.65528418 2.79384188
 2.84512096 2.98066906 2.943975   2.89940965 2.75830536 2.73677509
 2.68896863 2.6097928  2.5201991  2.36740363 2.27445306 2.18821623
 2.07674499 1.9861095  1.85820118 1.83898599 1.81965505 1.82324343
 1.79476791 1.78573909 1.71894895 1.65030675 1.55735618 1.49577497
 1.42111355 1.39912027 1.31739785 1.29065864 1.2895011  1.27642088
 1.26507698 1.23937956 1.17629355 1.13277    1.08276421 1.03530501
 1.00474592 0.98205811 0.95925454 0.94003936 0.92198171 0.90172474
 0.86248408 0.82393796 0.80865841 0.79117953 0.76698692 0.75309642]",60
58,"0.0,0.15,0.3,0.44999999999999996,0.6,0.75,0.8999999999999999,1.05,1.2,1.3499999999999999,1.5,1.65,1.7999999999999998,1.95,2.1,2.25,2.4,2.55,2.6999999999999997,2.85,3.0,3.15,3.3,3.4499999999999997,3.5999999999999996,3.75,3.9,4.05,4.2,4.35,4.5,4.6499999999999995,4.8,4.95,5.1,5.25,5.3999999999999995,5.55,5.7,5.85,6.0,6.1499999999999995,6.3,6.45,6.6,6.75,6.8999999999999995,7.05,7.199999999999999,7.35,7.5,7.6499999999999995,7.8,7.949999999999999,8.1,8.25,8.4,8.549999999999999,8.7,8.85,9.0,9.15,9.299999999999999,9.45,9.6,9.75,9.9,10.049999999999999,10.2,10.35,10.5,10.65,10.799999999999999,10.95,11.1,11.25,11.4,11.549999999999999,11.7,11.85,12.0,12.15,12.299999999999999,12.45,12.6,12.75,12.9,13.049999999999999,13.2,13.35,13.5,13.65,13.799999999999999,13.95,14.1,14.25,14.399999999999999,14.549999999999999,14.7,14.85,15.0,15.149999999999999",2007R_GLUT1_647_WGA_594_0002.nd2,2007,M,R,5,False,3.880518889394629,False,"[12.9528903  13.         13.24692763 13.62380519 13.75557579 14.09330906
 14.35116067 15.03186163 16.29790624 17.24761038 18.32089213 18.67273555
 19.1438325  19.53641329 19.67273555 19.78379609 19.89553937 19.97746928
 20.47360036 20.48179335 21.50546199 22.90464269 24.07464725 25.97564861
 28.16408739 30.75056896 31.22166591 31.77878926 34.49613109 34.41010469
 37.80518889 42.27196177 47.25694128 53.82157487 62.12835685 66.43172508
 68.24419663 69.0578061  71.25466545 70.64952208 73.91761493 76.62130178
 78.49908967 80.01638598 78.54984069 75.13677742 68.29745107 65.44970414
 61.82203004 59.92171142 57.77401001 54.02844788 49.65976331 41.67660446
 38.97792444 32.63700501 29.03072371 25.02298589 22.50182066 22.31861629
 21.98452435 21.07874374 20.7137005  20.07646791 19.59626764 19.26035503
 18.77856168 18.5268548  18.31406463 18.26445152 18.08648157 18.20846609
 18.11857078 17.95471097 17.94583523 17.97246245 17.67751479 17.45493855
 17.34774693 17.66181156 17.36891215 17.22325899 17.34023669 17.23145198
 17.26240328 17.00045517 16.99704142 17.03504779 16.89144288 17.05029586
 17.04915794 16.8898498  17.15953573 16.86754665 17.06622667 16.87573964
 16.65157032 16.77810651 16.60559854 16.69503869 16.50318616 16.5980883 ]","[ 1.9462904   1.98702777  2.01684115  2.05120619  2.12790168  2.1586254
  2.20391443  2.28425125  2.58147474  2.9139736   3.38939463  3.72485207
  4.43786982  5.48361402  5.80200273  6.26604461  6.43582157  6.88097406
  7.67910787  8.25989986  8.69981793  9.10582613  9.17660446  9.46085571
  9.67045972  9.78743741  9.96335913 10.10992262 10.28584433 10.07988166
 10.29312699 10.32020938  9.82111971  9.41420118  8.37437415  7.27787893
  6.74351388  6.52435139  6.00591716  6.03914429  5.16522531  4.75921711
  4.30905781  3.88051889  3.49226218  3.31656805  3.32294037  3.36868457
  3.43354574  3.47746928  3.45539372  3.50523441  3.54528903  3.52366864
  3.59353664  3.48611743  3.46495221  3.40418753  3.50250341  3.51456532
  3.41306327  3.49362767  3.47246245  3.45106964  3.45084206  3.45675922
  3.45630405  3.33682294  3.36640874  3.37209832  3.30223031  3.27355485
  3.33955394  3.30700956  3.35867091  3.39667729  3.34456076  3.37323623
  3.32271279  3.44037324  3.46449704  3.40373236  3.43923532  3.36481566
  3.38689122  3.44173873  3.44333182  3.45334547  3.46540737  3.46517979
  3.55097861  3.55735093  3.53732362  3.59831589  3.61652253  3.60263996
  3.70323168  3.6317706   3.65976331  3.8104233   3.98839326  4.2553482 ]","[ 4.93195266  5.32589895  5.65953573  6.16954939  7.02048248  8.09877105
  8.58056441 11.51638598 18.3682294  31.30678198 45.57737824 50.67523896
 43.94333182 30.77492035 28.33659536 26.88757396 25.67250797 25.05826127
 23.20209376 22.61948111 21.71847975 21.06577151 20.91556668 20.63245335
 20.54005462 20.28379609 20.15225307 20.00887574 19.31884388 19.31292672
 18.43468366 17.47291761 16.5        15.51638598 13.90623578 12.56736459
 12.24351388 11.8871188  11.18775603 11.1975421  10.14223942  9.52594447
  9.07601274  8.72917615  8.74305872  9.02139281  9.94264907 10.27674101
 11.06577151 11.55052344 12.01228949 13.11811561 14.11720528 15.98702777
 16.48133819 17.3709604  17.63199818 17.72212107 17.4435594  17.36276741
 17.2002731  16.8265817  16.44446973 15.51866181 15.15930815 14.47678653
 13.55848885 12.80268548 12.04460628 11.6882112  11.74419663 11.70209376
 11.55006827 11.29585799 11.14906691 10.7325899  10.25580337  9.84865726
  9.40122895  9.12994993  8.84865726  8.7969959   8.75694128  8.6572599
  8.54961311  8.36367774  8.00500683  7.89895312  7.53390988  7.25238962
  6.96791079  6.8117888   6.68798361  6.56873009  6.56281293  6.40714611
  6.23736914  6.11106054  5.99362767  5.8709604   5.74442421  5.63837051]","[0.48611743 0.58443332 0.6693218  0.77196177 0.9597178  1.23236231
 1.30518889 1.9435594  3.35093309 5.68070096 7.82726445 8.52617205
 7.62289486 5.81793355 5.45539372 5.12699135 4.96062813 4.8427401
 4.49931725 4.29198908 4.07669549 3.86208466 3.7419208  3.57237142
 3.4704142  3.40942194 3.41647701 3.36640874 3.32362312 3.2257624
 3.0819299  2.95243514 2.80018207 2.59990897 2.40031862 2.23873464
 2.13268093 2.09558489 2.03504779 2.04824761 1.86162949 1.78038234
 1.71893491 1.642467   1.64269458 1.6989076  1.75261721 1.7460173
 1.8131543  1.88029131 1.92967683 2.06417843 2.23486573 2.43582157
 2.45926263 2.5685025  2.59217114 2.54369595 2.49203459 2.46654529
 2.43195266 2.40873919 2.30837506 2.18252162 2.10468821 1.97746928
 1.88802913 1.78083751 1.65543924 1.6263086  1.64929449 1.6317706
 1.59308147 1.57009558 1.52230314 1.51775148 1.45880746 1.37869822
 1.2969959  1.29608557 1.2539827  1.19776969 1.22553482 1.19845244
 1.19162494 1.18866636 1.11811561 1.07191625 1.04642695 0.98452435
 0.94879381 0.91579426 0.89485662 0.9032772  0.87414656 0.84888484
 0.81952663 0.79153391 0.77264452 0.73327264 0.69776969 0.68889395]",61
59,"0.0,0.15,0.3,0.44999999999999996,0.6,0.75,0.8999999999999999,1.05,1.2,1.3499999999999999,1.5,1.65,1.7999999999999998,1.95,2.1,2.25,2.4,2.55,2.6999999999999997,2.85,3.0,3.15,3.3,3.4499999999999997,3.5999999999999996,3.75,3.9,4.05,4.2,4.35,4.5,4.6499999999999995,4.8,4.95,5.1,5.25,5.3999999999999995,5.55,5.7,5.85,6.0,6.1499999999999995,6.3,6.45,6.6,6.75,6.8999999999999995,7.05,7.199999999999999,7.35,7.5,7.6499999999999995,7.8,7.949999999999999,8.1,8.25,8.4,8.549999999999999,8.7,8.85,9.0,9.15,9.299999999999999,9.45,9.6,9.75,9.9,10.049999999999999,10.2,10.35,10.5,10.65,10.799999999999999,10.95,11.1,11.25,11.4,11.549999999999999,11.7,11.85,12.0,12.15,12.299999999999999,12.45,12.6,12.75,12.9,13.049999999999999,13.2,13.35,13.5,13.65,13.799999999999999,13.95,14.1,14.25,14.399999999999999,14.549999999999999,14.7,14.85,15.0,15.149999999999999",2007R_GLUT1_647_WGA_594_0002.nd2,2007,M,R,5,False,4.597914252607184,False,"[13.45538818 13.57010429 14.15063731 14.01042874 14.83314021 15.46465817
 15.54345307 16.76013905 17.37543453 18.31517961 20.44727694 20.87369641
 23.48551564 26.16917729 26.96871379 28.18192352 29.00463499 29.32329085
 33.33024334 34.39397451 40.67323291 47.2410197  52.8400927  58.58516802
 62.20625724 67.36384705 67.24449594 69.98377752 72.24913094 71.8783314
 76.83314021 80.29200463 82.73117034 83.29663963 81.52491309 81.33719583
 79.45654693 79.17149479 75.70567787 76.66743917 69.16570104 65.68366165
 61.38933951 56.89339513 51.00811124 47.69988413 40.9594438  38.32329085
 33.33371958 31.2387022  29.6419467  26.16454229 24.05214368 21.18308227
 20.29663963 19.32792584 18.89339513 18.28505214 17.72537659 17.53650058
 17.6801854  17.36384705 17.37775203 16.88528389 17.30475087 16.72421784
 16.87717265 16.69756663 16.73464658 16.37311703 16.53534183 16.38238702
 16.52723059 16.45538818 15.8829664  16.49710313 16.14136732 16.21205098
 15.74855156 16.44264195 15.69293163 15.92699884 15.72190035 16.11471611
 16.13325608 15.797219   16.17497103 15.90961761 15.88760139 16.11239861
 15.63151796 15.94901506 15.5608343  15.74391657 15.82734647 15.89455388
 15.88180765 15.55040556 16.03012746 15.73232908 15.50637312 15.49826188]","[1.98146002 2.05909618 2.10081112 2.04750869 2.10312862 2.1216686
 2.17728853 2.1575898  2.40556199 2.67555041 2.85399768 3.13325608
 3.64658169 4.00811124 4.09733488 4.26187717 4.33719583 4.43105446
 4.75086906 4.77752028 4.44495944 4.47276941 4.04982619 3.95017381
 3.95596756 4.21900348 4.15411356 4.11587486 4.4032445  4.38006952
 4.88412514 5.0811124  4.90498262 4.59791425 4.43337196 3.90498262
 3.88876014 3.90382387 3.74739282 3.76013905 3.71147161 3.68482039
 3.801854   3.76825029 3.65353418 3.70451912 3.91077636 3.79258401
 3.81807648 3.80996524 3.84472769 3.70915411 3.81228273 3.7184241
 3.78910776 3.77288528 3.76825029 3.57242178 3.73232908 3.60718424
 3.71378911 3.61761298 3.66164542 3.58285052 3.51680185 3.50869061
 3.50057937 3.55967555 3.54692932 3.50984936 3.49826188 3.42526072
 3.50869061 3.37891078 3.45191194 3.50405562 3.54808806 3.49015064
 3.44959444 3.58285052 3.53418308 3.47624565 3.4032445  3.4438007
 3.47624565 3.42062572 3.58516802 3.40672074 3.66859791 3.59212051
 3.9571263  3.92699884 3.98146002 4.27114716 4.19930475 4.41135574
 4.80533024 4.71958285 4.80764774 4.80417149 4.71263036 4.64078795]","[ 4.74623407  5.07995365  5.33371958  5.70336037  6.4438007   7.36616454
  7.69409038  9.99884125 14.93163384 23.64889919 35.07531866 43.52143685
 43.97914253 34.50984936 31.73812283 30.3603708  29.13209733 27.75202781
 25.33719583 24.599073   22.30359212 19.64078795 17.7612978  15.91772885
 14.9571263  13.38702202 13.29200463 12.74623407 11.91309386 11.84936269
 10.52838934  9.45770568  8.75550406  7.91772885  7.41019699  6.94669757
  6.96871379  6.94438007  7.          7.09269988  7.4032445   7.74739282
  8.77983778  9.82734647 11.26303592 12.16917729 13.42178447 13.95828505
 14.82618772 15.49362688 16.04866744 16.90266512 17.06488992 17.11355736
 16.62108922 15.66396292 14.68713789 13.28968714 12.13441483 11.94090382
 11.80533024 11.15063731 10.70915411  9.8829664   9.78679027  9.30127462
  8.73696408  8.46697567  7.96523754  7.93858633  8.15295481  7.88991889
  7.96871379  7.79258401  7.63035921  7.42641947  7.13441483  7.08690614
  6.66743917  6.51100811  6.39165701  6.39976825  6.2410197   6.2815759
  6.24217845  6.15295481  5.91077636  5.98146002  5.92236385  5.82387022
  5.69640788  5.73812283  5.54345307  5.56894554  5.50521437  5.51100811
  5.38006952  5.38702202  5.33487833  5.22016222  5.30011587  5.12862109]","[0.45654693 0.52954809 0.57473928 0.65469293 0.83429896 1.02780997
 1.05793743 1.53070684 2.396292   3.54692932 5.00695249 5.86558517
 6.07300116 5.44264195 5.34994206 5.15874855 5.00695249 4.95133256
 4.77983778 4.63615295 4.2433372  3.97103129 3.59212051 3.16685979
 3.00463499 2.69409038 2.57473928 2.56199305 2.47624565 2.29548088
 2.01738123 1.801854   1.65237543 1.52491309 1.4368482  1.35110081
 1.33719583 1.30706837 1.30590962 1.26998841 1.30822711 1.37543453
 1.54345307 1.80533024 2.04519119 2.15063731 2.2410197  2.29895713
 2.38354577 2.38122827 2.38818076 2.36384705 2.37543453 2.22943221
 2.08922364 1.96639629 1.80996524 1.69177289 1.55272306 1.50289687
 1.48783314 1.41251448 1.42757822 1.28273465 1.21784473 1.26882966
 1.17844728 1.13441483 1.08458864 1.08458864 1.05793743 1.04519119
 1.08458864 1.04171495 1.02085747 0.98030127 0.92004635 0.8806489
 0.89107764 0.8806489  0.78794902 0.77520278 0.82850521 0.797219
 0.79837775 0.78910776 0.75318656 0.6825029  0.68945539 0.68366165
 0.62688297 0.66164542 0.64889919 0.67323291 0.66512167 0.63035921
 0.65353418 0.6778679  0.62804171 0.58632677 0.56778679 0.56546929]",62
60,"0.0,0.15,0.3,0.44999999999999996,0.6,0.75,0.8999999999999999,1.05,1.2,1.3499999999999999,1.5,1.65,1.7999999999999998,1.95,2.1,2.25,2.4,2.55,2.6999999999999997,2.85,3.0,3.15,3.3,3.4499999999999997,3.5999999999999996,3.75,3.9,4.05,4.2,4.35,4.5,4.6499999999999995,4.8,4.95,5.1,5.25,5.3999999999999995,5.55,5.7,5.85,6.0,6.1499999999999995,6.3,6.45,6.6,6.75,6.8999999999999995,7.05,7.199999999999999,7.35,7.5,7.6499999999999995,7.8,7.949999999999999,8.1,8.25,8.4,8.549999999999999,8.7,8.85,9.0,9.15,9.299999999999999,9.45,9.6,9.75,9.9,10.049999999999999,10.2,10.35,10.5,10.65,10.799999999999999,10.95,11.1,11.25,11.4,11.549999999999999,11.7,11.85,12.0,12.15,12.299999999999999,12.45,12.6,12.75,12.9,13.049999999999999,13.2,13.35,13.5,13.65,13.799999999999999,13.95,14.1,14.25,14.399999999999999,14.549999999999999,14.7,14.85,15.0,15.149999999999999",2007R_GLUT1_647_WGA_594_0002.nd2,2007,M,R,5,False,2.8614471079832855,False,"[13.09214867 13.26215087 13.63404442 13.68396745 14.20145151 14.61447108
 14.88168023 15.34814163 16.36727513 17.83373653 18.87860128 19.69474379
 21.25401364 22.82449967 23.43281284 23.97844733 24.49901034 25.25511326
 27.13525401 29.06773697 32.8526501  37.62216846 41.78557291 46.15482736
 48.67648999 52.12337805 52.66769298 53.38113042 56.30525621 56.26874863
 60.57466461 65.55179239 69.41126017 73.10666373 74.72993182 74.20189136
 73.90301298 73.25907192 72.31691225 72.06443809 68.27182758 64.27534638
 59.00131955 52.66153508 46.41455905 41.87728172 34.57840334 32.48317572
 29.4114801  28.08972949 26.27556631 24.09742687 22.48317572 20.47305916
 20.07257532 18.93578183 18.3644161  17.97756763 17.58544095 17.53595777
 17.64658016 17.44908731 17.25995162 17.21728612 16.87200352 17.00307895
 16.74510666 16.74466681 16.65361777 16.66791291 16.69254453 16.61469101
 16.52936002 16.62238839 16.54365516 16.39542556 16.54497471 16.44996701
 16.26457005 16.40488234 16.21332747 16.26566967 16.3217506  16.22080493
 16.33956455 16.21134814 16.28480317 16.15372773 15.89773477 16.05696063
 16.09610732 16.22740268 15.96767099 15.89003739 15.87684187 16.00527821
 15.91268969 15.92016714 15.93754124 16.11106224 16.00219925 15.85836815]","[1.86386629 1.93732131 1.90719155 1.94985705 1.98130636 2.01847372
 2.04090609 2.09522762 2.28040466 2.50714757 2.90191335 3.15724654
 3.64548054 4.36287662 4.59049923 4.76599956 4.83549593 5.14669013
 5.60215527 5.68638663 5.54321531 4.9991203  4.50714757 4.18627667
 3.87860128 3.57334506 3.56564768 3.54409501 3.38091049 3.39102705
 3.20804926 3.08379151 3.00725753 2.98900374 2.86144711 2.91115021
 2.87222344 2.82669892 2.82032109 2.8291181  2.87904113 2.83923466
 2.84847152 2.90015395 2.93138333 3.02375192 3.11084231 3.21992523
 3.2161865  3.23466022 3.26193094 3.30921487 3.37849131 3.37321311
 3.43831097 3.47965692 3.50120959 3.45480537 3.48097647 3.53749725
 3.38838795 3.54233561 3.43743127 3.4141192  3.37563229 3.3652958
 3.36419617 3.35012096 3.37123378 3.34858148 3.30151748 3.38332967
 3.28634264 3.32329008 3.34990103 3.33296679 3.40928084 3.33956455
 3.42995382 3.49307236 3.50164944 3.50318892 3.49373213 3.49241258
 3.56806686 3.47349901 3.55861007 3.48317572 3.57642402 3.57642402
 3.59181878 3.72597317 3.71805586 3.70178139 3.80162745 3.74928524
 3.82340004 3.91400924 4.06993622 4.22850231 4.5326589  4.98108643]","[ 4.79986804  5.11590059  5.48229602  5.89839455  6.64811964  7.65317792
  7.94523862 10.54123598 16.18143831 26.36551572 38.46536178 44.08137233
 40.80492633 30.74180779 28.68374753 27.31251375 26.55355179 25.66615351
 24.59071916 24.51220585 24.29997801 23.61535078 22.17242138 19.83219705
 18.06817682 16.00307895 15.66109523 15.20628986 13.77149769 13.60039587
 12.12095887 10.91928744 10.13195514  9.57268529  9.13305476  9.13789312
  9.07631405  9.13041566  9.173521    9.16340444  9.4141192   9.61579063
 10.03804706 10.50230921 11.41697823 12.04596437 13.60985265 14.32592918
 15.13525401 15.64174181 16.12073895 16.82340004 17.27336706 17.48757422
 17.28568287 16.27534638 15.38948757 14.07543435 12.92896415 12.86584561
 12.63514405 12.33604574 12.00637783 11.53243897 11.24565648 10.89861447
 10.3923466   9.95755443  9.3173521   9.19221465  9.25027491  9.23883879
  9.04508467  8.87684187  8.72619309  8.39806466  8.04640422  7.81284363
  7.56894656  7.40136354  7.09104904  7.04816362  7.03342863  7.00109963
  6.84231361  6.76687926  6.57004618  6.40928084  6.23510007  6.10688366
  5.98768419  5.92830438  5.82867825  5.75082472  5.79502969  5.66725313
  5.58258192  5.48449527  5.40818122  5.35429954  5.33560589  5.2405982 ]","[0.47921707 0.57356499 0.6800088  0.75874203 0.95931383 1.18341764
 1.22256433 1.75544315 2.80250715 4.42005718 6.17572026 7.05893996
 6.9502969  6.33890477 6.09962613 5.96415219 5.88805806 5.78139433
 5.6364636  5.56916648 5.42819441 5.19661315 4.83681548 4.44182978
 4.12755663 3.81064438 3.64658016 3.58016274 3.34198373 3.2188256
 2.85836815 2.54233561 2.25401364 2.08731031 1.86364636 1.81768199
 1.80712558 1.80602595 1.78645261 1.79327029 1.78799208 1.8491313
 1.89509567 1.93358258 2.00285903 2.13921267 2.28722234 2.29821861
 2.37035408 2.37519243 2.40862107 2.48603475 2.47305916 2.44138993
 2.43215307 2.2667693  2.18825599 2.01077634 1.85968771 1.850011
 1.82889817 1.76446008 1.72135474 1.61227183 1.62700682 1.56696723
 1.51044645 1.39454585 1.30767539 1.26391027 1.31757203 1.29865846
 1.23400044 1.24015835 1.23004179 1.1744007  1.14669013 1.10974269
 1.0758742  1.05630086 1.01209589 0.99406202 0.9782274  0.96987024
 0.97580823 0.97448867 0.91796789 0.88607873 0.84055421 0.83483616
 0.79151089 0.76577963 0.75368375 0.72905212 0.71607653 0.70991863
 0.67605014 0.70376072 0.65185837 0.63998241 0.62084891 0.62480757]",63
61,"0.0,0.15,0.3,0.44999999999999996,0.6,0.75,0.8999999999999999,1.05,1.2,1.3499999999999999,1.5,1.65,1.7999999999999998,1.95,2.1,2.25,2.4,2.55,2.6999999999999997,2.85,3.0,3.15,3.3,3.4499999999999997,3.5999999999999996,3.75,3.9,4.05,4.2,4.35,4.5,4.6499999999999995,4.8,4.95,5.1,5.25,5.3999999999999995,5.55,5.7,5.85,6.0,6.1499999999999995,6.3,6.45,6.6,6.75,6.8999999999999995,7.05,7.199999999999999,7.35,7.5,7.6499999999999995,7.8,7.949999999999999,8.1,8.25,8.4,8.549999999999999,8.7,8.85,9.0,9.15,9.299999999999999,9.45,9.6,9.75,9.9,10.049999999999999,10.2,10.35,10.5,10.65,10.799999999999999,10.95,11.1,11.25,11.4,11.549999999999999,11.7,11.85,12.0,12.15,12.299999999999999,12.45,12.6,12.75,12.9,13.049999999999999,13.2,13.35,13.5,13.65,13.799999999999999,13.95,14.1,14.25,14.399999999999999,14.549999999999999,14.7,14.85,15.0,15.149999999999999",2007R_GLUT1_647_WGA_594_0002.nd2,2007,M,R,5,False,2.993781725888325,False,"[13.07817259 13.40215736 13.59720812 13.98134518 14.28857868 14.92918782
 15.38515228 16.50621827 18.32030457 19.96916244 22.11852792 23.76510152
 26.7393401  31.28261421 32.7036802  33.8248731  34.88096447 35.26053299
 38.28743655 39.98426396 42.8714467  45.03299492 47.66154822 49.08959391
 49.83451777 50.61116751 50.86573604 50.83324873 51.36002538 51.42906091
 51.57779188 51.81979695 52.15532995 52.2930203  51.4178934  49.38350254
 48.78045685 48.24251269 46.30685279 47.08883249 43.10291878 40.7892132
 37.37220812 34.64149746 31.19708122 28.18109137 23.80139594 22.83261421
 21.51510152 21.15101523 20.51395939 19.83439086 19.30977157 18.70494924
 18.48895939 18.27474619 17.91104061 17.64327411 17.65951777 17.47538071
 17.57449239 17.56472081 17.53413706 17.52081218 17.28908629 17.36700508
 17.3143401  17.35444162 17.10482234 17.19517766 17.05939086 16.9464467
 17.01116751 17.07322335 16.99758883 16.96916244 16.85685279 17.03312183
 16.91852792 16.68997462 16.8998731  16.91307107 16.85621827 16.87208122
 16.79467005 16.82626904 16.8430203  16.73147208 16.90571066 16.80748731
 16.76865482 16.62626904 16.5392132  16.58756345 16.70507614 16.7822335
 16.73159898 16.6177665  16.67093909 16.53401015 16.56890863 16.55545685]","[1.82601523 1.8498731  1.86827411 1.89923858 1.90038071 1.93109137
 1.96700508 2.00558376 2.17969543 2.36472081 2.66967005 2.85304569
 3.10558376 3.25888325 3.24428934 3.25025381 3.31637056 3.28045685
 3.25482234 3.21941624 3.18654822 3.11814721 3.07335025 3.07817259
 3.10761421 3.05126904 3.08147208 3.09263959 3.10088832 3.08972081
 3.02982234 3.01116751 2.96624365 2.99378173 3.00596447 3.03997462
 3.12246193 3.09213198 3.16307107 3.10253807 3.12944162 3.15520305
 3.19352792 3.25532995 3.28477157 3.44010152 3.50634518 3.44847716
 3.3856599  3.38604061 3.36027919 3.3142132  3.29517766 3.29263959
 3.32576142 3.30583756 3.33362944 3.30507614 3.36751269 3.37195431
 3.32296954 3.33007614 3.32195431 3.2856599  3.28032995 3.31967005
 3.37030457 3.35482234 3.40380711 3.43020305 3.37741117 3.41192893
 3.44073604 3.45685279 3.46865482 3.53629442 3.59911168 3.60177665
 3.65672589 3.68654822 3.75964467 3.72677665 3.67715736 3.70901015
 3.6748731  3.67753807 3.55253807 3.55977157 3.56205584 3.51027919
 3.49758883 3.53375635 3.4856599  3.48096447 3.4392132  3.49746193
 3.5785533  3.59758883 3.63236041 3.68705584 3.81383249 3.91675127]","[ 4.85        5.19936548  5.59251269  6.05951777  6.93083756  8.24746193
  8.66573604 11.71116751 17.67411168 27.74428934 38.57906091 42.14263959
 38.87550761 30.85875635 28.62195431 27.27576142 25.92246193 25.30139594
 22.39403553 21.08236041 19.16104061 17.53236041 16.43324873 15.70812183
 15.2715736  14.94073604 14.92791878 14.82639594 14.64606599 14.49961929
 14.27246193 13.83096447 13.3822335  12.95672589 12.92601523 13.05837563
 13.0857868  13.19225888 13.33477157 13.28007614 13.76002538 14.02690355
 14.46104061 15.13096447 15.69860406 16.3892132  17.13159898 17.44796954
 17.95431472 18.26890863 18.58895939 19.07588832 19.3356599  19.01307107
 18.61586294 17.29352792 16.45114213 15.20596447 14.14923858 14.06954315
 13.63439086 13.2501269  12.86167513 12.10926396 11.80494924 11.45685279
 10.86269036 10.40875635  9.8248731   9.65888325  9.69149746  9.6214467
  9.44086294  9.19695431  9.04048223  8.7214467   8.37017766  8.18705584
  7.9001269   7.73756345  7.52322335  7.46484772  7.44010152  7.35038071
  7.21624365  7.08299492  6.88883249  6.79606599  6.60076142  6.43083756
  6.31510152  6.21192893  6.11573604  6.0463198   6.04073604  5.91040609
  5.81598985  5.73680203  5.59251269  5.52322335  5.44898477  5.32779188]","[0.47906091 0.56446701 0.65418782 0.75279188 0.93439086 1.19390863
 1.26370558 1.82385787 2.84416244 4.40469543 6.01408629 6.68654822
 6.80862944 6.40152284 6.26294416 6.18794416 6.03121827 5.95532995
 5.58045685 5.41269036 4.95583756 4.62436548 4.32258883 4.05558376
 3.89822335 3.72055838 3.70444162 3.63337563 3.48692893 3.41192893
 3.25659898 3.08502538 2.94352792 2.77246193 2.69911168 2.65532995
 2.65507614 2.65114213 2.66560914 2.66040609 2.65164975 2.72969543
 2.81205584 2.91510152 2.96675127 3.0498731  3.12880711 3.12994924
 3.13870558 3.10279188 3.08591371 3.08362944 3.04441624 2.87436548
 2.76383249 2.59568528 2.43616751 2.27043147 2.13604061 2.10571066
 2.03997462 1.97703046 1.93007614 1.79885787 1.78629442 1.67982234
 1.65203046 1.55634518 1.49746193 1.44936548 1.46852792 1.44213198
 1.45025381 1.40380711 1.38236041 1.3248731  1.25329949 1.19263959
 1.14771574 1.14796954 1.10279188 1.08895939 1.07360406 1.06560914
 1.05824873 1.04340102 0.9965736  0.98185279 0.94048223 0.92791878
 0.88895939 0.86395939 0.86180203 0.82093909 0.82550761 0.8071066
 0.79010152 0.77081218 0.73147208 0.71484772 0.68413706 0.69162437]",64
62,"0.0,0.15,0.3,0.44999999999999996,0.6,0.75,0.8999999999999999,1.05,1.2,1.3499999999999999,1.5,1.65,1.7999999999999998,1.95,2.1,2.25,2.4,2.55,2.6999999999999997,2.85,3.0,3.15,3.3,3.4499999999999997,3.5999999999999996,3.75,3.9,4.05,4.2,4.35,4.5,4.6499999999999995,4.8,4.95,5.1,5.25,5.3999999999999995,5.55,5.7,5.85,6.0,6.1499999999999995,6.3,6.45,6.6,6.75,6.8999999999999995,7.05,7.199999999999999,7.35,7.5,7.6499999999999995,7.8,7.949999999999999,8.1,8.25,8.4,8.549999999999999,8.7,8.85,9.0,9.15,9.299999999999999,9.45,9.6,9.75,9.9,10.049999999999999,10.2,10.35,10.5,10.65,10.799999999999999,10.95,11.1,11.25,11.4,11.549999999999999,11.7,11.85,12.0,12.15,12.299999999999999,12.45,12.6,12.75,12.9,13.049999999999999,13.2,13.35,13.5,13.65,13.799999999999999,13.95,14.1,14.25,14.399999999999999,14.549999999999999,14.7,14.85,15.0,15.149999999999999",2007R_GLUT1_647_WGA_594_0002.nd2,2007,M,R,5,True,50.28409397785579,False,"[13.31839049 13.61396165 13.67310289 13.92897651 14.35754793 14.66864704
 14.70024305 15.62584391 16.57520929 17.70861464 19.02592493 19.81015393
 21.35565757 22.97974615 23.77558736 24.54469349 25.25965433 25.37429112
 27.73994059 29.51836349 32.9337024  37.31744531 41.47934107 45.8100189
 48.70118823 51.9994599  52.89549014 54.02322441 55.61517688 55.76248987
 57.37604645 57.96678369 57.61180124 55.58223062 51.84674588 48.66932217
 47.47704564 46.53834729 44.5205239  44.66176073 40.00783149 37.55225493
 33.47015933 30.05198488 25.88117742 23.53335134 21.31852552 20.63002971
 19.99392385 19.58601134 19.19011612 18.90075614 18.4184445  17.78287875
 17.87172563 17.40696732 17.29516608 17.0305158  17.06076154 17.03213611
 16.89373481 16.82959762 16.7531731  16.59613827 16.6389414  16.65838509
 16.5662976  16.63002971 16.62192817 16.59411288 16.36173373 16.59060221
 16.49837969 16.46016743 16.505266   16.4800162  16.56359708 16.46030246
 16.35228193 16.39522009 16.37645153 16.44679989 16.3547124  16.34728598
 16.34026465 16.42411558 16.26181474 16.23062382 16.25087767 16.19241156
 16.12692412 15.96489333 16.14096678 16.22319741 15.95598164 16.00918174
 16.09978396 15.95733189 16.06521739 15.84080475 16.0415879  15.90170132]","[ 2.37240076  2.47542533  2.53267621  2.66648663  2.77720767  2.92276533
  2.97542533  3.19497705  3.60045909  4.0931677   4.79746152  5.43545774
  6.47177964  8.14906832  8.97056441  9.63435053 10.51512287 10.8610586
 14.08236565 16.23656495 21.32433162 26.86970024 32.01728328 36.51849851
 39.30259249 42.9531461  43.51984877 44.61544693 46.47542533 46.61193627
 49.16783689 50.28409398 51.31109911 51.78652444 51.49932487 51.19335674
 50.92951661 50.54307318 49.90723738 49.96664866 47.96259789 46.35093168
 43.0305158  39.3979206  33.98811774 28.93815825 21.20861464 18.56899811
 15.46556846 13.8979206  12.60869565 10.72792331  9.4436943   7.81582501
  7.24642182  6.16243586  5.61801242  5.20712935  4.80610316  4.84877127
  4.66648663  4.61693222  4.41493384  4.15487443  4.14555766  4.06197678
  4.0047259   3.92911153  3.94936538  3.8868485   3.91020794  3.92627599
  3.89319471  3.88023224  3.94072374  3.86011342  3.8599784   3.85336214
  3.84377532  3.91128814  3.87699163  3.86889009  3.86848501  3.8147448
  3.85282204  3.83486362  3.84647583  3.87550635  3.90993789  3.99905482
  4.10477991  4.18809074  4.25101269  4.28301377  4.31487983  4.32244126
  4.32595193  4.27774777  4.17796381  4.21604105  4.11585201  4.18431002]","[ 4.80002701  5.1294896   5.49243856  5.90615717  6.61976776  7.69430192
  8.07385903 10.59870375 15.7173913  25.75884418 39.24007561 45.60640022
 44.30110721 34.65122873 32.10572509 30.6436673  29.39130435 28.7889549
 26.32257629 25.32149608 23.41871456 21.13988658 19.10721037 16.93761815
 15.68268971 14.1384013  14.04955442 13.59303268 12.73413449 12.68025925
 11.52430462 10.65109371 10.10923575  9.76059951  9.86956522 10.17431812
 10.2931407  10.50904672 10.92087497 10.82689711 11.88779368 12.63192006
 14.18647043 15.59532811 17.20982987 18.27815285 19.3815825  19.6758034
 19.8152849  19.77275182 19.57980016 19.13867135 18.32797732 17.11544693
 16.53281123 15.18660546 14.18376992 13.09424791 12.13691601 12.01228733
 11.73751013 11.37699163 10.98352687 10.36186876 10.13799622  9.74034567
  9.22954361  8.84890629  8.33621388  8.24925736  8.32028085  8.20928977
  8.13165001  7.87780178  7.81663516  7.55819606  7.29084526  7.16662166
  6.90845261  6.81731029  6.65581961  6.69457197  6.62165812  6.57237375
  6.50283554  6.42087497  6.32905752  6.2115852   6.0815555   5.94815015
  5.86672968  5.77113151  5.72913854  5.65325412  5.67094248  5.58250068
  5.50891169  5.46057251  5.3721307   5.34728598  5.28166352  5.17661356]","[0.48852282 0.59141237 0.6452876  0.77909803 0.97083446 1.24709695
 1.29327572 1.89197948 2.99135836 4.75654874 6.77558736 7.65879017
 7.80461788 6.99405887 6.65919525 6.43599784 6.26546044 6.19281664
 5.77693762 5.4694842  4.95409128 4.34418039 3.80407777 3.33486362
 3.00108021 2.66702674 2.6136916  2.51012692 2.3247367  2.29017013
 2.02768026 1.84174993 1.68863084 1.60694032 1.59289765 1.63583581
 1.64677289 1.68255469 1.70739941 1.71064002 1.84431542 1.95382123
 2.17499325 2.35511747 2.5463138  2.65325412 2.7063192  2.68295976
 2.64258709 2.62098299 2.56143667 2.49837969 2.43964353 2.23291925
 2.14636781 2.00027005 1.82446665 1.70550905 1.58830678 1.58034026
 1.53186605 1.51498785 1.46435323 1.37010532 1.34715096 1.29165541
 1.24750203 1.18012422 1.14272212 1.11207129 1.11855252 1.13110991
 1.10937078 1.07277883 1.04307318 1.00135026 0.98730759 0.9331623
 0.91061302 0.9062922  0.87780178 0.86456927 0.8663246  0.86038347
 0.86862004 0.8447205  0.83094788 0.82379152 0.77464218 0.76681069
 0.73359438 0.73669997 0.71995679 0.69997299 0.69538212 0.68214961
 0.65919525 0.66567648 0.64555766 0.62665406 0.61234134 0.5931677 ]",65
63,"0.0,0.15,0.3,0.44999999999999996,0.6,0.75,0.8999999999999999,1.05,1.2,1.3499999999999999,1.5,1.65,1.7999999999999998,1.95,2.1,2.25,2.4,2.55,2.6999999999999997,2.85,3.0,3.15,3.3,3.4499999999999997,3.5999999999999996,3.75,3.9,4.05,4.2,4.35,4.5,4.6499999999999995,4.8,4.95,5.1,5.25,5.3999999999999995,5.55,5.7,5.85,6.0,6.1499999999999995,6.3,6.45,6.6,6.75,6.8999999999999995,7.05,7.199999999999999,7.35,7.5,7.6499999999999995,7.8,7.949999999999999,8.1,8.25,8.4,8.549999999999999,8.7,8.85,9.0,9.15,9.299999999999999,9.45,9.6,9.75,9.9,10.049999999999999,10.2,10.35,10.5,10.65,10.799999999999999,10.95,11.1,11.25,11.4,11.549999999999999,11.7,11.85,12.0,12.15,12.299999999999999,12.45,12.6,12.75,12.9,13.049999999999999,13.2,13.35,13.5,13.65,13.799999999999999,13.95,14.1,14.25,14.399999999999999,14.549999999999999,14.7,14.85,15.0,15.149999999999999",2007R_GLUT1_647_WGA_594_0002.nd2,2007,M,R,5,False,3.5272023233301066,False,"[13.20580833 13.66621491 13.85924492 14.10048403 14.52023233 15.07938045
 15.1285576  16.19322362 17.59806389 19.16573088 20.81084221 22.2803485
 24.45382381 27.72758955 29.17521781 30.1053243  31.47028074 32.08654405
 35.74714424 38.31907067 43.06021297 48.2625363  52.29564376 55.88460794
 58.75450145 61.89661181 62.39051307 63.12623427 65.6178122  65.5339787
 68.25188771 70.11926428 70.26292352 70.4303969  68.84704743 66.24201355
 65.57734753 64.60271055 62.04027106 62.93417231 57.42613746 54.560697
 49.11093901 44.25614714 37.64240077 32.75237173 26.67725073 25.27028074
 23.52255566 22.72158761 21.93998064 21.13688287 20.31442401 19.2410455
 18.94772507 18.55934172 18.20096805 18.02265247 17.75663117 17.60832527
 17.5392062  17.49215876 17.46660213 17.37986447 17.34830591 17.35759923
 17.40135528 17.53126815 17.63484995 17.98025169 17.71810261 17.81452081
 17.85498548 18.2178122  18.36553727 18.8946757  19.99535334 20.05304937
 20.62071636 20.83310745 21.0447241  20.83426912 20.77347531 20.78528558
 20.44027106 20.3463698  20.10164569 19.8071636  19.44336883 19.43465634
 19.44685382 19.46815102 19.29932236 19.00968054 19.13998064 18.74327202
 18.61665053 18.25188771 17.67105518 17.20638916 16.72565344 16.7839303 ]","[1.89583737 1.90242014 1.91597289 1.960697   1.99612778 1.99690223
 2.04240077 2.08944821 2.2375605  2.43988383 2.80019361 2.99380445
 3.23446273 3.45072604 3.52662149 3.560697   3.64840271 3.69738625
 3.87124879 3.96495644 4.16089061 4.17289448 4.12797677 4.01471442
 3.96011617 3.8286544  3.89661181 3.83910939 3.77696031 3.76902227
 3.72468538 3.50222652 3.51500484 3.52720232 3.58315586 3.59186834
 3.6749274  3.67628267 3.71926428 3.6195547  3.74753146 3.80251694
 3.8536302  3.9285576  3.9804453  3.95082285 3.89370765 3.87512101
 3.72042594 3.81219748 3.76340755 3.6178122  3.642788   3.57424976
 3.63601162 3.58586641 3.64453049 3.59690223 3.58160697 3.64917715
 3.55275895 3.60290416 3.56979671 3.59090029 3.53204259 3.4946757
 3.55818006 3.49235237 3.47841239 3.3446273  3.46815102 3.43949661
 3.43310745 3.48112294 3.442788   3.38509197 3.39690223 3.42168441
 3.36824782 3.48015489 3.48363988 3.47763795 3.49448209 3.42749274
 3.44975799 3.49912875 3.43969022 3.46757018 3.57734753 3.68131655
 3.75024201 3.93649564 4.08305905 4.25634076 4.26563408 4.39574056
 4.68460794 4.68809293 4.61684414 4.68731849 4.94307841 5.09970958]","[ 4.72003872  5.09002904  5.3928364   5.77734753  6.56185866  7.67918683
  7.97424976 10.73765731 16.54617619 28.19690223 41.59148112 45.3696031
 39.34869313 28.25382381 25.86176186 24.7624395  23.9196515  23.53320426
 22.21897386 21.62826718 20.30609874 18.7124879  17.01723136 15.51636012
 14.57986447 13.1750242  12.98141336 12.43175218 11.65866409 11.6482091
 10.53146176  9.8         9.29080348  8.99361084  8.80116167  8.78606002
  8.87279768  8.95837367  9.05440465  8.98877057  9.51577928  9.76650532
 10.38141336 11.06815102 12.35024201 13.64123911 16.13707648 17.08383349
 18.23136496 18.87279768 19.41355276 19.98257502 20.00948693 19.29506292
 18.83639884 17.53843175 16.49002904 15.27202323 14.0768635  13.97095837
 13.54385286 13.17057115 12.72933204 12.13514037 11.97483059 11.48228461
 10.98683446 10.62013553 10.02729913  9.90667957  9.96418199  9.88247822
  9.73281704  9.45440465  9.38470474  8.91132623  8.48383349  8.33359148
  7.92352372  7.75101646  7.49970958  7.41413359  7.37308809  7.28654405
  7.17618587  7.02362052  6.85014521  6.68151016  6.51597289  6.40851888
  6.25517909  6.17057115  6.08615682  6.003485    6.00116167  5.84607938
  5.7821878   5.7231365   5.61878025  5.51829622  5.45866409  5.3142304 ]","[0.43407551 0.49912875 0.56263311 0.66195547 0.80290416 1.02691191
 1.09545015 1.57308809 2.59380445 4.33804453 6.10919652 6.58005808
 5.9893514  4.89680542 4.70764763 4.53378509 4.47821878 4.41839303
 4.24685382 4.20561471 3.98857696 3.72410455 3.52391094 3.26737657
 3.09002904 2.82691191 2.81819942 2.73823814 2.57947725 2.58238141
 2.38993224 2.22071636 2.09777348 2.06311713 2.04549855 2.02381413
 2.04123911 2.06621491 2.05304937 2.06718296 2.13010649 2.17909003
 2.26369797 2.3339787  2.53978703 2.71384318 3.00038722 3.07512101
 3.13126815 3.17366893 3.14695063 3.13107454 3.0375605  2.85343659
 2.74191675 2.55759923 2.44240077 2.28402711 2.08538238 2.04743466
 1.97386254 1.93998064 1.85517909 1.75256534 1.74946757 1.66098742
 1.62923524 1.55333979 1.47279768 1.46737657 1.48112294 1.45382381
 1.43426912 1.40367861 1.34869313 1.29138432 1.23020329 1.19341723
 1.16108422 1.13649564 1.07725073 1.06660213 1.06621491 1.04336883
 1.04201355 1.04859632 0.9696031  0.99244918 0.92294288 0.89254598
 0.87357212 0.8588577  0.82768635 0.80445305 0.81374637 0.79980639
 0.78083253 0.73785092 0.73649564 0.72410455 0.69525653 0.68228461]",66
64,"0.0,0.15,0.3,0.44999999999999996,0.6,0.75,0.8999999999999999,1.05,1.2,1.3499999999999999,1.5,1.65,1.7999999999999998,1.95,2.1,2.25,2.4,2.55,2.6999999999999997,2.85,3.0,3.15,3.3,3.4499999999999997,3.5999999999999996,3.75,3.9,4.05,4.2,4.35,4.5,4.6499999999999995,4.8,4.95,5.1,5.25,5.3999999999999995,5.55,5.7,5.85,6.0,6.1499999999999995,6.3,6.45,6.6,6.75,6.8999999999999995,7.05,7.199999999999999,7.35,7.5,7.6499999999999995,7.8,7.949999999999999,8.1,8.25,8.4,8.549999999999999,8.7,8.85,9.0,9.15,9.299999999999999,9.45,9.6,9.75,9.9,10.049999999999999,10.2,10.35,10.5,10.65,10.799999999999999,10.95,11.1,11.25,11.4,11.549999999999999,11.7,11.85,12.0,12.15,12.299999999999999,12.45,12.6,12.75,12.9,13.049999999999999,13.2,13.35,13.5,13.65,13.799999999999999,13.95,14.1,14.25,14.399999999999999,14.549999999999999,14.7,14.85,15.0,15.149999999999999",2007R_GLUT1_647_WGA_594_0002.nd2,2007,M,R,5,False,4.674098671726755,False,"[13.09535104 13.69758065 14.06380455 14.06380455 14.79103416 15.30645161
 15.75332068 17.09155598 18.70635674 20.9686907  23.47462049 25.43002846
 29.40322581 34.38519924 36.47319734 38.04174573 39.83728653 40.5085389
 44.99667932 47.72272296 53.28225806 58.596537   63.1987666  66.45303605
 68.20398482 70.15820683 70.46276091 71.27680266 71.8066888  72.28534156
 73.22177419 73.26802657 72.46133776 71.07281784 66.96157495 62.43595825
 61.22485769 59.05526565 56.53557875 57.1591556  51.84037002 47.66105313
 42.73553131 37.95090133 31.44663188 27.21845351 23.39919355 22.54530361
 21.24051233 21.14397533 20.56475332 19.75521822 19.49644213 18.8436907
 18.50355787 18.14895636 17.94829222 17.903463   17.64682163 17.54648956
 17.80479127 17.41982922 17.54506641 17.41532258 17.29696395 17.4629981
 17.13567362 17.28012334 17.54957306 17.23671727 17.1306926  17.12998102
 17.03629032 17.28510436 17.08254269 17.06736243 17.09796015 16.95991461
 17.09724858 17.07329222 16.95303605 16.90725806 16.93500949 17.01304554
 16.72248577 16.778463   16.72628083 16.71750474 16.65275142 16.64065465
 16.8154649  16.6506167  16.70090133 16.64587287 16.65678368 16.60436433
 16.66129032 16.50830171 16.41461101 16.7813093  16.55265655 16.52087287]","[1.95611954 1.95872865 1.96774194 2.03391841 2.03154649 2.05787476
 2.1107685  2.14705882 2.27775142 2.51233397 2.80360531 2.95801708
 3.36148008 3.45991461 3.57210626 3.55929791 3.66389943 3.66129032
 3.71157495 3.75830171 3.84914611 4.03083491 4.32305503 4.62998102
 4.65962998 4.90203985 4.91722011 4.85958254 4.68643264 4.74359583
 4.64824478 4.67409867 4.6990038  4.62666034 4.50592979 4.4544592
 4.44093928 4.44141366 4.34914611 4.23766603 4.13662239 4.14895636
 4.18500949 4.10981973 3.98719165 4.05479127 4.0993833  4.08372865
 4.10056926 4.06143264 4.04530361 4.0142315  3.85863378 3.76185958
 3.75071157 3.61100569 3.66271347 3.63401328 3.6193074  3.59416509
 3.59274194 3.55929791 3.55360531 3.5683112  3.55218216 3.52300759
 3.43975332 3.5227704  3.67433586 3.72556926 3.65654649 3.67243833
 3.70113852 3.8009962  3.77680266 4.05882353 4.19212524 4.22699241
 4.0512334  4.06404175 3.88875712 3.73648008 3.81190702 3.70042694
 3.78439279 3.6164611  3.5993833  3.5908444  3.55455408 3.56949715
 3.57827324 3.57566414 3.50521822 3.48529412 3.48078748 3.47129981
 3.46987666 3.45825427 3.45872865 3.50901328 3.46157495 3.51636622]","[ 4.65085389  4.99407021  5.36693548  5.75474383  6.57329222  7.68074004
  8.17409867 10.77158444 15.42575901 23.52537951 32.41081594 36.07329222
 34.42101518 27.52798861 25.33159393 24.06759962 22.27893738 22.05052182
 18.67267552 17.28747628 14.88140417 12.92314991 11.46442125 10.51304554
  9.92362429  9.31499051  9.22936433  8.99122391  8.63330171  8.52941176
  8.12333966  7.83823529  7.70066414  7.65037951  7.84203036  8.1676945
  8.2528463   8.39136622  8.75450664  8.64350095  9.4573055  10.14634725
 11.18382353 12.37167932 14.02087287 15.59819734 17.70018975 18.38330171
 19.32518975 19.55194497 19.81024668 20.0597723  19.88757116 18.73837761
 17.98885199 16.48221063 15.65536053 14.71703036 13.90156546 13.74596774
 13.3522296  13.05170778 12.55241935 11.8550759  11.50972486 10.95232448
 10.41152751  9.88780835  9.4402277   9.25687856  9.35388994  9.27917457
  9.16793169  8.96418406  8.89373814  8.61503795  8.34985769  8.11598672
  7.94141366  7.78320683  7.59677419  7.60602467  7.55597723  7.45042694
  7.48790323  7.3123814   7.15607211  6.9971537   6.7642315   6.60910816
  6.43833017  6.32139469  6.27466793  6.20564516  6.14729602  6.04720114
  5.97912713  5.83610057  5.75047438  5.63804554  5.54174573  5.43548387]","[0.45137571 0.54696395 0.62333966 0.71916509 0.93429791 1.15014231
 1.20944023 1.73458254 2.58254269 3.89824478 5.18904175 5.8294592
 6.05763757 5.5766129  5.40749526 5.22414611 5.05906072 5.1278463
 4.67362429 4.43809298 3.96133776 3.60056926 3.25379507 2.97343454
 2.84203036 2.69283681 2.6563093  2.52988615 2.47509488 2.41745731
 2.31854839 2.17030361 2.09392789 2.00877609 1.99335863 1.98671727
 2.02466793 2.00118596 2.04316888 2.03083491 2.13875712 2.20920304
 2.3892315  2.56166983 2.84440228 3.07258065 3.2983871  3.36527514
 3.26494307 3.27466793 3.23956357 3.193074   3.05075901 2.74501898
 2.60721063 2.44093928 2.25759013 2.14373814 2.00687856 1.9971537
 1.92647059 1.9120019  1.84890892 1.75711575 1.75687856 1.66318786
 1.59701139 1.52822581 1.40227704 1.42528463 1.44568311 1.4288425
 1.41555977 1.38496205 1.34724858 1.30787476 1.24217268 1.20208729
 1.15654649 1.13472486 1.09179317 1.07637571 1.08847249 1.04886148
 1.05526565 1.04672676 1.01446869 1.00023719 0.92741935 0.93026565
 0.91603416 0.89753321 0.89231499 0.87428843 0.87926945 0.89065465
 0.85863378 0.84487666 0.75260911 0.74905123 0.7073055  0.6816888 ]",67
65,"0.0,0.15,0.3,0.44999999999999996,0.6,0.75,0.8999999999999999,1.05,1.2,1.3499999999999999,1.5,1.65,1.7999999999999998,1.95,2.1,2.25,2.4,2.55,2.6999999999999997,2.85,3.0,3.15,3.3,3.4499999999999997,3.5999999999999996,3.75,3.9,4.05,4.2,4.35,4.5,4.6499999999999995,4.8,4.95,5.1,5.25,5.3999999999999995,5.55,5.7,5.85,6.0,6.1499999999999995,6.3,6.45,6.6,6.75,6.8999999999999995,7.05,7.199999999999999,7.35,7.5,7.6499999999999995,7.8,7.949999999999999,8.1,8.25,8.4,8.549999999999999,8.7,8.85,9.0,9.15,9.299999999999999,9.45,9.6,9.75,9.9,10.049999999999999,10.2,10.35,10.5,10.65,10.799999999999999,10.95,11.1,11.25,11.4,11.549999999999999,11.7,11.85,12.0,12.15,12.299999999999999,12.45,12.6,12.75,12.9,13.049999999999999,13.2,13.35,13.5,13.65,13.799999999999999,13.95,14.1,14.25,14.399999999999999,14.549999999999999,14.7,14.85,15.0,15.149999999999999",2007R_GLUT1_647_WGA_594_0002.nd2,2007,M,R,5,False,2.699254349627175,False,"[ 13.23943662  13.66362883  13.83761392  13.55840928  13.9908865
  14.68434134  14.92626346  15.93786247  17.08036454  18.42833471
  19.1996686   19.66114333  20.37033969  21.54681027  21.83595692
  21.81275891  22.37696769  22.12510356  23.84092792  24.25683513
  26.88980944  30.30488815  34.64043082  39.74316487  44.06628003
  52.0091135   54.003314    57.33554267  61.93620547  62.12427506
  71.15244408  80.10107705  88.30820215  99.87406794 114.33222867
 121.63297432 124.28500414 124.27506214 125.56503728 124.96106048
 125.32974316 124.03396852 117.29660315 105.58243579  91.68434134
  80.22618061  64.56586578  56.29080365  47.01657001  43.22452361
  38.25517813  32.71416736  28.29080365  24.72576636  23.84175642
  22.28666114  20.52692626  20.28748964  19.48964374  19.50207125
  19.03231152  18.91963546  18.73985087  18.3960232   18.62717481
  18.35128418  18.11433306  18.41839271  18.18641259  17.9942005
  17.85749793  17.77464789  17.95111848  17.77879039  17.8069594
  17.68185584  17.45733223  17.65120133  17.47058824  17.1963546
  17.008285    17.17895609  17.2071251   16.98591549  17.01988401
  17.04059652  16.86081193  17.61060481  16.92460646  17.09279205
  16.88400994  16.85418393  17.14001657  16.58326429  16.84589892
  16.84921292  16.6014913   16.86909693  16.74233637  16.52526926
  16.47224524  16.76139188]","[ 1.92709196  1.91549296  1.84507042  1.97845899  1.98011599  2.05385253
  2.09196355  2.17232809  2.31731566  2.61391881  3.03065452  3.24606462
  3.70422535  4.28417564  4.36288318  4.62386081  4.84838442  4.90306545
  6.14001657  6.92957746  8.97017399 10.72908036 11.34134217 10.93951947
 10.03728252  8.65120133  8.25352113  7.81690141  6.77961889  6.8028169
  5.36868268  4.13587407  3.77630489  3.30903065  3.01242751  2.7995029
  2.78044739  2.71830986  2.69925435  2.74150787  2.61723281  2.54681027
  2.6097763   2.48881524  2.5932063   2.75642088  2.83429992  2.90389395
  2.84838442  2.90555095  3.09444905  3.26677713  3.2062966   3.24192212
  3.28086164  3.18641259  3.30737365  3.25932063  3.26180613  3.32477216
  3.26429163  3.35459818  3.22535211  3.23280862  3.34714167  3.29411765
  3.22949461  3.25517813  3.29908865  3.25517813  3.23777962  3.24689312
  3.25186413  3.34299917  3.28500414  3.23363712  3.23032312  3.23280862
  3.30571665  3.31234466  3.38773819  3.44573322  3.31814416  3.27423364
  3.31234466  3.24772162  3.29163215  3.3918807   3.37365369  3.30323115
  3.35211268  3.33222867  3.41507871  3.37779619  3.36371168  3.36785418
  3.47224524  3.4092792   3.41093621  3.47970174  3.63794532  3.54681027]","[ 4.90803645  5.23198012  5.68019884  6.15824358  7.02651201  7.93123447
  8.75310688 12.06545153 18.76470588 35.15244408 51.41673571 53.82352941
 43.09527755 28.57000829 26.23695112 24.81441591 23.63214582 23.71002486
 22.48798674 22.35956918 21.94946147 21.6014913  21.13670257 20.7961889
 20.61226181 20.28748964 20.0041425  19.69511185 18.82767191 18.81358741
 16.71085336 14.006628   11.83264292  9.86909693  8.36868268  7.6039768
  7.44076222  7.42170671  7.16404308  7.10936205  6.88649544  6.67191384
  6.58657829  6.73156587  7.02402651  7.24109362  8.01574151  8.49295775
  9.23777962  9.85335543 10.44324772 11.44490472 12.53355427 14.12676056
 14.81027341 16.45070423 17.02319801 17.24937862 16.85915493 17.05053853
 16.8036454  16.43827672 15.98425849 15.15824358 14.83927092 13.88649544
 13.04142502 12.43579122 11.5932063  11.26346313 11.42336371 11.21458161
 11.15078708 10.84092792 10.72410936 10.3935377   9.96685998  9.7986744
  9.43744822  9.15492958  8.70505385  8.49958575  8.68931234  8.53024027
  8.43082022  8.18227009  7.76387738  7.67522784  7.47473074  7.22203811
  7.04473902  6.93537697  6.87821044  6.77464789  6.68848384  6.57746479
  6.45733223  6.30820215  6.03976802  5.97845899  5.8069594   5.78956089]","[0.53106877 0.57332229 0.67439934 0.72493786 0.93537697 1.10936205
 1.26346313 1.78541839 2.91880696 5.25352113 7.42170671 7.90223695
 6.83181442 5.62386081 5.56503728 5.46230323 5.27423364 5.25434963
 5.1988401  5.05219553 4.83429992 4.58740679 4.44076222 4.25849213
 4.2004971  4.13338857 4.07705054 4.14747307 3.97431649 3.86495443
 3.62800331 3.1913836  2.64788732 2.1963546  1.74813587 1.53686827
 1.45816073 1.43330572 1.44987572 1.45650373 1.33471417 1.25683513
 1.29080365 1.28997514 1.31565866 1.38608119 1.61474731 1.70173985
 1.97597349 2.09030655 2.23612262 2.62303231 2.96851698 3.12013256
 3.14333057 3.2096106  3.15990058 3.03231152 2.9942005  2.97845899
 2.86578293 2.83015742 2.7937034  2.5915493  2.54763877 2.37448219
 2.2062966  2.07870754 1.94117647 1.93371997 1.92294946 1.87655344
 1.90720795 1.8011599  1.78790389 1.67108534 1.57249379 1.49047225
 1.43579122 1.41507871 1.35045568 1.29328915 1.30985915 1.30903065
 1.27091964 1.26097763 1.21541011 1.2079536  1.10024855 1.10936205
 0.998343   1.02982601 1.01739851 0.96354598 0.93869097 0.88483844
 0.86661143 0.83595692 0.76719138 0.7903894  0.72079536 0.76056338]",68
66,"0.0,0.15,0.3,0.44999999999999996,0.6,0.75,0.8999999999999999,1.05,1.2,1.3499999999999999,1.5,1.65,1.7999999999999998,1.95,2.1,2.25,2.4,2.55,2.6999999999999997,2.85,3.0,3.15,3.3,3.4499999999999997,3.5999999999999996,3.75,3.9,4.05,4.2,4.35,4.5,4.6499999999999995,4.8,4.95,5.1,5.25,5.3999999999999995,5.55,5.7,5.85,6.0,6.1499999999999995,6.3,6.45,6.6,6.75,6.8999999999999995,7.05,7.199999999999999,7.35,7.5,7.6499999999999995,7.8,7.949999999999999,8.1,8.25,8.4,8.549999999999999,8.7,8.85,9.0,9.15,9.299999999999999,9.45,9.6,9.75,9.9,10.049999999999999,10.2,10.35,10.5,10.65,10.799999999999999,10.95,11.1,11.25,11.4,11.549999999999999,11.7,11.85,12.0,12.15,12.299999999999999,12.45,12.6,12.75,12.9,13.049999999999999,13.2,13.35,13.5,13.65,13.799999999999999,13.95,14.1,14.25,14.399999999999999,14.549999999999999,14.7,14.85,15.0,15.149999999999999",2007R_GLUT1_647_WGA_594_0002.nd2,2007,M,R,5,True,107.36720867208672,False,"[12.87804878 13.0269067  13.19454123 13.39953542 13.64634146 14.04103755
 14.41656988 15.37262873 16.54819977 17.68757259 18.4789005  18.83275261
 19.29926442 19.757259   19.93495935 20.15737515 20.13975997 20.21409214
 20.83391405 21.51025939 22.80545877 24.89914828 26.99806427 29.19608982
 30.7870693  32.67866822 33.328494   34.28358498 36.36236934 36.1060782
 39.59910956 42.72086721 46.38308169 50.20905923 55.70828494 59.04665118
 60.09717383 61.08226868 62.75087108 62.46864111 65.24583817 66.1366628
 67.11982191 67.20015486 65.90785908 63.93960511 59.59330236 58.05923345
 55.14711576 53.81591173 52.40398761 49.63395277 46.91734417 41.00600077
 38.75919473 31.65098722 27.35501355 23.91018196 21.8168796  21.74370887
 21.0770422  20.54761905 19.9941928  19.64285714 19.47928765 18.97038328
 18.89953542 18.4585753  18.17692605 18.16260163 18.12582269 17.95470383
 17.97444832 18.00774293 17.91366628 17.83468835 17.77893922 17.68215254
 17.44715447 17.38869532 17.3161053  17.45741386 17.3081688  17.25203252
 17.36159504 17.34862563 17.18041038 17.10181959 17.16318235 17.00077429
 17.04568331 17.03910182 16.72764228 17.00096787 16.99787069 16.82075106
 16.83972125 16.84262485 16.77100271 16.8015873  16.72125436 16.77855207]","[  2.70073558   2.77487418   2.89411537   3.10220674   3.18815331
   3.38327526   3.46322106   3.80023229   4.19976771   4.83739837
   5.60472319   6.25571041   7.34262485   8.8604336    9.32481611
   9.96418893  10.69163763  10.74003097  13.2042199   14.99264421
  18.6744096   22.56078204  25.80836237  28.81707317  31.46612466
  35.82229965  36.53368177  38.42450639  42.39082462  42.3190089
  48.40050329  55.06213705  61.14576074  68.55400697  78.38095238
  85.85656214  87.64188928  89.44483159  93.14789005  92.70092915
 100.17169957 103.23461092 107.36720867 109.38617886 110.34572203
 110.09310879 108.4324429  107.97289973 106.89992257 106.37398374
 105.68137824 103.07452575  99.87243515  93.99399923  90.46031746
  80.53116531  71.12078978  56.1656988   40.80332946  39.23209446
  32.97735192  28.86507937  23.5029036   17.72590012  15.87108014
  13.30836237  11.17479675   9.61498258   8.3255904    8.03639179
   8.13085559   7.96883469   7.61382114   7.228223     7.171506
   6.66724739   6.12562911   5.86082075   5.50348432   5.34688347
   5.12524197   4.98083624   5.03077816   4.87301587   4.8612079
   4.64672861   4.56562137   4.53348819   4.43108788   4.37475803
   4.23441734   4.15756872   4.12543554   4.06562137   4.00677507
   4.02342238   3.96960898   3.94870306   3.90205188   3.95141309
   4.09756098   4.22338366]","[ 4.93089431  5.24893535  5.64266357  6.01800232  6.75532327  7.81184669
  8.23770809 11.04607046 16.88346883 29.15563298 42.80565234 45.93495935
 40.5675571  31.83333333 29.93863724 29.08072009 28.13859853 27.86624081
 26.18253968 25.19434766 24.15795587 23.04955478 22.19144406 21.30468448
 20.58614015 19.77874564 19.69454123 19.61382114 19.19376694 19.05613628
 18.62659698 18.14653504 17.6060782  17.07084785 16.17131243 15.46747967
 15.23557878 15.02458382 14.50948509 14.64227642 13.61382114 13.14266357
 12.31223384 11.7543554  11.38927604 11.25919473 11.42411924 11.52535811
 11.88501742 12.08052652 12.35733643 12.87030585 13.31881533 14.07375145
 14.1540844  14.51355014 14.92779714 15.57433217 16.11904762 16.19918699
 16.38559814 16.27080914 16.11788618 15.50483933 15.26635695 14.62253194
 13.84998064 13.17305459 12.47715834 12.10414247 12.28203639 12.23577236
 12.00638792 11.6780875  11.51567944 11.13143631 10.56000774 10.30545877
  9.76848626  9.49670925  9.15060008  8.94231514  8.97948122  8.78668215
  8.62098335  8.47251258  8.20054201  8.00425861  7.75009679  7.46709253
  7.30120015  7.09233449  6.98296554  6.84630275  6.79481223  6.61575687
  6.41966705  6.29887727  6.12795199  6.0240031   5.9759969   5.8313976 ]","[0.48993419 0.5799458  0.6511808  0.72977158 0.91347271 1.12253194
 1.20634921 1.74332172 2.84088269 4.91889276 7.03523035 7.57297716
 7.14769648 6.20189702 6.00793651 5.93805652 5.76984127 5.73732094
 5.55284553 5.47425474 5.3219125  5.18176539 4.97715834 4.78029423
 4.60298103 4.43224932 4.43321719 4.39295393 4.25919473 4.24796748
 4.13859853 4.05458769 3.91385985 3.74157956 3.49574139 3.30758808
 3.19086334 3.13066202 3.         2.9941928  2.68408827 2.51122726
 2.35210995 2.18157182 2.00948509 1.97425474 1.9672861  1.97212544
 2.01935734 2.09601239 2.11730546 2.2361595  2.33914053 2.52710027
 2.53794038 2.70925281 2.72260937 2.75416183 2.68292683 2.68718544
 2.64188928 2.58304297 2.52651955 2.35811072 2.32210608 2.21060782
 2.08304297 1.97231901 1.86101432 1.82326752 1.82810685 1.79790941
 1.82036392 1.74196671 1.69938057 1.63859853 1.53019744 1.49361208
 1.44096012 1.41347271 1.34688347 1.30081301 1.31262098 1.31862176
 1.31533101 1.27622919 1.24932249 1.20092915 1.14440573 1.11595045
 1.09852884 1.07665505 1.0472319  1.00658149 1.00948509 0.96051103
 0.92624855 0.90147116 0.86140147 0.86933798 0.79810298 0.8073945 ]",69
67,"0.0,0.15,0.3,0.44999999999999996,0.6,0.75,0.8999999999999999,1.05,1.2,1.3499999999999999,1.5,1.65,1.7999999999999998,1.95,2.1,2.25,2.4,2.55,2.6999999999999997,2.85,3.0,3.15,3.3,3.4499999999999997,3.5999999999999996,3.75,3.9,4.05,4.2,4.35,4.5,4.6499999999999995,4.8,4.95,5.1,5.25,5.3999999999999995,5.55,5.7,5.85,6.0,6.1499999999999995,6.3,6.45,6.6,6.75,6.8999999999999995,7.05,7.199999999999999,7.35,7.5,7.6499999999999995,7.8,7.949999999999999,8.1,8.25,8.4,8.549999999999999,8.7,8.85,9.0,9.15,9.299999999999999,9.45,9.6,9.75,9.9,10.049999999999999,10.2,10.35,10.5,10.65,10.799999999999999,10.95,11.1,11.25,11.4,11.549999999999999,11.7,11.85,12.0,12.15,12.299999999999999,12.45,12.6,12.75,12.9,13.049999999999999,13.2,13.35,13.5,13.65,13.799999999999999,13.95,14.1,14.25,14.399999999999999,14.549999999999999,14.7,14.85,15.0,15.149999999999999",2007R_GLUT1_647_WGA_594_0002.nd2,2007,M,R,5,False,2.8673038452989554,False,"[13.16781507 13.48144032 13.63680818 13.97955101 14.25827962 14.71082463
 14.90664592 15.78372972 17.21182485 18.59168704 19.76594799 20.48721938
 21.87575017 23.40120027 24.48321849 24.79084241 25.35807957 25.57968437
 27.62147144 28.290509   29.88352967 31.89531007 33.92709491 35.79417648
 37.97621694 40.69993332 41.80128918 43.04423205 46.05867971 46.17848411
 51.46521449 56.90664592 61.31540342 66.08713047 69.80595688 71.4252056
 73.00044454 73.19382085 75.40208935 74.69659924 78.18070682 80.52144921
 83.77661703 85.63302956 87.46899311 86.60235608 80.11802623 76.49210936
 69.44854412 65.52278284 60.75794621 52.03823072 43.15670149 31.63325183
 29.21471438 25.01733719 23.1989331  21.76617026 20.75394532 20.50722383
 20.62058235 19.98466326 19.55501222 19.20782396 19.18115137 18.96288064
 18.73016226 18.17915092 17.96154701 17.95332296 17.86130251 17.75772394
 17.84107579 17.78817515 17.81862636 17.54856635 17.35452323 17.29450989
 17.34029784 17.34474328 17.14892198 17.06957102 17.1542565  16.92865081
 17.32362747 16.82373861 16.76994888 17.01266948 16.69548789 16.7439431
 16.83529673 16.81707046 16.88219604 16.90664592 16.75083352 16.65236719
 16.64903312 16.72993999 16.70104468 16.54367637 16.62747277 16.40475661]","[1.89219827 1.91353634 1.90642365 1.98844188 1.99466548 2.00222272
 2.04823294 2.12113803 2.23449655 2.48344076 2.92753945 3.1198044
 3.54323183 3.74105357 3.9444321  4.0297844  4.09824405 4.09935541
 4.41964881 4.71882641 5.27183819 5.79017559 6.1722605  6.36208046
 6.3743054  6.13225161 6.13402978 5.95021116 5.74016448 5.67037119
 5.29984441 5.0297844  4.79017559 4.45987997 4.23094021 4.16803734
 4.25050011 4.15314514 4.10624583 4.11624806 3.76416982 3.50166704
 3.17915092 2.90886864 2.86730385 2.82351634 2.82973994 2.90108913
 2.84507668 2.85996888 2.97666148 3.08335186 3.16825961 3.3022894
 3.45943543 3.46410313 3.50300067 3.55945766 3.48521894 3.50255612
 3.41942654 3.42187153 3.44543232 3.41320293 3.38897533 3.43276284
 3.40497888 3.40609024 3.36430318 3.32451656 3.32540565 3.40853523
 3.37897311 3.38853078 3.36830407 3.33874194 3.33807513 3.32473883
 3.34429873 3.39631029 3.35919093 3.37875083 3.33251834 3.40275617
 3.3876417  3.3367415  3.32251611 3.38052901 3.39564348 3.41453656
 3.44609913 3.436986   3.50700156 3.49388753 3.43454101 3.42787286
 3.5254501  3.66148033 3.7501667  3.79662147 3.87775061 3.92020449]","[ 4.92398311  5.29184263  5.69837742  6.07535008  6.84329851  7.98444099
  8.42231607 11.37941765 17.5058902  30.93309624 45.9208713  49.54634363
 42.98999778 32.03889753 29.95087797 28.86441431 27.8833074  27.47032674
 26.24383196 25.60391198 24.74038675 24.07268282 23.38586353 22.68926428
 22.05290064 21.17559458 21.05534563 20.68637475 20.04445432 20.05912425
 18.87797288 17.52344966 16.15647922 14.81684819 13.17003779 12.20937986
 11.95154479 11.68059569 11.12891754 11.1362525  10.29939987  9.85107802
  9.28650811  8.90620138  8.65792398  8.8950878   9.74905535 10.14581018
 11.15603467 11.72238275 12.33251834 13.81529229 15.6123583  18.66303623
 19.400978   20.47566126 20.40675706 19.61035786 18.44298733 18.31118026
 17.75572349 17.26761503 16.58790842 15.47388309 15.08624139 14.29762169
 13.54145366 12.90775728 11.8472994  11.56234719 11.71749278 11.54545455
 11.34918871 10.81551456 10.72260502 10.16048011  9.69193154  9.42987331
  8.91531451  8.72549455  8.39675483  8.27139364  8.27206046  8.11402534
  7.98910869  7.8190709   7.54545455  7.39364303  7.14625472  6.91864859
  6.73794176  6.59235386  6.51989331  6.43165148  6.39919982  6.30184485
  6.13914203  6.07712825  5.91086908  5.81418093  5.71882641  5.59213158]","[ 0.59857746  0.69593243  0.79728829  0.91531451  1.13825295  1.3500778
  1.47366081  2.08401867  3.28961992  5.56034674  7.93598577  8.79617693
  9.19804401  9.76705935 10.13536341 10.44432096 10.92820627 10.9804401
 11.88553012 12.11024672 12.18270727 11.63480774 10.88352967 10.08135141
  9.62680596  8.71438097  8.55879084  8.18937542  7.57212714  7.5043343
  6.67059347  5.76394754  5.06668148  4.50789064  3.84774394  3.46010224
  3.30095577  3.21071349  3.00111136  3.05601245  2.64303178  2.45499
  2.20715715  2.05601245  1.91442543  1.92198266  1.95910202  1.99977773
  2.02911758  2.08757502  2.16425872  2.36074683  2.563014    2.9130918
  2.90220049  3.03178484  2.93242943  2.80084463  2.6319182   2.61658146
  2.55434541  2.47254946  2.39675483  2.23871972  2.20649033  2.0869082
  1.98021783  1.87975106  1.74327628  1.68481885  1.69259836  1.69037564
  1.66614803  1.59791065  1.54745499  1.50633474  1.42876195  1.35696822
  1.3351856   1.28873083  1.22204934  1.18292954  1.18448544  1.18292954
  1.18515226  1.10535675  1.06868193  1.0462325   0.99599911  0.96288064
  0.9162036   0.9028673   0.8950878   0.86885975  0.86485886  0.85485663
  0.8261836   0.81306957  0.77461658  0.74305401  0.69126473  0.70593465]",70
68,"0.0,0.15,0.3,0.44999999999999996,0.6,0.75,0.8999999999999999,1.05,1.2,1.3499999999999999,1.5,1.65,1.7999999999999998,1.95,2.1,2.25,2.4,2.55,2.6999999999999997,2.85,3.0,3.15,3.3,3.4499999999999997,3.5999999999999996,3.75,3.9,4.05,4.2,4.35,4.5,4.6499999999999995,4.8,4.95,5.1,5.25,5.3999999999999995,5.55,5.7,5.85,6.0,6.1499999999999995,6.3,6.45,6.6,6.75,6.8999999999999995,7.05,7.199999999999999,7.35,7.5,7.6499999999999995,7.8,7.949999999999999,8.1,8.25,8.4,8.549999999999999,8.7,8.85,9.0,9.15,9.299999999999999,9.45,9.6,9.75,9.9,10.049999999999999,10.2,10.35,10.5,10.65,10.799999999999999,10.95,11.1,11.25,11.4,11.549999999999999,11.7,11.85,12.0,12.15,12.299999999999999,12.45,12.6,12.75,12.9,13.049999999999999,13.2,13.35,13.5,13.65,13.799999999999999,13.95,14.1,14.25,14.399999999999999,14.549999999999999,14.7,14.85,15.0,15.149999999999999",2007R_GLUT1_647_WGA_594_0002.nd2,2007,M,R,5,True,32.644479745830026,False,"[13.3604448  13.69166005 13.81874504 14.18681493 14.69737887 15.05146942
 15.12104845 16.2        17.71803018 19.25702939 21.10849881 22.27164416
 24.87609214 28.04241461 29.65464654 30.69626688 32.23383638 32.62700556
 37.00174742 39.46274821 44.82065131 49.52644956 53.59142176 56.34710087
 58.67974583 60.52597299 60.9629865  61.54090548 62.33741064 62.58300238
 62.53169182 61.98204925 60.12565528 56.93899921 52.62732327 49.08610008
 47.92088959 47.45401112 45.75456712 46.31914218 42.49404289 40.03764893
 36.4548054  32.45972994 27.62573471 24.69102462 21.69531374 21.21652105
 20.48149325 19.97474186 19.7172359  19.06767276 18.78856235 18.35011914
 18.33582208 17.68911835 17.48149325 17.39777601 17.3121525  17.24654488
 17.32390786 17.2228753  17.15949166 17.07323272 17.02700556 17.29706116
 17.14185862 17.31675933 17.44733916 17.60111199 17.4954726  17.55694996
 17.70786338 17.97442415 17.96076251 18.25146942 19.04368546 19.09722002
 19.68832407 19.80428912 20.22382844 20.43034154 20.59650516 20.64162033
 20.82335187 20.78570294 20.94455917 21.10039714 20.98046068 21.024305
 21.05559968 21.03860207 21.04241461 21.01461477 21.13455123 21.1132645
 20.80476569 20.4420969  19.93455123 19.1451946  17.99396346 17.5426529 ]","[ 2.22494043  2.28737093  2.35234313  2.47879269  2.58888006  2.66211279
  2.72835584  2.94074662  3.23351867  3.81953932  4.52597299  5.13280381
  6.37029388  8.3350278   9.32406672 10.03272438 11.08308181 11.31945989
 14.54710087 16.54710087 20.1451946  23.5593328  26.42382844 28.43717236
 29.5629865  30.96076251 31.19396346 31.73423352 32.67323272 32.64447975
 33.09467832 33.34598888 33.88943606 33.56600477 32.90389198 32.54630659
 32.33407466 32.28895949 31.81493249 31.85830024 30.6522637  29.74376489
 28.02335187 26.20428912 23.23749007 20.7030977  16.58093725 14.775695
 12.70214456 11.68816521 10.53741064  8.96536934  7.70023828  6.24606831
  5.90039714  5.23669579  5.08038125  4.85019857  4.71866561  4.60206513
  4.51342335  4.45814138  4.34535346  4.22494043  4.20905481  4.15059571
  4.0776807   4.07561557  4.0457506   4.00794281  3.98061954  4.06020651
  4.0457506   4.05274027  4.05115171  4.03208896  4.01032566  4.06100079
  4.06465449  4.12073074  4.03907863  4.05591739  4.08196982  3.97998411
  3.9847498   3.97791898  3.95996823  3.9807784   4.08260524  4.14821287
  4.3045274   4.40651311  4.50897538  4.61874504  4.575695    4.80174742
  4.85337569  4.7771247   4.82509929  4.81111994  4.88578237  5.18888006]","[ 4.70897538  5.01604448  5.34551231  5.6192216   6.37474186  7.26783161
  7.77172359 10.28705322 15.26068308 26.13915806 38.48054011 42.3517077
 37.26608419 27.12343129 24.8943606  24.00381255 23.07196187 22.71024623
 21.74201747 21.50976966 21.0305004  19.92359015 18.20047657 16.42875298
 15.38792693 13.59110405 13.27863384 12.68657665 11.73550437 11.74821287
 10.66957903  9.99142176  9.73296267  9.70786338 10.09023034 10.55313741
 10.70754567 10.84956315 11.17410643 11.13884035 11.84940429 12.29737887
 12.92216044 13.62605242 14.47958697 15.27577442 16.38649722 16.74710087
 17.09928515 17.40031771 17.45687053 17.50389198 17.30277998 16.46576648
 15.94154091 14.79841144 14.13645751 13.25782367 12.52104845 12.36489277
 12.0969023  11.73153296 11.34122319 10.7694996  10.58173153 10.13613979
  9.6980143   9.18173153  8.76934075  8.66084194  8.68292295  8.62494043
  8.52088959  8.33439237  8.23335981  8.02366958  7.68752979  7.60555997
  7.32724384  7.175695    6.88625894  6.88324067  6.84368546  6.72422558
  6.68721207  6.55694996  6.36616362  6.30865766  6.15694996  6.00031771
  5.94027006  5.81715647  5.78490866  5.68752979  5.71374106  5.5731533
  5.56266878  5.47672756  5.36346307  5.3517077   5.27720413  5.20555997]","[0.44956315 0.53709293 0.61223193 0.69086577 0.85766481 1.06068308
 1.14201747 1.65814138 2.59205719 4.27164416 6.00238284 6.60190627
 6.48482923 5.85432883 5.77251787 5.7720413  5.73391581 5.67021446
 5.69737887 5.69594917 5.46862589 5.03733122 4.52422558 4.08101668
 3.73010326 3.35250199 3.25178713 3.1451946  2.87307387 2.88610008
 2.59698173 2.35837967 2.29420175 2.28292295 2.34551231 2.42335187
 2.46767276 2.50913423 2.55329627 2.55472597 2.72772041 2.82192216
 2.99015091 3.16521048 3.29102462 3.28196982 3.24177919 3.16934075
 3.07736299 3.05941223 2.95758539 2.89960286 2.74837172 2.52422558
 2.44686259 2.24797458 2.07069102 1.91993646 1.78856235 1.79316918
 1.73089754 1.7158062  1.64034948 1.54074662 1.52263701 1.46862589
 1.38967434 1.34106434 1.28625894 1.28244639 1.28228753 1.29086577
 1.26719619 1.25607625 1.23876092 1.21620334 1.19253376 1.15456712
 1.12120731 1.12327244 1.08133439 1.04813344 1.05814138 1.03177125
 1.03510723 1.00667196 0.96489277 0.93629865 0.89324861 0.87974583
 0.85702939 0.83669579 0.81747419 0.78808578 0.79920572 0.77505957
 0.76362192 0.749166   0.69197776 0.69197776 0.66052423 0.63510723]",71
69,"0.0,0.15,0.3,0.44999999999999996,0.6,0.75,0.8999999999999999,1.05,1.2,1.3499999999999999,1.5,1.65,1.7999999999999998,1.95,2.1,2.25,2.4,2.55,2.6999999999999997,2.85,3.0,3.15,3.3,3.4499999999999997,3.5999999999999996,3.75,3.9,4.05,4.2,4.35,4.5,4.6499999999999995,4.8,4.95,5.1,5.25,5.3999999999999995,5.55,5.7,5.85,6.0,6.1499999999999995,6.3,6.45,6.6,6.75,6.8999999999999995,7.05,7.199999999999999,7.35,7.5,7.6499999999999995,7.8,7.949999999999999,8.1,8.25,8.4,8.549999999999999,8.7,8.85,9.0,9.15,9.299999999999999,9.45,9.6,9.75,9.9,10.049999999999999,10.2,10.35,10.5,10.65,10.799999999999999,10.95,11.1,11.25,11.4,11.549999999999999,11.7,11.85,12.0,12.15,12.299999999999999,12.45,12.6,12.75,12.9,13.049999999999999,13.2,13.35,13.5,13.65,13.799999999999999,13.95,14.1,14.25,14.399999999999999,14.549999999999999,14.7,14.85,15.0,15.149999999999999",2007R_GLUT1_647_WGA_594_0002.nd2,2007,M,R,5,False,7.094407696933253,False,"[13.56404089 13.64221287 14.16776909 14.37823211 14.60853879 14.94467829
 15.21407096 15.81719784 16.8190018  18.17438364 19.61034275 20.76428142
 22.77931449 24.68490679 25.6560433  26.44738425 27.41671678 27.28202044
 30.54780517 32.20865905 36.74443776 41.6614552  47.63920625 51.37943476
 53.99278413 57.62357186 58.09019844 59.75466025 60.88274203 61.20685508
 63.14251353 64.0865905  63.93265183 63.11004209 60.82321106 60.95971137
 58.82742032 59.49729405 57.84966927 57.33253157 55.87251954 53.56043295
 50.28983764 47.40529164 42.288635   40.05472038 39.40469032 38.86951293
 38.8634997  37.75706554 37.83223091 37.85628382 38.30306675 39.00721587
 38.71437162 37.84726398 36.75706554 37.65243536 38.46361996 37.9711365
 39.05472038 39.63860493 40.6981359  42.30667468 43.15453999 42.68430547
 41.85808779 38.57907396 35.00721587 33.51052315 33.58628984 33.12748046
 31.59711365 29.0998196  28.46662658 26.35057126 23.48767288 22.36019242
 21.11365003 20.24894768 19.85989176 19.51052315 19.56283824 19.1365003
 19.288635   19.17137703 18.42814191 18.04630186 17.85628382 17.8214071
 17.7558629  17.32411305 17.30006013 17.3752255  17.1286831  17.09741431
 17.27660854 17.23451594 17.08899579 16.98917619 16.84726398 16.84185207]","[ 2.0733614   2.02766085  2.09861696  2.17017438  2.20926037  2.25435959
  2.29645219  2.36921227  2.47023452  2.79855683  3.08478653  3.42393265
  3.88574865  4.29043897  4.35237523  4.5616356   4.68851473  4.78532772
  5.32230908  5.8057727   7.06374023  8.44558028  9.86831028 10.71256765
 10.67468431 10.63619964 10.42994588 10.26638605  9.79855683  9.59651233
  8.35658449  7.0944077   5.71497294  4.91040289  4.36861094  4.20865905
  4.29464823  4.13890559  4.30607336  4.32230908  4.19903788  4.19783524
  4.23932652  4.33974744  4.40829826  4.62597715  4.71377029  4.65844859
  4.7191822   4.78532772  4.76668671  4.92002405  4.96211666  5.12748046
  5.20565244  5.49549008  5.67288034  6.01683704  5.95069152  5.8791341
  5.80036079  5.74924835  5.44076969  5.30787733  5.38484666  5.38785328
  5.28021648  5.46903187  5.45760673  5.41371016  5.41671678  5.38184005
  5.39867709  5.49969934  5.36440168  5.13589898  4.8190018   4.78412508
  4.59951894  4.44317498  4.29825616  4.25135298  4.22970535  4.22248948
  4.31449188  4.16476248  4.09621167  4.10643416  4.09079976  4.02164762
  4.15153337  4.04149128  4.11725797  4.14612147  4.1232712   4.16656645
  4.29825616  4.38725195  4.74263379  4.89176188  5.11906194  5.29705352]","[ 4.69993987  5.00541191  5.32471437  5.71737823  6.27841251  7.15935057
  7.61034275  9.89296452 13.96572459 22.94828623 34.83042694 40.5538184
 40.49969934 32.73000601 30.31328924 29.0655442  27.56524354 27.09561034
 24.32170776 23.31509321 21.45880938 20.15694528 19.0787733  17.95129284
 17.06193626 15.42092604 15.0655442  14.4251353  13.4828623  13.44918821
 12.19302465 11.50511124 10.91581479 10.56223692 10.40889958 10.24293446
 10.2675887  10.115454   10.18761275 10.05652435 10.36139507 10.5117258
 11.32651834 12.33433554 13.29585087 13.53337342 13.97775105 14.40108238
 14.74383644 15.06073361 15.13830427 15.0787733  14.59470836 13.70715574
 13.20926037 12.22790138 11.50210463 10.81178593 10.15874925  9.93926639
  9.79675286  9.58628984  9.32531569  8.88394468  8.69152135  8.36440168
  8.16355983  7.9843656   7.78653037  7.74443776  7.7324113   7.77991581
  7.69272399  7.58809381  7.53337342  7.43235117  7.23571858  7.19302465
  6.99579074  6.85929044  6.82621768  6.71858088  6.7059531   6.69092002
  6.64762477  6.51834035  6.51533373  6.37642814  6.17438364  6.11425135
  5.99639206  5.88214071  5.81599519  5.80697535  5.84185207  5.80096212
  5.80396873  5.77209862  5.78412508  5.69633193  5.68129886  5.51232712]","[0.41010222 0.53096813 0.56223692 0.65844859 0.82200842 0.9867709
 1.05411906 1.51112447 2.24774504 3.58869513 5.05712568 5.76067348
 6.12627781 5.94467829 5.84906795 5.76428142 5.77510523 5.77209862
 5.6614552  5.71797956 5.49248346 5.14732411 4.61515334 4.05953097
 3.75466025 3.38123873 3.2387252  3.08839447 2.80156344 2.85267589
 2.5460012  2.36500301 2.10463019 1.97654841 1.84365604 1.76548406
 1.78592904 1.79134095 1.76428142 1.74323512 1.81419122 1.87312087
 1.96512327 2.09741431 2.23391461 2.37823211 2.4305472  2.32230908
 2.30727601 2.33553818 2.30126278 2.25796753 2.21226699 2.0944077
 2.11184606 1.96151533 1.75766687 1.74143115 1.56764883 1.52856284
 1.53457607 1.4539988  1.43535779 1.32351173 1.33193025 1.26337943
 1.23571858 1.17979555 1.14552014 1.08177992 1.13108839 1.11004209
 1.15393867 1.1286831  1.11365003 1.08298256 1.0156344  0.96271798
 0.95670475 0.94046903 0.87552616 0.87853277 0.88214071 0.87612748
 0.87612748 0.86169573 0.8502706  0.87432351 0.83824414 0.79555021
 0.77209862 0.76067348 0.76187613 0.76247745 0.75646422 0.77209862
 0.72639808 0.74864702 0.73662057 0.70775707 0.7324113  0.68911606]",72
70,"0.0,0.15,0.3,0.44999999999999996,0.6,0.75,0.8999999999999999,1.05,1.2,1.3499999999999999,1.5,1.65,1.7999999999999998,1.95,2.1,2.25,2.4,2.55,2.6999999999999997,2.85,3.0,3.15,3.3,3.4499999999999997,3.5999999999999996,3.75,3.9,4.05,4.2,4.35,4.5,4.6499999999999995,4.8,4.95,5.1,5.25,5.3999999999999995,5.55,5.7,5.85,6.0,6.1499999999999995,6.3,6.45,6.6,6.75,6.8999999999999995,7.05,7.199999999999999,7.35,7.5,7.6499999999999995,7.8,7.949999999999999,8.1,8.25,8.4,8.549999999999999,8.7,8.85,9.0,9.15,9.299999999999999,9.45,9.6,9.75,9.9,10.049999999999999,10.2,10.35,10.5,10.65,10.799999999999999,10.95,11.1,11.25,11.4,11.549999999999999,11.7,11.85,12.0,12.15,12.299999999999999,12.45,12.6,12.75,12.9,13.049999999999999,13.2,13.35,13.5,13.65,13.799999999999999,13.95,14.1,14.25,14.399999999999999,14.549999999999999,14.7,14.85,15.0,15.149999999999999",2007R_GLUT1_647_WGA_594_0002.nd2,2007,M,R,5,False,3.8448898519321055,False,"[12.83387505 13.1130372  13.23492235 13.45864933 13.84380643 14.23871434
 14.34073673 15.43806428 16.33622246 17.4772481  18.30263633 18.65149874
 19.07024196 19.46894186 19.49223546 19.67840376 19.92470206 19.92921632
 20.57421452 20.88317082 21.69194655 23.14355363 25.43788371 28.11556519
 30.41603467 34.5915493  35.77573131 37.67208378 41.70747562 41.55814373
 48.27175876 55.20476706 62.14824847 69.7094619  76.9785121  79.80949801
 80.51372337 80.81527627 80.78349585 80.64210906 79.66901408 77.58613218
 74.06897797 68.68869628 60.80697003 52.52618274 40.60473095 36.1603467
 31.57529794 29.44998194 27.55074034 25.34200072 23.45937161 21.62044059
 21.02798844 20.0030697  19.50631997 18.88732394 18.62170459 18.56753341
 18.50884796 18.36782232 18.3102203  18.15583243 18.18598772 17.95232936
 18.03268328 17.78855182 17.56608884 17.52401589 17.5166125  17.45341278
 17.48537378 17.35698808 17.26128566 17.4342723  17.48320693 17.2094619
 17.40303359 17.30967858 17.16486096 17.13994222 17.16865294 17.25695197
 17.04803178 17.09245215 17.08522932 17.02058505 16.93373059 17.10527266
 16.75406284 16.92397978 16.90592272 16.77121705 16.90483929 16.80209462
 16.77428675 16.6222463  16.75695197 16.75821596 16.52979415 16.49368003]","[ 1.96659444  1.99927772  1.99981943  2.07692308  2.10653666  2.13867822
  2.19971109  2.25767425  2.47201156  2.77464789  3.20729505  3.49566631
  4.14842904  4.88028169  5.09967497  5.3212351   5.67208378  5.80859516
  6.58504875  7.06753341  7.92325749  8.66251354  9.31581798  9.85283496
 10.22697725 10.51859877 10.57692308 10.53159986 10.13109426 10.24521488
  9.40140845  8.57096425  7.67045865  6.6191766   5.17840376  4.46063561
  4.28764897  4.15619357  3.84488985  3.91657638  3.57204767  3.4219935
  3.31527627  3.25334056  3.37648971  3.42000722  3.51426508  3.53105814
  3.63578909  3.58143734  3.61231492  3.61412062  3.59624413  3.51589021
  3.55308776  3.54785121  3.50523655  3.52853016  3.48591549  3.5258216
  3.49331889  3.50162514  3.4785121   3.47074756  3.47869267  3.45142651
  3.5227519   3.48392922  3.53485013  3.56500542  3.48663778  3.52473817
  3.49024919  3.58486818  3.56789455  3.59841098  3.60436981  3.64860961
  3.7340195   3.70458649  3.83279162  3.81166486  3.78403756  3.7555074
  3.80823402  3.72769953  3.74160347  3.76092452  3.76182737  3.76489707
  3.75622969  3.85771036  3.90610329  3.87703142  3.83243048  3.9416757
  4.01986277  4.10093897  4.31491513  4.40501986  4.54821235  4.57475623]","[ 4.78331528  5.18689057  5.56681112  5.96244131  6.90736728  8.01552907
  8.68165403 11.70260022 17.04694836 27.17461177 37.45341278 40.45142651
 37.07529794 29.68833514 27.79649693 26.68598772 25.34470928 25.04658722
 23.18508487 22.67515349 22.12387143 21.81852654 21.39707476 21.04460094
 20.70585049 20.06301914 19.93968942 19.60274467 18.77880101 18.81690141
 17.30227519 15.48591549 13.85861322 12.25207656 10.50180571  9.6007584
  9.34109787  9.10707837  8.89256049  8.90213073  8.51570964  8.38732394
  8.49241603  8.91639581  9.80173348 10.82394366 12.88624052 13.91820152
 15.17605634 15.82502709 16.42072951 17.34850126 17.88262911 17.91422896
 17.71542073 16.68869628 15.75027086 14.77916215 13.781329   13.63578909
 13.23600578 12.95124594 12.53178043 11.96117732 11.64499819 11.24684001
 10.68996027 10.21415674  9.62549657  9.48537378  9.57168653  9.48374865
  9.34633442  9.1542073   8.96514987  8.71903214  8.39219935  8.21000361
  7.93336945  7.80353918  7.62983026  7.53268328  7.55074034  7.39256049
  7.32141567  7.2020585   7.00469484  6.82918021  6.61845432  6.40790899
  6.34525099  6.15980498  6.13615023  6.03846154  5.99349946  5.95178765
  5.82015168  5.78259299  5.63398339  5.6025641   5.5184182   5.39653304]","[0.45359336 0.57764536 0.61664861 0.72589382 0.93553629 1.1437342
 1.27410618 1.84434814 2.80371975 4.34886241 5.88912965 6.41170098
 6.32665222 5.75604912 5.59534128 5.45160708 5.31040087 5.26128566
 4.96912243 4.82827736 4.60834236 4.47309498 4.28042615 4.17605634
 4.03087757 3.90213073 3.93011918 3.85301553 3.71596244 3.73690863
 3.60148068 3.38136511 3.09100758 2.79252438 2.42975804 2.18743229
 2.12495486 2.06319971 2.00776454 1.99205489 1.84976526 1.80570603
 1.82899964 1.86710004 2.01065367 2.17208378 2.48013723 2.59859155
 2.68237631 2.76182737 2.77573131 2.79902492 2.78819068 2.70693391
 2.63885879 2.5092091  2.35590466 2.20566992 2.07204767 2.02473817
 1.95828819 1.92000722 1.88118454 1.7598411  1.75279884 1.61646804
 1.56861683 1.48501264 1.38100397 1.36258577 1.36764175 1.37937884
 1.37305887 1.29577465 1.29162152 1.25442398 1.19158541 1.14879018
 1.13217768 1.10888407 1.08577104 1.06157458 1.06825569 1.06175515
 1.04135067 1.01263994 0.98122066 0.97363669 0.90032503 0.89201878
 0.87016974 0.83622246 0.83513904 0.81310943 0.82087396 0.77934272
 0.76453593 0.76273023 0.72228241 0.69068256 0.67858433 0.68075117]",73
71,"0.0,0.15,0.3,0.44999999999999996,0.6,0.75,0.8999999999999999,1.05,1.2,1.3499999999999999,1.5,1.65,1.7999999999999998,1.95,2.1,2.25,2.4,2.55,2.6999999999999997,2.85,3.0,3.15,3.3,3.4499999999999997,3.5999999999999996,3.75,3.9,4.05,4.2,4.35,4.5,4.6499999999999995,4.8,4.95,5.1,5.25,5.3999999999999995,5.55,5.7,5.85,6.0,6.1499999999999995,6.3,6.45,6.6,6.75,6.8999999999999995,7.05,7.199999999999999,7.35,7.5,7.6499999999999995,7.8,7.949999999999999,8.1,8.25,8.4,8.549999999999999,8.7,8.85,9.0,9.15,9.299999999999999,9.45,9.6,9.75,9.9,10.049999999999999,10.2,10.35,10.5,10.65,10.799999999999999,10.95,11.1,11.25,11.4,11.549999999999999,11.7,11.85,12.0,12.15,12.299999999999999,12.45,12.6,12.75,12.9,13.049999999999999,13.2,13.35,13.5,13.65,13.799999999999999,13.95,14.1,14.25,14.399999999999999,14.549999999999999,14.7,14.85,15.0,15.149999999999999",2007R_GLUT1_647_WGA_594_0002.nd2,2007,M,R,5,False,3.1526015228426396,False,"[12.83264594 13.04076777 13.18178934 13.37277919 13.8055203  14.17877538
 14.29124365 15.30837563 16.55615482 17.60025381 18.50253807 18.86326142
 19.23302665 19.94733503 20.08343909 20.05520305 20.52363579 20.3599302
 21.14784264 21.60231599 23.14324239 24.95574239 26.97906091 29.17354061
 30.57122462 33.56725888 34.47239848 35.91814721 38.88483503 38.46859137
 42.53902284 47.10152284 50.49508249 54.73984772 59.38023477 61.5555203
 62.07439721 62.25095178 62.5285533  62.75380711 62.7160533  62.87341371
 61.94749365 61.15847081 58.13451777 54.42195431 48.02078046 44.7607868
 41.60295051 39.27902919 37.54441624 34.0215736  31.02776015 25.90339467
 24.10675761 21.71129442 20.79917513 20.16037437 19.12357234 19.24333756
 18.86881345 18.79536802 18.65862944 18.43575508 18.24317893 18.09723985
 17.94590736 17.87341371 17.72271574 17.53680203 17.60929569 17.59819162
 17.67227157 17.57471447 17.4919099  17.58486675 17.32979061 17.29536802
 17.35548858 17.22699873 17.32788706 17.17385787 17.05393401 17.16513325
 17.04330584 17.09961929 16.9240165  17.11310279 17.09486041 16.90053934
 16.9471764  16.8911802  16.76554569 16.71763959 16.97890228 16.79394036
 16.95336294 16.84517766 16.8410533  16.82915609 16.91418147 16.44003807]","[ 2.01380076  1.99286168  2.05028553  2.10104695  2.10501269  2.18734137
  2.22255711  2.31059645  2.55853426  2.91545051  3.33629442  3.73540609
  4.26284898  4.93258249  5.24571701  5.42496827  5.79441624  5.97826777
  7.30425127  8.13086929  9.82693528 11.15767766 11.94638325 12.10755076
 12.28109137 12.04457487 11.8653236  11.63880076 10.70336294 10.66894036
  8.74016497  6.64371827  5.37182741  4.47223985  3.80869289  3.52649112
  3.48318528  3.4251269   3.38356599  3.32233503  3.22779188  3.15260152
  3.03156726  3.03854695  3.04140228  3.07883883  3.15529822  3.14498731
  3.23842005  3.21002538  3.24413071  3.31805203  3.36088198  3.4946066
  3.51760787  3.55789975  3.55044416  3.54616117  3.60548858  3.6072335
  3.60596447  3.59406726  3.63261421  3.5721764   3.60548858  3.6438769
  3.63927665  3.57471447  3.60469543  3.56281726  3.50111041  3.55187183
  3.5598033   3.49365482  3.53711929  3.50983503  3.57645939  3.51681472
  3.56836929  3.56979695  3.64229061  3.67703046  3.60675761  3.63864213
  3.71383249  3.78759518  3.83740482  4.00951777  4.03220178  4.02379442
  4.0096764   3.96288071  3.98334391  3.93591371  3.90767766  3.91211929
  3.92655457  3.9401967   3.94971447  4.03236041  4.21145305  4.38229695]","[ 4.96129442  5.36278553  5.74873096  6.1223033   6.97192259  7.9768401
  8.69051396 11.78521574 18.03965736 33.26411802 47.95034898 51.10961294
 42.83518401 32.58629442 30.89990482 30.36833756 29.70161802 29.49317893
 28.81408629 28.31805203 26.76316624 25.06535533 23.90228426 23.12737944
 22.61167513 21.60834391 21.38991117 21.03172589 19.97969543 19.97271574
 18.30678934 16.12722081 13.99635152 11.91529188 10.1535533   9.32519036
  9.15609137  9.0571066   8.8911802   8.85152284  8.6411802   8.57661802
  8.52696701  8.66100888  8.82265228  9.04869924  9.54346447  9.77458756
 10.18115482 10.38356599 10.75174492 11.58042513 12.74206853 15.12737944
 16.14752538 18.0694797  18.8055203  18.76332487 18.10310914 18.10675761
 17.49016497 17.09977792 16.34739848 15.4267132  14.97335025 14.19939721
 13.2758566  12.54282995 11.73683376 11.54885787 11.62642766 11.49095812
 11.27062183 10.92354061 10.77522208 10.36294416  9.84089467  9.65149112
  9.31503807  9.07296954  8.82138325  8.68781726  8.72715736  8.60199873
  8.48604061  8.35215736  8.07899746  7.85675761  7.59930203  7.33105964
  7.21462563  7.04949239  6.91481599  6.77490482  6.76284898  6.58661168
  6.4633566   6.33629442  6.15942259  6.03696066  5.96748096  5.80821701]","[0.51665609 0.61738579 0.69352792 0.77633249 0.98207487 1.1643401
 1.27998096 1.90228426 3.01982868 5.52506345 7.69749365 8.22477792
 7.57233503 6.75666244 6.66767132 6.66465736 6.71763959 6.64498731
 6.66989213 6.65498096 6.42766497 6.16719543 5.90640863 5.63991117
 5.42988579 5.09375    4.99444797 4.96050127 4.71351523 4.74381345
 4.52966371 4.20130076 3.88102792 3.39498731 2.8954632  2.57296954
 2.49904822 2.45130076 2.35120558 2.33597716 2.18686548 2.07788706
 2.02078046 1.94923858 1.94781091 2.00666244 2.03854695 2.05456853
 2.12103426 2.16370558 2.22303299 2.35263325 2.47176396 2.77220812
 2.86008883 3.02744289 2.99111675 2.87404822 2.70447335 2.69162437
 2.58899112 2.51538706 2.43448604 2.2596764  2.20003173 2.11913071
 1.97795051 1.89149746 1.76015228 1.72366751 1.76205584 1.71129442
 1.70923223 1.66449873 1.60770939 1.54647843 1.47525381 1.42639594
 1.40006345 1.35961294 1.32392132 1.28696066 1.30615482 1.2580901
 1.25666244 1.22969543 1.18464467 1.15006345 1.13721447 1.0856599
 1.03188452 1.02617386 1.00523477 0.95225254 0.97937817 0.9509835
 0.91624365 0.91608503 0.86516497 0.85834391 0.82439721 0.78902284]",74
72,"0.0,0.15,0.3,0.44999999999999996,0.6,0.75,0.8999999999999999,1.05,1.2,1.3499999999999999,1.5,1.65,1.7999999999999998,1.95,2.1,2.25,2.4,2.55,2.6999999999999997,2.85,3.0,3.15,3.3,3.4499999999999997,3.5999999999999996,3.75,3.9,4.05,4.2,4.35,4.5,4.6499999999999995,4.8,4.95,5.1,5.25,5.3999999999999995,5.55,5.7,5.85,6.0,6.1499999999999995,6.3,6.45,6.6,6.75,6.8999999999999995,7.05,7.199999999999999,7.35,7.5,7.6499999999999995,7.8,7.949999999999999,8.1,8.25,8.4,8.549999999999999,8.7,8.85,9.0,9.15,9.299999999999999,9.45,9.6,9.75,9.9,10.049999999999999,10.2,10.35,10.5,10.65,10.799999999999999,10.95,11.1,11.25,11.4,11.549999999999999,11.7,11.85,12.0,12.15,12.299999999999999,12.45,12.6,12.75,12.9,13.049999999999999,13.2,13.35,13.5,13.65,13.799999999999999,13.95,14.1,14.25,14.399999999999999,14.549999999999999,14.7,14.85,15.0,15.149999999999999",2007R_GLUT1_647_WGA_594_0002.nd2,2007,M,R,5,False,2.791656619242826,False,"[13.43863034 13.70098867 13.97468049 14.14805884 14.5748734  15.24837232
 15.51772366 16.60212202 18.1048951  20.02314926 21.10513624 22.21461297
 24.56619243 27.86930311 28.91053774 29.75813841 31.19049916 31.6595129
 35.63515795 37.47383651 41.91632505 46.33662889 50.66891729 54.05763202
 57.19194599 61.99541837 63.02700748 65.3303593  68.50325537 68.45960936
 73.18133591 77.30865686 81.78876296 86.7523511  91.7656137  93.71859175
 94.71642151 94.71425127 94.94068001 94.77646491 94.45575115 92.69037859
 88.23631541 82.62527128 76.0682421  68.7909332  58.58717145 53.16252713
 46.78008199 43.88425368 39.83795515 34.61224982 29.7675428  24.91102001
 23.95032554 22.1294912  20.66698818 20.29611768 19.68965517 19.60549795
 19.22064143 19.11791657 19.06100796 18.48396431 18.82975645 18.29105377
 18.33879913 18.07668194 18.11791657 18.05859658 17.85555823 17.92524717
 17.96768748 17.77308898 17.73932964 17.63371112 17.42850253 17.56281649
 17.46515553 17.19122257 17.20882566 17.16397396 17.15119363 16.98336147
 17.21244273 17.15264046 17.15649867 17.24475524 16.97588618 16.92476489
 16.9520135  16.99228358 17.13359055 16.71907403 17.04195804 16.77140101
 16.72968411 16.76609597 16.84277791 16.76368459 16.5994695  16.63202315]","[1.89172896 1.88160116 1.85917531 1.95755968 1.96310586 2.00072341
 2.03544731 2.10031348 2.2527128  2.45960936 2.94598505 3.11719315
 3.52326983 3.92789969 3.963347   4.15891006 4.3006993  4.29418857
 4.91174343 5.37159392 6.46322643 7.33928141 7.78249337 7.44899928
 6.94598505 6.13865445 5.88570051 5.62261876 5.07668194 4.99276585
 4.27152158 3.56932722 3.38148059 3.09332047 2.94260912 2.75524476
 2.78948638 2.80033759 2.76971305 2.79165662 2.7125633  2.67928623
 2.6891729  2.55100072 2.69303111 2.81721727 2.83047986 2.88618278
 2.89631059 2.88473595 3.00747528 3.04292259 3.16542079 3.22474078
 3.27996142 3.28888353 3.31372076 3.35953701 3.36677116 3.40583554
 3.33108271 3.39184953 3.39088498 3.31661442 3.40342416 3.39160839
 3.32481312 3.34820352 3.36243067 3.26380516 3.26525199 3.3221606
 3.30793345 3.41017603 3.33783458 3.3190258  3.29828792 3.30528093
 3.29708223 3.37472872 3.36339523 3.37979262 3.31010369 3.30721003
 3.3537497  3.30238727 3.34096938 3.40848806 3.41331083 3.37593441
 3.43139619 3.39787798 3.44272968 3.41138172 3.39667229 3.44514107
 3.47359537 3.5066313  3.48589342 3.54256089 3.64504461 3.64866168]","[ 4.91487823  5.25970581  5.66433566  6.09404389  6.95056667  7.90233904
  8.62406559 11.83240897 18.28116711 34.24282614 49.66071859 52.52375211
 42.82083434 29.89004099 27.71063419 26.4965035  25.57656137 25.28381963
 23.71087533 23.06052568 21.68531469 20.51241862 19.20207379 18.14299494
 17.55317097 16.5666747  16.3670123  15.87147335 15.07909332 15.11333494
 13.58138413 11.86472149 10.5565469   9.47238968  8.72968411  8.39184953
  8.35085604  8.35350856  8.26452857  8.23583313  8.13093803  8.18157704
  8.2324572   8.32746564  8.56257536  8.78490475  9.36821799  9.79937304
 10.308898   10.7858693  11.2609115  12.30455751 13.78828068 16.30672776
 17.28502532 18.92066554 19.05208585 18.47914155 17.61683144 17.56595129
 17.1294912  16.82999759 16.27055703 15.37955148 15.0284543  14.24403183
 13.54521341 12.90499156 12.05136243 11.79599711 11.92163009 11.75452134
 11.52326983 11.06510731 11.01567398 10.52953943  9.9898722   9.8623101
  9.41403424  9.1876055   8.88256571  8.67856282  8.78852182  8.63467567
  8.48926935  8.2406559   7.84977092  7.69061973  7.41837473  7.18977574
  6.98866651  6.83795515  6.71907403  6.60212202  6.57559682  6.45888594
  6.34096938  6.20352062  6.00530504  5.89269351  5.78562816  5.720762  ]","[0.52447552 0.60573909 0.68362672 0.73860622 0.97226911 1.11912226
 1.26886906 1.82638052 2.89462262 5.18929347 7.25415963 7.86713287
 7.26067036 6.65806607 6.63684591 6.58789486 6.64070412 6.61803714
 6.62768266 6.40221847 5.89534603 5.27610321 4.65830721 4.17892452
 3.99035447 3.69761273 3.61755486 3.57583796 3.42102725 3.36870027
 3.09693755 2.76657825 2.44417651 2.14733542 1.96455269 1.85869303
 1.82686279 1.78369906 1.79430914 1.78490475 1.72172655 1.70002411
 1.74632264 1.74367012 1.79310345 1.85194116 2.01061008 2.07258259
 2.19652761 2.23607427 2.37617555 2.62671811 2.84422474 3.05232698
 3.09838437 3.16734989 3.06076682 2.88738847 2.72944297 2.73281891
 2.62044852 2.59802267 2.52833374 2.35471425 2.29491198 2.21123704
 2.08801543 1.99638293 1.8806366  1.82469255 1.82396913 1.82011092
 1.80660719 1.7308898  1.69399566 1.61900169 1.53050398 1.48444659
 1.42994936 1.38292742 1.32457198 1.27972028 1.30624548 1.27296841
 1.25946467 1.21678322 1.17410176 1.1497468  1.06993007 1.05353267
 0.99421268 0.97130456 0.95659513 0.91608392 0.9387509  0.87123222
 0.85579937 0.82975645 0.78056426 0.78297565 0.74391126 0.74391126]",75
73,"0.0,0.15,0.3,0.44999999999999996,0.6,0.75,0.8999999999999999,1.05,1.2,1.3499999999999999,1.5,1.65,1.7999999999999998,1.95,2.1,2.25,2.4,2.55,2.6999999999999997,2.85,3.0,3.15,3.3,3.4499999999999997,3.5999999999999996,3.75,3.9,4.05,4.2,4.35,4.5,4.6499999999999995,4.8,4.95,5.1,5.25,5.3999999999999995,5.55,5.7,5.85,6.0,6.1499999999999995,6.3,6.45,6.6,6.75,6.8999999999999995,7.05,7.199999999999999,7.35,7.5,7.6499999999999995,7.8,7.949999999999999,8.1,8.25,8.4,8.549999999999999,8.7,8.85,9.0,9.15,9.299999999999999,9.45,9.6,9.75,9.9,10.049999999999999,10.2,10.35,10.5,10.65,10.799999999999999,10.95,11.1,11.25,11.4,11.549999999999999,11.7,11.85,12.0,12.15,12.299999999999999,12.45,12.6,12.75,12.9,13.049999999999999,13.2,13.35,13.5,13.65,13.799999999999999,13.95,14.1,14.25,14.399999999999999,14.549999999999999,14.7,14.85,15.0,15.149999999999999",2007R_GLUT1_647_WGA_594_0002.nd2,2007,M,R,5,False,3.0049548752433197,False,"[13.61900549 13.89930986 14.47372147 14.70854716 15.36382941 16.10582198
 16.5048664  18.16280304 19.96620067 22.97947266 25.64130242 28.34047071
 32.88409131 38.53388781 40.97434082 41.63705539 43.55353035 44.54892939
 47.93930278 50.39922138 53.8361352  57.19642541 59.45708724 61.88055211
 63.3312688  65.74641656 66.49017873 66.81401522 67.89453194 67.81578482
 68.94354981 69.32312865 69.03379933 68.47549106 68.04282428 67.4572642
 67.38258715 66.95487524 66.65935233 66.3510883  64.43408246 62.11077685
 58.14192178 53.81295346 48.45319412 43.17235887 35.39108122 32.17253583
 28.96637763 27.51336047 26.15501681 23.92231463 22.69669085 21.12440276
 20.87418156 19.91311272 19.42558839 19.01044063 18.70412316 18.63493187
 18.62059812 18.31923553 18.25499912 18.2277473  18.02459742 17.91098921
 17.91205096 17.80145107 17.55353035 17.5436206  17.54149708 17.39674394
 17.72535834 17.33622368 17.53247213 17.36082109 17.06282074 17.36807645
 17.34631039 17.12174836 17.45266325 17.32153601 17.19377101 17.17483631
 17.30614051 17.11466997 17.16032561 17.02300478 16.92178376 16.92443815
 17.0422934  16.80162803 16.92496903 16.85719342 16.88409131 16.78322421
 16.96655459 16.87294284 16.8101221  16.70783932 16.78729428 16.74447001]","[1.85913998 1.84958414 1.85542382 1.9612458  1.91222792 1.99398337
 1.99752256 2.039639   2.2744647  2.55406123 2.90833481 3.11095381
 3.34188639 3.49212529 3.54344364 3.59971686 3.58821448 3.62254468
 3.77012918 3.89028491 4.10900726 4.25800743 4.44381525 4.39639002
 4.32153601 4.04193948 4.04016988 3.91771368 3.60644134 3.69562909
 3.32277473 3.23376394 3.18563086 3.08122456 3.00495488 2.92815431
 2.9343479  2.91647496 2.92019112 2.88763051 2.92921607 2.8550699
 2.94832773 2.911874   3.17165104 3.31905857 3.36612989 3.44434613
 3.50468944 3.497788   3.57016457 3.629977   3.78640949 3.89789418
 3.94443461 3.91930632 3.91045833 3.78587861 3.81348434 3.73845337
 3.73898425 3.68023359 3.68200319 3.55583083 3.58308264 3.51265263
 3.44558485 3.502212   3.44045302 3.4841621  3.43231286 3.44293045
 3.46788179 3.42258007 3.4608034  3.36966909 3.38382587 3.33799328
 3.39001947 3.38152539 3.42541143 3.41107769 3.43974518 3.43673686
 3.37462396 3.40364537 3.41443992 3.48486993 3.46929747 3.51088303
 3.52716333 3.54468236 3.56662538 3.55122987 3.55742346 3.63970979
 3.64519554 3.71615643 3.68925854 3.7678287  3.82020881 3.86958061]","[ 4.81383826  5.14900018  5.53990444  5.86285613  6.6903203   7.62307556
  8.3167581  11.0585737  16.00123872 27.44222262 39.17890639 43.82392497
 40.57228809 32.0801628  29.77296054 28.68129535 27.29729251 26.54149708
 24.10723766 23.03433021 21.25783047 19.62785348 18.23748009 17.08688728
 16.4761989  15.40948505 15.23022474 15.01274111 14.41479384 14.49424881
 13.83595824 13.10723766 12.68872766 12.19093966 11.73951513 11.37745532
 11.22438506 11.14546098 10.98124226 10.97628738 10.84940718 10.85825518
 11.07149177 11.44045302 12.3079101  13.09962838 14.38417979 15.16421872
 16.16280304 16.69421341 17.18793134 18.02902141 18.37462396 17.89718634
 17.48292338 16.49424881 15.89400106 15.08140152 14.45301717 14.42647319
 13.99185985 13.75491064 13.17112016 12.58485224 12.34383295 11.7506636
 11.11236949 10.55742346  9.99893824  9.76835958  9.93452486  9.80711379
  9.60290214  9.30348611  9.22137675  8.90231817  8.46965139  8.27711909
  7.9352327   7.77596886  7.52946381  7.50663599  7.46398867  7.3717926
  7.24862856  7.19324013  6.95806052  6.8801982   6.67793311  6.50185808
  6.38400283  6.24155017  6.20562732  6.1242258   6.10387542  5.96637763
  5.87807468  5.77012918  5.64944258  5.62325252  5.49973456  5.41886392]","[ 0.59016103  0.71438683  0.82799505  0.92939303  1.22810122  1.50079632
  1.70801628  2.54521324  3.86179437  6.68819678  9.18209167 10.09219607
  9.68129535  8.4554946   8.09343479  7.91948328  7.72146523  7.64077154
  7.15696337  6.83118032  6.2691559   5.63493187  5.08175544  4.58609096
  4.35303486  4.04707131  3.96761635  3.86267917  3.68430366  3.64961954
  3.49460273  3.29410724  3.14369138  2.9801805   2.78924084  2.61281189
  2.60166342  2.54981419  2.51920014  2.51424527  2.41390904  2.34825695
  2.37763228  2.37480092  2.45956468  2.55583083  2.74836312  2.80304371
  2.9325783   2.98230402  3.02318174  3.16846576  3.23641833  3.11360821
  3.05344187  2.91081225  2.72305787  2.52999469  2.34984958  2.31180322
  2.23500265  2.20191117  2.10316758  2.00212352  1.92726951  1.86904973
  1.74517784  1.65740577  1.57848168  1.52751725  1.54963723  1.55299947
  1.54503628  1.47372147  1.44470005  1.39992922  1.32153601  1.27570342
  1.21040524  1.19324013  1.16439568  1.12033268  1.12139444  1.10918422
  1.08617944  1.07078393  1.05114139  1.01787294  0.95806052  0.9532826
  0.90798089  0.91346664  0.88674571  0.85666254  0.88285259  0.83312688
  0.81950097  0.79844275  0.74376217  0.76818262  0.7334985   0.69775261]",76
74,"0.0,0.15,0.3,0.44999999999999996,0.6,0.75,0.8999999999999999,1.05,1.2,1.3499999999999999,1.5,1.65,1.7999999999999998,1.95,2.1,2.25,2.4,2.55,2.6999999999999997,2.85,3.0,3.15,3.3,3.4499999999999997,3.5999999999999996,3.75,3.9,4.05,4.2,4.35,4.5,4.6499999999999995,4.8,4.95,5.1,5.25,5.3999999999999995,5.55,5.7,5.85,6.0,6.1499999999999995,6.3,6.45,6.6,6.75,6.8999999999999995,7.05,7.199999999999999,7.35,7.5,7.6499999999999995,7.8,7.949999999999999,8.1,8.25,8.4,8.549999999999999,8.7,8.85,9.0,9.15,9.299999999999999,9.45,9.6,9.75,9.9,10.049999999999999,10.2,10.35,10.5,10.65,10.799999999999999,10.95,11.1,11.25,11.4,11.549999999999999,11.7,11.85,12.0,12.15,12.299999999999999,12.45,12.6,12.75,12.9,13.049999999999999,13.2,13.35,13.5,13.65,13.799999999999999,13.95,14.1,14.25,14.399999999999999,14.549999999999999,14.7,14.85,15.0,15.149999999999999",2007R_GLUT1_647_WGA_594_0002.nd2,2007,M,R,5,False,2.7777777777777777,False,"[ 13.80695847  14.39057239  15.10026188  15.33707445  16.10549944
  17.14365881  17.44930789  19.57239057  21.25514403  25.55630378
  29.12233446  32.66965956  40.3778526   49.5765058   54.11148522
  55.23082679  58.50430228  60.00823045  66.58698092  70.86868687
  77.89412645  84.70744482  89.24317247  94.25028058  96.88402544
 101.46801347 102.93415638 104.44369622 104.30415264 104.66329966
 105.52300786 103.32136177  99.53834643  95.07669285  89.22858212
  86.12869435  85.18481107  84.25327348  81.33969323  81.12682379
  75.79498691  71.18930041  64.42312009  58.34942013  52.09502432
  47.05087916  38.99139544  35.00897868  31.62813318  29.41825664
  28.06472129  25.11185933  23.40927796  21.37710438  21.35952114
  20.23194912  19.59558548  19.37635615  18.89450056  18.8956229
  18.62439207  18.34156379  18.33408156  18.21324355  18.16086794
  17.6969697   17.81780771  17.86270108  17.72876917  17.5375982
  17.64047886  17.45304901  17.80658436  17.28619529  17.75009353
  17.46464646  17.32734755  17.50654695  17.48746727  17.47923681
  17.73176207  17.58922559  17.45753835  17.26300037  17.43060232
  17.20950243  17.17134306  16.996633    16.69098391  16.98466143
  17.09951366  16.72502806  17.02955481  16.91133558  16.85634119
  16.80209502  16.87729143  16.9315376   16.6580621   16.64758698
  16.90722035  16.6352413 ]","[1.83164983 1.84811074 1.83576506 1.94201272 1.91881781 1.98204265
 1.95286195 2.01683502 2.29255518 2.58436214 2.89861579 3.08380097
 3.22109989 3.30527497 3.23868313 3.335578   3.24953236 3.29218107
 3.31836887 3.33632623 3.3453049  3.18368874 3.11821923 3.05462028
 3.04788627 2.90647213 2.92068837 2.97867565 2.8630752  2.92630004
 2.75009353 2.77777778 2.76169098 2.75271231 2.71193416 2.76393565
 2.69846614 2.7557052  2.79573513 2.79423868 2.83314628 2.92218481
 3.04638982 3.01459035 3.31949121 3.30115975 3.32846988 3.42499065
 3.42536476 3.4104003  3.46876169 3.47624392 3.55630378 3.71455294
 3.73400673 3.82528994 3.87055743 3.78264123 3.76468388 3.69547325
 3.70594837 3.58398803 3.55967078 3.49120838 3.560419   3.46876169
 3.48559671 3.49083427 3.46502058 3.47437336 3.44781145 3.46015713
 3.45641601 3.41264497 3.442948   3.39917695 3.37972316 3.36588103
 3.38346427 3.38795361 3.4885896  3.48597082 3.4919566  3.43883277
 3.42124953 3.53572765 3.47250281 3.48410026 3.50355406 3.50355406
 3.52038908 3.55854845 3.56303779 3.53872054 3.55031799 3.69435092
 3.77628133 3.8077067  3.89524878 4.02469136 4.07407407 4.12008979]","[ 4.82117471  5.16909839  5.54096521  5.91021324  6.76356154  7.77702955
  8.48821549 11.23905724 16.35091657 28.25589226 40.47399925 45.51365507
 42.3647587  33.20538721 30.5993266  29.46763936 27.64571642 26.93340816
 24.2704826  23.01758324 20.64571642 18.34493079 16.11335578 14.60381594
 13.69360269 12.39655817 12.0976431  11.74111485 11.18855219 11.39244295
 10.16909839  9.3516648   8.69809203  8.37972316  8.41227086  8.55555556
  8.64384587  8.64085297  9.04040404  8.97904976  9.88776655 10.54096521
 11.60119716 12.53273475 13.71791994 14.30265619 15.39393939 15.86083053
 16.74560419 17.2933034  17.74448186 18.20725776 18.37298915 17.64683876
 17.20688365 16.23606435 15.65768799 14.95735129 14.42536476 14.27497194
 13.79236813 13.5993266  12.94388328 12.39281706 12.10400299 11.5929667
 10.97568275 10.43995511  9.95286195  9.68649458  9.83501684  9.69846614
  9.55630378  9.20688365  9.08567153  8.7066966   8.19341564  8.04526749
  7.71530116  7.54545455  7.36288814  7.30452675  7.35054246  7.16535728
  7.08043397  7.06734007  6.82566405  6.75046764  6.55405911  6.41339319
  6.34829779  6.19640853  6.16797606  6.10362888  6.12532735  5.96445941
  5.82267116  5.74784886  5.63598952  5.59895249  5.52525253  5.41937897]","[ 0.63449308  0.75682753  0.91320614  1.02207258  1.38945006  1.7362514
  2.00523756  3.03142536  4.62027684  8.00860456 10.83202394 11.76430976
 10.9708193   9.41451553  8.98204265  8.81930415  8.5667789   8.52749719
  8.10549944  7.73176207  7.09465021  6.26112982  5.46876169  4.90198279
  4.53610176  4.1889263   4.00897868  3.88664422  3.71642349  3.67340067
  3.31238309  3.09652076  2.83838384  2.64721287  2.52562664  2.33258511
  2.33408156  2.30901609  2.34979424  2.30153386  2.32809577  2.34942013
  2.50916573  2.48597082  2.6416012   2.68836513  2.86083053  2.89188178
  3.04676394  3.01271979  3.05274972  3.12944257  3.13131313  2.98952488
  2.9902731   2.90385335  2.79087168  2.67227834  2.41638608  2.40591096
  2.32173588  2.3030303   2.19079686  2.06771418  2.00448934  1.90572391
  1.778526    1.67153012  1.57949869  1.5211373   1.5473251   1.56939768
  1.53684998  1.49719416  1.42386831  1.39169473  1.29554807  1.25439581
  1.20389076  1.17695473  1.12607557  1.1204639   1.12233446  1.10475122
  1.09427609  1.03853348  1.04526749  0.99887767  0.93415638  0.9218107
  0.88664422  0.91395436  0.88627011  0.86606809  0.88439955  0.83875795
  0.82678638  0.781893    0.75869809  0.78451178  0.76692854  0.69958848]",77
75,"0.0,0.15,0.3,0.44999999999999996,0.6,0.75,0.8999999999999999,1.05,1.2,1.3499999999999999,1.5,1.65,1.7999999999999998,1.95,2.1,2.25,2.4,2.55,2.6999999999999997,2.85,3.0,3.15,3.3,3.4499999999999997,3.5999999999999996,3.75,3.9,4.05,4.2,4.35,4.5,4.6499999999999995,4.8,4.95,5.1,5.25,5.3999999999999995,5.55,5.7,5.85,6.0,6.1499999999999995,6.3,6.45,6.6,6.75,6.8999999999999995,7.05,7.199999999999999,7.35,7.5,7.6499999999999995,7.8,7.949999999999999,8.1,8.25,8.4,8.549999999999999,8.7,8.85,9.0,9.15,9.299999999999999,9.45,9.6,9.75,9.9,10.049999999999999,10.2,10.35,10.5,10.65,10.799999999999999,10.95,11.1,11.25,11.4,11.549999999999999,11.7,11.85,12.0,12.15,12.299999999999999,12.45,12.6,12.75,12.9,13.049999999999999,13.2,13.35,13.5,13.65,13.799999999999999,13.95,14.1,14.25,14.399999999999999,14.549999999999999,14.7,14.85,15.0,15.149999999999999",2007R_GLUT1_647_WGA_594_0002.nd2,2007,M,R,5,False,3.020746393227614,False,"[13.0237272  13.29903422 13.6316919  13.6190533  14.04757363 14.24919518
 14.68379635 15.34386551 16.36270419 17.7362585  19.04268511 19.88386789
 21.48265172 23.5115059  24.49052104 24.78693216 25.85179444 26.29235722
 28.62811494 29.98116132 33.3679504  36.43591272 39.40622392 41.93144152
 43.62656492 45.6387266  46.53249076 47.08274711 48.56051031 48.60736855
 49.48634792 49.6290688  49.03505425 47.66710385 45.17586741 43.23154883
 42.18254441 41.99093836 40.39728151 40.38869679 37.10897818 35.15237868
 31.97913437 29.05281984 25.68486944 23.20078693 21.41874329 20.68069632
 20.28937642 20.18683677 19.91451055 19.61988792 19.68641946 19.46464767
 19.50983665 19.30368427 19.2173602  18.98211518 18.74067008 18.73566233
 18.65983069 18.48372481 18.10063193 17.72457375 17.59294146 17.31358054
 16.96864195 16.57076428 16.50804817 16.45212829 16.47895553 16.54012162
 16.46798617 16.32645761 16.32407297 16.28520329 16.28138786 16.21092166
 16.2410874  16.17610588 16.24299511 16.1172052  16.10027423 16.09121259
 16.15845952 15.93167998 16.10337427 15.98426136 15.94300703 15.74472398
 16.01180398 15.96864195 15.71515441 15.84917134 15.78168594 15.87051389
 15.91892214 15.83844044 15.75724335 15.77238584 15.85131752 15.8457136 ]","[1.8961488  1.89197568 1.87993323 1.97424586 1.94014546 1.99868845
 2.01251938 2.03982354 2.18719447 2.43495886 2.77787051 3.02730416
 3.35662335 3.47370931 3.49910576 3.48980565 3.48646715 3.52605222
 3.48754024 3.48944796 3.3976392  3.40264695 3.28210326 3.253726
 3.25825683 3.173602   3.1772982  3.19589841 3.06939311 3.08787409
 3.02694646 3.02074639 3.01836175 3.07535472 3.1609634  3.20567545
 3.2811494  3.25384524 3.39585072 3.31405747 3.53606772 3.54977942
 3.63312269 3.68761178 3.83426732 3.993323   4.15369023 4.24859902
 4.46524383 4.61511864 4.72373912 4.97853821 5.26982234 5.65005365
 5.65625373 5.56098724 5.40300465 5.18004054 5.04411589 4.99284607
 4.86622153 4.84392512 4.74484321 4.62131871 4.5782759  4.47633242
 4.38678908 4.33611542 4.37820436 4.33540002 4.27995708 4.36866579
 4.37140813 4.32407297 4.36973888 4.32359604 4.31536902 4.25265292
 4.19160606 4.23333731 4.23715274 4.28377251 4.25479909 4.28019554
 4.29176106 4.37939669 4.41623942 4.50065578 4.64134971 4.74341242
 4.78693216 4.86765232 4.94551091 4.86956003 4.86467152 4.79837844
 4.74532014 4.67437701 4.76320496 4.89257184 5.0100155  5.11792059]","[ 4.76725885  5.11982831  5.45188983  5.79098605  6.59759151  7.48527483
  8.17860975 10.8624061  15.72421605 27.96220341 40.49326338 45.67711935
 40.76129725 30.20090616 27.36854656 26.38917372 24.71539287 23.76344342
 21.3776082  20.25694527 18.31310361 16.62787648 15.00846548 13.83534041
 13.13163229 11.96721116 11.76427805 11.47096697 10.80910934 10.89185644
 10.35543102 10.12912841 10.22189102 10.63491117 11.25611065 11.64456898
 11.72981996 11.88923334 11.94145702 11.84046739 12.29211876 12.50089424
 12.95349946 13.48408251 14.32371527 15.19279838 16.51043281 17.27876475
 17.88756409 18.16418266 18.21497556 18.05961607 17.64361512 16.32562299
 15.68427328 14.50542506 13.64051508 12.68045785 11.95087636 11.86920234
 11.49958269 11.28639561 10.899845   10.43925122 10.21151783  9.81507094
  9.2908072   8.91677596  8.40240849  8.26159533  8.3445809   8.28603792
  8.13246691  7.89173721  7.78120901  7.56253726  7.25086443  7.17527125
  6.91236437  6.76487421  6.59997615  6.58841064  6.55872183  6.48193633
  6.43126267  6.32669608  6.19935615  6.11112436  5.96279957  5.85167521
  5.76308573  5.69285799  5.64719208  5.60736855  5.57469894  5.47025158
  5.38929295  5.32776917  5.26541075  5.20448313  5.18325981  5.12495529]","[0.45713604 0.56003339 0.62322642 0.72159294 0.91677596 1.08525098
 1.23894122 1.76845117 2.67258853 4.57970669 6.26851079 7.02253488
 6.82627876 5.98581137 5.71336592 5.6457613  5.47537856 5.3979969
 5.10623584 4.85394062 4.45999762 4.04506975 3.56539883 3.22844879
 3.01216168 2.66042685 2.5816144  2.50947896 2.32800763 2.35507333
 2.19923691 2.05174675 1.96268034 1.973292   1.9963038  2.02050793
 2.04077739 2.04185048 2.07440086 2.06200072 2.13032073 2.18206749
 2.30284965 2.43412424 2.55967569 2.66436151 2.74210087 2.75056635
 2.74877787 2.7025158  2.67103851 2.62108024 2.48980565 2.27363777
 2.18135209 2.00250388 1.89292953 1.74388935 1.64731132 1.64766901
 1.58483367 1.55085251 1.5181829  1.4384166  1.41528556 1.33253845
 1.29641111 1.22177179 1.14653631 1.13509002 1.15786336 1.14081316
 1.13437463 1.08918564 1.05901991 1.03755813 0.99546918 0.93871468
 0.90532968 0.90771432 0.88661023 0.84929057 0.87003696 0.84082509
 0.83510194 0.81173244 0.79170144 0.7793013  0.72338142 0.72385835
 0.71241207 0.70370812 0.68641946 0.68379635 0.6854656  0.66078455
 0.64814594 0.63038035 0.60879933 0.6149994  0.60343389 0.58781447]",78
76,"0.0,0.15,0.3,0.44999999999999996,0.6,0.75,0.8999999999999999,1.05,1.2,1.3499999999999999,1.5,1.65,1.7999999999999998,1.95,2.1,2.25,2.4,2.55,2.6999999999999997,2.85,3.0,3.15,3.3,3.4499999999999997,3.5999999999999996,3.75,3.9,4.05,4.2,4.35,4.5,4.6499999999999995,4.8,4.95,5.1,5.25,5.3999999999999995,5.55,5.7,5.85,6.0,6.1499999999999995,6.3,6.45,6.6,6.75,6.8999999999999995,7.05,7.199999999999999,7.35,7.5,7.6499999999999995,7.8,7.949999999999999,8.1,8.25,8.4,8.549999999999999,8.7,8.85,9.0,9.15,9.299999999999999,9.45,9.6,9.75,9.9,10.049999999999999,10.2,10.35,10.5,10.65,10.799999999999999,10.95,11.1,11.25,11.4,11.549999999999999,11.7,11.85,12.0,12.15,12.299999999999999,12.45,12.6,12.75,12.9,13.049999999999999,13.2,13.35,13.5,13.65,13.799999999999999,13.95,14.1,14.25,14.399999999999999,14.549999999999999,14.7,14.85,15.0,15.149999999999999",2007R_GLUT1_647_WGA_594_0002.nd2,2007,M,R,5,False,4.056146737608513,False,"[12.67264072 13.18468216 13.25945113 13.34766172 13.66423971 14.08555027
 14.30145617 15.23494819 16.06790815 17.41949034 18.18342201 18.4175301
 19.02744329 19.71464576 19.69378325 19.64897788 19.83954074 20.17782134
 20.39218706 20.22640717 20.58807057 20.85564268 21.18244189 21.85298236
 22.40478857 23.81587791 24.46205545 24.8800056  27.2908149  27.4816578
 30.60277233 34.89288715 38.18216186 42.41360963 48.14239709 51.81531784
 53.63441613 54.15177821 56.28745449 55.8274993  58.39274713 58.89876785
 59.23242789 58.73018762 57.04130496 55.16732008 50.7441893  47.98767852
 45.38644637 43.78073369 41.69910389 37.58316998 33.16619994 27.2216466
 25.13637637 22.19868384 20.92327079 19.9341921  19.27569308 19.18230188
 19.04578549 18.90240829 18.64701764 18.65541865 18.49761971 18.30803696
 18.21618594 18.06566788 17.86740409 17.87342481 17.97283674 17.85242229
 17.72794735 17.65135816 17.51008121 17.6683002  17.55558667 17.49369924
 17.46793615 17.38126575 17.24222907 17.18370204 17.33576029 17.13343601
 17.17152058 17.13609633 16.96541585 17.1400168  16.9483338  16.89288715
 16.83884066 16.95533464 17.03038365 16.85886306 17.01148138 17.00784094
 16.92047046 16.78745449 16.76295155 16.82287875 16.93195183 16.80495659]","[1.95589471 1.97927751 1.9816578  2.08288995 2.05124615 2.11789415
 2.16718006 2.26183142 2.45043405 2.81307757 3.23858863 3.51890227
 4.04900588 4.60893307 4.87944553 5.01316158 5.23312798 5.46625595
 6.14505741 6.74026883 7.87258471 8.81923831 9.47717726 9.71114534
 9.87272473 9.76099132 9.70624475 9.73732848 9.29767572 9.28619434
 8.92159059 8.73046766 8.60445253 8.61229348 8.62755531 8.22696724
 7.83842061 7.74894987 6.95897508 6.96555587 5.36726407 4.68384206
 4.05614674 3.68720246 3.5050406  3.40814898 3.38882666 3.37552506
 3.45743489 3.5124615  3.50770092 3.56146738 3.79571549 4.25693083
 4.45855503 4.74222907 4.43937272 4.04410529 3.87384486 3.83450014
 3.83982078 3.71114534 3.68762251 3.59675161 3.61033324 3.58513022
 3.53472417 3.52310277 3.54942593 3.55068608 3.45729488 3.55138617
 3.46807617 3.48641837 3.47773733 3.45897508 3.4850182  3.50574069
 3.52506301 3.49943993 3.4816578  3.48991879 3.52674321 3.48053766
 3.44133296 3.44595351 3.44987398 3.52114254 3.48263792 3.44595351
 3.5141417  3.49187903 3.51974237 3.48711845 3.49621955 3.56804817
 3.57896948 3.61215346 3.66171941 3.80481658 3.98151778 4.19770372]","[ 4.87524503  5.27149258  5.64309717  5.99397928  6.87034444  7.88280594
  8.70988519 11.83730048 17.5050406  32.66493979 44.79823579 47.46471577
 38.84346122 29.08050966 26.86054327 26.07602912 24.9183702  24.26393167
 23.13847662 22.92467096 22.75945113 22.391627   21.89484738 21.46989639
 20.8975077  20.21212546 20.01876225 19.83211985 19.21156539 19.21576589
 18.26141137 17.28731448 16.54130496 15.75175021 14.91879025 14.19266312
 13.77177261 13.64309717 12.98123775 13.02548306 11.37454495 10.36292355
  9.29389527  8.72780734  8.66395968  8.94987398  9.81475777 10.52912349
 11.47241669 11.97297676 12.62293475 13.77779334 14.92075049 16.12951554
 16.63623635 17.87440493 18.47675721 18.40548866 17.69196304 17.59801176
 17.08863064 16.77345281 16.14981798 15.36796416 14.91122935 14.20512461
 13.23312798 12.4824979  11.66423971 11.39848782 11.51568188 11.41430972
 11.15891907 10.74292915 10.69784374 10.36432372  9.86810417  9.64995799
  9.21296556  8.98599832  8.64407729  8.5308037   8.55530664  8.35508261
  8.25707085  8.09577149  7.80257631  7.66858023  7.38812658  7.10613274
  6.96443573  6.76015122  6.75315038  6.58485018  6.52128255  6.37454495
  6.2625315   6.10977317  5.98221787  5.91178941  5.83786054  5.66381966]","[0.49019882 0.59633156 0.67040045 0.75609073 0.97437693 1.17390087
 1.30705685 1.9316718  2.94553346 5.42285074 7.28731448 7.87804537
 7.18384206 6.21576589 5.97969756 5.89890787 5.76659199 5.68398208
 5.53612433 5.46569588 5.39218706 5.26393167 5.1174741  4.96401568
 4.85928311 4.74670961 4.67110053 4.64379726 4.55726687 4.53052366
 4.31223747 4.15709885 3.97703724 3.78269392 3.65639877 3.64883786
 3.64057687 3.58443013 3.48851862 3.55782694 3.19966396 2.92495099
 2.51680202 2.25259031 2.17096052 2.24404929 2.49901988 2.66073929
 2.87314478 2.99677961 3.11887426 3.3949874  3.53696444 3.71492579
 3.72794735 3.67964156 3.49425931 3.17782134 2.93209185 2.92901148
 2.77849342 2.75105013 2.60473257 2.46359563 2.36628395 2.2450294
 2.11593391 1.97871745 1.83380006 1.81223747 1.79207505 1.80005601
 1.7716326  1.70148418 1.67124055 1.6058527  1.53906469 1.47927751
 1.41472977 1.37874545 1.30299636 1.27611313 1.30691683 1.29361523
 1.25693083 1.20624475 1.20442453 1.16101932 1.10319238 1.08387006
 1.07070849 1.02310277 0.99117894 0.9782974  0.95715486 0.93307197
 0.88644637 0.87328479 0.83281994 0.81909829 0.78591431 0.76435172]",79
77,"0.0,0.15,0.3,0.44999999999999996,0.6,0.75,0.8999999999999999,1.05,1.2,1.3499999999999999,1.5,1.65,1.7999999999999998,1.95,2.1,2.25,2.4,2.55,2.6999999999999997,2.85,3.0,3.15,3.3,3.4499999999999997,3.5999999999999996,3.75,3.9,4.05,4.2,4.35,4.5,4.6499999999999995,4.8,4.95,5.1,5.25,5.3999999999999995,5.55,5.7,5.85,6.0,6.1499999999999995,6.3,6.45,6.6,6.75,6.8999999999999995,7.05,7.199999999999999,7.35,7.5,7.6499999999999995,7.8,7.949999999999999,8.1,8.25,8.4,8.549999999999999,8.7,8.85,9.0,9.15,9.299999999999999,9.45,9.6,9.75,9.9,10.049999999999999,10.2,10.35,10.5,10.65,10.799999999999999,10.95,11.1,11.25,11.4,11.549999999999999,11.7,11.85,12.0,12.15,12.299999999999999,12.45,12.6,12.75,12.9,13.049999999999999,13.2,13.35,13.5,13.65,13.799999999999999,13.95,14.1,14.25,14.399999999999999,14.549999999999999,14.7,14.85,15.0,15.149999999999999",2007R_GLUT1_647_WGA_594_0002.nd2,2007,M,R,5,False,4.178272980501393,False,"[12.61722377 12.81290622 13.06035283 13.14693593 13.49001857 13.92107707
 14.31917363 15.15807799 16.13393686 17.31824513 17.85492108 18.07613742
 18.29247911 18.2950325  18.31987001 18.41527391 18.34285051 18.51880223
 18.36281337 18.40761374 18.63138347 18.67455896 18.71355617 19.23166202
 19.56128134 19.77669452 19.9584494  20.29572888 20.64066852 20.43779016
 21.81012071 22.95032498 24.90970288 28.44568245 35.97632312 42.74001857
 45.59192201 47.29758589 51.66225627 51.16504178 60.98026927 65.69103993
 72.51090994 76.66272052 79.25487465 78.27390901 75.05176416 72.93570102
 70.0724234  69.45032498 68.46169916 67.10143918 65.73166202 64.10584958
 63.20264624 57.94359331 52.5264624  44.13741876 37.46030641 36.69289694
 33.1369545  31.41829155 27.69753946 24.80942433 23.52089136 22.07497679
 21.08704735 20.17177344 19.64554318 19.43012999 19.4814299  19.38091922
 19.10051068 18.74071495 18.89206128 18.52019499 18.37766945 18.19986072
 18.09935005 17.85909935 17.85190344 17.61443825 17.70821727 17.61583101
 17.50557103 17.79712163 17.60584958 17.38834726 17.44243268 17.31708449
 17.22284123 17.02692665 17.08356546 17.07613742 17.05710306 17.08077994
 17.23630455 16.72051996 16.681987   16.81940576 16.83426184 16.74489322]","[ 2.07451253  2.12093779  2.08286908  2.20961003  2.20821727  2.31476323
  2.35259981  2.42084494  2.60979573  2.97516249  3.43268338  3.71610956
  4.29340761  4.88347261  5.11629526  5.23932219  5.5494429   5.74303621
  6.70519963  7.46169916  9.33913649 11.39879294 12.9955896  13.83077994
 14.07358403 13.97051996 14.20102136 14.0856546  14.159935   14.12256267
 13.51299907 11.79572888 10.19730734  8.76555246  7.76671309  7.23723305
  6.91736305  6.75626741  6.37163417  6.51183844  5.45891365  4.98491179
  4.4735376   4.27901578  4.17827298  4.19684308  4.03203343  3.92270195
  3.97237697  4.00023213  4.06104921  3.90923863  3.93152275  4.01601671
  3.99001857  3.95241411  3.93964717  3.79294336  3.71332405  3.77228412
  3.71077066  3.85468895  3.75998143  3.70659239  3.68523677  3.73305478
  3.68732591  3.61768802  3.65389972  3.59377902  3.67061281  3.6448468
  3.58727948  3.60793872  3.5954039   3.62233055  3.58356546  3.63486537
  3.54990715  3.61815227  3.59772516  3.590065    3.63440111  3.54712163
  3.49373259  3.58890436  3.50092851  3.59238626  3.5415506   3.60283194
  3.53899721  3.56662024  3.57033426  3.55501393  3.50162488  3.51044568
  3.52599814  3.51485608  3.48862581  3.51880223  3.48909006  3.47957289]","[ 4.88347261  5.22121634  5.59586815  5.90831012  6.72864438  7.63997214
  8.39461467 11.26787372 16.71959146 31.53040854 44.1272052  46.6413649
 37.57869081 26.96843083 25.06708449 24.53830084 23.77994429 23.37325905
 23.00719591 22.93314763 22.52669452 22.20450325 21.73514392 21.34424327
 21.17061281 20.81012071 20.74860724 20.68361188 20.31592386 20.45659239
 19.95171773 19.77181987 19.58611885 19.38393686 19.22678737 18.58890436
 18.34029712 18.15970288 17.4593779  17.55176416 15.55060353 14.28087279
 12.46169916 10.96912721  9.84447539  9.2358403   8.59122563  8.4461467
  8.37975859  8.25998143  8.20334262  8.29874652  8.66318477  9.28806871
  9.63231198 10.74744661 11.60004643 12.7818013  14.00278552 14.03876509
 14.6731662  14.86699164 15.39461467 15.77901578 15.82428041 15.65877437
 15.20427112 14.80849582 14.03226555 13.87650882 14.02669452 13.80942433
 13.62093779 13.19916435 13.04201486 12.56383473 11.94893222 11.60793872
 10.94823584 10.72098422 10.18430826 10.09911792 10.10909935  9.86629526
  9.73885794  9.5044104   9.12395543  8.87441968  8.43895079  8.1095636
  7.80896007  7.57195915  7.4902507   7.28133705  7.36792015  7.03597957
  6.8365831   6.6590065   6.49651811  6.34911792  6.15714949  6.00394615]","[0.5141597  0.59610028 0.64275766 0.74001857 0.92432683 1.09145775
 1.24535747 1.79921077 2.80942433 5.36327762 7.29480037 7.89972145
 7.3047818  6.38115135 6.12836583 6.15111421 6.02437326 6.02831941
 5.82822656 5.7181987  5.46239554 5.07056639 4.7544104  4.47168059
 4.30779944 4.10259981 4.03876509 3.99512535 3.93477252 3.96959146
 3.9417363  3.909935   3.99048282 4.03830084 4.17177344 4.19312906
 4.17780873 4.20241411 4.12790158 4.10747447 3.82010214 3.57567317
 3.17827298 2.77785515 2.45148561 2.24164345 2.03389044 1.97585887
 1.83263695 1.84935005 1.81197772 1.78946147 1.79665738 1.840065
 1.86258124 1.99675023 2.09935005 2.24048282 2.36861653 2.39345404
 2.42989786 2.44034355 2.45194986 2.54201486 2.49721448 2.47191272
 2.34424327 2.28830084 2.1634169  2.1404364  2.15041783 2.14902507
 2.11768802 2.06708449 2.00394615 1.97423398 1.85747447 1.77715877
 1.72098422 1.636026   1.57404828 1.51183844 1.5176416  1.51462396
 1.48259053 1.42711235 1.41272052 1.3409935  1.2950325  1.20961003
 1.1854689  1.1325441  1.14066852 1.06592386 1.08519034 1.0273909
 0.99883937 0.9770195  0.93477252 0.90854225 0.86768802 0.86049211]",80
78,"0.0,0.15,0.3,0.44999999999999996,0.6,0.75,0.8999999999999999,1.05,1.2,1.3499999999999999,1.5,1.65,1.7999999999999998,1.95,2.1,2.25,2.4,2.55,2.6999999999999997,2.85,3.0,3.15,3.3,3.4499999999999997,3.5999999999999996,3.75,3.9,4.05,4.2,4.35,4.5,4.6499999999999995,4.8,4.95,5.1,5.25,5.3999999999999995,5.55,5.7,5.85,6.0,6.1499999999999995,6.3,6.45,6.6,6.75,6.8999999999999995,7.05,7.199999999999999,7.35,7.5,7.6499999999999995,7.8,7.949999999999999,8.1,8.25,8.4,8.549999999999999,8.7,8.85,9.0,9.15,9.299999999999999,9.45,9.6,9.75,9.9,10.049999999999999,10.2,10.35,10.5,10.65,10.799999999999999,10.95,11.1,11.25,11.4,11.549999999999999,11.7,11.85,12.0,12.15,12.299999999999999,12.45,12.6,12.75,12.9,13.049999999999999,13.2,13.35,13.5,13.65,13.799999999999999,13.95,14.1,14.25,14.399999999999999,14.549999999999999,14.7,14.85,15.0,15.149999999999999",2007R_GLUT1_647_WGA_594_0002.nd2,2007,M,R,5,True,92.04239917269906,False,"[13.21716649 13.59720786 13.89331265 14.12478456 14.65770424 15.17252671
 15.60496381 16.71923475 18.11013444 20.30506722 22.17580145 24.09393313
 27.39900034 31.61702861 33.19596691 33.8024819  35.2175112  36.0079283
 39.28679766 41.5396415  45.37883488 50.41847639 55.0196484  58.86642537
 61.42037229 64.88348845 66.07342296 66.68459152 69.26973457 69.43071355
 71.05360221 71.721303   70.47500862 68.04463978 62.95691141 58.94346777
 57.05067218 56.76921751 53.69924164 54.32092382 48.32471562 45.51499483
 40.57928301 35.34608756 29.66321958 25.72768011 22.83316098 22.14753533
 21.42261289 20.94208893 20.44519131 19.81351258 19.48500517 18.77714581
 18.64270941 18.199414   17.98207515 17.97983454 17.64563943 17.71423647
 17.54653568 17.66063426 17.68028266 17.4188211  17.41520165 17.31092727
 17.28783178 17.25249914 17.16149604 17.06480524 16.98621165 17.02930024
 16.98104102 17.20096518 17.15149948 17.0317132  17.00396415 16.8576353
 17.01568425 16.82471562 16.91399517 16.69906929 16.85453292 16.9327818
 16.71871768 16.86987246 16.74853499 16.68855567 16.50051706 16.75439504
 16.73233368 16.69700103 16.7054464  16.61599448 16.74819028 16.9131334
 16.55049983 16.51758014 16.61892451 16.49724233 16.56015167 16.53929679]","[ 3.04498449  3.27335402  3.47138918  3.73474664  4.07290589  4.33764219
  4.53274733  5.09393313  6.0041365   7.44760427  9.29800069 11.21596001
 15.90193037 22.67562909 25.67545674 27.07204412 30.00068942 32.38624612
 39.63908997 44.66856256 53.19924164 61.62202689 69.01654602 74.54239917
 77.61289211 82.29558773 84.14770769 84.97776629 87.88883144 88.36470183
 89.81730438 92.04239917 92.12633575 91.91640814 91.92226818 91.45742847
 91.82971389 91.6401241  91.27714581 91.29489831 90.58238538 90.03498794
 87.6144433  84.37883488 80.48448811 75.13891761 66.89279559 61.5966908
 56.29093416 52.46983799 49.04808687 41.52723199 34.24284729 24.68528094
 20.97138918 14.81058256 11.8262668   9.63219579  8.43743537  8.38383316
  7.98983109  7.69131334  7.21113409  6.77300931  6.59203723  6.4369183
  6.46190969  6.56601172  6.61599448  6.442606    6.41382282  6.47259566
  6.39262323  6.01620131  5.86677008  5.46552913  5.0377456   4.80386074
  4.4369183   4.31471906  4.12443985  4.05274043  4.13960703  3.96087556
  3.99551879  3.93140296  3.87831782  3.88452258  3.84677697  3.8338504
  3.82919683  3.83074802  3.82971389  3.87090658  3.83540159  3.94605309
  3.97655981  4.0079283   4.02998966  4.09720786  4.03981386  3.96242675]","[ 4.74457084  5.10634264  5.49500172  5.88710789  6.77576698  7.86866598
  8.65356774 11.36108239 15.87314719 25.53395381 34.30885901 38.16683902
 35.61151327 29.39365736 27.21923475 26.50896243 25.07945536 23.96656325
 21.64736298 20.41072044 18.73129955 17.30868666 16.0139607  15.01378835
 14.36022061 13.3972768  13.00137883 12.70716994 11.91020338 11.96190969
 11.06790762 10.36435712  9.99689762  9.83660807  9.86039297  9.96139262
 10.17045846 10.0808342  10.49638056 10.32902447 11.03912444 11.37986901
 12.01154774 12.89365736 14.20079283 15.5947949  17.20406756 18.03395381
 18.58531541 18.83402275 18.98896932 19.07342296 19.04463978 18.74594967
 18.55963461 17.67063082 16.82799035 15.67924853 14.74646674 14.69131334
 14.23922785 13.89555326 13.41675284 12.75370562 12.35522234 11.7964495
 11.19320924 10.67235436 10.02826612  9.89331265  9.96001379  9.91020338
  9.69855222  9.38245433  9.30110307  9.01327129  8.70785936  8.52499138
  8.2231989   8.01671837  7.80868666  7.73888314  7.70837642  7.51085832
  7.49896587  7.34729404  7.11616684  6.99879352  6.78800414  6.65184419
  6.48310927  6.34470872  6.29558773  6.18286798  6.10944502  5.9841434
  5.89072734  5.75766977  5.67890383  5.55653223  5.46794209  5.37176836]","[0.44381248 0.54722509 0.62185453 0.68648742 0.89572561 1.08721131
 1.23940021 1.71492589 2.44208893 3.94002068 5.09324371 5.64529473
 5.84332989 5.48293692 5.32747329 5.26749397 5.15201655 5.0789383
 4.78128232 4.62340572 4.36728714 4.09686315 3.92502585 3.77766287
 3.66356429 3.45863495 3.34867287 3.30730782 3.05997932 3.06066873
 2.77283695 2.51361599 2.33643571 2.17562909 2.1144433  2.11116856
 2.14167528 2.13529817 2.17045846 2.15770424 2.29524302 2.38796967
 2.63995174 2.92795588 3.31971734 3.62668046 3.79489831 3.73267839
 3.68752154 3.65804895 3.56756291 3.52223371 3.36332299 3.1008273
 2.98241986 2.79524302 2.59255429 2.40072389 2.27369872 2.26404688
 2.20682523 2.15667011 2.07118235 2.00241296 1.94639779 1.88503964
 1.80954843 1.7095829  1.61702861 1.58221303 1.60858325 1.59255429
 1.59686315 1.54688039 1.50637711 1.4584626  1.38831437 1.34022751
 1.27886936 1.24405377 1.18097208 1.12512927 1.13150638 1.14977594
 1.10996208 1.05825577 1.02964495 1.01292658 0.97104447 0.95415374
 0.89779386 0.89658738 0.88659083 0.84091693 0.86056532 0.8221303
 0.8002413  0.75715271 0.7371596  0.73664254 0.70682523 0.69338159]",81
79,"0.0,0.15,0.3,0.44999999999999996,0.6,0.75,0.8999999999999999,1.05,1.2,1.3499999999999999,1.5,1.65,1.7999999999999998,1.95,2.1,2.25,2.4,2.55,2.6999999999999997,2.85,3.0,3.15,3.3,3.4499999999999997,3.5999999999999996,3.75,3.9,4.05,4.2,4.35,4.5,4.6499999999999995,4.8,4.95,5.1,5.25,5.3999999999999995,5.55,5.7,5.85,6.0,6.1499999999999995,6.3,6.45,6.6,6.75,6.8999999999999995,7.05,7.199999999999999,7.35,7.5,7.6499999999999995,7.8,7.949999999999999,8.1,8.25,8.4,8.549999999999999,8.7,8.85,9.0,9.15,9.299999999999999,9.45,9.6,9.75,9.9,10.049999999999999,10.2,10.35,10.5,10.65,10.799999999999999,10.95,11.1,11.25,11.4,11.549999999999999,11.7,11.85,12.0,12.15,12.299999999999999,12.45,12.6,12.75,12.9,13.049999999999999,13.2,13.35,13.5,13.65,13.799999999999999,13.95,14.1,14.25,14.399999999999999,14.549999999999999,14.7,14.85,15.0,15.149999999999999",2007R_GLUT1_647_WGA_594_0002.nd2,2007,M,R,5,False,12.578474903474904,False,"[12.66341699 12.74054054 12.88957529 13.0746139  13.24942085 13.44478764
 13.68349421 14.32335907 15.16312741 16.44025097 17.11428571 17.49140927
 17.78667954 17.89662162 18.06689189 18.19285714 18.13050193 18.29353282
 18.22432432 18.31042471 18.62355212 18.82876448 19.31138996 19.8277027
 20.15569498 21.1953668  21.59295367 21.78976834 23.33030888 23.19633205
 24.99401544 27.66187259 30.1707529  32.73166023 35.75984556 37.9984556
 38.89015444 39.17287645 40.81341699 40.47287645 43.26225869 44.11303089
 44.71911197 44.25945946 42.8284749  41.27895753 39.48185328 38.3542471
 37.13455598 35.84739382 34.90279923 32.75617761 30.01303089 26.98803089
 26.1046332  24.7273166  24.68137066 24.74430502 24.6972973  24.77557915
 24.51013514 24.68252896 24.71583012 24.58571429 24.41805019 24.14835907
 23.79218147 23.43069498 22.91428571 22.71727799 22.64903475 22.76824324
 22.62123552 22.39218147 22.22210425 22.05656371 21.81032819 21.65791506
 21.42133205 21.1957529  20.97104247 20.79160232 20.92027027 20.58021236
 20.62722008 20.52065637 20.23359073 20.10984556 20.1480695  19.98735521
 19.81245174 19.55279923 19.61052124 19.30434363 19.10656371 18.86689189
 18.45279923 18.03783784 17.65936293 17.50019305 17.31640927 17.01428571]","[ 1.99266409  2.02277992  2.05617761  2.13841699  2.13600386  2.23272201
  2.26669884  2.35202703  2.57596525  2.92673745  3.40598456  3.71100386
  4.31003861  4.99797297  5.3542471   5.51920849  5.90048263  6.21718147
  7.27027027  7.98532819  9.34411197 10.22065637 10.80415058 11.09565637
 11.26177606 11.30859073 11.37683398 11.53638996 11.51920849 11.43175676
 11.79980695 12.36447876 12.72528958 13.36824324 13.74478764 13.62683398
 13.39189189 13.40559846 13.2030888  13.16534749 12.92200772 12.71052124
 12.5784749  12.43465251 12.35501931 12.20173745 11.87702703 11.45627413
 11.18851351 11.00357143 10.6034749  10.08214286  9.38156371  8.32432432
  7.89990347  7.03774131  6.45559846  5.90907336  5.47403475  5.37760618
  5.18484556  5.07094595  4.83610039  4.58310811  4.49971042  4.29787645
  4.07934363  3.97316602  3.84189189  3.7773166   3.84874517  3.81602317
  3.73137066  3.66013514  3.66370656  3.60955598  3.56756757  3.54874517
  3.50897683  3.58445946  3.56476834  3.52393822  3.5726834   3.53243243
  3.53359073  3.56496139  3.51110039  3.52171815  3.55579151  3.50009653
  3.50974903  3.52876448  3.5503861   3.51447876  3.52905405  3.5780888
  3.59971042  3.71389961  3.75395753  3.96534749  4.29739382  4.61081081]","[ 4.80183398  5.1523166   5.50878378  5.8453668   6.60588803  7.47046332
  8.15482625 10.84333977 15.8957529  29.42277992 41.60704633 45.08310811
 37.8507722  27.4757722  25.26669884 24.51322394 23.41428571 22.94227799
 22.17471042 22.13841699 22.2019305  22.20550193 22.18137066 22.25415058
 22.06303089 21.86920849 21.84826255 21.76544402 21.30444015 21.35598456
 20.7527027  19.99025097 19.30376448 18.33832046 17.11361004 16.2015444
 15.81554054 15.55637066 14.82055985 14.9280888  13.29971042 12.50627413
 11.58223938 11.11998069 11.0257722  11.23330116 11.6980695  11.94777992
 12.21264479 12.38465251 12.50839768 13.08030888 13.77528958 14.57403475
 14.75067568 15.01554054 14.96148649 14.53909266 14.00588803 13.94816602
 13.578861   13.3284749  12.78629344 12.29276062 12.01882239 11.63243243
 11.02084942 10.53011583  9.94025097  9.72374517  9.88272201  9.75897683
  9.56814672  9.23967181  9.16998069  8.81187259  8.44382239  8.23600386
  7.93233591  7.79671815  7.58127413  7.5488417   7.49720077  7.39054054
  7.36013514  7.28339768  7.07046332  6.9465251   6.78021236  6.58600386
  6.42992278  6.31573359  6.22480695  6.15656371  6.13426641  6.01679537
  5.9030888   5.77944015  5.69131274  5.60868726  5.5234556   5.4222973 ]","[0.4753861  0.57818533 0.63030888 0.71679537 0.91554054 1.0784749
 1.20550193 1.74362934 2.66660232 4.89227799 6.69092664 7.30830116
 6.83581081 5.9769305  5.81418919 5.7226834  5.63851351 5.55704633
 5.44459459 5.29150579 5.08629344 4.85009653 4.71196911 4.6030888
 4.53301158 4.44990347 4.43696911 4.42123552 4.29131274 4.27567568
 4.13378378 3.91303089 3.6765444  3.4265444  3.11351351 2.92258687
 2.88783784 2.83976834 2.71698842 2.71650579 2.48407336 2.35868726
 2.19990347 2.09083012 2.01563707 1.98069498 2.01737452 2.03011583
 2.05482625 2.07818533 2.0957529  2.18262548 2.31071429 2.42866795
 2.49054054 2.53947876 2.51534749 2.41293436 2.3030888  2.30222008
 2.22442085 2.16303089 2.0784749  1.94604247 1.89710425 1.78889961
 1.67915058 1.60299228 1.4957529  1.47055985 1.49102317 1.4730695
 1.44025097 1.39430502 1.36341699 1.30888031 1.24362934 1.20820463
 1.18638996 1.14681467 1.10569498 1.09189189 1.09256757 1.08233591
 1.06525097 1.04749035 1.03445946 1.00299228 0.94835907 0.91003861
 0.88204633 0.87326255 0.86727799 0.82625483 0.83281853 0.81071429
 0.80222008 0.75994208 0.73542471 0.75434363 0.71708494 0.7046332 ]",83
80,"0.0,0.15,0.3,0.44999999999999996,0.6,0.75,0.8999999999999999,1.05,1.2,1.3499999999999999,1.5,1.65,1.7999999999999998,1.95,2.1,2.25,2.4,2.55,2.6999999999999997,2.85,3.0,3.15,3.3,3.4499999999999997,3.5999999999999996,3.75,3.9,4.05,4.2,4.35,4.5,4.6499999999999995,4.8,4.95,5.1,5.25,5.3999999999999995,5.55,5.7,5.85,6.0,6.1499999999999995,6.3,6.45,6.6,6.75,6.8999999999999995,7.05,7.199999999999999,7.35,7.5,7.6499999999999995,7.8,7.949999999999999,8.1,8.25,8.4,8.549999999999999,8.7,8.85,9.0,9.15,9.299999999999999,9.45,9.6,9.75,9.9,10.049999999999999,10.2,10.35,10.5,10.65,10.799999999999999,10.95,11.1,11.25,11.4,11.549999999999999,11.7,11.85,12.0,12.15,12.299999999999999,12.45,12.6,12.75,12.9,13.049999999999999,13.2,13.35,13.5,13.65,13.799999999999999,13.95,14.1,14.25,14.399999999999999,14.549999999999999,14.7,14.85,15.0,15.149999999999999",2007R_GLUT1_647_WGA_594_0002.nd2,2007,M,R,5,False,3.105250245338567,False,"[12.82409225 13.16879293 13.32703631 13.2779686  13.84249264 13.88886163
 14.35770363 15.23209028 16.0375368  17.33979392 18.13199215 18.28066732
 18.83660451 19.4249264  19.5095682  19.38935231 19.63027478 19.83316977
 20.23110893 20.4752208  21.12708538 22.16118744 23.73159961 25.41241413
 26.99018646 29.61997056 30.83071639 31.80691855 35.62217861 35.00269872
 40.64892051 46.80912659 52.43498528 59.44872424 67.16069676 71.07139352
 72.65112856 73.40677134 75.54342493 75.35451423 78.68351325 78.70829244
 80.50809617 81.30814524 81.49582924 81.09690873 76.19921492 73.047105
 68.65063788 65.94823356 63.48846909 57.57531894 51.33856722 42.40309127
 38.73675172 30.66290481 27.00147203 23.80569185 21.97497547 22.07998037
 21.39916585 21.13469087 20.28042198 19.7404318  19.40039254 19.08734053
 18.98110893 18.62634936 18.25049068 18.45829244 18.2328263  18.31599607
 18.15947007 18.109421   17.95240432 17.70682041 17.72154073 17.34126595
 17.50907753 17.58488714 17.19872424 17.17909715 17.36653582 17.30323847
 17.19430815 17.16069676 16.9560844  17.15971541 17.18866536 17.16388616
 17.14106968 17.05053974 17.17517174 16.94479882 16.7639843  16.99337586
 16.78164868 16.91462218 16.73699706 17.07605496 16.95264966 16.75809617]","[ 1.97374877  1.98478901  2.01545633  2.13370952  2.09739941  2.14769382
  2.1844946   2.31648675  2.48748773  2.86285574  3.2404318   3.64205103
  4.32458292  5.11972522  5.48994112  5.59936212  6.04931305  6.32041217
  7.312316    8.11874387  9.37904809 10.34249264 10.77404318 11.01005888
 10.82531894 10.50564279 10.37070658 10.42198234 10.06526006  9.87512267
  9.0095682   7.50073602  6.31648675  5.19676153  4.28459274  3.99852797
  3.82752699  3.81133464  3.69038273  3.66511286  3.35770363  3.38027478
  3.17737978  3.01545633  3.10525025  3.0794897   3.05029441  3.07899902
  3.15701668  3.18473994  3.22473013  3.30544652  3.4452895   3.51422964
  3.53827282  3.52060844  3.57433759  3.51447498  3.59494603  3.56967615
  3.52993131  3.48895976  3.54170756  3.47129539  3.51987242  3.49263984
  3.39941119  3.41339549  3.5063788   3.46589794  3.37414132  3.40529931
  3.4141315   3.43719333  3.40971541  3.37487733  3.39303238  3.38714426
  3.42836114  3.40971541  3.45976447  3.43645731  3.49460255  3.43056919
  3.42541708  3.41977429  3.39474975  3.49705594  3.42787046  3.40677134
  3.45657507  3.437684    3.47129539  3.49656526  3.46663395  3.49165849
  3.51128557  3.59003925  3.65407262  3.75417076  3.87782139  3.93694799]","[ 4.71074583  5.04048086  5.38321884  5.75147203  6.58537782  7.55937193
  8.32556428 11.03017664 15.53974485 25.82384691 34.67590775 37.48307164
 33.12463199 26.27845927 24.41584887 23.98724239 22.73478901 22.06256133
 20.77944063 20.39278705 20.11825319 19.73945044 19.71786065 19.56329735
 19.39793916 19.20461237 19.18400393 18.96074583 18.48135427 18.44774289
 17.42419038 15.62708538 14.15750736 12.67468106 11.39229637 10.63076546
 10.24754661 10.16511286  9.82139352  9.89793916  9.18375859  8.91560353
  8.60009814  8.44995093  8.22595682  8.08366045  8.11359176  8.23478901
  8.55961727  8.73135427  8.96516192  9.71859666 10.79097154 12.58096173
 13.28655545 14.68694799 15.39401374 15.43694799 15.43204122 15.33709519
 15.17124632 14.98797841 14.58562316 14.10794897 13.71050049 13.1469578
 12.32556428 11.70387635 10.94357213 10.78091266 10.87880275 10.76496565
 10.54882237 10.10451423 10.03557409  9.61138371  9.0986261   8.89548577
  8.55176644  8.27526987  7.99582924  7.93277723  7.9001472   7.7747792
  7.69553484  7.55127576  7.30176644  7.12733072  6.86310108  6.72939156
  6.60377821  6.51202159  6.44651619  6.36727184  6.32335623  6.1609421
  6.02870461  5.93596663  5.77576055  5.73577036  5.61187439  5.48797841]","[0.42566241 0.50981354 0.61089303 0.67762512 0.85745829 1.04268891
 1.18056919 1.70510304 2.40947007 4.00981354 5.21540726 5.72055937
 5.60009814 5.02158979 4.86947988 4.81697743 4.69406281 4.64671246
 4.53778214 4.50564279 4.38886163 4.2767419  4.20314033 4.13002944
 4.04268891 3.99607458 3.94896958 3.90799804 3.83488714 3.8314524
 3.65996075 3.44160942 3.22595682 3.00785083 2.76373896 2.63788027
 2.54882237 2.52600589 2.43989205 2.48086359 2.27428852 2.19332679
 2.11849853 2.03802748 1.96933268 1.85696762 1.82728165 1.76521099
 1.79121688 1.80814524 1.84421001 1.89671246 2.04367026 2.19332679
 2.25662414 2.39229637 2.38567223 2.36089303 2.30569185 2.28876349
 2.22718351 2.2156526  2.18375859 2.0794897  2.04244357 1.93940137
 1.83832188 1.71589794 1.61162905 1.61629048 1.59739941 1.58464181
 1.58047105 1.52845927 1.48380765 1.40848871 1.33807655 1.30078508
 1.26226693 1.23405299 1.15554465 1.12266928 1.14842983 1.109421
 1.09617272 1.08341511 1.07065751 1.0547105  0.99460255 0.99214917
 0.9389107  0.93302257 0.94136408 0.88002944 0.91265947 0.88150147
 0.84347399 0.81894014 0.77870461 0.76938175 0.73895976 0.73135427]",84
81,"0.0,0.15,0.3,0.44999999999999996,0.6,0.75,0.8999999999999999,1.05,1.2,1.3499999999999999,1.5,1.65,1.7999999999999998,1.95,2.1,2.25,2.4,2.55,2.6999999999999997,2.85,3.0,3.15,3.3,3.4499999999999997,3.5999999999999996,3.75,3.9,4.05,4.2,4.35,4.5,4.6499999999999995,4.8,4.95,5.1,5.25,5.3999999999999995,5.55,5.7,5.85,6.0,6.1499999999999995,6.3,6.45,6.6,6.75,6.8999999999999995,7.05,7.199999999999999,7.35,7.5,7.6499999999999995,7.8,7.949999999999999,8.1,8.25,8.4,8.549999999999999,8.7,8.85,9.0,9.15,9.299999999999999,9.45,9.6,9.75,9.9,10.049999999999999,10.2,10.35,10.5,10.65,10.799999999999999,10.95,11.1,11.25,11.4,11.549999999999999,11.7,11.85,12.0,12.15,12.299999999999999,12.45,12.6,12.75,12.9,13.049999999999999,13.2,13.35,13.5,13.65,13.799999999999999,13.95,14.1,14.25,14.399999999999999,14.549999999999999,14.7,14.85,15.0,15.149999999999999",2007R_GLUT1_647_WGA_594_0002.nd2,2007,M,R,5,False,4.613978494623656,False,"[12.85376344 13.04014337 13.31326165 13.35663082 13.54695341 13.90286738
 14.41648746 15.0734767  16.07706093 17.04910394 17.90071685 18.40752688
 18.45734767 18.86845878 19.02329749 19.06021505 19.38566308 19.35878136
 19.63548387 20.07956989 20.76738351 21.95949821 24.23154122 25.39354839
 26.86129032 29.42078853 30.82043011 31.28602151 34.27455197 35.15770609
 39.12222222 45.28924731 49.65591398 54.71039427 58.22007168 59.39175627
 59.7046595  59.22688172 58.99498208 59.02616487 56.24767025 54.60573477
 51.3218638  47.79390681 43.34946237 39.92544803 35.92078853 33.95483871
 31.00896057 29.77383513 27.86989247 25.34587814 23.1562724  21.11899642
 20.40286738 19.54193548 19.13978495 18.75734767 18.23799283 18.1609319
 18.39641577 18.15340502 18.08530466 17.87096774 17.82293907 17.90681004
 17.53225806 17.5078853  17.18566308 17.41612903 17.19677419 17.49283154
 17.43261649 17.24444444 17.39139785 17.16523297 17.06021505 17.10716846
 16.86344086 16.81469534 16.93548387 16.790681   16.6483871  16.91111111
 16.83691756 16.74229391 16.60537634 16.92903226 16.61863799 16.64516129
 16.88207885 16.48673835 16.59283154 16.45376344 16.35949821 16.52939068
 16.56702509 16.19247312 16.67526882 16.55197133 16.4562724  16.64408602]","[ 1.94193548  2.02759857  2.00143369  2.07706093  2.07240143  2.15376344
  2.22293907  2.3297491   2.60537634  3.09856631  3.61756272  4.09390681
  5.15017921  6.42508961  6.88637993  7.22114695  7.9655914   7.96594982
  9.08028674  9.74408602  9.95232975  9.98422939 10.05878136 10.55053763
 10.98566308 11.42616487 11.45053763 11.26272401 11.2078853  11.29283154
 10.80716846  9.43942652  7.8562724   6.35985663  5.41541219  5.04767025
  4.96272401  4.87670251  4.61397849  4.6516129   4.47096774  4.3953405
  4.34480287  4.35053763  4.30896057  4.36415771  4.44444444  4.35304659
  4.3516129   4.28602151  4.28064516  4.06236559  3.95340502  3.85878136
  3.72544803  3.61182796  3.59103943  3.57741935  3.63584229  3.61541219
  3.57562724  3.61792115  3.58351254  3.6702509   3.68853047  3.76057348
  3.82903226  3.9218638   3.95985663  3.87275986  3.84121864  3.87921147
  3.77275986  3.80107527  3.77598566  3.82078853  3.83010753  3.85483871
  3.74121864  3.64516129  3.63942652  3.64874552  3.59569892  3.67849462
  3.55197133  3.58064516  3.51111111  3.59641577  3.68172043  3.74157706
  3.75698925  3.74623656  3.73333333  3.75591398  3.60143369  3.66523297
  3.62831541  3.64408602  3.65949821  3.79569892  3.87598566  3.90143369]","[ 4.93476703  5.3874552   5.72222222  6.09677419  6.92365591  7.96236559
  8.86738351 12.05698925 17.57491039 34.98781362 47.86021505 51.0078853
 44.03512545 36.44659498 34.50143369 33.52616487 32.39498208 32.02365591
 29.3172043  27.81756272 25.4172043  23.49283154 22.37562724 21.77491039
 21.21433692 20.16523297 19.82222222 19.71218638 18.74802867 18.64301075
 17.54516129 15.74802867 14.48028674 12.80860215 11.09677419 10.31326165
  9.90645161  9.71182796  9.36236559  9.46236559  9.12939068  9.23512545
  9.94193548 10.94551971 12.25483871 13.72580645 14.92939068 15.18351254
 15.57060932 15.68853047 15.96379928 16.57275986 17.32867384 18.08207885
 18.22078853 17.94587814 17.21326165 16.30143369 15.29426523 15.20179211
 14.7344086  14.34695341 13.59677419 13.         12.55985663 12.14659498
 11.47921147 10.73476703 10.20896057  9.98996416 10.09928315 10.00250896
  9.82007168  9.49354839  9.31075269  9.0437276   8.73799283  8.54982079
  8.17096774  7.94946237  7.74301075  7.6702509   7.53261649  7.43620072
  7.36523297  7.2516129   7.03476703  6.88207885  6.67383513  6.42616487
  6.35376344  6.21648746  6.2483871   6.07741935  6.04623656  5.93189964
  5.88673835  5.75949821  5.72616487  5.61397849  5.53727599  5.43297491]","[0.57383513 0.66415771 0.75985663 0.86021505 1.09032258 1.30501792
 1.48064516 2.16774194 3.15591398 6.22939068 8.42544803 9.21111111
 9.47491039 9.45734767 9.39784946 9.29641577 9.05842294 8.98064516
 8.10143369 7.52616487 6.59713262 5.92329749 5.4734767  5.18136201
 5.0311828  4.72258065 4.74121864 4.71756272 4.47491039 4.42724014
 4.25448029 3.94874552 3.7437276  3.38064516 3.08817204 2.99283154
 2.89283154 2.87096774 2.82043011 2.82258065 2.9125448  3.03584229
 3.25842294 3.45017921 3.68817204 3.94874552 4.15698925 4.24157706
 4.21111111 4.24014337 4.23691756 4.03870968 3.89139785 3.59713262
 3.45698925 3.14193548 2.90896057 2.60967742 2.38387097 2.4218638
 2.31182796 2.23620072 2.11756272 1.98243728 1.87060932 1.80967742
 1.72544803 1.63261649 1.57383513 1.5734767  1.55053763 1.53870968
 1.51290323 1.4609319  1.41505376 1.39390681 1.29318996 1.2046595
 1.17956989 1.15197133 1.10286738 1.0734767  1.10824373 1.09964158
 1.09139785 1.0311828  1.02759857 0.96774194 0.93333333 0.91326165
 0.86917563 0.90394265 0.87885305 0.84157706 0.83405018 0.82724014
 0.81111111 0.76272401 0.78996416 0.74623656 0.73620072 0.69749104]",85
82,"0.0,0.15,0.3,0.44999999999999996,0.6,0.75,0.8999999999999999,1.05,1.2,1.3499999999999999,1.5,1.65,1.7999999999999998,1.95,2.1,2.25,2.4,2.55,2.6999999999999997,2.85,3.0,3.15,3.3,3.4499999999999997,3.5999999999999996,3.75,3.9,4.05,4.2,4.35,4.5,4.6499999999999995,4.8,4.95,5.1,5.25,5.3999999999999995,5.55,5.7,5.85,6.0,6.1499999999999995,6.3,6.45,6.6,6.75,6.8999999999999995,7.05,7.199999999999999,7.35,7.5,7.6499999999999995,7.8,7.949999999999999,8.1,8.25,8.4,8.549999999999999,8.7,8.85,9.0,9.15,9.299999999999999,9.45,9.6,9.75,9.9,10.049999999999999,10.2,10.35,10.5,10.65,10.799999999999999,10.95,11.1,11.25,11.4,11.549999999999999,11.7,11.85,12.0,12.15,12.299999999999999,12.45,12.6,12.75,12.9,13.049999999999999,13.2,13.35,13.5,13.65,13.799999999999999,13.95,14.1,14.25,14.399999999999999,14.549999999999999,14.7,14.85,15.0,15.149999999999999",2007R_GLUT1_647_WGA_594_0002.nd2,2007,M,R,5,True,88.88603473227207,False,"[13.3093343  13.7038712  14.11667873 14.63223589 15.70350941 16.64833575
 18.10691027 21.52007959 24.49565847 25.6510492  24.58990593 23.66027496
 21.625      20.9869754  20.83031838 20.85293054 20.64887844 20.39218524
 20.24891462 20.38241679 20.68270622 21.27894356 22.15593343 23.2695369
 23.85998553 25.43740955 26.1313314  26.55372648 27.6184877  28.0723589
 30.14924023 32.91570188 35.74638205 39.21002171 43.68379161 46.93469609
 48.36414616 49.04052098 51.74638205 50.72702605 56.47141823 59.20622287
 63.19301737 66.14254703 68.02134588 68.71653401 67.50578871 65.47738784
 62.59768452 60.51230101 58.42926918 53.51121563 48.58230825 41.34280029
 37.87735166 30.22214182 26.13042692 22.8684877  21.58158466 21.32977569
 20.86034732 20.45097685 19.94446454 19.49149783 19.27315485 19.06946454
 18.60039797 18.15900868 18.16009407 18.08158466 18.08719247 17.88748191
 18.08285094 17.927822   17.75235166 17.70640376 17.66515919 17.53346599
 17.60365412 17.22051375 17.49439219 17.10962373 17.20170043 17.18288712
 17.07308249 17.0853835  17.15267728 16.97503618 17.13675832 17.0396165
 16.87952243 16.80716353 16.80390738 16.73281476 16.77948625 16.81277135
 16.7632055  16.61324168 16.82272069 16.70477569 16.43759045 16.67275687]","[ 2.44500724  2.53147612  2.57344428  2.68686686  2.77134588  2.88494935
  2.96400145  3.14381331  3.47051375  3.95839363  4.56295224  4.98570912
  5.50036179  6.0459479   6.32308249  6.47720695  6.69772069  6.80698263
  7.63494935  8.41696816 10.15195369 12.86613603 15.95314761 19.14109986
 21.67637482 25.44337916 27.24077424 27.77930535 31.08592619 31.63856729
 35.21201158 39.65611433 43.39417511 47.83122287 53.07814761 56.71761939
 58.10926194 59.04974674 62.08646889 61.11505065 67.99240232 71.69536903
 77.54793777 82.64869754 86.68288712 88.88603473 88.16877713 86.34931259
 84.88766281 83.70206223 81.84641823 78.60057887 73.29703329 64.65086831
 60.05318379 47.79811867 38.8945369  29.25759768 23.11505065 22.87916064
 20.17981187 18.56765557 16.09370478 13.75361795 12.5989508  11.28672214
  9.68740955  8.87771346  7.91063676  7.57688133  7.54739508  7.62771346
  7.34515195  6.80643994  6.58031838  6.12554269  5.70839363  5.48100579
  5.2172576   5.02767728  4.90629522  4.73227207  4.81259045  4.69464544
  4.65068741  4.50904486  4.46128799  4.29504342  4.28798842  4.19337916
  4.11505065  4.20495658  4.17257598  4.10492041  4.12047757  4.0065123
  4.02007959  3.96164978  3.9077424   3.90340087  3.9343343   3.99059334]","[ 4.91027496  5.26609986  5.60781476  5.96942836  6.71002171  7.64761216
  8.29992764 11.01935601 15.75904486 30.80137482 44.65611433 49.92420405
 45.39399421 35.9142547  32.58393632 31.02387844 28.85564399 28.03057164
 24.64308973 23.45025326 21.81313314 21.0392547  21.0133864  21.25886397
 21.47304631 22.09497106 22.19337916 22.12626628 22.10274964 22.13277858
 21.54829957 20.35781476 19.38115051 18.35871925 17.46309696 16.95007236
 16.64815485 16.67275687 16.24891462 16.22467438 15.61324168 15.17872648
 14.34533285 13.48842258 12.48154848 11.71219247 11.17691751 11.08972504
 11.14634588 11.22557887 11.33285094 11.93903763 12.6183068  13.947178
 14.5128437  15.95604197 16.50271346 16.69428365 16.48552822 16.41172214
 16.16642547 16.02930535 15.53816932 15.00235166 14.68053546 14.10455861
 13.2831042  12.49095514 11.79902315 11.61306078 11.75162808 11.5461288
 11.4012301  10.98118669 10.89308973 10.4737699  10.10166425  9.81150507
  9.28346599  8.97069465  8.61396527  8.43831404  8.46201158  8.31367583
  8.21418234  7.97793054  7.74095514  7.63368307  7.28835022  7.10799566
  6.93143994  6.74294501  6.70893632  6.62789436  6.5654848   6.39924023
  6.28599855  6.16841534  6.04413893  5.94247467  5.86649783  5.69934877]","[ 0.55987699  0.6910275   0.76845152  0.85853835  1.10293054  1.3286903
  1.52188857  2.21363965  3.42872648  6.7760492   9.56096237 10.58429812
  9.93505789  8.22196093  7.53020984  7.2102026   6.723589    6.57127352
  5.7431259   5.54196816  5.24041245  5.05770622  5.09822721  5.2105644
  5.27966715  5.44681621  5.55209841  5.49855282  5.50325615  5.46888567
  5.29124457  5.00235166  4.79269175  4.59587554  4.38947178  4.35437771
  4.3093343   4.30101302  4.28418958  4.28798842  4.33248915  4.31277135
  4.32760492  4.35057887  4.09623734  3.76555716  3.46092619  3.4142547
  3.36342258  3.34298119  3.32109262  3.41751085  3.39815485  3.43614327
  3.49728654  3.56675109  3.46309696  3.34678003  3.14037627  3.12463821
  2.99674385  2.96345876  2.77206946  2.59280029  2.49511577  2.37264834
  2.20115774  2.04829957  1.90991317  1.88386397  1.87897974  1.88368307
  1.82796671  1.75958755  1.73209117  1.66787265  1.5589725   1.51700434
  1.47901592  1.39417511  1.29775687  1.28907381  1.30047033  1.27026049
  1.25832127  1.21798119  1.18596237  1.14381331  1.11143271  1.12120116
  1.03183792  1.02279305  1.02387844  0.96888567  0.97141823  0.94989146
  0.91172214  0.89236614  0.86975398  0.89001447  0.8352026   0.8089725 ]",86
83,"0.0,0.15,0.3,0.44999999999999996,0.6,0.75,0.8999999999999999,1.05,1.2,1.3499999999999999,1.5,1.65,1.7999999999999998,1.95,2.1,2.25,2.4,2.55,2.6999999999999997,2.85,3.0,3.15,3.3,3.4499999999999997,3.5999999999999996,3.75,3.9,4.05,4.2,4.35,4.5,4.6499999999999995,4.8,4.95,5.1,5.25,5.3999999999999995,5.55,5.7,5.85,6.0,6.1499999999999995,6.3,6.45,6.6,6.75,6.8999999999999995,7.05,7.199999999999999,7.35,7.5,7.6499999999999995,7.8,7.949999999999999,8.1,8.25,8.4,8.549999999999999,8.7,8.85,9.0,9.15,9.299999999999999,9.45,9.6,9.75,9.9,10.049999999999999,10.2,10.35,10.5,10.65,10.799999999999999,10.95,11.1,11.25,11.4,11.549999999999999,11.7,11.85,12.0,12.15,12.299999999999999,12.45,12.6,12.75,12.9,13.049999999999999,13.2,13.35,13.5,13.65,13.799999999999999,13.95,14.1,14.25,14.399999999999999,14.549999999999999,14.7,14.85,15.0,15.149999999999999",2007R_GLUT1_647_WGA_594_0002.nd2,2007,M,R,5,False,2.6585453242565387,False,"[ 15.24364027  16.31064135  17.2350412   17.83912576  20.03869581
  22.08599068  23.50627015  27.91185955  33.26907918  44.90612684
  56.30920817  68.47366535  87.12182014 104.61232533 111.3790756
 114.06664278 119.14152633 122.58939448 131.77642422 136.91974203
 143.04765317 145.76531709 144.4772483  141.99964171 139.13830168
 134.47330706 131.70189896 130.54317449 122.89143676 122.86062343
 112.99785023  98.63812254  86.20601935  72.77463275  59.10963812
  52.50161233  49.74238624  49.76567539  44.89967753  46.06091007
  40.52131852  37.50483698  34.15406664  31.56467216  28.72088857
  26.13686851  23.3335722   22.44106055  21.83984235  21.31744894
  21.1766392   20.39484056  19.71838051  19.2551057   19.18093873
  18.84521677  18.72912934  18.5034038   18.65102114  18.64134719
  18.3006091   18.04227875  18.07631673  18.00071659  18.08921534
  17.83769258  17.75349337  17.81404515  17.75420996  17.43568613
  17.65747044  17.58688642  17.87925475  17.48692225  17.78573988
  17.22429237  17.49301326  17.63167324  17.14295951  17.29201003
  17.66069509  17.56753852  17.575421    17.54568255  17.5557148
  17.42565389  17.08348262  17.45288427  17.12110355  16.99032605
  17.22070942  16.88176281  16.94231458  17.19527051  16.91257614
  16.72697958  16.81225367  16.86098173  16.98495163  16.97671086
  16.91436761  16.75958438]","[1.81117879 1.84557506 1.83052669 1.86993909 1.87316374 1.90254389
 1.94016482 1.97061985 2.13615192 2.37011824 2.62450735 2.74131136
 2.96990326 2.97312791 2.90397707 2.90684343 2.85023289 2.85704049
 2.77355786 2.73414547 2.74310283 2.67216052 2.68219276 2.65854532
 2.71121462 2.68075958 2.68792547 2.75635973 2.74059477 2.71838051
 2.75206019 2.93049086 3.02257255 3.12182014 3.1701899  3.23289144
 3.26872089 3.30490863 3.36438552 3.31959871 3.42565389 3.57828735
 3.6341813  3.70691508 3.86743103 3.85274095 3.70440702 3.72984593
 3.67251881 3.66212827 3.60265138 3.64134719 3.45933357 3.55822286
 3.51845217 3.46184163 3.41741311 3.40738087 3.4313866  3.42314583
 3.46506628 3.39161591 3.34217126 3.37477607 3.41418846 3.40773916
 3.33106413 3.39089932 3.50053744 3.4052311  3.32748119 3.39555715
 3.33572196 3.41669652 3.31458259 3.39125761 3.31243282 3.37083483
 3.34145468 3.37979219 3.36151917 3.46829094 3.43532784 3.41956288
 3.39949839 3.5424579  3.47259047 3.529201   3.55643139 3.55069867
 3.56323898 3.58581154 3.58222859 3.64743819 3.56431387 3.70046578
 3.79290577 3.78502329 3.81547832 3.97921892 4.01218201 4.06091007]","[ 4.74274454  5.06162666  5.41956288  5.76316732  6.60014332  7.56467216
  8.29272662 11.1178789  16.08599068 29.19562881 40.03618775 43.30813329
 37.22572555 27.86241491 25.01397349 23.77678252 21.60085991 20.53780007
 17.3006091  15.68434253 13.36080258 11.59226084 10.54209961 10.00859907
  9.79971336  9.75313508  9.77534934  9.90075242 10.10068076 10.22608384
 10.85453243 11.81798638 12.76173415 13.91866714 15.60085991 16.44715156
 16.81906127 16.83160158 17.44070226 17.2809029  18.42099606 19.27875314
 20.48548907 21.22644214 21.61626657 21.88427087 21.8495163  21.70906485
 21.62128269 21.43102831 21.24435686 20.56467216 20.07488355 19.33787173
 19.06664278 18.35256181 17.77642422 16.79147259 15.93837334 15.98351845
 15.43461125 15.18022214 14.43246148 13.93407381 13.50447868 13.01576496
 12.41275528 11.90612684 11.20673594 11.02651379 11.05266929 10.95736295
 10.80723755 10.46219993 10.28842709  9.88355428  9.39340738  9.20566105
  8.7061985   8.29451809  8.08849875  7.93192404  7.93837334  7.70906485
  7.69329989  7.55929774  7.28878538  7.25223934  6.99390899  6.84414188
  6.7058402   6.58007882  6.5424579   6.43926908  6.34288785  6.22608384
  6.04801147  5.94159799  5.83124328  5.74596919  5.69473307  5.57470441]","[0.51415263 0.59011107 0.68111788 0.73701182 0.98244357 1.15299176
 1.33428879 1.94338947 2.88677893 5.2353995  7.04836976 7.70834826
 7.44356861 6.50877822 6.23468291 6.11178789 5.87423862 5.7581512
 5.35471157 5.23683268 4.90361877 4.61805804 4.42708707 4.26477965
 4.1762809  4.27122895 4.21784307 4.24220709 4.35041204 4.25152275
 4.32568972 4.3790756  4.45969187 4.48190613 4.5163024  4.4116804
 4.35865281 4.43855249 4.39591544 4.3135077  4.33787173 4.30132569
 4.3923325  4.32604801 4.26012182 4.13185238 4.06807596 3.947689
 4.01146542 3.92762451 3.84844142 3.67717664 3.51594411 3.35220351
 3.23324973 3.00071659 2.85775708 2.7187388  2.58652813 2.54998209
 2.53636689 2.52239341 2.42565389 2.35005374 2.2350412  2.17054819
 2.02436403 1.89967753 1.76388391 1.73342888 1.74776066 1.75349337
 1.75635973 1.7058402  1.62952347 1.59190254 1.47617341 1.41705482
 1.36761018 1.31852383 1.25976353 1.2482981  1.25295593 1.22106772
 1.20422788 1.18487997 1.18882121 1.0913651  1.06986743 1.05696883
 1.00788248 1.00501612 0.96381225 0.90684343 0.94303117 0.90039412
 0.87710498 0.81512003 0.80257972 0.8172698  0.79541383 0.74991043]",87
84,"0.0,0.15,0.3,0.44999999999999996,0.6,0.75,0.8999999999999999,1.05,1.2,1.3499999999999999,1.5,1.65,1.7999999999999998,1.95,2.1,2.25,2.4,2.55,2.6999999999999997,2.85,3.0,3.15,3.3,3.4499999999999997,3.5999999999999996,3.75,3.9,4.05,4.2,4.35,4.5,4.6499999999999995,4.8,4.95,5.1,5.25,5.3999999999999995,5.55,5.7,5.85,6.0,6.1499999999999995,6.3,6.45,6.6,6.75,6.8999999999999995,7.05,7.199999999999999,7.35,7.5,7.6499999999999995,7.8,7.949999999999999,8.1,8.25,8.4,8.549999999999999,8.7,8.85,9.0,9.15,9.299999999999999,9.45,9.6,9.75,9.9,10.049999999999999,10.2,10.35,10.5,10.65,10.799999999999999,10.95,11.1,11.25,11.4,11.549999999999999,11.7,11.85,12.0,12.15,12.299999999999999,12.45,12.6,12.75,12.9,13.049999999999999,13.2,13.35,13.5,13.65,13.799999999999999,13.95,14.1,14.25,14.399999999999999,14.549999999999999,14.7,14.85,15.0,15.149999999999999",2007R_GLUT1_647_WGA_594_0002.nd2,2007,M,R,5,False,3.9927494199535962,False,"[12.91647332 13.20954176 13.46534223 13.51885151 14.07685615 14.46476218
 14.81844548 15.86963457 16.94852088 18.28639791 19.45968677 20.20780162
 21.64530162 23.37775522 24.00493039 24.28436775 25.38863109 25.40472738
 27.94953596 29.90864269 32.80394432 36.72578306 40.37920534 43.07366589
 45.36020882 48.47636311 49.524942   49.90762761 52.29480858 52.43677494
 54.69547564 56.78770302 58.37790023 59.33918213 59.3111949  58.81569026
 58.24912993 57.77146172 56.50957077 57.00290023 53.83613689 51.50464037
 47.32729118 43.8111949  40.22636311 36.76595128 32.91241299 30.54567865
 28.56888051 27.2312935  25.49883991 23.35556845 21.85687355 20.35643852
 19.94069026 18.94924594 18.78393271 18.39457657 18.3062645  18.24898492
 18.16603828 18.02668213 17.74564965 17.74100928 17.44692575 17.40675754
 17.60919374 17.41067285 17.34396752 17.33236659 17.35469838 17.38283063
 17.24260441 17.3425174  17.19649072 17.18764501 17.14240139 17.3262761
 17.25536543 17.19663573 16.95316125 17.0800464  17.06409513 17.1136891
 17.06975058 17.12209977 17.18779002 16.95533643 16.93184455 16.95606148
 16.81540023 16.90139211 16.81859049 16.65617749 16.73680394 16.62064965
 16.61832947 16.77059165 16.63834107 16.64269142 16.45954176 16.62064965]","[1.97911833 2.01551624 2.03335267 2.0600348  2.0849768  2.11687935
 2.19344548 2.22447796 2.45301624 2.80756961 3.22070766 3.57076566
 4.1861949  4.89936195 5.08265661 5.3149652  5.5424884  5.66734339
 6.11354408 6.53103248 6.97302784 7.16183295 7.03567285 6.75580046
 6.39979698 5.86296404 5.63051044 5.53987819 5.0611949  5.01696636
 4.57366589 4.24361949 4.14240139 3.99274942 3.86919954 3.76174594
 3.7787123  3.7613109  3.78683295 3.77827726 3.76305104 3.62906032
 3.62021462 3.60440835 3.63573086 3.66342807 3.72868329 3.77392691
 3.8062645  3.89356148 3.96882251 4.08860209 4.31177494 4.25913573
 4.28117749 4.16241299 3.95954176 3.77552204 3.64965197 3.72172274
 3.63413573 3.64443155 3.5187065  3.5162413  3.524942   3.5762761
 3.49637471 3.59889791 3.53741299 3.52856729 3.53842807 3.56888051
 3.51189095 3.56786543 3.53045244 3.52885731 3.49071926 3.49274942
 3.50014501 3.52581206 3.50696056 3.52030162 3.52291183 3.4824536
 3.47955336 3.52668213 3.47679814 3.59947796 3.50855568 3.58642691
 3.57845128 3.64109629 3.66516821 3.75072506 3.75362529 3.82787123
 3.89225638 3.87412993 3.82047564 3.89515661 4.00087007 4.15704756]","[ 4.77320186  5.16777842  5.487529    5.90951276  6.76566125  7.84759281
  8.67241879 11.64588167 16.22520302 27.6875     36.55350928 39.44286543
 36.10310325 30.73071346 29.02305684 28.17053364 27.0900522  26.59512761
 24.57134571 23.68575986 22.55930974 21.32395592 20.08265661 19.1875
 18.41226798 17.06989559 16.57163573 16.3011891  15.112529   14.92227378
 13.63138051 12.03828306 11.17691415 10.34730278  9.87848028  9.70345128
  9.67256381  9.64776682  9.61136891  9.60527842  9.7386891   9.85034803
 10.27117169 10.79016821 11.63587587 12.52914733 13.37833527 13.73462877
 14.09643271 14.33845708 14.59338747 15.14530162 15.67285383 16.63486079
 17.03842807 17.61948956 17.48419374 16.65965777 15.88993619 15.85948376
 15.47389791 15.13761601 14.6062935  14.20055104 13.68895012 13.3225058
 12.5949826  11.9361949  11.33918213 11.18387471 11.29292343 11.19895592
 10.98651392 10.57178074 10.50145012 10.13471578  9.72201276  9.48738399
  9.06191995  8.85208817  8.59237239  8.46113689  8.5037703   8.29741879
  8.23854408  8.10397332  7.88703596  7.69634571  7.4274942   7.12267981
  6.98781903  6.78291763  6.74361949  6.61600928  6.58193155  6.40037703
  6.29263341  6.13239559  6.03146752  5.91908353  5.80959977  5.65646752]","[0.47578306 0.5812065  0.66458817 0.75493039 0.97853828 1.15864269
 1.34570766 1.89834687 2.69446056 4.56786543 5.86542923 6.47114269
 6.61325406 6.42981439 6.33381671 6.29973898 6.20954176 6.19634571
 6.10469838 6.02842227 5.97041763 5.78088747 5.60774362 5.38573086
 5.28581787 4.97824826 4.88776102 4.82859629 4.53596288 4.47534803
 4.10585847 3.68387471 3.39660673 3.07395592 2.8149652  2.71911253
 2.64109629 2.5912123  2.55321926 2.52697216 2.47708817 2.46070186
 2.46360209 2.48839907 2.61571926 2.6875     2.76928654 2.79886891
 2.82714617 2.8024942  2.85310325 2.87093968 2.86774942 2.90922274
 2.88689095 2.84295244 2.76102088 2.60339327 2.44025522 2.46316705
 2.38239559 2.36223898 2.28610789 2.16183295 2.14298144 2.07178074
 1.96490719 1.82410093 1.7613109  1.74231439 1.73027842 1.7137471
 1.72143271 1.66893852 1.63950116 1.60948376 1.52987239 1.49883991
 1.44344548 1.35962877 1.31090487 1.28262761 1.31888051 1.25319026
 1.24057425 1.21316705 1.16545824 1.14182135 1.08541183 1.05814965
 1.01682135 1.01058585 0.99521462 0.93764501 0.95113109 0.9274942
 0.89269142 0.85571346 0.8300464  0.81714037 0.77479698 0.75797564]",88
85,"0.0,0.15,0.3,0.44999999999999996,0.6,0.75,0.8999999999999999,1.05,1.2,1.3499999999999999,1.5,1.65,1.7999999999999998,1.95,2.1,2.25,2.4,2.55,2.6999999999999997,2.85,3.0,3.15,3.3,3.4499999999999997,3.5999999999999996,3.75,3.9,4.05,4.2,4.35,4.5,4.6499999999999995,4.8,4.95,5.1,5.25,5.3999999999999995,5.55,5.7,5.85,6.0,6.1499999999999995,6.3,6.45,6.6,6.75,6.8999999999999995,7.05,7.199999999999999,7.35,7.5,7.6499999999999995,7.8,7.949999999999999,8.1,8.25,8.4,8.549999999999999,8.7,8.85,9.0,9.15,9.299999999999999,9.45,9.6,9.75,9.9,10.049999999999999,10.2,10.35,10.5,10.65,10.799999999999999,10.95,11.1,11.25,11.4,11.549999999999999,11.7,11.85,12.0,12.15,12.299999999999999,12.45,12.6,12.75,12.9,13.049999999999999,13.2,13.35,13.5,13.65,13.799999999999999,13.95,14.1,14.25,14.399999999999999,14.549999999999999,14.7,14.85,15.0,15.149999999999999",2007R_GLUT1_647_WGA_594_0002.nd2,2007,M,R,5,False,3.94686928702011,False,"[12.74508684 12.89213894 13.0161106  13.35329068 13.6696755  14.25251371
 14.67515996 15.97931901 17.04730347 18.02182358 18.36688757 18.37180073
 18.35169104 18.37819927 18.2106947  18.28302102 18.19252742 18.27285192
 18.32141225 18.4077925  18.56581353 18.68909963 19.0166819  19.26211152
 19.40516453 19.88973949 20.2375457  20.52239488 21.03576325 21.45715265
 22.36631627 25.75856947 29.09460695 34.71035192 40.78827697 44.06078611
 45.22017824 45.84369287 48.33192413 47.78804845 51.20555302 52.76085466
 54.64716636 55.86917276 55.94572669 54.75159963 51.91419104 49.81489945
 47.5226234  45.61677331 43.82803931 39.51062614 35.03999086 29.14910878
 26.80792962 22.94618373 21.27993601 20.13962523 19.63471207 19.58420932
 19.34175046 19.00137112 18.81615631 18.65642139 18.30164534 18.37134369
 18.04696069 17.77045247 17.7845064  17.76039762 17.67493144 17.48526051
 17.61585923 17.51519653 17.51473949 17.4940585  17.59940585 17.37854205
 17.32472578 17.25194241 17.23377514 17.15013711 17.07072669 17.20109689
 17.22017824 17.13162706 17.08889397 17.01793876 16.86300274 16.93224406
 16.92116088 16.95943784 16.86928702 16.83066728 16.93395795 16.88996801
 16.79787477 16.64670932 16.76428245 16.58489488 16.65790676 16.63448355]","[ 2.01313985  2.0678702   2.07598263  2.14019653  2.2036106   2.26039762
  2.28427788  2.3970521   2.68761426  3.148766    3.70978062  4.06078611
  4.88322669  5.85763254  6.18258684  6.5786106   6.93738574  7.37088665
  8.61277422  9.5613574  11.1464808  12.4089351  13.05267367 13.45383912
 13.57941042 13.50022852 13.48446069 13.45143967 13.12739945 13.0172532
 12.47611974 12.15059415 11.76176874 11.11140311  9.65744973  8.6827011
  8.36014625  8.09712066  7.44504113  7.58489488  6.50319927  5.82392596
  4.98548903  4.44641225  3.94686929  3.66807587  3.56467093  3.52879342
  3.53850548  3.52445155  3.47611974  3.55050274  3.59277879  3.71023766
  3.65996344  3.64316728  3.62271481  3.58843693  3.62922761  3.6320841
  3.5636426   3.57826782  3.54136197  3.5047989   3.51428245  3.4934872
  3.50194241  3.48857404  3.45680987  3.44446984  3.44801188  3.50079982
  3.46263711  3.45555302  3.46709324  3.46275137  3.4779479   3.46869287
  3.47909049  3.47760512  3.53542048  3.52490859  3.56741316  3.52113803
  3.51085466  3.51325411  3.57815356  3.59083638  3.64979433  3.60923218
  3.61780165  3.66921846  3.63402651  3.63425503  3.62705667  3.64910878
  3.76234004  3.85191956  3.85100548  4.07541133  4.24485832  4.51336837]","[ 4.99074497  5.45029707  5.80575868  6.17378885  7.00251371  8.02182358
  8.87842779 12.00468464 17.52627971 34.76085466 48.12237203 51.15379342
 44.19264168 35.77787934 33.91750457 32.84689214 32.14533821 31.48446069
 30.26382541 29.42927331 27.68384369 26.04364717 24.99782907 24.48731718
 23.96160878 23.30690128 23.0808958  22.97577697 22.42641682 22.38025594
 21.95441042 21.55975777 21.28542048 20.70852377 19.47417733 18.44561243
 17.976234   17.57118373 16.71218007 16.8761426  14.93315814 13.88951097
 12.70383912 11.79547532 11.03667733 10.71023766 10.82335466 11.02639397
 11.40927788 11.63414077 11.91076325 12.69332724 13.675617   15.15059415
 15.73560329 16.99108775 17.48537477 17.77422303 17.83946527 17.77593693
 17.61071755 17.42801645 17.02982176 16.39465265 15.99554388 15.42881627
 14.49428702 13.77925046 12.90562157 12.68555759 12.81170018 12.65619287
 12.50388483 11.94115631 11.78370658 11.25445612 10.79296161 10.52707952
 10.00776965  9.70760969  9.40664991  9.20429616  9.22531993  9.0161106
  8.92893053  8.68361517  8.37762797  8.2839351   7.83500914  7.56524223
  7.39510969  7.18350091  7.09003656  6.95315356  6.91396252  6.70840951
  6.60728976  6.43110146  6.30884369  6.19686929  6.04821755  5.86803016]","[0.50856947 0.62317185 0.6934415  0.79353291 0.96937843 1.17710238
 1.32952468 1.92310329 2.92527422 5.80153108 7.91453382 8.57826782
 8.31101463 7.62819927 7.48091865 7.33843693 7.30838665 7.20178245
 6.97074954 6.79033364 6.42058958 5.96035192 5.62568556 5.29878885
 5.07849634 4.82986746 4.75091408 4.70555302 4.5327925  4.42344607
 4.30838665 4.16647623 4.10843236 4.05735832 3.87157221 3.67698812
 3.60363346 3.51828154 3.31627057 3.37694241 2.97097806 2.79284735
 2.56661335 2.37431444 2.18624314 2.08078154 2.08340951 2.12111517
 2.15253656 2.1922989  2.23880256 2.37134369 2.48960238 2.70155393
 2.79159049 2.86083181 2.88654022 2.82369744 2.74817185 2.76313985
 2.6696755  2.67527422 2.57118373 2.48171846 2.41441956 2.34140768
 2.1976691  2.05335923 1.93727148 1.89499543 1.92653108 1.89213894
 1.88128428 1.79147623 1.74965722 1.68132998 1.61391682 1.56170018
 1.49188757 1.49782907 1.39385283 1.37545704 1.41898995 1.37534278
 1.35043419 1.30804388 1.28039305 1.23548903 1.17550274 1.12340037
 1.07106947 1.07746801 1.05073126 1.00856947 1.00422761 0.98377514
 0.94001371 0.9035649  0.89728062 0.86974406 0.83672303 0.79958867]",89
86,"0.0,0.15,0.3,0.44999999999999996,0.6,0.75,0.8999999999999999,1.05,1.2,1.3499999999999999,1.5,1.65,1.7999999999999998,1.95,2.1,2.25,2.4,2.55,2.6999999999999997,2.85,3.0,3.15,3.3,3.4499999999999997,3.5999999999999996,3.75,3.9,4.05,4.2,4.35,4.5,4.6499999999999995,4.8,4.95,5.1,5.25,5.3999999999999995,5.55,5.7,5.85,6.0,6.1499999999999995,6.3,6.45,6.6,6.75,6.8999999999999995,7.05,7.199999999999999,7.35,7.5,7.6499999999999995,7.8,7.949999999999999,8.1,8.25,8.4,8.549999999999999,8.7,8.85,9.0,9.15,9.299999999999999,9.45,9.6,9.75,9.9,10.049999999999999,10.2,10.35,10.5,10.65,10.799999999999999,10.95,11.1,11.25,11.4,11.549999999999999,11.7,11.85,12.0,12.15,12.299999999999999,12.45,12.6,12.75,12.9,13.049999999999999,13.2,13.35,13.5,13.65,13.799999999999999,13.95,14.1,14.25,14.399999999999999,14.549999999999999,14.7,14.85,15.0,15.149999999999999",2007R_GLUT1_647_WGA_594_0002.nd2,2007,M,R,5,False,4.202994751466502,False,"[12.9660389  13.34949058 13.39672738 13.69404137 14.08088916 14.53380673
 14.84995369 15.90583513 16.85983328 18.49428836 19.43084285 19.79700525
 20.97514665 22.4394875  23.25470824 23.82124112 24.24884224 24.86199444
 27.15189873 28.55557271 31.41247299 34.13553566 36.65838222 38.59833282
 40.54569312 43.33004014 45.1255017  45.73849954 49.15714727 49.39472059
 53.55001544 58.16502007 61.05850571 64.1072862  66.90768756 67.14279098
 66.70515591 66.60404446 65.68678605 65.6776783  61.23958012 57.42821859
 52.8164557  48.1284347  42.86014202 37.84532263 32.72136462 30.46449521
 28.3956468  27.08953381 25.73386848 23.89101575 22.16162396 20.7539364
 20.21627045 19.55248533 18.92821859 18.70438407 18.421272   18.39688175
 18.29468972 18.24081507 17.9188021  18.11562211 17.8272615  17.72970052
 17.60821241 17.43300401 17.57162705 17.51373881 17.39672738 17.47823402
 17.43516517 17.30564989 17.36446434 17.23494906 17.28388391 17.29021303
 17.30256252 17.20268601 17.115159   17.01945045 17.12287743 17.20392096
 17.04569312 17.11546774 17.02253782 17.03874653 17.04507564 17.05202223
 16.87619636 16.86245755 16.69651127 16.71194813 16.88792837 16.95940105
 16.7618092  16.85288669 16.89873418 16.70438407 16.87372646 16.72213646]","[1.9138623  1.95770299 1.93809818 2.03056499 2.02778635 2.11917258
 2.13831429 2.24498302 2.45245446 2.91772152 3.42405063 3.79067613
 4.62148811 5.5944736  5.77014511 6.09833282 6.37588762 6.59046002
 7.27446743 7.86508182 8.34285273 8.66702686 8.18045693 8.00571164
 7.91370793 7.81028095 7.78758876 7.75301019 7.54353195 7.56668725
 7.06112998 6.05418339 5.40043223 4.84393331 4.36384687 4.20299475
 4.16116085 4.11685705 4.05372028 4.04939796 3.90027786 3.82170423
 3.74513739 3.79901204 3.72198209 3.80209941 3.85813523 3.86261192
 3.87557888 3.88005557 3.88314295 3.90568077 3.82787897 3.8902439
 3.83559741 3.72584131 3.69296079 3.654523   3.62828033 3.66548317
 3.53720284 3.61546774 3.51404755 3.46511269 3.4709787  3.45862921
 3.39641865 3.42991664 3.42080889 3.35937018 3.40784193 3.40460019
 3.38159926 3.37912936 3.37310898 3.36955851 3.3981167  3.38113615
 3.36863229 3.38623032 3.43408459 3.41355357 3.46727385 3.40197592
 3.36307502 3.41031182 3.44180303 3.45646805 3.47452918 3.4975301
 3.53920963 3.59431923 3.5654523  3.60404446 3.59925903 3.71858598
 3.71287434 3.7829577  3.85304106 4.07919111 4.21688793 4.33189256]","[ 4.90583513  5.37280025  5.6934239   6.13692498  7.06962025  8.19898117
  9.17860451 12.57456005 17.74405681 31.87743131 42.10682309 45.00478543
 41.13754245 35.25316456 33.41432541 32.39904291 31.27107132 30.5782649
 28.0629824  26.84100031 24.7170423  22.66162396 20.82062365 19.65560358
 18.74590923 17.69620253 17.29916641 16.99552331 16.0944736  15.94056808
 14.70577339 13.08829886 11.9478234  10.89147885 10.05588144  9.7721519
  9.67304724  9.6023464   9.55541834  9.54847175  9.55032417  9.7199753
 10.12735412 10.68014819 11.65050942 12.88036431 14.6806113  15.55186786
 16.35736338 16.91756715 17.21287434 17.89333128 18.57841927 19.22151899
 19.43130596 19.75007718 19.733251   19.24868787 18.64695894 18.5443038
 18.11932695 17.8636925  17.18400741 16.49722136 15.99799321 15.39688175
 14.39333128 13.51698055 12.61083668 12.37372646 12.50154369 12.35690028
 12.21302871 11.62457549 11.49397962 10.98533498 10.49073788 10.19496758
  9.71534424  9.45538747  9.0841309   8.8976536   8.90321087  8.69759185
  8.59292992  8.37341772  8.08737265  7.92698364  7.51790676  7.28125965
  7.14819389  6.92852732  6.84825563  6.7618092   6.72090151  6.48070392
  6.41370793  6.21688793  6.09632603  5.98363692  5.81799938  5.68585983]","[0.4921272  0.57656684 0.66579191 0.75563446 0.96789132 1.14618709
 1.33528867 1.93979623 2.82664403 4.94627972 6.44272924 6.98008645
 6.88329731 6.4867243  6.30256252 6.12812596 6.06637851 6.00617475
 5.65267058 5.48410003 5.08474838 4.71688793 4.33791294 4.04414943
 3.93439333 3.71858598 3.59864156 3.55958629 3.43130596 3.33636925
 3.20392096 2.94921272 2.80580426 2.62102501 2.46696511 2.40969435
 2.39950602 2.33590614 2.32077802 2.32401976 2.2564063  2.27415869
 2.35952454 2.47437481 2.6333745  2.82880519 3.05356592 3.17736956
 3.24004322 3.29978388 3.31583822 3.39919728 3.40784193 3.41741278
 3.38082742 3.34439642 3.1963569  3.01420191 2.8636925  2.85612843
 2.769682   2.77616548 2.64479778 2.52006792 2.4813214  2.37048472
 2.19033652 2.11685705 1.99907379 1.96634764 1.97916023 1.97545539
 1.94627972 1.85443038 1.81043532 1.74668107 1.67906761 1.59184934
 1.52423588 1.50617475 1.41926521 1.39117011 1.40830503 1.37897499
 1.32988577 1.26304415 1.25084903 1.17644335 1.12210559 1.08984254
 1.0551096  1.05372028 1.0368941  1.00108058 0.99552331 0.97159617
 0.93037975 0.90074097 0.87959247 0.86508182 0.83389935 0.80595863]",90
87,"0.0,0.15,0.3,0.44999999999999996,0.6,0.75,0.8999999999999999,1.05,1.2,1.3499999999999999,1.5,1.65,1.7999999999999998,1.95,2.1,2.25,2.4,2.55,2.6999999999999997,2.85,3.0,3.15,3.3,3.4499999999999997,3.5999999999999996,3.75,3.9,4.05,4.2,4.35,4.5,4.6499999999999995,4.8,4.95,5.1,5.25,5.3999999999999995,5.55,5.7,5.85,6.0,6.1499999999999995,6.3,6.45,6.6,6.75,6.8999999999999995,7.05,7.199999999999999,7.35,7.5,7.6499999999999995,7.8,7.949999999999999,8.1,8.25,8.4,8.549999999999999,8.7,8.85,9.0,9.15,9.299999999999999,9.45,9.6,9.75,9.9,10.049999999999999,10.2,10.35,10.5,10.65,10.799999999999999,10.95,11.1,11.25,11.4,11.549999999999999,11.7,11.85,12.0,12.15,12.299999999999999,12.45,12.6,12.75,12.9,13.049999999999999,13.2,13.35,13.5,13.65,13.799999999999999,13.95,14.1,14.25,14.399999999999999,14.549999999999999,14.7,14.85,15.0,15.149999999999999",2007R_GLUT1_647_WGA_594_0002.nd2,2007,M,R,5,False,5.070078857312899,False,"[13.2087487  13.63234638 13.81892576 14.1237911  14.7181967  15.42478798
 16.01279571 18.14238953 20.400982   22.47909537 22.42954917 22.06635917
 21.05564648 20.51510192 20.45543818 20.38402024 20.28879631 20.27257849
 20.17661062 20.40693349 20.86177652 21.85210534 23.05847344 24.13881863
 24.99211427 26.92917721 28.02306204 28.55825026 30.67117988 31.28448148
 34.69230769 39.94554382 44.74854932 50.9787234  57.96741556 61.17065913
 62.13941378 62.62356792 63.81416456 63.53384913 63.51807767 62.97068889
 60.88573129 58.08242821 54.00133909 49.71879185 45.4941229  43.11977384
 40.17631305 38.5341467  36.61211129 32.72236274 28.8596935  24.72206517
 23.22109805 21.1804791  20.0435947  19.41095075 18.72578485 18.78976343
 18.64841541 18.47091207 18.41362892 18.21737837 17.87323315 18.04493379
 17.70257402 17.58413926 17.44725487 17.47582205 17.32420771 17.48207112
 17.4469573  17.36824877 17.28998661 17.17765214 17.20726082 17.09447999
 16.92158905 16.8219015  16.82755542 16.94956108 16.87903586 16.85240292
 16.95372712 16.78812677 16.6238655  16.80449338 16.77726529 16.5671775
 16.82324059 16.58101473 16.67370927 16.49888409 16.54723999 16.55973813
 16.68323166 16.46540693 16.56271388 16.63606606 16.40782622 16.52670734]","[ 1.95923226  2.01547389  2.0165154   2.08094034  2.10950751  2.16441006
  2.21514656  2.32138075  2.60943312  3.07469127  3.61196251  4.09760452
  5.08986758  6.16991519  6.56613599  6.97961613  7.47269752  7.63249516
  8.57789019  9.08704062  9.3502455   9.45037941  9.55274513  9.8867728
 10.26588305 10.77250409 11.09567029 11.12066657 11.3914596  11.47507811
 11.49814016 10.35232852  9.0648713   7.6698408   6.41065318  5.86073501
  5.72042851  5.54723999  5.07007886  5.15711948  4.70718643  4.46570451
  4.36110698  4.28388633  4.19074542  4.20532659  4.216932    4.12274959
  4.13495016  4.14670436  4.08927243  3.97589644  4.00461241  3.90596637
  3.82413331  3.79318554  3.75435203  3.74185389  3.79898825  3.8419878
  3.75955959  3.75405446  3.81267669  3.74512721  3.75316173  3.75256658
  3.69781283  3.68784407  3.7170064   3.62684124  3.60973069  3.65987204
  3.61731885  3.64127362  3.57789019  3.6085404   3.63428061  3.66299658
  3.61464068  3.57922928  3.56821902  3.55393543  3.52060705  3.55750632
  3.53503943  3.50438923  3.53474185  3.62044339  3.70391311  3.85091504
  3.90611516  3.9787234   3.96890344  3.90224669  3.83633388  3.75613748
  3.73039726  3.6356197   3.68085106  3.74096117  3.79541735  3.85240292]","[ 4.91950603  5.33655706  5.70733522  6.04850469  6.88468978  7.8219015
  8.64424937 11.62550216 16.81937212 33.25665824 45.95700045 49.56286267
 44.16798096 36.76908198 34.8230918  33.58815652 32.44665972 31.74140753
 29.26186579 28.00818331 26.05460497 24.61836036 23.56554084 22.91087636
 22.36705847 21.48355899 21.18137182 21.03481625 20.38030055 20.28939146
 19.34607945 18.13361107 17.13361107 15.76372564 14.12661806 13.08971879
 12.69513465 12.34712096 11.57417051 11.81550365 10.65153995 10.22585925
 10.11337599 10.27228091 10.72504092 11.37434906 12.08079155 12.39324505
 12.9032882  13.07722065 13.43059069 14.10281208 14.84645142 15.88811189
 16.37836631 17.3172147  17.36780241 16.86415712 16.05549769 15.98541884
 15.47939295 15.14774587 14.37509299 13.6710311  13.14105044 12.64901056
 11.91295938 11.21484898 10.60898676 10.41541437 10.55140604 10.42761494
 10.2429698   9.83365571  9.7359024   9.41824133  9.05713436  8.82919208
  8.39071567  8.18033031  7.94286564  7.81475971  7.80374944  7.61821158
  7.57908049  7.39964291  7.17244458  7.01428359  6.78500223  6.59991073
  6.47909537  6.32450528  6.33268859  6.19327481  6.17705699  6.03764321
  5.98169915  5.84793929  5.82041363  5.69349799  5.61166493  5.47239994]","[ 0.61880673  0.73009969  0.82517483  0.93780687  1.17839607  1.40068442
  1.58771016  2.2652879   3.33164708  6.48058325  8.91162029  9.90194911
 10.53072459 10.56360661 10.45900908 10.38893022 10.24832614 10.07320339
  9.33670585  8.73411695  7.66597233  6.78916828  6.23999405  5.89480732
  5.69067103  5.36452909  5.29206963  5.22943014  4.98244309  4.90596637
  4.74200268  4.56732629  4.38193721  4.17110549  3.84868323  3.74587115
  3.61389674  3.57446809  3.45424788  3.48608838  3.337301    3.28076179
  3.27138819  3.32167832  3.44427913  3.53265883  3.66106234  3.75955959
  3.76313049  3.76893319  3.82502604  3.74869811  3.69513465  3.5836929
  3.57357536  3.3950305   3.15607796  2.83633388  2.57238506  2.60913555
  2.47135843  2.40053563  2.26588305  2.11411992  2.03823836  1.95506621
  1.82815057  1.72176759  1.61999702  1.61806279  1.61062342  1.59976194
  1.56643357  1.51554828  1.47492933  1.45171849  1.36571939  1.29028418
  1.24326737  1.22303229  1.1639637   1.13152805  1.17854486  1.13956257
  1.12289838  1.07484005  1.04523136  1.018896    0.96682041  0.95134653
  0.9257551   0.90522244  0.9032882   0.86177652  0.84898081  0.84049993
  0.82651391  0.77622378  0.77205773  0.75777414  0.73203392  0.69483708]",91
88,"0.0,0.15,0.3,0.44999999999999996,0.6,0.75,0.8999999999999999,1.05,1.2,1.3499999999999999,1.5,1.65,1.7999999999999998,1.95,2.1,2.25,2.4,2.55,2.6999999999999997,2.85,3.0,3.15,3.3,3.4499999999999997,3.5999999999999996,3.75,3.9,4.05,4.2,4.35,4.5,4.6499999999999995,4.8,4.95,5.1,5.25,5.3999999999999995,5.55,5.7,5.85,6.0,6.1499999999999995,6.3,6.45,6.6,6.75,6.8999999999999995,7.05,7.199999999999999,7.35,7.5,7.6499999999999995,7.8,7.949999999999999,8.1,8.25,8.4,8.549999999999999,8.7,8.85,9.0,9.15,9.299999999999999,9.45,9.6,9.75,9.9,10.049999999999999,10.2,10.35,10.5,10.65,10.799999999999999,10.95,11.1,11.25,11.4,11.549999999999999,11.7,11.85,12.0,12.15,12.299999999999999,12.45,12.6,12.75,12.9,13.049999999999999,13.2,13.35,13.5,13.65,13.799999999999999,13.95,14.1,14.25,14.399999999999999,14.549999999999999,14.7,14.85,15.0,15.149999999999999",2007R_GLUT1_647_WGA_594_0002.nd2,2007,M,R,5,False,4.2703895313451,False,"[13.0491479  13.20678637 13.51978089 13.67894096 14.2016129  14.70785149
 15.07638466 16.23980523 17.62568472 19.19370055 20.36716372 20.62431528
 21.65216068 22.77723676 23.43837492 24.00380402 24.53804017 24.9814364
 27.01202069 28.4144857  31.10742544 34.41052952 37.74634814 40.29032258
 42.42498478 45.44065733 47.17163725 47.59783932 50.22321972 50.64759586
 53.09723068 55.0839927  55.41220329 54.87827145 52.83140596 51.27404139
 50.35575167 49.80158247 48.44522215 48.57608034 45.8312538  44.23006695
 42.03438831 40.16646379 38.20739501 36.39592209 34.13542301 32.86305539
 31.55325624 30.38648813 29.1431832  26.3347535  23.7550213  21.26993305
 20.58216677 19.42635423 18.94096166 18.25882532 17.97519781 18.07425441
 17.90185636 17.87233719 17.56055995 17.49969568 17.38542301 17.19126598
 17.24604382 17.01019477 17.12933658 17.07668898 16.95328667 17.03880097
 16.81466829 16.97230676 16.80021302 16.78651856 16.73463177 16.83247109
 16.62857578 16.66250761 16.65870359 16.74345709 16.46287279 16.62096774
 16.50882532 16.65033475 16.5305843  16.40657334 16.40900791 16.58201461
 16.46424224 16.43883141 16.44491783 16.33992696 16.46956786 16.1474437
 16.51491175 16.40139988 16.19248326 16.1660073  16.27769324 16.1745283 ]","[1.90322581 1.92863664 1.90885575 1.95800365 1.98904443 2.00395618
 2.02982349 2.08810103 2.28301887 2.58536214 2.90018259 3.15413877
 3.48341449 3.7194157  3.74984784 3.83353621 3.86442483 3.902465
 4.03667072 4.14805234 4.32273281 4.48113208 4.46743761 4.55325624
 4.4415703  4.38070603 4.32471089 4.33323189 4.12279367 4.11640292
 4.03971394 4.11366403 4.27038953 4.30082167 4.08384054 3.91159464
 3.88496652 3.85909921 3.82242848 3.73311016 3.69780889 3.70176506
 3.71698113 3.72139379 3.74391357 3.81314668 3.72063299 3.75258673
 3.73311016 3.67422398 3.69704808 3.71637249 3.73524041 3.91935484
 3.94111382 4.22748022 4.3625989  4.27845405 4.13527085 4.22032867
 4.05066951 4.05751674 3.97595861 3.99543518 3.8924224  3.90079124
 3.79397444 3.69141814 3.60986001 3.56405965 3.57029823 3.57166768
 3.58855752 3.55006086 3.50213025 3.48934875 3.53454047 3.48463177
 3.50045648 3.5042605  3.53545344 3.55979915 3.55934267 3.54382228
 3.51171637 3.52845405 3.57592818 3.5847535  3.55006086 3.60057821
 3.60118685 3.68441875 3.60575167 3.69811321 3.6687462  3.73174072
 3.85392575 3.83429702 3.83186245 3.91052952 3.94765673 4.11351187]","[ 4.80401704  5.20724285  5.49589166  5.83505782  6.60149117  7.54153987
  8.36351187 11.25684723 16.2108947  31.96272063 44.30082167 46.89150943
 39.39957395 29.97093731 27.41068168 25.99786975 24.71424224 23.97382836
 22.29199635 21.7136336  20.85651248 19.98828363 19.03195374 18.32836275
 17.59844796 16.45039562 15.92620207 15.67787584 14.61838101 14.42209373
 13.21043822 12.07638466 11.29108338 10.50030432  9.91722459  9.61594644
  9.51475959  9.46165551  9.30188679  9.29625685  9.35423007  9.51065125
  9.88664029 10.45146074 11.47808886 12.52799757 13.7051126  14.16737675
 14.66326841 15.07075472 15.2008521  15.73660986 16.1787888  16.64881315
 16.84023128 17.00136945 16.90794279 16.44780889 15.74193548 15.69202678
 15.31588558 14.9380706  14.29853926 13.48934875 13.13679245 12.56010347
 11.83231893 11.24269629 10.5135423  10.32151552 10.49543518 10.28149726
 10.24300061  9.75197809  9.63283628  9.23402313  8.83277541  8.64363968
  8.22915399  8.07014607  7.81558125  7.6617468   7.65307365  7.55614729
  7.4237675   7.32912355  7.08886184  6.93974437  6.6873098   6.51369446
  6.4152465   6.30234327  6.30325624  6.18685332  6.15718198  6.01399878
  5.95815581  5.7813451   5.72063299  5.59357882  5.51628119  5.37948874]","[0.4736762  0.56086427 0.62568472 0.71211199 0.89942179 1.03819233
 1.26080341 1.81132075 2.72230676 5.22976263 6.910986   7.32181984
 6.8076689  5.94065733 5.741479   5.58307973 5.49893488 5.36412051
 5.26506391 5.14485697 4.89850883 4.54884358 4.16463786 3.85940353
 3.606056   3.24087036 3.06162508 3.05827754 2.7465003  2.69339623
 2.42285453 2.14774802 1.99558734 1.84723068 1.71743761 1.6737675
 1.68670116 1.62872794 1.63451004 1.61305539 1.60940353 1.64470481
 1.68396226 1.76369446 1.89379184 2.00760803 2.15003043 2.19339623
 2.22078515 2.27160682 2.26978089 2.33597079 2.37203287 2.43594035
 2.44111382 2.45115642 2.40885575 2.27951917 2.16433354 2.20222155
 2.1331406  2.08855752 2.02769324 1.95069994 1.88101035 1.80051735
 1.69324407 1.59388314 1.5100426  1.48782715 1.49878271 1.49528302
 1.48006695 1.41707243 1.35727328 1.32927572 1.25578211 1.19765673
 1.15261716 1.13998783 1.07988436 1.04367012 1.07912355 1.05158247
 1.0441266  0.99482654 0.98189288 0.94856969 0.90946439 0.89896531
 0.85377358 0.8668594  0.85940353 0.82775411 0.83216677 0.81740718
 0.79519172 0.75578211 0.74665247 0.7151552  0.70922094 0.68715764]",92
89,"0.0,0.15,0.3,0.44999999999999996,0.6,0.75,0.8999999999999999,1.05,1.2,1.3499999999999999,1.5,1.65,1.7999999999999998,1.95,2.1,2.25,2.4,2.55,2.6999999999999997,2.85,3.0,3.15,3.3,3.4499999999999997,3.5999999999999996,3.75,3.9,4.05,4.2,4.35,4.5,4.6499999999999995,4.8,4.95,5.1,5.25,5.3999999999999995,5.55,5.7,5.85,6.0,6.1499999999999995,6.3,6.45,6.6,6.75,6.8999999999999995,7.05,7.199999999999999,7.35,7.5,7.6499999999999995,7.8,7.949999999999999,8.1,8.25,8.4,8.549999999999999,8.7,8.85,9.0,9.15,9.299999999999999,9.45,9.6,9.75,9.9,10.049999999999999,10.2,10.35,10.5,10.65,10.799999999999999,10.95,11.1,11.25,11.4,11.549999999999999,11.7,11.85,12.0,12.15,12.299999999999999,12.45,12.6,12.75,12.9,13.049999999999999,13.2,13.35,13.5,13.65,13.799999999999999,13.95,14.1,14.25,14.399999999999999,14.549999999999999,14.7,14.85,15.0,15.149999999999999",2007R_GLUT1_647_WGA_594_0002.nd2,2007,M,R,5,False,2.9071373752877974,False,"[14.31600153 14.80679202 15.22870299 15.74846508 16.90886416 17.86838066
 18.8303914  21.64293937 24.8971604  30.3823868  34.20740599 36.00134305
 38.61128166 40.58729854 41.40617805 42.00460476 42.5990023  42.51765157
 44.26707598 44.85111282 46.30698388 47.86166539 49.91768995 51.34439754
 53.06868764 55.01880276 56.01208749 56.20376055 57.99424405 58.22640061
 59.93687644 62.03798926 61.92843438 61.13660783 59.36953185 57.30544896
 57.03223331 55.71162701 54.20970837 54.38910207 50.37605526 47.52724482
 44.15080583 40.80065234 36.28511128 32.07194935 27.83729854 25.80544896
 24.15732924 23.09804298 22.04585572 20.70702226 19.98695318 19.17651573
 18.71910975 18.02513431 17.72582502 17.45088258 17.04585572 17.24462778
 17.05890253 16.95107444 16.83998465 16.61415963 16.60686876 16.59478127
 16.54566385 16.46968534 16.34305449 16.25038373 16.37989256 16.37816577
 16.36722947 16.27475058 16.14428243 16.30813507 16.07693784 16.17306216
 16.07444359 15.80257099 16.00422103 15.96508058 15.92095165 15.90924789
 16.10514198 16.00613968 15.92689946 15.97735994 16.12643899 15.94992325
 15.84881044 15.96527245 15.8232924  15.96527245 15.63929394 15.76880276
 15.57540292 15.97064467 15.62586339 15.64236378 15.72141213 15.48752878]","[1.83633922 1.86281658 1.85840368 1.88104375 1.90617805 1.8938987
 1.93783576 1.9923254  2.15464313 2.45376055 2.81715272 2.97467383
 3.19896393 3.26227936 3.1909056  3.25345357 3.25537222 3.23100537
 3.176132   3.17805065 3.13526477 3.11838066 3.02647736 2.96584804
 3.00268611 2.94320798 2.97160399 2.93323101 2.89178818 2.90349194
 2.90234075 2.85360706 2.90713738 2.99923254 3.07099002 3.04470453
 3.1323868  3.21603991 3.28184958 3.23215656 3.35092095 3.38219493
 3.38660783 3.42171911 3.45836531 3.49827322 3.39888718 3.42862625
 3.44071374 3.492901   3.45126631 3.54067536 3.52820414 3.45759785
 3.43495779 3.40752111 3.38066002 3.27321566 3.35111282 3.39236378
 3.27417498 3.35226401 3.23004605 3.26304682 3.29585572 3.3419033
 3.35801995 3.3894858  3.54854183 3.49328473 3.46930161 3.50671527
 3.53146585 3.58633922 3.56005372 3.56600153 3.54719877 3.49769762
 3.49424405 3.45337682 3.4305449  3.5224482  3.49654643 3.46239447
 3.44838833 3.53396009 3.47524942 3.53050652 3.59823484 3.58077513
 3.573868   3.59113584 3.59478127 3.6285495  3.61013047 3.71603991
 3.75498849 3.71239447 3.79105909 3.74693016 3.80103607 3.90349194]","[ 4.77935533  5.10801995  5.40387567  5.6799693   6.36972371  7.18572525
  7.81005372 10.161934   14.014198   25.7872218  36.37509593 40.22524942
 37.3386416  30.70299309 28.57674597 27.58384497 26.39965464 25.83576362
 23.95337682 23.11032233 21.53223331 20.07636224 18.25095932 17.0919033
 16.23100537 15.08115886 14.51016884 14.31082118 13.53511128 13.37164236
 12.70318496 11.91922487 11.57847276 11.24827322 11.22237145 11.37663085
 11.39735226 11.39524175 11.52321566 11.50594781 11.86454336 12.27072141
 12.68246355 13.20644666 13.93534152 14.65272448 15.6176132  16.34689179
 17.10092095 17.44167306 17.86032233 18.55372218 19.0333845  18.82540292
 18.32617038 17.35322333 16.50364543 15.41020721 14.64850345 14.64293937
 14.25134305 14.         13.29470453 12.71968534 12.24520338 11.84343822
 11.23561013 10.69723715 10.10859555  9.96258634 10.08365311  9.9228703
  9.89236378  9.49961627  9.39811972  9.0990023   8.64907905  8.4710284
  8.16001535  7.96316193  7.77935533  7.62240982  7.66174213  7.51055257
  7.47563315  7.32482732  7.13296239  6.95970837  6.74174981  6.54623945
  6.40464313  6.23292402  6.20855718  6.04067536  6.02110514  5.89044513
  5.82060629  5.7100921   5.66059094  5.57233308  5.49788949  5.35111282]","[ 0.74386032  0.92306216  1.05660015  1.14888718  1.48119724  1.78415196
  2.05698388  2.95280123  4.20663853  7.52455871 10.32060629 11.88277053
 12.98426708 12.73599386 12.38660783 12.20587107 11.85859555 11.50460476
 10.50997698  9.83211819  8.54086723  7.28798926  6.29604758  5.66845741
  5.28204144  4.8046815   4.52666922  4.48465081  4.11588642  4.08173446
  3.82137375  3.44339985  3.29105909  3.07233308  2.92056792  2.87260169
  2.85840368  2.83192632  2.84382195  2.8232924   2.84439754  2.84478127
  2.89792786  2.9453185   2.96124328  3.02839601  3.05564083  3.1061013
  3.12010744  3.13430545  3.09689179  3.06753645  2.93169609  2.76918649
  2.67958557  2.46412126  2.31024559  2.18035303  2.05103607  2.09861857
  2.04067536  1.99462778  1.93246355  1.84919417  1.764198    1.75191865
  1.64639294  1.54547199  1.46488872  1.48004605  1.46795856  1.48407521
  1.43591711  1.35859555  1.33518803  1.31254797  1.25402916  1.22026094
  1.14255564  1.12413661  1.07597851  1.06139678  1.09075211  1.06178051
  1.05506523  1.01669225  0.98426708  0.97064467  0.91596316  0.90464313
  0.85264774  0.84823484  0.84765925  0.81101305  0.79988488  0.78242517
  0.76266309  0.74098235  0.71469685  0.72659248  0.68630084  0.68438219]",93
90,"0.0,0.15,0.3,0.44999999999999996,0.6,0.75,0.8999999999999999,1.05,1.2,1.3499999999999999,1.5,1.65,1.7999999999999998,1.95,2.1,2.25,2.4,2.55,2.6999999999999997,2.85,3.0,3.15,3.3,3.4499999999999997,3.5999999999999996,3.75,3.9,4.05,4.2,4.35,4.5,4.6499999999999995,4.8,4.95,5.1,5.25,5.3999999999999995,5.55,5.7,5.85,6.0,6.1499999999999995,6.3,6.45,6.6,6.75,6.8999999999999995,7.05,7.199999999999999,7.35,7.5,7.6499999999999995,7.8,7.949999999999999,8.1,8.25,8.4,8.549999999999999,8.7,8.85,9.0,9.15,9.299999999999999,9.45,9.6,9.75,9.9,10.049999999999999,10.2,10.35,10.5,10.65,10.799999999999999,10.95,11.1,11.25,11.4,11.549999999999999,11.7,11.85,12.0,12.15,12.299999999999999,12.45,12.6,12.75,12.9,13.049999999999999,13.2,13.35,13.5,13.65,13.799999999999999,13.95,14.1,14.25,14.399999999999999,14.549999999999999,14.7,14.85,15.0,15.149999999999999",2007R_GLUT1_647_WGA_594_0002.nd2,2007,M,R,5,True,53.890492782478844,False,"[13.96897296 14.38576406 14.93263647 15.39903766 16.22349428 16.98705824
 17.79774349 19.78762237 22.03832753 26.33217189 30.740667   34.10867762
 40.90725071 47.10403186 49.5989713  51.69271611 53.30330181 54.97776672
 60.58022233 63.71030363 68.43952215 73.27642276 75.970964   76.7456446
 77.71694043 77.8948067  77.80189149 77.8914883  76.5948233  76.5161772
 74.25120292 69.32055749 64.36253526 58.30330181 52.05608097 47.64061722
 46.44848183 44.65571594 41.01028704 42.02555168 34.91023727 31.62485482
 27.67181019 25.22067364 22.89795918 21.41994359 20.36336486 20.04612577
 19.80106189 19.57706985 19.42840551 18.96283391 18.87555998 18.52629832
 18.41911399 18.03169073 18.1168077  18.0141032  18.02173552 17.95968143
 17.83192301 17.79044301 17.8475195  17.62170234 17.46441015 17.61373818
 17.6387921  17.68159947 17.42906919 17.39157126 17.280073   17.33714949
 17.19678115 17.33864277 17.15115314 17.29998341 17.32570101 17.09175377
 17.10287042 17.21353907 17.17438195 17.17006803 17.12692882 17.03152481
 17.03417953 16.8524971  16.97295504 16.87921022 16.97478016 16.9933632
 16.93147503 17.05774017 17.0298656  17.0273768  16.90725071 16.77899452
 16.85631326 16.89829102 16.82843869 16.66268459 16.8748963  16.63082794]","[ 2.59316409  2.79127261  2.95802223  3.06968641  3.36104198  3.57176041
  3.77982412  4.34096565  5.07018417  6.59465738  8.68972955 10.57275593
 15.34113157 20.96465903 23.55815497 25.96665007 27.94922847 29.64924506
 35.95088767 39.40617222 44.92865439 49.19910403 51.52513688 52.45412311
 53.11282562 53.7398374  53.89049278 54.13240418 54.05790609 54.07117969
 53.46922184 52.91936287 51.73203916 50.6230297  48.42143687 46.88020574
 45.9717936  45.34030197 43.6155633  44.22415796 40.25468724 37.58685913
 33.95818815 30.54056745 25.37580886 20.35689398 15.32586693 13.2477186
 11.16641779 10.05574913  9.15712627  7.65173386  6.68939771  5.83474365
  5.49195288  4.98954704  4.74614236  4.45180023  4.34345445  4.27990708
  4.18433715  4.24224324  4.03749793  3.983408    3.96100879  3.93097727
  3.84785134  3.71677451  3.69620043  3.69321387  3.62435706  3.69736187
  3.71395387  3.69404347  3.54604281  3.58802057  3.56678281  3.55931641
  3.52231624  3.60096234  3.58188153  3.60013274  3.63895802  3.58951385
  3.56993529  3.55898457  3.55682761  3.59780986  3.56462585  3.69420939
  3.70499419  3.82412477  3.87091422  3.96333167  4.04977601  4.18516675
  4.35921686  4.51684088  4.66102539  4.54338809  4.54687241  4.46922184]","[ 4.82229965  5.2684586   5.60345114  5.93313423  6.82395885  7.82926829
  8.69968475 11.96548863 17.43985399 34.2253194  46.51153144 48.55682761
 40.3446159  30.39240086 27.67960843 25.89679774 24.46889    23.32105525
 20.56130745 19.19462419 16.85399038 14.91256015 13.41214535 12.57159449
 12.09026049 11.41745479 11.16525635 11.08196449 10.83042973 10.71080139
 10.50489464 10.5302804  10.6354737  11.05425585 11.83623693 12.47237432
 12.73502572 13.05774017 13.70881035 13.53708313 15.14235938 16.3968807
 18.04994193 19.49178696 21.11780322 22.2518666  23.18284387 23.7522814
 23.86444334 23.94939439 23.79060893 23.15480338 22.51982744 21.28571429
 20.60942426 19.57458105 18.75327692 17.58287705 16.69437531 16.6528953
 16.19678115 15.88949726 15.30711797 14.63995354 14.21768707 13.72009292
 12.88783806 12.28189813 11.45860295 11.34079973 11.43554007 11.31242741
 11.13323378 10.73867596 10.58005641 10.16874067  9.76953708  9.55483657
  9.13124274  8.87672142  8.60942426  8.4921188   8.4805044   8.31607765
  8.23842708  8.02339472  7.80769869  7.5939937   7.30429733  7.11465074
  6.9693048   6.87373486  6.81715613  6.70217355  6.65837067  6.50472872
  6.39804214  6.2701178   6.16127427  6.00895968  5.89364526  5.7298822 ]","[0.493778   0.58072009 0.67413307 0.74746972 0.95022399 1.09822466
 1.29732869 1.86361374 2.87804878 5.52513688 7.44632487 7.98888336
 7.55550025 6.71312427 6.4060063  6.26198772 6.11465074 5.89663182
 5.42989879 5.19877219 4.73087772 4.26962004 3.86460926 3.58088601
 3.41280903 3.17322051 3.07117969 3.0033184  2.85067198 2.78911565
 2.73054588 2.69188651 2.74498092 2.82312925 2.98208064 3.17487971
 3.26879044 3.31325701 3.51269288 3.43620375 3.90525966 4.18699187
 4.54421769 4.72092252 4.86394558 4.77451468 4.47818152 4.39671478
 4.28023892 4.15032354 4.08976273 3.9055915  3.67761739 3.43736519
 3.30744981 3.09241745 2.93695039 2.753111   2.6271777  2.60859466
 2.51883192 2.51153144 2.42193463 2.32951717 2.25634644 2.16907251
 2.03749793 1.91986063 1.79641613 1.77235772 1.77750124 1.79873901
 1.7414966  1.67031691 1.65953211 1.6230297  1.54206073 1.48846856
 1.43288535 1.41264311 1.33914053 1.33084453 1.35025718 1.29118965
 1.31657541 1.2734362  1.23909076 1.16326531 1.11780322 1.07400033
 1.06222001 1.05757425 1.02455616 0.98722416 1.00647088 0.95652895
 0.91986063 0.90592334 0.87340302 0.87688734 0.82926829 0.81450141]",94
91,"0.0,0.15,0.3,0.44999999999999996,0.6,0.75,0.8999999999999999,1.05,1.2,1.3499999999999999,1.5,1.65,1.7999999999999998,1.95,2.1,2.25,2.4,2.55,2.6999999999999997,2.85,3.0,3.15,3.3,3.4499999999999997,3.5999999999999996,3.75,3.9,4.05,4.2,4.35,4.5,4.6499999999999995,4.8,4.95,5.1,5.25,5.3999999999999995,5.55,5.7,5.85,6.0,6.1499999999999995,6.3,6.45,6.6,6.75,6.8999999999999995,7.05,7.199999999999999,7.35,7.5,7.6499999999999995,7.8,7.949999999999999,8.1,8.25,8.4,8.549999999999999,8.7,8.85,9.0,9.15,9.299999999999999,9.45,9.6,9.75,9.9,10.049999999999999,10.2,10.35,10.5,10.65,10.799999999999999,10.95,11.1,11.25,11.4,11.549999999999999,11.7,11.85,12.0,12.15,12.299999999999999,12.45,12.6,12.75,12.9,13.049999999999999,13.2,13.35,13.5,13.65,13.799999999999999,13.95,14.1,14.25,14.399999999999999,14.549999999999999,14.7,14.85,15.0,15.149999999999999",2007R_GLUT1_647_WGA_594_0002.nd2,2007,M,R,5,True,53.31407407407407,False,"[13.87185185 14.22740741 14.7362963  15.06444444 15.62962963 16.25851852
 16.94814815 18.21037037 19.8162963  22.68592593 25.21481481 26.82962963
 32.1362963  37.3637037  39.95111111 41.63777778 43.21925926 43.70074074
 49.33851852 53.38       58.76148148 65.88666667 69.41851852 71.02666667
 72.76814815 72.07481481 72.09407407 72.39185185 69.02444444 68.65555556
 67.76740741 61.68296296 58.79333333 56.04814815 50.87481481 46.80222222
 44.96222222 43.26592593 39.25111111 39.98814815 33.37185185 30.94222222
 27.33851852 25.15185185 23.03703704 21.48444444 20.23037037 20.21777778
 19.71777778 19.85111111 19.79777778 19.13111111 18.54592593 18.45777778
 18.18518519 18.2562963  18.05185185 18.02074074 18.01407407 17.90592593
 17.42074074 17.6637037  17.54962963 17.61259259 17.59481481 17.94666667
 18.22074074 17.65037037 17.32       17.32888889 17.12888889 17.31111111
 16.91111111 17.59259259 17.09111111 17.26814815 17.47259259 17.13037037
 17.0362963  17.32814815 17.21333333 17.25851852 16.97925926 16.77777778
 17.09259259 16.5562963  17.02740741 16.79037037 17.00740741 16.84
 16.99555556 17.02814815 16.69851852 16.99111111 17.03037037 16.52518519
 17.25185185 16.67703704 16.70592593 16.39481481 16.77777778 16.20444444]","[ 2.3762963   2.57333333  2.72740741  2.74592593  2.87555556  3.10814815
  3.24444444  3.44888889  4.01037037  4.91185185  6.00444444  6.8
  9.0562963  12.15259259 13.86814815 14.99481481 16.99851852 18.05037037
 23.78       27.11703704 33.5162963  40.06740741 43.83185185 46.64814815
 48.08148148 50.92296296 51.54444444 52.43111111 53.31407407 53.47111111
 55.7837037  56.39333333 56.46814815 56.45925926 54.51407407 53.14666667
 51.62       51.06592593 48.3037037  49.27481481 43.81777778 40.54814815
 35.97259259 33.08888889 28.18666667 23.29333333 17.61111111 15.10518519
 12.76666667 11.08518519 10.15851852  7.95555556  7.22        6.10518519
  5.70888889  5.1162963   4.84        4.63111111  4.41037037  4.4237037
  4.26518519  4.41037037  4.15037037  4.05555556  4.04222222  3.96074074
  3.81259259  3.71555556  3.7         3.79481481  3.66518519  3.67851852
  3.77111111  3.65333333  3.53925926  3.68        3.61481481  3.62148148
  3.58074074  3.48296296  3.59851852  3.60592593  3.58888889  3.54666667
  3.52740741  3.53555556  3.60962963  3.51481481  3.43111111  3.55259259
  3.56962963  3.64222222  3.72962963  3.77777778  3.70148148  3.89037037
  4.08962963  4.18888889  4.58740741  4.71185185  5.22222222  5.16      ]","[ 4.76814815  5.20592593  5.54222222  5.82888889  6.74074074  7.71037037
  8.47407407 11.58814815 16.75037037 32.27777778 43.5        45.44074074
 38.02518519 29.36148148 27.22962963 25.83259259 24.53259259 23.72666667
 21.71333333 20.38518519 18.2437037  16.73407407 15.2362963  14.51703704
 13.82814815 12.75333333 12.04740741 11.84518519 11.41259259 11.30518519
 10.49851852 10.05259259  9.80740741  9.82444444 10.20074074 10.36740741
 10.49111111 10.81333333 11.18592593 11.02296296 12.0962963  13.03925926
 14.74666667 16.50148148 18.69407407 20.38444444 21.94518519 22.68222222
 23.34592593 23.39333333 23.73925926 23.26148148 22.43111111 20.63333333
 19.83777778 18.21851852 17.53407407 16.66518519 16.07185185 15.89851852
 15.62592593 15.32       14.75259259 14.32444444 13.66888889 13.3162963
 12.56888889 12.04592593 11.47037037 11.20222222 11.24       11.20814815
 11.07481481 10.52962963 10.36518519  9.96888889  9.53333333  9.30962963
  8.83185185  8.58074074  8.30074074  8.20444444  8.19259259  8.07259259
  7.99925926  7.80074074  7.57037037  7.46148148  7.1362963   7.01555556
  6.81777778  6.72        6.69259259  6.52888889  6.52888889  6.36740741
  6.2637037   6.10962963  6.04814815  5.90444444  5.75407407  5.62666667]","[0.50222222 0.54962963 0.65703704 0.73259259 0.9362963  1.08222222
 1.28592593 1.83111111 2.81851852 5.22740741 6.90518519 7.42814815
 6.89037037 6.18296296 6.02666667 5.82666667 5.7562963  5.62444444
 5.37111111 5.24592593 4.90592593 4.48148148 4.10592593 3.89259259
 3.7962963  3.51777778 3.39111111 3.25481481 3.14518519 3.05407407
 2.77407407 2.68       2.64814815 2.57925926 2.66296296 2.78074074
 2.86962963 2.88888889 2.90592593 2.91851852 3.21851852 3.48740741
 3.95481481 4.13555556 4.42148148 4.47407407 4.22296296 4.22
 4.13481481 4.06148148 4.01407407 3.84296296 3.62074074 3.29555556
 3.10814815 2.95777778 2.79185185 2.68962963 2.56888889 2.48814815
 2.49777778 2.47111111 2.41407407 2.33037037 2.28814815 2.14740741
 2.07777778 1.96148148 1.79851852 1.78592593 1.83407407 1.86444444
 1.77777778 1.72814815 1.64296296 1.60888889 1.53333333 1.47703704
 1.40074074 1.37185185 1.29185185 1.25037037 1.30444444 1.2837037
 1.24518519 1.23185185 1.18148148 1.12148148 1.09259259 1.04666667
 0.99259259 1.00444444 0.98444444 0.96074074 0.98074074 0.88296296
 0.84814815 0.87333333 0.84592593 0.83481481 0.77111111 0.77925926]",95
92,"0.0,0.15,0.3,0.44999999999999996,0.6,0.75,0.8999999999999999,1.05,1.2,1.3499999999999999,1.5,1.65,1.7999999999999998,1.95,2.1,2.25,2.4,2.55,2.6999999999999997,2.85,3.0,3.15,3.3,3.4499999999999997,3.5999999999999996,3.75,3.9,4.05,4.2,4.35,4.5,4.6499999999999995,4.8,4.95,5.1,5.25,5.3999999999999995,5.55,5.7,5.85,6.0,6.1499999999999995,6.3,6.45,6.6,6.75,6.8999999999999995,7.05,7.199999999999999,7.35,7.5,7.6499999999999995,7.8,7.949999999999999,8.1,8.25,8.4,8.549999999999999,8.7,8.85,9.0,9.15,9.299999999999999,9.45,9.6,9.75,9.9,10.049999999999999,10.2,10.35,10.5,10.65,10.799999999999999,10.95,11.1,11.25,11.4,11.549999999999999,11.7,11.85,12.0,12.15,12.299999999999999,12.45,12.6,12.75,12.9,13.049999999999999,13.2,13.35,13.5,13.65,13.799999999999999,13.95,14.1,14.25,14.399999999999999,14.549999999999999,14.7,14.85,15.0,15.149999999999999",2007R_GLUT1_647_WGA_594_0002.nd2,2007,M,R,5,False,6.908480990882505,False,"[15.35678651 16.6518149  17.85876484 19.18785481 22.26543953 25.61138827
 28.67710304 38.61482883 49.94116635 59.33511096 58.46378806 55.33201445
 47.47462584 40.88525718 39.07534836 37.63357991 36.9060726  35.58403578
 34.67538276 34.63925684 36.90968519 40.1176673  42.76174093 44.6786513
 45.75744022 47.13555823 47.94357475 48.3884397  49.14003097 49.77343884
 51.80423189 54.80216756 56.83708928 59.13039739 60.5554791  60.09771202
 59.72922759 59.58592809 58.20763805 58.52829864 55.05590917 52.97453982
 50.56528471 48.73628075 46.51505247 43.77481507 39.06055393 36.05332875
 33.52227765 31.63564425 29.34130397 26.56683296 23.8420781  21.95768106
 20.9932909  19.92241528 19.4255978  18.83743334 18.54188887 18.73094788
 18.38689145 18.47221744 18.06433855 18.17340444 17.7603647  17.77068639
 17.89729916 17.70996043 17.57233786 17.51625667 17.38224669 17.54722174
 17.48787201 17.46137967 17.33407879 17.31980045 17.17323241 17.14347153
 17.21968003 17.10459315 17.3012214  17.13573026 17.20299329 17.12540857
 17.16566317 17.00223637 17.07345605 16.90693274 16.91656632 16.82126269
 16.73610872 16.99277482 17.00189231 16.76879408 16.75658008 16.75898847
 16.85910889 16.77189059 16.77464304 16.84311027 16.75141923 16.60639945]","[1.99002236 2.0201273  2.02614829 2.03767418 2.09134698 2.12214003
 2.11027008 2.24651643 2.45191811 2.83364872 3.22449682 3.42164115
 3.59332531 3.70256322 3.75812833 3.87407535 3.94013418 3.95922931
 4.17460864 4.31377946 4.66712541 4.91914674 5.1457079  5.40323413
 5.70703595 6.04507139 6.25666609 6.47995871 6.91811457 7.01118183
 7.55565113 8.07225185 8.11491485 7.76002064 7.38104249 6.98486152
 6.99793566 6.90848099 6.88284879 6.90624462 6.70875624 6.34921727
 6.13813865 5.8847411  5.8365732  5.52537416 5.28625495 5.14725615
 5.16910373 5.20953036 5.03956649 5.13934285 5.02941682 4.9652503
 4.85515224 4.66179253 4.44778944 4.25890246 4.2262171  4.30190951
 4.1579219  4.18389816 4.12747291 4.08859453 4.01961122 4.02201961
 3.89729916 3.82779976 3.85928092 3.80268364 3.78651299 3.84827112
 3.81025288 3.87768794 3.78118011 3.78496473 3.79132978 3.81747807
 3.87476346 3.9261999  3.9841734  3.93376914 3.98400138 3.89007397
 3.9060726  3.83227249 3.84345433 3.80216756 3.84431447 3.81816618
 3.84156202 3.78548082 3.75193532 3.67830724 3.67675899 3.67022192
 3.66024428 3.67228625 3.70961638 3.75658008 3.76655772 3.8487872 ]","[ 4.72871151  5.04472734  5.30156546  5.57732668  6.20436952  6.82848787
  7.31171512  9.24238775 12.28797523 22.2822983  32.57663857 37.76690177
 41.28711509 40.26234302 39.59470153 38.96955101 38.24152761 37.6091519
 34.93411319 33.23946327 29.82229486 26.66781352 24.11715121 22.47118527
 21.03646998 19.31395149 18.40392224 17.99638741 16.89351454 16.70858421
 15.57078961 14.27748151 13.4018579  12.43505935 11.42852228 10.8487872
 10.68828488 10.49630139  9.98331326 10.13865474  9.47978669  9.13160158
  8.72389472  8.63942887  8.76414932  8.99896783  9.68381215 10.10872183
 10.63031137 10.93497334 11.23017375 11.96232582 12.57199381 13.29089971
 13.61345261 14.86478582 15.87527955 16.6975744  16.68639257 16.66987786
 16.42095304 16.17495269 15.50473078 14.71873387 14.27644934 13.77137451
 13.10270084 12.4871839  11.7694822  11.63633236 11.7311199  11.57285395
 11.44606916 11.03991055 10.88181662 10.43987614  9.90882505  9.68811285
  9.25838638  9.05556511  8.70118699  8.55375882  8.61121624  8.38517117
  8.29261999  8.11302254  7.82418717  7.69344573  7.34216411  7.14656804
  6.99139859  6.78341648  6.70376742  6.63254774  6.50765526  6.38826768
  6.25632204  6.0963358   6.03268536  5.9664545   5.84827112  5.69069327]","[ 0.75571994  0.89884741  1.02477206  1.17271633  1.48374333  1.80681232
  2.04971615  3.012214    4.56666093  8.84104593 12.92121108 14.86444177
 15.95527266 14.62910717 13.8487872  13.16359883 12.55788749 11.86719422
  9.93910201  9.04971615  7.60141063  6.56992947  5.81678995  5.35558232
  4.99346293  4.49440908  4.25959057  4.13917082  3.87080681  3.79373817
  3.46309995  3.14037502  2.97815242  2.71288491  2.51109582  2.40598658
  2.38637537  2.33872355  2.2341304   2.28075004  2.11938758  2.01169792
  1.95200413  1.8993635   1.92052297  1.96697058  2.03939446  2.12626871
  2.23877516  2.29141579  2.32960606  2.42129709  2.5566833   2.64183726
  2.61878548  2.68570446  2.70875624  2.71529331  2.61517289  2.61517289
  2.53776019  2.50111818  2.32513332  2.24926888  2.16514708  2.07259591
  1.9865818   1.8646138   1.76260107  1.78100809  1.81231722  1.78995355
  1.75141923  1.68484431  1.63237571  1.58523998  1.48924824  1.45690693
  1.39600895  1.40323413  1.30586616  1.30087734  1.31326338  1.27163255
  1.26113883  1.21073456  1.21383107  1.16566317  1.08498194  1.05762945
  1.01410631  1.00017203  0.97574402  0.9360055   0.93273697  0.89764321
  0.84242216  0.83812145  0.81765009  0.81455359  0.78685704  0.75176329]",96
93,"0.0,0.15,0.3,0.44999999999999996,0.6,0.75,0.8999999999999999,1.05,1.2,1.3499999999999999,1.5,1.65,1.7999999999999998,1.95,2.1,2.25,2.4,2.55,2.6999999999999997,2.85,3.0,3.15,3.3,3.4499999999999997,3.5999999999999996,3.75,3.9,4.05,4.2,4.35,4.5,4.6499999999999995,4.8,4.95,5.1,5.25,5.3999999999999995,5.55,5.7,5.85,6.0,6.1499999999999995,6.3,6.45,6.6,6.75,6.8999999999999995,7.05,7.199999999999999,7.35,7.5,7.6499999999999995,7.8,7.949999999999999,8.1,8.25,8.4,8.549999999999999,8.7,8.85,9.0,9.15,9.299999999999999,9.45,9.6,9.75,9.9,10.049999999999999,10.2,10.35,10.5,10.65,10.799999999999999,10.95,11.1,11.25,11.4,11.549999999999999,11.7,11.85,12.0,12.15,12.299999999999999,12.45,12.6,12.75,12.9,13.049999999999999,13.2,13.35,13.5,13.65,13.799999999999999,13.95,14.1,14.25,14.399999999999999,14.549999999999999,14.7,14.85,15.0,15.149999999999999",2007R_GLUT1_647_WGA_594_0002.nd2,2007,M,R,5,True,32.96712802768166,False,"[13.07652382 13.46100612 13.66675539 13.86092627 14.30822465 14.75592228
 15.01104605 16.10061219 17.23529412 19.1605004  20.64093692 21.70867714
 23.42973117 25.41628959 26.47644397 26.79558158 27.30449827 28.36318871
 29.99933458 31.24487623 33.81887144 36.35839766 39.15025286 41.47045515
 43.53606601 46.3095555  48.20907639 48.95488422 51.18192707 51.82126697
 54.52528613 57.9100346  59.70255523 61.8827522  62.53846154 62.67859995
 62.37875965 62.1101943  60.46606335 60.54471653 56.10340697 51.90763907
 46.01264307 40.43904711 34.35786532 29.9647325  26.50731967 25.27548576
 24.13548044 23.51397392 22.89725845 22.00692042 21.39299973 20.4453021
 20.13202023 19.44743146 19.00412563 18.58504126 18.47324993 18.5634815
 18.32579186 18.23303167 18.03127495 17.98017035 17.9126963  17.83723716
 17.62949162 17.79757785 17.54125632 17.39433058 17.61365451 17.46459941
 17.46273623 17.35334043 17.15424541 17.4180197  17.14519563 17.29158903
 17.30542986 17.23303167 17.14013841 17.06507852 17.01716795 17.06893798
 17.10633484 17.10819803 17.07106734 17.01543785 16.95155709 17.10087836
 16.97804099 17.12416822 17.23343093 17.28506787 17.07599148 17.25499068
 17.4214799  17.56947032 17.99893532 18.57120043 18.93239287 19.53127495]","[ 2.16702156  2.2186585   2.27282406  2.29651318  2.40550972  2.46167155
  2.46872505  2.63854139  2.90710673  3.28426936  3.84894863  4.14386479
  4.7636412   5.23010381  5.49228108  5.76044717  5.90431195  6.37596487
  7.06734096  7.79558158  9.457679   11.54511578 13.63188714 15.4338568
 17.02834709 19.26164493 20.96859196 21.60207612 23.70468459 24.260181
 27.01743412 30.11578387 31.86758052 33.06680862 33.01077988 32.96712803
 33.07998403 32.816609   32.45887676 32.51903114 31.60633484 30.7565877
 29.61338834 28.53393665 26.73316476 25.09981368 23.05576258 21.94490285
 20.69550173 20.20162364 19.21479904 17.73649188 16.03340431 13.89286665
 12.91841895 10.5581581   9.13614586  7.52328986  6.66209742  6.72491349
  6.16808624  6.04245409  5.6799308   5.36185787  5.23050306  5.00026617
  4.7706947   4.57452755  4.40005323  4.31527815  4.33031674  4.31221719
  4.29425073  4.16356135  4.10154378  3.97631089  3.89220122  3.84615385
  3.75871706  3.71453287  3.70588235  3.67553899  3.7081448   3.7028214
  3.65597551  3.6384083   3.62110727  3.70295448  3.68219324  3.72624434
  3.7045515   3.82086771  3.86105936  3.83989886  3.87423476  3.89379824
  3.95688049  4.00865052  4.08357732  4.29917487  4.45861059  4.66036731]","[ 4.74753793  5.11099281  5.42613788  5.76550439  6.66782007  7.54964067
  8.46699494 11.25073197 15.27508651 25.17939846 33.8465531  36.11591696
 33.24713867 27.52608464 25.69244078 24.33710407 23.34815012 22.28906042
 20.64612723 20.03007719 19.31088635 18.76510514 18.39872238 18.11857865
 17.78107533 17.18565345 16.70641469 16.48030343 15.80050572 15.55656109
 14.39100346 12.77894597 11.82486026 10.89273356 10.37090764 10.27907905
 10.29172212 10.26696833 10.30396593 10.22331648 10.73795582 11.26177801
 12.22690977 13.26244344 14.91961672 16.67966463 18.4214799  19.12549907
 19.8042321  20.25379292 20.51690178 21.11458611 21.38115518 21.72331648
 21.62470056 21.38820868 20.89552835 20.03114187 19.25445834 19.28227309
 18.85174341 18.64120309 18.02142667 17.40923609 16.97591163 16.43052968
 15.54351876 14.82565877 13.82113388 13.61738089 13.87130689 13.58983231
 13.40071866 12.77974448 12.58663828 11.96020761 11.33910035 10.99161565
 10.36345488 10.03340431  9.62150652  9.38368379  9.40284802  9.21000799
  9.05775885  8.8139473   8.55869044  8.38048975  7.97804099  7.68458877
  7.51863189  7.29252063  7.19896194  7.03233963  6.94570136  6.71732766
  6.55256854  6.39246739  6.22757519  6.07066809  5.9365185   5.75059888]","[0.43798243 0.52355603 0.60566942 0.68937982 0.85493745 1.02275752
 1.15704019 1.67474048 2.34961405 3.78799574 4.93705084 5.32219856
 5.28666489 4.87104072 4.71360128 4.60300772 4.53486825 4.45701357
 4.31274953 4.18352409 4.07639074 3.97631089 3.82193239 3.76044717
 3.65224913 3.49507586 3.39965398 3.36478573 3.16289593 3.07293053
 2.82179931 2.46313548 2.2971786  2.10686718 2.04045781 2.01743412
 2.03393665 2.02808092 2.06574394 2.05017301 2.1393399  2.27548576
 2.46925739 2.69190844 2.99760447 3.31288262 3.61192441 3.74301304
 3.8421613  3.88075592 3.96047378 3.96486558 3.99081714 3.929465
 3.8703753  3.62496673 3.49640671 3.21413362 3.03686452 3.08783604
 2.96513175 2.92573862 2.78626564 2.64878893 2.59103008 2.53114187
 2.35919617 2.23675805 2.1137876  2.09342561 2.09142933 2.06601011
 2.04511578 1.9664626  1.92480703 1.84961405 1.76297578 1.66901783
 1.57359595 1.52701624 1.42573862 1.41748736 1.41495874 1.39126963
 1.37689646 1.33217993 1.28214001 1.2380889  1.16435986 1.13947298
 1.09089699 1.06374767 1.06547777 1.0070535  1.00998137 0.97657706
 0.92800106 0.88834176 0.83989886 0.84242747 0.80489752 0.77814746]",97
94,"0.0,0.15,0.3,0.44999999999999996,0.6,0.75,0.8999999999999999,1.05,1.2,1.3499999999999999,1.5,1.65,1.7999999999999998,1.95,2.1,2.25,2.4,2.55,2.6999999999999997,2.85,3.0,3.15,3.3,3.4499999999999997,3.5999999999999996,3.75,3.9,4.05,4.2,4.35,4.5,4.6499999999999995,4.8,4.95,5.1,5.25,5.3999999999999995,5.55,5.7,5.85,6.0,6.1499999999999995,6.3,6.45,6.6,6.75,6.8999999999999995,7.05,7.199999999999999,7.35,7.5,7.6499999999999995,7.8,7.949999999999999,8.1,8.25,8.4,8.549999999999999,8.7,8.85,9.0,9.15,9.299999999999999,9.45,9.6,9.75,9.9,10.049999999999999,10.2,10.35,10.5,10.65,10.799999999999999,10.95,11.1,11.25,11.4,11.549999999999999,11.7,11.85,12.0,12.15,12.299999999999999,12.45,12.6,12.75,12.9,13.049999999999999,13.2,13.35,13.5,13.65,13.799999999999999,13.95,14.1,14.25,14.399999999999999,14.549999999999999,14.7,14.85,15.0,15.149999999999999",2007R_GLUT1_647_WGA_594_0002.nd2,2007,M,R,5,True,34.59607351712615,False,"[13.25313283 13.6984127  13.97953216 14.40810359 15.30367586 16.29010025
 17.14546784 19.89390142 22.70781119 26.57205514 26.71877611 25.37969925
 22.95645363 21.25730994 20.80618212 20.47483292 20.26284461 19.85787385
 19.59659566 19.33709273 19.1468254  18.80931495 18.71856725 18.73318713
 18.81516291 18.85025063 18.91269841 18.99728488 19.21397243 19.33134921
 19.7040518  20.85933584 21.88512949 24.32612782 27.60421888 29.81056809
 30.49770259 31.45687135 33.57414369 33.01597744 37.52642022 40.42481203
 44.         46.37228488 47.73245614 47.7929198  46.31892231 44.68776107
 42.68890977 41.59408939 39.27391395 35.90768588 31.66280284 26.61330409
 24.78957811 21.51044277 20.2040518  19.13784461 18.66436926 18.6908939
 18.46982038 18.30743525 17.96616541 17.67481203 17.52892648 17.26984127
 17.2567878  17.17857143 17.08218463 16.84346282 16.88763576 16.91865079
 16.79166667 16.78195489 16.66551796 16.54072682 16.5391604  16.51451546
 16.45384294 16.3987051  16.35171261 16.46888053 16.39055973 16.36779449
 16.32706767 16.25407268 16.35975355 16.12291145 16.14055973 16.1660401
 16.06578947 16.10348789 16.19674185 16.035401   16.06370092 15.9981203
 16.06432749 15.95426065 15.97222222 15.94997911 15.84972849 15.96418129]","[ 2.09920635  2.14484127  2.17972013  2.21752297  2.30764411  2.33427318
  2.38022139  2.5342523   2.8015873   3.34972849  3.8862782   4.10651629
  4.31109023  4.53822055  4.67961571  4.72253551  4.79041353  5.02119883
  5.28226817  5.63137009  6.321533    7.3787594   8.5248538   9.41666667
 10.04824561 10.90340434 11.64578112 11.70081454 12.53487886 12.85035505
 14.37082289 17.30607769 19.35682957 22.05983709 24.49467419 25.75449039
 26.00062657 26.38784461 27.5        27.23642439 29.60682957 30.81171679
 32.37176274 33.55618212 34.45467836 34.59607352 34.23955723 33.72420635
 32.67637845 31.7729741  30.60703843 28.26827485 24.82664996 19.70760234
 17.13648705 11.53383459  8.85265246  6.88001253  6.17878028  6.19183375
  5.78895155  5.6517335   5.22932331  4.96052632  4.8520259   4.68452381
  4.53602757  4.38982874  4.2586675   4.19329574  4.18650794  4.17460317
  4.16019215  4.11643693  4.04876775  3.96042189  3.85369674  3.81725146
  3.7530284   3.74791145  3.713868    3.73966165  3.75877193  3.70050125
  3.69131161  3.67992899  3.64452799  3.66729323  3.77652464  3.82988722
  3.85964912  3.92491646  4.02025898  4.03957811  3.99592732  4.11236424
  4.26117377  4.48182957  4.7232665   4.75845865  4.64400585  4.42627402]","[ 4.8825188   5.24885129  5.55900167  5.88387636  6.60160819  7.38230994
  8.10359231 10.66217627 14.56631161 26.31641604 39.47807018 44.66677109
 43.39766082 35.85588972 32.95749791 30.73861738 29.56088137 27.20467836
 24.74791145 23.63826232 22.57571011 22.16812865 21.99018379 21.8787594
 21.94308688 21.7692147  21.73162072 21.66510025 21.57101086 21.40006266
 21.02683793 20.28487886 19.74728488 19.02923977 18.40591061 17.91948622
 17.68943191 17.44454887 16.71167502 16.893066   15.51305347 14.57758981
 13.29897661 12.37823726 11.52213868 11.00449039 10.89337928 10.91311612
 11.17157477 11.303467   11.59356725 12.30931495 13.43734336 15.06443191
 15.76869256 16.95948204 16.88450292 16.14484127 15.35985798 15.32758981
 14.82779866 14.47128237 13.72681704 12.90142022 12.43191312 11.9627193
 11.26169591 10.767335   10.22744361 10.08970343 10.2232665  10.09743108
  9.94078947  9.59544695  9.46825397  9.13450292  8.7202381   8.5018797
  8.13450292  7.95050125  7.72170008  7.61528822  7.62552214  7.47713033
  7.42073935  7.25083542  7.05858396  6.90831245  6.65371763  6.49926901
  6.37886383  6.24091479  6.22159566  6.16739766  6.11079783  5.9664787
  5.89912281  5.7898914   5.69037176  5.58103592  5.50981621  5.41071429]","[0.62103175 0.73903509 0.84816207 0.96543442 1.20509607 1.43316625
 1.66102757 2.4495614  3.58918129 6.37030075 8.91729323 9.75407268
 9.4657477  8.17919799 7.66154971 7.22316207 6.94684628 6.56370092
 6.06798246 5.79553049 5.51691729 5.33239348 5.160401   4.98736424
 4.88753133 4.68473266 4.66363826 4.61299081 4.51984127 4.47796575
 4.3998538  4.32111529 4.30733083 4.31620718 4.26587302 4.20175439
 4.19789056 4.18504595 4.01336675 4.07946951 3.80284043 3.63377193
 3.33354219 3.07435255 2.87593985 2.67533417 2.5447995  2.56913116
 2.54887218 2.56338764 2.57821637 2.66186299 2.75041771 2.86361738
 2.86184211 2.79197995 2.65862573 2.41771094 2.25167084 2.27172097
 2.16739766 2.12781955 1.97368421 1.84795322 1.79072682 1.71867168
 1.62479114 1.54333751 1.46292815 1.4732665  1.45749791 1.45488722
 1.43588137 1.39463241 1.35275689 1.3226817  1.25250627 1.1822264
 1.14578112 1.12541771 1.08803258 1.05503342 1.08751044 1.04636591
 1.03874269 0.99979114 0.96501671 0.93431495 0.88586048 0.86413952
 0.83761487 0.82842523 0.82435255 0.79177109 0.80315372 0.77923977
 0.73026316 0.72253551 0.71470343 0.70812448 0.66499582 0.65685046]",98
95,"0.0,0.15,0.3,0.44999999999999996,0.6,0.75,0.8999999999999999,1.05,1.2,1.3499999999999999,1.5,1.65,1.7999999999999998,1.95,2.1,2.25,2.4,2.55,2.6999999999999997,2.85,3.0,3.15,3.3,3.4499999999999997,3.5999999999999996,3.75,3.9,4.05,4.2,4.35,4.5,4.6499999999999995,4.8,4.95,5.1,5.25,5.3999999999999995,5.55,5.7,5.85,6.0,6.1499999999999995,6.3,6.45,6.6,6.75,6.8999999999999995,7.05,7.199999999999999,7.35,7.5,7.6499999999999995,7.8,7.949999999999999,8.1,8.25,8.4,8.549999999999999,8.7,8.85,9.0,9.15,9.299999999999999,9.45,9.6,9.75,9.9,10.049999999999999,10.2,10.35,10.5,10.65,10.799999999999999,10.95,11.1,11.25,11.4,11.549999999999999,11.7,11.85,12.0,12.15,12.299999999999999,12.45,12.6,12.75,12.9,13.049999999999999,13.2,13.35,13.5,13.65,13.799999999999999,13.95,14.1,14.25,14.399999999999999,14.549999999999999,14.7,14.85,15.0,15.149999999999999",2007R_GLUT1_647_WGA_594_0002.nd2,2007,M,R,5,False,4.745560109289618,False,"[ 13.8159153   14.2295082   14.43237705  14.70628415  15.23428962
  15.96584699  16.12124317  17.52834699  18.9795082   20.8681694
  23.15778689  24.94706284  27.58777322  31.14139344  32.52561475
  34.08572404  34.43647541  36.6772541   39.1772541   40.60826503
  44.59118852  47.73394809  51.76058743  54.43579235  57.82137978
  62.93135246  65.66393443  67.64651639  71.85382514  73.81420765
  80.97882514  90.63046448  95.08265027  98.16086066 100.27937158
 101.15983607 102.23770492 102.65812842 103.93715847 103.32103825
 106.40198087 107.23497268 108.4965847  105.04986339  98.82991803
  86.2465847   70.99829235  64.16290984  57.86680328  55.41051913
  50.90403005  44.8125      38.97984973  32.16632514  29.82547814
  25.18920765  22.87739071  21.10997268  20.65983607  20.46345628
  19.88387978  19.75546448  19.51434426  19.10655738  18.83333333
  18.74897541  18.22677596  18.26195355  17.93545082  17.6806694
  17.60484973  17.95423497  17.96379781  17.76775956  17.75922131
  17.41188525  17.59118852  17.4101776   17.3227459   17.20184426
  17.31557377  16.97028689  17.08674863  17.18374317  17.13012295
  17.28551913  16.96618852  17.07855191  16.82342896  16.9726776
  16.68715847  16.7260929   16.67657104  16.80840164  16.77629781
  16.49829235  16.74419399  16.5273224   16.46789617  16.34836066
  16.64105191  16.67452186]","[1.91120219 1.90129781 1.94637978 1.97780055 2.02288251 1.98770492
 2.02629781 2.09528689 2.24556011 2.55737705 2.79098361 2.95389344
 3.17349727 3.17657104 3.17110656 3.15163934 3.23838798 3.19740437
 3.1840847  3.20730874 3.26468579 3.35143443 3.52868852 3.57445355
 3.84118852 4.16461749 4.28346995 4.53688525 4.56010929 4.74931694
 4.92998634 5.10519126 5.1738388  5.15266393 5.17418033 5.18886612
 5.17691257 5.11851093 5.06659836 5.15471311 5.01912568 4.78483607
 4.53790984 4.58435792 4.50443989 4.74556011 5.01400273 5.16769126
 5.17759563 5.17930328 5.17827869 5.33469945 5.32001366 5.39788251
 5.33504098 5.08879781 4.81898907 4.4760929  4.1352459  4.13490437
 3.96038251 3.93510929 3.75170765 3.65095628 3.52493169 3.52527322
 3.47062842 3.47028689 3.45560109 3.43442623 3.44877049 3.44125683
 3.41188525 3.49009563 3.43579235 3.43203552 3.33674863 3.39002732
 3.44501366 3.37568306 3.47848361 3.51946721 3.47165301 3.51400273
 3.5727459  3.44740437 3.62192623 3.62534153 3.75239071 3.87295082
 3.91564208 3.9931694  3.98121585 4.08469945 4.04849727 4.06352459
 4.18920765 4.20867486 4.3193306  4.60928962 4.67486339 4.77288251]","[ 4.9692623   5.39651639  5.73258197  6.12978142  7.22916667  8.20013661
  9.05601093 12.96550546 17.92452186 29.45286885 41.62568306 44.33196721
 39.90881148 32.85280055 30.2568306  28.20901639 27.61885246 24.92452186
 22.73736339 21.4829235  20.5829918  20.65949454 21.79234973 22.75614754
 23.69159836 25.16290984 25.92076503 26.04918033 26.37021858 26.5385929
 26.47199454 24.75956284 22.93271858 20.18715847 17.95662568 17.35553279
 17.15129781 17.08504098 16.64412568 16.74760929 16.125      15.68715847
 15.04986339 14.65027322 14.55362022 15.37875683 16.57547814 17.16051913
 17.9204235  18.03312842 18.46038251 18.50751366 18.29371585 17.46857923
 17.18579235 16.45765027 16.6635929  17.17827869 17.46106557 17.61270492
 17.86509563 17.77015027 17.61748634 17.23121585 17.19842896 16.61646175
 15.78620219 15.11885246 14.14480874 14.17657104 14.23565574 14.08128415
 13.77527322 13.40710383 13.21550546 12.67178962 12.14378415 11.62909836
 11.00068306 10.55498634 10.15334699  9.97438525  9.94501366  9.66120219
  9.59392077  9.27459016  9.03449454  8.86782787  8.38251366  8.12260929
  7.97096995  7.72745902  7.64822404  7.55327869  7.42110656  7.21721311
  7.15778689  6.90163934  6.69228142  6.57308743  6.41666667  6.19262295]","[0.47438525 0.57308743 0.63900273 0.76331967 0.98019126 1.15744536
 1.29405738 1.98702186 2.83948087 4.56045082 6.24590164 6.69023224
 6.55874317 6.08606557 5.80737705 5.58094262 5.53312842 5.28586066
 5.08879781 4.92178962 4.65710383 4.57991803 4.68954918 4.73463115
 4.88319672 4.98599727 4.96789617 4.95286885 4.93818306 4.87670765
 4.73053279 4.30942623 4.02288251 3.56489071 3.17486339 3.03722678
 3.01844262 2.96379781 2.84050546 2.9101776  2.73326503 2.59665301
 2.47711749 2.43852459 2.39446721 2.35860656 2.51605191 2.61031421
 2.75887978 2.72506831 2.79747268 2.89754098 2.92144809 2.93647541
 2.9204235  2.90983607 2.93442623 2.97233607 2.9204235  2.89480874
 2.83811475 2.81079235 2.74146175 2.60689891 2.63114754 2.48053279
 2.36885246 2.27459016 2.1601776  2.14924863 2.20218579 2.16256831
 2.14480874 2.03415301 2.01127049 1.93579235 1.83094262 1.76741803
 1.65710383 1.56864754 1.54747268 1.51741803 1.51161202 1.48019126
 1.44808743 1.3818306  1.3545082  1.33879781 1.27356557 1.2329235
 1.20867486 1.18784153 1.22028689 1.16086066 1.1079235  1.12192623
 1.07752732 1.0136612  1.00990437 0.97062842 0.91837432 0.87090164]",99
96,"0.0,0.15,0.3,0.44999999999999996,0.6,0.75,0.8999999999999999,1.05,1.2,1.3499999999999999,1.5,1.65,1.7999999999999998,1.95,2.1,2.25,2.4,2.55,2.6999999999999997,2.85,3.0,3.15,3.3,3.4499999999999997,3.5999999999999996,3.75,3.9,4.05,4.2,4.35,4.5,4.6499999999999995,4.8,4.95,5.1,5.25,5.3999999999999995,5.55,5.7,5.85,6.0,6.1499999999999995,6.3,6.45,6.6,6.75,6.8999999999999995,7.05,7.199999999999999,7.35,7.5,7.6499999999999995,7.8,7.949999999999999,8.1,8.25,8.4,8.549999999999999,8.7,8.85,9.0,9.15,9.299999999999999,9.45,9.6,9.75,9.9,10.049999999999999,10.2,10.35,10.5,10.65,10.799999999999999,10.95,11.1,11.25,11.4,11.549999999999999,11.7,11.85,12.0,12.15,12.299999999999999,12.45,12.6,12.75,12.9,13.049999999999999,13.2,13.35,13.5,13.65,13.799999999999999,13.95,14.1,14.25,14.399999999999999,14.549999999999999,14.7,14.85,15.0,15.149999999999999",2007R_GLUT1_647_WGA_594_0002.nd2,2007,M,R,5,False,4.097550111358575,False,"[13.16458797 13.62138085 13.80734967 14.11158129 14.86013363 15.18752784
 15.48129176 16.83207127 17.86614699 19.81536748 21.27305122 22.38975501
 24.21536748 26.84587973 28.30356347 29.3233853  30.40623608 31.80489978
 35.26681514 37.52383073 42.13407572 46.42427617 50.53741648 53.39977728
 55.32806236 58.522049   60.26636971 61.18374165 63.6376392  64.11648107
 68.11893096 72.44342984 74.50022272 77.04187082 77.13363029 76.68507795
 76.95167038 76.3091314  75.39510022 75.45790646 72.65902004 70.7325167
 66.77505568 62.83162584 56.14610245 49.64187082 42.95144766 40.18619154
 36.69287305 34.87305122 32.45768374 28.65434298 25.37906459 22.60423163
 21.80868597 20.27327394 19.76726058 18.95300668 19.14097996 19.12583519
 18.64365256 18.52316258 18.51959911 18.22561247 18.10178174 18.08530067
 17.74587973 17.70400891 17.69109131 17.6545657  17.40378619 17.53919822
 17.39510022 17.5935412  17.25100223 17.24342984 17.29844098 17.3363029
 17.24832962 17.23340757 17.08218263 17.27683742 17.14097996 17.2389755
 17.03095768 17.01224944 16.82494432 16.97082405 16.94587973 16.88507795
 16.90623608 17.07082405 17.00289532 16.83585746 16.69755011 17.00155902
 16.95835189 16.8013363  16.84565702 16.65924276 16.9623608  16.77193764]","[1.99443207 2.04476615 2.08619154 2.08841871 2.15812918 2.18708241
 2.1986637  2.29888641 2.51959911 2.88040089 3.34721604 3.67461024
 4.20979955 4.89799555 5.10423163 5.45634744 5.8363029  6.20556793
 7.17683742 7.50400891 8.2688196  8.33095768 7.95634744 7.59020045
 7.26035635 6.73273942 6.5325167  6.50534521 6.22761693 6.1363029
 5.5610245  5.01269488 4.74387528 4.38908686 4.09755011 3.92048998
 3.86614699 3.90467706 3.80690423 3.85812918 3.89420935 3.90200445
 3.94187082 4.10846325 4.46503341 4.83273942 4.93429844 5.05144766
 4.87861915 4.97995546 4.90289532 5.01514477 4.99955457 5.13140312
 5.1233853  5.02004454 5.01870824 5.00311804 4.98195991 5.01002227
 4.93875278 4.94877506 5.03006682 5.09265033 5.11091314 5.2325167
 5.31380846 5.40757238 5.64565702 5.5298441  5.56080178 5.55389755
 5.57861915 5.85233853 5.86614699 6.04832962 6.05144766 5.98708241
 5.83964365 5.65233853 5.55077951 5.43875278 5.53229399 5.37772829
 5.37973274 5.14187082 4.96948775 4.88619154 4.78062361 4.9532294
 4.88218263 5.0545657  5.00668151 5.0623608  5.29465479 5.39910913
 5.43229399 5.59643653 5.50423163 5.46436526 5.35812918 5.32717149]","[ 4.86815145  5.26302895  5.57238307  5.95812918  6.79910913  7.68040089
  8.5986637  12.00155902 17.37216036 32.97483296 46.61781737 48.17216036
 39.5091314  30.26792873 27.57951002 26.0857461  25.18329621 23.79131403
 22.26837416 21.48641425 19.88552339 17.80556793 16.08418708 15.03875278
 14.20623608 13.20400891 12.74342984 12.50801782 11.96525612 11.75233853
 11.17995546 10.19621381  9.85679287  9.38084633  9.15812918  9.28396437
  9.23875278  9.31492205  9.34966592  9.35835189  9.58173719  9.78997773
 10.20289532 10.76436526 11.88552339 13.41069042 15.16971047 15.86926503
 16.79420935 17.24877506 17.94587973 18.91380846 19.77104677 20.46169265
 20.51224944 19.86926503 18.91180401 17.69487751 16.89732739 16.82160356
 16.58708241 16.23808463 15.56458797 14.96169265 14.62561247 14.08953229
 13.36436526 12.69821826 11.94432071 11.70890869 11.93184855 11.73853007
 11.53608018 11.07505568 10.94855234 10.45946548 10.08151448  9.77082405
  9.31113586  9.04877506  8.75412027  8.57260579  8.6169265   8.50534521
  8.33719376  8.12761693  7.91870824  7.73496659  7.36703786  7.22873051
  7.077951    6.94120267  6.91314031  6.83207127  6.77728285  6.61202673
  6.522049    6.41247216  6.29020045  6.15879733  6.04164811  5.84899777]","[0.48797327 0.5701559  0.66391982 0.75412027 0.93073497 1.1247216
 1.32048998 2.01492205 3.01670379 5.57394209 7.68195991 7.97394209
 7.31202673 6.35211581 6.08106904 5.89755011 5.8247216  5.67037862
 5.4908686  5.28819599 5.04231626 4.62271715 4.32293987 4.03875278
 3.87906459 3.60066815 3.45679287 3.41759465 3.25723831 3.13273942
 2.91826281 2.68841871 2.56770601 2.46213808 2.36592428 2.31581292
 2.30935412 2.30400891 2.27839644 2.26703786 2.25434298 2.27082405
 2.31180401 2.38262806 2.54432071 2.77171492 2.95946548 3.00244989
 3.07906459 3.10512249 3.17126949 3.27305122 3.30066815 3.32538976
 3.30534521 3.11492205 2.95523385 2.77639198 2.64966592 2.66993318
 2.56325167 2.58864143 2.48730512 2.33518931 2.28641425 2.23340757
 2.14231626 2.03006682 1.89554566 1.88485523 1.89398664 1.87884187
 1.85723831 1.78663697 1.73652561 1.68485523 1.6142539  1.50846325
 1.47104677 1.41291759 1.35478842 1.32538976 1.35679287 1.29910913
 1.2701559  1.24988864 1.20311804 1.18953229 1.11135857 1.08663697
 1.07260579 1.05991091 1.04008909 0.96481069 0.97884187 0.94432071
 0.9064588  0.88908686 0.86302895 0.8674833  0.81893096 0.78017817]",100
97,"0.0,0.15,0.3,0.44999999999999996,0.6,0.75,0.8999999999999999,1.05,1.2,1.3499999999999999,1.5,1.65,1.7999999999999998,1.95,2.1,2.25,2.4,2.55,2.6999999999999997,2.85,3.0,3.15,3.3,3.4499999999999997,3.5999999999999996,3.75,3.9,4.05,4.2,4.35,4.5,4.6499999999999995,4.8,4.95,5.1,5.25,5.3999999999999995,5.55,5.7,5.85,6.0,6.1499999999999995,6.3,6.45,6.6,6.75,6.8999999999999995,7.05,7.199999999999999,7.35,7.5,7.6499999999999995,7.8,7.949999999999999,8.1,8.25,8.4,8.549999999999999,8.7,8.85,9.0,9.15,9.299999999999999,9.45,9.6,9.75,9.9,10.049999999999999,10.2,10.35,10.5,10.65,10.799999999999999,10.95,11.1,11.25,11.4,11.549999999999999,11.7,11.85,12.0,12.15,12.299999999999999,12.45,12.6,12.75,12.9,13.049999999999999,13.2,13.35,13.5,13.65,13.799999999999999,13.95,14.1,14.25,14.399999999999999,14.549999999999999,14.7,14.85,15.0,15.149999999999999",2007R_GLUT1_647_WGA_594_0002.nd2,2007,M,R,5,False,4.004528681650453,False,"[16.14978195 17.3342838  18.30006709 19.43357934 21.75243207 24.13082858
 26.09057363 32.46091915 39.06927206 49.17276082 55.0967796  56.98775579
 59.21418987 60.47400201 61.30677625 62.25746394 62.3980208  63.63015767
 65.24639383 67.06088561 71.5967796  76.90389131 80.90171084 83.72257632
 85.64189869 87.42318014 88.54176451 88.35877222 88.81164039 88.98624623
 88.92435424 87.01123784 84.46259644 80.82203958 77.70211338 75.70848708
 75.31063402 74.81013083 73.14273734 73.26517947 70.28061053 68.05182825
 64.09308957 58.74538745 52.55836967 45.68919826 38.25159343 34.75561892
 31.35055351 29.98473667 27.55149279 25.36883596 23.13955049 21.25880577
 20.65363972 19.53874539 18.83679973 18.41865146 18.25729621 17.89885944
 17.82371687 17.8227105  17.45672593 17.42569608 17.06843341 17.25125797
 16.88544113 16.62042939 16.50603824 16.61254613 16.49983227 16.48490439
 16.56826568 16.35390808 16.39617578 16.38460248 16.26400537 16.21972492
 16.08252264 16.15129151 16.02398524 16.10231466 15.89298893 16.10130829
 15.98339483 15.95454545 15.89382757 15.99060718 15.73683328 15.85810131
 15.90992955 15.80040255 15.76735995 15.77490775 15.71888628 15.70546796
 15.76937269 15.58101308 15.63720228 15.62831265 15.57631667 15.7346528 ]","[1.89215029 1.93139886 1.93357934 1.97651795 2.0254948  2.05870513
 2.10063737 2.21855082 2.50922509 3.18601141 3.91462596 4.26618584
 4.39953036 4.21871855 4.14005367 4.14391144 4.07279436 4.06474337
 4.00704462 3.94632674 4.01811473 4.0063737  4.0904059  4.15313653
 4.08889634 4.06860114 4.09912781 4.15246562 4.12948675 4.06407246
 4.00452868 4.06759477 4.03086213 4.09141228 4.09694733 4.08034217
 4.18215364 4.22089903 4.27993962 4.14558873 4.33629654 4.31214358
 4.55635693 4.7155317  5.17494129 5.80979537 6.37588058 6.65951023
 6.91932238 7.16789668 7.46360282 7.93542435 8.44045622 8.09577323
 7.67058034 6.37856424 5.45823549 4.60784971 4.26568266 4.19607514
 4.1187521  4.00620597 3.86162362 3.75964441 3.75578665 3.63451862
 3.61975847 3.56843341 3.49916136 3.53539081 3.48373029 3.48591077
 3.48272392 3.47081516 3.48960081 3.43659846 3.4501845  3.35407581
 3.34082523 3.33931567 3.40841999 3.3493794  3.3493794  3.38141563
 3.41227776 3.38627977 3.39416303 3.38627977 3.39835626 3.36128816
 3.336632   3.36346863 3.31851728 3.31918819 3.31683999 3.36380409
 3.34149614 3.31130493 3.32136867 3.34099296 3.38493794 3.43944985]","[ 5.25662529  5.75763167  6.11573298  6.57614894  7.46041597  8.37520966
  9.22626635 12.3876216  16.80610533 28.69792016 45.72609862 54.20513251
 61.48238846 60.28497149 58.71771218 56.69942972 56.1506206  52.94213351
 49.24253606 45.95907414 40.49094264 35.56742704 31.72140221 29.30912445
 27.53337806 25.4988259  24.49815498 24.06826568 23.23264005 23.0051996
 22.2004361  21.37353237 21.13099631 21.10281785 21.33411607 21.64256961
 21.64558873 21.78480376 21.80912445 21.78430057 21.85441127 21.836632
 21.83193559 21.86816505 21.99949681 22.18064408 22.40741362 22.39516941
 22.39013754 22.38175109 22.27440456 21.96863469 21.13837638 20.05585374
 19.63166723 18.90204629 18.88560886 18.9936263  19.25712848 19.22878229
 19.37588058 19.36179135 19.13938276 18.7537739  18.37973834 17.84216706
 16.71251258 15.79117746 14.64273734 14.41747736 14.58856089 14.37235827
 14.06524656 13.33143241 13.11757799 12.29570614 11.48523985 11.04293861
 10.19423012  9.88862798  9.49446494  9.23213687  9.23163368  9.03840993
  8.8748742   8.61959074  8.31801409  8.10248239  7.67997316  7.44330761
  7.24421335  7.06608521  6.964106    6.77021134  6.78815834  6.5585374
  6.43257296  6.27037907  6.13300906  5.93391479  5.83176786  5.65045287]","[ 1.11388796  1.35357263  1.57463938  1.85675948  2.4374371   2.98171754
  3.50620597  5.27121771  7.66370346 13.2410265  19.36380409 22.32874874
 24.42955384 23.04142905 21.78849379 20.46075143 19.84518618 18.11539752
 15.00184502 13.1262999   9.98859443  7.78799061  6.36262999  5.62378397
  5.18131499  4.59208319  4.33998658  4.28111372  4.07262664  3.99916136
  3.72240859  3.45488091  3.36984233  3.28228782  3.26937269  3.25209661
  3.25008386  3.22358269  3.18903053  3.21704126  3.15213016  3.1952365
  3.25410936  3.29520295  3.38342838  3.41965783  3.45404227  3.49630996
  3.48406575  3.4988259   3.46628648  3.49496813  3.47668568  3.38242201
  3.2983898   3.2079839   3.16303254  3.07832942  3.02482388  3.01341832
  2.95387454  2.98020798  2.82858101  2.76467628  2.69624287  2.54059041
  2.37722241  2.21133848  2.04327407  1.99748407  2.03723583  2.02247568
  1.95521637  1.85709493  1.81801409  1.72475679  1.63250587  1.54528682
  1.50184502  1.42318014  1.34283797  1.3151627   1.31902046  1.27323046
  1.24890976  1.20412613  1.17108353  1.11170748  1.09208319  1.01408923
  1.0063737   0.96444146  0.97400201  0.93475344  0.91462596  0.90288494
  0.8406575   0.80811808  0.77272727  0.76216035  0.71888628  0.68869507]",101
98,"0.0,0.15,0.3,0.44999999999999996,0.6,0.75,0.8999999999999999,1.05,1.2,1.3499999999999999,1.5,1.65,1.7999999999999998,1.95,2.1,2.25,2.4,2.55,2.6999999999999997,2.85,3.0,3.15,3.3,3.4499999999999997,3.5999999999999996,3.75,3.9,4.05,4.2,4.35,4.5,4.6499999999999995,4.8,4.95,5.1,5.25,5.3999999999999995,5.55,5.7,5.85,6.0,6.1499999999999995,6.3,6.45,6.6,6.75,6.8999999999999995,7.05,7.199999999999999,7.35,7.5,7.6499999999999995,7.8,7.949999999999999,8.1,8.25,8.4,8.549999999999999,8.7,8.85,9.0,9.15,9.299999999999999,9.45,9.6,9.75,9.9,10.049999999999999,10.2,10.35,10.5,10.65,10.799999999999999,10.95,11.1,11.25,11.4,11.549999999999999,11.7,11.85,12.0,12.15,12.299999999999999,12.45,12.6,12.75,12.9,13.049999999999999,13.2,13.35,13.5,13.65,13.799999999999999,13.95,14.1,14.25,14.399999999999999,14.549999999999999,14.7,14.85,15.0,15.149999999999999",2007R_GLUT1_647_WGA_594_0002.nd2,2007,M,R,5,False,8.99525644826564,False,"[13.09576045 13.40631485 13.71049511 14.01734361 14.68692559 15.43892677
 16.15475838 18.67610436 20.79676846 22.33679217 21.88496887 21.12036763
 20.33768159 20.0185295  20.20975393 19.80254966 19.96546101 20.17625259
 20.08004744 20.25956122 20.80833086 21.46753632 22.64541951 23.72517047
 24.85176401 27.12451823 29.48562111 29.83990513 31.79217314 33.01008005
 36.54936259 41.30017788 43.64586422 46.38541358 48.89149125 50.54372962
 50.90201601 51.77734954 53.80180848 53.2825378  57.01437889 58.76489772
 60.83960866 61.77260599 59.85902757 56.17284317 49.69329973 46.76534243
 43.325378   41.39623481 38.27794248 34.71805514 29.94648681 25.71360806
 24.07293211 21.48591758 20.51348948 19.60702639 19.21998221 19.1391936
 18.93210792 18.71464572 18.4328491  18.3327898  18.22457753 17.94633857
 17.91506078 17.65713015 17.50118589 17.5391343  17.64245479 17.40557367
 17.55217907 17.3677735  17.49214349 17.12377705 17.16009487 17.20026682
 16.98665876 17.02208716 16.96649867 16.86851468 16.96249629 16.92795731
 16.94381856 16.86688408 16.65624074 16.69819152 16.62214646 16.6635043
 16.66172547 16.68514675 16.5148236  16.60969463 16.59442633 16.46249629
 16.67269493 16.46442336 16.54298844 16.45167507 16.57219093 16.35072636]","[ 1.95745627  1.98428698  2.00830122  2.02772013  2.06685443  2.11310406
  2.12244293  2.22472576  2.47479988  2.79721316  3.24488586  3.48384228
  3.83264157  4.12941002  4.18144085  4.33857101  4.42099022  4.65223836
  5.05277201  5.42054551  6.12614883  6.92943967  7.67817966  8.02327305
  8.37681589  8.96723985  9.31233323  9.48369404  9.701008    9.83975689
 10.03883783  9.73999407  9.55173436  9.44411503  9.56018381  9.46961162
  9.51067299  9.57752742  9.53157427  9.43062556  9.44337385  9.22917284
  9.19285503  8.99525645  8.80625556  8.73450934  8.65594426  8.48176697
  8.53809665  8.48739994  8.35902757  8.17358435  7.91965609  7.47554106
  7.11710643  6.27216128  5.62511118  4.80077083  4.46575749  4.43966795
  4.23124815  4.14897717  4.03809665  3.89653128  3.84242514  3.84361103
  3.72887637  3.67239846  3.66646902  3.61147347  3.62911355  3.63356063
  3.61992292  3.68158909  3.64467833  3.60939816  3.63089238  3.68188556
  3.69493033  3.68825971  3.70308331  3.67358435  3.67076786  3.64616069
  3.63074414  3.56996739  3.53290839  3.48814112  3.51230359  3.45597391
  3.45834569  3.47835755  3.44589386  3.45641862  3.47835755  3.45226801
  3.49540468  3.49407056  3.48873406  3.55914616  3.65223836  3.71597984]","[ 4.81411207  5.1577231   5.46071746  5.80788615  6.57530388  7.25348355
  7.97598577 10.96308924 15.33026979 28.07144975 42.78120368 45.73732582
 40.49481174 32.13000296 29.47302105 27.6095464  26.92247258 25.45300919
 24.44411503 23.80862733 22.76845538 21.83575452 21.1655796  20.85769345
 20.7846131  20.49896235 20.56566854 20.45152683 20.19611622 19.89727246
 18.87918767 16.28639194 14.52757189 12.11221465 10.40201601  9.71108805
  9.47079751  9.36332642  8.86747702  9.01245182  8.61147347  8.59264749
  8.73035873  8.92321376  9.32938037  9.68144085 10.29587904 10.63237474
 11.14453009 11.29009784 11.73465757 12.18544323 12.936555   13.99481174
 14.4777646  16.07263564 17.20174918 17.84464868 17.62377705 17.63267121
 17.27156834 17.0481767  16.36806997 15.44159502 15.12036763 14.34672398
 13.28550252 12.48206345 11.687815   11.54313667 11.76267418 11.57915802
 11.39060184 11.04224726 10.85087459 10.43077379  9.90290543  9.67328787
  9.1466054   8.86836644  8.67106433  8.45493626  8.4793952   8.3496887
  8.29602728  8.08464275  7.86806997  7.60984287  7.30447673  7.02193893
  6.88571005  6.66973021  6.60332049  6.51956715  6.44693151  6.31099911
  6.19700563  6.07011562  5.9962941   5.86599466  5.7434035   5.66217017]","[0.57915802 0.67640083 0.76326712 0.86643937 1.08286392 1.2677142
 1.44633857 2.13519122 3.1301512  5.56937444 8.06996739 8.57945449
 8.28906018 7.63474652 7.44367032 7.33293804 7.30655203 7.26356359
 7.19300326 7.20130448 7.03290839 6.61236288 6.28505781 6.01067299
 5.7603024  5.62214646 5.5206048  5.49169878 5.42158316 5.30640379
 5.03379781 4.41150311 4.01541654 3.34954047 2.87088645 2.66913727
 2.58968277 2.56225912 2.362437   2.38541358 2.1766973  2.14719834
 2.0745627  2.01630596 2.04491551 2.12896531 2.21390454 2.29261785
 2.36792173 2.39089831 2.45819745 2.55959087 2.69982212 2.82463682
 2.85843463 2.97346576 2.97687519 2.86021346 2.7302105  2.69241032
 2.61310406 2.60806404 2.45197154 2.30492143 2.25704121 2.1503113
 1.99733175 1.87296176 1.7656389  1.78357545 1.80121554 1.77749778
 1.74355173 1.68825971 1.63296768 1.59501927 1.49184702 1.45375037
 1.39475245 1.32745331 1.29039431 1.25867181 1.26786244 1.25733768
 1.22961755 1.19300326 1.16943374 1.10539579 1.06700267 1.01927068
 0.98458346 0.96946339 0.95078565 0.90705603 0.91654314 0.90498073
 0.84064631 0.82448859 0.80862733 0.79884376 0.761933   0.73539875]",102
99,"0.0,0.15,0.3,0.44999999999999996,0.6,0.75,0.8999999999999999,1.05,1.2,1.3499999999999999,1.5,1.65,1.7999999999999998,1.95,2.1,2.25,2.4,2.55,2.6999999999999997,2.85,3.0,3.15,3.3,3.4499999999999997,3.5999999999999996,3.75,3.9,4.05,4.2,4.35,4.5,4.6499999999999995,4.8,4.95,5.1,5.25,5.3999999999999995,5.55,5.7,5.85,6.0,6.1499999999999995,6.3,6.45,6.6,6.75,6.8999999999999995,7.05,7.199999999999999,7.35,7.5,7.6499999999999995,7.8,7.949999999999999,8.1,8.25,8.4,8.549999999999999,8.7,8.85,9.0,9.15,9.299999999999999,9.45,9.6,9.75,9.9,10.049999999999999,10.2,10.35,10.5,10.65,10.799999999999999,10.95,11.1,11.25,11.4,11.549999999999999,11.7,11.85,12.0,12.15,12.299999999999999,12.45,12.6,12.75,12.9,13.049999999999999,13.2,13.35,13.5,13.65,13.799999999999999,13.95,14.1,14.25,14.399999999999999,14.549999999999999,14.7,14.85,15.0,15.149999999999999",2007R_GLUT1_647_WGA_594_0002.nd2,2007,M,R,5,False,3.527994929220368,False,"[13.07690682 13.37988591 13.64673569 13.89055567 14.46038453 14.8757659
 15.47115994 16.45256708 17.50496514 19.36932178 21.04267906 21.69807733
 23.85294739 25.91168392 27.11366998 28.15888443 28.65391929 30.29051342
 33.2002958  35.2195225  40.57891401 46.05979294 50.16564547 53.57743503
 55.47749842 58.08979506 59.29579548 59.70103528 60.52461441 61.09148532
 62.05958166 63.34354532 64.02028312 65.94295373 68.75385591 70.1375449
 70.76442003 70.86837101 72.87132897 72.18275935 73.08070991 72.65729981
 69.88168181 65.86668075 59.37946334 51.01014156 41.9385168  37.76885696
 33.57236425 31.64145362 28.80477498 26.00190154 23.64631312 21.69659835
 21.04120008 20.22353687 19.5922248  18.97549123 18.64145362 18.60574688
 18.51405029 18.45658145 18.20050708 17.98985844 18.0289457  17.95182759
 17.79801394 17.63617156 17.41770547 17.3148109  17.47580816 17.49904923
 17.08916121 17.2653708  17.36129305 17.0881048  17.25396155 17.15888443
 17.23135432 17.06063807 17.13585464 17.05049651 17.08134376 17.16458906
 17.00739489 16.97908303 16.79780266 16.81512783 16.83731249 16.8721741
 16.95753222 16.82907247 16.69617579 16.78090006 16.73082611 16.82759349
 16.76758927 16.7346292  16.63257976 16.56518065 16.56982886 16.56032115]","[1.87851257 1.90809212 1.94295373 1.96239172 1.98394253 2.04394676
 2.02133953 2.18529474 2.42404395 2.78090006 3.39678851 3.84449609
 4.80878935 5.72892457 5.97401225 6.22628354 6.3896049  6.41031059
 6.41474752 6.16987112 5.49102049 4.86118741 4.52757236 4.39573209
 4.2689626  4.13500951 4.21867737 4.26114515 4.1918445  4.26220156
 4.16141982 4.08831608 3.92837524 3.73695331 3.67356856 3.66786393
 3.67145574 3.69807733 3.60004226 3.64504543 3.52799493 3.51278259
 3.44052398 3.47221635 3.55208113 3.5922248  3.57088527 3.62138179
 3.56074371 3.55525037 3.58799915 3.64462286 3.61250792 3.59074583
 3.52672723 3.51130361 3.55841961 3.57468836 3.40671878 3.52271287
 3.45256708 3.42045214 3.39045003 3.43122755 3.41432495 3.43608705
 3.40439468 3.40693007 3.43418551 3.43334038 3.43925629 3.44791887
 3.4234101  3.41094443 3.38009719 3.40418339 3.38939362 3.34650327
 3.42995986 3.38136488 3.36868794 3.42383266 3.43080499 3.40502852
 3.45531375 3.43101627 3.41094443 3.43756603 3.45193323 3.38157617
 3.44834143 3.47559687 3.43925629 3.37988591 3.42383266 3.51721952
 3.54341855 3.62750898 3.78216776 3.98922459 4.30804986 4.78237904]","[ 4.85675048  5.2533277   5.54088316  5.90365519  6.70885274  7.61081766
  8.37692795 11.7346292  16.31861399 28.54637651 40.42848088 42.34164378
 37.07183604 30.64715825 28.70526093 27.6091274  27.01352208 25.96556095
 25.0217621  24.48700613 23.1085992  21.71857173 20.70462709 20.02662159
 19.53137545 18.95563068 18.69047116 18.47601944 18.09571097 17.98035073
 17.31459962 16.37798437 15.85738432 14.88928798 13.87259666 13.26494824
 13.10352842 13.02873442 12.40101416 12.48510458 11.91400803 11.91083879
 12.22818508 13.0169026  14.2871329  15.99387281 17.70420452 18.51130361
 19.51003592 20.02028312 20.73145996 21.99704205 23.20325375 23.74984154
 23.66744137 22.82526939 21.67483626 20.43650961 19.74794    19.66321572
 19.20642299 18.81386013 18.07183604 17.24783435 16.80794422 16.186985
 15.13965772 14.31016269 13.42256497 13.32051553 13.55334883 13.30614832
 13.02324107 12.5320093  12.38749208 11.76695542 11.10289457 10.80160575
 10.23219945  9.90281006  9.60469047  9.42087471  9.45700401  9.26790619
  9.16965984  8.90069723  8.64124234  8.44242552  7.9964082   7.71540249
  7.51130361  7.25375026  7.20240862  7.06697655  7.0120431   6.75660258
  6.65032749  6.48742869  6.32833298  6.20536658  6.0904289   5.8806254 ]","[0.52165645 0.61609973 0.6959645  0.80604268 0.99746461 1.21762096
 1.40016903 2.12233256 3.0819776  5.32199451 7.38516797 7.97358969
 7.69385168 7.0361293  6.76653285 6.63025565 6.53644623 6.31016269
 6.09190788 5.90935981 5.49482358 5.16311008 4.92858652 4.63236848
 4.60828227 4.33551659 4.3027678  4.21381787 4.17599831 4.14008029
 3.96196915 3.79125291 3.78216776 3.65455314 3.58461864 3.53750264
 3.51679696 3.45531375 3.38791464 3.32791042 3.27107543 3.26241285
 3.25544052 3.336573   3.49017536 3.60447919 3.83963659 3.88717515
 3.95605324 3.98077329 4.04183393 4.09486584 4.05451088 3.94337629
 3.82400169 3.57151912 3.32283964 3.10838791 2.94654553 2.96175787
 2.91569829 2.89245722 2.75470104 2.61229664 2.53729136 2.44580604
 2.30572576 2.1664906  2.02957955 2.04035495 2.04479189 1.99767589
 1.99788718 1.91168392 1.88463976 1.78132263 1.67356856 1.64187619
 1.58377351 1.5596873  1.46228608 1.44474963 1.44369322 1.43228396
 1.41580393 1.36213818 1.31988168 1.27952673 1.22353687 1.15085569
 1.10944433 1.08937249 1.06253962 1.02218466 1.01732516 0.97020917
 0.9300655  0.9083034  0.89309106 0.87111768 0.82907247 0.81259244]",103
100,"0.0,0.15,0.3,0.44999999999999996,0.6,0.75,0.8999999999999999,1.05,1.2,1.3499999999999999,1.5,1.65,1.7999999999999998,1.95,2.1,2.25,2.4,2.55,2.6999999999999997,2.85,3.0,3.15,3.3,3.4499999999999997,3.5999999999999996,3.75,3.9,4.05,4.2,4.35,4.5,4.6499999999999995,4.8,4.95,5.1,5.25,5.3999999999999995,5.55,5.7,5.85,6.0,6.1499999999999995,6.3,6.45,6.6,6.75,6.8999999999999995,7.05,7.199999999999999,7.35,7.5,7.6499999999999995,7.8,7.949999999999999,8.1,8.25,8.4,8.549999999999999,8.7,8.85,9.0,9.15,9.299999999999999,9.45,9.6,9.75,9.9,10.049999999999999,10.2,10.35,10.5,10.65,10.799999999999999,10.95,11.1,11.25,11.4,11.549999999999999,11.7,11.85,12.0,12.15,12.299999999999999,12.45,12.6,12.75,12.9,13.049999999999999,13.2,13.35,13.5,13.65,13.799999999999999,13.95,14.1,14.25,14.399999999999999,14.549999999999999,14.7,14.85,15.0,15.149999999999999",2007R_GLUT1_647_WGA_594_0002.nd2,2007,M,R,5,False,4.552430122841375,False,"[12.7155065  12.80541214 13.03578423 13.04753427 13.61847962 13.7407869
 14.14313691 14.86309418 15.9569165  17.06871996 17.93395051 18.30567919
 18.50934663 18.68808973 18.77835143 18.89567385 18.84440093 18.90546555
 18.98931814 19.15773545 19.56400214 19.89051095 20.72351789 21.10948905
 21.81520385 23.04628805 23.85454869 24.05429945 25.18639843 25.67865409
 27.73437778 31.38703934 33.88303365 37.93644294 43.01744704 46.47498665
 47.46056614 48.26740253 52.65444187 51.43688802 59.31760726 63.77051807
 69.94854905 74.7683817  77.82998042 78.20758412 75.03257967 72.52180879
 68.04593199 65.51539968 60.54958163 52.14313691 41.61990386 31.73865053
 29.07637529 24.99875378 22.55883924 21.15328467 20.58394161 20.30550116
 19.99519316 19.71176785 19.60103258 19.06533737 18.87324194 18.72957095
 18.34787253 18.16984155 18.12747018 17.94676874 18.09667082 18.07174648
 17.80719245 17.75075663 17.75538544 17.5867901  17.5063201  17.38294463
 17.39291437 17.27844045 17.35908848 17.16325441 17.21915613 17.22627737
 17.01103792 17.20420153 16.99519316 16.79971515 16.70642692 17.01068186
 17.03614029 17.02100766 17.12515578 16.75040057 16.71301406 16.94570055
 17.01103792 16.71372619 16.86238205 16.62898344 16.73224141 16.66654798]","[ 1.97293929  1.97115898  2.0327577   2.04735624  2.10094356  2.14313691
  2.14384903  2.29410717  2.50293751  2.80968489  3.33024746  3.65996083
  4.03720847  4.45148656  4.67295709  4.90279509  4.93074595  5.44418729
  6.12693609  6.93857931  8.57147944 10.04432971 10.59088481 10.50097917
 10.41178565 10.44187289 10.24781912 10.32793306 10.48246395 10.62844935
 11.00498487 10.50418373  9.86309418  8.4206872   7.51237315  7.32579669
  7.33363005  7.20794018  6.99928788  7.16699306  6.84813958  6.6925405
  6.42015311  5.95246573  5.22574328  4.55243012  3.89175717  3.78921132
  3.5666726   3.56329001  3.53640733  3.50418373  3.6218622   3.8413744
  3.94089372  3.97970447  3.93786719  3.86327221  3.70963148  3.75235891
  3.57219156  3.6298736   3.54299448  3.58572192  3.5816272   3.58625601
  3.59319922  3.6045932   3.5741499   3.59230906  3.54566495  3.568987
  3.52590351  3.54851344  3.47658893  3.50275948  3.47017981  3.511483
  3.57842265  3.55474453  3.59515756  3.56774079  3.60441517  3.60121061
  3.59729393  3.6017447   3.60637351  3.6373509   3.63040769  3.65283959
  3.65052519  3.81662809  3.73651415  3.89816628  3.90048068  4.11340573
  4.31369058  4.43973651  4.66085099  4.87039345  5.0126402   5.02403418]","[ 4.92736336  5.26704647  5.62310842  5.93555279  6.87965106  7.69182838
  8.45255474 11.98878405 17.24354638 32.32277016 47.14705359 48.70713904
 39.29321702 29.59693787 27.19120527 25.59213103 25.28306925 24.07690938
 23.52341107 23.431013   23.23019405 22.70500267 21.81413566 21.21132277
 20.63610468 19.76161652 19.42228948 19.35534983 19.05536763 18.93911341
 18.57860068 18.00587502 17.28556169 16.1741143  15.04165925 14.58750223
 14.52714972 14.46234645 13.91027239 14.0500267  13.21630764 12.64465017
 11.71087769 10.69805946  9.98646965  9.29677764  9.0505608   9.12960655
  9.60957807  9.82196902 10.4586078  11.59515756 13.5844757  16.10521631
 16.99341285 18.69859356 19.14669753 18.68933594 18.10521631 18.08919352
 17.72049137 17.25066762 16.5971159  15.75146876 15.53284672 14.85241232
 14.01281823 13.19921666 12.38721738 12.2344668  12.43314937 12.18123553
 11.98522343 11.5137974  11.31707317 10.72440805 10.29108065  9.9270073
  9.40377426  9.13868613  8.83300694  8.712658    8.7402528   8.55456649
  8.53587324  8.24497062  8.01085989  7.84867367  7.54103614  7.3097739
  7.17429233  7.08545487  6.96617411  6.8919352   6.85472672  6.66815026
  6.54477479  6.32259213  6.23268649  6.05821613  5.96688624  5.77799537]","[0.49296778 0.58269539 0.6448282  0.73882856 0.92843155 1.09969735
 1.23927363 1.9120527  2.87769272 5.23873954 7.41979704 7.72423002
 6.8867723  5.94641268 5.64892291 5.44258501 5.44970625 5.31191027
 5.34270963 5.35178921 5.32633078 5.31742923 5.24853124 5.22912587
 5.20705003 5.03756454 5.02830693 5.00551896 4.86612071 4.80968489
 4.60548335 4.1085989  3.82926829 3.41979704 3.13316717 2.99857575
 2.96528396 2.92504896 2.82303721 2.79205982 2.59284315 2.5137974
 2.27861848 2.08474275 1.95086345 1.86184796 1.80968489 1.82677586
 1.92113228 1.9522877  2.05340929 2.32615275 2.6672601  2.99839772
 3.09951932 3.22770162 3.1057504  2.92949973 2.75431725 2.7459498
 2.66049493 2.60121061 2.44917216 2.34359979 2.29179277 2.17215596
 2.09168595 1.99056436 1.85899947 1.84546911 1.88944276 1.8310486
 1.83318497 1.76784761 1.71532847 1.6649457  1.57557415 1.49350187
 1.40858109 1.3476945  1.30105038 1.27363361 1.27826242 1.24354638
 1.2218266  1.18461812 1.16877337 1.11589817 1.08296244 1.03952288
 1.00783336 1.00053409 0.96706427 0.96065515 0.92878761 0.93590885
 0.89157913 0.85561688 0.83425316 0.85419263 0.80309774 0.78315827]",104
101,"0.0,0.15,0.3,0.44999999999999996,0.6,0.75,0.8999999999999999,1.05,1.2,1.3499999999999999,1.5,1.65,1.7999999999999998,1.95,2.1,2.25,2.4,2.55,2.6999999999999997,2.85,3.0,3.15,3.3,3.4499999999999997,3.5999999999999996,3.75,3.9,4.05,4.2,4.35,4.5,4.6499999999999995,4.8,4.95,5.1,5.25,5.3999999999999995,5.55,5.7,5.85,6.0,6.1499999999999995,6.3,6.45,6.6,6.75,6.8999999999999995,7.05,7.199999999999999,7.35,7.5,7.6499999999999995,7.8,7.949999999999999,8.1,8.25,8.4,8.549999999999999,8.7,8.85,9.0,9.15,9.299999999999999,9.45,9.6,9.75,9.9,10.049999999999999,10.2,10.35,10.5,10.65,10.799999999999999,10.95,11.1,11.25,11.4,11.549999999999999,11.7,11.85,12.0,12.15,12.299999999999999,12.45,12.6,12.75,12.9,13.049999999999999,13.2,13.35,13.5,13.65,13.799999999999999,13.95,14.1,14.25,14.399999999999999,14.549999999999999,14.7,14.85,15.0,15.149999999999999",2007R_GLUT1_647_WGA_594_0002.nd2,2007,M,R,5,True,36.39243876464324,False,"[13.12619808 13.4286475  13.68530351 13.65335463 14.22310969 14.48668797
 14.70394036 15.5713525  16.5942492  18.         19.36954207 19.75878594
 20.7113951  21.77316294 22.27263046 23.25825346 22.42971246 23.56389776
 24.95953142 25.6629393  27.49307774 29.13312034 30.93024494 32.33759318
 34.59957401 37.32374867 39.28753994 40.20553781 41.88019169 43.48881789
 47.45633653 55.22364217 59.93397231 66.76730564 73.47550586 77.23109691
 78.87646432 79.2513312  81.98242812 80.47870075 83.87007455 85.21458999
 84.01544196 79.08998935 73.75931842 67.16879659 60.87965921 58.29872204
 55.19275825 53.10330138 50.2971246  46.54153355 40.1171459  32.9227902
 29.95580405 24.79286475 22.49414271 21.34611289 20.58519702 20.58998935
 20.06230032 19.94089457 19.08785942 19.07827476 18.78807242 18.60809372
 18.01650692 18.36900958 17.95367412 17.86474973 17.9371672  17.60330138
 17.65548456 17.88391906 17.39084132 17.60702875 17.59478168 17.09158679
 17.25505857 17.2172524  16.92598509 17.09797657 17.43769968 16.80883919
 17.11874334 17.0713525  17.02342918 16.7486688  16.85250266 16.69488818
 16.90628328 16.81576145 16.82268371 16.64376997 16.62886049 16.53833866
 16.5484558  16.78966986 16.61075612 16.49680511 16.41586794 16.7284345 ]","[ 2.0628328   2.14749734  2.12193823  2.25825346  2.28966986  2.31043663
  2.40042599  2.51331203  2.74068158  3.1341853   3.63631523  4.02875399
  4.51650692  5.16719915  5.47550586  5.84451544  5.85250266  6.14323749
  6.78061768  7.37912673  8.3200213   9.71352503 11.13738019 12.41586794
 13.34664537 15.72949947 15.9914803  16.80777423 17.72523962 18.64430245
 20.61767838 22.8743344  24.62460064 27.23588924 30.24707135 31.23801917
 31.99307774 32.18157614 33.54259851 33.45047923 35.29020234 36.11075612
 36.39243876 36.32481363 36.11235357 35.63897764 34.33546326 33.60596379
 32.65228967 31.86741214 31.08626198 30.         27.20926518 23.7028754
 22.21671991 17.30244941 13.62193823  9.55537806  8.27050053  7.88391906
  7.41799787  7.26304579  6.53461129  5.87007455  5.65921193  5.14323749
  4.86954207  4.56922258  4.32747604  4.43503727  4.36048988  4.3343983
  4.34238552  4.16932907  4.29179979  4.16613419  4.07880724  4.09211928
  4.08200213  3.94462194  3.98881789  3.79925453  3.8743344   3.7886049
  3.66986155  3.73588924  3.73908413  3.81309904  3.68956337  3.81363152
  3.65601704  3.8056443   3.87007455  3.82161874  3.82481363  4.02236422
  3.99893504  4.11235357  3.96432375  4.11395101  4.37965921  4.86474973]","[ 4.99094782  5.34877529  5.78434505  6.19275825  7.33599574  8.31948882
  9.13951012 12.88125666 18.10809372 29.40681576 41.58359957 43.78913738
 39.66134185 32.79818956 30.39350373 27.89243876 27.57880724 24.86421725
 23.13791267 22.47550586 21.73801917 21.65761448 21.49893504 21.71831736
 21.69169329 21.2113951  21.38658147 21.12726305 20.85250266 20.62406816
 20.02981896 18.66134185 18.07401491 17.         15.75772098 15.10702875
 14.82960596 14.7172524  14.01224707 14.42492013 12.97284345 12.171459
 11.65228967 11.37912673 11.48242812 11.73109691 12.2199148  12.33652822
 12.72736954 12.7800852  12.91160809 13.01384452 13.47337593 14.4313099
 15.15015974 17.47071353 19.60649627 21.23961661 21.42545261 21.5543131
 21.56549521 21.21299255 20.63897764 20.04952077 19.70340788 18.9371672
 17.82268371 16.80511182 15.68157614 15.51544196 15.60756124 15.52342918
 15.28168264 14.53354633 14.27103301 13.31522897 12.57028754 12.26996805
 11.6001065  11.07827476 10.7113951  10.37486688 10.46219382 10.30404686
 10.14376997  9.76943557  9.54100106  9.32321619  8.93769968  8.70979766
  8.54419595  8.16932907  8.00692226  7.91320554  7.7800852   7.55644302
  7.32108626  7.09584665  6.84504792  6.671459    6.33865815  6.21352503]","[0.45207668 0.51863685 0.61874334 0.69009585 0.90788072 1.05324814
 1.26091587 1.7827476  2.53674121 4.07827476 5.40042599 5.75665602
 5.48349308 4.93184239 4.70447284 4.54259851 4.49520767 4.30085197
 4.15282215 4.08146965 4.08359957 4.02715655 4.09158679 4.01171459
 4.07028754 4.03354633 4.00372737 4.00745474 3.9227902  3.842918
 3.77848775 3.60756124 3.46911608 3.24920128 2.89776358 2.74174654
 2.70447284 2.69222577 2.52129925 2.49520767 2.25239617 2.06549521
 1.93982961 1.88072417 1.88019169 1.95580405 2.06070288 2.06815761
 2.10330138 2.11927583 2.16879659 2.29126731 2.28115016 2.52715655
 2.70340788 2.99201278 3.20021299 3.21246006 3.16134185 3.15814696
 3.12673056 3.13205538 2.97390841 2.86102236 2.70447284 2.66453674
 2.48189563 2.32694356 2.18370607 2.12886049 2.23642173 2.10702875
 2.09105431 2.02822151 1.97177849 1.85463259 1.74707135 1.6629393
 1.6315229  1.56443024 1.55750799 1.49414271 1.47390841 1.44941427
 1.41906283 1.39936102 1.38391906 1.29073482 1.23375932 1.18423855
 1.17092652 1.11980831 1.12087327 1.05537806 1.11767838 1.03301384
 0.96059638 0.93077742 0.87220447 0.85356763 0.80244941 0.7886049 ]",105
102,"0.0,0.15,0.3,0.44999999999999996,0.6,0.75,0.8999999999999999,1.05,1.2,1.3499999999999999,1.5,1.65,1.7999999999999998,1.95,2.1,2.25,2.4,2.55,2.6999999999999997,2.85,3.0,3.15,3.3,3.4499999999999997,3.5999999999999996,3.75,3.9,4.05,4.2,4.35,4.5,4.6499999999999995,4.8,4.95,5.1,5.25,5.3999999999999995,5.55,5.7,5.85,6.0,6.1499999999999995,6.3,6.45,6.6,6.75,6.8999999999999995,7.05,7.199999999999999,7.35,7.5,7.6499999999999995,7.8,7.949999999999999,8.1,8.25,8.4,8.549999999999999,8.7,8.85,9.0,9.15,9.299999999999999,9.45,9.6,9.75,9.9,10.049999999999999,10.2,10.35,10.5,10.65,10.799999999999999,10.95,11.1,11.25,11.4,11.549999999999999,11.7,11.85,12.0,12.15,12.299999999999999,12.45,12.6,12.75,12.9,13.049999999999999,13.2,13.35,13.5,13.65,13.799999999999999,13.95,14.1,14.25,14.399999999999999,14.549999999999999,14.7,14.85,15.0,15.149999999999999",2007R_GLUT1_647_WGA_594_0002.nd2,2007,M,R,5,True,36.94470989761092,False,"[13.08737201 13.3556314  13.53447099 13.57337884 14.16791809 14.50784983
 14.65870307 15.38088737 16.42866894 17.61638225 18.87167235 18.93651877
 19.39180887 19.99522184 20.44914676 20.91604096 20.09556314 20.9331058
 21.97610922 22.41706485 23.9221843  25.07713311 26.77201365 28.07030717
 29.75904437 32.21638225 33.84778157 34.53105802 36.16928328 37.33993174
 40.50648464 46.6559727  50.40819113 56.56860068 64.24709898 69.46416382
 71.91945392 72.48668942 76.19044369 74.16860068 79.3890785  81.74812287
 80.94607509 77.27372014 72.49829352 67.17064846 63.12901024 60.92423208
 58.26143345 56.24778157 54.36791809 50.70716724 43.66552901 35.29351536
 32.10511945 26.19453925 23.34539249 22.07918089 20.94880546 21.11331058
 20.66825939 20.25119454 19.38771331 19.12901024 19.01638225 18.77474403
 18.3112628  18.40136519 18.24982935 18.02047782 18.23071672 17.75904437
 17.76177474 17.98634812 17.46211604 17.48191126 17.59590444 17.45051195
 17.58156997 17.28668942 17.23549488 17.3665529  17.40204778 17.10170648
 17.19522184 17.20955631 17.17337884 16.85051195 16.80682594 16.75085324
 16.98976109 16.98020478 16.77064846 16.51945392 16.8334471  16.67030717
 16.54744027 16.78293515 16.56382253 16.63003413 16.578157   16.59795222]","[ 2.01843003  2.1105802   2.07440273  2.18430034  2.19658703  2.19658703
  2.28737201  2.3774744   2.55631399  2.90238908  3.30511945  3.65255973
  3.83890785  4.19931741  4.21569966  4.32354949  4.33583618  4.36245734
  4.50307167  4.77064846  5.1331058   6.02457338  7.0559727   7.99863481
  8.76518771 11.02935154 11.221843   11.97474403 12.82116041 13.72013652
 15.90170648 18.56860068 20.50511945 23.79112628 28.03754266 29.7556314
 30.71262799 30.92627986 33.26757679 32.60341297 35.40136519 36.48054608
 36.9447099  37.02389078 36.40068259 36.15221843 35.52559727 35.17201365
 34.40409556 33.68122867 33.10648464 32.38703072 29.83686007 26.30648464
 24.64163823 18.93515358 14.74744027 10.36723549  8.90853242  8.52764505
  7.99658703  7.74539249  7.12013652  6.43686007  6.07645051  5.44505119
  5.03276451  4.62935154  4.32764505  4.41843003  4.3447099   4.3003413
  4.36791809  4.10853242  4.13720137  3.92969283  3.87167235  3.85324232
  3.80955631  3.71399317  3.8         3.68395904  3.72013652  3.54266212
  3.5003413   3.58976109  3.57064846  3.69010239  3.61501706  3.70648464
  3.59590444  3.62593857  3.66416382  3.6552901   3.65733788  3.9331058
  3.91262799  4.14744027  4.08532423  4.31262799  4.80546075  5.70443686]","[ 4.96587031  5.35221843  5.82866894  6.26075085  7.31740614  8.35153584
  9.221843   12.85392491 18.14880546 29.47098976 41.42525597 43.45938567
 38.8443686  31.81569966 29.23754266 26.85255973 26.38020478 23.82525597
 22.20955631 21.76587031 21.34266212 21.79180887 22.20136519 22.55017065
 22.79931741 22.4225256  22.62116041 22.50511945 22.27030717 22.10375427
 21.74334471 21.02047782 20.65802048 19.7883959  18.71535836 17.96450512
 17.56177474 17.49283276 16.40136519 16.91194539 14.7440273  13.66962457
 12.69556314 12.28464164 12.37883959 12.55699659 12.83959044 12.8443686
 13.21569966 13.1883959  13.27235495 13.23822526 13.71604096 14.71194539
 15.4668942  17.86894198 20.18361775 22.0443686  22.32491468 22.39863481
 22.36109215 22.12423208 21.3556314  20.78430034 20.38293515 19.79317406
 18.4996587  17.45119454 16.34607509 16.09692833 16.22866894 16.18976109
 15.77406143 15.15972696 14.78088737 13.86552901 13.23139932 12.83959044
 12.02457338 11.50102389 11.06143345 10.71604096 10.74061433 10.47440273
 10.33788396  9.85665529  9.57883959  9.31877133  8.88327645  8.60341297
  8.41979522  8.06962457  7.8778157   7.7337884   7.69146758  7.38976109
  7.18293515  7.00887372  6.72901024  6.5774744   6.30989761  6.23071672]","[0.44846416 0.52627986 0.61979522 0.69692833 0.89624573 1.05870307
 1.27303754 1.83003413 2.58566553 4.10648464 5.43686007 5.69488055
 5.30102389 4.69556314 4.47372014 4.26825939 4.19590444 3.97337884
 3.82320819 3.79931741 3.83412969 3.79453925 3.96040956 3.9556314
 4.09624573 4.13515358 4.08600683 4.15426621 4.10921502 4.09283276
 4.14061433 4.01638225 3.89419795 3.84368601 3.47918089 3.27918089
 3.23481229 3.22047782 3.02730375 2.97337884 2.64778157 2.43139932
 2.1883959  2.1337884  2.09829352 2.20341297 2.13515358 2.13720137
 2.10511945 2.12764505 2.20204778 2.23754266 2.19863481 2.43481229
 2.66211604 2.96245734 3.24641638 3.22389078 3.17269625 3.14744027
 3.12150171 3.13651877 2.97406143 2.86211604 2.71877133 2.72901024
 2.50580205 2.37406143 2.21569966 2.13856655 2.25392491 2.1221843
 2.0887372  2.06825939 1.97474403 1.86757679 1.77337884 1.68259386
 1.67167235 1.59590444 1.55290102 1.49146758 1.46279863 1.45665529
 1.41911263 1.35767918 1.37474403 1.25392491 1.18566553 1.13447099
 1.11877133 1.07098976 1.06279863 1.03071672 1.08464164 0.96928328
 0.93788396 0.90170648 0.84027304 0.82593857 0.77064846 0.78703072]",106
103,"0.0,0.15,0.3,0.44999999999999996,0.6,0.75,0.8999999999999999,1.05,1.2,1.3499999999999999,1.5,1.65,1.7999999999999998,1.95,2.1,2.25,2.4,2.55,2.6999999999999997,2.85,3.0,3.15,3.3,3.4499999999999997,3.5999999999999996,3.75,3.9,4.05,4.2,4.35,4.5,4.6499999999999995,4.8,4.95,5.1,5.25,5.3999999999999995,5.55,5.7,5.85,6.0,6.1499999999999995,6.3,6.45,6.6,6.75,6.8999999999999995,7.05,7.199999999999999,7.35,7.5,7.6499999999999995,7.8,7.949999999999999,8.1,8.25,8.4,8.549999999999999,8.7,8.85,9.0,9.15,9.299999999999999,9.45,9.6,9.75,9.9,10.049999999999999,10.2,10.35,10.5,10.65,10.799999999999999,10.95,11.1,11.25,11.4,11.549999999999999,11.7,11.85,12.0,12.15,12.299999999999999,12.45,12.6,12.75,12.9,13.049999999999999,13.2,13.35,13.5,13.65,13.799999999999999,13.95,14.1,14.25,14.399999999999999,14.549999999999999,14.7,14.85,15.0,15.149999999999999",2007R_GLUT1_647_WGA_594_0002.nd2,2007,M,R,5,False,2.975815158713021,False,"[13.79723602 14.30209458 14.86676744 15.20060462 16.3483049  16.97711078
 17.8797236  20.65039948 23.45260203 27.8222846  30.01446772 30.21464047
 29.67328871 29.33448499 29.46167135 29.48456057 29.53508961 30.00215936
 30.43424746 31.10213777 31.989851   33.96134744 35.74368387 36.80479378
 38.42453034 40.12157201 40.97840639 41.53573742 42.209458   42.39451522
 43.68127834 44.30058303 44.1777154  41.591233   38.62578277 36.37227381
 35.71474843 35.03347009 32.3405312  32.89419132 28.90952278 27.31828979
 25.31677823 23.22586914 21.51004103 20.12977759 18.88879292 18.53206651
 18.17685165 18.00151155 17.77909739 17.4003455  17.1280501  17.12178795
 17.00971712 16.5577629  16.3459296  16.35996545 16.22435759 16.31397106
 16.28503563 16.15633772 16.15266681 16.13215288 16.01122868 16.00453466
 15.84063917 15.94515223 15.96760959 15.97840639 15.81191967 15.85726625
 15.83610451 15.74973008 15.89073634 15.77045994 15.92787735 15.71561218
 15.61887281 15.7641978  15.65428633 15.60570071 15.70632693 15.57676528
 15.56402505 15.65277478 15.63485208 15.53573742 15.64564889 15.71021378
 15.59706327 15.6881883  15.40855107 15.49600518 15.59252861 15.66076441
 15.43381559 15.59252861 15.34161088 15.24875837 15.16303174 15.41718851]","[1.85920967 1.91189808 1.92442237 1.95378968 1.99892032 2.10019434
 2.09544375 2.36342043 2.75426474 3.79334917 4.99481753 5.30511769
 4.97084863 4.44245303 4.17879508 4.01425178 3.96329087 3.77067588
 3.61692939 3.52083783 3.33189376 3.17512416 3.05657525 3.04621032
 3.10796804 3.00043187 3.03562945 2.989851   3.03735694 2.91967178
 2.90649968 2.97581516 3.03627726 3.17426042 3.33707623 3.51090477
 3.53163464 3.570935   3.79615634 3.75858346 4.37227381 4.62103217
 5.29367307 6.23537033 6.58518678 6.45476139 5.92528612 5.64564889
 5.47613906 5.26538545 4.95918808 4.628374   4.15612179 3.81170374
 3.76441373 3.62427122 3.49622112 3.50615418 3.49838048 3.50917728
 3.38652559 3.46210322 3.42323472 3.35521486 3.361477   3.35046426
 3.314187   3.23169942 3.28330814 3.24724681 3.219607   3.30684517
 3.24638307 3.22651695 3.24767869 3.26322609 3.24012092 3.24422371
 3.27726193 3.21420859 3.2776938  3.24163248 3.22047074 3.24249622
 3.2435759  3.27056791 3.1962859  3.27920536 3.31526668 3.30943641
 3.28827467 3.3111639  3.26603325 3.36881883 3.36039732 3.36644353
 3.38890089 3.46706975 3.43705463 3.5547398  3.44849924 3.57417404]","[ 4.83718419  5.20254805  5.46750162  5.82487584  6.57611747  7.25113366
  7.90174908 10.45756856 14.06629238 23.59814295 38.5523645  46.20038868
 52.09177284 48.68538113 45.70740661 41.81364716 41.23148348 35.152019
 29.40056143 26.13927877 21.10732023 17.70632693 15.69229108 14.82746707
 14.17015763 13.30252645 12.99697689 12.73418268 12.52321313 12.38285468
 11.84906068 11.37961563 11.13020946 11.11466206 11.05808681 11.1908875
 11.24076873 11.2776938  11.47074066 11.50529043 12.27078385 12.61153099
 13.5918808  14.68840423 15.18117037 15.50572231 15.26171453 15.16583891
 15.11941265 14.9946016  14.71258907 14.26301015 13.9844526  14.47117253
 14.83459296 15.73504643 16.13776722 16.39883395 16.07212265 16.17210106
 15.9814295  15.81559059 15.23774563 14.51263226 14.01597927 13.37680846
 12.41913194 11.63701144 10.90131721 10.77391492 10.93133233 10.80241848
 10.6570935  10.2800691  10.09760311  9.71798748  9.25286115  9.0185705
  8.7013604   8.34787303  8.1256748   8.0287195   7.99611315  7.91513712
  7.84474196  7.63226085  7.52580436  7.31440294  7.0604621   6.90002159
  6.73267113  6.53293025  6.46879724  6.35586266  6.30662924  6.14446124
  6.03692507  5.92377456  5.85035629  5.72144245  5.62275966  5.45908011]","[ 0.89635068  1.1334485   1.34247463  1.51263226  2.00475059  2.42215504
  2.800691    4.46037573  6.52709998 10.94472036 16.3955949  18.55279637
 19.114878   16.67523213 15.38155906 13.81861369 13.63420428 11.66465126
  9.82725113  8.76376593  7.0604621   5.84776506  5.11315051  4.81321529
  4.5655366   4.24746275  4.19045563  4.11055927  4.0418916   3.9371626
  3.80004319  3.57806089  3.4422371   3.32584755  3.24638307  3.15849708
  3.14402937  3.16195206  3.12869791  3.11574174  3.17620384  3.19974088
  3.2692723   3.32822285  3.33901965  3.33534874  3.25286115  3.19779745
  3.09112503  3.010149    3.01619521  2.9449363   2.85122004  2.85273159
  2.8270352   2.77996113  2.69293889  2.55214856  2.4452602   2.39192399
  2.35629454  2.32217664  2.24659901  2.14035845  2.03131073  2.04340315
  1.91902397  1.81667027  1.67069747  1.63506802  1.66465126  1.66054848
  1.63355647  1.50723386  1.50097171  1.44158929  1.35499892  1.32044915
  1.22327791  1.23385878  1.15914489  1.1651911   1.18203412  1.14273375
  1.10839991  1.09803498  1.09285252  1.00798964  1.00345498  0.95378968
  0.93262794  0.88620168  0.87778018  0.85445908  0.86590369  0.83847981
  0.80393004  0.75707191  0.74454761  0.75707191  0.71150939  0.70827035]",107
104,"0.0,0.15,0.3,0.44999999999999996,0.6,0.75,0.8999999999999999,1.05,1.2,1.3499999999999999,1.5,1.65,1.7999999999999998,1.95,2.1,2.25,2.4,2.55,2.6999999999999997,2.85,3.0,3.15,3.3,3.4499999999999997,3.5999999999999996,3.75,3.9,4.05,4.2,4.35,4.5,4.6499999999999995,4.8,4.95,5.1,5.25,5.3999999999999995,5.55,5.7,5.85,6.0,6.1499999999999995,6.3,6.45,6.6,6.75,6.8999999999999995,7.05,7.199999999999999,7.35,7.5,7.6499999999999995,7.8,7.949999999999999,8.1,8.25,8.4,8.549999999999999,8.7,8.85,9.0,9.15,9.299999999999999,9.45,9.6,9.75,9.9,10.049999999999999,10.2,10.35,10.5,10.65,10.799999999999999,10.95,11.1,11.25,11.4,11.549999999999999,11.7,11.85,12.0,12.15,12.299999999999999,12.45,12.6,12.75,12.9,13.049999999999999,13.2,13.35,13.5,13.65,13.799999999999999,13.95,14.1,14.25,14.399999999999999,14.549999999999999,14.7,14.85,15.0,15.149999999999999",2007R_GLUT1_647_WGA_594_0002.nd2,2007,M,R,5,False,17.51288082437276,False,"[12.8561828  13.03741039 13.30510753 13.54166667 14.23991935 14.83893369
 15.41028226 17.33826165 19.07090054 20.89157706 20.74249552 20.11480735
 19.37018369 18.98454301 18.87130376 18.71023746 18.66644265 18.67898746
 18.50414427 18.3265009  18.31070789 18.6437052  18.62645609 18.78673835
 19.03953853 19.47748656 19.62074373 19.9984319  20.2672491  20.63071237
 21.68301971 23.78405018 25.91442652 29.10887097 32.33982975 33.92977151
 34.56003584 34.75907258 36.72043011 36.06193996 38.74742384 39.78494624
 40.60371864 41.46079749 41.70060484 41.62466398 42.09464606 41.91588262
 41.8547267  41.43010753 40.47670251 38.87892025 35.20407706 31.14258513
 29.15456989 25.07269265 22.39404122 20.06742832 19.35248656 19.16308244
 18.86648746 18.58378136 18.33613351 17.83736559 17.71550179 17.59487007
 17.39549731 17.15849014 17.02632168 17.04323477 17.0640681  16.96617384
 16.88776882 16.82750896 16.87421595 16.66353047 16.62858423 16.67741935
 16.32022849 16.58165323 16.39280914 16.42853943 16.44489247 16.46639785
 16.31418011 16.34498208 16.3687276  16.3125     16.10181452 16.22748656
 16.19545251 16.09050179 16.15759409 16.27564964 16.0530914  16.1983647
 15.95654122 16.0483871  16.01612903 16.00089606 15.94623656 15.99663978]","[ 2.03315412  2.08176523  2.08949373  2.14863351  2.1953405   2.24395161
  2.27374552  2.39762545  2.64034498  3.05185932  3.60506272  3.83243728
  4.19668459  4.60282258  4.61682348  4.86626344  4.84968638  5.1484095
  5.47703853  5.76937724  6.32784498  7.27363351  8.31966846  9.06474014
  9.97099014 11.0172491  11.41946685 11.73958333 12.28393817 12.54166667
 13.24473566 14.29480287 14.84296595 15.51971326 15.90266577 16.03080197
 15.96875    16.04345878 16.30958781 16.26332885 16.64919355 16.69735663
 16.96180556 17.22793459 17.42114695 17.59363799 17.51288082 17.30869176
 17.00358423 16.86480735 16.45710125 15.86906362 14.92708333 13.5406586
 12.8937052  11.29189068  9.76523297  7.80857975  6.99316756  6.79726703
  6.21550179  5.93895609  5.40221774  5.01388889  4.8421819   4.61951165
  4.43021953  4.36603943  4.26198477  4.24484767  4.21046147  4.19858871
  4.18189964  4.13575269  4.09632616  4.05376344  3.95329301  3.87410394
  3.81283602  3.83266129  3.83501344  3.81104391  3.78371416  3.76467294
  3.72703853  3.75179211  3.71852599  3.80913978  3.8000672   3.7953629
  3.79771505  3.80645161  3.73006272  3.71594982  3.73375896  3.73655914
  3.78337814  3.79816308  3.88407258  4.05376344  4.33165323  4.65692204]","[ 4.75022401  5.06742832  5.38194444  5.68929211  6.40176971  7.09666219
  7.78304211 10.47726254 14.59352599 25.59957437 39.38048835 42.88071237
 39.44142025 31.26321685 28.59722222 26.20486111 25.85987903 23.55611559
 22.05813172 21.60719086 21.04581093 20.96662186 20.75268817 20.72099014
 20.68761201 20.65076165 20.65188172 20.59935036 20.44758065 20.45743728
 20.19041219 19.49753584 18.91397849 17.75358423 16.15031362 15.06115591
 14.7562724  14.53718638 13.42853943 13.68817204 12.19332437 11.58232527
 10.87152778 10.14101703  9.75123208  9.49719982  9.53606631  9.56597222
  9.7468638   9.74675179  9.92394713 10.28192204 10.84352599 11.49406362
 11.87231183 12.79435484 13.45586918 14.01612903 13.93985215 13.97883065
 13.87892025 13.72446237 13.32941308 12.78606631 12.56137993 12.10976703
 11.49103943 10.96158154 10.36995968 10.25694444 10.38317652 10.23935932
 10.03405018  9.68089158  9.55141129  9.10304659  8.70564516  8.41263441
  8.09464606  7.85282258  7.6875      7.50974462  7.55477151  7.42730735
  7.38709677  7.16677867  7.05398746  6.86211918  6.65176971  6.47782258
  6.36077509  6.28192204  6.22110215  6.11435932  6.07235663  5.96426971
  5.87589606  5.76220878  5.66935484  5.58635753  5.48980735  5.34038978]","[0.56193996 0.65983423 0.75201613 0.85439068 1.06586022 1.25302419
 1.40400986 2.08792563 3.00336022 5.1124552  7.45351703 8.16397849
 8.21740591 7.61648746 7.38799283 7.2077733  7.24126344 7.06754032
 6.9577733  6.84330197 6.72255824 6.56843638 6.18100358 5.99551971
 5.8266129  5.60450269 5.60573477 5.60495072 5.63082437 5.58680556
 5.5625     5.51310484 5.4109543  5.25235215 4.84005376 4.58154122
 4.45217294 4.42148297 4.10517473 4.13004032 3.61043907 3.44634857
 3.08546147 2.74518369 2.52083333 2.33478943 2.23263889 2.203181
 2.20586918 2.17551523 2.18100358 2.28248208 2.31810036 2.40356183
 2.44018817 2.53517025 2.56966846 2.42394713 2.33221326 2.34879032
 2.25515233 2.19926075 2.046931   1.94522849 1.86223118 1.81014785
 1.66957885 1.59318996 1.52744176 1.4827509  1.51142473 1.4734543
 1.48207885 1.41028226 1.36234319 1.31866039 1.25280018 1.20878136
 1.16890681 1.13474462 1.09811828 1.07246864 1.08960573 1.06765233
 1.06373208 1.02822581 0.98308692 0.9453405  0.92103495 0.89482527
 0.87522401 0.87455197 0.84419803 0.81966846 0.81462814 0.78382616
 0.77777778 0.73790323 0.71236559 0.73107079 0.68245968 0.6531138 ]",108
105,"0.0,0.15,0.3,0.44999999999999996,0.6,0.75,0.8999999999999999,1.05,1.2,1.3499999999999999,1.5,1.65,1.7999999999999998,1.95,2.1,2.25,2.4,2.55,2.6999999999999997,2.85,3.0,3.15,3.3,3.4499999999999997,3.5999999999999996,3.75,3.9,4.05,4.2,4.35,4.5,4.6499999999999995,4.8,4.95,5.1,5.25,5.3999999999999995,5.55,5.7,5.85,6.0,6.1499999999999995,6.3,6.45,6.6,6.75,6.8999999999999995,7.05,7.199999999999999,7.35,7.5,7.6499999999999995,7.8,7.949999999999999,8.1,8.25,8.4,8.549999999999999,8.7,8.85,9.0,9.15,9.299999999999999,9.45,9.6,9.75,9.9,10.049999999999999,10.2,10.35,10.5,10.65,10.799999999999999,10.95,11.1,11.25,11.4,11.549999999999999,11.7,11.85,12.0,12.15,12.299999999999999,12.45,12.6,12.75,12.9,13.049999999999999,13.2,13.35,13.5,13.65,13.799999999999999,13.95,14.1,14.25,14.399999999999999,14.549999999999999,14.7,14.85,15.0,15.149999999999999",2007R_GLUT1_647_WGA_594_0002.nd2,2007,M,R,5,False,3.7437446074201897,False,"[12.91716997 12.96807593 13.25819672 13.0675151  13.63891286 13.84404659
 14.02566868 14.78537532 15.93723037 16.91781708 17.60375324 17.99827437
 18.061044   18.42773943 18.71268335 18.74633305 18.57765315 18.60483175
 18.85461605 18.91652286 19.30651424 19.51207938 19.99698016 20.21289905
 20.71937015 21.58239862 21.92946506 22.32786885 22.86044003 23.32786885
 24.6958585  28.74417601 32.06363244 37.74050906 43.91479724 48.25754961
 49.4393874  50.23015531 54.5946937  53.88955997 62.77157032 66.65120794
 70.72001726 73.92450388 75.49094047 75.45858499 74.88157895 74.34145815
 72.18744607 71.36863676 68.30608283 62.99870578 55.40918896 48.27610009
 45.30737705 38.04270923 32.48446937 26.64667817 24.55759275 24.34016393
 23.08390854 22.50754961 21.45211389 20.56341674 20.09749784 19.77868852
 19.26229508 19.07765315 18.28429681 18.26833477 18.2096635  18.52394305
 18.31945643 17.90250216 18.05888697 17.83283003 17.76251079 17.68528904
 17.59771355 17.64365833 17.30996549 17.19283865 17.33153581 17.33973253
 16.986195   16.97735116 17.01876618 16.87726488 17.02653149 16.94154443
 16.96829163 16.97389991 16.74115617 16.76553063 16.74094047 16.73468507
 16.89754098 16.60353753 16.65271786 16.48597929 16.65077653 16.60720449]","[1.9596635  1.95642796 1.98425367 2.00409836 2.06492666 2.11540121
 2.09081104 2.22131148 2.43528904 2.7228214  3.15185505 3.36798965
 3.63330457 3.92407248 3.9930975  4.22238999 4.1686799  4.45103538
 5.01056946 5.31837791 6.35849871 7.37661777 8.27782571 8.69132873
 9.10094909 9.3986195  9.50129422 9.40120794 9.32592752 9.16285591
 8.90875755 8.97562554 9.05176877 9.01466782 8.0267472  7.57635893
 7.33239862 7.21570319 6.39926661 6.65271786 5.61647972 5.19068162
 4.57290768 3.99374461 3.74374461 3.49288179 3.45599655 3.37985332
 3.30996549 3.34555651 3.30759275 3.35245902 3.37661777 3.4458585
 3.5539258  3.78559103 3.83865401 3.82053494 3.77264884 3.76143227
 3.67903365 3.74029336 3.70599655 3.67773943 3.65163934 3.68960311
 3.72433132 3.72044866 3.71182053 3.73080242 3.7299396  3.71203624
 3.69413287 3.72864538 3.60849871 3.59102675 3.57031924 3.61410699
 3.56643658 3.547239   3.66307161 3.63697153 3.67342537 3.55025884
 3.53580673 3.62402934 3.54378775 3.57657463 3.5877912  3.57549612
 3.6624245  3.62877481 3.50172563 3.61000863 3.6151855  3.59318378
 3.56384814 3.6216566  3.68442623 3.74956859 3.938956   4.02092321]","[ 4.85440035  5.16522865  5.51186368  5.8175151   6.66932701  7.38912856
  8.12208801 11.19909405 16.07484901 29.2704918  42.71764452 44.70556514
 38.95146678 31.79551337 29.74072476 28.17299396 28.07290768 26.44887834
 25.33024159 24.78904228 24.12877481 23.57312338 23.24201898 22.736195
 22.36108714 21.5064711  21.46225194 21.17515099 20.95901639 20.79594478
 20.39926661 19.76013805 19.39969802 18.19909405 16.84771355 15.88244176
 15.68291631 15.55025884 14.36281277 14.66307161 12.80327869 11.91673857
 10.8246333   9.55349439  8.74439172  8.19456428  7.88395168  7.73943054
  7.68550475  7.59253667  7.62704918  7.82808456  8.33843831  9.36647972
 10.00949094 11.92493529 13.41371872 15.04141501 15.46246764 15.48727351
 15.75496117 15.6622088  15.63136324 15.45427092 15.25366695 14.87532355
 14.08045729 13.40595341 12.84706644 12.72821398 12.86389129 12.57204487
 12.52523727 12.15703192 11.98943054 11.39495255 10.93658326 10.52631579
  9.98576359  9.70621225  9.42773943  9.21764452  9.29572908  9.0675151
  8.93421053  8.68032787  8.45189819  8.24201898  7.86022433  7.58584987
  7.39818809  7.20750647  7.19672131  7.00150992  6.96117343  6.75150992
  6.57290768  6.44672131  6.35008628  6.17666091  6.01509922  5.82657463]","[0.50517688 0.57722174 0.66695427 0.75323555 0.93787748 1.0875755
 1.22476273 1.89624676 2.83283003 4.99460742 7.0742019  7.55586713
 7.31837791 6.75582399 6.52480587 6.405522   6.26876618 6.03170837
 5.81018119 5.7092321  5.6013805  5.38718723 5.23446937 5.15034513
 5.05867127 4.96570319 4.91846419 4.89106989 4.80737705 4.79357204
 4.67817084 4.53106126 4.37942192 4.25194133 3.98231234 3.78278689
 3.72066437 3.70060397 3.42256255 3.46656601 3.05327869 2.81816221
 2.52092321 2.2025453  2.00043141 1.82247627 1.75560828 1.69132873
 1.69262295 1.65358067 1.68485764 1.74288179 1.7502157  1.89042278
 1.9255824  2.14646247 2.34188956 2.4933132  2.47433132 2.52998274
 2.5        2.51164797 2.46742882 2.41997412 2.31406385 2.25237274
 2.13352028 2.04659189 1.93507334 1.96527179 1.98748921 1.91091458
 1.91350302 1.88955997 1.82226057 1.78602243 1.67515099 1.62877481
 1.52761001 1.52200173 1.452761   1.41156169 1.42924935 1.39106989
 1.40271786 1.36626402 1.31018119 1.25754961 1.23878343 1.16134599
 1.15056083 1.12510785 1.09275237 1.05737705 1.08477135 1.00388266
 0.9933132  0.96807593 0.91566005 0.90422778 0.82592752 0.82851596]",109
106,"0.0,0.15,0.3,0.44999999999999996,0.6,0.75,0.8999999999999999,1.05,1.2,1.3499999999999999,1.5,1.65,1.7999999999999998,1.95,2.1,2.25,2.4,2.55,2.6999999999999997,2.85,3.0,3.15,3.3,3.4499999999999997,3.5999999999999996,3.75,3.9,4.05,4.2,4.35,4.5,4.6499999999999995,4.8,4.95,5.1,5.25,5.3999999999999995,5.55,5.7,5.85,6.0,6.1499999999999995,6.3,6.45,6.6,6.75,6.8999999999999995,7.05,7.199999999999999,7.35,7.5,7.6499999999999995,7.8,7.949999999999999,8.1,8.25,8.4,8.549999999999999,8.7,8.85,9.0,9.15,9.299999999999999,9.45,9.6,9.75,9.9,10.049999999999999,10.2,10.35,10.5,10.65,10.799999999999999,10.95,11.1,11.25,11.4,11.549999999999999,11.7,11.85,12.0,12.15,12.299999999999999,12.45,12.6,12.75,12.9,13.049999999999999,13.2,13.35,13.5,13.65,13.799999999999999,13.95,14.1,14.25,14.399999999999999,14.549999999999999,14.7,14.85,15.0,15.149999999999999",2007R_GLUT1_647_WGA_594_0002.nd2,2007,M,R,5,True,34.31310034743511,False,"[13.1346822  13.40629471 13.58532598 13.85550787 14.19865113 14.46270182
 14.99632128 15.75924791 16.89127325 18.32638463 19.87512773 20.48109544
 21.91865931 23.53566319 24.36092377 24.94829348 25.12058042 26.57531167
 28.34334764 29.46065808 32.16472512 35.02922542 37.78663397 39.21254854
 41.41753525 44.27794809 45.41937462 46.63008379 47.93746168 49.39648477
 51.6617617  56.27243    59.47741672 63.44921316 66.44226446 67.73778868
 68.37645616 68.55977928 69.46821991 68.88330268 68.77457592 68.16963008
 65.51870018 61.20192111 56.86327406 51.1888412  45.99489066 43.76456162
 41.51502146 39.96873084 37.82669119 34.41119967 30.01961987 25.92233803
 24.42530145 21.80829757 20.32761087 19.65338238 19.17576129 19.13018598
 18.91968118 18.69609646 18.33333333 18.17126507 18.17146945 17.88493767
 17.59370529 17.57694666 17.55405682 17.382383   17.48743102 17.18414061
 17.35234008 17.45554874 17.20396485 17.29675046 17.17085633 16.90230942
 16.99386879 16.88371142 16.78029839 16.94318414 16.95462906 16.51297772
 16.80972818 16.83159616 16.93643981 16.74821173 16.6106683  16.57163295
 16.86020846 16.7267525  16.6478643  16.55630493 16.4295933  16.50950337
 16.42366646 16.36909871 16.54199877 16.45636624 16.35152258 16.56672798]","[ 2.11056611  2.19517678  2.24974453  2.32188841  2.39525853  2.47843859
  2.53382383  2.70447578  2.96443899  3.39750664  4.05783773  4.39832414
  5.02391171  5.87144901  6.13039035  6.74208052  6.8219906   7.74453301
  8.90353566  9.88677703 12.32904149 15.40098099 17.99938688 19.24524831
 20.64193746 22.66666667 23.03351727 23.87901083 24.58185162 25.12098917
 26.47475986 28.44062947 29.67545473 31.46801553 33.01696301 33.47516861
 33.81626814 33.87676272 34.31310035 34.36010627 34.97588392 35.26139383
 34.64622931 34.36848559 33.93337421 32.87144901 30.9016963  30.23870836
 29.28980176 28.56366237 27.46474555 25.71162886 22.71898631 19.52421827
 17.9744533  13.78132025 10.96566524  8.09850807  7.04986716  6.79521766
  6.31473534  6.218271    5.65440425  5.19129368  5.10382179  4.75393419
  4.49437973  4.26445943  4.09687308  4.15491518  4.1238504   4.06703454
  4.07807071  3.96934396  3.98589822  3.85775598  3.83711424  3.8181075
  3.84161046  3.77948089  3.78847333  3.70324954  3.7670141   3.72409565
  3.63601063  3.64602493  3.63846311  3.71265073  3.64806867  3.63355814
  3.62804006  3.63784999  3.72266503  3.71939505  3.70856325  3.81708563
  3.79215205  3.89311261  3.85264664  3.97281831  4.31902718  4.72532189]","[ 4.86041283  5.18843245  5.57612916  6.00408747  6.87471899  7.75945228
  8.55712242 11.74718986 16.27161251 26.4071122  37.39914163 39.63437564
 36.89842632 31.31248723 29.53566319 27.70938075 27.25240139 25.28203556
 23.88534641 23.24259146 22.41773963 21.69016963 20.8986307  20.49601471
 19.97486205 19.03760474 18.92744737 18.44267321 18.0611077  17.67627223
 16.9025138  15.65501737 15.09871245 14.26609442 13.34682199 12.9194768
 12.72879624 12.61720826 12.22828531 12.43163703 11.88473329 11.58532598
 11.63478439 11.88125894 12.18230125 12.76210914 13.5487431  13.92397302
 14.40445534 14.58144288 14.98017576 15.67136726 16.67708972 17.79664827
 18.45064378 20.02350296 21.07234825 21.4915185  21.27467811 21.34314327
 21.02023299 20.80748007 19.99877376 19.10239117 18.69200899 17.96648273
 16.80952381 15.72757    14.71162886 14.49131412 14.64500307 14.48170856
 14.25342326 13.6114858  13.30799101 12.46494993 11.82137748 11.48273043
 10.97179644 10.60923769 10.27079501  9.97384018 10.05967709  9.85019415
  9.73717556  9.34743511  9.09094625  8.87921521  8.47312487  8.22256284
  8.04169221  7.76824034  7.6764766   7.54465563  7.436542    7.19476804
  6.95422031  6.75495606  6.5565093   6.39096669  6.16942571  5.98712446]","[0.48456979 0.54792561 0.63417127 0.70754139 0.92254241 1.06029021
 1.23584713 1.78295524 2.51379522 3.96382587 5.37911302 5.79807889
 5.75270795 5.44635193 5.26118945 5.20703045 5.1563458  5.02799918
 4.96076027 4.86879215 4.93787043 4.81095442 4.67586348 4.4976497
 4.4473738  4.2840793  4.25403638 4.16165951 4.03556101 3.94870223
 3.85530349 3.62190885 3.48109544 3.26445943 2.98896383 2.84467607
 2.79010832 2.79051707 2.67504598 2.67361537 2.52994073 2.46842428
 2.43327202 2.45003066 2.52728387 2.64847742 2.77927652 2.85407725
 2.8939301  2.89290824 2.97813203 3.10116493 3.06029021 3.17290006
 3.25342326 3.30717351 3.29715921 3.1749438  3.10688739 3.09012876
 3.01164929 3.00183936 2.82853055 2.69977519 2.57163295 2.53627631
 2.30860413 2.20130799 2.05967709 2.02411608 2.05007153 1.99897813
 1.98303699 1.89720008 1.85734723 1.75536481 1.67300225 1.63171878
 1.55201308 1.50950337 1.46924177 1.41303904 1.42366646 1.37829552
 1.36807684 1.31759657 1.28040057 1.218271   1.14919272 1.1160842
 1.1013693  1.06805641 1.04986716 1.01267116 1.0441447  0.95830779
 0.91211935 0.86429593 0.82628244 0.83956673 0.76905784 0.7678316 ]",110
107,"0.0,0.15,0.3,0.44999999999999996,0.6,0.75,0.8999999999999999,1.05,1.2,1.3499999999999999,1.5,1.65,1.7999999999999998,1.95,2.1,2.25,2.4,2.55,2.6999999999999997,2.85,3.0,3.15,3.3,3.4499999999999997,3.5999999999999996,3.75,3.9,4.05,4.2,4.35,4.5,4.6499999999999995,4.8,4.95,5.1,5.25,5.3999999999999995,5.55,5.7,5.85,6.0,6.1499999999999995,6.3,6.45,6.6,6.75,6.8999999999999995,7.05,7.199999999999999,7.35,7.5,7.6499999999999995,7.8,7.949999999999999,8.1,8.25,8.4,8.549999999999999,8.7,8.85,9.0,9.15,9.299999999999999,9.45,9.6,9.75,9.9,10.049999999999999,10.2,10.35,10.5,10.65,10.799999999999999,10.95,11.1,11.25,11.4,11.549999999999999,11.7,11.85,12.0,12.15,12.299999999999999,12.45,12.6,12.75,12.9,13.049999999999999,13.2,13.35,13.5,13.65,13.799999999999999,13.95,14.1,14.25,14.399999999999999,14.549999999999999,14.7,14.85,15.0,15.149999999999999",2007R_GLUT1_647_WGA_594_0002.nd2,2007,M,R,5,True,48.525752051048315,False,"[13.39721969 13.49544211 13.82315406 14.09366454 14.66294439 15.25729262
 15.64152233 17.23723792 18.90770283 21.14425706 23.7855515  25.11189608
 28.60505925 32.22060164 33.22561531 35.21467639 35.72675479 37.59320875
 40.06517776 41.49886053 44.37397448 48.33979034 51.38810392 53.19302644
 55.85893345 58.85779398 60.14197812 61.52164995 63.46786691 64.63240656
 67.17570647 70.40542388 71.59617138 71.9721969  71.14425706 70.04329991
 69.25592525 69.35847767 67.56175934 68.04307201 64.19917958 62.10164084
 58.71103008 53.90770283 48.97743847 41.54557885 34.03623519 31.21604376
 28.57680036 27.75888788 25.69165907 23.78236098 21.94644485 20.85505925
 20.20373747 19.60528715 18.98860529 18.60574294 18.599134   18.57064722
 18.3689608  18.19279854 17.91545123 17.9366454  17.86759344 17.69917958
 17.58523245 17.53372835 17.54557885 17.57041933 17.28122151 17.43824066
 17.42980857 17.4286691  17.34343665 17.36212397 16.97196901 17.34776664
 17.1668186  17.12602552 17.12625342 17.20009116 17.21672744 17.17912489
 17.14311759 17.19348222 17.01116682 16.85232452 16.95761167 16.98609845
 16.83454877 17.01686418 16.86873291 16.91636281 16.85391978 16.6825433
 16.70783956 16.75888788 16.66203282 16.60186873 16.58614403 16.68208751]","[ 2.37898815  2.55674567  2.61257976  2.74794895  2.84662716  3.03486782
  3.11235187  3.54740201  3.9801732   4.88855971  6.31631723  7.20738377
  9.55036463 12.88536919 13.94576117 15.95806746 16.63035552 19.01253418
 22.05583409 24.06061987 27.07999088 30.14904284 31.93527803 33.17411121
 33.89608022 35.30879672 35.5674567  36.12830447 36.53008204 36.8532361
 37.87876026 39.69804011 40.99293528 43.9405196  47.15405652 48.52575205
 48.74247949 49.13377393 49.80013674 49.81494986 50.63628077 50.10779398
 49.15747493 46.97880583 44.82634458 41.06927985 36.2618505  34.33454877
 31.2620784  30.16226071 27.26914312 23.42342753 17.58226983 12.80492252
 11.09229717  8.44576117  7.13309025  6.01390155  5.64972653  5.64038286
  5.43869644  5.29831358  4.90838651  4.61440292  4.56905196  4.47698268
  4.31563355  4.16476755  4.04147675  3.9922516   4.01868733  4.02666363
  3.92274385  3.85619872  3.86622607  3.82292616  3.79238833  3.73473108
  3.72128532  3.68527803  3.76093892  3.66818596  3.69917958  3.66773017
  3.63400182  3.58386509  3.50364631  3.55697356  3.47652689  3.58910665
  3.51504102  3.55013674  3.50865998  3.5435278   3.54740201  3.51777575
  3.57793984  3.51504102  3.48541477  3.54740201  3.54466727  3.60893345]","[ 5.03919781  5.43915223  5.84708295  6.24817685  7.21330902  8.14152233
  9.19165907 12.84753874 18.86235187 33.77643573 47.77825889 49.09024613
 43.03851413 35.97151322 34.28236098 32.66020966 32.30993619 30.41886964
 28.55446673 27.19667274 24.61303555 22.3969918  21.53030994 21.17274385
 20.80287147 20.30492252 20.19507748 19.91317229 19.71969006 19.43938013
 18.93368277 18.43824066 18.20989061 17.40565178 16.20123063 15.32748405
 14.9088423  14.825433   13.99270738 14.16203282 13.13309025 12.8413856
 13.03623519 13.69188696 14.60437557 15.92775752 17.60574294 18.30515041
 19.21604376 19.50706472 20.44257065 21.52734731 23.22971741 24.49567001
 24.75068368 24.5635825  23.5278031  21.75045579 20.95350957 20.85209663
 20.16203282 19.91955333 18.83887876 17.75729262 17.20123063 16.33135825
 14.95601641 14.00159526 13.15018232 12.99361896 13.13263446 12.77711942
 12.73062899 12.31153145 12.14767548 11.57315406 11.11212397 10.89129444
 10.34480401 10.09617138  9.79443938  9.59753874  9.70305378  9.42593437
  9.29831358  8.94097539  8.74977211  8.43459435  8.14038286  7.83819508
  7.63309025  7.32771194  7.29854148  7.14744758  7.10824977  6.86349134
  6.80287147  6.59685506  6.43915223  6.32907931  6.13582498  5.96353692]","[0.49156791 0.58705561 0.68277119 0.74088423 0.95601641 1.12625342
 1.31768459 1.95054695 2.8928897  5.15337284 7.15337284 7.61736554
 7.32315406 6.77575205 6.62784868 6.38217867 6.33477666 6.05195989
 5.70305378 5.41613491 4.872835   4.37556974 4.15428441 4.00569736
 3.96923428 3.91476755 3.87329079 3.86144029 3.79443938 3.72515953
 3.67525068 3.57748405 3.54854148 3.44302644 3.27757521 3.10870556
 3.03896992 3.0633546  2.89995442 2.93801276 2.74430264 2.76139471
 2.7381495  2.91089335 3.18413856 3.52597995 3.85118505 4.01754786
 4.13263446 4.09070191 4.17228806 4.19120328 4.22037375 4.11782133
 4.09070191 3.87762078 3.67616226 3.35209663 3.17251595 3.17912489
 3.06814038 3.01731996 2.84662716 2.74247949 2.58796718 2.50045579
 2.30811304 2.20350957 2.05082042 2.00455789 2.01321787 1.99749316
 1.98359161 1.91727438 1.91385597 1.77962625 1.7221969  1.67593437
 1.56494986 1.54557885 1.44371012 1.45009116 1.45601641 1.38605287
 1.42935278 1.34161349 1.31449407 1.27803099 1.22174111 1.17114859
 1.13468551 1.10414768 1.07999088 1.04876937 1.0556062  1.00227894
 0.97835005 0.94165907 0.92297174 0.89494075 0.88605287 0.81586144]",111
108,"0.0,0.15,0.3,0.44999999999999996,0.6,0.75,0.8999999999999999,1.05,1.2,1.3499999999999999,1.5,1.65,1.7999999999999998,1.95,2.1,2.25,2.4,2.55,2.6999999999999997,2.85,3.0,3.15,3.3,3.4499999999999997,3.5999999999999996,3.75,3.9,4.05,4.2,4.35,4.5,4.6499999999999995,4.8,4.95,5.1,5.25,5.3999999999999995,5.55,5.7,5.85,6.0,6.1499999999999995,6.3,6.45,6.6,6.75,6.8999999999999995,7.05,7.199999999999999,7.35,7.5,7.6499999999999995,7.8,7.949999999999999,8.1,8.25,8.4,8.549999999999999,8.7,8.85,9.0,9.15,9.299999999999999,9.45,9.6,9.75,9.9,10.049999999999999,10.2,10.35,10.5,10.65,10.799999999999999,10.95,11.1,11.25,11.4,11.549999999999999,11.7,11.85,12.0,12.15,12.299999999999999,12.45,12.6,12.75,12.9,13.049999999999999,13.2,13.35,13.5,13.65,13.799999999999999,13.95,14.1,14.25,14.399999999999999,14.549999999999999,14.7,14.85,15.0,15.149999999999999",2007R_GLUT1_647_WGA_594_0002.nd2,2007,M,R,5,True,41.97690531177829,False,"[13.5721709  13.70900693 14.33256351 14.61720554 14.78117783 15.65415704
 16.07332564 17.55600462 19.10334873 21.64722864 24.27251732 25.66050808
 29.16859122 32.95554273 34.98441109 37.573903   38.30542725 41.84872979
 45.53752887 48.62240185 52.65473441 54.70612009 55.71709007 56.31812933
 56.43706697 57.33660508 57.58083141 57.7465358  57.60681293 57.42205543
 57.77771363 59.26443418 60.5334873  64.20438799 67.61316397 69.61143187
 70.34642032 71.54965358 73.96593533 73.01154734 76.43475751 76.79734411
 77.18937644 75.61258661 73.56177829 71.71420323 69.28060046 67.70669746
 62.95150115 60.86374134 55.81177829 46.87817552 35.57736721 29.72979215
 27.41281755 24.28060046 23.15300231 21.48498845 20.58314088 20.69110855
 20.10161663 19.94457275 19.75230947 19.11605081 19.42263279 18.8926097
 18.65069284 18.43187067 18.51096998 18.56466513 18.3169746  18.10681293
 18.03752887 18.21073903 18.31351039 17.94976905 17.74884527 17.82852194
 17.63221709 17.5317552  17.88972286 17.22806005 17.58371824 17.14203233
 17.37528868 17.25057737 16.97863741 17.35277136 17.17667436 17.25635104
 16.66281755 17.21997691 16.93822171 17.17898383 17.06235566 16.91570439
 17.06524249 17.19919169 16.75577367 17.12528868 16.72690531 16.90993072]","[ 2.36027714  2.43937644  2.55658199  2.59642032  2.74711316  2.87124711
  3.03810624  3.28117783  3.80080831  4.62355658  5.897806    6.81351039
  8.79618938 11.70323326 12.26732102 14.03233256 14.41224018 16.24133949
 18.40993072 19.81235566 22.37066975 25.02540416 26.35623557 27.68937644
 28.72113164 30.72921478 31.01732102 31.57794457 32.77309469 32.86605081
 34.73672055 38.02424942 38.46073903 41.97690531 44.40819861 45.97344111
 46.32274827 46.79965358 47.78002309 48.11951501 48.9948037  48.88856813
 48.61316397 48.86605081 48.75750577 47.8204388  45.72401848 44.49538106
 42.86431871 41.72863741 39.7095843  36.69976905 32.78983834 28.70265589
 26.83487298 21.37182448 17.32159353 12.39491917 10.59180139 10.24769053
  9.09064665  8.42898383  7.06408776  6.43013857  6.03464203  5.70554273
  5.16570439  4.88799076  4.61027714  4.60969977  4.68360277  4.63394919
  4.65127021  4.48672055  4.46997691  4.28637413  4.20323326  4.11027714
  4.08256351  3.96997691  4.06408776  3.96016166  4.09815242  3.86893764
  3.95323326  3.84699769  3.74307159  3.78406467  3.80542725  3.6778291
  3.602194    3.65300231  3.6426097   3.62182448  3.54445727  3.69572748
  3.66916859  3.6426097   3.71766744  3.66108545  3.71016166  3.7904157 ]","[ 4.87009238  5.19284065  5.50750577  5.88683603  6.7448037   7.71362587
  8.55080831 11.93418014 17.68013857 31.56351039 44.84872979 45.00230947
 37.27713626 28.80600462 26.56235566 24.50750577 23.90242494 22.00115473
 20.34584296 19.27944573 17.81177829 16.93244804 16.72632794 16.75808314
 16.77713626 16.77829099 16.86316397 16.76096998 16.51212471 16.40704388
 15.71593533 14.89838337 14.58429561 13.57909931 12.67551963 12.03579677
 11.91801386 11.73267898 11.05369515 11.21997691 10.11316397  9.71766744
  9.11951501  8.98903002  8.99769053  9.18244804  9.49422633  9.70612009
 10.10277136 10.34353349 11.00577367 12.05946882 14.18706697 16.37124711
 17.44110855 18.69919169 19.75461894 20.9278291  21.49595843 21.31524249
 21.34757506 21.27251732 20.6778291  19.96247113 19.3204388  18.43187067
 17.34180139 16.22748268 15.37875289 15.2448037  15.31812933 15.
 14.87702079 14.3169746  14.11951501 13.34642032 12.83833718 12.37297921
 11.62528868 11.13163972 10.77309469 10.57448037 10.77713626 10.33314088
 10.31581986  9.89030023  9.48787529  9.20842956  8.7147806   8.20381062
  8.02886836  7.68591224  7.54792148  7.40300231  7.30542725  7.08140878
  6.84988453  6.67090069  6.47979215  6.25923788  6.24595843  6.00981524]","[0.49307159 0.60681293 0.69284065 0.74422633 0.96709007 1.12875289
 1.3169746  1.92840647 2.86316397 5.05080831 7.10508083 7.56639723
 7.29792148 6.92378753 6.83602771 6.69457275 6.61662818 6.43418014
 6.37355658 6.1039261  5.84699769 5.34180139 5.11547344 5.03926097
 4.8926097  4.75750577 4.7904157  4.68591224 4.6391455  4.55254042
 4.37009238 3.9682448  3.88163972 3.39318707 3.18591224 2.86547344
 2.83833718 2.75404157 2.46939954 2.52944573 2.08140878 1.93937644
 1.78406467 1.63972286 1.58545035 1.68764434 1.89953811 2.02655889
 2.20554273 2.30484988 2.51847575 2.88799076 3.32621247 3.60450346
 3.67551963 3.76905312 3.69630485 3.70438799 3.68071594 3.58545035
 3.56177829 3.4630485  3.34642032 3.12355658 2.98787529 2.87240185
 2.63163972 2.4665127  2.34526559 2.26732102 2.33833718 2.32332564
 2.27886836 2.21535797 2.16801386 2.07274827 1.9278291  1.86489607
 1.72748268 1.67263279 1.61662818 1.54561201 1.57621247 1.56986143
 1.51847575 1.40357968 1.37009238 1.36027714 1.25115473 1.17494226
 1.14491917 1.09122402 1.06812933 0.98094688 1.01558891 0.97344111
 0.92263279 0.90762125 0.87297921 0.86951501 0.79387991 0.7551963 ]",112
109,"0.0,0.15,0.3,0.44999999999999996,0.6,0.75,0.8999999999999999,1.05,1.2,1.3499999999999999,1.5,1.65,1.7999999999999998,1.95,2.1,2.25,2.4,2.55,2.6999999999999997,2.85,3.0,3.15,3.3,3.4499999999999997,3.5999999999999996,3.75,3.9,4.05,4.2,4.35,4.5,4.6499999999999995,4.8,4.95,5.1,5.25,5.3999999999999995,5.55,5.7,5.85,6.0,6.1499999999999995,6.3,6.45,6.6,6.75,6.8999999999999995,7.05,7.199999999999999,7.35,7.5,7.6499999999999995,7.8,7.949999999999999,8.1,8.25,8.4,8.549999999999999,8.7,8.85,9.0,9.15,9.299999999999999,9.45,9.6,9.75,9.9,10.049999999999999,10.2,10.35,10.5,10.65,10.799999999999999,10.95,11.1,11.25,11.4,11.549999999999999,11.7,11.85,12.0,12.15,12.299999999999999,12.45,12.6,12.75,12.9,13.049999999999999,13.2,13.35,13.5,13.65,13.799999999999999,13.95,14.1,14.25,14.399999999999999,14.549999999999999,14.7,14.85,15.0,15.149999999999999",2007R_GLUT1_647_WGA_594_0002.nd2,2007,M,R,5,False,5.776303997132103,False,"[12.68990859 12.89442552 13.01469797 13.19752644 13.34791181 13.73597419
 13.88187847 14.70586127 15.53647607 16.56640975 17.55547589 17.81484137
 18.0756408  18.23194121 18.35508156 18.50367449 18.27693135 18.11453666
 18.54364581 18.64330525 18.50152357 19.01487722 19.52464599 19.70604051
 20.01577344 20.82469977 20.83706757 21.31690267 21.55368346 22.06667862
 23.28589353 26.7886718  29.30041226 34.92848181 41.70120093 46.15863058
 47.95823624 49.23104499 54.32765729 52.63756946 61.58397562 65.01451873
 68.54902312 70.45796738 68.82075641 64.01666965 58.87255781 57.55296648
 55.56228715 54.7467288  52.75497401 49.4432694  42.622513   35.00788672
 31.58325865 25.83186951 23.10844237 21.17870586 20.41709984 20.28911991
 19.84298261 19.64671088 19.26492203 18.62520165 18.56676824 18.31421402
 17.90482165 17.86574655 17.52912708 17.48306148 17.61713569 17.77504929
 17.51980642 17.45169385 17.3104499  17.3104499  17.22979028 17.01344327
 17.02957519 17.09643305 16.92131206 17.00143395 16.8363506  16.9342176
 16.87632192 16.72701201 16.64366374 16.79494533 16.76680409 16.69385194
 16.70586127 16.64294676 16.41046783 16.66230507 16.55655135 16.66320129
 16.49560853 16.35454383 16.60530561 16.61086216 16.54597598 16.36207206]","[1.91629324 1.94658541 1.99175479 2.07797096 2.06882954 2.13497042
 2.12403657 2.24645994 2.4251658  2.80641692 3.28374261 3.51335365
 3.98852841 4.46388242 4.61570174 4.90249149 4.98117942 5.38591145
 5.93780247 6.31887435 7.40043018 8.38340204 8.93278365 9.36709088
 9.37694927 9.67431439 9.56766446 9.52446675 9.52787238 9.52823087
 9.26976161 9.09625381 8.97795304 8.64922029 8.01039613 7.67772002
 7.43574117 7.35400609 6.99121706 7.08782936 6.54006094 6.26044094
 5.93618928 5.776304   5.66338053 5.53683456 5.62394694 5.50654239
 5.45993906 5.44649579 5.44022226 5.29969529 5.30292167 5.25811077
 5.19483778 5.0250941  4.80713389 4.37354365 4.19196989 4.18139452
 4.04050905 4.00017924 3.89119914 3.75497401 3.74941746 3.67413515
 3.60673956 3.61050367 3.6278903  3.55762681 3.53307044 3.55404194
 3.55852303 3.51550457 3.4979387  3.52751389 3.47714644 3.48646711
 3.53056103 3.53808926 3.53934397 3.48485392 3.51819322 3.53109876
 3.53719305 3.52518372 3.53271196 3.5999283  3.6377487  3.52679692
 3.62161678 3.60189998 3.56891916 3.62824879 3.6698333  3.6545976
 3.65262592 3.63631475 3.6278903  3.75873813 3.86610504 4.14823445]","[ 4.71822907  5.01380176  5.35579853  5.6295035   6.29431798  7.06542391
  7.76752106 10.49722172 15.01846209 26.83097329 39.03226385 40.45205234
 34.93350063 27.80767163 25.96881161 24.10342355 23.92382147 22.43574117
 21.76913425 21.56264564 21.55242875 21.69707833 21.82953934 21.71536118
 21.45581645 20.88062377 20.72091773 20.43574117 20.34791181 20.2742427
 19.79010575 19.16597957 18.5370138  17.12314035 15.50833483 14.51353289
 14.15970604 13.91665173 12.96271733 13.15719663 11.40939236 10.75766266
  9.762323    8.72271016  8.07169744  7.51908944  7.25524288  7.23014877
  7.34594013  7.32640258  7.49345761  7.8852841   8.94676465 10.42355261
 11.27764832 13.02527335 14.01541495 14.6908048  14.60889048 14.72916293
 14.55547589 14.51819322 14.15397025 13.77935114 13.53844775 13.11238573
 12.39971321 11.72324789 11.14034773 10.95088726 11.06148055 10.91234988
 10.80157734 10.35257215 10.22082811  9.73525721  9.35006274  9.07958415
  8.71948378  8.51442911  8.31385553  8.26653522  8.31582721  8.19698871
  8.0406883   7.88277469  7.65065424  7.47194838  7.21168668  6.93583079
  6.82183187  6.67538985  6.5690984   6.49130669  6.45366553  6.27693135
  6.16382864  6.05986736  5.98566051  5.8811615   5.71858756  5.61283384]","[0.46137301 0.53898548 0.62502241 0.67072952 0.84083169 0.98171715
 1.13210253 1.61122065 2.42964689 4.24000717 5.95877397 6.37408138
 6.13048934 5.6714465  5.45384478 5.2713748  5.23803549 5.03513174
 4.92633088 4.88420864 4.84477505 4.76178527 4.68112565 4.5830794
 4.49291988 4.28230866 4.25846926 4.25936548 4.19734719 4.1636494
 4.1105933  3.94192508 3.85427496 3.60297544 3.36081735 3.18139452
 3.10969708 3.15414949 2.90930274 2.94210432 2.56300412 2.42785445
 2.21240366 1.91270837 1.71356874 1.57357949 1.44398638 1.44721276
 1.45832586 1.43394874 1.48646711 1.57232479 1.77917189 2.02204696
 2.15898907 2.33446854 2.40204338 2.33912888 2.26402581 2.28517655
 2.24717691 2.1916114  2.09912171 2.03566947 1.97185876 1.91844417
 1.81376591 1.7286252  1.64868256 1.63039971 1.64043735 1.61910737
 1.58254167 1.51460835 1.49865567 1.4502599  1.3860907  1.34181753
 1.3104499  1.2894784  1.23319591 1.23606381 1.21921491 1.18336619
 1.21025273 1.12887614 1.09625381 1.07223517 1.01451873 0.97400968
 0.94766087 0.93332138 0.92543467 0.87632192 0.8840294  0.8363506
 0.83097329 0.78436996 0.80659616 0.77200215 0.75640796 0.74726654]",113
110,"0.0,0.15,0.3,0.44999999999999996,0.6,0.75,0.8999999999999999,1.05,1.2,1.3499999999999999,1.5,1.65,1.7999999999999998,1.95,2.1,2.25,2.4,2.55,2.6999999999999997,2.85,3.0,3.15,3.3,3.4499999999999997,3.5999999999999996,3.75,3.9,4.05,4.2,4.35,4.5,4.6499999999999995,4.8,4.95,5.1,5.25,5.3999999999999995,5.55,5.7,5.85,6.0,6.1499999999999995,6.3,6.45,6.6,6.75,6.8999999999999995,7.05,7.199999999999999,7.35,7.5,7.6499999999999995,7.8,7.949999999999999,8.1,8.25,8.4,8.549999999999999,8.7,8.85,9.0,9.15,9.299999999999999,9.45,9.6,9.75,9.9,10.049999999999999,10.2,10.35,10.5,10.65,10.799999999999999,10.95,11.1,11.25,11.4,11.549999999999999,11.7,11.85,12.0,12.15,12.299999999999999,12.45,12.6,12.75,12.9,13.049999999999999,13.2,13.35,13.5,13.65,13.799999999999999,13.95,14.1,14.25,14.399999999999999,14.549999999999999,14.7,14.85,15.0,15.149999999999999",2007R_GLUT1_647_WGA_594_0002.nd2,2007,M,R,5,False,3.422727272727273,False,"[13.46212121 13.84848485 13.78181818 14.18333333 14.43333333 14.71060606
 14.85909091 15.4969697  16.70454545 17.92727273 19.44545455 19.97727273
 21.         21.28787879 22.1030303  21.79242424 22.16818182 22.02727273
 23.54393939 24.34393939 26.84848485 30.83333333 35.28484848 37.78484848
 40.02727273 44.26666667 44.06666667 46.02424242 45.41818182 48.91363636
 51.88030303 57.48636364 60.23939394 64.58181818 67.84090909 68.86666667
 69.66666667 68.67727273 67.84393939 67.90151515 67.73333333 65.50606061
 62.3969697  60.18636364 59.02727273 58.41212121 56.53030303 55.44090909
 54.24090909 52.21969697 49.35606061 45.42727273 39.71969697 33.09545455
 29.60606061 24.86818182 23.42727273 21.40454545 20.87727273 21.19848485
 20.43484848 19.88939394 19.35       18.96363636 19.08181818 19.12727273
 18.90909091 18.25151515 18.52575758 18.38939394 18.42272727 18.57272727
 18.60454545 18.19393939 18.32121212 18.0469697  18.38030303 18.68484848
 18.50454545 17.99545455 18.46818182 18.33181818 18.25909091 17.91212121
 17.76818182 17.99242424 17.86060606 17.88333333 17.80606061 17.51060606
 17.32727273 16.93333333 17.20757576 17.         17.91363636 17.39545455
 17.21515152 16.94242424 16.97424242 16.7969697  17.19848485 16.78333333]","[1.98636364 1.97121212 2.0530303  2.17878788 2.06818182 2.13939394
 2.13030303 2.20454545 2.43939394 2.72878788 3.3        3.41363636
 3.6469697  3.85606061 3.8530303  4.12727273 4.26969697 4.20151515
 4.18636364 4.2969697  4.30757576 4.37878788 4.58030303 4.4530303
 4.58030303 4.8530303  5.0469697  5.13787879 5.52727273 5.42878788
 5.74848485 5.74242424 5.5030303  5.17575758 4.87121212 4.36060606
 4.45454545 4.39848485 4.2530303  4.33181818 4.01969697 3.59090909
 3.42272727 3.27424242 3.30757576 3.32272727 3.33939394 3.30909091
 3.3        3.49242424 3.38636364 3.56363636 3.71818182 3.99393939
 4.07575758 4.32727273 4.58787879 4.99393939 4.71060606 4.94090909
 4.45151515 4.51969697 4.08181818 4.04545455 3.86818182 3.91666667
 3.59848485 3.59090909 3.76060606 3.71666667 3.67575758 3.59545455
 3.57878788 3.78636364 3.67878788 3.66969697 3.81363636 3.75151515
 3.85606061 3.85909091 4.17575758 3.92424242 4.01969697 4.07575758
 4.13333333 3.96060606 3.98181818 3.89090909 3.7        3.55454545
 3.54393939 3.56969697 3.70757576 3.43787879 3.35909091 3.58484848
 3.46666667 3.54848485 3.38787879 3.44848485 3.59545455 3.44848485]","[ 4.85151515  5.2030303   5.4469697   5.87727273  6.45909091  7.43484848
  8.4        11.68030303 17.1030303  29.7530303  44.6530303  45.11212121
 37.24545455 28.68787879 26.11363636 23.93939394 22.70454545 21.15757576
 19.66363636 18.49848485 17.03333333 15.35606061 14.64545455 13.91969697
 13.61515152 13.05151515 12.96666667 12.88636364 13.00151515 12.90606061
 12.51363636 11.87727273 11.52575758 10.62575758 10.41060606  9.66818182
  9.67878788  9.75151515  9.43181818  9.67575758  8.96818182  8.24090909
  7.80757576  7.43787879  7.48939394  7.72121212  8.07121212  8.27878788
  8.67575758  8.88787879  9.46060606 10.33939394 12.17575758 13.85909091
 15.03636364 16.66666667 17.65606061 18.45454545 18.29242424 18.53636364
 17.78333333 17.88030303 16.76969697 15.93181818 15.60606061 14.83181818
 13.72727273 12.93636364 12.31212121 12.25151515 12.36363636 11.95151515
 11.84545455 11.4030303  11.48030303 11.05151515 10.60454545 10.24545455
 10.08484848  9.91666667  9.88636364  9.61666667  9.86060606  9.60454545
  9.46818182  9.35606061  9.00454545  8.98030303  8.57727273  8.05909091
  8.00151515  7.74393939  7.70757576  7.42727273  7.4530303   7.06666667
  6.85757576  6.68484848  6.50606061  6.28030303  6.14545455  6.11666667]","[0.52727273 0.60909091 0.66363636 0.74545455 1.02121212 1.14393939
 1.33636364 1.98030303 2.87878788 4.97878788 7.13181818 7.35909091
 7.22727273 6.50606061 6.79090909 6.5530303  6.75       6.66666667
 6.84393939 6.77121212 6.86969697 6.74242424 6.91969697 7.02424242
 6.85757576 6.48333333 6.24393939 6.28333333 5.9        5.88939394
 5.33787879 4.57121212 4.27424242 3.45757576 3.07121212 2.76666667
 2.78939394 2.6969697  2.62575758 2.60151515 2.27878788 2.19848485
 1.98939394 1.78939394 1.76212121 1.65909091 1.63939394 1.67121212
 1.72424242 1.76363636 1.87272727 1.98030303 2.25909091 2.51969697
 2.62727273 2.86666667 2.87272727 2.83787879 2.74393939 2.75151515
 2.68484848 2.63181818 2.47575758 2.33181818 2.34242424 2.20151515
 2.06666667 2.02575758 1.82575758 1.78484848 1.89545455 1.77424242
 1.80454545 1.69242424 1.7530303  1.61363636 1.55       1.57727273
 1.50606061 1.53030303 1.41515152 1.45606061 1.48484848 1.3969697
 1.36363636 1.37424242 1.34393939 1.32878788 1.33181818 1.27121212
 1.26212121 1.15       1.20454545 1.13333333 1.13030303 1.03787879
 0.99393939 0.97272727 0.89242424 0.95606061 0.93181818 0.9       ]",114
111,"0.0,0.15,0.3,0.44999999999999996,0.6,0.75,0.8999999999999999,1.05,1.2,1.3499999999999999,1.5,1.65,1.7999999999999998,1.95,2.1,2.25,2.4,2.55,2.6999999999999997,2.85,3.0,3.15,3.3,3.4499999999999997,3.5999999999999996,3.75,3.9,4.05,4.2,4.35,4.5,4.6499999999999995,4.8,4.95,5.1,5.25,5.3999999999999995,5.55,5.7,5.85,6.0,6.1499999999999995,6.3,6.45,6.6,6.75,6.8999999999999995,7.05,7.199999999999999,7.35,7.5,7.6499999999999995,7.8,7.949999999999999,8.1,8.25,8.4,8.549999999999999,8.7,8.85,9.0,9.15,9.299999999999999,9.45,9.6,9.75,9.9,10.049999999999999,10.2,10.35,10.5,10.65,10.799999999999999,10.95,11.1,11.25,11.4,11.549999999999999,11.7,11.85,12.0,12.15,12.299999999999999,12.45,12.6,12.75,12.9,13.049999999999999,13.2,13.35,13.5,13.65,13.799999999999999,13.95,14.1,14.25,14.399999999999999,14.549999999999999,14.7,14.85,15.0,15.149999999999999",2007R_GLUT1_647_WGA_594_0002.nd2,2007,M,R,5,False,5.71450405012991,False,"[12.99786031 13.04233532 13.23964542 13.42304753 13.88766621 14.33486168
 14.6981507  15.45025218 16.46416017 18.06495491 19.27632584 20.04294666
 21.05700749 22.45621275 22.99144123 23.84731774 24.15314076 25.35717561
 26.77181721 27.93443375 30.59162464 33.4699679  36.9189974  38.54103622
 40.52101483 43.07595904 43.73697081 45.40516583 46.06036986 46.83768913
 48.83310408 52.14427633 53.10866575 54.33440318 54.42931377 54.78939324
 54.51795812 54.7447654  54.05196393 54.10652606 51.94329818 50.98410515
 48.47287177 44.90310255 41.2870243  36.62249733 31.71221152 29.61577258
 27.1189057  26.10515054 24.15497478 22.4033318  20.74369555 19.80146722
 19.38376891 18.68088033 18.19792144 17.79122727 17.62372001 17.73590096
 17.63304295 17.40715268 17.42381171 17.29298487 17.22451475 17.3741403
 17.20067247 16.96790463 17.02980284 17.0984258  17.11049977 17.00580773
 17.0056549  17.02338377 16.85969739 16.8723827  16.75133731 16.63716949
 16.65291151 16.64496408 16.57435427 16.59407    16.72245147 16.69005044
 16.65657955 16.5474553  16.51535993 16.4320648  16.54073055 16.52712823
 16.53446431 16.493046   16.67171022 16.4372612  16.37689133 16.28564878
 16.29588874 16.24881553 16.23337918 16.52391869 16.31025523 16.22772429]","[1.90539508 1.93687911 1.96331958 2.00794742 1.99006572 2.06801162
 2.04875439 2.16918845 2.37475164 2.66131744 3.06464924 3.26379337
 3.56090478 3.87635641 3.98150695 4.1040807  4.17728871 4.31866116
 4.53201895 4.74705792 5.0814611  5.71924194 6.23796424 6.46828672
 6.68806358 6.84166285 6.81369402 6.78786489 6.67736512 6.61088186
 6.40379031 6.17530185 6.02414794 5.9886902  5.81782057 5.82867186
 5.74018035 5.71450405 5.60232309 5.69081461 5.61852361 5.49747822
 5.4956442  5.48418157 5.48509858 5.32309338 5.19746294 5.10927709
 4.95842886 4.86504661 4.72932905 4.5540272  4.19364206 3.87757909
 3.7887819  3.72504967 3.60522696 3.60201742 3.59269448 3.55249885
 3.45300321 3.52422436 3.4607978  3.44520862 3.44138774 3.43405166
 3.40822253 3.40684701 3.35686994 3.33959957 3.34647715 3.40012227
 3.35213205 3.37398747 3.35686994 3.36879107 3.333639   3.34173926
 3.34265627 3.30353049 3.34861684 3.36619288 3.35304906 3.37154211
 3.37566865 3.33761272 3.34571298 3.3567171  3.38881247 3.45697692
 3.43542717 3.45850527 3.41678129 3.44169341 3.47837383 3.50756534
 3.51963931 3.58245453 3.59407    3.76173009 3.92266544 4.06312089]","[ 4.68439554  5.03576341  5.34204493  5.69325997  6.42350604  7.25813847
  8.07565337 11.0317897  15.35090937 25.16750726 35.92312395 37.80452392
 34.55173468 29.14488767 27.48326456 25.78052881 25.33486168 23.72000611
 22.58474706 21.83004738 20.80696928 19.49518569 18.31591013 17.70441693
 16.9594987  15.70762647 15.36145499 14.84945744 14.29726425 13.86825615
 12.98807886 11.71954761 11.14977839 10.33654287  9.97203118  9.69539966
  9.6898976   9.64618676  9.53186612  9.58306587  9.58520556  9.74812777
  9.95567782 10.47577564 11.08191961 12.30521168 13.72504967 14.34296194
 15.25324775 15.76188293 16.71175302 17.89439095 19.66223445 20.08956136
 19.89836466 19.10346936 18.14947272 16.96056855 16.377197   16.30796271
 15.84456671 15.65168883 14.9364206  14.33975241 13.93152988 13.46874522
 12.74583524 12.1850833  11.58306587 11.35197921 11.50298028 11.28152224
 11.25431759 10.71893627 10.57649396  9.96026288  9.56105762  9.28381476
  8.94987009  8.69708085  8.46721687  8.33088797  8.35350757  8.21289928
  8.1476387   7.88277549  7.74828061  7.61439707  7.17744154  7.0466147
  6.91838606  6.73192725  6.66162311  6.58948495  6.53706251  6.41953232
  6.34938102  6.19471191  6.05777166  5.97539355  5.80696928  5.69478832]","[0.52773957 0.63334862 0.72688369 0.8083448  1.00886444 1.17239798
 1.34601865 1.97447654 2.81522238 4.4407764  6.24361913 6.83233991
 7.11065261 7.10087116 7.06250955 7.14106679 7.13724591 7.20877273
 7.2378114  7.29772276 7.38560293 7.5448571  7.58107902 7.59391716
 7.47226043 7.11263946 6.88445667 6.68393703 6.42488155 6.15619746
 5.69432982 4.93840746 4.55907076 4.13923277 3.87971878 3.79611799
 3.75454684 3.69280147 3.63518264 3.63289011 3.58489989 3.67828213
 3.70961333 3.80528809 3.94895308 4.1101941  4.10698456 4.12394926
 4.1271588  4.0901727  4.0692343  4.02216109 3.79382546 3.48357023
 3.39171634 3.07106832 2.85587651 2.6119517  2.51490142 2.51276173
 2.41601712 2.38224056 2.23704723 2.16903561 2.08191961 2.03820877
 1.91548219 1.8610729  1.77563809 1.73895766 1.76723216 1.74935045
 1.71419838 1.66360996 1.64144888 1.57786948 1.50588415 1.44719548
 1.42472872 1.38040654 1.30521168 1.30658719 1.3305823  1.2721993
 1.28778848 1.22252789 1.18309644 1.16903561 1.12990983 1.07381935
 1.04860156 1.01681186 0.99633196 0.96331958 0.95567782 0.91532936
 0.89408528 0.85602934 0.8462479  0.81323552 0.77915329 0.76386978]",115
112,"0.0,0.15,0.3,0.44999999999999996,0.6,0.75,0.8999999999999999,1.05,1.2,1.3499999999999999,1.5,1.65,1.7999999999999998,1.95,2.1,2.25,2.4,2.55,2.6999999999999997,2.85,3.0,3.15,3.3,3.4499999999999997,3.5999999999999996,3.75,3.9,4.05,4.2,4.35,4.5,4.6499999999999995,4.8,4.95,5.1,5.25,5.3999999999999995,5.55,5.7,5.85,6.0,6.1499999999999995,6.3,6.45,6.6,6.75,6.8999999999999995,7.05,7.199999999999999,7.35,7.5,7.6499999999999995,7.8,7.949999999999999,8.1,8.25,8.4,8.549999999999999,8.7,8.85,9.0,9.15,9.299999999999999,9.45,9.6,9.75,9.9,10.049999999999999,10.2,10.35,10.5,10.65,10.799999999999999,10.95,11.1,11.25,11.4,11.549999999999999,11.7,11.85,12.0,12.15,12.299999999999999,12.45,12.6,12.75,12.9,13.049999999999999,13.2,13.35,13.5,13.65,13.799999999999999,13.95,14.1,14.25,14.399999999999999,14.549999999999999,14.7,14.85,15.0,15.149999999999999",2007R_GLUT1_647_WGA_594_0002.nd2,2007,M,R,5,False,9.848685326547923,False,"[13.4692112  13.6178117  13.8346056  14.07005937 14.44546226 15.03256997
 15.54045802 16.93740458 18.38965225 20.38150975 22.60763359 24.02951654
 27.09329941 30.228838   31.94062765 33.41696353 34.05581001 36.38625954
 39.22527566 41.19728584 45.17574215 48.69533503 51.75470738 53.40763359
 55.30602205 57.84342663 58.64512299 59.10941476 59.90245971 61.00949958
 61.66581849 62.05055131 60.66785411 57.52569975 54.4178117  52.55521628
 52.24631043 51.62035623 49.87328244 50.32671756 46.31908397 44.71603053
 41.69686175 37.79321459 34.50212044 30.91721798 27.72044105 26.46089907
 24.81526718 23.9798134  22.71212892 21.5389313  20.14656489 19.50619169
 19.00169635 18.74826124 18.38778626 18.2201866  17.8663274  18.09109415
 18.01713316 17.81967769 17.7591179  17.57489398 17.53112807 17.53994911
 17.46157761 17.3764207  17.22527566 17.15131467 17.15318066 17.09397795
 17.28227311 17.06717557 17.18422392 16.95589483 17.05055131 16.98931298
 16.86378287 16.98015267 17.04427481 16.8495335  16.6605598  16.83833757
 16.8178117  16.88261238 16.95810008 16.72807464 16.82391858 16.85021204
 16.78965225 16.60695505 16.90127226 16.85021204 16.57540288 16.756743
 16.60593723 16.62765055 16.6726039  16.56403732 16.68787108 16.51908397]","[ 2.01102629  2.02340967  2.07158609  2.12620865  2.15606446  2.22714165
  2.25055131  2.39728584  2.64189992  3.04240882  3.72909245  4.08719254
  4.96047498  6.02951654  6.38897371  6.91959288  7.19694656  7.9192536
  8.60932994  9.04240882  9.36980492  9.42714165  9.38117048  9.50330789
  9.50992366  9.5360475   9.56658185  9.65462256  9.67650551  9.56641221
  9.73231552  9.84868533  9.95080577 10.09211196 10.16268024 10.08142494
 10.04393554 10.08583545  9.97336726  9.95402884  9.80322307  9.68261238
  9.33519932  8.9942324   8.66497031  7.90381679  7.214419    6.94893978
  6.5653944   6.37421544  6.01747243  5.64105174  5.16234097  4.80033927
  4.55928753  4.23240034  4.01357082  3.85801527  3.82493639  3.82493639
  3.74910941  3.71670908  3.64393554  3.63850721  3.58083121  3.60305344
  3.58642918  3.58473282  3.57234945  3.52875318  3.48922816  3.55657337
  3.52247668  3.50042409  3.49312977  3.46039016  3.42917727  3.43528414
  3.40135708  3.35928753  3.38897371  3.41051739  3.34995759  3.39117897
  3.41340119  3.42222222  3.42714165  3.45156913  3.50602205  3.5331637
  3.65886344  3.63647159  3.6668363   3.7250212   3.71552163  3.71314673
  3.69516539  3.71365564  3.62086514  3.64342663  3.70653096  3.66615776]","[ 4.74368109  5.06429177  5.43782867  5.70466497  6.4605598   7.35725191
  8.2807464  11.38083121 16.25496183 27.74554707 40.58625954 41.76556404
 36.11450382 28.75708227 26.65971162 24.47362171 23.8206955  21.81611535
 20.03545377 18.95402884 17.07633588 15.35284139 14.24223919 13.63698049
 13.0553011  12.24732824 12.05462256 11.77201018 11.54554707 11.36420696
 10.9648855  10.39609839 10.1735369  10.13587786 10.46717557 10.86836302
 10.97557252 10.9913486  11.55436811 11.40407125 12.42154368 12.98592027
 13.99355386 15.45360475 16.67735369 18.40746395 19.68176421 19.98982188
 20.36590331 20.56403732 20.95928753 21.50551315 21.98795589 22.09838846
 21.96437659 21.3562341  20.5192536  18.98693808 18.28685327 18.25089059
 17.4374894  17.20118745 16.37370653 15.44715861 14.96318914 14.22612383
 13.25597964 12.54317218 11.91976251 11.74622561 11.81865988 11.64681934
 11.50619169 11.09737065 10.94673452 10.4346056   9.93146735  9.6519084
  9.13876166  8.8581849   8.68159457  8.46802375  8.628838    8.33231552
  8.31195929  7.97234945  7.83579304  7.72417303  7.38608991  7.14961832
  6.98388465  6.8783715   6.76980492  6.64546226  6.66547922  6.40033927
  6.30279898  6.14724343  6.0317218   5.96471586  5.8         5.66530958]","[0.53621713 0.65089059 0.70415606 0.77523325 1.00932994 1.16386768
 1.3533503  1.99983036 2.87633588 4.69414758 6.67073791 7.26887193
 7.40067854 7.38286684 7.42510602 7.51145038 7.50483461 7.55708227
 7.62273113 7.57794741 7.20033927 6.66904156 6.13587786 5.95419847
 5.63867684 5.24800679 5.16522477 5.03952502 4.82832909 4.70890585
 4.48040712 4.19491094 4.09397795 3.89737065 3.79864292 3.86717557
 3.92756573 3.8663274  3.96607294 3.86887193 4.16217133 4.41340119
 4.66853265 4.75708227 4.74435963 4.70822731 4.48379983 4.43053435
 4.34028838 4.26955047 4.19321459 4.15284139 4.02273113 3.89482612
 3.81102629 3.57150127 3.27362171 3.03392706 2.87701442 2.8749788
 2.75979644 2.72468193 2.55877863 2.44291773 2.32383376 2.2322307
 2.05886344 1.91467345 1.83833757 1.79932146 1.80101781 1.76692112
 1.74944869 1.70178117 1.64512299 1.59321459 1.50788804 1.44003393
 1.38473282 1.32637829 1.28668363 1.26666667 1.26446141 1.21611535
 1.24173028 1.15148431 1.13469042 1.12128923 1.07056828 1.01916879
 1.01882952 0.99508058 0.94622561 0.95114504 0.9480916  0.91263783
 0.85971162 0.83121289 0.81865988 0.83019508 0.77743851 0.76997455]",116
113,"0.0,0.15,0.3,0.44999999999999996,0.6,0.75,0.8999999999999999,1.05,1.2,1.3499999999999999,1.5,1.65,1.7999999999999998,1.95,2.1,2.25,2.4,2.55,2.6999999999999997,2.85,3.0,3.15,3.3,3.4499999999999997,3.5999999999999996,3.75,3.9,4.05,4.2,4.35,4.5,4.6499999999999995,4.8,4.95,5.1,5.25,5.3999999999999995,5.55,5.7,5.85,6.0,6.1499999999999995,6.3,6.45,6.6,6.75,6.8999999999999995,7.05,7.199999999999999,7.35,7.5,7.6499999999999995,7.8,7.949999999999999,8.1,8.25,8.4,8.549999999999999,8.7,8.85,9.0,9.15,9.299999999999999,9.45,9.6,9.75,9.9,10.049999999999999,10.2,10.35,10.5,10.65,10.799999999999999,10.95,11.1,11.25,11.4,11.549999999999999,11.7,11.85,12.0,12.15,12.299999999999999,12.45,12.6,12.75,12.9,13.049999999999999,13.2,13.35,13.5,13.65,13.799999999999999,13.95,14.1,14.25,14.399999999999999,14.549999999999999,14.7,14.85,15.0,15.149999999999999",2007R_GLUT1_647_WGA_594_0002.nd2,2007,M,R,5,False,6.90278266995421,False,"[12.9145826  13.07502642 13.33902783 13.44188094 13.70324058 13.99630151
 14.56058471 15.24357168 15.96231067 17.46248679 18.7581895  19.12610074
 19.91828108 20.65040507 21.14793942 21.42391687 21.63314547 22.34307855
 23.53222966 24.31613244 26.808031   29.88076788 32.67241987 34.30415639
 36.40436774 39.91704826 41.27773864 42.84607256 44.7610074  46.23230011
 50.61095456 56.52870729 59.42215569 61.95139133 60.93589292 59.75149701
 59.2495597  58.94311377 56.82300106 57.06798168 52.89362452 50.96283903
 48.79094752 46.23828813 43.95051074 40.0517788  36.19725255 34.57555477
 32.32317718 31.05829517 28.92831983 25.97868968 22.46195844 20.90295879
 20.11025009 19.19425854 18.64793942 18.11148292 17.9674181  17.96512857
 17.74885523 17.61905601 17.40912293 17.34483973 17.1449454  17.09950687
 17.10496654 16.90542445 16.80433251 16.80045791 16.73177175 16.7687566
 16.7120465  16.72402254 16.85399789 16.61887989 16.49313138 16.63067982
 16.53152518 16.37372314 16.44839732 16.43888693 16.37742163 16.41158859
 16.19830926 16.40225431 16.38939768 16.07150405 16.16766467 16.16343783
 16.39855583 16.17312434 16.22930609 16.26505812 16.24709405 16.13737231
 16.23177175 16.35945756 16.22490313 16.1641423  16.09545615 16.10690384]","[1.95191969 1.94980627 1.97657626 2.00810144 2.02483269 2.08013385
 2.08101444 2.17294822 2.38112011 2.69373019 3.13666784 3.34977105
 3.65287073 3.88904544 4.04015498 4.10109193 4.17453329 4.41123635
 4.82141599 5.02729834 5.70781965 6.42955266 7.20218387 7.41546319
 7.85311729 8.33268757 8.51937302 8.75942233 8.91969003 8.84061289
 8.70570623 8.00774921 7.42585417 6.90278267 6.66484678 6.60355759
 6.63649172 6.79799225 6.78848186 6.72507925 6.94927791 6.89309616
 6.9059528  7.04244452 7.08207115 7.06569215 7.12240225 7.00052836
 6.90348714 6.89380063 6.645826   6.5038746  6.145826   5.71134202
 5.54790419 5.07696372 4.53892216 4.15815428 3.99189856 3.97728073
 3.81172948 3.82687566 3.74709405 3.74779852 3.67911236 3.65005284
 3.55442057 3.56498767 3.57960549 3.61623811 3.63015146 3.60021134
 3.62152166 3.63191265 3.59739345 3.58823529 3.55671011 3.51637901
 3.47587179 3.49401198 3.53927439 3.50986263 3.49154632 3.49189856
 3.45720324 3.45368087 3.43466009 3.48238816 3.49841493 3.50457908
 3.49735822 3.52853117 3.54191617 3.53821768 3.56674886 3.60989785
 3.63895738 3.54385347 3.68721381 3.78531173 3.98450159 4.32123987]","[ 4.80609369  5.17840789  5.51866855  5.83902783  6.57942938  7.45086298
  8.3397323  11.45914054 16.45561818 28.9385347  43.52271927 45.11729482
 39.7907714  32.5450863  30.71838676 29.06868616 28.50211342 27.46319126
 26.69778091 26.3569919  25.36315604 23.53980275 21.59034871 20.45949278
 19.26664318 17.72860162 17.37002466 16.87847834 16.31067277 15.93413174
 14.99471645 13.31912645 12.33797112 10.84202184  9.77914759  9.39098274
  9.24286721  9.22789715  9.04755195  9.02553716  9.03187742  9.07537865
  9.36456499  9.93043325 10.40771398 11.13367383 11.82282494 12.01391335
 12.45561818 12.54808031 13.09985911 13.84343079 15.36579782 16.27139838
 16.38693202 16.35628743 16.51268052 16.31296231 16.07625925 16.00211342
 15.59809792 15.41246918 14.85170835 14.20975696 13.97569567 13.4357168
 12.66449454 12.00070447 11.42444523 11.21609722 11.37213808 11.22824938
 11.00880592 10.67259598 10.48767172  9.91757661  9.52236703  9.20394505
  8.81595632  8.57960549  8.30979218  8.11253963  8.20852413  7.99753434
  7.91475872  7.60285312  7.43113772  7.25889398  7.01320888  6.84572032
  6.68122578  6.56252201  6.51937302  6.42197957  6.38129623  6.17506164
  6.07995773  5.8992603   5.80556534  5.70693906  5.58400845  5.43025713]","[0.49313138 0.57696372 0.66150053 0.75413878 0.9040155  1.09263825
 1.28425502 1.85364565 2.73194787 4.58841141 6.71856287 7.18069743
 6.98908066 6.55142656 6.34906657 6.22895386 6.16766467 6.08471293
 5.98890454 6.03293413 5.95121522 5.86016203 5.56798168 5.39397675
 5.10813667 4.74674181 4.65586474 4.5191969  4.37830222 4.18104967
 3.86526946 3.25167312 2.9933075  2.52536104 2.2389926  2.17382881
 2.13948573 2.12698133 2.0959845  2.07115181 2.02254315 2.06111307
 2.05512504 2.08277563 2.11694259 2.221733   2.29552659 2.34431138
 2.38834097 2.40577668 2.4894329  2.5988024  2.69179288 2.72560761
 2.71134202 2.62821416 2.61148292 2.44681226 2.34290243 2.34924269
 2.27632969 2.22402254 2.12909475 1.99365974 1.92180345 1.8502994
 1.7735118  1.66238112 1.59122931 1.56569215 1.57749207 1.57396971
 1.54596689 1.50810144 1.47358225 1.39802747 1.32511448 1.27210285
 1.22824938 1.205354   1.15938711 1.15621698 1.145826   1.13015146
 1.1093695  1.06023248 1.04878478 1.02183868 0.97058824 0.94963015
 0.90877069 0.91563931 0.88781261 0.85047552 0.85840085 0.82229658
 0.81454738 0.76593871 0.76012681 0.75748503 0.71292709 0.68915111]",117
114,"0.0,0.15,0.3,0.44999999999999996,0.6,0.75,0.8999999999999999,1.05,1.2,1.3499999999999999,1.5,1.65,1.7999999999999998,1.95,2.1,2.25,2.4,2.55,2.6999999999999997,2.85,3.0,3.15,3.3,3.4499999999999997,3.5999999999999996,3.75,3.9,4.05,4.2,4.35,4.5,4.6499999999999995,4.8,4.95,5.1,5.25,5.3999999999999995,5.55,5.7,5.85,6.0,6.1499999999999995,6.3,6.45,6.6,6.75,6.8999999999999995,7.05,7.199999999999999,7.35,7.5,7.6499999999999995,7.8,7.949999999999999,8.1,8.25,8.4,8.549999999999999,8.7,8.85,9.0,9.15,9.299999999999999,9.45,9.6,9.75,9.9,10.049999999999999,10.2,10.35,10.5,10.65,10.799999999999999,10.95,11.1,11.25,11.4,11.549999999999999,11.7,11.85,12.0,12.15,12.299999999999999,12.45,12.6,12.75,12.9,13.049999999999999,13.2,13.35,13.5,13.65,13.799999999999999,13.95,14.1,14.25,14.399999999999999,14.549999999999999,14.7,14.85,15.0,15.149999999999999",2007R_GLUT1_647_WGA_594_0002.nd2,2007,M,R,5,False,5.091494845360825,False,"[12.46182345 12.68943299 12.89529639 12.99291237 13.14078608 13.33521263
 13.56974871 14.1443299  14.62322809 15.65157861 16.60824742 16.81185567
 17.2288982  17.39046392 17.29494201 17.61179124 17.54977448 17.77319588
 18.03012242 18.03012242 18.30396263 18.60422036 18.78833763 18.80637887
 18.85373711 18.94877577 19.06475515 19.11517397 19.18653351 19.11871778
 18.89690722 19.02963918 18.97905928 18.79268686 19.27931701 19.31217784
 19.32361469 19.52625644 19.89867912 19.63224871 20.82828608 21.70328608
 22.9632732  26.59842139 30.17429124 36.75724871 43.98695232 45.43411727
 47.55927835 48.27496778 49.97052191 51.33505155 52.99838918 53.88079897
 54.27061856 52.85583119 49.29397552 42.04671392 38.25724871 37.74307345
 33.19072165 31.60792526 27.12065077 24.18701675 23.04880799 21.91704253
 20.4007732  19.33038015 18.80992268 18.71568943 18.68057345 18.58940077
 18.30041881 18.03237758 17.97358247 17.42590206 17.47132732 17.19700387
 16.80686211 16.78253866 16.55686211 16.53688789 16.60212629 16.54284794
 16.46085696 16.25016108 16.2683634  16.16253222 16.18508376 16.06282216
 15.81539948 15.96810567 16.04365335 15.88965851 16.0753866  15.89143041
 15.96778351 15.90093428 15.7628866  15.76965206 15.7371134  15.54188144]","[ 1.95215851  1.97680412  1.99162371  2.04735825  2.06072809  2.11710696
  2.10148196  2.21311211  2.40415593  2.73501933  3.21520619  3.44523196
  3.74822809  3.9283183   3.97036082  4.0716817   4.07586985  4.25966495
  4.47454897  4.61227448  4.94829253  5.39320232  5.70167526  5.9632732
  6.20876289  6.69007732  6.84181701  7.00451031  7.26626933  7.45602448
  7.90141753  8.28785438  8.41833119  9.08714562  9.96794459 10.67155284
 10.80895619 10.93766108 11.46955541 11.18911082 12.54059278 13.0974549
 13.56121134 13.41414304 13.14577964 12.24275129 10.82651418 10.06813789
  8.9742268   8.59826031  7.67686856  7.12113402  6.02963918  5.41253222
  5.09149485  4.57731959  4.15834407  3.8878866   3.88563144  3.78624356
  3.88176546  3.8556701   3.86936211  3.85695876  3.84568299  3.82893041
  3.89255799  3.80798969  3.7720683   3.77738402  3.7288982   3.7472616
  3.76691366  3.65125644  3.69603737  3.55831186  3.54510309  3.52545103
  3.49871134  3.42219716  3.51304768  3.43959407  3.43556701  3.38836985
  3.39513531  3.32490335  3.36565722  3.43057345  3.41978093  3.48147552
  3.4320232   3.48292526  3.49468428  3.52673969  3.55090206  3.64497423
  3.5726482   3.57184278  3.54059278  3.5367268   3.56072809  3.64964562]","[ 5.0285116   5.41736469  5.74613402  6.15447809  6.95972938  7.85148196
  8.82329253 12.07200387 16.9908183  29.60824742 46.61936211 49.80992268
 46.08778995 38.46069588 36.16156572 33.77883376 33.22390464 31.17171392
 29.29091495 28.4025451  27.20360825 26.03334407 25.06749356 24.54574742
 23.96681701 23.52271263 23.38369845 23.21423969 23.19039948 23.07297036
 23.18669459 23.3787049  23.2996134  22.99935567 22.15270619 21.51804124
 21.39110825 21.23485825 20.54864691 20.71875    19.51498067 19.03092784
 18.15721649 17.18524485 16.52045747 15.33376289 13.30589562 12.48534149
 11.40866624 10.94974227 10.11340206  9.45505799  8.83231314  8.78141108
  8.89626289  9.45280284 10.15222294 11.43669459 12.18621134 12.29558634
 12.99307345 13.18878866 13.97809278 14.22567655 14.13402062 13.8970683
 13.17106959 12.64046392 11.95264175 11.79896907 11.91672036 11.69652062
 11.55315722 11.14513531 11.00225515 10.49581186 10.01530284  9.71585052
  9.24291237  8.94652062  8.68041237  8.52190722  8.59938789  8.39787371
  8.3308634   8.04172036  7.83956186  7.70747423  7.38675902  7.10341495
  6.96198454  6.77915593  6.71858892  6.61227448  6.55815077  6.31652706
  6.23115335  6.03753222  5.91672036  5.8060567   5.72406572  5.57570876]","[0.4908183  0.55380155 0.63466495 0.72116624 0.87902706 1.06137242
 1.24371778 1.80460696 2.63337629 4.38015464 6.45151418 6.96407861
 6.75289948 6.09793814 5.87951031 5.57586985 5.54719716 5.24339562
 5.05766753 4.87145619 4.66108247 4.47938144 4.26707474 4.18911082
 4.13595361 3.96875    3.92686856 3.90576675 3.8097616  3.76514175
 3.67719072 3.58424613 3.53849871 3.34777706 3.27029639 3.16527062
 3.17074742 3.17880155 3.08666237 3.06394974 2.88595361 2.82039304
 2.74259021 2.63337629 2.54735825 2.40447809 2.15963273 2.07152062
 1.921875   1.82280928 1.71875    1.63611469 1.50483247 1.49162371
 1.49645619 1.52802835 1.59471649 1.71713918 1.76224227 1.79381443
 1.82796392 1.87274485 1.89932345 1.95425258 1.94184923 1.88836985
 1.80364046 1.6837951  1.62580541 1.58424613 1.58392397 1.57893041
 1.57184278 1.49307345 1.4714884  1.42074742 1.35373711 1.29300902
 1.26272552 1.20844072 1.18041237 1.16736469 1.15705541 1.10953608
 1.12145619 1.08295747 1.05090206 1.01530284 0.96907216 0.92783505
 0.91784794 0.87838273 0.86791237 0.8464884  0.8308634  0.80992268
 0.79445876 0.77528995 0.76240335 0.73566366 0.72358247 0.69168814]",118
115,"0.0,0.15,0.3,0.44999999999999996,0.6,0.75,0.8999999999999999,1.05,1.2,1.3499999999999999,1.5,1.65,1.7999999999999998,1.95,2.1,2.25,2.4,2.55,2.6999999999999997,2.85,3.0,3.15,3.3,3.4499999999999997,3.5999999999999996,3.75,3.9,4.05,4.2,4.35,4.5,4.6499999999999995,4.8,4.95,5.1,5.25,5.3999999999999995,5.55,5.7,5.85,6.0,6.1499999999999995,6.3,6.45,6.6,6.75,6.8999999999999995,7.05,7.199999999999999,7.35,7.5,7.6499999999999995,7.8,7.949999999999999,8.1,8.25,8.4,8.549999999999999,8.7,8.85,9.0,9.15,9.299999999999999,9.45,9.6,9.75,9.9,10.049999999999999,10.2,10.35,10.5,10.65,10.799999999999999,10.95,11.1,11.25,11.4,11.549999999999999,11.7,11.85,12.0,12.15,12.299999999999999,12.45,12.6,12.75,12.9,13.049999999999999,13.2,13.35,13.5,13.65,13.799999999999999,13.95,14.1,14.25,14.399999999999999,14.549999999999999,14.7,14.85,15.0,15.149999999999999",2007R_GLUT1_647_WGA_594_0002.nd2,2007,M,R,5,False,4.535819430814524,False,"[ 14.11776251  14.47595682  15.22178606  15.64671246  16.83611384
  17.52894995  18.16192345  21.06280667  23.49165849  27.69283611
  33.28655545  36.57016683  45.55937193  54.5858685   57.86947988
  62.66928361  66.8842002   72.07654563  77.58096173  80.44651619
  85.44651619  88.33758587  90.69774289  94.27085378  97.41805692
 101.06280667 103.76349362 105.37095191 108.06967615 109.79882237
 112.66339549 119.47497547 123.01373896 122.50539745 122.30323847
 121.70559372 121.44357213 121.50736016 119.99313052 120.20412169
 114.34249264 112.70657507 107.73994112  96.05299313  84.51521099
  70.86849853  56.25122669  51.03042198  44.59175662  40.59077527
  36.97350343  33.53680079  30.72816487  30.74190383  30.55544652
  30.68498528  30.31501472  30.37487733  30.0922473   29.54465162
  28.03238469  27.81746811  25.77134446  24.218842    23.47399411
  22.36211973  21.04612365  19.90578999  19.54955839  19.12855741
  19.41511286  19.25711482  19.59371933  18.84102061  18.85279686
  18.37193327  18.2983317   18.17271835  18.33660451  17.75466143
  18.0922473   18.22571148  17.98822375  17.84003925  17.97448479
  17.45632974  17.73405299  17.50932287  17.42885182  17.67713445
  17.42198234  17.15112856  17.60058881  16.93719333  17.44946026
  16.96663395  17.28655545  17.33856722  16.97742885  16.51226693
  17.00883219  16.59568204]","[ 1.99509323  2.0343474   2.05986261  2.07163886  2.16388616  2.14033366
  2.14327772  2.26496565  2.48086359  2.70657507  3.34249264  3.53483808
  3.56722277  3.83120707  4.02060844  3.8861629   3.87831207  4.04906771
  4.05691855  3.85868499  3.83120707  3.69283611  3.65947007  3.5858685
  3.64769382  3.6545633   3.65947007  3.6889107   3.59175662  3.54465162
  3.57311089  3.71050049  3.71540726  3.6889107   3.69087341  3.73307164
  3.69087341  3.87242395  3.71638862  3.71344455  4.01668302  3.99509323
  4.16683023  4.53581943  4.562316    5.01668302  5.4357213   5.83120707
  6.10009814  6.33758587  7.20117763  8.01766438 11.11187439 14.24926398
 16.37684004 20.96368989 23.55544652 25.46319921 27.21491658 26.3562316
 26.07458292 25.77526987 24.78999019 23.96859666 23.16584887 21.19136408
 17.74877331 14.12070658 11.03925417 10.88812561 10.96368989 10.01668302
  9.42590775  8.18056919  8.0451423   6.99705594  6.74092247  6.53189401
  6.04219823  5.72914622  6.00196271  5.53091266  5.48675172  5.46712463
  5.38959764  5.30912659  5.07360157  4.94995093  4.91265947  4.76349362
  4.58488714  4.44259078  4.60353288  4.40039254  4.43670265  4.24435721
  4.34641806  4.17762512  4.12757605  4.08734053  4.10598626  4.01373896]","[ 5.08439647  5.59371933  6.02060844  6.51128557  7.35034347  8.46319921
  9.61825319 14.09813543 20.39352306 35.00785083 51.78213935 53.45829244
 48.609421   43.79980373 42.609421   41.77330716 41.03827282 39.96663395
 38.29244357 36.46810599 31.54170756 26.24926398 23.32679097 21.71148184
 20.7576055  19.7468106  19.60647694 19.18253189 18.98233562 18.75858685
 18.40726202 16.94700687 15.95780177 14.21786065 13.37684004 12.96172718
 13.02158979 13.00785083 13.22865554 13.06771344 13.87242395 14.47105005
 15.78704612 18.08047105 19.56329735 20.81059863 22.10794897 22.23356232
 22.22374877 22.31795878 22.23945044 21.97055937 20.51422964 19.37095191
 18.88910697 17.87831207 16.36310108 15.22178606 14.74582924 14.67320903
 14.2060844  14.14916585 13.38665358 13.14720314 13.11874387 12.90971541
 12.67517174 12.5750736  12.45338567 12.23356232 12.46418057 12.21393523
 12.15996075 11.83513248 11.98724239 11.61530913 11.14818449 10.73503435
 10.31010795  9.81844946  9.57703631  9.42198234  9.44062807  9.11481845
  9.09421001  8.63689892  8.4357213   8.30716389  7.92443572  7.63886163
  7.51128557  7.22865554  7.17271835  7.05691855  7.00294406  6.9205103
  6.63002944  6.46025515  6.2296369   6.23356232  6.04416094  5.85181551]","[0.47105005 0.55446516 0.59273798 0.68596663 0.93228656 1.08243376
 1.27085378 1.94602552 2.91364082 4.90382728 7.06476938 7.42001963
 7.23846909 6.73994112 6.6673209  6.36800785 6.34052993 6.19725221
 5.83120707 5.52306183 4.69185476 4.04808636 3.65358194 3.50834151
 3.50147203 3.28263003 3.2639843  3.22374877 3.25417076 3.06084396
 3.10107949 2.79685967 2.71835132 2.5171737  2.38469087 2.45044161
 2.50539745 2.4592738  2.42001963 2.46221786 2.57212954 2.67222767
 2.90088322 3.22473013 3.54170756 3.78704612 4.06378803 4.17664377
 3.95780177 3.99803729 3.89597645 3.78606477 3.51619235 3.22178606
 3.22767419 3.03827282 2.68400393 2.46221786 2.42296369 2.52698724
 2.36604514 2.29440628 2.27281649 2.12757605 2.04808636 1.97742885
 1.95682041 1.88812561 1.94504416 1.86064769 1.94308145 1.84396467
 1.83120707 1.77526987 1.84690873 1.67026497 1.57899902 1.54563297
 1.48969578 1.40039254 1.41020608 1.37684004 1.40235525 1.32973503
 1.34052993 1.3218842  1.27281649 1.16781158 1.10598626 1.07752699
 1.03827282 1.0451423  0.94504416 0.95191364 0.96467125 0.98135427
 0.90578999 0.85672228 0.86751717 0.86653582 0.84789009 0.79685967]",119
116,"0.0,0.15,0.3,0.44999999999999996,0.6,0.75,0.8999999999999999,1.05,1.2,1.3499999999999999,1.5,1.65,1.7999999999999998,1.95,2.1,2.25,2.4,2.55,2.6999999999999997,2.85,3.0,3.15,3.3,3.4499999999999997,3.5999999999999996,3.75,3.9,4.05,4.2,4.35,4.5,4.6499999999999995,4.8,4.95,5.1,5.25,5.3999999999999995,5.55,5.7,5.85,6.0,6.1499999999999995,6.3,6.45,6.6,6.75,6.8999999999999995,7.05,7.199999999999999,7.35,7.5,7.6499999999999995,7.8,7.949999999999999,8.1,8.25,8.4,8.549999999999999,8.7,8.85,9.0,9.15,9.299999999999999,9.45,9.6,9.75,9.9,10.049999999999999,10.2,10.35,10.5,10.65,10.799999999999999,10.95,11.1,11.25,11.4,11.549999999999999,11.7,11.85,12.0,12.15,12.299999999999999,12.45,12.6,12.75,12.9,13.049999999999999,13.2,13.35,13.5,13.65,13.799999999999999,13.95,14.1,14.25,14.399999999999999,14.549999999999999,14.7,14.85,15.0,15.149999999999999",2007R_GLUT1_647_WGA_594_0002.nd2,2007,M,R,5,True,80.83254423124845,False,"[13.01495141 13.242462   13.46374284 13.63468727 14.0933217  14.30737603
 14.73461251 15.89322203 16.84301022 18.50548218 20.33204585 20.89596312
 22.52180414 24.14677299 24.81584849 25.57525542 26.19860454 27.27124346
 28.49800648 29.48504859 30.51146275 31.28582108 31.73835036 32.46187391
 33.0001246  33.82606529 34.53501121 34.73822577 35.52803389 35.87540493
 37.03688014 39.54061799 41.08908547 43.29504112 44.71766758 45.12571642
 45.33765263 45.36032893 45.74121605 45.88761525 45.99165213 45.87465736
 45.94829305 45.84176427 46.03949664 47.61138799 48.69150262 48.74059307
 49.00573137 48.85995515 48.64914029 48.60902068 49.8207077  51.9470471
 53.18415151 53.51233491 52.35036133 48.99077997 47.01544979 46.7020932
 43.71991029 43.09456766 38.62172938 34.96237229 32.74395714 30.14465487
 27.11275853 24.76488911 22.76488911 22.28843758 22.56242213 21.98305507
 21.78121106 20.80650386 20.65487167 19.90331423 19.42773486 18.95788687
 18.77722402 18.49538998 18.3509843  18.14714677 18.31634687 18.28046349
 18.11948667 17.94654872 17.87017194 17.79990032 17.53401445 17.42611513
 17.39932719 17.20059806 17.24071767 17.1238475  17.16521306 17.00348866
 17.03588338 17.05469723 17.02990282 16.89957638 16.90306504 16.7676302 ]","[ 2.12783454  2.19573885  2.20732619  2.23772739  2.28955893  2.39808124
  2.37752305  2.48616995  2.70745078  3.08310491  3.62708697  3.83379018
  4.15387491  4.40991777  4.44767007  4.54198854  4.52292549  4.53339148
  4.69087964  4.70782457  4.8382756   5.23560927  5.67842013  6.09444306
  6.54310989  7.32668826  7.69362073  7.99788188  8.28046349  8.73685522
  9.24445552  9.77946673  9.85920758  9.65686519  9.65262896  9.80326439
 10.01108896 10.16085223 10.70358834 10.6010466  12.25616746 13.30214304
 15.71654622 21.09469225 27.80164465 38.99177673 51.02653875 55.28943434
 59.96760528 63.09170197 67.43197109 71.26650885 76.78694244 79.72377274
 80.93109893 80.83254423 79.59867929 75.85808622 74.04958884 73.98293048
 72.10665338 71.45414902 68.18502367 64.92698729 62.72576626 58.71368054
 52.0026165  45.19985049 38.38911039 36.36032893 37.02616496 35.17630202
 33.70570645 28.84961376 26.6440319  20.26376775 16.37565412 13.98903563
 11.56765512 10.28818839  9.36929978  8.89521555  9.05083479  8.45003738
  8.22788438  7.52940444  7.02790929  6.65948168  6.21056566  5.81273362
  5.63967107  5.3989534   5.33366559  5.21330675  5.16147521  4.9469225
  4.85023673  4.74632445  4.62509345  4.51308248  4.52404685  4.52728632]","[ 4.98853725  5.39546474  5.70919512  6.1162472   6.90119611  7.83516073
  8.72825816 12.27199103 17.61836531 30.10814852 44.56478943 45.48567157
 39.44816845 32.84525293 31.33241964 29.73062547 29.09705956 28.29952654
 27.68764017 27.57139297 27.36132569 27.32120608 27.45066035 27.36145029
 27.1589833  26.66371792 26.41353102 26.28656865 25.92574134 25.73772739
 25.13555943 24.18091204 23.75816098 23.05133317 22.46822826 21.9672315
 21.86468976 21.64914029 21.12285074 21.06229753 19.92237727 19.54061799
 18.99015699 18.80538251 18.54348368 17.84662347 16.84400698 16.40580613
 15.95651632 15.59207575 15.16184899 14.61711936 13.60304012 12.75554448
 12.38337902 11.78208323 11.58061301 11.50411164 11.5807376  11.63020184
 11.74370795 11.79192624 12.0252928  12.21355594 12.28382756 12.45053576
 12.3359083  12.33217045 12.15537005 12.17630202 12.19424371 12.13468727
 12.1463992  12.02828308 11.99850486 11.64315973 11.36145029 11.02479442
 10.5884625  10.29055569 10.03937204  9.82344879  9.90057314  9.6564914
  9.55918266  9.20022427  8.964615    8.66944929  8.28644406  7.97919262
  7.77934214  7.53301769  7.42997757  7.27460753  7.25367555  6.97819586
  6.81223524  6.59045602  6.4394468   6.30376277  6.1440319   5.99115375]","[0.48878644 0.57463244 0.63431348 0.72626464 0.90281585 1.09319711
 1.24956392 1.88562173 2.75965612 4.62359831 6.68452529 7.11512584
 6.75529529 6.26177423 6.11562422 5.86655868 5.83316721 5.69000748
 5.50610516 5.35933217 5.19075505 5.01133815 4.85684027 4.78868677
 4.6842761  4.4897832  4.44966359 4.37652629 4.307999   4.19063045
 4.08771493 3.87839522 3.80289061 3.7044605  3.64502866 3.61325692
 3.57986544 3.57164216 3.50548218 3.4773237  3.33528532 3.31223524
 3.18489908 3.10627959 3.02454523 2.99401944 2.85297782 2.76364316
 2.69748318 2.61799153 2.53762771 2.47321206 2.26289559 2.10789933
 2.0630451  1.96997259 1.90219287 1.91328183 1.92113132 1.88362821
 1.94268627 1.92549215 1.95053576 1.95551956 1.98629454 1.99439322
 1.99102916 1.96760528 1.95875903 1.94891602 1.97919262 1.97408423
 1.93458759 1.92947919 1.90281585 1.84014453 1.75093446 1.68988288
 1.6161226  1.55718914 1.50809868 1.47844505 1.48542238 1.44928981
 1.44866683 1.39459257 1.34762023 1.27373536 1.19835535 1.1794169
 1.11649639 1.09444306 1.06740593 1.03962123 1.03849988 0.96735609
 0.95863444 0.90630451 0.88225766 0.86344381 0.83640668 0.81510092]",121
117,"0.0,0.15,0.3,0.44999999999999996,0.6,0.75,0.8999999999999999,1.05,1.2,1.3499999999999999,1.5,1.65,1.7999999999999998,1.95,2.1,2.25,2.4,2.55,2.6999999999999997,2.85,3.0,3.15,3.3,3.4499999999999997,3.5999999999999996,3.75,3.9,4.05,4.2,4.35,4.5,4.6499999999999995,4.8,4.95,5.1,5.25,5.3999999999999995,5.55,5.7,5.85,6.0,6.1499999999999995,6.3,6.45,6.6,6.75,6.8999999999999995,7.05,7.199999999999999,7.35,7.5,7.6499999999999995,7.8,7.949999999999999,8.1,8.25,8.4,8.549999999999999,8.7,8.85,9.0,9.15,9.299999999999999,9.45,9.6,9.75,9.9,10.049999999999999,10.2,10.35,10.5,10.65,10.799999999999999,10.95,11.1,11.25,11.4,11.549999999999999,11.7,11.85,12.0,12.15,12.299999999999999,12.45,12.6,12.75,12.9,13.049999999999999,13.2,13.35,13.5,13.65,13.799999999999999,13.95,14.1,14.25,14.399999999999999,14.549999999999999,14.7,14.85,15.0,15.149999999999999",2007R_GLUT1_647_WGA_594_0002.nd2,2007,M,R,5,False,4.733295259851514,False,"[13.49343232 13.88206739 14.16362079 14.59794403 14.97001713 15.39691605
 15.79640206 17.35579669 18.72501428 20.45516848 22.33609366 23.63049686
 24.86207881 27.37778412 27.63906339 28.8837807  30.21187893 32.08195317
 35.38149629 38.36493432 45.56082239 53.91090805 60.63192461 65.1273558
 69.51627641 74.50571102 76.43946316 78.19417476 79.92804112 81.12421473
 83.49143347 85.96858938 86.26641919 85.27955454 83.21530554 80.99086236
 79.54454597 79.35950885 77.19617362 77.34551685 72.96173615 70.19931468
 67.75042833 65.12107367 63.20131354 60.92061679 55.8335237  52.9234723
 49.16818961 46.06396345 41.09708738 35.57252998 28.54368932 25.39948601
 23.81382067 21.85237007 21.00399772 20.00913764 19.64163335 19.57167333
 19.65505425 19.10850942 19.01313535 18.62421473 18.65933752 18.42204455
 18.32038835 18.14962878 18.0525414  17.97401485 17.87407196 18.00314106
 17.78069674 17.78869218 17.75099943 17.72301542 17.64420331 17.42261565
 17.45117076 17.42861222 17.20988007 17.31353512 17.44660194 17.24443175
 17.41604797 17.01627641 17.3469446  17.26270702 17.2044546  17.01056539
 17.08252427 17.09794403 16.871502   17.02798401 16.93175328 17.18246716
 17.20759566 17.00856653 17.14877213 16.94488864 17.03055397 16.96230725]","[1.96544832 1.98201028 2.01513421 2.03398058 2.04054826 2.09565962
 2.06596231 2.2061679  2.35494003 2.66162193 3.1793261  3.38806396
 3.6150771  3.73814963 3.82838378 3.84922901 3.9737293  3.92775557
 4.11593375 4.18646488 4.52998287 4.58652199 4.8720731  4.73586522
 4.82781268 4.99771559 5.01998858 5.19788692 5.15019989 5.07224443
 5.11679041 4.81324957 4.73329526 4.44288978 4.32552827 4.21416334
 4.16619075 4.1921759  3.97173044 4.04054826 3.90805254 3.82895488
 3.77241576 3.77984009 3.87749857 3.97858367 3.97601371 3.95916619
 3.89634495 3.88920617 3.8720731  3.87549971 3.94888635 3.94660194
 3.97944032 4.20331239 4.30925186 4.05568247 3.95945174 3.95516848
 3.74528841 3.81867504 3.65962307 3.59851513 3.64934323 3.60793832
 3.52998287 3.56025128 3.5636779  3.55396916 3.50599657 3.51427756
 3.55539692 3.54683038 3.51570531 3.47687036 3.4994289  3.53340948
 3.50285551 3.46773272 3.56082239 3.4229012  3.48143918 3.49171902
 3.48914906 3.45431182 3.47572816 3.45830954 3.50428327 3.44346088
 3.47744146 3.47030268 3.47515705 3.51113649 3.49143347 3.55368361
 3.57681325 3.57110223 3.56253569 3.62649914 3.70816676 3.79268989]","[ 4.7692747   5.09765848  5.40919475  5.73843518  6.50399772  7.46916048
  8.28783552 11.98857796 17.44831525 29.5525414  43.26470588 43.3206739
 36.06710451 28.0251285  25.99143347 23.73101085 22.3335237  20.73215306
 19.50828098 18.91719018 17.78012564 16.76013706 15.77955454 15.09822958
 14.29640206 13.26756139 12.89891491 12.59765848 12.22387207 11.87921188
 11.18103941 10.17532838  9.64620217  8.95945174  8.63021131  8.46944603
  8.4491719   8.39406054  8.28869218  8.31267847  8.39862935  8.50428327
  8.83495146  9.42718447  9.91861793 10.56910337 11.30296973 11.81781839
 12.36864649 12.82524272 13.7424329  14.68932039 16.96487721 18.321245
 18.66990291 18.90034266 18.63078241 17.46487721 17.10022844 17.02255854
 16.42490006 16.31324957 15.61336379 15.02255854 14.69531696 14.15962307
 13.56739006 13.0251285  12.40691034 12.18075385 12.28754997 12.09137636
 12.05482581 11.62935465 11.45802399 10.88035408 10.49543118 10.23529412
  9.65876642  9.32752713  9.17418618  8.92261565  9.06767561  8.85636779
  8.7050257   8.50599657  8.24557396  8.13906339  7.7295831   7.52398629
  7.28669332  7.0765277   7.04197601  6.90719589  6.85151342  6.65990862
  6.49628784  6.34837236  6.23101085  6.16790405  6.01027984  5.87035979]","[0.46573387 0.55996573 0.61307824 0.70673901 0.89149058 1.09851513
 1.22729869 1.91519132 2.80296973 4.61993147 6.57624215 6.88406625
 6.43432324 5.80011422 5.56167904 5.39491719 5.28069674 5.09280411
 4.97801256 4.86836094 4.78469446 4.61393489 4.31296402 4.16105083
 3.94460308 3.61993147 3.49114792 3.42747002 3.28926328 3.2167333
 2.95973729 2.77498572 2.67304397 2.57824101 2.47258709 2.4223301
 2.39605939 2.37435751 2.33266705 2.34066248 2.29668761 2.28812107
 2.33552256 2.34408909 2.3837807  2.51713307 2.5776699  2.57738435
 2.66818961 2.71073672 2.87035979 3.0245574  3.23929183 3.38263849
 3.30553969 3.17133067 3.00799543 2.78954883 2.66904626 2.64648772
 2.55054255 2.53169617 2.3972016  2.30239863 2.23672187 2.15048544
 2.07881211 1.93917761 1.9625928  1.92432895 1.90205597 1.92604226
 1.87549971 1.83466591 1.80125642 1.76299258 1.68246716 1.58052541
 1.52884066 1.46601942 1.43917761 1.41319246 1.39091947 1.39491719
 1.38777841 1.30925186 1.30154198 1.23329526 1.16447744 1.13192461
 1.10708167 1.07881211 1.04940034 1.03655054 1.04311822 0.98914906
 0.98972016 0.92318675 0.8843518  0.86950314 0.85665334 0.81781839]",122
118,"0.0,0.15,0.3,0.44999999999999996,0.6,0.75,0.8999999999999999,1.05,1.2,1.3499999999999999,1.5,1.65,1.7999999999999998,1.95,2.1,2.25,2.4,2.55,2.6999999999999997,2.85,3.0,3.15,3.3,3.4499999999999997,3.5999999999999996,3.75,3.9,4.05,4.2,4.35,4.5,4.6499999999999995,4.8,4.95,5.1,5.25,5.3999999999999995,5.55,5.7,5.85,6.0,6.1499999999999995,6.3,6.45,6.6,6.75,6.8999999999999995,7.05,7.199999999999999,7.35,7.5,7.6499999999999995,7.8,7.949999999999999,8.1,8.25,8.4,8.549999999999999,8.7,8.85,9.0,9.15,9.299999999999999,9.45,9.6,9.75,9.9,10.049999999999999,10.2,10.35,10.5,10.65,10.799999999999999,10.95,11.1,11.25,11.4,11.549999999999999,11.7,11.85,12.0,12.15,12.299999999999999,12.45,12.6,12.75,12.9,13.049999999999999,13.2,13.35,13.5,13.65,13.799999999999999,13.95,14.1,14.25,14.399999999999999,14.549999999999999,14.7,14.85,15.0,15.149999999999999",2007R_GLUT1_647_WGA_594_0002.nd2,2007,M,R,5,False,4.698738738738739,False,"[ 13.8645045   14.20144144  14.53153153  15.04684685  15.79315315
  16.48396396  16.78990991  18.93477477  20.65837838  23.59567568
  27.47711712  29.59603604  34.45261261  39.86918919  42.24684685
  44.97153153  47.49873874  51.47315315  55.96720721  60.02954955
  64.68828829  68.06522523  69.89693694  71.76792793  73.10774775
  75.76756757  77.56612613  78.6363964   80.01585586  82.00216216
  85.98918919  93.45765766  98.0209009  103.70666667 106.63423423
 106.72648649 106.97081081 106.7809009  106.22522523 106.58126126
 103.2381982  101.56864865  98.40576577  91.87027027  85.78918919
  77.61801802  68.84720721  65.17297297  61.29189189  58.51099099
  54.60612613  51.15459459  47.74522523  46.70126126  46.95099099
  46.54342342  47.27963964  47.10594595  47.10234234  46.44540541
  44.5409009   44.07855856  40.61189189  37.66810811  35.16576577
  33.06702703  29.85153153  26.9981982   24.64576577  23.60324324
  24.10846847  23.33369369  23.12        21.67099099  21.51783784
  20.5563964   20.03963964  19.55495495  19.17297297  18.79099099
  18.79459459  18.59243243  18.68432432  18.50954955  18.50054054
  18.15099099  18.26594595  18.02954955  17.58558559  17.8245045
  17.78198198  17.32396396  17.67567568  17.18414414  17.5163964
  17.13585586  17.34990991  17.31099099  17.21153153  16.8436036
  17.24720721  16.8381982 ]","[ 2.05225225  2.07711712  2.12432432  2.11783784  2.15963964  2.22846847
  2.18162162  2.32756757  2.52504505  2.86594595  3.38882883  3.55135135
  3.78594595  4.01585586  4.03243243  4.11063063  4.11495495  4.19603604
  4.22702703  4.16036036  4.14846847  4.26126126  4.33369369  4.31099099
  4.41297297  4.61081081  4.59243243  4.69837838  4.71567568  4.78414414
  4.89585586  4.94234234  4.93585586  4.78522523  4.72792793  4.82414414
  4.69873874  4.8         4.70774775  4.75603604  5.03603604  5.0036036
  5.33369369  5.93117117  6.61297297  8.24432432 11.24828829 13.21981982
 15.51279279 17.18018018 20.34990991 23.48396396 30.46486486 36.83207207
 40.5218018  47.77981982 52.23459459 54.37873874 56.09009009 55.03567568
 55.28900901 54.94486486 53.87279279 52.96540541 51.60900901 48.75567568
 43.84468468 37.59783784 31.93693694 30.23171171 30.85621622 29.08324324
 27.58378378 23.29297297 21.43495495 15.9563964  13.13981982 11.55063063
  9.56828829  8.64        8.07387387  7.61081081  7.70558559  7.28216216
  7.17297297  6.60972973  6.17261261  5.90486486  5.64684685  5.29981982
  5.10018018  4.93405405  4.97945946  4.77945946  4.78162162  4.67027027
  4.58810811  4.42342342  4.34810811  4.31711712  4.29513514  4.19387387]","[ 5.06918919  5.5236036   5.88972973  6.37225225  7.27747748  8.24936937
  9.33693694 13.49189189 19.49189189 33.33441441 49.06342342 49.84648649
 43.74342342 37.79855856 36.89513514 35.78306306 35.35279279 35.02054054
 34.74846847 34.4572973  32.7827027  30.28612613 28.54738739 27.43243243
 26.70630631 25.83675676 25.53117117 25.40036036 25.11783784 24.94234234
 24.53477477 23.25441441 22.40540541 20.57981982 19.0381982  18.19495495
 18.09657658 17.90594595 17.53009009 17.34414414 16.74810811 16.63315315
 16.38522523 16.40396396 16.47315315 17.10054054 17.91891892 18.09513514
 18.19063063 18.25333333 18.41657658 18.46234234 17.85801802 16.67135135
 15.89225225 14.39027027 13.39783784 12.53225225 12.17873874 12.17369369
 11.80396396 11.76900901 11.5354955  11.58486486 11.71927928 11.79279279
 11.96756757 11.9581982  12.06666667 12.0381982  12.09585586 12.0418018
 12.16720721 12.03963964 12.14666667 11.81873874 11.54198198 11.2
 10.82558559 10.47243243 10.22126126 10.04324324 10.12900901  9.79855856
  9.6954955   9.28324324  8.99171171  8.65405405  8.1963964   7.86702703
  7.67171171  7.43567568  7.34486486  7.18990991  7.17693694  6.95531532
  6.73765766  6.50918919  6.36        6.26810811  6.08036036  5.95171171]","[0.47459459 0.55387387 0.62126126 0.70414414 0.90846847 1.08684685
 1.24504505 1.88612613 2.81873874 4.69441441 6.68468468 7.01837838
 6.6154955  6.15171171 6.05081081 5.86954955 5.86954955 5.79243243
 5.62666667 5.46882883 5.20144144 4.87711712 4.56828829 4.40828829
 4.30990991 4.03675676 4.05009009 3.95927928 3.95171171 3.79099099
 3.78342342 3.47963964 3.36936937 3.10954955 2.93297297 2.89657658
 2.88792793 2.84540541 2.77693694 2.81585586 2.77405405 2.73477477
 2.70666667 2.70162162 2.72648649 2.81297297 2.93693694 3.00936937
 2.99783784 3.06162162 3.02990991 3.10918919 3.08432432 2.90954955
 2.77477477 2.52144144 2.18594595 1.98990991 1.95711712 1.97009009
 1.91171171 1.85441441 1.83387387 1.79603604 1.77765766 1.77189189
 1.77009009 1.79135135 1.85837838 1.83351351 1.88072072 1.84144144
 1.83927928 1.83603604 1.83243243 1.76900901 1.68144144 1.65153153
 1.60828829 1.52144144 1.4645045  1.47711712 1.49333333 1.41945946
 1.4172973  1.36720721 1.30162162 1.22738739 1.15027027 1.13873874
 1.08036036 1.0818018  1.03927928 1.01981982 1.00900901 0.97801802
 0.9372973  0.89045045 0.88612613 0.86522523 0.82954955 0.80720721]",123
119,"0.0,0.15,0.3,0.44999999999999996,0.6,0.75,0.8999999999999999,1.05,1.2,1.3499999999999999,1.5,1.65,1.7999999999999998,1.95,2.1,2.25,2.4,2.55,2.6999999999999997,2.85,3.0,3.15,3.3,3.4499999999999997,3.5999999999999996,3.75,3.9,4.05,4.2,4.35,4.5,4.6499999999999995,4.8,4.95,5.1,5.25,5.3999999999999995,5.55,5.7,5.85,6.0,6.1499999999999995,6.3,6.45,6.6,6.75,6.8999999999999995,7.05,7.199999999999999,7.35,7.5,7.6499999999999995,7.8,7.949999999999999,8.1,8.25,8.4,8.549999999999999,8.7,8.85,9.0,9.15,9.299999999999999,9.45,9.6,9.75,9.9,10.049999999999999,10.2,10.35,10.5,10.65,10.799999999999999,10.95,11.1,11.25,11.4,11.549999999999999,11.7,11.85,12.0,12.15,12.299999999999999,12.45,12.6,12.75,12.9,13.049999999999999,13.2,13.35,13.5,13.65,13.799999999999999,13.95,14.1,14.25,14.399999999999999,14.549999999999999,14.7,14.85,15.0,15.149999999999999",2007R_GLUT1_647_WGA_594_0002.nd2,2007,M,R,5,True,55.50238758456029,False,"[12.59948269 12.90370076 12.88460008 13.07262236 13.27596498 13.37883008
 13.77477119 14.31675288 14.90907282 15.72224433 16.65041783 16.9735376
 17.32212495 17.45005969 17.46259451 17.88380422 17.84799045 17.9850776
 18.26024672 18.45881417 18.94608038 19.27855153 19.35953044 19.63788301
 19.87445285 20.23318743 20.18483884 20.38519698 20.57103064 20.92339833
 21.36490251 22.9954238  24.0161162  26.85415838 29.46816554 31.38420215
 31.99084759 32.40250696 33.83366494 34.27755671 37.75845603 40.02407481
 43.93553522 48.95821727 51.77536809 54.57282133 56.43752487 56.53223239
 56.13469956 55.93931556 54.71070434 53.05471548 48.65181058 44.41862316
 41.37166733 35.16633506 29.8551532  25.23836053 23.51372861 23.34719459
 21.8557501  21.36430561 20.39852766 19.57361719 19.149423   18.83804218
 18.39235973 17.95682451 17.78730601 17.48726622 17.67031437 17.58575408
 17.43991246 17.27118981 17.22920812 16.78969359 16.89395145 16.73477915
 16.71110227 16.64405094 16.38062077 16.48288898 16.58515718 16.40350179
 16.41026661 16.30799841 16.12057302 16.20791882 16.03223239 16.27855153
 16.07560684 15.99562276 16.12375647 15.8091922  16.10167131 16.04257859
 15.95941106 15.94966176 15.81237565 16.04436928 15.68165539 15.69200159]","[ 2.07282133  2.08714684  2.15419817  2.15419817  2.19259849  2.26362913
  2.29924393  2.43533625  2.65021886  2.90250696  3.45941106  3.65280541
  4.01452447  4.17707919  4.18125746  4.30819737  4.35535217  4.46597692
  4.72801433  4.86589733  5.13350577  5.56565858  5.86589733  6.10982889
  6.39773179  6.74631914  6.86569837  7.08853959  7.22721846  7.45204934
  8.21468365 10.42001592 12.09033028 16.75328293 20.90250696 23.86768802
 24.55849582 25.13191405 28.08993235 27.92200557 33.47333864 36.69478711
 41.85475527 47.48647035 51.02705929 54.34639873 55.67886988 55.50238758
 54.64106645 54.45264624 53.44190211 52.71925985 49.77337843 47.32670115
 45.25686431 40.33406287 34.6287306  26.09510545 22.50537207 22.00915241
 17.75925189 16.73816156 12.81317151 10.40628731  9.50537207  8.08257063
  7.07560684  6.24592121  5.84222045  5.59709511  5.706924    5.54237963
  5.56327099  5.24353363  5.10624751  4.75586948  4.61460406  4.51293275
  4.32709908  4.20533227  4.19339435  4.12116992  4.18583366  4.12753681
  4.10266614  3.97711898  3.87883008  3.85754079  3.87226423  3.79864704
  3.76760844  3.75606844  3.76661361  3.76721051  3.72284123  3.72085157
  3.65996817  3.67747712  3.65658575  3.73259053  3.8718663   3.91384799]","[ 5.05212893  5.49641862  5.85614803  6.23796259  7.06923995  8.03402308
  8.92896936 12.57202547 17.60744131 29.48229208 47.23497811 50.84042977
 48.23816156 42.78014326 41.11937923 39.40250696 38.20851572 36.3408277
 34.53660963 33.34421011 31.51671309 29.78312774 28.96120175 28.37783526
 27.61500199 26.76502189 26.51452447 26.22622364 25.9695583  25.948269
 25.48348587 25.29625945 25.22085157 24.42140867 23.5368086  22.67668126
 22.33187425 22.22264226 21.23995225 21.05849582 18.6752885  17.25825706
 14.96975726 12.73597294 11.53442101 10.30620772  9.5873458   9.42021488
  9.41464385  9.31595702  9.32550736  9.43871866 10.01412654 10.71886192
 11.2005571  12.57103064 13.88121767 15.5212893  16.15479507 16.25726224
 16.6752885  16.70931158 16.73199363 16.33087943 15.87007561 15.33227218
 14.45185038 13.80023876 13.11957819 12.88519698 12.98985277 12.6798647
 12.6345006  12.09888579 11.81874254 11.05471548 10.54576204 10.11241544
  9.6177875   9.29645842  9.06187823  8.80939117  8.93255074  8.69379228
  8.56645444  8.20433745  7.91325109  7.78670911  7.36331078  7.17230402
  6.97552726  6.75109431  6.71368882  6.58376442  6.53223239  6.3408277
  6.22164743  6.0769996   5.93314763  5.79148428  5.67270195  5.56963788]","[0.5051731  0.59112614 0.67449264 0.78830084 0.96935933 1.1339037
 1.32690012 2.05093514 2.95145245 4.75726224 7.00736172 7.4844807
 7.36649423 6.70891365 6.56705133 6.24830879 6.13589335 5.76462396
 5.51273378 5.23418225 4.98746518 4.69856745 4.53979308 4.43195384
 4.31078392 4.21468365 4.14584162 4.10664544 4.0931158  4.0103462
 4.00716275 3.95523279 3.86132113 3.82590529 3.65758058 3.59132511
 3.52805412 3.51949861 3.39554318 3.36171906 3.10405889 2.93473936
 2.63151612 2.34202149 2.12017509 1.94090728 1.76661361 1.74572224
 1.71528054 1.67389574 1.64564266 1.69339435 1.73875846 1.82650219
 1.94866693 2.14385197 2.33724632 2.45324314 2.43235177 2.45980899
 2.42220454 2.39594111 2.34162356 2.22164743 2.19319538 2.06466375
 1.95961003 1.81058496 1.76024672 1.70493434 1.70771986 1.69220056
 1.62753681 1.58973339 1.54476721 1.45224831 1.38977318 1.35037803
 1.28929566 1.22244329 1.19259849 1.15360127 1.20075607 1.15101472
 1.12276164 1.07162754 1.0413848  1.02307998 0.96856347 0.96020692
 0.91742937 0.89832869 0.89992041 0.87166733 0.85734182 0.78651015
 0.78929566 0.74950259 0.73239156 0.73418225 0.70473538 0.6707123 ]",124
120,"0.0,0.15,0.3,0.44999999999999996,0.6,0.75,0.8999999999999999,1.05,1.2,1.3499999999999999,1.5,1.65,1.7999999999999998,1.95,2.1,2.25,2.4,2.55,2.6999999999999997,2.85,3.0,3.15,3.3,3.4499999999999997,3.5999999999999996,3.75,3.9,4.05,4.2,4.35,4.5,4.6499999999999995,4.8,4.95,5.1,5.25,5.3999999999999995,5.55,5.7,5.85,6.0,6.1499999999999995,6.3,6.45,6.6,6.75,6.8999999999999995,7.05,7.199999999999999,7.35,7.5,7.6499999999999995,7.8,7.949999999999999,8.1,8.25,8.4,8.549999999999999,8.7,8.85,9.0,9.15,9.299999999999999,9.45,9.6,9.75,9.9,10.049999999999999,10.2,10.35,10.5,10.65,10.799999999999999,10.95,11.1,11.25,11.4,11.549999999999999,11.7,11.85,12.0,12.15,12.299999999999999,12.45,12.6,12.75,12.9,13.049999999999999,13.2,13.35,13.5,13.65,13.799999999999999,13.95,14.1,14.25,14.399999999999999,14.549999999999999,14.7,14.85,15.0,15.149999999999999",2007R_GLUT1_647_WGA_594_0002.nd2,2007,M,R,5,False,3.074442538593482,False,"[14.20754717 14.84459691 15.79759863 16.33790738 17.28404803 18.43430532
 19.58319039 23.06758148 27.04288165 33.07512864 43.70737564 51.24802744
 60.67272727 69.05728988 71.22984563 74.04596913 74.95231561 77.23361921
 78.93001715 79.49433962 79.4109777  77.80274443 74.41475129 72.57770154
 70.00994854 66.2161235  64.62813036 62.8813036  60.54511149 59.18730703
 54.90085763 46.77838765 42.73344768 35.09605489 29.5780446  27.08953688
 26.17427101 25.98799314 24.52898799 24.09331046 21.99794168 21.06792453
 20.10977702 19.2373928  18.79828473 18.12487136 17.87787307 18.01166381
 17.70017153 17.65145798 17.72933105 17.46826758 17.43602058 17.5084048
 17.28953688 17.29982847 17.31320755 17.2109777  17.18010292 17.18147513
 16.93722127 16.83396226 16.94476844 16.66586621 16.99176672 16.8
 16.6058319  16.62058319 16.75403087 16.94751286 16.91629503 16.91629503
 16.73996569 16.85969125 16.88404803 16.75231561 16.54682676 16.66072041
 16.51801029 16.72178388 16.53996569 16.67753002 16.58421955 16.50428816
 16.72349914 16.49331046 16.33241852 16.49502573 16.70360206 16.41440823
 16.27718696 16.33687822 16.3516295  16.36500858 16.32933105 16.35060034
 16.15608919 16.34854202 16.35197256 16.25763293 16.49536878 16.4593482 ]","[ 1.92692967  1.93653516  1.97221269  1.9567753   2.02367067  2.03704974
  2.05248714  2.13447684  2.27821612  2.53207547  2.8651801   3.02538593
  3.14854202  3.07478559  3.05969125  3.11012007  3.0922813   3.11526587
  3.10806175  3.05557461  3.07444254  3.12898799  3.14442539  3.28027444
  3.43876501  3.62161235  3.83087479  3.90943396  4.04699828  4.2974271
  4.75643225  5.68096055  6.42641509  8.40411664  9.93138937 10.74476844
 10.89982847 10.86758148 11.15780446 11.26758148 10.87409949 10.60137221
 10.46655232 10.40343053 10.74133791 11.70051458 12.91217839 13.32212693
 13.29296741 13.09399657 12.43670669 11.73927959  9.91732419  8.35265866
  7.535506    6.07753002  5.32246998  4.63259005  4.50463122  4.45111492
  4.23053173  4.25214408  4.18181818  4.0761578   4.02847341  3.95780446
  3.8058319   3.71389365  3.7457976   3.73070326  3.73825043  3.74339623
  3.72898799  3.73962264  3.6703259   3.64665523  3.63464837  3.58799314
  3.58078902  3.50428816  3.5838765   3.58250429  3.67718696  3.53756432
  3.54476844  3.51629503  3.5025729   3.60377358  3.5296741   3.51629503
  3.54339623  3.59108062  3.59245283  3.51835334  3.52864494  3.52624357
  3.51560892  3.5245283   3.48370497  3.52521441  3.55849057  3.64219554]","[ 4.63053173  4.98250429  5.21234991  5.55917667  6.16054889  6.8432247
  7.56981132 10.58353345 14.79348199 24.88439108 37.53687822 38.9238422
 34.53996569 27.88850772 26.24391081 23.71114923 21.75506003 19.15780446
 16.77049743 15.43190395 13.5238422  12.26826758 11.96226415 11.64219554
 11.63361921 11.84802744 12.06037736 12.30394511 12.60754717 12.88301887
 13.66106346 14.92418525 15.50909091 16.89433962 17.76946827 18.32898799
 18.52692967 18.61646655 18.75128645 18.76946827 18.70497427 18.41406518
 17.84219554 17.14854202 17.25111492 17.23087479 17.19176672 17.23910806
 17.19245283 17.19382504 17.23876501 17.34957118 17.73138937 18.07307033
 18.39210978 18.58250429 18.12658662 17.20651801 16.73344768 16.74614065
 15.85969125 15.8271012  14.78181818 14.10120069 13.82915952 13.22607204
 12.42504288 11.82847341 11.39965695 11.30222985 11.38216123 11.15437393
 11.07512864 10.61200686 10.51595197 10.01406518  9.62950257  9.29468268
  9.07890223  8.7670669   8.50566038  8.32864494  8.52761578  8.21680961
  8.10360206  7.79931389  7.57084048  7.4915952   7.1941681   7.00857633
  6.86209262  6.7025729   6.58353345  6.54991424  6.51526587  6.36295026
  6.30360206  6.07478559  5.92864494  5.82744425  5.73962264  5.63602058]","[0.44048027 0.54545455 0.65077187 0.71595197 0.91526587 1.08885077
 1.24253859 1.92590051 2.78559177 4.56329331 6.82161235 7.34957118
 7.22367067 6.63567753 6.43567753 6.01852487 5.75334477 5.23704974
 4.67958834 4.29090909 3.72658662 3.35128645 3.1619211  3.06998285
 3.05694683 3.0864494  3.16843911 3.19897084 3.24288165 3.2813036
 3.31732419 3.40617496 3.5516295  3.70222985 3.80548885 3.81475129
 3.7890223  3.80891938 3.77770154 3.75746141 3.63533448 3.53310463
 3.31492281 3.18353345 3.167753   3.0542024  2.94511149 2.91012007
 2.82538593 2.73413379 2.72795883 2.75643225 2.77461407 2.78833619
 2.85866209 2.78319039 2.65042882 2.48027444 2.41989708 2.39142367
 2.28233276 2.2212693  2.12281304 2.03842196 1.98147513 1.89193825
 1.7838765  1.72109777 1.6593482  1.62641509 1.64734134 1.59759863
 1.61955403 1.51663808 1.50051458 1.43156089 1.36843911 1.30531732
 1.24974271 1.25454545 1.18627787 1.13722127 1.19794168 1.14511149
 1.1348199  1.09399657 1.03327616 1.06586621 0.99245283 0.99622642
 0.98833619 0.9516295  0.9296741  0.88987993 0.91046312 0.87821612
 0.85488851 0.81475129 0.77530017 0.7626072  0.75334477 0.74854202]",125
121,"0.0,0.15,0.3,0.44999999999999996,0.6,0.75,0.8999999999999999,1.05,1.2,1.3499999999999999,1.5,1.65,1.7999999999999998,1.95,2.1,2.25,2.4,2.55,2.6999999999999997,2.85,3.0,3.15,3.3,3.4499999999999997,3.5999999999999996,3.75,3.9,4.05,4.2,4.35,4.5,4.6499999999999995,4.8,4.95,5.1,5.25,5.3999999999999995,5.55,5.7,5.85,6.0,6.1499999999999995,6.3,6.45,6.6,6.75,6.8999999999999995,7.05,7.199999999999999,7.35,7.5,7.6499999999999995,7.8,7.949999999999999,8.1,8.25,8.4,8.549999999999999,8.7,8.85,9.0,9.15,9.299999999999999,9.45,9.6,9.75,9.9,10.049999999999999,10.2,10.35,10.5,10.65,10.799999999999999,10.95,11.1,11.25,11.4,11.549999999999999,11.7,11.85,12.0,12.15,12.299999999999999,12.45,12.6,12.75,12.9,13.049999999999999,13.2,13.35,13.5,13.65,13.799999999999999,13.95,14.1,14.25,14.399999999999999,14.549999999999999,14.7,14.85,15.0,15.149999999999999",2007R_GLUT1_647_WGA_594_0002.nd2,2007,M,R,5,False,14.762393162393163,False,"[12.5620133  12.8311491  12.91016144 13.08072175 13.27464387 13.5960114
 13.84995252 14.68547009 15.36866097 16.49211776 17.60417854 17.734283
 17.9014245  18.16980057 18.05280152 18.08812915 18.15479582 18.24786325
 18.28300095 18.55270655 19.03779677 19.77948718 20.51301045 21.202849
 21.9982906  23.21044634 23.8339981  24.39240266 24.92725546 25.68528015
 27.21139601 29.72440646 31.28566002 33.90237417 35.18727445 36.0668566
 36.33523267 36.56106363 37.06609687 36.89496676 37.46704653 38.04615385
 38.09211776 38.15631529 37.82336182 36.44444444 34.0317189  32.73352327
 30.86077873 29.53105413 27.69401709 26.0368471  22.81747388 20.7982906
 20.35327635 19.09819563 18.74320988 18.10123457 18.03589744 18.06552707
 17.76847104 17.90294397 17.58366572 17.55764482 17.35612536 17.36847104
 17.11908832 17.1960114  16.96980057 17.06267806 16.97340931 16.85868946
 17.07217474 16.88319088 16.81557455 16.68129155 16.68774929 16.95821462
 16.68186135 16.70598291 16.85906933 16.89097816 16.71187085 16.68148148
 16.53789174 16.6        16.71320038 16.54283001 16.57758784 16.6328585
 16.38404558 16.41500475 16.41899335 16.24197531 16.57777778 16.34890788
 16.42412156 16.48698955 16.39791073 16.19734093 16.3620133  16.38499525]","[ 1.99088319  2.05735992  2.0991453   2.10541311  2.15061728  2.24235518
  2.24976258  2.41538462  2.65261159  3.05773979  3.69591643  4.04710351
  4.69990503  5.52326686  5.95726496  6.42355176  6.70731244  7.3682811
  8.20246914  8.84596391  9.59791073 10.26704653 10.52953466 10.55232669
 10.63038936 10.66495726 10.68490028 10.65470085 10.63095916 10.80607787
 11.02773029 11.9019943  12.09534663 12.86001899 13.1982906  13.65546059
 13.71130104 13.78480532 13.97853751 13.94738841 14.21994302 14.531434
 14.76239316 14.65849953 14.35308642 13.77606838 13.02830009 12.78746439
 12.31073124 12.26191833 11.74985755 11.15441595 10.11585945  9.1965812
  8.58366572  7.52041785  6.77739791  6.0039886   5.71263058  5.69420703
  5.35042735  5.26001899  5.07312441  4.87711301  4.83437797  4.74624881
  4.62716049  4.63437797  4.44159544  4.49363723  4.47426401  4.48793922
  4.57018044  4.48964862  4.33504274  4.26419753  4.16049383  4.14093067
  4.00018993  3.97891738  3.93903134  3.92649573  3.96106363  3.89116809
  3.95213675  3.89420703  3.91566952  3.98062678  4.00778727  3.98651472
  3.93922127  3.88034188  3.91509972  3.81652422  3.80968661  3.72497626
  3.74396961  3.76923077  3.75441595  3.86153846  3.96448243  4.00303894]","[ 4.71832858  5.11927825  5.42165242  5.78974359  6.51832858  7.42108262
  8.20246914 11.68186135 15.8708452  24.74434948 36.27939221 38.14396961
 35.44558405 30.95213675 29.68793922 28.26723647 27.19468186 25.8017094
 24.56695157 23.65565052 22.32630579 21.07559354 20.0322887  19.42773029
 18.79031339 17.89002849 17.77454891 17.402849   17.08053181 16.81709402
 16.25394112 15.28888889 14.75384615 13.76638177 13.08774929 12.5694207
 12.5308642  12.4351377  12.26818613 12.29192783 12.03266857 11.82962963
 11.56448243 11.29591643 11.20436847 11.53808167 12.19050332 12.74188034
 13.33162393 13.69173789 14.3705603  15.01158594 15.99677113 16.74453941
 16.9960114  17.61614435 17.74928775 17.54491928 17.35061728 17.3699905
 16.931434   16.85413105 16.31604938 15.76505223 15.18461538 14.64045584
 13.5654321  12.90161443 12.21063628 12.12649573 12.19734093 11.95954416
 11.91623932 11.42469136 11.27521368 10.68945869 10.32041785  9.92991453
  9.51244065  9.25223172  9.00474834  8.84824311  8.96296296  8.67255461
  8.62773029  8.34245014  7.99392213  7.84938272  7.41804368  7.24463438
  7.04349478  6.81253561  6.78442545  6.72288699  6.665717    6.44045584
  6.37834758  6.22811016  6.08319088  5.93409307  5.78442545  5.65109212]","[0.48091168 0.5711301  0.64539411 0.73504274 0.93238367 1.05128205
 1.25337132 1.85925926 2.58765432 3.90275404 5.55726496 5.99297246
 6.19126306 6.07312441 6.00246914 5.92421652 5.95270655 5.84672365
 5.72706553 5.64425451 5.38442545 5.13789174 4.97359924 4.97037037
 4.86932574 4.72763533 4.68566002 4.5694207  4.55061728 4.47673314
 4.30123457 4.00094967 3.83323837 3.51035138 3.25546059 3.09648623
 3.0640076  3.03133903 2.90408357 2.87920228 2.72782526 2.5954416
 2.49591643 2.3694207  2.27711301 2.32725546 2.45565052 2.45470085
 2.54472934 2.60246914 2.69705603 2.70940171 2.84881292 2.86058879
 2.88869896 2.86419753 2.78537512 2.72953466 2.66039886 2.65641026
 2.63380817 2.61063628 2.51016144 2.40740741 2.3354226  2.18632479
 2.07350427 1.97075024 1.85546059 1.84045584 1.82545109 1.82450142
 1.78689459 1.74510921 1.69990503 1.61956315 1.50009497 1.45052232
 1.40531814 1.36239316 1.32041785 1.29876543 1.31585945 1.27445394
 1.27388414 1.20550807 1.17530864 1.12782526 1.03969611 1.01595442
 0.96524217 0.95479582 0.95156695 0.9025641  0.90598291 0.86495726
 0.85071225 0.82754036 0.78062678 0.7671415  0.75840456 0.71035138]",126
122,"0.0,0.15,0.3,0.44999999999999996,0.6,0.75,0.8999999999999999,1.05,1.2,1.3499999999999999,1.5,1.65,1.7999999999999998,1.95,2.1,2.25,2.4,2.55,2.6999999999999997,2.85,3.0,3.15,3.3,3.4499999999999997,3.5999999999999996,3.75,3.9,4.05,4.2,4.35,4.5,4.6499999999999995,4.8,4.95,5.1,5.25,5.3999999999999995,5.55,5.7,5.85,6.0,6.1499999999999995,6.3,6.45,6.6,6.75,6.8999999999999995,7.05,7.199999999999999,7.35,7.5,7.6499999999999995,7.8,7.949999999999999,8.1,8.25,8.4,8.549999999999999,8.7,8.85,9.0,9.15,9.299999999999999,9.45,9.6,9.75,9.9,10.049999999999999,10.2,10.35,10.5,10.65,10.799999999999999,10.95,11.1,11.25,11.4,11.549999999999999,11.7,11.85,12.0,12.15,12.299999999999999,12.45,12.6,12.75,12.9,13.049999999999999,13.2,13.35,13.5,13.65,13.799999999999999,13.95,14.1,14.25,14.399999999999999,14.549999999999999,14.7,14.85,15.0,15.149999999999999",2007R_GLUT1_647_WGA_594_0002.nd2,2007,M,R,5,False,3.7187916481563748,False,"[12.54864505 13.06486006 13.27187916 13.26432697 13.79386939 13.96534873
 14.17414482 15.0075522  16.16792537 17.38294092 18.00577521 18.3553976
 18.94269214 19.16525988 19.50733008 19.21057308 19.39138161 20.10439805
 20.15459796 20.2372279  21.14749    22.26343847 23.42603287 24.83029765
 26.43091959 29.91514882 31.29142603 32.44913372 35.06796979 37.92581075
 44.96579298 57.28609507 63.64682363 73.2079076  76.40382052 77.23056419
 78.53665038 77.34962239 77.30297645 77.12749889 75.72145713 76.38338516
 75.33540649 73.09329187 70.27143492 64.44247001 58.09062639 54.51710351
 51.44291426 48.05375389 43.09773434 38.11239449 30.47090182 25.62594402
 23.91692581 21.67836517 20.87783207 19.68547312 19.09329187 19.57796535
 19.14615726 18.98445135 18.71212794 18.4660151  18.17059085 18.08396268
 17.82807641 17.64637939 17.68769436 17.32652155 17.64771213 17.4811195
 17.54864505 17.39404709 17.29364727 17.49400267 17.60462017 17.23189693
 17.01643714 16.90448689 16.87294536 17.04797868 17.08174145 17.10528654
 16.64193692 17.15193247 16.83873834 16.9111506  17.09595735 16.95157708
 16.94091515 16.88049756 16.81608174 16.84984451 16.80630831 16.78942692
 16.88005331 16.69258108 16.61972457 16.76454909 16.73567303 16.50599733]","[ 1.94535762  2.00488672  2.05019991  2.03287428  2.09373612  2.17503332
  2.17947579  2.42470013  2.63882719  3.12794314  3.9848956   4.45846291
  5.54509107  6.59617948  6.90848512  7.24344736  7.555753    7.85606397
  8.0226566   7.96534873  8.33673923  8.85073301  9.58151932  9.87072412
 10.07774323 10.0812972   9.94180364  9.93158596  9.54464682  9.38249667
  8.60195469  7.22167925  6.32829853  4.74722346  4.14215904  3.72945358
  3.71879165  3.67925367  3.58329631  3.46246113  3.24655709  3.15370946
  3.03154154  3.01732563  2.97112394  2.95335406  3.00577521  3.0368725
  3.11372723  3.19102621  3.1919147   3.14215904  3.36250555  3.44202577
  3.44202577  3.3629498   3.39493558  3.31896935  3.29631275  3.36161706
  3.27143492  3.39493558  3.38649489  3.30564194  3.37627721  3.30164371
  3.3185251   3.32474456  3.40293203  3.35139938  3.32341182  3.32696579
  3.29942248  3.30208796  3.30253221  3.39937805  3.27543314  3.32296757
  3.38693914  3.33318525  3.35673034  3.31363838  3.30253221  3.30608618
  3.25366504  3.34207019  3.25499778  3.33185251  3.30297645  3.38071968
  3.38249667  3.39004887  3.47978676  3.38916037  3.47800977  3.61705908
  3.72812084  3.87294536  3.85961795  3.8893825   3.8742781   3.90759662]","[ 4.75699689  5.09284762  5.42470013  5.7996446   6.49355842  7.36650378
  8.18747223 11.61972457 16.23056419 26.22745446 38.12972012 38.95779653
 34.64815637 29.29942248 28.20835184 26.28520657 25.14038205 23.45579742
 22.43802754 21.68858285 20.85961795 20.10795202 19.57352288 19.49133718
 19.32563305 19.37183474 19.28209685 19.30253221 19.11417148 19.00533096
 18.52509996 17.444247   16.1710351  13.41137272 11.53976011 10.60506442
 10.31763661 10.24122612  9.80986228  9.75033319  9.15193247  8.67747668
  8.6152821   8.75388716  9.08751666  9.80497557 10.95290982 11.50244336
 12.4224789  12.75477566 13.89782319 14.84717903 16.89249223 18.30075522
 18.90315415 19.3034207  18.75744114 17.61972457 17.15548645 16.95735229
 16.45091071 16.36028432 15.42958685 14.81830298 14.41403821 13.80186584
 13.25588627 12.64682363 12.13904931 11.96268325 12.03864949 11.7845402
 11.55886273 11.28431808 11.13816082 10.54908929 10.21190582  9.79564638
  9.48422923  9.15548645  8.84140382  8.6890271   8.85473123  8.54686806
  8.4744558   8.15948467  7.77521102  7.6512661   7.35139938  7.20257663
  7.0217681   6.86850289  6.7636606   6.69169258  6.70102177  6.50066637
  6.30164371  6.19102621  5.99511328  5.91026211  5.78676144  5.59884496]","[0.50510884 0.56685917 0.64682363 0.76143936 0.99511328 1.1701466
 1.36028432 2.04531319 3.00133274 4.7041315  6.57130164 6.91737006
 6.60506442 6.15948467 5.9782319  5.85561972 5.65659707 5.32474456
 5.00399822 4.86805864 4.4073745  4.21012883 4.00799645 3.92669924
 3.86939138 3.7845402  3.82807641 3.80764105 3.79342514 3.84717903
 3.79075966 3.72056864 3.58063083 3.07241226 2.64593514 2.39626833
 2.40159929 2.3780542  2.25410928 2.18924922 1.98089738 1.90404265
 1.74589072 1.69258108 1.69613505 1.7258996  1.83829409 1.93958241
 1.96801422 2.0586406  2.21856952 2.34917814 2.53620613 2.69880053
 2.71745891 2.72012439 2.6228343  2.50288761 2.4744558  2.46734785
 2.34162594 2.33940471 2.22123501 2.07241226 2.01466015 1.97334518
 1.80675255 1.77876499 1.70102177 1.66859174 1.7192359  1.66192803
 1.67036873 1.61394936 1.5339849  1.43802754 1.38960462 1.40915149
 1.36250555 1.30119947 1.2514438  1.22390049 1.24922257 1.17458907
 1.18258552 1.111506   1.1190582  1.06308307 1.00977343 0.99733452
 0.96534873 0.96934696 0.926255   0.94269214 0.91337183 0.92225677
 0.89249223 0.82496668 0.81697024 0.7920924  0.73656153 0.72767659]",127
123,"0.0,0.15,0.3,0.44999999999999996,0.6,0.75,0.8999999999999999,1.05,1.2,1.3499999999999999,1.5,1.65,1.7999999999999998,1.95,2.1,2.25,2.4,2.55,2.6999999999999997,2.85,3.0,3.15,3.3,3.4499999999999997,3.5999999999999996,3.75,3.9,4.05,4.2,4.35,4.5,4.6499999999999995,4.8,4.95,5.1,5.25,5.3999999999999995,5.55,5.7,5.85,6.0,6.1499999999999995,6.3,6.45,6.6,6.75,6.8999999999999995,7.05,7.199999999999999,7.35,7.5,7.6499999999999995,7.8,7.949999999999999,8.1,8.25,8.4,8.549999999999999,8.7,8.85,9.0,9.15,9.299999999999999,9.45,9.6,9.75,9.9,10.049999999999999,10.2,10.35,10.5,10.65,10.799999999999999,10.95,11.1,11.25,11.4,11.549999999999999,11.7,11.85,12.0,12.15,12.299999999999999,12.45,12.6,12.75,12.9,13.049999999999999,13.2,13.35,13.5,13.65,13.799999999999999,13.95,14.1,14.25,14.399999999999999,14.549999999999999,14.7,14.85,15.0,15.149999999999999",2007R_GLUT1_647_WGA_594_0002.nd2,2007,M,R,5,False,4.220329358319137,False,"[13.49176604 13.53435548 13.90743896 14.28563316 14.49346962 14.95457127
 15.6746167  16.8080636  18.49119818 20.60590574 23.59227712 25.55536627
 27.91311755 30.10505395 30.21578648 30.53492334 31.11186826 32.16297558
 32.51675185 33.05848949 32.6467916  32.46791596 32.02896082 32.07666099
 31.00851789 29.90857467 29.39806928 28.31913685 27.47927314 27.05735378
 26.14026122 24.62010221 24.63657013 26.26689381 29.25610449 31.13458262
 31.17433277 31.67007382 33.03861442 33.26348666 35.28279387 36.32084043
 37.85746735 39.67972743 40.66666667 40.63259512 41.9693356  41.46394094
 41.52754117 41.3532084  40.96138558 40.51618399 38.59170926 35.24304373
 33.81771721 29.4366837  25.98523566 22.52924475 21.03747871 21.35945486
 19.95854628 19.59965928 19.15786485 18.93242476 18.75979557 18.22146508
 17.91993186 17.55423055 17.28052243 17.32140829 17.33276547 17.28392959
 17.47075525 16.96536059 16.97387848 17.16922203 16.8483816  16.69222033
 16.59284497 16.58489495 16.70812039 16.52413401 16.48949461 16.3532084
 16.26519023 16.59511641 16.40772288 16.3685406  16.33503691 16.27370812
 16.34241908 16.24020443 16.30777967 16.06984668 16.18739353 16.28222601
 16.03463941 16.13515048 15.86768881 15.93412834 16.30437252 16.14366837]","[1.90573538 1.95116411 1.95854628 1.99261783 1.96479273 2.05167518
 2.01646792 2.19704713 2.34469052 2.63316298 2.92163543 3.06360023
 3.37876207 3.53151618 3.4548552  3.50425894 3.56218058 3.54571266
 3.54003407 3.56842703 3.74843839 4.11697899 4.47018739 4.60647359
 5.04542873 5.18966496 5.16240772 5.32254401 5.358887   5.45258376
 5.58943782 6.62748438 7.16297558 8.58319137 9.27030097 9.59454855
 9.68938103 9.54571266 9.38160136 9.50141965 8.56956275 7.84724588
 6.49119818 5.30380466 4.67120954 4.16865417 4.22032936 4.20613288
 4.22771153 4.31061897 4.53151618 4.57978421 4.70698467 5.02214651
 4.79443498 4.70755253 4.37251562 4.01022147 3.90743896 3.8886996
 3.7524134  3.68654174 3.56274844 3.55536627 3.67007382 3.60931289
 3.59284497 3.59341283 3.51164111 3.60533788 3.64622374 3.65133447
 3.56388416 3.67404884 3.69335605 3.65758092 3.48381601 3.68994889
 3.58432709 3.62748438 3.55479841 3.58716638 3.58886996 3.45144804
 3.56558773 3.52356616 3.49687677 3.62748438 3.68938103 3.73197047
 3.82282794 3.81317433 3.76263487 3.78648495 3.80465645 3.87223169
 4.17149347 4.24020443 4.22771153 4.20215786 4.05337876 3.85746735]","[ 4.70528109  4.99318569  5.26973311  5.61101647  6.20102215  6.99545713
  7.60590574 10.70584895 14.68767746 24.63089154 38.02555366 39.72402044
 35.31459398 28.96081772 27.5911414  25.14480409 23.78705281 21.99943214
 20.6842703  20.07666099 19.17433277 18.09937535 17.40658717 17.00908575
 16.54173765 16.49971607 16.53435548 16.62918796 16.51050539 16.69846678
 17.18001136 17.85292447 18.12038614 18.40999432 18.19136854 17.52129472
 17.32084043 17.30266894 16.54287337 16.4923339  15.17262919 14.29926178
 13.03975014 11.66439523 10.9165247  10.17490062  9.64054514  9.57467348
  9.58375923  9.47416241  9.75582056  9.87052811 10.82112436 11.92049972
 12.68143101 14.04145372 15.39068711 16.58319137 16.94946053 16.70641681
 16.63600227 16.49119818 15.77342419 14.95570698 14.6161272  13.81998864
 13.04202158 12.36172629 11.77228847 11.50936968 11.63770585 11.41908007
 11.41964793 10.93412834 10.86030664 10.20840432  9.93356048  9.50936968
  9.02555366  8.6842703   8.4770017   8.24077229  8.41624077  8.1084611
  7.96479273  7.70812039  7.49744463  7.36229415  7.09085747  6.95343555
  6.73480977  6.67859171  6.5508234   6.44860875  6.4645088   6.35547984
  6.20329358  6.09767178  5.97387848  5.88756388  5.7524134   5.68881317]","[0.47359455 0.57183419 0.65247019 0.74559909 0.92277115 1.05905735
 1.16865417 1.86712095 2.58432709 4.13969336 6.18512209 6.77115275
 6.75354912 6.39409426 6.27200454 6.00454287 5.89267462 5.67007382
 5.44690517 5.36172629 5.1237933  5.06416809 5.00113572 4.91709256
 4.95400341 4.9443498  4.89551391 4.90346394 4.96876775 5.03407155
 5.09369676 5.31516184 5.41624077 5.43895514 5.11016468 4.90800681
 4.84213515 4.74957411 4.45371948 4.48722317 4.02328223 3.79102783
 3.42816581 3.02725724 2.72288472 2.37535491 2.12265758 2.04486087
 2.00454287 1.96706417 1.92958546 1.94207836 1.96649631 2.09085747
 2.18512209 2.3253833  2.36456559 2.38500852 2.35661556 2.39409426
 2.34469052 2.33219761 2.1237933  2.04883589 1.97274276 1.87450312
 1.72004543 1.6439523  1.50823396 1.53605906 1.53038047 1.520159
 1.52697331 1.45428734 1.39522998 1.36399773 1.29982964 1.31232254
 1.26064736 1.26575809 1.18625781 1.20329358 1.16183986 1.17773992
 1.11641113 1.0709824  0.99091425 0.96706417 0.96195344 0.93072118
 0.94832482 0.88586031 0.87791028 0.89324248 0.85462805 0.79613856
 0.81601363 0.75865985 0.74332765 0.74503123 0.73367405 0.68256672]",128
