Y_vals,mask_id,Stain,X_vals,file_name,DJID,Eye,eGFP_Value,eGFP_Raw_Intensity,in_rip
"41033, 40871, 40996, 41502, 41443, 42249, 43285, 43801, 46282, 47655, 50082, 52193, 53689, 55162, 56114, 56231, 55992, 56731, 57653, 56914, 58173, 60552, 61205, 62575, 62588, 63988, 64360, 64823, 66536, 65469, 66700, 67267, 70994, 73626, 80700, 90187, 96421, 96436, 101114, 103648, 110212, 118978, 124321, 128430, 128847, 129388, 129436, 127212, 126774, 125698, 123400, 119383, 116538, 106430, 98911, 88542, 78055, 70340, 62840, 64111, 62626, 61131, 59694, 57890, 57170, 56445, 55521, 56209, 54155, 54365, 54116, 53684, 54669, 53221, 53555, 53754, 53667, 53074, 51945, 52969, 52331, 52672, 51948, 52127, 52639, 51967, 52198, 51777, 52236, 51607, 51390, 51225, 51503, 51362, 50985, 50967, 51319, 51917, 51039, 51068, 50532, 50833",0,DAPI,"0.0, 0.15, 0.3, 0.44999999999999996, 0.6, 0.75, 0.8999999999999999, 1.05, 1.2, 1.3499999999999999, 1.5, 1.65, 1.7999999999999998, 1.95, 2.1, 2.25, 2.4, 2.55, 2.6999999999999997, 2.85, 3.0, 3.15, 3.3, 3.4499999999999997, 3.5999999999999996, 3.75, 3.9, 4.05, 4.2, 4.35, 4.5, 4.6499999999999995, 4.8, 4.95, 5.1, 5.25, 5.3999999999999995, 5.55, 5.7, 5.85, 6.0, 6.1499999999999995, 6.3, 6.45, 6.6, 6.75, 6.8999999999999995, 7.05, 7.199999999999999, 7.35, 7.5, 7.6499999999999995, 7.8, 7.949999999999999, 8.1, 8.25, 8.4, 8.549999999999999, 8.7, 8.85, 9.0, 9.15, 9.299999999999999, 9.45, 9.6, 9.75, 9.9, 10.049999999999999, 10.2, 10.35, 10.5, 10.65, 10.799999999999999, 10.95, 11.1, 11.25, 11.4, 11.549999999999999, 11.7, 11.85, 12.0, 12.15, 12.299999999999999, 12.45, 12.6, 12.75, 12.9, 13.049999999999999, 13.2, 13.35, 13.5, 13.65, 13.799999999999999, 13.95, 14.1, 14.25, 14.399999999999999, 14.549999999999999, 14.7, 14.85, 15.0, 15.149999999999999",2007R_GLUT1_647_WGA_594_0002,2007,R,False,3.0374149659863945,False
"5885, 6009, 6108, 6163, 6162, 6335, 6366, 6426, 6856, 7319, 7923, 8905, 9827, 10692, 11112, 11465, 11413, 11628, 12271, 12413, 12953, 13852, 14481, 15013, 15472, 15352, 16054, 15622, 16029, 15982, 15881, 16002, 16159, 15547, 14586, 13422, 12645, 12551, 12334, 12129, 11580, 10845, 10520, 10135, 9762, 9487, 9823, 10016, 10336, 10265, 10585, 11069, 11552, 12042, 12170, 11942, 11963, 11753, 11483, 11606, 11319, 11315, 11356, 11149, 11390, 11399, 11300, 11372, 11114, 11053, 11079, 10999, 11177, 11029, 10906, 10961, 11065, 10863, 11024, 11081, 11006, 10997, 11033, 11159, 11033, 11022, 11009, 11076, 11071, 10993, 11258, 11135, 11042, 11035, 10925, 11099, 11417, 11557, 11634, 11825, 12161, 12639",0,eGFP,"0.0, 0.15, 0.3, 0.44999999999999996, 0.6, 0.75, 0.8999999999999999, 1.05, 1.2, 1.3499999999999999, 1.5, 1.65, 1.7999999999999998, 1.95, 2.1, 2.25, 2.4, 2.55, 2.6999999999999997, 2.85, 3.0, 3.15, 3.3, 3.4499999999999997, 3.5999999999999996, 3.75, 3.9, 4.05, 4.2, 4.35, 4.5, 4.6499999999999995, 4.8, 4.95, 5.1, 5.25, 5.3999999999999995, 5.55, 5.7, 5.85, 6.0, 6.1499999999999995, 6.3, 6.45, 6.6, 6.75, 6.8999999999999995, 7.05, 7.199999999999999, 7.35, 7.5, 7.6499999999999995, 7.8, 7.949999999999999, 8.1, 8.25, 8.4, 8.549999999999999, 8.7, 8.85, 9.0, 9.15, 9.299999999999999, 9.45, 9.6, 9.75, 9.9, 10.049999999999999, 10.2, 10.35, 10.5, 10.65, 10.799999999999999, 10.95, 11.1, 11.25, 11.4, 11.549999999999999, 11.7, 11.85, 12.0, 12.15, 12.299999999999999, 12.45, 12.6, 12.75, 12.9, 13.049999999999999, 13.2, 13.35, 13.5, 13.65, 13.799999999999999, 13.95, 14.1, 14.25, 14.399999999999999, 14.549999999999999, 14.7, 14.85, 15.0, 15.149999999999999",2007R_GLUT1_647_WGA_594_0002,2007,R,False,3.0374149659863945,False
"18220, 17837, 19043, 20836, 23127, 27498, 29845, 35390, 51555, 68623, 97171, 121099, 132981, 132055, 127264, 126775, 122929, 121266, 116925, 114566, 112997, 108260, 103470, 97710, 94921, 90420, 88738, 87740, 86601, 85451, 84932, 83828, 84067, 83499, 82775, 79647, 76652, 76845, 73229, 72558, 68644, 60217, 55113, 44393, 39276, 37092, 36260, 36658, 37557, 37829, 38468, 40045, 41102, 44074, 45765, 47671, 49848, 51089, 50442, 50447, 49889, 49128, 48507, 45851, 45167, 43139, 40802, 38323, 35410, 34272, 33532, 34159, 33810, 33031, 31625, 30760, 29315, 28363, 27336, 26865, 25940, 25394, 25262, 25178, 24972, 24148, 23460, 23040, 22304, 21476, 20942, 20398, 20254, 19674, 19645, 19520, 18995, 18701, 18178, 17985, 17549, 17413",0,WGA,"0.0, 0.15, 0.3, 0.44999999999999996, 0.6, 0.75, 0.8999999999999999, 1.05, 1.2, 1.3499999999999999, 1.5, 1.65, 1.7999999999999998, 1.95, 2.1, 2.25, 2.4, 2.55, 2.6999999999999997, 2.85, 3.0, 3.15, 3.3, 3.4499999999999997, 3.5999999999999996, 3.75, 3.9, 4.05, 4.2, 4.35, 4.5, 4.6499999999999995, 4.8, 4.95, 5.1, 5.25, 5.3999999999999995, 5.55, 5.7, 5.85, 6.0, 6.1499999999999995, 6.3, 6.45, 6.6, 6.75, 6.8999999999999995, 7.05, 7.199999999999999, 7.35, 7.5, 7.6499999999999995, 7.8, 7.949999999999999, 8.1, 8.25, 8.4, 8.549999999999999, 8.7, 8.85, 9.0, 9.15, 9.299999999999999, 9.45, 9.6, 9.75, 9.9, 10.049999999999999, 10.2, 10.35, 10.5, 10.65, 10.799999999999999, 10.95, 11.1, 11.25, 11.4, 11.549999999999999, 11.7, 11.85, 12.0, 12.15, 12.299999999999999, 12.45, 12.6, 12.75, 12.9, 13.049999999999999, 13.2, 13.35, 13.5, 13.65, 13.799999999999999, 13.95, 14.1, 14.25, 14.399999999999999, 14.549999999999999, 14.7, 14.85, 15.0, 15.149999999999999",2007R_GLUT1_647_WGA_594_0002,2007,R,False,3.0374149659863945,False
"1861, 1866, 1997, 2297, 2782, 3546, 3885, 4737, 7023, 9261, 12438, 15175, 16938, 17529, 17430, 17266, 17171, 17163, 16752, 16476, 16068, 15263, 14595, 13852, 13494, 12731, 12518, 12435, 12132, 12277, 11947, 12003, 11914, 12010, 11627, 11654, 11140, 11158, 10760, 10669, 10200, 9077, 8438, 6872, 6277, 5998, 5818, 6015, 6101, 6116, 6263, 6698, 6783, 7267, 7431, 7544, 7746, 7480, 6957, 6933, 6916, 6606, 6557, 6026, 5950, 5584, 5262, 4964, 4578, 4347, 4453, 4507, 4424, 4401, 4259, 3998, 3910, 3816, 3641, 3606, 3390, 3441, 3302, 3348, 3349, 3323, 3211, 2990, 2990, 2907, 2769, 2617, 2684, 2620, 2533, 2480, 2487, 2355, 2190, 2229, 2139, 2167",0,GluT1,"0.0, 0.15, 0.3, 0.44999999999999996, 0.6, 0.75, 0.8999999999999999, 1.05, 1.2, 1.3499999999999999, 1.5, 1.65, 1.7999999999999998, 1.95, 2.1, 2.25, 2.4, 2.55, 2.6999999999999997, 2.85, 3.0, 3.15, 3.3, 3.4499999999999997, 3.5999999999999996, 3.75, 3.9, 4.05, 4.2, 4.35, 4.5, 4.6499999999999995, 4.8, 4.95, 5.1, 5.25, 5.3999999999999995, 5.55, 5.7, 5.85, 6.0, 6.1499999999999995, 6.3, 6.45, 6.6, 6.75, 6.8999999999999995, 7.05, 7.199999999999999, 7.35, 7.5, 7.6499999999999995, 7.8, 7.949999999999999, 8.1, 8.25, 8.4, 8.549999999999999, 8.7, 8.85, 9.0, 9.15, 9.299999999999999, 9.45, 9.6, 9.75, 9.9, 10.049999999999999, 10.2, 10.35, 10.5, 10.65, 10.799999999999999, 10.95, 11.1, 11.25, 11.4, 11.549999999999999, 11.7, 11.85, 12.0, 12.15, 12.299999999999999, 12.45, 12.6, 12.75, 12.9, 13.049999999999999, 13.2, 13.35, 13.5, 13.65, 13.799999999999999, 13.95, 14.1, 14.25, 14.399999999999999, 14.549999999999999, 14.7, 14.85, 15.0, 15.149999999999999",2007R_GLUT1_647_WGA_594_0002,2007,R,False,3.0374149659863945,False
"88189, 88366, 89633, 90550, 92701, 93391, 94216, 96243, 102857, 106940, 113463, 118354, 122969, 127969, 131319, 133471, 134526, 136171, 140321, 145561, 149094, 161002, 173738, 187074, 194847, 212288, 220160, 221535, 234150, 234300, 249043, 260374, 280569, 292196, 303611, 306338, 309003, 308638, 309630, 307646, 307981, 302125, 297364, 288294, 281401, 275057, 262368, 252238, 241220, 239891, 232376, 220735, 213907, 188291, 171628, 153860, 140213, 133462, 124986, 124671, 123701, 121608, 119406, 119623, 116512, 116493, 114399, 113185, 112074, 111646, 111239, 111611, 110894, 111811, 111925, 111057, 109963, 110719, 109552, 109528, 109044, 108063, 107741, 107509, 108806, 107374, 107429, 106345, 107257, 107493, 106872, 107024, 106169, 105942, 106779, 106626, 105959, 105967, 104676, 106256, 105135, 105557",1,DAPI,"0.0, 0.15, 0.3, 0.44999999999999996, 0.6, 0.75, 0.8999999999999999, 1.05, 1.2, 1.3499999999999999, 1.5, 1.65, 1.7999999999999998, 1.95, 2.1, 2.25, 2.4, 2.55, 2.6999999999999997, 2.85, 3.0, 3.15, 3.3, 3.4499999999999997, 3.5999999999999996, 3.75, 3.9, 4.05, 4.2, 4.35, 4.5, 4.6499999999999995, 4.8, 4.95, 5.1, 5.25, 5.3999999999999995, 5.55, 5.7, 5.85, 6.0, 6.1499999999999995, 6.3, 6.45, 6.6, 6.75, 6.8999999999999995, 7.05, 7.199999999999999, 7.35, 7.5, 7.6499999999999995, 7.8, 7.949999999999999, 8.1, 8.25, 8.4, 8.549999999999999, 8.7, 8.85, 9.0, 9.15, 9.299999999999999, 9.45, 9.6, 9.75, 9.9, 10.049999999999999, 10.2, 10.35, 10.5, 10.65, 10.799999999999999, 10.95, 11.1, 11.25, 11.4, 11.549999999999999, 11.7, 11.85, 12.0, 12.15, 12.299999999999999, 12.45, 12.6, 12.75, 12.9, 13.049999999999999, 13.2, 13.35, 13.5, 13.65, 13.799999999999999, 13.95, 14.1, 14.25, 14.399999999999999, 14.549999999999999, 14.7, 14.85, 15.0, 15.149999999999999",2007R_GLUT1_647_WGA_594_0002,2007,R,False,3.887453600593912,False
"12351, 12517, 12591, 12533, 12872, 13172, 13211, 13367, 14195, 15112, 16556, 18440, 19816, 21319, 22168, 21742, 22282, 22462, 22587, 22903, 23290, 24332, 24673, 25462, 26270, 26953, 27570, 27610, 27647, 27655, 28519, 28728, 29278, 28630, 28043, 26782, 26547, 26182, 25945, 25978, 25627, 25398, 25893, 25715, 25914, 26009, 26264, 26482, 26508, 26336, 26501, 26284, 25997, 25178, 24258, 23624, 23382, 23149, 23029, 23125, 23243, 22910, 22661, 22339, 22563, 22369, 22155, 22120, 22001, 22748, 22815, 22115, 22630, 22411, 22465, 22652, 22792, 22411, 22251, 22575, 22424, 22273, 22381, 22650, 22509, 22571, 22600, 22414, 22495, 22725, 22541, 22603, 22720, 22907, 22781, 23094, 23599, 24324, 24852, 25353, 26130, 26811",1,eGFP,"0.0, 0.15, 0.3, 0.44999999999999996, 0.6, 0.75, 0.8999999999999999, 1.05, 1.2, 1.3499999999999999, 1.5, 1.65, 1.7999999999999998, 1.95, 2.1, 2.25, 2.4, 2.55, 2.6999999999999997, 2.85, 3.0, 3.15, 3.3, 3.4499999999999997, 3.5999999999999996, 3.75, 3.9, 4.05, 4.2, 4.35, 4.5, 4.6499999999999995, 4.8, 4.95, 5.1, 5.25, 5.3999999999999995, 5.55, 5.7, 5.85, 6.0, 6.1499999999999995, 6.3, 6.45, 6.6, 6.75, 6.8999999999999995, 7.05, 7.199999999999999, 7.35, 7.5, 7.6499999999999995, 7.8, 7.949999999999999, 8.1, 8.25, 8.4, 8.549999999999999, 8.7, 8.85, 9.0, 9.15, 9.299999999999999, 9.45, 9.6, 9.75, 9.9, 10.049999999999999, 10.2, 10.35, 10.5, 10.65, 10.799999999999999, 10.95, 11.1, 11.25, 11.4, 11.549999999999999, 11.7, 11.85, 12.0, 12.15, 12.299999999999999, 12.45, 12.6, 12.75, 12.9, 13.049999999999999, 13.2, 13.35, 13.5, 13.65, 13.799999999999999, 13.95, 14.1, 14.25, 14.399999999999999, 14.549999999999999, 14.7, 14.85, 15.0, 15.149999999999999",2007R_GLUT1_647_WGA_594_0002,2007,R,False,3.887453600593912,False
"36249, 36082, 38253, 41783, 46926, 55146, 59641, 71786, 104504, 139017, 199014, 246469, 265942, 246414, 226659, 219833, 208399, 204706, 188648, 182366, 177572, 167686, 161393, 153853, 150673, 143571, 139641, 138968, 134408, 132467, 126683, 121799, 114731, 110947, 108284, 104451, 102396, 102589, 99945, 99927, 97155, 91155, 87942, 82526, 80001, 77397, 73271, 72079, 72448, 72863, 74625, 78883, 81134, 91879, 98642, 106815, 112651, 112678, 106571, 106856, 104622, 102484, 100736, 95417, 92906, 89425, 84308, 79369, 74010, 71832, 71217, 71493, 70626, 69356, 67404, 65937, 63017, 61125, 58348, 57117, 54329, 53174, 53021, 52276, 51969, 50287, 48670, 47917, 46598, 44708, 43315, 42392, 41528, 40750, 40639, 40141, 39073, 38381, 37724, 37205, 36625, 36040",1,WGA,"0.0, 0.15, 0.3, 0.44999999999999996, 0.6, 0.75, 0.8999999999999999, 1.05, 1.2, 1.3499999999999999, 1.5, 1.65, 1.7999999999999998, 1.95, 2.1, 2.25, 2.4, 2.55, 2.6999999999999997, 2.85, 3.0, 3.15, 3.3, 3.4499999999999997, 3.5999999999999996, 3.75, 3.9, 4.05, 4.2, 4.35, 4.5, 4.6499999999999995, 4.8, 4.95, 5.1, 5.25, 5.3999999999999995, 5.55, 5.7, 5.85, 6.0, 6.1499999999999995, 6.3, 6.45, 6.6, 6.75, 6.8999999999999995, 7.05, 7.199999999999999, 7.35, 7.5, 7.6499999999999995, 7.8, 7.949999999999999, 8.1, 8.25, 8.4, 8.549999999999999, 8.7, 8.85, 9.0, 9.15, 9.299999999999999, 9.45, 9.6, 9.75, 9.9, 10.049999999999999, 10.2, 10.35, 10.5, 10.65, 10.799999999999999, 10.95, 11.1, 11.25, 11.4, 11.549999999999999, 11.7, 11.85, 12.0, 12.15, 12.299999999999999, 12.45, 12.6, 12.75, 12.9, 13.049999999999999, 13.2, 13.35, 13.5, 13.65, 13.799999999999999, 13.95, 14.1, 14.25, 14.399999999999999, 14.549999999999999, 14.7, 14.85, 15.0, 15.149999999999999",2007R_GLUT1_647_WGA_594_0002,2007,R,False,3.887453600593912,False
"3716, 3685, 3942, 4752, 5772, 7366, 7969, 10020, 15189, 20085, 27308, 32915, 35880, 36114, 34970, 34376, 33055, 33172, 31312, 30614, 29833, 27808, 26534, 24803, 24177, 22720, 22101, 21873, 21186, 20894, 19952, 19000, 17981, 17434, 16746, 16527, 16146, 16017, 15560, 15443, 15021, 14466, 13631, 13066, 12621, 12011, 11513, 11226, 11153, 11409, 11571, 11878, 12135, 13145, 13540, 14382, 14735, 14798, 13779, 13941, 13472, 13289, 13059, 12312, 12007, 11584, 11070, 10617, 9893, 9586, 9337, 9500, 9599, 9254, 9102, 8851, 8565, 8183, 7897, 7881, 7305, 7381, 7140, 7159, 7123, 6863, 6518, 6322, 6093, 5853, 5405, 5416, 5235, 5273, 5154, 5095, 4788, 4724, 4305, 4382, 4284, 4165",1,GluT1,"0.0, 0.15, 0.3, 0.44999999999999996, 0.6, 0.75, 0.8999999999999999, 1.05, 1.2, 1.3499999999999999, 1.5, 1.65, 1.7999999999999998, 1.95, 2.1, 2.25, 2.4, 2.55, 2.6999999999999997, 2.85, 3.0, 3.15, 3.3, 3.4499999999999997, 3.5999999999999996, 3.75, 3.9, 4.05, 4.2, 4.35, 4.5, 4.6499999999999995, 4.8, 4.95, 5.1, 5.25, 5.3999999999999995, 5.55, 5.7, 5.85, 6.0, 6.1499999999999995, 6.3, 6.45, 6.6, 6.75, 6.8999999999999995, 7.05, 7.199999999999999, 7.35, 7.5, 7.6499999999999995, 7.8, 7.949999999999999, 8.1, 8.25, 8.4, 8.549999999999999, 8.7, 8.85, 9.0, 9.15, 9.299999999999999, 9.45, 9.6, 9.75, 9.9, 10.049999999999999, 10.2, 10.35, 10.5, 10.65, 10.799999999999999, 10.95, 11.1, 11.25, 11.4, 11.549999999999999, 11.7, 11.85, 12.0, 12.15, 12.299999999999999, 12.45, 12.6, 12.75, 12.9, 13.049999999999999, 13.2, 13.35, 13.5, 13.65, 13.799999999999999, 13.95, 14.1, 14.25, 14.399999999999999, 14.549999999999999, 14.7, 14.85, 15.0, 15.149999999999999",2007R_GLUT1_647_WGA_594_0002,2007,R,False,3.887453600593912,False
"107376, 108317, 109214, 111307, 113582, 116412, 116599, 121794, 131621, 139271, 151545, 163552, 174802, 192940, 205052, 208119, 219180, 222984, 243280, 254730, 267487, 292604, 309803, 324741, 326350, 334002, 339986, 337655, 339544, 340385, 340343, 339779, 335005, 324741, 320170, 309364, 303366, 303205, 295586, 292533, 286812, 272259, 263884, 238065, 211738, 190491, 166697, 159136, 155253, 150772, 149877, 146207, 144000, 141454, 139720, 136997, 135540, 135482, 133727, 133442, 132994, 134030, 133522, 132385, 132430, 131779, 132005, 130947, 129903, 130375, 129929, 130328, 130497, 129986, 130256, 130585, 130516, 129830, 128206, 128925, 129751, 128466, 128246, 128185, 129041, 129324, 128289, 127838, 128094, 128378, 128536, 127443, 127228, 127600, 127165, 126362, 127434, 127845, 127330, 127222, 127524, 127000",2,DAPI,"0.0, 0.15, 0.3, 0.44999999999999996, 0.6, 0.75, 0.8999999999999999, 1.05, 1.2, 1.3499999999999999, 1.5, 1.65, 1.7999999999999998, 1.95, 2.1, 2.25, 2.4, 2.55, 2.6999999999999997, 2.85, 3.0, 3.15, 3.3, 3.4499999999999997, 3.5999999999999996, 3.75, 3.9, 4.05, 4.2, 4.35, 4.5, 4.6499999999999995, 4.8, 4.95, 5.1, 5.25, 5.3999999999999995, 5.55, 5.7, 5.85, 6.0, 6.1499999999999995, 6.3, 6.45, 6.6, 6.75, 6.8999999999999995, 7.05, 7.199999999999999, 7.35, 7.5, 7.6499999999999995, 7.8, 7.949999999999999, 8.1, 8.25, 8.4, 8.549999999999999, 8.7, 8.85, 9.0, 9.15, 9.299999999999999, 9.45, 9.6, 9.75, 9.9, 10.049999999999999, 10.2, 10.35, 10.5, 10.65, 10.799999999999999, 10.95, 11.1, 11.25, 11.4, 11.549999999999999, 11.7, 11.85, 12.0, 12.15, 12.299999999999999, 12.45, 12.6, 12.75, 12.9, 13.049999999999999, 13.2, 13.35, 13.5, 13.65, 13.799999999999999, 13.95, 14.1, 14.25, 14.399999999999999, 14.549999999999999, 14.7, 14.85, 15.0, 15.149999999999999",2007R_GLUT1_647_WGA_594_0002,2007,R,False,12.040738461538462,False
"16401, 16591, 16923, 16968, 17867, 18256, 18720, 19302, 21397, 23546, 26849, 31690, 36696, 45975, 51554, 52350, 57501, 59481, 66142, 70912, 73949, 82271, 87239, 92291, 93167, 97147, 96985, 97359, 98369, 97415, 97831, 97993, 97584, 98658, 97925, 98969, 97924, 98343, 97306, 96868, 97095, 96536, 94821, 92926, 90514, 87169, 82673, 78568, 73767, 72236, 69244, 64706, 61495, 50858, 46023, 39267, 35196, 33416, 31551, 31924, 31356, 30976, 30858, 31399, 31298, 31311, 31829, 31410, 31836, 31588, 31615, 31272, 31114, 31087, 30812, 30871, 30971, 31278, 31780, 32907, 33042, 33503, 33675, 33547, 32956, 33631, 33650, 33224, 32773, 32011, 32066, 32822, 32861, 33334, 33040, 33541, 34690, 34839, 34631, 34759, 35972, 35275",2,eGFP,"0.0, 0.15, 0.3, 0.44999999999999996, 0.6, 0.75, 0.8999999999999999, 1.05, 1.2, 1.3499999999999999, 1.5, 1.65, 1.7999999999999998, 1.95, 2.1, 2.25, 2.4, 2.55, 2.6999999999999997, 2.85, 3.0, 3.15, 3.3, 3.4499999999999997, 3.5999999999999996, 3.75, 3.9, 4.05, 4.2, 4.35, 4.5, 4.6499999999999995, 4.8, 4.95, 5.1, 5.25, 5.3999999999999995, 5.55, 5.7, 5.85, 6.0, 6.1499999999999995, 6.3, 6.45, 6.6, 6.75, 6.8999999999999995, 7.05, 7.199999999999999, 7.35, 7.5, 7.6499999999999995, 7.8, 7.949999999999999, 8.1, 8.25, 8.4, 8.549999999999999, 8.7, 8.85, 9.0, 9.15, 9.299999999999999, 9.45, 9.6, 9.75, 9.9, 10.049999999999999, 10.2, 10.35, 10.5, 10.65, 10.799999999999999, 10.95, 11.1, 11.25, 11.4, 11.549999999999999, 11.7, 11.85, 12.0, 12.15, 12.299999999999999, 12.45, 12.6, 12.75, 12.9, 13.049999999999999, 13.2, 13.35, 13.5, 13.65, 13.799999999999999, 13.95, 14.1, 14.25, 14.399999999999999, 14.549999999999999, 14.7, 14.85, 15.0, 15.149999999999999",2007R_GLUT1_647_WGA_594_0002,2007,R,False,12.040738461538462,False
"40994, 40726, 43208, 46743, 52234, 60965, 65644, 78357, 113995, 153181, 222642, 277800, 290883, 251786, 218494, 210193, 189338, 183694, 155224, 145045, 135870, 119954, 109808, 98834, 95684, 87386, 84069, 84004, 80129, 79595, 77444, 76055, 75577, 76867, 80375, 83359, 85638, 86259, 87210, 87486, 89595, 94668, 98270, 105818, 111731, 116045, 118045, 119006, 118289, 118754, 117380, 116649, 116539, 116877, 117238, 116449, 114955, 110618, 103356, 103131, 100965, 98680, 96217, 92349, 90215, 87263, 84203, 80776, 76930, 74907, 73939, 74497, 73585, 72643, 70762, 69115, 66703, 65347, 63468, 61902, 59644, 58867, 58366, 58074, 57658, 56499, 54768, 53939, 52910, 51429, 50498, 49707, 48752, 48103, 48062, 47571, 46442, 45892, 45038, 44402, 43964, 43110",2,WGA,"0.0, 0.15, 0.3, 0.44999999999999996, 0.6, 0.75, 0.8999999999999999, 1.05, 1.2, 1.3499999999999999, 1.5, 1.65, 1.7999999999999998, 1.95, 2.1, 2.25, 2.4, 2.55, 2.6999999999999997, 2.85, 3.0, 3.15, 3.3, 3.4499999999999997, 3.5999999999999996, 3.75, 3.9, 4.05, 4.2, 4.35, 4.5, 4.6499999999999995, 4.8, 4.95, 5.1, 5.25, 5.3999999999999995, 5.55, 5.7, 5.85, 6.0, 6.1499999999999995, 6.3, 6.45, 6.6, 6.75, 6.8999999999999995, 7.05, 7.199999999999999, 7.35, 7.5, 7.6499999999999995, 7.8, 7.949999999999999, 8.1, 8.25, 8.4, 8.549999999999999, 8.7, 8.85, 9.0, 9.15, 9.299999999999999, 9.45, 9.6, 9.75, 9.9, 10.049999999999999, 10.2, 10.35, 10.5, 10.65, 10.799999999999999, 10.95, 11.1, 11.25, 11.4, 11.549999999999999, 11.7, 11.85, 12.0, 12.15, 12.299999999999999, 12.45, 12.6, 12.75, 12.9, 13.049999999999999, 13.2, 13.35, 13.5, 13.65, 13.799999999999999, 13.95, 14.1, 14.25, 14.399999999999999, 14.549999999999999, 14.7, 14.85, 15.0, 15.149999999999999",2007R_GLUT1_647_WGA_594_0002,2007,R,False,12.040738461538462,False
"5344, 5320, 5990, 6967, 8443, 10804, 11604, 14515, 21846, 29345, 40251, 49616, 54478, 56505, 56308, 55818, 55735, 55005, 54768, 54200, 53834, 52389, 49825, 46340, 44675, 40885, 39374, 39065, 36786, 36519, 34517, 32654, 30980, 30211, 29001, 28328, 28493, 28333, 27910, 28034, 27977, 27999, 28420, 28923, 29500, 29737, 28933, 28385, 27793, 27118, 26453, 25688, 25042, 22775, 21497, 19705, 18418, 16775, 15474, 15367, 14980, 14829, 14329, 13570, 13343, 12680, 12277, 11868, 10921, 10598, 10402, 10691, 10574, 10492, 10245, 9757, 9584, 9103, 8919, 8638, 8264, 8074, 7949, 8118, 8029, 7765, 7589, 7409, 7103, 6712, 6529, 6553, 6437, 6418, 6101, 6109, 6037, 5936, 5451, 5498, 5377, 5227",2,GluT1,"0.0, 0.15, 0.3, 0.44999999999999996, 0.6, 0.75, 0.8999999999999999, 1.05, 1.2, 1.3499999999999999, 1.5, 1.65, 1.7999999999999998, 1.95, 2.1, 2.25, 2.4, 2.55, 2.6999999999999997, 2.85, 3.0, 3.15, 3.3, 3.4499999999999997, 3.5999999999999996, 3.75, 3.9, 4.05, 4.2, 4.35, 4.5, 4.6499999999999995, 4.8, 4.95, 5.1, 5.25, 5.3999999999999995, 5.55, 5.7, 5.85, 6.0, 6.1499999999999995, 6.3, 6.45, 6.6, 6.75, 6.8999999999999995, 7.05, 7.199999999999999, 7.35, 7.5, 7.6499999999999995, 7.8, 7.949999999999999, 8.1, 8.25, 8.4, 8.549999999999999, 8.7, 8.85, 9.0, 9.15, 9.299999999999999, 9.45, 9.6, 9.75, 9.9, 10.049999999999999, 10.2, 10.35, 10.5, 10.65, 10.799999999999999, 10.95, 11.1, 11.25, 11.4, 11.549999999999999, 11.7, 11.85, 12.0, 12.15, 12.299999999999999, 12.45, 12.6, 12.75, 12.9, 13.049999999999999, 13.2, 13.35, 13.5, 13.65, 13.799999999999999, 13.95, 14.1, 14.25, 14.399999999999999, 14.549999999999999, 14.7, 14.85, 15.0, 15.149999999999999",2007R_GLUT1_647_WGA_594_0002,2007,R,False,12.040738461538462,False
"12436, 12564, 12481, 12825, 13171, 12993, 13167, 13628, 14504, 15065, 15510, 16148, 17017, 17244, 17090, 16742, 16932, 16914, 17140, 17411, 17556, 17358, 17598, 18095, 18067, 18556, 18980, 18847, 19507, 19226, 19792, 21012, 23371, 24720, 26723, 27588, 28468, 28602, 28307, 28499, 28602, 28525, 28767, 28382, 26978, 26434, 25651, 24902, 24443, 24396, 23991, 22979, 21882, 20406, 19363, 18571, 17973, 17164, 17259, 17043, 16623, 16854, 17149, 16350, 16613, 16690, 16182, 15958, 16478, 15599, 15720, 16062, 15673, 15960, 16128, 15888, 15418, 15362, 15682, 16170, 15850, 15523, 16055, 15550, 16122, 15953, 15590, 15742, 15582, 15540, 15579, 15241, 15440, 15602, 15723, 15789, 15743, 15581, 15441, 15095, 15162, 15296",4,DAPI,"0.0, 0.15, 0.3, 0.44999999999999996, 0.6, 0.75, 0.8999999999999999, 1.05, 1.2, 1.3499999999999999, 1.5, 1.65, 1.7999999999999998, 1.95, 2.1, 2.25, 2.4, 2.55, 2.6999999999999997, 2.85, 3.0, 3.15, 3.3, 3.4499999999999997, 3.5999999999999996, 3.75, 3.9, 4.05, 4.2, 4.35, 4.5, 4.6499999999999995, 4.8, 4.95, 5.1, 5.25, 5.3999999999999995, 5.55, 5.7, 5.85, 6.0, 6.1499999999999995, 6.3, 6.45, 6.6, 6.75, 6.8999999999999995, 7.05, 7.199999999999999, 7.35, 7.5, 7.6499999999999995, 7.8, 7.949999999999999, 8.1, 8.25, 8.4, 8.549999999999999, 8.7, 8.85, 9.0, 9.15, 9.299999999999999, 9.45, 9.6, 9.75, 9.9, 10.049999999999999, 10.2, 10.35, 10.5, 10.65, 10.799999999999999, 10.95, 11.1, 11.25, 11.4, 11.549999999999999, 11.7, 11.85, 12.0, 12.15, 12.299999999999999, 12.45, 12.6, 12.75, 12.9, 13.049999999999999, 13.2, 13.35, 13.5, 13.65, 13.799999999999999, 13.95, 14.1, 14.25, 14.399999999999999, 14.549999999999999, 14.7, 14.85, 15.0, 15.149999999999999",2007R_GLUT1_647_WGA_594_0002,2007,R,False,3.4254881808838644,False
"1913, 1986, 1992, 1905, 2107, 2196, 2234, 2265, 2543, 2888, 3435, 4073, 5034, 6998, 8017, 8405, 9647, 9734, 11406, 12126, 12327, 12766, 12702, 11614, 10816, 8746, 7755, 7419, 6686, 6307, 5335, 4891, 4502, 4077, 3776, 3484, 3385, 3518, 3307, 3285, 3333, 3307, 3291, 3268, 3152, 3337, 3303, 3412, 3407, 3316, 3364, 3475, 3590, 3758, 3434, 3504, 3477, 3476, 3441, 3476, 3334, 3413, 3479, 3429, 3428, 3330, 3148, 3334, 3187, 3296, 3194, 3147, 3258, 3124, 3128, 3112, 3119, 3180, 3193, 3227, 3184, 3316, 3178, 3355, 3291, 3348, 3369, 3316, 3360, 3421, 3480, 3450, 3428, 3391, 3469, 3405, 3345, 3371, 3175, 3369, 3283, 3212",4,eGFP,"0.0, 0.15, 0.3, 0.44999999999999996, 0.6, 0.75, 0.8999999999999999, 1.05, 1.2, 1.3499999999999999, 1.5, 1.65, 1.7999999999999998, 1.95, 2.1, 2.25, 2.4, 2.55, 2.6999999999999997, 2.85, 3.0, 3.15, 3.3, 3.4499999999999997, 3.5999999999999996, 3.75, 3.9, 4.05, 4.2, 4.35, 4.5, 4.6499999999999995, 4.8, 4.95, 5.1, 5.25, 5.3999999999999995, 5.55, 5.7, 5.85, 6.0, 6.1499999999999995, 6.3, 6.45, 6.6, 6.75, 6.8999999999999995, 7.05, 7.199999999999999, 7.35, 7.5, 7.6499999999999995, 7.8, 7.949999999999999, 8.1, 8.25, 8.4, 8.549999999999999, 8.7, 8.85, 9.0, 9.15, 9.299999999999999, 9.45, 9.6, 9.75, 9.9, 10.049999999999999, 10.2, 10.35, 10.5, 10.65, 10.799999999999999, 10.95, 11.1, 11.25, 11.4, 11.549999999999999, 11.7, 11.85, 12.0, 12.15, 12.299999999999999, 12.45, 12.6, 12.75, 12.9, 13.049999999999999, 13.2, 13.35, 13.5, 13.65, 13.799999999999999, 13.95, 14.1, 14.25, 14.399999999999999, 14.549999999999999, 14.7, 14.85, 15.0, 15.149999999999999",2007R_GLUT1_647_WGA_594_0002,2007,R,False,3.4254881808838644,False
"4984, 4930, 5125, 5639, 6214, 7286, 7808, 9389, 13655, 18883, 27844, 34616, 35903, 31886, 28448, 27372, 25441, 25264, 22558, 21631, 20740, 19284, 18903, 19126, 18968, 19317, 19273, 19147, 19234, 19013, 18926, 18618, 17357, 15360, 13216, 11546, 10620, 10643, 9982, 10035, 9587, 8708, 8422, 8157, 7891, 7779, 7473, 7616, 7965, 8317, 8471, 8969, 8912, 9101, 9279, 9329, 9904, 10285, 11035, 11027, 11299, 11353, 11110, 10814, 10609, 10204, 9800, 9536, 9376, 9197, 9111, 9032, 9076, 8867, 8791, 8448, 8325, 8193, 7897, 7836, 7485, 7330, 7237, 7289, 7298, 7185, 7001, 6902, 6711, 6734, 6567, 6348, 6358, 6212, 6175, 6096, 5943, 5841, 5597, 5509, 5328, 5353",4,WGA,"0.0, 0.15, 0.3, 0.44999999999999996, 0.6, 0.75, 0.8999999999999999, 1.05, 1.2, 1.3499999999999999, 1.5, 1.65, 1.7999999999999998, 1.95, 2.1, 2.25, 2.4, 2.55, 2.6999999999999997, 2.85, 3.0, 3.15, 3.3, 3.4499999999999997, 3.5999999999999996, 3.75, 3.9, 4.05, 4.2, 4.35, 4.5, 4.6499999999999995, 4.8, 4.95, 5.1, 5.25, 5.3999999999999995, 5.55, 5.7, 5.85, 6.0, 6.1499999999999995, 6.3, 6.45, 6.6, 6.75, 6.8999999999999995, 7.05, 7.199999999999999, 7.35, 7.5, 7.6499999999999995, 7.8, 7.949999999999999, 8.1, 8.25, 8.4, 8.549999999999999, 8.7, 8.85, 9.0, 9.15, 9.299999999999999, 9.45, 9.6, 9.75, 9.9, 10.049999999999999, 10.2, 10.35, 10.5, 10.65, 10.799999999999999, 10.95, 11.1, 11.25, 11.4, 11.549999999999999, 11.7, 11.85, 12.0, 12.15, 12.299999999999999, 12.45, 12.6, 12.75, 12.9, 13.049999999999999, 13.2, 13.35, 13.5, 13.65, 13.799999999999999, 13.95, 14.1, 14.25, 14.399999999999999, 14.549999999999999, 14.7, 14.85, 15.0, 15.149999999999999",2007R_GLUT1_647_WGA_594_0002,2007,R,False,3.4254881808838644,False
"482, 509, 540, 647, 765, 985, 1087, 1350, 2171, 2803, 4074, 4966, 5370, 5231, 4982, 4954, 4738, 4706, 4428, 4163, 4003, 3646, 3452, 3514, 3382, 3459, 3350, 3368, 3442, 3435, 3300, 3282, 3018, 2760, 2421, 2118, 1958, 1908, 1823, 1845, 1719, 1601, 1442, 1408, 1247, 1259, 1214, 1180, 1205, 1223, 1305, 1326, 1299, 1346, 1345, 1397, 1381, 1444, 1518, 1509, 1536, 1493, 1555, 1473, 1455, 1373, 1331, 1275, 1229, 1254, 1197, 1192, 1217, 1183, 1154, 1152, 1070, 1072, 1015, 1004, 970, 919, 885, 969, 975, 887, 924, 851, 864, 835, 836, 807, 876, 767, 764, 784, 795, 734, 657, 613, 622, 638",4,GluT1,"0.0, 0.15, 0.3, 0.44999999999999996, 0.6, 0.75, 0.8999999999999999, 1.05, 1.2, 1.3499999999999999, 1.5, 1.65, 1.7999999999999998, 1.95, 2.1, 2.25, 2.4, 2.55, 2.6999999999999997, 2.85, 3.0, 3.15, 3.3, 3.4499999999999997, 3.5999999999999996, 3.75, 3.9, 4.05, 4.2, 4.35, 4.5, 4.6499999999999995, 4.8, 4.95, 5.1, 5.25, 5.3999999999999995, 5.55, 5.7, 5.85, 6.0, 6.1499999999999995, 6.3, 6.45, 6.6, 6.75, 6.8999999999999995, 7.05, 7.199999999999999, 7.35, 7.5, 7.6499999999999995, 7.8, 7.949999999999999, 8.1, 8.25, 8.4, 8.549999999999999, 8.7, 8.85, 9.0, 9.15, 9.299999999999999, 9.45, 9.6, 9.75, 9.9, 10.049999999999999, 10.2, 10.35, 10.5, 10.65, 10.799999999999999, 10.95, 11.1, 11.25, 11.4, 11.549999999999999, 11.7, 11.85, 12.0, 12.15, 12.299999999999999, 12.45, 12.6, 12.75, 12.9, 13.049999999999999, 13.2, 13.35, 13.5, 13.65, 13.799999999999999, 13.95, 14.1, 14.25, 14.399999999999999, 14.549999999999999, 14.7, 14.85, 15.0, 15.149999999999999",2007R_GLUT1_647_WGA_594_0002,2007,R,False,3.4254881808838644,False
"132030, 133224, 133018, 135902, 137326, 141315, 142144, 146113, 154881, 163914, 173753, 184407, 190070, 200840, 207421, 209352, 213721, 216733, 227519, 236906, 244944, 261614, 273452, 284701, 288101, 291907, 293779, 294588, 297221, 297015, 298789, 304761, 314255, 322548, 334894, 342805, 345667, 345488, 348546, 345539, 348536, 345641, 337707, 317824, 292206, 276481, 253520, 246207, 235869, 234147, 229930, 222898, 218535, 208661, 200406, 193421, 185446, 181991, 178628, 178135, 177191, 176281, 174607, 173815, 173940, 172725, 171080, 170935, 169941, 168312, 168306, 169912, 169097, 170183, 169940, 168755, 165955, 168129, 166980, 167651, 165071, 165258, 165284, 165799, 165954, 166262, 165422, 165524, 165190, 165083, 164443, 165083, 164749, 164333, 164662, 164714, 163669, 163771, 163479, 161550, 163680, 164198",5,DAPI,"0.0, 0.15, 0.3, 0.44999999999999996, 0.6, 0.75, 0.8999999999999999, 1.05, 1.2, 1.3499999999999999, 1.5, 1.65, 1.7999999999999998, 1.95, 2.1, 2.25, 2.4, 2.55, 2.6999999999999997, 2.85, 3.0, 3.15, 3.3, 3.4499999999999997, 3.5999999999999996, 3.75, 3.9, 4.05, 4.2, 4.35, 4.5, 4.6499999999999995, 4.8, 4.95, 5.1, 5.25, 5.3999999999999995, 5.55, 5.7, 5.85, 6.0, 6.1499999999999995, 6.3, 6.45, 6.6, 6.75, 6.8999999999999995, 7.05, 7.199999999999999, 7.35, 7.5, 7.6499999999999995, 7.8, 7.949999999999999, 8.1, 8.25, 8.4, 8.549999999999999, 8.7, 8.85, 9.0, 9.15, 9.299999999999999, 9.45, 9.6, 9.75, 9.9, 10.049999999999999, 10.2, 10.35, 10.5, 10.65, 10.799999999999999, 10.95, 11.1, 11.25, 11.4, 11.549999999999999, 11.7, 11.85, 12.0, 12.15, 12.299999999999999, 12.45, 12.6, 12.75, 12.9, 13.049999999999999, 13.2, 13.35, 13.5, 13.65, 13.799999999999999, 13.95, 14.1, 14.25, 14.399999999999999, 14.549999999999999, 14.7, 14.85, 15.0, 15.149999999999999",2007R_GLUT1_647_WGA_594_0002,2007,R,False,3.5732620320855615,False
"19764, 19877, 20124, 20056, 20916, 21535, 21595, 22191, 23909, 26716, 31212, 36901, 41791, 52396, 58390, 60545, 66506, 67491, 77708, 81157, 85490, 88763, 85750, 76384, 71605, 59961, 55845, 54845, 50461, 49587, 44514, 42642, 39447, 38427, 37226, 36517, 36433, 36838, 36731, 36653, 36751, 37372, 37686, 38138, 39164, 40364, 43550, 44847, 45520, 45587, 45921, 45835, 46480, 46784, 46671, 45467, 45982, 46151, 45715, 45426, 44474, 43706, 42706, 42671, 41898, 41192, 40640, 40493, 39890, 39364, 38735, 38971, 39377, 38862, 37846, 38041, 37679, 37491, 37537, 37595, 36930, 37433, 37077, 37550, 36525, 36693, 36378, 36372, 36973, 37286, 36730, 36913, 36809, 36580, 36374, 36653, 36879, 37117, 37828, 38106, 38809, 39187",5,eGFP,"0.0, 0.15, 0.3, 0.44999999999999996, 0.6, 0.75, 0.8999999999999999, 1.05, 1.2, 1.3499999999999999, 1.5, 1.65, 1.7999999999999998, 1.95, 2.1, 2.25, 2.4, 2.55, 2.6999999999999997, 2.85, 3.0, 3.15, 3.3, 3.4499999999999997, 3.5999999999999996, 3.75, 3.9, 4.05, 4.2, 4.35, 4.5, 4.6499999999999995, 4.8, 4.95, 5.1, 5.25, 5.3999999999999995, 5.55, 5.7, 5.85, 6.0, 6.1499999999999995, 6.3, 6.45, 6.6, 6.75, 6.8999999999999995, 7.05, 7.199999999999999, 7.35, 7.5, 7.6499999999999995, 7.8, 7.949999999999999, 8.1, 8.25, 8.4, 8.549999999999999, 8.7, 8.85, 9.0, 9.15, 9.299999999999999, 9.45, 9.6, 9.75, 9.9, 10.049999999999999, 10.2, 10.35, 10.5, 10.65, 10.799999999999999, 10.95, 11.1, 11.25, 11.4, 11.549999999999999, 11.7, 11.85, 12.0, 12.15, 12.299999999999999, 12.45, 12.6, 12.75, 12.9, 13.049999999999999, 13.2, 13.35, 13.5, 13.65, 13.799999999999999, 13.95, 14.1, 14.25, 14.399999999999999, 14.549999999999999, 14.7, 14.85, 15.0, 15.149999999999999",2007R_GLUT1_647_WGA_594_0002,2007,R,False,3.5732620320855615,False
"53662, 53093, 56143, 60981, 68063, 78960, 85438, 102370, 154217, 213519, 317720, 395798, 415229, 370883, 335384, 325212, 304506, 300034, 271628, 259037, 246565, 220748, 201548, 182685, 175720, 160895, 154044, 153416, 145861, 144451, 136116, 128117, 113945, 104706, 98667, 97060, 98012, 98375, 99704, 100350, 102914, 108187, 112444, 120814, 127946, 133903, 142305, 147548, 150079, 151107, 152088, 153803, 154795, 156173, 155116, 150832, 146608, 142951, 136593, 137008, 135126, 132788, 130430, 124810, 122279, 117497, 112577, 108148, 102968, 99790, 99094, 100262, 98440, 97262, 94317, 92139, 88680, 86167, 83187, 81707, 78212, 76942, 76488, 76155, 75768, 74102, 72165, 71644, 69821, 68252, 66314, 64988, 63876, 63083, 63267, 62272, 60923, 60159, 58775, 58312, 57161, 56371",5,WGA,"0.0, 0.15, 0.3, 0.44999999999999996, 0.6, 0.75, 0.8999999999999999, 1.05, 1.2, 1.3499999999999999, 1.5, 1.65, 1.7999999999999998, 1.95, 2.1, 2.25, 2.4, 2.55, 2.6999999999999997, 2.85, 3.0, 3.15, 3.3, 3.4499999999999997, 3.5999999999999996, 3.75, 3.9, 4.05, 4.2, 4.35, 4.5, 4.6499999999999995, 4.8, 4.95, 5.1, 5.25, 5.3999999999999995, 5.55, 5.7, 5.85, 6.0, 6.1499999999999995, 6.3, 6.45, 6.6, 6.75, 6.8999999999999995, 7.05, 7.199999999999999, 7.35, 7.5, 7.6499999999999995, 7.8, 7.949999999999999, 8.1, 8.25, 8.4, 8.549999999999999, 8.7, 8.85, 9.0, 9.15, 9.299999999999999, 9.45, 9.6, 9.75, 9.9, 10.049999999999999, 10.2, 10.35, 10.5, 10.65, 10.799999999999999, 10.95, 11.1, 11.25, 11.4, 11.549999999999999, 11.7, 11.85, 12.0, 12.15, 12.299999999999999, 12.45, 12.6, 12.75, 12.9, 13.049999999999999, 13.2, 13.35, 13.5, 13.65, 13.799999999999999, 13.95, 14.1, 14.25, 14.399999999999999, 14.549999999999999, 14.7, 14.85, 15.0, 15.149999999999999",2007R_GLUT1_647_WGA_594_0002,2007,R,False,3.5732620320855615,False
"5521, 5577, 6134, 7276, 8968, 11221, 12258, 15619, 24444, 33009, 46396, 56610, 60858, 60317, 57108, 56309, 54400, 53510, 49714, 47624, 45373, 39700, 35267, 31011, 29816, 26697, 25443, 25094, 23928, 23855, 21940, 20591, 18114, 16829, 15794, 15506, 15670, 15680, 15753, 15943, 15992, 16724, 17117, 18282, 19314, 20477, 22197, 23105, 23397, 23792, 23709, 24214, 24071, 24246, 23899, 23162, 22829, 22283, 21201, 20954, 20442, 19964, 19428, 18544, 18077, 17301, 16743, 16032, 15011, 14372, 14301, 14581, 14493, 14198, 13836, 13260, 12893, 12292, 11852, 11522, 10801, 10792, 10554, 10707, 10470, 10310, 10049, 9859, 9424, 9041, 8863, 8569, 8547, 8327, 8005, 8010, 7813, 7608, 7131, 6940, 7013, 6929",5,GluT1,"0.0, 0.15, 0.3, 0.44999999999999996, 0.6, 0.75, 0.8999999999999999, 1.05, 1.2, 1.3499999999999999, 1.5, 1.65, 1.7999999999999998, 1.95, 2.1, 2.25, 2.4, 2.55, 2.6999999999999997, 2.85, 3.0, 3.15, 3.3, 3.4499999999999997, 3.5999999999999996, 3.75, 3.9, 4.05, 4.2, 4.35, 4.5, 4.6499999999999995, 4.8, 4.95, 5.1, 5.25, 5.3999999999999995, 5.55, 5.7, 5.85, 6.0, 6.1499999999999995, 6.3, 6.45, 6.6, 6.75, 6.8999999999999995, 7.05, 7.199999999999999, 7.35, 7.5, 7.6499999999999995, 7.8, 7.949999999999999, 8.1, 8.25, 8.4, 8.549999999999999, 8.7, 8.85, 9.0, 9.15, 9.299999999999999, 9.45, 9.6, 9.75, 9.9, 10.049999999999999, 10.2, 10.35, 10.5, 10.65, 10.799999999999999, 10.95, 11.1, 11.25, 11.4, 11.549999999999999, 11.7, 11.85, 12.0, 12.15, 12.299999999999999, 12.45, 12.6, 12.75, 12.9, 13.049999999999999, 13.2, 13.35, 13.5, 13.65, 13.799999999999999, 13.95, 14.1, 14.25, 14.399999999999999, 14.549999999999999, 14.7, 14.85, 15.0, 15.149999999999999",2007R_GLUT1_647_WGA_594_0002,2007,R,False,3.5732620320855615,False
"3594, 3634, 3616, 3710, 3694, 3900, 3788, 3884, 4063, 4261, 4470, 4467, 4851, 4742, 4932, 4982, 4824, 4923, 5225, 5250, 5444, 5581, 5583, 5891, 6392, 6843, 7288, 7308, 7964, 8197, 8787, 9500, 11023, 12501, 13364, 13468, 13587, 13959, 13565, 13919, 13105, 12364, 11769, 10058, 9080, 8077, 6797, 6297, 5978, 5619, 5580, 5663, 5286, 5325, 5023, 4921, 5044, 5082, 4814, 4679, 4766, 4765, 4749, 4747, 4707, 4787, 4438, 4630, 4467, 4555, 4677, 4653, 4402, 4688, 4442, 4491, 4314, 4415, 4484, 4320, 4283, 4212, 4202, 4325, 4409, 4261, 4467, 4130, 4231, 4428, 4267, 4494, 4481, 4438, 4194, 4309, 4312, 4333, 4376, 4171, 4405, 4223",6,DAPI,"0.0, 0.15, 0.3, 0.44999999999999996, 0.6, 0.75, 0.8999999999999999, 1.05, 1.2, 1.3499999999999999, 1.5, 1.65, 1.7999999999999998, 1.95, 2.1, 2.25, 2.4, 2.55, 2.6999999999999997, 2.85, 3.0, 3.15, 3.3, 3.4499999999999997, 3.5999999999999996, 3.75, 3.9, 4.05, 4.2, 4.35, 4.5, 4.6499999999999995, 4.8, 4.95, 5.1, 5.25, 5.3999999999999995, 5.55, 5.7, 5.85, 6.0, 6.1499999999999995, 6.3, 6.45, 6.6, 6.75, 6.8999999999999995, 7.05, 7.199999999999999, 7.35, 7.5, 7.6499999999999995, 7.8, 7.949999999999999, 8.1, 8.25, 8.4, 8.549999999999999, 8.7, 8.85, 9.0, 9.15, 9.299999999999999, 9.45, 9.6, 9.75, 9.9, 10.049999999999999, 10.2, 10.35, 10.5, 10.65, 10.799999999999999, 10.95, 11.1, 11.25, 11.4, 11.549999999999999, 11.7, 11.85, 12.0, 12.15, 12.299999999999999, 12.45, 12.6, 12.75, 12.9, 13.049999999999999, 13.2, 13.35, 13.5, 13.65, 13.799999999999999, 13.95, 14.1, 14.25, 14.399999999999999, 14.549999999999999, 14.7, 14.85, 15.0, 15.149999999999999",2007R_GLUT1_647_WGA_594_0002,2007,R,False,3.427007299270073,False
"510, 516, 537, 535, 558, 561, 532, 589, 625, 688, 728, 886, 972, 1118, 1293, 1301, 1432, 1352, 1732, 1729, 2058, 2385, 2360, 2318, 2204, 2188, 2060, 2281, 2223, 2109, 2033, 1961, 1478, 1236, 1088, 1020, 940, 1065, 998, 912, 939, 945, 952, 944, 942, 944, 962, 1120, 1022, 1107, 979, 1054, 1122, 1029, 989, 1005, 957, 1034, 963, 1023, 1031, 982, 984, 1014, 993, 1041, 998, 934, 989, 957, 1042, 954, 966, 1019, 968, 1016, 986, 990, 1004, 996, 1061, 970, 1010, 947, 958, 957, 1063, 1012, 977, 1051, 1048, 999, 1062, 1129, 1176, 1141, 1168, 1224, 1180, 1238, 1131, 1123",6,eGFP,"0.0, 0.15, 0.3, 0.44999999999999996, 0.6, 0.75, 0.8999999999999999, 1.05, 1.2, 1.3499999999999999, 1.5, 1.65, 1.7999999999999998, 1.95, 2.1, 2.25, 2.4, 2.55, 2.6999999999999997, 2.85, 3.0, 3.15, 3.3, 3.4499999999999997, 3.5999999999999996, 3.75, 3.9, 4.05, 4.2, 4.35, 4.5, 4.6499999999999995, 4.8, 4.95, 5.1, 5.25, 5.3999999999999995, 5.55, 5.7, 5.85, 6.0, 6.1499999999999995, 6.3, 6.45, 6.6, 6.75, 6.8999999999999995, 7.05, 7.199999999999999, 7.35, 7.5, 7.6499999999999995, 7.8, 7.949999999999999, 8.1, 8.25, 8.4, 8.549999999999999, 8.7, 8.85, 9.0, 9.15, 9.299999999999999, 9.45, 9.6, 9.75, 9.9, 10.049999999999999, 10.2, 10.35, 10.5, 10.65, 10.799999999999999, 10.95, 11.1, 11.25, 11.4, 11.549999999999999, 11.7, 11.85, 12.0, 12.15, 12.299999999999999, 12.45, 12.6, 12.75, 12.9, 13.049999999999999, 13.2, 13.35, 13.5, 13.65, 13.799999999999999, 13.95, 14.1, 14.25, 14.399999999999999, 14.549999999999999, 14.7, 14.85, 15.0, 15.149999999999999",2007R_GLUT1_647_WGA_594_0002,2007,R,False,3.427007299270073,False
"1536, 1469, 1537, 1657, 1890, 2158, 2256, 2790, 4182, 5698, 8920, 12012, 13250, 12809, 11558, 11300, 10992, 10862, 10665, 10275, 10210, 9433, 8890, 8347, 8248, 8321, 8309, 8274, 8198, 8063, 7759, 7363, 5954, 4898, 3966, 3474, 3260, 3233, 3114, 3109, 3142, 2911, 2881, 2728, 2835, 3069, 3940, 4546, 5004, 5235, 5449, 5550, 5655, 5661, 5631, 5434, 5169, 4633, 3996, 4067, 3906, 3699, 3619, 3379, 3211, 3074, 2915, 2728, 2607, 2550, 2506, 2477, 2485, 2520, 2356, 2360, 2211, 2156, 2013, 1922, 1882, 1797, 1803, 1842, 1772, 1790, 1744, 1739, 1760, 1688, 1651, 1629, 1570, 1575, 1599, 1617, 1563, 1499, 1494, 1515, 1465, 1465",6,WGA,"0.0, 0.15, 0.3, 0.44999999999999996, 0.6, 0.75, 0.8999999999999999, 1.05, 1.2, 1.3499999999999999, 1.5, 1.65, 1.7999999999999998, 1.95, 2.1, 2.25, 2.4, 2.55, 2.6999999999999997, 2.85, 3.0, 3.15, 3.3, 3.4499999999999997, 3.5999999999999996, 3.75, 3.9, 4.05, 4.2, 4.35, 4.5, 4.6499999999999995, 4.8, 4.95, 5.1, 5.25, 5.3999999999999995, 5.55, 5.7, 5.85, 6.0, 6.1499999999999995, 6.3, 6.45, 6.6, 6.75, 6.8999999999999995, 7.05, 7.199999999999999, 7.35, 7.5, 7.6499999999999995, 7.8, 7.949999999999999, 8.1, 8.25, 8.4, 8.549999999999999, 8.7, 8.85, 9.0, 9.15, 9.299999999999999, 9.45, 9.6, 9.75, 9.9, 10.049999999999999, 10.2, 10.35, 10.5, 10.65, 10.799999999999999, 10.95, 11.1, 11.25, 11.4, 11.549999999999999, 11.7, 11.85, 12.0, 12.15, 12.299999999999999, 12.45, 12.6, 12.75, 12.9, 13.049999999999999, 13.2, 13.35, 13.5, 13.65, 13.799999999999999, 13.95, 14.1, 14.25, 14.399999999999999, 14.549999999999999, 14.7, 14.85, 15.0, 15.149999999999999",2007R_GLUT1_647_WGA_594_0002,2007,R,False,3.427007299270073,False
"172, 141, 148, 194, 204, 273, 286, 370, 582, 791, 1182, 1528, 1678, 1772, 1719, 1685, 1735, 1686, 1624, 1615, 1543, 1447, 1354, 1319, 1253, 1286, 1237, 1277, 1236, 1194, 1174, 1070, 962, 830, 755, 686, 726, 692, 683, 701, 728, 710, 663, 631, 657, 683, 703, 774, 779, 787, 828, 811, 822, 817, 784, 717, 702, 616, 541, 527, 543, 544, 493, 481, 505, 430, 428, 400, 367, 368, 324, 378, 370, 367, 346, 317, 305, 278, 263, 254, 236, 229, 233, 246, 224, 253, 249, 244, 225, 192, 216, 233, 188, 212, 175, 204, 196, 178, 210, 192, 203, 202",6,GluT1,"0.0, 0.15, 0.3, 0.44999999999999996, 0.6, 0.75, 0.8999999999999999, 1.05, 1.2, 1.3499999999999999, 1.5, 1.65, 1.7999999999999998, 1.95, 2.1, 2.25, 2.4, 2.55, 2.6999999999999997, 2.85, 3.0, 3.15, 3.3, 3.4499999999999997, 3.5999999999999996, 3.75, 3.9, 4.05, 4.2, 4.35, 4.5, 4.6499999999999995, 4.8, 4.95, 5.1, 5.25, 5.3999999999999995, 5.55, 5.7, 5.85, 6.0, 6.1499999999999995, 6.3, 6.45, 6.6, 6.75, 6.8999999999999995, 7.05, 7.199999999999999, 7.35, 7.5, 7.6499999999999995, 7.8, 7.949999999999999, 8.1, 8.25, 8.4, 8.549999999999999, 8.7, 8.85, 9.0, 9.15, 9.299999999999999, 9.45, 9.6, 9.75, 9.9, 10.049999999999999, 10.2, 10.35, 10.5, 10.65, 10.799999999999999, 10.95, 11.1, 11.25, 11.4, 11.549999999999999, 11.7, 11.85, 12.0, 12.15, 12.299999999999999, 12.45, 12.6, 12.75, 12.9, 13.049999999999999, 13.2, 13.35, 13.5, 13.65, 13.799999999999999, 13.95, 14.1, 14.25, 14.399999999999999, 14.549999999999999, 14.7, 14.85, 15.0, 15.149999999999999",2007R_GLUT1_647_WGA_594_0002,2007,R,False,3.427007299270073,False
"79674, 78406, 79698, 80279, 82249, 83753, 85144, 87509, 91299, 94329, 99120, 103373, 106179, 111092, 115091, 116034, 117732, 118650, 124448, 126911, 131245, 143449, 153807, 170059, 175847, 196530, 206427, 208881, 222628, 225430, 242558, 253372, 276556, 292018, 299402, 302860, 302347, 303076, 298223, 298676, 294397, 279601, 268724, 237226, 211250, 189760, 161156, 147485, 138202, 133793, 130848, 123442, 120354, 114416, 111228, 107175, 106146, 104076, 101798, 100514, 100713, 100880, 99721, 99378, 98211, 98501, 97266, 98021, 95918, 96947, 96439, 96641, 96709, 96584, 95257, 95840, 96189, 96173, 94885, 95520, 95190, 94947, 93829, 94598, 95150, 94059, 94385, 94262, 93358, 93874, 94374, 93916, 93886, 93078, 92411, 92636, 92975, 92131, 92282, 92996, 93219, 93242",7,DAPI,"0.0, 0.15, 0.3, 0.44999999999999996, 0.6, 0.75, 0.8999999999999999, 1.05, 1.2, 1.3499999999999999, 1.5, 1.65, 1.7999999999999998, 1.95, 2.1, 2.25, 2.4, 2.55, 2.6999999999999997, 2.85, 3.0, 3.15, 3.3, 3.4499999999999997, 3.5999999999999996, 3.75, 3.9, 4.05, 4.2, 4.35, 4.5, 4.6499999999999995, 4.8, 4.95, 5.1, 5.25, 5.3999999999999995, 5.55, 5.7, 5.85, 6.0, 6.1499999999999995, 6.3, 6.45, 6.6, 6.75, 6.8999999999999995, 7.05, 7.199999999999999, 7.35, 7.5, 7.6499999999999995, 7.8, 7.949999999999999, 8.1, 8.25, 8.4, 8.549999999999999, 8.7, 8.85, 9.0, 9.15, 9.299999999999999, 9.45, 9.6, 9.75, 9.9, 10.049999999999999, 10.2, 10.35, 10.5, 10.65, 10.799999999999999, 10.95, 11.1, 11.25, 11.4, 11.549999999999999, 11.7, 11.85, 12.0, 12.15, 12.299999999999999, 12.45, 12.6, 12.75, 12.9, 13.049999999999999, 13.2, 13.35, 13.5, 13.65, 13.799999999999999, 13.95, 14.1, 14.25, 14.399999999999999, 14.549999999999999, 14.7, 14.85, 15.0, 15.149999999999999",2007R_GLUT1_647_WGA_594_0002,2007,R,False,3.676573718483887,False
"11395, 11405, 11737, 11686, 12089, 12311, 12330, 12687, 13666, 14699, 16409, 19100, 20982, 24567, 26332, 27046, 29453, 29915, 34865, 37385, 41824, 50955, 56517, 61298, 61522, 61197, 58612, 58531, 54794, 53873, 47760, 43810, 35127, 29963, 26004, 23240, 21517, 22019, 20941, 20396, 20148, 19721, 19466, 19965, 20206, 20583, 21147, 21444, 21571, 21466, 21567, 21391, 21885, 21734, 21368, 21473, 21585, 21318, 21301, 21440, 21247, 21225, 20832, 21128, 20889, 20849, 20631, 20766, 21062, 21161, 21772, 21414, 21567, 21076, 21423, 21765, 21621, 21790, 22185, 22395, 22129, 21820, 21878, 22299, 21833, 21865, 22145, 22034, 22558, 23563, 23911, 24737, 25466, 26001, 26633, 27028, 29114, 30179, 32449, 33983, 37498, 39453",7,eGFP,"0.0, 0.15, 0.3, 0.44999999999999996, 0.6, 0.75, 0.8999999999999999, 1.05, 1.2, 1.3499999999999999, 1.5, 1.65, 1.7999999999999998, 1.95, 2.1, 2.25, 2.4, 2.55, 2.6999999999999997, 2.85, 3.0, 3.15, 3.3, 3.4499999999999997, 3.5999999999999996, 3.75, 3.9, 4.05, 4.2, 4.35, 4.5, 4.6499999999999995, 4.8, 4.95, 5.1, 5.25, 5.3999999999999995, 5.55, 5.7, 5.85, 6.0, 6.1499999999999995, 6.3, 6.45, 6.6, 6.75, 6.8999999999999995, 7.05, 7.199999999999999, 7.35, 7.5, 7.6499999999999995, 7.8, 7.949999999999999, 8.1, 8.25, 8.4, 8.549999999999999, 8.7, 8.85, 9.0, 9.15, 9.299999999999999, 9.45, 9.6, 9.75, 9.9, 10.049999999999999, 10.2, 10.35, 10.5, 10.65, 10.799999999999999, 10.95, 11.1, 11.25, 11.4, 11.549999999999999, 11.7, 11.85, 12.0, 12.15, 12.299999999999999, 12.45, 12.6, 12.75, 12.9, 13.049999999999999, 13.2, 13.35, 13.5, 13.65, 13.799999999999999, 13.95, 14.1, 14.25, 14.399999999999999, 14.549999999999999, 14.7, 14.85, 15.0, 15.149999999999999",2007R_GLUT1_647_WGA_594_0002,2007,R,False,3.676573718483887,False
"31669, 31227, 32907, 35446, 39190, 44965, 48150, 57226, 84908, 117844, 182902, 244654, 272301, 248982, 218509, 210357, 193938, 189180, 172605, 167961, 164360, 159920, 156869, 152026, 149656, 143505, 138508, 137734, 130875, 129404, 119091, 110673, 94007, 83768, 75434, 69510, 67564, 67494, 65941, 66233, 65861, 67187, 69776, 78818, 88224, 97635, 110442, 118477, 124192, 125658, 126773, 127099, 126074, 120788, 116446, 109275, 101473, 92969, 83208, 83249, 80288, 78222, 76517, 71971, 69724, 67017, 63835, 60991, 57186, 55606, 55275, 55865, 54889, 54428, 52708, 51231, 49157, 47766, 45867, 44885, 43008, 42379, 41985, 41694, 41639, 40524, 39829, 39539, 38816, 37678, 36946, 36258, 35823, 35264, 35145, 34772, 34011, 33467, 33344, 32933, 32551, 32191",7,WGA,"0.0, 0.15, 0.3, 0.44999999999999996, 0.6, 0.75, 0.8999999999999999, 1.05, 1.2, 1.3499999999999999, 1.5, 1.65, 1.7999999999999998, 1.95, 2.1, 2.25, 2.4, 2.55, 2.6999999999999997, 2.85, 3.0, 3.15, 3.3, 3.4499999999999997, 3.5999999999999996, 3.75, 3.9, 4.05, 4.2, 4.35, 4.5, 4.6499999999999995, 4.8, 4.95, 5.1, 5.25, 5.3999999999999995, 5.55, 5.7, 5.85, 6.0, 6.1499999999999995, 6.3, 6.45, 6.6, 6.75, 6.8999999999999995, 7.05, 7.199999999999999, 7.35, 7.5, 7.6499999999999995, 7.8, 7.949999999999999, 8.1, 8.25, 8.4, 8.549999999999999, 8.7, 8.85, 9.0, 9.15, 9.299999999999999, 9.45, 9.6, 9.75, 9.9, 10.049999999999999, 10.2, 10.35, 10.5, 10.65, 10.799999999999999, 10.95, 11.1, 11.25, 11.4, 11.549999999999999, 11.7, 11.85, 12.0, 12.15, 12.299999999999999, 12.45, 12.6, 12.75, 12.9, 13.049999999999999, 13.2, 13.35, 13.5, 13.65, 13.799999999999999, 13.95, 14.1, 14.25, 14.399999999999999, 14.549999999999999, 14.7, 14.85, 15.0, 15.149999999999999",2007R_GLUT1_647_WGA_594_0002,2007,R,False,3.676573718483887,False
"3238, 3128, 3536, 4105, 4922, 6063, 6561, 8289, 12994, 17486, 25503, 31595, 34812, 34864, 32746, 32259, 31086, 30702, 28902, 28574, 27801, 26641, 25659, 24582, 23693, 22446, 21583, 21522, 20667, 20190, 18893, 17581, 15304, 14161, 12985, 12539, 12584, 12454, 12677, 12528, 12578, 12912, 13354, 14692, 16100, 16908, 17493, 17766, 17470, 17575, 17249, 16786, 16538, 15566, 14983, 13995, 13004, 11927, 10774, 10898, 10488, 10353, 10131, 9610, 9368, 8889, 8625, 8264, 7712, 7391, 7306, 7587, 7422, 7313, 6893, 6704, 6625, 6105, 5738, 5760, 5407, 5314, 5309, 5438, 5200, 5148, 5146, 5025, 4771, 4644, 4517, 4379, 4325, 4289, 4146, 4220, 4070, 3932, 3744, 3803, 3730, 3717",7,GluT1,"0.0, 0.15, 0.3, 0.44999999999999996, 0.6, 0.75, 0.8999999999999999, 1.05, 1.2, 1.3499999999999999, 1.5, 1.65, 1.7999999999999998, 1.95, 2.1, 2.25, 2.4, 2.55, 2.6999999999999997, 2.85, 3.0, 3.15, 3.3, 3.4499999999999997, 3.5999999999999996, 3.75, 3.9, 4.05, 4.2, 4.35, 4.5, 4.6499999999999995, 4.8, 4.95, 5.1, 5.25, 5.3999999999999995, 5.55, 5.7, 5.85, 6.0, 6.1499999999999995, 6.3, 6.45, 6.6, 6.75, 6.8999999999999995, 7.05, 7.199999999999999, 7.35, 7.5, 7.6499999999999995, 7.8, 7.949999999999999, 8.1, 8.25, 8.4, 8.549999999999999, 8.7, 8.85, 9.0, 9.15, 9.299999999999999, 9.45, 9.6, 9.75, 9.9, 10.049999999999999, 10.2, 10.35, 10.5, 10.65, 10.799999999999999, 10.95, 11.1, 11.25, 11.4, 11.549999999999999, 11.7, 11.85, 12.0, 12.15, 12.299999999999999, 12.45, 12.6, 12.75, 12.9, 13.049999999999999, 13.2, 13.35, 13.5, 13.65, 13.799999999999999, 13.95, 14.1, 14.25, 14.399999999999999, 14.549999999999999, 14.7, 14.85, 15.0, 15.149999999999999",2007R_GLUT1_647_WGA_594_0002,2007,R,False,3.676573718483887,False
"73940, 73788, 75005, 75705, 78251, 80976, 81782, 84200, 89527, 94698, 101805, 107083, 114931, 124749, 130750, 133058, 137949, 140072, 154096, 164369, 174538, 204283, 230584, 259563, 268038, 290915, 300959, 302182, 311930, 312503, 320841, 323862, 330141, 331076, 329308, 327238, 324890, 325925, 323839, 322941, 321205, 314491, 309290, 294856, 275885, 253341, 215219, 188961, 166434, 160132, 147866, 136515, 129621, 116079, 112161, 106173, 102783, 100003, 98854, 97928, 97031, 96224, 96401, 94733, 94827, 93757, 93387, 92143, 92074, 91243, 91162, 91247, 90511, 90968, 90463, 89942, 89519, 90133, 89007, 89413, 89335, 89561, 89704, 89834, 89149, 89813, 89669, 88599, 89501, 90093, 90715, 89994, 90394, 89208, 89767, 90353, 91487, 91432, 91895, 92161, 95557, 97890",8,DAPI,"0.0, 0.15, 0.3, 0.44999999999999996, 0.6, 0.75, 0.8999999999999999, 1.05, 1.2, 1.3499999999999999, 1.5, 1.65, 1.7999999999999998, 1.95, 2.1, 2.25, 2.4, 2.55, 2.6999999999999997, 2.85, 3.0, 3.15, 3.3, 3.4499999999999997, 3.5999999999999996, 3.75, 3.9, 4.05, 4.2, 4.35, 4.5, 4.6499999999999995, 4.8, 4.95, 5.1, 5.25, 5.3999999999999995, 5.55, 5.7, 5.85, 6.0, 6.1499999999999995, 6.3, 6.45, 6.6, 6.75, 6.8999999999999995, 7.05, 7.199999999999999, 7.35, 7.5, 7.6499999999999995, 7.8, 7.949999999999999, 8.1, 8.25, 8.4, 8.549999999999999, 8.7, 8.85, 9.0, 9.15, 9.299999999999999, 9.45, 9.6, 9.75, 9.9, 10.049999999999999, 10.2, 10.35, 10.5, 10.65, 10.799999999999999, 10.95, 11.1, 11.25, 11.4, 11.549999999999999, 11.7, 11.85, 12.0, 12.15, 12.299999999999999, 12.45, 12.6, 12.75, 12.9, 13.049999999999999, 13.2, 13.35, 13.5, 13.65, 13.799999999999999, 13.95, 14.1, 14.25, 14.399999999999999, 14.549999999999999, 14.7, 14.85, 15.0, 15.149999999999999",2007R_GLUT1_647_WGA_594_0002,2007,R,True,39.622616822429904,False
"11864, 12052, 12449, 12720, 13257, 13752, 14073, 14563, 16282, 18193, 20565, 23855, 26202, 31084, 33668, 33743, 36192, 37802, 44025, 49540, 56453, 78542, 102103, 129129, 137678, 160790, 169738, 172969, 184067, 184045, 194568, 202039, 211981, 215307, 218301, 219083, 218466, 217420, 215171, 216279, 212246, 207584, 201656, 191057, 179258, 168649, 146769, 129494, 108957, 102413, 88532, 71314, 61314, 43623, 38056, 33649, 29829, 27610, 25590, 25594, 24720, 24532, 23984, 23342, 22850, 22629, 22140, 22102, 21555, 21716, 21632, 21639, 21639, 21216, 20876, 21243, 20831, 20709, 20794, 20340, 20367, 20531, 20266, 20538, 20656, 20523, 20938, 21297, 22079, 22825, 22756, 22799, 23124, 23451, 23244, 23870, 25380, 26112, 26890, 26773, 25542, 25012",8,eGFP,"0.0, 0.15, 0.3, 0.44999999999999996, 0.6, 0.75, 0.8999999999999999, 1.05, 1.2, 1.3499999999999999, 1.5, 1.65, 1.7999999999999998, 1.95, 2.1, 2.25, 2.4, 2.55, 2.6999999999999997, 2.85, 3.0, 3.15, 3.3, 3.4499999999999997, 3.5999999999999996, 3.75, 3.9, 4.05, 4.2, 4.35, 4.5, 4.6499999999999995, 4.8, 4.95, 5.1, 5.25, 5.3999999999999995, 5.55, 5.7, 5.85, 6.0, 6.1499999999999995, 6.3, 6.45, 6.6, 6.75, 6.8999999999999995, 7.05, 7.199999999999999, 7.35, 7.5, 7.6499999999999995, 7.8, 7.949999999999999, 8.1, 8.25, 8.4, 8.549999999999999, 8.7, 8.85, 9.0, 9.15, 9.299999999999999, 9.45, 9.6, 9.75, 9.9, 10.049999999999999, 10.2, 10.35, 10.5, 10.65, 10.799999999999999, 10.95, 11.1, 11.25, 11.4, 11.549999999999999, 11.7, 11.85, 12.0, 12.15, 12.299999999999999, 12.45, 12.6, 12.75, 12.9, 13.049999999999999, 13.2, 13.35, 13.5, 13.65, 13.799999999999999, 13.95, 14.1, 14.25, 14.399999999999999, 14.549999999999999, 14.7, 14.85, 15.0, 15.149999999999999",2007R_GLUT1_647_WGA_594_0002,2007,R,True,39.622616822429904,False
"28503, 28208, 30115, 32643, 36383, 42620, 46316, 55598, 85065, 120684, 187282, 241830, 260308, 229201, 199539, 192124, 176407, 172126, 155293, 150040, 147026, 141037, 134879, 124276, 119349, 106556, 99905, 99229, 91554, 90640, 82584, 77357, 70438, 65967, 63294, 60699, 59713, 59865, 58891, 58519, 58185, 58207, 58114, 60434, 63809, 68411, 78235, 86723, 95231, 98783, 103422, 109962, 112275, 114445, 112938, 108936, 103575, 96383, 85921, 85999, 82812, 80111, 77529, 73261, 71111, 67556, 63966, 60195, 56019, 54024, 53513, 54144, 53459, 52443, 50442, 49259, 47011, 45844, 43737, 42884, 40768, 40071, 39861, 39363, 39073, 38056, 36892, 36564, 35276, 34509, 33454, 33106, 32252, 32130, 31964, 31612, 31013, 30566, 30037, 29606, 29416, 29205",8,WGA,"0.0, 0.15, 0.3, 0.44999999999999996, 0.6, 0.75, 0.8999999999999999, 1.05, 1.2, 1.3499999999999999, 1.5, 1.65, 1.7999999999999998, 1.95, 2.1, 2.25, 2.4, 2.55, 2.6999999999999997, 2.85, 3.0, 3.15, 3.3, 3.4499999999999997, 3.5999999999999996, 3.75, 3.9, 4.05, 4.2, 4.35, 4.5, 4.6499999999999995, 4.8, 4.95, 5.1, 5.25, 5.3999999999999995, 5.55, 5.7, 5.85, 6.0, 6.1499999999999995, 6.3, 6.45, 6.6, 6.75, 6.8999999999999995, 7.05, 7.199999999999999, 7.35, 7.5, 7.6499999999999995, 7.8, 7.949999999999999, 8.1, 8.25, 8.4, 8.549999999999999, 8.7, 8.85, 9.0, 9.15, 9.299999999999999, 9.45, 9.6, 9.75, 9.9, 10.049999999999999, 10.2, 10.35, 10.5, 10.65, 10.799999999999999, 10.95, 11.1, 11.25, 11.4, 11.549999999999999, 11.7, 11.85, 12.0, 12.15, 12.299999999999999, 12.45, 12.6, 12.75, 12.9, 13.049999999999999, 13.2, 13.35, 13.5, 13.65, 13.799999999999999, 13.95, 14.1, 14.25, 14.399999999999999, 14.549999999999999, 14.7, 14.85, 15.0, 15.149999999999999",2007R_GLUT1_647_WGA_594_0002,2007,R,True,39.622616822429904,False
"3129, 3100, 3385, 3944, 4836, 6041, 6731, 8401, 13279, 18369, 26668, 33269, 36335, 35683, 34092, 33376, 32381, 31998, 30288, 29606, 28761, 27332, 25662, 23343, 22319, 20260, 19020, 18792, 17866, 17649, 16292, 15337, 13950, 13236, 12679, 12091, 12089, 11889, 11675, 11628, 11293, 11053, 11106, 11452, 11669, 12181, 13625, 14502, 15096, 15168, 15752, 15986, 16043, 15419, 14898, 14387, 13382, 12702, 11305, 11282, 10947, 10617, 10367, 9849, 9491, 9033, 8619, 8114, 7271, 7032, 6841, 7041, 7075, 6882, 6620, 6259, 6114, 5829, 5453, 5457, 5256, 5204, 5144, 5144, 5047, 4964, 4788, 4740, 4600, 4390, 4306, 4264, 4248, 4102, 4020, 3979, 3975, 3977, 3802, 3709, 3704, 3729",8,GluT1,"0.0, 0.15, 0.3, 0.44999999999999996, 0.6, 0.75, 0.8999999999999999, 1.05, 1.2, 1.3499999999999999, 1.5, 1.65, 1.7999999999999998, 1.95, 2.1, 2.25, 2.4, 2.55, 2.6999999999999997, 2.85, 3.0, 3.15, 3.3, 3.4499999999999997, 3.5999999999999996, 3.75, 3.9, 4.05, 4.2, 4.35, 4.5, 4.6499999999999995, 4.8, 4.95, 5.1, 5.25, 5.3999999999999995, 5.55, 5.7, 5.85, 6.0, 6.1499999999999995, 6.3, 6.45, 6.6, 6.75, 6.8999999999999995, 7.05, 7.199999999999999, 7.35, 7.5, 7.6499999999999995, 7.8, 7.949999999999999, 8.1, 8.25, 8.4, 8.549999999999999, 8.7, 8.85, 9.0, 9.15, 9.299999999999999, 9.45, 9.6, 9.75, 9.9, 10.049999999999999, 10.2, 10.35, 10.5, 10.65, 10.799999999999999, 10.95, 11.1, 11.25, 11.4, 11.549999999999999, 11.7, 11.85, 12.0, 12.15, 12.299999999999999, 12.45, 12.6, 12.75, 12.9, 13.049999999999999, 13.2, 13.35, 13.5, 13.65, 13.799999999999999, 13.95, 14.1, 14.25, 14.399999999999999, 14.549999999999999, 14.7, 14.85, 15.0, 15.149999999999999",2007R_GLUT1_647_WGA_594_0002,2007,R,True,39.622616822429904,False
"66250, 66915, 67022, 67969, 69688, 70342, 70624, 72866, 76960, 79260, 83019, 87381, 90524, 93403, 94544, 95616, 97214, 97618, 100160, 101198, 102554, 108580, 114150, 122262, 128025, 142369, 150981, 153290, 164697, 168060, 187207, 205139, 241146, 267846, 297341, 318179, 330417, 330219, 337636, 338875, 344400, 346464, 343930, 329789, 308130, 281346, 240881, 214531, 193437, 185141, 170679, 154715, 144440, 123612, 115897, 108438, 103270, 98157, 94460, 94105, 92097, 89810, 89841, 88673, 88218, 86831, 86426, 84763, 83582, 83767, 83796, 84318, 83652, 84575, 82847, 82359, 82194, 83606, 81739, 82454, 81380, 80871, 81422, 81156, 81192, 80836, 80833, 81001, 80642, 81507, 80361, 79744, 79159, 79709, 79635, 79330, 80160, 79897, 78841, 79576, 79347, 78666",9,DAPI,"0.0, 0.15, 0.3, 0.44999999999999996, 0.6, 0.75, 0.8999999999999999, 1.05, 1.2, 1.3499999999999999, 1.5, 1.65, 1.7999999999999998, 1.95, 2.1, 2.25, 2.4, 2.55, 2.6999999999999997, 2.85, 3.0, 3.15, 3.3, 3.4499999999999997, 3.5999999999999996, 3.75, 3.9, 4.05, 4.2, 4.35, 4.5, 4.6499999999999995, 4.8, 4.95, 5.1, 5.25, 5.3999999999999995, 5.55, 5.7, 5.85, 6.0, 6.1499999999999995, 6.3, 6.45, 6.6, 6.75, 6.8999999999999995, 7.05, 7.199999999999999, 7.35, 7.5, 7.6499999999999995, 7.8, 7.949999999999999, 8.1, 8.25, 8.4, 8.549999999999999, 8.7, 8.85, 9.0, 9.15, 9.299999999999999, 9.45, 9.6, 9.75, 9.9, 10.049999999999999, 10.2, 10.35, 10.5, 10.65, 10.799999999999999, 10.95, 11.1, 11.25, 11.4, 11.549999999999999, 11.7, 11.85, 12.0, 12.15, 12.299999999999999, 12.45, 12.6, 12.75, 12.9, 13.049999999999999, 13.2, 13.35, 13.5, 13.65, 13.799999999999999, 13.95, 14.1, 14.25, 14.399999999999999, 14.549999999999999, 14.7, 14.85, 15.0, 15.149999999999999",2007R_GLUT1_647_WGA_594_0002,2007,R,False,4.102024612941643,False
"10203, 10150, 10599, 10650, 11125, 11507, 11617, 12022, 13151, 14732, 17096, 20535, 23783, 30380, 35116, 37161, 40994, 42264, 50184, 54802, 58884, 68353, 77454, 91031, 94102, 99627, 97640, 98895, 91644, 91009, 78724, 69179, 52604, 43166, 34537, 28984, 25957, 26149, 24395, 24064, 22409, 20666, 19592, 18252, 17588, 17634, 17558, 18215, 18129, 18284, 18113, 18845, 19017, 19263, 19314, 19088, 19052, 19084, 18654, 18987, 18723, 18553, 18691, 18243, 18499, 18592, 17808, 18297, 18118, 18365, 18285, 17980, 18095, 17949, 18186, 17979, 17804, 17794, 18001, 18293, 18254, 18218, 18307, 18376, 18446, 18090, 18551, 18906, 19116, 20049, 20078, 20990, 21460, 22512, 22347, 23131, 25597, 25856, 27350, 28371, 28066, 27441",9,eGFP,"0.0, 0.15, 0.3, 0.44999999999999996, 0.6, 0.75, 0.8999999999999999, 1.05, 1.2, 1.3499999999999999, 1.5, 1.65, 1.7999999999999998, 1.95, 2.1, 2.25, 2.4, 2.55, 2.6999999999999997, 2.85, 3.0, 3.15, 3.3, 3.4499999999999997, 3.5999999999999996, 3.75, 3.9, 4.05, 4.2, 4.35, 4.5, 4.6499999999999995, 4.8, 4.95, 5.1, 5.25, 5.3999999999999995, 5.55, 5.7, 5.85, 6.0, 6.1499999999999995, 6.3, 6.45, 6.6, 6.75, 6.8999999999999995, 7.05, 7.199999999999999, 7.35, 7.5, 7.6499999999999995, 7.8, 7.949999999999999, 8.1, 8.25, 8.4, 8.549999999999999, 8.7, 8.85, 9.0, 9.15, 9.299999999999999, 9.45, 9.6, 9.75, 9.9, 10.049999999999999, 10.2, 10.35, 10.5, 10.65, 10.799999999999999, 10.95, 11.1, 11.25, 11.4, 11.549999999999999, 11.7, 11.85, 12.0, 12.15, 12.299999999999999, 12.45, 12.6, 12.75, 12.9, 13.049999999999999, 13.2, 13.35, 13.5, 13.65, 13.799999999999999, 13.95, 14.1, 14.25, 14.399999999999999, 14.549999999999999, 14.7, 14.85, 15.0, 15.149999999999999",2007R_GLUT1_647_WGA_594_0002,2007,R,False,4.102024612941643,False
"27285, 27041, 28884, 31173, 34599, 40004, 43284, 51390, 76648, 106687, 165215, 219641, 245820, 233445, 215000, 209766, 198745, 195708, 181349, 175236, 168041, 152631, 142529, 132785, 130175, 123268, 120603, 120545, 116813, 116140, 111009, 105349, 92564, 81597, 71339, 63704, 60359, 60556, 57571, 57285, 55527, 53898, 53996, 54219, 57209, 61850, 71333, 78289, 85082, 87471, 90628, 96280, 98526, 102764, 101998, 98215, 93445, 87422, 78316, 78346, 75476, 72440, 70068, 65256, 63148, 60113, 57251, 54415, 51147, 49280, 48879, 49453, 49055, 47954, 46165, 45219, 42807, 41336, 39724, 38859, 37228, 36582, 36613, 36139, 35766, 35095, 34278, 33623, 33029, 32184, 31425, 31123, 30498, 29926, 30062, 29573, 29054, 28419, 27883, 27663, 27307, 27044",9,WGA,"0.0, 0.15, 0.3, 0.44999999999999996, 0.6, 0.75, 0.8999999999999999, 1.05, 1.2, 1.3499999999999999, 1.5, 1.65, 1.7999999999999998, 1.95, 2.1, 2.25, 2.4, 2.55, 2.6999999999999997, 2.85, 3.0, 3.15, 3.3, 3.4499999999999997, 3.5999999999999996, 3.75, 3.9, 4.05, 4.2, 4.35, 4.5, 4.6499999999999995, 4.8, 4.95, 5.1, 5.25, 5.3999999999999995, 5.55, 5.7, 5.85, 6.0, 6.1499999999999995, 6.3, 6.45, 6.6, 6.75, 6.8999999999999995, 7.05, 7.199999999999999, 7.35, 7.5, 7.6499999999999995, 7.8, 7.949999999999999, 8.1, 8.25, 8.4, 8.549999999999999, 8.7, 8.85, 9.0, 9.15, 9.299999999999999, 9.45, 9.6, 9.75, 9.9, 10.049999999999999, 10.2, 10.35, 10.5, 10.65, 10.799999999999999, 10.95, 11.1, 11.25, 11.4, 11.549999999999999, 11.7, 11.85, 12.0, 12.15, 12.299999999999999, 12.45, 12.6, 12.75, 12.9, 13.049999999999999, 13.2, 13.35, 13.5, 13.65, 13.799999999999999, 13.95, 14.1, 14.25, 14.399999999999999, 14.549999999999999, 14.7, 14.85, 15.0, 15.149999999999999",2007R_GLUT1_647_WGA_594_0002,2007,R,False,4.102024612941643,False
"2683, 2944, 3207, 3613, 4451, 5519, 5811, 7439, 11528, 15978, 23561, 29484, 33165, 33385, 32299, 31488, 30283, 30125, 27815, 26353, 25135, 22532, 20788, 19330, 18904, 18314, 17924, 17987, 17840, 17689, 17257, 16530, 15427, 14509, 13178, 12123, 11554, 11435, 11038, 10999, 10619, 10094, 10085, 10070, 10303, 10699, 11687, 12286, 12740, 13171, 13559, 13883, 13792, 13766, 13506, 12967, 12234, 11536, 10227, 10254, 9898, 9560, 9376, 8773, 8429, 8130, 7758, 7372, 6870, 6679, 6520, 6724, 6562, 6565, 6341, 6078, 5724, 5424, 5199, 4952, 4561, 4610, 4684, 4592, 4463, 4527, 4363, 4364, 4024, 3861, 3827, 3757, 3792, 3681, 3581, 3558, 3512, 3448, 3264, 3211, 3256, 3174",9,GluT1,"0.0, 0.15, 0.3, 0.44999999999999996, 0.6, 0.75, 0.8999999999999999, 1.05, 1.2, 1.3499999999999999, 1.5, 1.65, 1.7999999999999998, 1.95, 2.1, 2.25, 2.4, 2.55, 2.6999999999999997, 2.85, 3.0, 3.15, 3.3, 3.4499999999999997, 3.5999999999999996, 3.75, 3.9, 4.05, 4.2, 4.35, 4.5, 4.6499999999999995, 4.8, 4.95, 5.1, 5.25, 5.3999999999999995, 5.55, 5.7, 5.85, 6.0, 6.1499999999999995, 6.3, 6.45, 6.6, 6.75, 6.8999999999999995, 7.05, 7.199999999999999, 7.35, 7.5, 7.6499999999999995, 7.8, 7.949999999999999, 8.1, 8.25, 8.4, 8.549999999999999, 8.7, 8.85, 9.0, 9.15, 9.299999999999999, 9.45, 9.6, 9.75, 9.9, 10.049999999999999, 10.2, 10.35, 10.5, 10.65, 10.799999999999999, 10.95, 11.1, 11.25, 11.4, 11.549999999999999, 11.7, 11.85, 12.0, 12.15, 12.299999999999999, 12.45, 12.6, 12.75, 12.9, 13.049999999999999, 13.2, 13.35, 13.5, 13.65, 13.799999999999999, 13.95, 14.1, 14.25, 14.399999999999999, 14.549999999999999, 14.7, 14.85, 15.0, 15.149999999999999",2007R_GLUT1_647_WGA_594_0002,2007,R,False,4.102024612941643,False
"47845, 48417, 49858, 51428, 53564, 55934, 56615, 59424, 65293, 71719, 79871, 89238, 100435, 119342, 132212, 138674, 149460, 150820, 177783, 192649, 207508, 233397, 244765, 253609, 257685, 265346, 267262, 265442, 268326, 268980, 271507, 274035, 263897, 250782, 232446, 214438, 205089, 202898, 192738, 189603, 179308, 163368, 152913, 138451, 126498, 115026, 104722, 99899, 96497, 93895, 91131, 88433, 85252, 78497, 74807, 69516, 65990, 62621, 60847, 60861, 59731, 59338, 58309, 58584, 58171, 57643, 57941, 57341, 56445, 56596, 57084, 56054, 56287, 56805, 56550, 56348, 55294, 55344, 55557, 55203, 54600, 54587, 55734, 55034, 55547, 55284, 54978, 54318, 54886, 54892, 54740, 54666, 54358, 55723, 53463, 54021, 54395, 53406, 54577, 53819, 54027, 53744",10,DAPI,"0.0, 0.15, 0.3, 0.44999999999999996, 0.6, 0.75, 0.8999999999999999, 1.05, 1.2, 1.3499999999999999, 1.5, 1.65, 1.7999999999999998, 1.95, 2.1, 2.25, 2.4, 2.55, 2.6999999999999997, 2.85, 3.0, 3.15, 3.3, 3.4499999999999997, 3.5999999999999996, 3.75, 3.9, 4.05, 4.2, 4.35, 4.5, 4.6499999999999995, 4.8, 4.95, 5.1, 5.25, 5.3999999999999995, 5.55, 5.7, 5.85, 6.0, 6.1499999999999995, 6.3, 6.45, 6.6, 6.75, 6.8999999999999995, 7.05, 7.199999999999999, 7.35, 7.5, 7.6499999999999995, 7.8, 7.949999999999999, 8.1, 8.25, 8.4, 8.549999999999999, 8.7, 8.85, 9.0, 9.15, 9.299999999999999, 9.45, 9.6, 9.75, 9.9, 10.049999999999999, 10.2, 10.35, 10.5, 10.65, 10.799999999999999, 10.95, 11.1, 11.25, 11.4, 11.549999999999999, 11.7, 11.85, 12.0, 12.15, 12.299999999999999, 12.45, 12.6, 12.75, 12.9, 13.049999999999999, 13.2, 13.35, 13.5, 13.65, 13.799999999999999, 13.95, 14.1, 14.25, 14.399999999999999, 14.549999999999999, 14.7, 14.85, 15.0, 15.149999999999999",2007R_GLUT1_647_WGA_594_0002,2007,R,False,5.385964912280702,False
"6192, 6267, 6272, 6416, 6554, 6556, 6777, 6834, 7295, 7879, 8957, 9882, 10749, 11601, 11913, 12165, 12653, 12637, 13895, 14077, 14678, 15053, 14814, 15069, 14931, 14873, 15093, 15099, 15257, 15139, 15474, 15724, 17128, 17420, 18113, 18586, 18856, 18885, 19084, 19068, 18821, 19555, 19095, 18698, 18343, 18574, 18747, 18417, 18204, 17771, 17593, 17640, 17694, 16882, 16162, 15244, 14718, 13885, 13998, 14136, 14483, 14040, 14553, 14259, 14474, 13996, 14456, 14114, 14587, 15021, 14865, 14566, 14649, 14561, 14011, 14106, 13491, 13233, 13020, 12829, 12746, 12614, 12565, 12820, 12426, 12493, 12764, 12699, 13248, 13475, 13751, 14192, 14197, 14725, 14549, 15033, 15867, 16202, 16982, 17876, 17813, 18220",10,eGFP,"0.0, 0.15, 0.3, 0.44999999999999996, 0.6, 0.75, 0.8999999999999999, 1.05, 1.2, 1.3499999999999999, 1.5, 1.65, 1.7999999999999998, 1.95, 2.1, 2.25, 2.4, 2.55, 2.6999999999999997, 2.85, 3.0, 3.15, 3.3, 3.4499999999999997, 3.5999999999999996, 3.75, 3.9, 4.05, 4.2, 4.35, 4.5, 4.6499999999999995, 4.8, 4.95, 5.1, 5.25, 5.3999999999999995, 5.55, 5.7, 5.85, 6.0, 6.1499999999999995, 6.3, 6.45, 6.6, 6.75, 6.8999999999999995, 7.05, 7.199999999999999, 7.35, 7.5, 7.6499999999999995, 7.8, 7.949999999999999, 8.1, 8.25, 8.4, 8.549999999999999, 8.7, 8.85, 9.0, 9.15, 9.299999999999999, 9.45, 9.6, 9.75, 9.9, 10.049999999999999, 10.2, 10.35, 10.5, 10.65, 10.799999999999999, 10.95, 11.1, 11.25, 11.4, 11.549999999999999, 11.7, 11.85, 12.0, 12.15, 12.299999999999999, 12.45, 12.6, 12.75, 12.9, 13.049999999999999, 13.2, 13.35, 13.5, 13.65, 13.799999999999999, 13.95, 14.1, 14.25, 14.399999999999999, 14.549999999999999, 14.7, 14.85, 15.0, 15.149999999999999",2007R_GLUT1_647_WGA_594_0002,2007,R,False,5.385964912280702,False
"18193, 18950, 20338, 22256, 25572, 29538, 32223, 39181, 61606, 87731, 131070, 169392, 183238, 171218, 161321, 158446, 151556, 151042, 141497, 136895, 132031, 120210, 111285, 100238, 96060, 85675, 83240, 82992, 79341, 78344, 74561, 72184, 71079, 72812, 75375, 77044, 77442, 77831, 77361, 77818, 77617, 76475, 75611, 74050, 70759, 66876, 62382, 60059, 58289, 58463, 57557, 57102, 56846, 57140, 57715, 58325, 58714, 58457, 54389, 54391, 52305, 50881, 48985, 45757, 44495, 42918, 40409, 38268, 35591, 34335, 34019, 34379, 33754, 33160, 32208, 31421, 30020, 29010, 28198, 27241, 26023, 25631, 25413, 24972, 25124, 24268, 23594, 23486, 22922, 22264, 21829, 21238, 20896, 20489, 20699, 20411, 19703, 19454, 19171, 18725, 18453, 18006",10,WGA,"0.0, 0.15, 0.3, 0.44999999999999996, 0.6, 0.75, 0.8999999999999999, 1.05, 1.2, 1.3499999999999999, 1.5, 1.65, 1.7999999999999998, 1.95, 2.1, 2.25, 2.4, 2.55, 2.6999999999999997, 2.85, 3.0, 3.15, 3.3, 3.4499999999999997, 3.5999999999999996, 3.75, 3.9, 4.05, 4.2, 4.35, 4.5, 4.6499999999999995, 4.8, 4.95, 5.1, 5.25, 5.3999999999999995, 5.55, 5.7, 5.85, 6.0, 6.1499999999999995, 6.3, 6.45, 6.6, 6.75, 6.8999999999999995, 7.05, 7.199999999999999, 7.35, 7.5, 7.6499999999999995, 7.8, 7.949999999999999, 8.1, 8.25, 8.4, 8.549999999999999, 8.7, 8.85, 9.0, 9.15, 9.299999999999999, 9.45, 9.6, 9.75, 9.9, 10.049999999999999, 10.2, 10.35, 10.5, 10.65, 10.799999999999999, 10.95, 11.1, 11.25, 11.4, 11.549999999999999, 11.7, 11.85, 12.0, 12.15, 12.299999999999999, 12.45, 12.6, 12.75, 12.9, 13.049999999999999, 13.2, 13.35, 13.5, 13.65, 13.799999999999999, 13.95, 14.1, 14.25, 14.399999999999999, 14.549999999999999, 14.7, 14.85, 15.0, 15.149999999999999",2007R_GLUT1_647_WGA_594_0002,2007,R,False,5.385964912280702,False
"1744, 1955, 2217, 2541, 3306, 4048, 4433, 5636, 9010, 12584, 17791, 21994, 23744, 23865, 23205, 23090, 22596, 22835, 22393, 22236, 21718, 20404, 18288, 16149, 15274, 13281, 12517, 12629, 12042, 11641, 11009, 10554, 10505, 10690, 11234, 11614, 11699, 11710, 11937, 11984, 11931, 12181, 12145, 11743, 11439, 10863, 10104, 9688, 9344, 9335, 9365, 9076, 9135, 8851, 8536, 8376, 8120, 7699, 7046, 7010, 6688, 6631, 6407, 6066, 5802, 5673, 5326, 4928, 4712, 4499, 4547, 4611, 4525, 4390, 4232, 4044, 3933, 3773, 3607, 3392, 3364, 3228, 3253, 3106, 3169, 3052, 3091, 2984, 2968, 2824, 2735, 2712, 2643, 2607, 2585, 2556, 2527, 2459, 2375, 2370, 2400, 2322",10,GluT1,"0.0, 0.15, 0.3, 0.44999999999999996, 0.6, 0.75, 0.8999999999999999, 1.05, 1.2, 1.3499999999999999, 1.5, 1.65, 1.7999999999999998, 1.95, 2.1, 2.25, 2.4, 2.55, 2.6999999999999997, 2.85, 3.0, 3.15, 3.3, 3.4499999999999997, 3.5999999999999996, 3.75, 3.9, 4.05, 4.2, 4.35, 4.5, 4.6499999999999995, 4.8, 4.95, 5.1, 5.25, 5.3999999999999995, 5.55, 5.7, 5.85, 6.0, 6.1499999999999995, 6.3, 6.45, 6.6, 6.75, 6.8999999999999995, 7.05, 7.199999999999999, 7.35, 7.5, 7.6499999999999995, 7.8, 7.949999999999999, 8.1, 8.25, 8.4, 8.549999999999999, 8.7, 8.85, 9.0, 9.15, 9.299999999999999, 9.45, 9.6, 9.75, 9.9, 10.049999999999999, 10.2, 10.35, 10.5, 10.65, 10.799999999999999, 10.95, 11.1, 11.25, 11.4, 11.549999999999999, 11.7, 11.85, 12.0, 12.15, 12.299999999999999, 12.45, 12.6, 12.75, 12.9, 13.049999999999999, 13.2, 13.35, 13.5, 13.65, 13.799999999999999, 13.95, 14.1, 14.25, 14.399999999999999, 14.549999999999999, 14.7, 14.85, 15.0, 15.149999999999999",2007R_GLUT1_647_WGA_594_0002,2007,R,False,5.385964912280702,False
"15749, 15450, 15885, 16011, 16577, 16621, 16792, 16935, 17730, 18400, 19209, 19969, 20546, 21901, 22205, 22326, 22697, 23165, 23895, 24960, 25357, 27140, 28692, 32148, 33561, 37931, 40286, 41634, 44624, 45087, 49856, 53740, 61754, 67506, 74306, 78473, 80913, 82238, 82329, 83069, 82039, 81574, 82414, 78897, 74093, 71228, 64431, 61161, 58791, 56789, 54561, 50876, 49869, 45463, 43545, 38768, 35371, 30791, 26088, 26302, 25902, 24618, 24557, 22906, 22386, 22098, 21381, 21104, 20488, 20469, 20292, 20253, 20080, 20585, 19903, 19736, 19745, 19674, 19407, 19261, 19115, 19271, 19432, 19218, 19474, 19060, 18849, 18605, 18815, 18442, 18937, 18892, 18830, 18968, 18633, 18344, 18434, 18702, 18837, 18552, 18505, 18306",11,DAPI,"0.0, 0.15, 0.3, 0.44999999999999996, 0.6, 0.75, 0.8999999999999999, 1.05, 1.2, 1.3499999999999999, 1.5, 1.65, 1.7999999999999998, 1.95, 2.1, 2.25, 2.4, 2.55, 2.6999999999999997, 2.85, 3.0, 3.15, 3.3, 3.4499999999999997, 3.5999999999999996, 3.75, 3.9, 4.05, 4.2, 4.35, 4.5, 4.6499999999999995, 4.8, 4.95, 5.1, 5.25, 5.3999999999999995, 5.55, 5.7, 5.85, 6.0, 6.1499999999999995, 6.3, 6.45, 6.6, 6.75, 6.8999999999999995, 7.05, 7.199999999999999, 7.35, 7.5, 7.6499999999999995, 7.8, 7.949999999999999, 8.1, 8.25, 8.4, 8.549999999999999, 8.7, 8.85, 9.0, 9.15, 9.299999999999999, 9.45, 9.6, 9.75, 9.9, 10.049999999999999, 10.2, 10.35, 10.5, 10.65, 10.799999999999999, 10.95, 11.1, 11.25, 11.4, 11.549999999999999, 11.7, 11.85, 12.0, 12.15, 12.299999999999999, 12.45, 12.6, 12.75, 12.9, 13.049999999999999, 13.2, 13.35, 13.5, 13.65, 13.799999999999999, 13.95, 14.1, 14.25, 14.399999999999999, 14.549999999999999, 14.7, 14.85, 15.0, 15.149999999999999",2007R_GLUT1_647_WGA_594_0002,2007,R,False,3.0175292153589317,False
"2181, 2272, 2217, 2198, 2242, 2313, 2283, 2359, 2437, 2684, 2988, 3203, 3655, 4065, 4244, 4115, 4226, 4285, 4540, 4430, 4768, 4953, 5053, 5060, 5187, 4819, 4748, 4733, 4463, 4485, 4340, 4074, 3819, 3643, 3807, 3664, 3592, 3656, 3562, 3615, 3567, 3471, 3417, 3487, 3411, 3497, 3527, 3466, 3637, 3734, 3601, 3715, 3811, 3799, 3697, 3987, 3928, 4055, 4189, 4292, 4386, 4541, 4322, 4607, 4592, 4381, 4326, 4436, 4504, 4566, 4594, 4508, 4655, 4492, 4760, 4690, 4707, 4751, 4479, 4590, 4483, 4557, 4529, 4618, 4558, 4549, 4653, 4649, 5018, 5036, 5008, 5003, 5025, 4928, 4876, 4788, 4857, 4879, 5011, 5339, 5558, 5669",11,eGFP,"0.0, 0.15, 0.3, 0.44999999999999996, 0.6, 0.75, 0.8999999999999999, 1.05, 1.2, 1.3499999999999999, 1.5, 1.65, 1.7999999999999998, 1.95, 2.1, 2.25, 2.4, 2.55, 2.6999999999999997, 2.85, 3.0, 3.15, 3.3, 3.4499999999999997, 3.5999999999999996, 3.75, 3.9, 4.05, 4.2, 4.35, 4.5, 4.6499999999999995, 4.8, 4.95, 5.1, 5.25, 5.3999999999999995, 5.55, 5.7, 5.85, 6.0, 6.1499999999999995, 6.3, 6.45, 6.6, 6.75, 6.8999999999999995, 7.05, 7.199999999999999, 7.35, 7.5, 7.6499999999999995, 7.8, 7.949999999999999, 8.1, 8.25, 8.4, 8.549999999999999, 8.7, 8.85, 9.0, 9.15, 9.299999999999999, 9.45, 9.6, 9.75, 9.9, 10.049999999999999, 10.2, 10.35, 10.5, 10.65, 10.799999999999999, 10.95, 11.1, 11.25, 11.4, 11.549999999999999, 11.7, 11.85, 12.0, 12.15, 12.299999999999999, 12.45, 12.6, 12.75, 12.9, 13.049999999999999, 13.2, 13.35, 13.5, 13.65, 13.799999999999999, 13.95, 14.1, 14.25, 14.399999999999999, 14.549999999999999, 14.7, 14.85, 15.0, 15.149999999999999",2007R_GLUT1_647_WGA_594_0002,2007,R,False,3.0175292153589317,False
"6052, 6004, 6230, 6681, 7308, 8279, 8922, 10426, 15088, 20932, 32893, 44134, 49434, 44186, 36711, 34894, 30304, 29151, 24263, 22229, 21063, 19693, 19583, 19746, 19845, 20195, 19886, 19797, 19796, 19658, 19274, 18509, 17239, 15950, 14730, 13724, 13220, 13148, 12783, 13172, 12824, 12291, 12005, 11752, 11842, 12248, 13603, 14779, 15486, 15952, 16623, 17504, 17917, 18222, 18475, 18377, 18741, 18410, 17323, 17167, 16713, 16364, 16067, 15162, 14990, 14239, 13631, 12622, 11845, 11372, 11389, 11479, 11316, 10993, 10784, 10508, 9973, 9627, 9216, 8979, 8600, 8546, 8612, 8537, 8497, 8361, 8079, 7873, 7702, 7627, 7389, 7315, 7144, 7063, 6977, 6915, 6720, 6695, 6517, 6643, 6464, 6400",11,WGA,"0.0, 0.15, 0.3, 0.44999999999999996, 0.6, 0.75, 0.8999999999999999, 1.05, 1.2, 1.3499999999999999, 1.5, 1.65, 1.7999999999999998, 1.95, 2.1, 2.25, 2.4, 2.55, 2.6999999999999997, 2.85, 3.0, 3.15, 3.3, 3.4499999999999997, 3.5999999999999996, 3.75, 3.9, 4.05, 4.2, 4.35, 4.5, 4.6499999999999995, 4.8, 4.95, 5.1, 5.25, 5.3999999999999995, 5.55, 5.7, 5.85, 6.0, 6.1499999999999995, 6.3, 6.45, 6.6, 6.75, 6.8999999999999995, 7.05, 7.199999999999999, 7.35, 7.5, 7.6499999999999995, 7.8, 7.949999999999999, 8.1, 8.25, 8.4, 8.549999999999999, 8.7, 8.85, 9.0, 9.15, 9.299999999999999, 9.45, 9.6, 9.75, 9.9, 10.049999999999999, 10.2, 10.35, 10.5, 10.65, 10.799999999999999, 10.95, 11.1, 11.25, 11.4, 11.549999999999999, 11.7, 11.85, 12.0, 12.15, 12.299999999999999, 12.45, 12.6, 12.75, 12.9, 13.049999999999999, 13.2, 13.35, 13.5, 13.65, 13.799999999999999, 13.95, 14.1, 14.25, 14.399999999999999, 14.549999999999999, 14.7, 14.85, 15.0, 15.149999999999999",2007R_GLUT1_647_WGA_594_0002,2007,R,False,3.0175292153589317,False
"568, 602, 663, 719, 805, 1034, 1147, 1438, 2123, 2934, 4252, 5424, 5888, 5745, 5328, 5226, 4693, 4784, 4198, 4053, 3816, 3543, 3542, 3331, 3255, 3145, 3147, 3067, 3094, 3132, 3110, 2964, 2679, 2646, 2377, 2303, 2221, 2177, 2260, 2184, 2155, 2024, 2014, 2046, 2035, 2109, 2171, 2249, 2340, 2364, 2464, 2550, 2471, 2587, 2609, 2576, 2511, 2418, 2142, 2206, 2073, 2042, 1993, 1852, 1857, 1753, 1662, 1560, 1493, 1366, 1395, 1409, 1432, 1428, 1331, 1292, 1242, 1184, 1108, 1056, 974, 1015, 1071, 1059, 1039, 983, 1008, 1031, 906, 881, 839, 851, 848, 822, 835, 820, 773, 777, 798, 763, 778, 761",11,GluT1,"0.0, 0.15, 0.3, 0.44999999999999996, 0.6, 0.75, 0.8999999999999999, 1.05, 1.2, 1.3499999999999999, 1.5, 1.65, 1.7999999999999998, 1.95, 2.1, 2.25, 2.4, 2.55, 2.6999999999999997, 2.85, 3.0, 3.15, 3.3, 3.4499999999999997, 3.5999999999999996, 3.75, 3.9, 4.05, 4.2, 4.35, 4.5, 4.6499999999999995, 4.8, 4.95, 5.1, 5.25, 5.3999999999999995, 5.55, 5.7, 5.85, 6.0, 6.1499999999999995, 6.3, 6.45, 6.6, 6.75, 6.8999999999999995, 7.05, 7.199999999999999, 7.35, 7.5, 7.6499999999999995, 7.8, 7.949999999999999, 8.1, 8.25, 8.4, 8.549999999999999, 8.7, 8.85, 9.0, 9.15, 9.299999999999999, 9.45, 9.6, 9.75, 9.9, 10.049999999999999, 10.2, 10.35, 10.5, 10.65, 10.799999999999999, 10.95, 11.1, 11.25, 11.4, 11.549999999999999, 11.7, 11.85, 12.0, 12.15, 12.299999999999999, 12.45, 12.6, 12.75, 12.9, 13.049999999999999, 13.2, 13.35, 13.5, 13.65, 13.799999999999999, 13.95, 14.1, 14.25, 14.399999999999999, 14.549999999999999, 14.7, 14.85, 15.0, 15.149999999999999",2007R_GLUT1_647_WGA_594_0002,2007,R,False,3.0175292153589317,False
"51718, 52477, 53430, 53692, 54349, 56110, 56544, 58844, 63193, 65674, 71314, 76053, 79043, 85643, 89360, 90128, 93888, 94399, 102806, 107959, 114113, 130795, 142176, 153256, 158109, 166033, 170074, 171468, 174793, 174961, 183089, 188881, 198825, 209245, 215701, 220374, 221447, 221132, 220808, 220026, 218698, 214055, 210574, 198913, 192532, 189522, 185196, 183934, 180552, 178175, 173455, 167278, 161922, 144781, 132893, 115625, 100178, 89030, 80106, 80023, 77905, 77577, 76082, 74039, 72059, 71985, 69379, 69446, 69003, 67886, 68315, 67902, 68139, 67392, 66980, 66481, 66183, 66449, 66097, 65285, 65106, 65120, 65314, 64932, 64922, 64741, 64652, 64607, 63965, 64409, 63936, 62833, 63634, 63662, 64281, 63478, 63662, 63827, 64255, 63113, 63146, 63394",13,DAPI,"0.0, 0.15, 0.3, 0.44999999999999996, 0.6, 0.75, 0.8999999999999999, 1.05, 1.2, 1.3499999999999999, 1.5, 1.65, 1.7999999999999998, 1.95, 2.1, 2.25, 2.4, 2.55, 2.6999999999999997, 2.85, 3.0, 3.15, 3.3, 3.4499999999999997, 3.5999999999999996, 3.75, 3.9, 4.05, 4.2, 4.35, 4.5, 4.6499999999999995, 4.8, 4.95, 5.1, 5.25, 5.3999999999999995, 5.55, 5.7, 5.85, 6.0, 6.1499999999999995, 6.3, 6.45, 6.6, 6.75, 6.8999999999999995, 7.05, 7.199999999999999, 7.35, 7.5, 7.6499999999999995, 7.8, 7.949999999999999, 8.1, 8.25, 8.4, 8.549999999999999, 8.7, 8.85, 9.0, 9.15, 9.299999999999999, 9.45, 9.6, 9.75, 9.9, 10.049999999999999, 10.2, 10.35, 10.5, 10.65, 10.799999999999999, 10.95, 11.1, 11.25, 11.4, 11.549999999999999, 11.7, 11.85, 12.0, 12.15, 12.299999999999999, 12.45, 12.6, 12.75, 12.9, 13.049999999999999, 13.2, 13.35, 13.5, 13.65, 13.799999999999999, 13.95, 14.1, 14.25, 14.399999999999999, 14.549999999999999, 14.7, 14.85, 15.0, 15.149999999999999",2007R_GLUT1_647_WGA_594_0002,2007,R,False,6.4720139930034986,False
"7416, 7603, 7648, 7791, 7860, 7997, 8128, 8279, 8939, 9586, 10426, 11764, 12684, 14264, 14466, 14495, 15175, 15274, 16315, 16949, 17807, 20273, 22748, 25791, 26752, 29602, 30486, 30668, 31668, 31924, 33135, 33582, 31058, 28187, 26395, 26340, 25865, 25901, 25416, 25292, 23703, 21035, 18515, 15326, 14371, 13763, 13478, 13505, 13294, 13518, 13481, 13618, 13815, 13908, 14096, 13909, 13877, 13858, 14074, 14084, 14001, 13666, 13939, 13932, 13545, 13366, 13542, 13320, 13365, 13385, 13414, 13047, 13298, 12993, 13184, 13150, 13208, 12997, 13331, 13266, 13421, 13400, 13220, 13384, 12992, 13272, 13047, 13091, 13352, 13560, 13428, 13608, 13666, 13963, 13711, 13883, 14227, 14338, 14204, 14408, 14298, 13772",13,eGFP,"0.0, 0.15, 0.3, 0.44999999999999996, 0.6, 0.75, 0.8999999999999999, 1.05, 1.2, 1.3499999999999999, 1.5, 1.65, 1.7999999999999998, 1.95, 2.1, 2.25, 2.4, 2.55, 2.6999999999999997, 2.85, 3.0, 3.15, 3.3, 3.4499999999999997, 3.5999999999999996, 3.75, 3.9, 4.05, 4.2, 4.35, 4.5, 4.6499999999999995, 4.8, 4.95, 5.1, 5.25, 5.3999999999999995, 5.55, 5.7, 5.85, 6.0, 6.1499999999999995, 6.3, 6.45, 6.6, 6.75, 6.8999999999999995, 7.05, 7.199999999999999, 7.35, 7.5, 7.6499999999999995, 7.8, 7.949999999999999, 8.1, 8.25, 8.4, 8.549999999999999, 8.7, 8.85, 9.0, 9.15, 9.299999999999999, 9.45, 9.6, 9.75, 9.9, 10.049999999999999, 10.2, 10.35, 10.5, 10.65, 10.799999999999999, 10.95, 11.1, 11.25, 11.4, 11.549999999999999, 11.7, 11.85, 12.0, 12.15, 12.299999999999999, 12.45, 12.6, 12.75, 12.9, 13.049999999999999, 13.2, 13.35, 13.5, 13.65, 13.799999999999999, 13.95, 14.1, 14.25, 14.399999999999999, 14.549999999999999, 14.7, 14.85, 15.0, 15.149999999999999",2007R_GLUT1_647_WGA_594_0002,2007,R,False,6.4720139930034986,False
"19616, 20083, 21106, 22784, 25440, 29290, 31546, 37836, 56171, 77616, 114693, 140104, 141825, 115720, 99827, 95494, 85734, 83543, 74168, 71744, 69916, 68195, 66890, 64199, 63280, 61061, 60558, 60162, 59183, 59236, 58174, 56386, 53808, 51915, 49494, 47582, 46451, 46465, 45267, 45494, 43960, 41976, 40907, 38728, 37810, 37208, 36732, 36551, 37036, 37393, 38004, 39431, 40915, 46279, 50142, 55711, 60060, 63535, 63507, 63842, 63303, 61679, 60684, 58028, 56186, 53979, 50675, 47977, 44784, 43446, 43049, 43351, 42945, 41680, 40525, 39564, 37903, 36875, 35552, 34710, 33157, 32388, 32295, 31859, 31874, 30955, 29686, 29238, 28099, 27363, 26541, 25823, 25507, 24931, 25144, 24701, 23925, 23494, 23109, 22735, 22226, 21792",13,WGA,"0.0, 0.15, 0.3, 0.44999999999999996, 0.6, 0.75, 0.8999999999999999, 1.05, 1.2, 1.3499999999999999, 1.5, 1.65, 1.7999999999999998, 1.95, 2.1, 2.25, 2.4, 2.55, 2.6999999999999997, 2.85, 3.0, 3.15, 3.3, 3.4499999999999997, 3.5999999999999996, 3.75, 3.9, 4.05, 4.2, 4.35, 4.5, 4.6499999999999995, 4.8, 4.95, 5.1, 5.25, 5.3999999999999995, 5.55, 5.7, 5.85, 6.0, 6.1499999999999995, 6.3, 6.45, 6.6, 6.75, 6.8999999999999995, 7.05, 7.199999999999999, 7.35, 7.5, 7.6499999999999995, 7.8, 7.949999999999999, 8.1, 8.25, 8.4, 8.549999999999999, 8.7, 8.85, 9.0, 9.15, 9.299999999999999, 9.45, 9.6, 9.75, 9.9, 10.049999999999999, 10.2, 10.35, 10.5, 10.65, 10.799999999999999, 10.95, 11.1, 11.25, 11.4, 11.549999999999999, 11.7, 11.85, 12.0, 12.15, 12.299999999999999, 12.45, 12.6, 12.75, 12.9, 13.049999999999999, 13.2, 13.35, 13.5, 13.65, 13.799999999999999, 13.95, 14.1, 14.25, 14.399999999999999, 14.549999999999999, 14.7, 14.85, 15.0, 15.149999999999999",2007R_GLUT1_647_WGA_594_0002,2007,R,False,6.4720139930034986,False
"1970, 2072, 2375, 2757, 3434, 4230, 4595, 6009, 9155, 12727, 17618, 21293, 22363, 21233, 20395, 19723, 18898, 18804, 17743, 17370, 16992, 16405, 15421, 14272, 13959, 12755, 12519, 12619, 12193, 12081, 11385, 11156, 10381, 9977, 9450, 9103, 8921, 8866, 8731, 8806, 8618, 8531, 8364, 8553, 8313, 8185, 8205, 8002, 7819, 7999, 8034, 8291, 8460, 8682, 8928, 9173, 9320, 9402, 9131, 9054, 8902, 8818, 8514, 7993, 8070, 7618, 7286, 6992, 6390, 6145, 6242, 6226, 6185, 6092, 5896, 5707, 5514, 5258, 5031, 4866, 4629, 4515, 4597, 4414, 4432, 4375, 4125, 3995, 3761, 3658, 3486, 3332, 3329, 3278, 3178, 3147, 3048, 2966, 2785, 2743, 2761, 2626",13,GluT1,"0.0, 0.15, 0.3, 0.44999999999999996, 0.6, 0.75, 0.8999999999999999, 1.05, 1.2, 1.3499999999999999, 1.5, 1.65, 1.7999999999999998, 1.95, 2.1, 2.25, 2.4, 2.55, 2.6999999999999997, 2.85, 3.0, 3.15, 3.3, 3.4499999999999997, 3.5999999999999996, 3.75, 3.9, 4.05, 4.2, 4.35, 4.5, 4.6499999999999995, 4.8, 4.95, 5.1, 5.25, 5.3999999999999995, 5.55, 5.7, 5.85, 6.0, 6.1499999999999995, 6.3, 6.45, 6.6, 6.75, 6.8999999999999995, 7.05, 7.199999999999999, 7.35, 7.5, 7.6499999999999995, 7.8, 7.949999999999999, 8.1, 8.25, 8.4, 8.549999999999999, 8.7, 8.85, 9.0, 9.15, 9.299999999999999, 9.45, 9.6, 9.75, 9.9, 10.049999999999999, 10.2, 10.35, 10.5, 10.65, 10.799999999999999, 10.95, 11.1, 11.25, 11.4, 11.549999999999999, 11.7, 11.85, 12.0, 12.15, 12.299999999999999, 12.45, 12.6, 12.75, 12.9, 13.049999999999999, 13.2, 13.35, 13.5, 13.65, 13.799999999999999, 13.95, 14.1, 14.25, 14.399999999999999, 14.549999999999999, 14.7, 14.85, 15.0, 15.149999999999999",2007R_GLUT1_647_WGA_594_0002,2007,R,False,6.4720139930034986,False
"55134, 55697, 56970, 57435, 59985, 61811, 62481, 65895, 71849, 77226, 86056, 94833, 104344, 120488, 129333, 133723, 143485, 142475, 158274, 165154, 172727, 188590, 202428, 214525, 219971, 234499, 239877, 240057, 248782, 251721, 260888, 268667, 279065, 282637, 284596, 281832, 284150, 280561, 280839, 277281, 274271, 262453, 252120, 220674, 190930, 164871, 129498, 112588, 102176, 100632, 94955, 88588, 85901, 80035, 77139, 74957, 72934, 72441, 69915, 69714, 68391, 68968, 68573, 67630, 67422, 67418, 67623, 66763, 66650, 66349, 66124, 65453, 66689, 65896, 65600, 65193, 65115, 65227, 65070, 64899, 65141, 65138, 64980, 64717, 64177, 63970, 64058, 64177, 63924, 64231, 63791, 63625, 63861, 63938, 63950, 63509, 63964, 63767, 63924, 63189, 63319, 62830",14,DAPI,"0.0, 0.15, 0.3, 0.44999999999999996, 0.6, 0.75, 0.8999999999999999, 1.05, 1.2, 1.3499999999999999, 1.5, 1.65, 1.7999999999999998, 1.95, 2.1, 2.25, 2.4, 2.55, 2.6999999999999997, 2.85, 3.0, 3.15, 3.3, 3.4499999999999997, 3.5999999999999996, 3.75, 3.9, 4.05, 4.2, 4.35, 4.5, 4.6499999999999995, 4.8, 4.95, 5.1, 5.25, 5.3999999999999995, 5.55, 5.7, 5.85, 6.0, 6.1499999999999995, 6.3, 6.45, 6.6, 6.75, 6.8999999999999995, 7.05, 7.199999999999999, 7.35, 7.5, 7.6499999999999995, 7.8, 7.949999999999999, 8.1, 8.25, 8.4, 8.549999999999999, 8.7, 8.85, 9.0, 9.15, 9.299999999999999, 9.45, 9.6, 9.75, 9.9, 10.049999999999999, 10.2, 10.35, 10.5, 10.65, 10.799999999999999, 10.95, 11.1, 11.25, 11.4, 11.549999999999999, 11.7, 11.85, 12.0, 12.15, 12.299999999999999, 12.45, 12.6, 12.75, 12.9, 13.049999999999999, 13.2, 13.35, 13.5, 13.65, 13.799999999999999, 13.95, 14.1, 14.25, 14.399999999999999, 14.549999999999999, 14.7, 14.85, 15.0, 15.149999999999999",2007R_GLUT1_647_WGA_594_0002,2007,R,False,4.038925843803892,False
"7508, 7733, 7738, 7833, 7914, 8053, 8188, 8302, 8832, 9508, 10546, 11711, 12601, 13262, 13728, 14003, 14092, 14109, 14460, 15154, 15612, 16870, 17659, 19126, 19366, 19001, 19328, 19164, 18999, 18820, 17930, 17758, 17138, 16880, 16823, 16342, 16394, 16211, 16318, 16332, 15927, 16297, 16890, 17619, 19062, 19574, 19932, 19556, 18999, 18470, 17892, 17111, 16833, 15544, 15008, 14516, 14219, 14341, 14390, 14088, 14213, 14137, 13859, 13757, 14031, 13757, 13994, 14077, 14229, 13977, 13898, 13831, 13844, 13924, 13905, 13962, 13367, 13998, 14232, 14239, 14851, 14875, 14868, 15480, 14950, 15363, 16030, 16383, 16960, 17026, 17166, 16942, 17416, 17696, 17357, 18111, 19697, 20442, 21879, 22276, 21018, 20120",14,eGFP,"0.0, 0.15, 0.3, 0.44999999999999996, 0.6, 0.75, 0.8999999999999999, 1.05, 1.2, 1.3499999999999999, 1.5, 1.65, 1.7999999999999998, 1.95, 2.1, 2.25, 2.4, 2.55, 2.6999999999999997, 2.85, 3.0, 3.15, 3.3, 3.4499999999999997, 3.5999999999999996, 3.75, 3.9, 4.05, 4.2, 4.35, 4.5, 4.6499999999999995, 4.8, 4.95, 5.1, 5.25, 5.3999999999999995, 5.55, 5.7, 5.85, 6.0, 6.1499999999999995, 6.3, 6.45, 6.6, 6.75, 6.8999999999999995, 7.05, 7.199999999999999, 7.35, 7.5, 7.6499999999999995, 7.8, 7.949999999999999, 8.1, 8.25, 8.4, 8.549999999999999, 8.7, 8.85, 9.0, 9.15, 9.299999999999999, 9.45, 9.6, 9.75, 9.9, 10.049999999999999, 10.2, 10.35, 10.5, 10.65, 10.799999999999999, 10.95, 11.1, 11.25, 11.4, 11.549999999999999, 11.7, 11.85, 12.0, 12.15, 12.299999999999999, 12.45, 12.6, 12.75, 12.9, 13.049999999999999, 13.2, 13.35, 13.5, 13.65, 13.799999999999999, 13.95, 14.1, 14.25, 14.399999999999999, 14.549999999999999, 14.7, 14.85, 15.0, 15.149999999999999",2007R_GLUT1_647_WGA_594_0002,2007,R,False,4.038925843803892,False
"22084, 22965, 24644, 27196, 31363, 36752, 39579, 48155, 71222, 95195, 134535, 168406, 185107, 183036, 177888, 174968, 169307, 168102, 157213, 151553, 145195, 132960, 123584, 114848, 111233, 102768, 100063, 100074, 95567, 94035, 88985, 85908, 80102, 77140, 76228, 76576, 77061, 77362, 78084, 78373, 78996, 80481, 81093, 83105, 84154, 83817, 81184, 78111, 75107, 74427, 71034, 69389, 68037, 67741, 67744, 68276, 67459, 66662, 62945, 63047, 61336, 59644, 58119, 54438, 52553, 50780, 47331, 45231, 42291, 41426, 41055, 41491, 40855, 40130, 39070, 38253, 36775, 35656, 33933, 33344, 31754, 31394, 30979, 30712, 30616, 29870, 28970, 28621, 27801, 26958, 25944, 25669, 25095, 24784, 24763, 24432, 23617, 23453, 22828, 22832, 22315, 22029",14,WGA,"0.0, 0.15, 0.3, 0.44999999999999996, 0.6, 0.75, 0.8999999999999999, 1.05, 1.2, 1.3499999999999999, 1.5, 1.65, 1.7999999999999998, 1.95, 2.1, 2.25, 2.4, 2.55, 2.6999999999999997, 2.85, 3.0, 3.15, 3.3, 3.4499999999999997, 3.5999999999999996, 3.75, 3.9, 4.05, 4.2, 4.35, 4.5, 4.6499999999999995, 4.8, 4.95, 5.1, 5.25, 5.3999999999999995, 5.55, 5.7, 5.85, 6.0, 6.1499999999999995, 6.3, 6.45, 6.6, 6.75, 6.8999999999999995, 7.05, 7.199999999999999, 7.35, 7.5, 7.6499999999999995, 7.8, 7.949999999999999, 8.1, 8.25, 8.4, 8.549999999999999, 8.7, 8.85, 9.0, 9.15, 9.299999999999999, 9.45, 9.6, 9.75, 9.9, 10.049999999999999, 10.2, 10.35, 10.5, 10.65, 10.799999999999999, 10.95, 11.1, 11.25, 11.4, 11.549999999999999, 11.7, 11.85, 12.0, 12.15, 12.299999999999999, 12.45, 12.6, 12.75, 12.9, 13.049999999999999, 13.2, 13.35, 13.5, 13.65, 13.799999999999999, 13.95, 14.1, 14.25, 14.399999999999999, 14.549999999999999, 14.7, 14.85, 15.0, 15.149999999999999",2007R_GLUT1_647_WGA_594_0002,2007,R,False,4.038925843803892,False
"2331, 2554, 2900, 3412, 4250, 5271, 5735, 7455, 11237, 15008, 20630, 25442, 27886, 28718, 27738, 27475, 26326, 26455, 23921, 22956, 21536, 18865, 17232, 15713, 15390, 14042, 13525, 13824, 13155, 13071, 12481, 11951, 11565, 11554, 11534, 11730, 11650, 11835, 11885, 12006, 11995, 11991, 12126, 12323, 12195, 12192, 11914, 11455, 10820, 10834, 10630, 10234, 10043, 9886, 9634, 9470, 9167, 9114, 8476, 8436, 8134, 8076, 7762, 7349, 7185, 6900, 6412, 6148, 5732, 5663, 5687, 5613, 5743, 5570, 5467, 5249, 5050, 4858, 4737, 4569, 4375, 4186, 4135, 4270, 4177, 4174, 3883, 3757, 3764, 3542, 3312, 3310, 3143, 3053, 3083, 3125, 2958, 2783, 2583, 2668, 2669, 2532",14,GluT1,"0.0, 0.15, 0.3, 0.44999999999999996, 0.6, 0.75, 0.8999999999999999, 1.05, 1.2, 1.3499999999999999, 1.5, 1.65, 1.7999999999999998, 1.95, 2.1, 2.25, 2.4, 2.55, 2.6999999999999997, 2.85, 3.0, 3.15, 3.3, 3.4499999999999997, 3.5999999999999996, 3.75, 3.9, 4.05, 4.2, 4.35, 4.5, 4.6499999999999995, 4.8, 4.95, 5.1, 5.25, 5.3999999999999995, 5.55, 5.7, 5.85, 6.0, 6.1499999999999995, 6.3, 6.45, 6.6, 6.75, 6.8999999999999995, 7.05, 7.199999999999999, 7.35, 7.5, 7.6499999999999995, 7.8, 7.949999999999999, 8.1, 8.25, 8.4, 8.549999999999999, 8.7, 8.85, 9.0, 9.15, 9.299999999999999, 9.45, 9.6, 9.75, 9.9, 10.049999999999999, 10.2, 10.35, 10.5, 10.65, 10.799999999999999, 10.95, 11.1, 11.25, 11.4, 11.549999999999999, 11.7, 11.85, 12.0, 12.15, 12.299999999999999, 12.45, 12.6, 12.75, 12.9, 13.049999999999999, 13.2, 13.35, 13.5, 13.65, 13.799999999999999, 13.95, 14.1, 14.25, 14.399999999999999, 14.549999999999999, 14.7, 14.85, 15.0, 15.149999999999999",2007R_GLUT1_647_WGA_594_0002,2007,R,False,4.038925843803892,False
"75933, 76652, 77963, 78890, 81273, 83980, 85634, 89264, 96313, 103334, 113224, 123442, 135180, 148266, 153903, 157363, 160747, 159819, 165627, 166615, 167884, 172421, 173251, 175847, 176913, 179111, 182337, 183293, 186755, 187353, 194368, 201017, 218103, 232808, 253320, 267864, 275633, 277955, 284061, 285022, 294378, 307921, 311677, 318742, 316470, 309551, 288157, 268986, 246868, 240683, 221698, 198261, 186769, 154056, 139735, 126945, 116885, 110912, 104805, 105473, 103317, 103343, 101748, 98580, 98064, 97559, 95467, 94333, 92738, 93292, 93524, 91901, 93081, 92865, 93056, 91684, 91882, 91127, 90570, 89948, 89598, 90453, 89441, 89872, 90650, 89908, 89961, 90442, 88726, 88778, 87997, 88219, 87922, 87304, 88462, 88262, 88306, 87908, 87430, 89090, 87300, 88280",15,DAPI,"0.0, 0.15, 0.3, 0.44999999999999996, 0.6, 0.75, 0.8999999999999999, 1.05, 1.2, 1.3499999999999999, 1.5, 1.65, 1.7999999999999998, 1.95, 2.1, 2.25, 2.4, 2.55, 2.6999999999999997, 2.85, 3.0, 3.15, 3.3, 3.4499999999999997, 3.5999999999999996, 3.75, 3.9, 4.05, 4.2, 4.35, 4.5, 4.6499999999999995, 4.8, 4.95, 5.1, 5.25, 5.3999999999999995, 5.55, 5.7, 5.85, 6.0, 6.1499999999999995, 6.3, 6.45, 6.6, 6.75, 6.8999999999999995, 7.05, 7.199999999999999, 7.35, 7.5, 7.6499999999999995, 7.8, 7.949999999999999, 8.1, 8.25, 8.4, 8.549999999999999, 8.7, 8.85, 9.0, 9.15, 9.299999999999999, 9.45, 9.6, 9.75, 9.9, 10.049999999999999, 10.2, 10.35, 10.5, 10.65, 10.799999999999999, 10.95, 11.1, 11.25, 11.4, 11.549999999999999, 11.7, 11.85, 12.0, 12.15, 12.299999999999999, 12.45, 12.6, 12.75, 12.9, 13.049999999999999, 13.2, 13.35, 13.5, 13.65, 13.799999999999999, 13.95, 14.1, 14.25, 14.399999999999999, 14.549999999999999, 14.7, 14.85, 15.0, 15.149999999999999",2007R_GLUT1_647_WGA_594_0002,2007,R,False,3.414863426747073,False
"10732, 11025, 11350, 11445, 11709, 11902, 12096, 12338, 13591, 14550, 16486, 18322, 21061, 24389, 26155, 27543, 29873, 30360, 37596, 42860, 48874, 61319, 68993, 75782, 78035, 80158, 80539, 79705, 80353, 80698, 78547, 74926, 62201, 51976, 40670, 32777, 30237, 29419, 27296, 26910, 24157, 22099, 20566, 19253, 18349, 18053, 17655, 18071, 17961, 17901, 18012, 18572, 18888, 19612, 20245, 20305, 20438, 20314, 20190, 20203, 19996, 19902, 19836, 20130, 19987, 20070, 20155, 20274, 20571, 20785, 20715, 20812, 21058, 20980, 20981, 20869, 20887, 20739, 20555, 21024, 20773, 20948, 20460, 21051, 20893, 20812, 21482, 21650, 22179, 23870, 25731, 27595, 29236, 30216, 30490, 31090, 32662, 33151, 34995, 36201, 38439, 39908",15,eGFP,"0.0, 0.15, 0.3, 0.44999999999999996, 0.6, 0.75, 0.8999999999999999, 1.05, 1.2, 1.3499999999999999, 1.5, 1.65, 1.7999999999999998, 1.95, 2.1, 2.25, 2.4, 2.55, 2.6999999999999997, 2.85, 3.0, 3.15, 3.3, 3.4499999999999997, 3.5999999999999996, 3.75, 3.9, 4.05, 4.2, 4.35, 4.5, 4.6499999999999995, 4.8, 4.95, 5.1, 5.25, 5.3999999999999995, 5.55, 5.7, 5.85, 6.0, 6.1499999999999995, 6.3, 6.45, 6.6, 6.75, 6.8999999999999995, 7.05, 7.199999999999999, 7.35, 7.5, 7.6499999999999995, 7.8, 7.949999999999999, 8.1, 8.25, 8.4, 8.549999999999999, 8.7, 8.85, 9.0, 9.15, 9.299999999999999, 9.45, 9.6, 9.75, 9.9, 10.049999999999999, 10.2, 10.35, 10.5, 10.65, 10.799999999999999, 10.95, 11.1, 11.25, 11.4, 11.549999999999999, 11.7, 11.85, 12.0, 12.15, 12.299999999999999, 12.45, 12.6, 12.75, 12.9, 13.049999999999999, 13.2, 13.35, 13.5, 13.65, 13.799999999999999, 13.95, 14.1, 14.25, 14.399999999999999, 14.549999999999999, 14.7, 14.85, 15.0, 15.149999999999999",2007R_GLUT1_647_WGA_594_0002,2007,R,False,3.414863426747073,False
"28087, 29420, 31114, 33579, 37701, 42937, 46598, 55495, 83880, 120423, 185213, 243842, 262099, 224079, 195286, 184015, 164564, 161787, 141944, 136634, 132059, 125852, 122391, 118090, 117688, 115751, 115342, 115302, 113991, 113691, 113809, 111467, 107884, 102565, 94391, 85543, 81242, 79895, 75308, 75182, 69623, 64358, 61078, 58306, 57643, 58797, 63441, 67825, 74051, 75577, 82079, 90022, 94102, 105188, 108502, 107267, 103208, 97640, 88200, 87770, 84584, 82020, 79829, 74611, 72712, 69444, 65766, 62394, 58422, 56655, 55934, 56353, 55855, 54675, 53018, 51118, 48556, 47348, 45381, 44038, 42393, 41814, 41793, 41284, 40688, 40094, 39376, 38788, 37809, 36827, 36151, 35272, 34440, 33925, 34202, 33626, 32606, 32183, 31767, 31451, 30910, 30474",15,WGA,"0.0, 0.15, 0.3, 0.44999999999999996, 0.6, 0.75, 0.8999999999999999, 1.05, 1.2, 1.3499999999999999, 1.5, 1.65, 1.7999999999999998, 1.95, 2.1, 2.25, 2.4, 2.55, 2.6999999999999997, 2.85, 3.0, 3.15, 3.3, 3.4499999999999997, 3.5999999999999996, 3.75, 3.9, 4.05, 4.2, 4.35, 4.5, 4.6499999999999995, 4.8, 4.95, 5.1, 5.25, 5.3999999999999995, 5.55, 5.7, 5.85, 6.0, 6.1499999999999995, 6.3, 6.45, 6.6, 6.75, 6.8999999999999995, 7.05, 7.199999999999999, 7.35, 7.5, 7.6499999999999995, 7.8, 7.949999999999999, 8.1, 8.25, 8.4, 8.549999999999999, 8.7, 8.85, 9.0, 9.15, 9.299999999999999, 9.45, 9.6, 9.75, 9.9, 10.049999999999999, 10.2, 10.35, 10.5, 10.65, 10.799999999999999, 10.95, 11.1, 11.25, 11.4, 11.549999999999999, 11.7, 11.85, 12.0, 12.15, 12.299999999999999, 12.45, 12.6, 12.75, 12.9, 13.049999999999999, 13.2, 13.35, 13.5, 13.65, 13.799999999999999, 13.95, 14.1, 14.25, 14.399999999999999, 14.549999999999999, 14.7, 14.85, 15.0, 15.149999999999999",2007R_GLUT1_647_WGA_594_0002,2007,R,False,3.414863426747073,False
"2638, 2919, 3301, 3893, 4817, 5773, 6327, 7964, 12523, 17644, 24948, 31085, 33449, 31132, 28933, 28198, 26493, 26032, 24355, 23569, 22672, 22107, 21643, 21013, 20680, 20446, 20231, 20323, 20462, 20227, 20246, 20338, 19840, 19105, 17606, 15969, 15185, 15036, 14460, 14285, 13227, 12099, 11501, 10783, 10412, 10312, 10985, 11289, 11939, 12164, 12731, 13428, 13654, 14467, 14055, 13896, 13320, 12708, 11626, 11495, 11318, 10863, 10443, 9970, 9868, 9321, 8775, 8284, 7538, 7440, 7362, 7424, 7296, 7158, 6996, 6681, 6441, 6164, 5836, 5674, 5461, 5400, 5403, 5182, 5331, 5086, 5081, 4922, 4670, 4461, 4323, 4284, 4132, 4089, 4102, 4005, 3900, 3773, 3622, 3603, 3519, 3536",15,GluT1,"0.0, 0.15, 0.3, 0.44999999999999996, 0.6, 0.75, 0.8999999999999999, 1.05, 1.2, 1.3499999999999999, 1.5, 1.65, 1.7999999999999998, 1.95, 2.1, 2.25, 2.4, 2.55, 2.6999999999999997, 2.85, 3.0, 3.15, 3.3, 3.4499999999999997, 3.5999999999999996, 3.75, 3.9, 4.05, 4.2, 4.35, 4.5, 4.6499999999999995, 4.8, 4.95, 5.1, 5.25, 5.3999999999999995, 5.55, 5.7, 5.85, 6.0, 6.1499999999999995, 6.3, 6.45, 6.6, 6.75, 6.8999999999999995, 7.05, 7.199999999999999, 7.35, 7.5, 7.6499999999999995, 7.8, 7.949999999999999, 8.1, 8.25, 8.4, 8.549999999999999, 8.7, 8.85, 9.0, 9.15, 9.299999999999999, 9.45, 9.6, 9.75, 9.9, 10.049999999999999, 10.2, 10.35, 10.5, 10.65, 10.799999999999999, 10.95, 11.1, 11.25, 11.4, 11.549999999999999, 11.7, 11.85, 12.0, 12.15, 12.299999999999999, 12.45, 12.6, 12.75, 12.9, 13.049999999999999, 13.2, 13.35, 13.5, 13.65, 13.799999999999999, 13.95, 14.1, 14.25, 14.399999999999999, 14.549999999999999, 14.7, 14.85, 15.0, 15.149999999999999",2007R_GLUT1_647_WGA_594_0002,2007,R,False,3.414863426747073,False
"64383, 64564, 64264, 65919, 66963, 68295, 69694, 70617, 74637, 78005, 82230, 85444, 89159, 92319, 93985, 94753, 95392, 95336, 99095, 100744, 102269, 108438, 115021, 124263, 127355, 141875, 147437, 146763, 158840, 160950, 175354, 184828, 211801, 230947, 253547, 275735, 285958, 288762, 297719, 297466, 309552, 317828, 322761, 326671, 324900, 313682, 293043, 274612, 258289, 253233, 239217, 223132, 214293, 185100, 167566, 146697, 127497, 115183, 102052, 102604, 99597, 96952, 95807, 91836, 91869, 90717, 87486, 87046, 85660, 84604, 84633, 83890, 84632, 84759, 83161, 82724, 82928, 81665, 80564, 80994, 80629, 79366, 80685, 79696, 80336, 79988, 79561, 78972, 79944, 79149, 79919, 78341, 78998, 78266, 77882, 78254, 78307, 77809, 77916, 78221, 77115, 78490",16,DAPI,"0.0, 0.15, 0.3, 0.44999999999999996, 0.6, 0.75, 0.8999999999999999, 1.05, 1.2, 1.3499999999999999, 1.5, 1.65, 1.7999999999999998, 1.95, 2.1, 2.25, 2.4, 2.55, 2.6999999999999997, 2.85, 3.0, 3.15, 3.3, 3.4499999999999997, 3.5999999999999996, 3.75, 3.9, 4.05, 4.2, 4.35, 4.5, 4.6499999999999995, 4.8, 4.95, 5.1, 5.25, 5.3999999999999995, 5.55, 5.7, 5.85, 6.0, 6.1499999999999995, 6.3, 6.45, 6.6, 6.75, 6.8999999999999995, 7.05, 7.199999999999999, 7.35, 7.5, 7.6499999999999995, 7.8, 7.949999999999999, 8.1, 8.25, 8.4, 8.549999999999999, 8.7, 8.85, 9.0, 9.15, 9.299999999999999, 9.45, 9.6, 9.75, 9.9, 10.049999999999999, 10.2, 10.35, 10.5, 10.65, 10.799999999999999, 10.95, 11.1, 11.25, 11.4, 11.549999999999999, 11.7, 11.85, 12.0, 12.15, 12.299999999999999, 12.45, 12.6, 12.75, 12.9, 13.049999999999999, 13.2, 13.35, 13.5, 13.65, 13.799999999999999, 13.95, 14.1, 14.25, 14.399999999999999, 14.549999999999999, 14.7, 14.85, 15.0, 15.149999999999999",2007R_GLUT1_647_WGA_594_0002,2007,R,False,4.495181464014763,False
"9236, 9378, 9425, 9594, 9686, 9829, 10070, 10116, 11121, 11957, 13509, 15271, 16290, 18058, 18053, 17959, 18631, 18713, 18990, 19374, 19669, 21534, 23239, 26366, 28275, 31449, 32233, 32617, 34468, 34662, 35328, 36238, 37442, 36161, 35593, 34198, 33052, 32943, 32017, 31353, 29959, 28139, 25839, 23491, 21923, 20147, 19180, 18920, 18387, 18652, 18076, 17520, 17536, 17263, 17440, 17710, 18002, 17946, 18049, 18282, 18190, 17864, 18171, 17850, 17940, 17854, 17889, 18163, 18397, 18545, 18406, 18074, 18075, 18100, 17966, 18118, 18002, 18001, 17970, 17978, 17882, 17921, 17841, 17888, 17770, 17770, 17859, 17933, 18421, 18744, 18977, 19404, 20123, 20391, 20425, 21040, 21791, 23039, 24178, 25154, 25927, 26420",16,eGFP,"0.0, 0.15, 0.3, 0.44999999999999996, 0.6, 0.75, 0.8999999999999999, 1.05, 1.2, 1.3499999999999999, 1.5, 1.65, 1.7999999999999998, 1.95, 2.1, 2.25, 2.4, 2.55, 2.6999999999999997, 2.85, 3.0, 3.15, 3.3, 3.4499999999999997, 3.5999999999999996, 3.75, 3.9, 4.05, 4.2, 4.35, 4.5, 4.6499999999999995, 4.8, 4.95, 5.1, 5.25, 5.3999999999999995, 5.55, 5.7, 5.85, 6.0, 6.1499999999999995, 6.3, 6.45, 6.6, 6.75, 6.8999999999999995, 7.05, 7.199999999999999, 7.35, 7.5, 7.6499999999999995, 7.8, 7.949999999999999, 8.1, 8.25, 8.4, 8.549999999999999, 8.7, 8.85, 9.0, 9.15, 9.299999999999999, 9.45, 9.6, 9.75, 9.9, 10.049999999999999, 10.2, 10.35, 10.5, 10.65, 10.799999999999999, 10.95, 11.1, 11.25, 11.4, 11.549999999999999, 11.7, 11.85, 12.0, 12.15, 12.299999999999999, 12.45, 12.6, 12.75, 12.9, 13.049999999999999, 13.2, 13.35, 13.5, 13.65, 13.799999999999999, 13.95, 14.1, 14.25, 14.399999999999999, 14.549999999999999, 14.7, 14.85, 15.0, 15.149999999999999",2007R_GLUT1_647_WGA_594_0002,2007,R,False,4.495181464014763,False
"25402, 26583, 28130, 30475, 34561, 39808, 42925, 52113, 80354, 113676, 172827, 224224, 240937, 212248, 190383, 182711, 167616, 166292, 149515, 144221, 140845, 138898, 140373, 142138, 141948, 139772, 137777, 137746, 132880, 131934, 125393, 117705, 104087, 95124, 88232, 83637, 81516, 81522, 78648, 78528, 75764, 72514, 69173, 63862, 58146, 54416, 53130, 54304, 56461, 57143, 59570, 62446, 64538, 71267, 74963, 78821, 81650, 81332, 77315, 77172, 75460, 73269, 71354, 67159, 65229, 62672, 58682, 55203, 50973, 49068, 48232, 49076, 48423, 47033, 45484, 44367, 41952, 40362, 38774, 37470, 36041, 35005, 35134, 34831, 34405, 33675, 32834, 32656, 31896, 31094, 30888, 30000, 29750, 29274, 29376, 28992, 28305, 27882, 27478, 27217, 26816, 26221",16,WGA,"0.0, 0.15, 0.3, 0.44999999999999996, 0.6, 0.75, 0.8999999999999999, 1.05, 1.2, 1.3499999999999999, 1.5, 1.65, 1.7999999999999998, 1.95, 2.1, 2.25, 2.4, 2.55, 2.6999999999999997, 2.85, 3.0, 3.15, 3.3, 3.4499999999999997, 3.5999999999999996, 3.75, 3.9, 4.05, 4.2, 4.35, 4.5, 4.6499999999999995, 4.8, 4.95, 5.1, 5.25, 5.3999999999999995, 5.55, 5.7, 5.85, 6.0, 6.1499999999999995, 6.3, 6.45, 6.6, 6.75, 6.8999999999999995, 7.05, 7.199999999999999, 7.35, 7.5, 7.6499999999999995, 7.8, 7.949999999999999, 8.1, 8.25, 8.4, 8.549999999999999, 8.7, 8.85, 9.0, 9.15, 9.299999999999999, 9.45, 9.6, 9.75, 9.9, 10.049999999999999, 10.2, 10.35, 10.5, 10.65, 10.799999999999999, 10.95, 11.1, 11.25, 11.4, 11.549999999999999, 11.7, 11.85, 12.0, 12.15, 12.299999999999999, 12.45, 12.6, 12.75, 12.9, 13.049999999999999, 13.2, 13.35, 13.5, 13.65, 13.799999999999999, 13.95, 14.1, 14.25, 14.399999999999999, 14.549999999999999, 14.7, 14.85, 15.0, 15.149999999999999",2007R_GLUT1_647_WGA_594_0002,2007,R,False,4.495181464014763,False
"2509, 2766, 3098, 3539, 4530, 5507, 6008, 7689, 12168, 16946, 24395, 30092, 32635, 31087, 29286, 28768, 27525, 27105, 26027, 25591, 25437, 25347, 25277, 25136, 24754, 23663, 23183, 23059, 21964, 21815, 20178, 19084, 16814, 15520, 14277, 13496, 13178, 13016, 12689, 12599, 12056, 11316, 10869, 9944, 8989, 8458, 8363, 8224, 8403, 8465, 8670, 8850, 9049, 9797, 10120, 10629, 10762, 10717, 9952, 10012, 9806, 9659, 9334, 8823, 8687, 8356, 7832, 7312, 6841, 6541, 6415, 6571, 6575, 6254, 6137, 5827, 5602, 5290, 5096, 4935, 4768, 4479, 4583, 4508, 4434, 4369, 4190, 4214, 4164, 3965, 3807, 3818, 3779, 3706, 3788, 3582, 3533, 3518, 3384, 3336, 3516, 3484",16,GluT1,"0.0, 0.15, 0.3, 0.44999999999999996, 0.6, 0.75, 0.8999999999999999, 1.05, 1.2, 1.3499999999999999, 1.5, 1.65, 1.7999999999999998, 1.95, 2.1, 2.25, 2.4, 2.55, 2.6999999999999997, 2.85, 3.0, 3.15, 3.3, 3.4499999999999997, 3.5999999999999996, 3.75, 3.9, 4.05, 4.2, 4.35, 4.5, 4.6499999999999995, 4.8, 4.95, 5.1, 5.25, 5.3999999999999995, 5.55, 5.7, 5.85, 6.0, 6.1499999999999995, 6.3, 6.45, 6.6, 6.75, 6.8999999999999995, 7.05, 7.199999999999999, 7.35, 7.5, 7.6499999999999995, 7.8, 7.949999999999999, 8.1, 8.25, 8.4, 8.549999999999999, 8.7, 8.85, 9.0, 9.15, 9.299999999999999, 9.45, 9.6, 9.75, 9.9, 10.049999999999999, 10.2, 10.35, 10.5, 10.65, 10.799999999999999, 10.95, 11.1, 11.25, 11.4, 11.549999999999999, 11.7, 11.85, 12.0, 12.15, 12.299999999999999, 12.45, 12.6, 12.75, 12.9, 13.049999999999999, 13.2, 13.35, 13.5, 13.65, 13.799999999999999, 13.95, 14.1, 14.25, 14.399999999999999, 14.549999999999999, 14.7, 14.85, 15.0, 15.149999999999999",2007R_GLUT1_647_WGA_594_0002,2007,R,False,4.495181464014763,False
"110892, 111021, 112170, 113523, 115411, 118474, 118766, 122034, 131218, 137823, 146918, 152545, 157246, 162425, 164060, 166215, 169217, 168826, 176615, 180485, 184619, 195987, 203991, 212523, 216790, 226662, 228413, 230072, 233068, 232916, 238006, 244400, 255850, 271541, 300006, 331751, 347940, 353766, 367983, 367421, 386642, 399276, 403879, 396074, 381478, 362612, 332314, 314317, 294097, 287632, 267548, 245792, 232978, 197580, 184550, 173956, 166000, 159268, 154063, 154321, 152048, 150308, 149957, 148409, 147741, 147293, 144734, 144080, 141387, 142195, 142583, 141511, 143418, 141799, 141733, 141982, 140437, 140421, 140572, 140908, 140168, 139559, 139186, 139012, 139990, 139568, 138130, 138228, 137493, 137959, 137168, 137112, 137803, 136343, 136451, 136447, 137188, 135221, 134091, 135430, 135559, 135541",17,DAPI,"0.0, 0.15, 0.3, 0.44999999999999996, 0.6, 0.75, 0.8999999999999999, 1.05, 1.2, 1.3499999999999999, 1.5, 1.65, 1.7999999999999998, 1.95, 2.1, 2.25, 2.4, 2.55, 2.6999999999999997, 2.85, 3.0, 3.15, 3.3, 3.4499999999999997, 3.5999999999999996, 3.75, 3.9, 4.05, 4.2, 4.35, 4.5, 4.6499999999999995, 4.8, 4.95, 5.1, 5.25, 5.3999999999999995, 5.55, 5.7, 5.85, 6.0, 6.1499999999999995, 6.3, 6.45, 6.6, 6.75, 6.8999999999999995, 7.05, 7.199999999999999, 7.35, 7.5, 7.6499999999999995, 7.8, 7.949999999999999, 8.1, 8.25, 8.4, 8.549999999999999, 8.7, 8.85, 9.0, 9.15, 9.299999999999999, 9.45, 9.6, 9.75, 9.9, 10.049999999999999, 10.2, 10.35, 10.5, 10.65, 10.799999999999999, 10.95, 11.1, 11.25, 11.4, 11.549999999999999, 11.7, 11.85, 12.0, 12.15, 12.299999999999999, 12.45, 12.6, 12.75, 12.9, 13.049999999999999, 13.2, 13.35, 13.5, 13.65, 13.799999999999999, 13.95, 14.1, 14.25, 14.399999999999999, 14.549999999999999, 14.7, 14.85, 15.0, 15.149999999999999",2007R_GLUT1_647_WGA_594_0002,2007,R,False,16.16010165184244,False
"17021, 17271, 17690, 18089, 18226, 18753, 19057, 19302, 21275, 22726, 25868, 29012, 31469, 35313, 36429, 37342, 39347, 39434, 43373, 45852, 48725, 54619, 58992, 63172, 64556, 68902, 69273, 68871, 71718, 70991, 73078, 75246, 81926, 89380, 100403, 112250, 116780, 118503, 122750, 122581, 128779, 134606, 139898, 146991, 152274, 154242, 151876, 149915, 144504, 143183, 138852, 133161, 129106, 112669, 100673, 85133, 71255, 60435, 49616, 49771, 46825, 44194, 42786, 39686, 38370, 36606, 35652, 34254, 33481, 32910, 32910, 33209, 32831, 32595, 31871, 31931, 31634, 31431, 31257, 31234, 31505, 31185, 31069, 31729, 31332, 31323, 30664, 30694, 30703, 30242, 29640, 30097, 30183, 30254, 30051, 30149, 30851, 30822, 31335, 31879, 32983, 32910",17,eGFP,"0.0, 0.15, 0.3, 0.44999999999999996, 0.6, 0.75, 0.8999999999999999, 1.05, 1.2, 1.3499999999999999, 1.5, 1.65, 1.7999999999999998, 1.95, 2.1, 2.25, 2.4, 2.55, 2.6999999999999997, 2.85, 3.0, 3.15, 3.3, 3.4499999999999997, 3.5999999999999996, 3.75, 3.9, 4.05, 4.2, 4.35, 4.5, 4.6499999999999995, 4.8, 4.95, 5.1, 5.25, 5.3999999999999995, 5.55, 5.7, 5.85, 6.0, 6.1499999999999995, 6.3, 6.45, 6.6, 6.75, 6.8999999999999995, 7.05, 7.199999999999999, 7.35, 7.5, 7.6499999999999995, 7.8, 7.949999999999999, 8.1, 8.25, 8.4, 8.549999999999999, 8.7, 8.85, 9.0, 9.15, 9.299999999999999, 9.45, 9.6, 9.75, 9.9, 10.049999999999999, 10.2, 10.35, 10.5, 10.65, 10.799999999999999, 10.95, 11.1, 11.25, 11.4, 11.549999999999999, 11.7, 11.85, 12.0, 12.15, 12.299999999999999, 12.45, 12.6, 12.75, 12.9, 13.049999999999999, 13.2, 13.35, 13.5, 13.65, 13.799999999999999, 13.95, 14.1, 14.25, 14.399999999999999, 14.549999999999999, 14.7, 14.85, 15.0, 15.149999999999999",2007R_GLUT1_647_WGA_594_0002,2007,R,False,16.16010165184244,False
"45776, 48215, 51849, 56709, 65225, 75689, 82641, 99654, 147530, 206342, 297924, 370578, 395463, 365917, 343175, 335093, 316738, 314408, 291506, 283755, 276377, 264958, 258025, 249879, 246977, 241444, 238856, 238701, 234527, 233431, 230504, 228424, 225192, 223661, 217299, 201911, 191318, 187212, 174753, 173326, 152180, 132544, 119342, 104615, 96513, 94464, 96099, 99250, 102778, 104172, 107173, 111662, 114479, 121541, 125916, 129223, 131756, 131630, 125964, 125626, 123082, 121199, 118899, 112979, 110659, 105975, 99700, 94537, 88827, 86027, 84973, 85660, 84692, 82720, 80049, 78140, 74423, 71836, 69570, 67818, 65114, 64393, 64285, 64110, 63384, 61819, 60065, 59677, 57908, 56172, 55230, 53931, 53083, 52144, 52198, 51290, 50057, 48991, 48358, 47576, 46990, 46223",17,WGA,"0.0, 0.15, 0.3, 0.44999999999999996, 0.6, 0.75, 0.8999999999999999, 1.05, 1.2, 1.3499999999999999, 1.5, 1.65, 1.7999999999999998, 1.95, 2.1, 2.25, 2.4, 2.55, 2.6999999999999997, 2.85, 3.0, 3.15, 3.3, 3.4499999999999997, 3.5999999999999996, 3.75, 3.9, 4.05, 4.2, 4.35, 4.5, 4.6499999999999995, 4.8, 4.95, 5.1, 5.25, 5.3999999999999995, 5.55, 5.7, 5.85, 6.0, 6.1499999999999995, 6.3, 6.45, 6.6, 6.75, 6.8999999999999995, 7.05, 7.199999999999999, 7.35, 7.5, 7.6499999999999995, 7.8, 7.949999999999999, 8.1, 8.25, 8.4, 8.549999999999999, 8.7, 8.85, 9.0, 9.15, 9.299999999999999, 9.45, 9.6, 9.75, 9.9, 10.049999999999999, 10.2, 10.35, 10.5, 10.65, 10.799999999999999, 10.95, 11.1, 11.25, 11.4, 11.549999999999999, 11.7, 11.85, 12.0, 12.15, 12.299999999999999, 12.45, 12.6, 12.75, 12.9, 13.049999999999999, 13.2, 13.35, 13.5, 13.65, 13.799999999999999, 13.95, 14.1, 14.25, 14.399999999999999, 14.549999999999999, 14.7, 14.85, 15.0, 15.149999999999999",2007R_GLUT1_647_WGA_594_0002,2007,R,False,16.16010165184244,False
"4985, 5689, 6316, 7370, 9084, 11268, 12160, 15558, 23334, 32380, 44643, 53815, 58796, 57377, 55986, 54547, 52727, 52294, 49478, 48094, 47221, 45385, 44542, 43851, 42830, 42312, 41804, 41959, 41712, 41112, 40719, 40411, 40457, 40508, 39994, 38065, 36631, 36390, 34270, 34374, 31725, 28925, 26672, 24221, 22977, 22701, 23366, 24033, 24485, 24737, 25623, 26008, 26330, 26523, 25741, 24051, 22291, 20775, 18669, 18716, 18117, 17594, 17147, 16012, 15735, 15326, 14402, 13395, 12524, 12195, 12068, 12313, 12053, 11851, 11445, 11011, 10709, 10220, 9769, 9485, 9340, 8803, 8867, 8727, 8750, 8514, 8142, 8058, 7781, 7321, 7220, 7173, 7056, 6764, 6907, 6570, 6420, 6343, 5983, 5978, 5697, 5733",17,GluT1,"0.0, 0.15, 0.3, 0.44999999999999996, 0.6, 0.75, 0.8999999999999999, 1.05, 1.2, 1.3499999999999999, 1.5, 1.65, 1.7999999999999998, 1.95, 2.1, 2.25, 2.4, 2.55, 2.6999999999999997, 2.85, 3.0, 3.15, 3.3, 3.4499999999999997, 3.5999999999999996, 3.75, 3.9, 4.05, 4.2, 4.35, 4.5, 4.6499999999999995, 4.8, 4.95, 5.1, 5.25, 5.3999999999999995, 5.55, 5.7, 5.85, 6.0, 6.1499999999999995, 6.3, 6.45, 6.6, 6.75, 6.8999999999999995, 7.05, 7.199999999999999, 7.35, 7.5, 7.6499999999999995, 7.8, 7.949999999999999, 8.1, 8.25, 8.4, 8.549999999999999, 8.7, 8.85, 9.0, 9.15, 9.299999999999999, 9.45, 9.6, 9.75, 9.9, 10.049999999999999, 10.2, 10.35, 10.5, 10.65, 10.799999999999999, 10.95, 11.1, 11.25, 11.4, 11.549999999999999, 11.7, 11.85, 12.0, 12.15, 12.299999999999999, 12.45, 12.6, 12.75, 12.9, 13.049999999999999, 13.2, 13.35, 13.5, 13.65, 13.799999999999999, 13.95, 14.1, 14.25, 14.399999999999999, 14.549999999999999, 14.7, 14.85, 15.0, 15.149999999999999",2007R_GLUT1_647_WGA_594_0002,2007,R,False,16.16010165184244,False
"115423, 117364, 118801, 121073, 122445, 125155, 125631, 130193, 138938, 144908, 154405, 161160, 171387, 180157, 188261, 189974, 196361, 199011, 214530, 223769, 234565, 265419, 290860, 317911, 328010, 353244, 356651, 357654, 369856, 371739, 382570, 388326, 394453, 388326, 375796, 366146, 361500, 356341, 351601, 351328, 338691, 319435, 302184, 271652, 238888, 219704, 192558, 182138, 176860, 173964, 171556, 163960, 163800, 159324, 156543, 154560, 151567, 149956, 149679, 150342, 149042, 148295, 147575, 146946, 146760, 147126, 145073, 145882, 145605, 143515, 145718, 144380, 144286, 143377, 143618, 144246, 143992, 143567, 143417, 142935, 143383, 142948, 142147, 141838, 143806, 141028, 141889, 141866, 142906, 141474, 141713, 141490, 140955, 140780, 141563, 139288, 140609, 141561, 140769, 140951, 141036, 140024",18,DAPI,"0.0, 0.15, 0.3, 0.44999999999999996, 0.6, 0.75, 0.8999999999999999, 1.05, 1.2, 1.3499999999999999, 1.5, 1.65, 1.7999999999999998, 1.95, 2.1, 2.25, 2.4, 2.55, 2.6999999999999997, 2.85, 3.0, 3.15, 3.3, 3.4499999999999997, 3.5999999999999996, 3.75, 3.9, 4.05, 4.2, 4.35, 4.5, 4.6499999999999995, 4.8, 4.95, 5.1, 5.25, 5.3999999999999995, 5.55, 5.7, 5.85, 6.0, 6.1499999999999995, 6.3, 6.45, 6.6, 6.75, 6.8999999999999995, 7.05, 7.199999999999999, 7.35, 7.5, 7.6499999999999995, 7.8, 7.949999999999999, 8.1, 8.25, 8.4, 8.549999999999999, 8.7, 8.85, 9.0, 9.15, 9.299999999999999, 9.45, 9.6, 9.75, 9.9, 10.049999999999999, 10.2, 10.35, 10.5, 10.65, 10.799999999999999, 10.95, 11.1, 11.25, 11.4, 11.549999999999999, 11.7, 11.85, 12.0, 12.15, 12.299999999999999, 12.45, 12.6, 12.75, 12.9, 13.049999999999999, 13.2, 13.35, 13.5, 13.65, 13.799999999999999, 13.95, 14.1, 14.25, 14.399999999999999, 14.549999999999999, 14.7, 14.85, 15.0, 15.149999999999999",2007R_GLUT1_647_WGA_594_0002,2007,R,False,3.6866103202846974,False
"16619, 17101, 17130, 17340, 17392, 17546, 17696, 18117, 19684, 21376, 24435, 27492, 29867, 33314, 34334, 34151, 35528, 36114, 37631, 40106, 42111, 46231, 49014, 50758, 51576, 51287, 50173, 50427, 47650, 46996, 42489, 38835, 33150, 31245, 29721, 29114, 28950, 29248, 29424, 29396, 30366, 30820, 31719, 33471, 34846, 36239, 36585, 36140, 35500, 35523, 35286, 34364, 33882, 33202, 32368, 32196, 32268, 32228, 31807, 31895, 31787, 31958, 31589, 31821, 31797, 31364, 31535, 31402, 31811, 32078, 31941, 31882, 32005, 31951, 31897, 31821, 31743, 32100, 31997, 32773, 32901, 32941, 33251, 33575, 33288, 34110, 34654, 35555, 36469, 38621, 40353, 41234, 41627, 41696, 41015, 41371, 40632, 40303, 40671, 41459, 41762, 42899",18,eGFP,"0.0, 0.15, 0.3, 0.44999999999999996, 0.6, 0.75, 0.8999999999999999, 1.05, 1.2, 1.3499999999999999, 1.5, 1.65, 1.7999999999999998, 1.95, 2.1, 2.25, 2.4, 2.55, 2.6999999999999997, 2.85, 3.0, 3.15, 3.3, 3.4499999999999997, 3.5999999999999996, 3.75, 3.9, 4.05, 4.2, 4.35, 4.5, 4.6499999999999995, 4.8, 4.95, 5.1, 5.25, 5.3999999999999995, 5.55, 5.7, 5.85, 6.0, 6.1499999999999995, 6.3, 6.45, 6.6, 6.75, 6.8999999999999995, 7.05, 7.199999999999999, 7.35, 7.5, 7.6499999999999995, 7.8, 7.949999999999999, 8.1, 8.25, 8.4, 8.549999999999999, 8.7, 8.85, 9.0, 9.15, 9.299999999999999, 9.45, 9.6, 9.75, 9.9, 10.049999999999999, 10.2, 10.35, 10.5, 10.65, 10.799999999999999, 10.95, 11.1, 11.25, 11.4, 11.549999999999999, 11.7, 11.85, 12.0, 12.15, 12.299999999999999, 12.45, 12.6, 12.75, 12.9, 13.049999999999999, 13.2, 13.35, 13.5, 13.65, 13.799999999999999, 13.95, 14.1, 14.25, 14.399999999999999, 14.549999999999999, 14.7, 14.85, 15.0, 15.149999999999999",2007R_GLUT1_647_WGA_594_0002,2007,R,False,3.6866103202846974,False
"44208, 46804, 49810, 53655, 59995, 69261, 74890, 89847, 136005, 197249, 298486, 380444, 405508, 352739, 315496, 299493, 278665, 273527, 246942, 239508, 234316, 222772, 210374, 192081, 182649, 159278, 152998, 151559, 138915, 134860, 123368, 113841, 102370, 96070, 91467, 89732, 89880, 89581, 90419, 90408, 93756, 99728, 107888, 125083, 143461, 156186, 172071, 179198, 183890, 185181, 188185, 191047, 191406, 188286, 181080, 172090, 162416, 152585, 137743, 137856, 132526, 128886, 124475, 116099, 112504, 107788, 101280, 96244, 90488, 87851, 86643, 87389, 86352, 84483, 81804, 79228, 75625, 73151, 70268, 68473, 65648, 64917, 65047, 64174, 63444, 62318, 60306, 59546, 57833, 56589, 55330, 54367, 53567, 52739, 52967, 51882, 50448, 50090, 49191, 48655, 48147, 47297",18,WGA,"0.0, 0.15, 0.3, 0.44999999999999996, 0.6, 0.75, 0.8999999999999999, 1.05, 1.2, 1.3499999999999999, 1.5, 1.65, 1.7999999999999998, 1.95, 2.1, 2.25, 2.4, 2.55, 2.6999999999999997, 2.85, 3.0, 3.15, 3.3, 3.4499999999999997, 3.5999999999999996, 3.75, 3.9, 4.05, 4.2, 4.35, 4.5, 4.6499999999999995, 4.8, 4.95, 5.1, 5.25, 5.3999999999999995, 5.55, 5.7, 5.85, 6.0, 6.1499999999999995, 6.3, 6.45, 6.6, 6.75, 6.8999999999999995, 7.05, 7.199999999999999, 7.35, 7.5, 7.6499999999999995, 7.8, 7.949999999999999, 8.1, 8.25, 8.4, 8.549999999999999, 8.7, 8.85, 9.0, 9.15, 9.299999999999999, 9.45, 9.6, 9.75, 9.9, 10.049999999999999, 10.2, 10.35, 10.5, 10.65, 10.799999999999999, 10.95, 11.1, 11.25, 11.4, 11.549999999999999, 11.7, 11.85, 12.0, 12.15, 12.299999999999999, 12.45, 12.6, 12.75, 12.9, 13.049999999999999, 13.2, 13.35, 13.5, 13.65, 13.799999999999999, 13.95, 14.1, 14.25, 14.399999999999999, 14.549999999999999, 14.7, 14.85, 15.0, 15.149999999999999",2007R_GLUT1_647_WGA_594_0002,2007,R,False,3.6866103202846974,False
"4414, 5171, 5756, 6631, 8190, 10192, 11329, 14537, 23388, 33555, 47077, 57675, 61057, 56726, 52709, 50715, 47763, 47385, 43512, 41565, 40412, 37880, 35567, 32605, 31118, 27709, 26723, 26602, 24838, 23949, 22067, 20721, 19169, 18404, 18101, 18154, 18281, 18298, 18653, 18602, 19472, 20829, 22309, 25122, 27173, 29022, 30305, 30782, 30055, 30285, 29425, 28705, 28491, 26191, 24961, 22924, 21486, 20188, 18279, 18226, 17823, 17320, 16682, 15620, 15083, 14497, 13790, 13273, 12155, 11742, 11907, 12094, 11820, 11551, 11231, 10721, 10415, 9693, 9233, 9093, 8758, 8404, 8365, 8193, 8144, 8093, 7825, 7528, 7298, 6977, 6813, 6813, 6621, 6470, 6485, 6294, 6035, 6103, 5770, 5655, 5543, 5525",18,GluT1,"0.0, 0.15, 0.3, 0.44999999999999996, 0.6, 0.75, 0.8999999999999999, 1.05, 1.2, 1.3499999999999999, 1.5, 1.65, 1.7999999999999998, 1.95, 2.1, 2.25, 2.4, 2.55, 2.6999999999999997, 2.85, 3.0, 3.15, 3.3, 3.4499999999999997, 3.5999999999999996, 3.75, 3.9, 4.05, 4.2, 4.35, 4.5, 4.6499999999999995, 4.8, 4.95, 5.1, 5.25, 5.3999999999999995, 5.55, 5.7, 5.85, 6.0, 6.1499999999999995, 6.3, 6.45, 6.6, 6.75, 6.8999999999999995, 7.05, 7.199999999999999, 7.35, 7.5, 7.6499999999999995, 7.8, 7.949999999999999, 8.1, 8.25, 8.4, 8.549999999999999, 8.7, 8.85, 9.0, 9.15, 9.299999999999999, 9.45, 9.6, 9.75, 9.9, 10.049999999999999, 10.2, 10.35, 10.5, 10.65, 10.799999999999999, 10.95, 11.1, 11.25, 11.4, 11.549999999999999, 11.7, 11.85, 12.0, 12.15, 12.299999999999999, 12.45, 12.6, 12.75, 12.9, 13.049999999999999, 13.2, 13.35, 13.5, 13.65, 13.799999999999999, 13.95, 14.1, 14.25, 14.399999999999999, 14.549999999999999, 14.7, 14.85, 15.0, 15.149999999999999",2007R_GLUT1_647_WGA_594_0002,2007,R,False,3.6866103202846974,False
"66233, 66707, 67810, 68868, 68596, 70775, 70724, 73057, 77507, 83187, 86300, 88990, 90863, 91970, 92845, 92830, 93348, 92841, 93420, 95702, 95734, 97134, 100652, 105360, 105961, 114717, 115608, 116219, 123177, 124883, 134030, 141578, 157505, 173301, 198052, 223419, 230255, 236159, 249054, 250250, 273962, 293823, 316274, 342212, 356309, 357844, 343400, 325043, 308508, 300111, 273588, 246769, 226631, 173260, 152080, 133586, 122283, 111914, 104868, 105547, 103200, 100542, 98856, 96597, 95541, 93139, 91946, 90674, 89429, 89344, 88110, 88490, 88063, 87708, 86380, 86768, 86822, 85731, 85320, 85536, 85629, 85096, 84199, 84655, 85037, 84724, 84420, 84597, 85216, 84412, 84392, 83718, 84661, 83549, 84380, 83600, 83108, 82966, 82688, 82875, 82539, 82622",19,DAPI,"0.0, 0.15, 0.3, 0.44999999999999996, 0.6, 0.75, 0.8999999999999999, 1.05, 1.2, 1.3499999999999999, 1.5, 1.65, 1.7999999999999998, 1.95, 2.1, 2.25, 2.4, 2.55, 2.6999999999999997, 2.85, 3.0, 3.15, 3.3, 3.4499999999999997, 3.5999999999999996, 3.75, 3.9, 4.05, 4.2, 4.35, 4.5, 4.6499999999999995, 4.8, 4.95, 5.1, 5.25, 5.3999999999999995, 5.55, 5.7, 5.85, 6.0, 6.1499999999999995, 6.3, 6.45, 6.6, 6.75, 6.8999999999999995, 7.05, 7.199999999999999, 7.35, 7.5, 7.6499999999999995, 7.8, 7.949999999999999, 8.1, 8.25, 8.4, 8.549999999999999, 8.7, 8.85, 9.0, 9.15, 9.299999999999999, 9.45, 9.6, 9.75, 9.9, 10.049999999999999, 10.2, 10.35, 10.5, 10.65, 10.799999999999999, 10.95, 11.1, 11.25, 11.4, 11.549999999999999, 11.7, 11.85, 12.0, 12.15, 12.299999999999999, 12.45, 12.6, 12.75, 12.9, 13.049999999999999, 13.2, 13.35, 13.5, 13.65, 13.799999999999999, 13.95, 14.1, 14.25, 14.399999999999999, 14.549999999999999, 14.7, 14.85, 15.0, 15.149999999999999",2007R_GLUT1_647_WGA_594_0002,2007,R,True,49.1749476489625,False
"11545, 11665, 12084, 12398, 12729, 13350, 13380, 13954, 15349, 16721, 19250, 21619, 24689, 28868, 30791, 31991, 33810, 34399, 38943, 42000, 45451, 52961, 59748, 70521, 74906, 86864, 89107, 89908, 96357, 99007, 103874, 109890, 123202, 134662, 154083, 171099, 179380, 181275, 190244, 188655, 204800, 215170, 225004, 242215, 253991, 258316, 258079, 253197, 249899, 245494, 237707, 227589, 220808, 194117, 177268, 151799, 129359, 105650, 75388, 75561, 65752, 60289, 54294, 45174, 42078, 39516, 36600, 34522, 32436, 31397, 30909, 31269, 30818, 29939, 28764, 27289, 26090, 24922, 23526, 23388, 22458, 22181, 22379, 21831, 21633, 21456, 20751, 20592, 20404, 19908, 20341, 20150, 20253, 20622, 20665, 20820, 21749, 22259, 23472, 24601, 24497, 23841",19,eGFP,"0.0, 0.15, 0.3, 0.44999999999999996, 0.6, 0.75, 0.8999999999999999, 1.05, 1.2, 1.3499999999999999, 1.5, 1.65, 1.7999999999999998, 1.95, 2.1, 2.25, 2.4, 2.55, 2.6999999999999997, 2.85, 3.0, 3.15, 3.3, 3.4499999999999997, 3.5999999999999996, 3.75, 3.9, 4.05, 4.2, 4.35, 4.5, 4.6499999999999995, 4.8, 4.95, 5.1, 5.25, 5.3999999999999995, 5.55, 5.7, 5.85, 6.0, 6.1499999999999995, 6.3, 6.45, 6.6, 6.75, 6.8999999999999995, 7.05, 7.199999999999999, 7.35, 7.5, 7.6499999999999995, 7.8, 7.949999999999999, 8.1, 8.25, 8.4, 8.549999999999999, 8.7, 8.85, 9.0, 9.15, 9.299999999999999, 9.45, 9.6, 9.75, 9.9, 10.049999999999999, 10.2, 10.35, 10.5, 10.65, 10.799999999999999, 10.95, 11.1, 11.25, 11.4, 11.549999999999999, 11.7, 11.85, 12.0, 12.15, 12.299999999999999, 12.45, 12.6, 12.75, 12.9, 13.049999999999999, 13.2, 13.35, 13.5, 13.65, 13.799999999999999, 13.95, 14.1, 14.25, 14.399999999999999, 14.549999999999999, 14.7, 14.85, 15.0, 15.149999999999999",2007R_GLUT1_647_WGA_594_0002,2007,R,True,49.1749476489625,False
"25211, 26792, 28621, 30851, 34572, 40721, 43942, 53107, 77321, 105197, 144713, 170381, 172712, 150055, 137491, 132471, 124849, 123282, 112345, 108849, 106405, 103920, 103405, 102326, 102219, 100482, 100362, 100088, 99462, 98326, 96761, 94827, 90686, 87045, 83956, 80568, 79345, 78554, 76825, 76914, 73967, 71254, 67425, 62864, 59526, 57900, 56776, 57553, 58511, 59749, 62364, 65746, 68114, 76687, 81633, 86321, 87932, 86106, 79631, 79986, 76714, 74579, 72197, 67825, 65581, 63394, 59117, 56170, 53025, 51191, 51044, 51038, 50582, 50211, 48866, 47443, 45684, 44464, 42814, 41737, 40184, 39379, 39402, 38955, 38580, 37494, 36576, 35922, 35018, 33992, 33346, 32511, 32091, 31852, 31742, 31444, 30889, 30022, 29364, 28950, 28380, 28130",19,WGA,"0.0, 0.15, 0.3, 0.44999999999999996, 0.6, 0.75, 0.8999999999999999, 1.05, 1.2, 1.3499999999999999, 1.5, 1.65, 1.7999999999999998, 1.95, 2.1, 2.25, 2.4, 2.55, 2.6999999999999997, 2.85, 3.0, 3.15, 3.3, 3.4499999999999997, 3.5999999999999996, 3.75, 3.9, 4.05, 4.2, 4.35, 4.5, 4.6499999999999995, 4.8, 4.95, 5.1, 5.25, 5.3999999999999995, 5.55, 5.7, 5.85, 6.0, 6.1499999999999995, 6.3, 6.45, 6.6, 6.75, 6.8999999999999995, 7.05, 7.199999999999999, 7.35, 7.5, 7.6499999999999995, 7.8, 7.949999999999999, 8.1, 8.25, 8.4, 8.549999999999999, 8.7, 8.85, 9.0, 9.15, 9.299999999999999, 9.45, 9.6, 9.75, 9.9, 10.049999999999999, 10.2, 10.35, 10.5, 10.65, 10.799999999999999, 10.95, 11.1, 11.25, 11.4, 11.549999999999999, 11.7, 11.85, 12.0, 12.15, 12.299999999999999, 12.45, 12.6, 12.75, 12.9, 13.049999999999999, 13.2, 13.35, 13.5, 13.65, 13.799999999999999, 13.95, 14.1, 14.25, 14.399999999999999, 14.549999999999999, 14.7, 14.85, 15.0, 15.149999999999999",2007R_GLUT1_647_WGA_594_0002,2007,R,True,49.1749476489625,False
"2563, 3013, 3426, 3952, 4788, 6054, 6684, 8472, 12879, 17436, 23057, 26840, 28872, 28293, 27538, 26934, 26352, 26401, 25226, 24472, 23965, 22766, 22047, 21749, 21243, 20961, 20890, 20914, 21212, 21086, 20867, 20796, 19991, 19464, 18233, 17280, 16686, 16504, 16220, 15800, 14975, 14200, 13189, 12299, 11445, 10737, 10267, 10272, 10318, 10417, 10883, 11488, 11695, 13035, 13560, 14124, 14074, 13486, 12242, 12086, 11569, 11214, 10978, 10031, 9659, 9422, 8772, 8292, 7941, 7738, 7721, 7809, 7819, 7706, 7489, 7020, 6933, 6596, 6330, 6108, 5846, 5633, 5551, 5454, 5488, 5351, 5031, 4919, 4804, 4489, 4360, 4444, 4271, 4015, 4068, 4141, 3919, 3913, 3615, 3579, 3453, 3441",19,GluT1,"0.0, 0.15, 0.3, 0.44999999999999996, 0.6, 0.75, 0.8999999999999999, 1.05, 1.2, 1.3499999999999999, 1.5, 1.65, 1.7999999999999998, 1.95, 2.1, 2.25, 2.4, 2.55, 2.6999999999999997, 2.85, 3.0, 3.15, 3.3, 3.4499999999999997, 3.5999999999999996, 3.75, 3.9, 4.05, 4.2, 4.35, 4.5, 4.6499999999999995, 4.8, 4.95, 5.1, 5.25, 5.3999999999999995, 5.55, 5.7, 5.85, 6.0, 6.1499999999999995, 6.3, 6.45, 6.6, 6.75, 6.8999999999999995, 7.05, 7.199999999999999, 7.35, 7.5, 7.6499999999999995, 7.8, 7.949999999999999, 8.1, 8.25, 8.4, 8.549999999999999, 8.7, 8.85, 9.0, 9.15, 9.299999999999999, 9.45, 9.6, 9.75, 9.9, 10.049999999999999, 10.2, 10.35, 10.5, 10.65, 10.799999999999999, 10.95, 11.1, 11.25, 11.4, 11.549999999999999, 11.7, 11.85, 12.0, 12.15, 12.299999999999999, 12.45, 12.6, 12.75, 12.9, 13.049999999999999, 13.2, 13.35, 13.5, 13.65, 13.799999999999999, 13.95, 14.1, 14.25, 14.399999999999999, 14.549999999999999, 14.7, 14.85, 15.0, 15.149999999999999",2007R_GLUT1_647_WGA_594_0002,2007,R,True,49.1749476489625,False
"56769, 56898, 57484, 58955, 60428, 61768, 62872, 65428, 69929, 74518, 80083, 83337, 87936, 93901, 96488, 97206, 99927, 100825, 108296, 113173, 120184, 138422, 157245, 183744, 194419, 220033, 226978, 230930, 242843, 246412, 260560, 272915, 289587, 298211, 300932, 299507, 298116, 297023, 294608, 293878, 287090, 283593, 277555, 271046, 259900, 245222, 202514, 176975, 157465, 149652, 131678, 117985, 111086, 96922, 92921, 87935, 84189, 81734, 79152, 79240, 78376, 76945, 77383, 75942, 76050, 74877, 74680, 74657, 73626, 73242, 72807, 72481, 73688, 73145, 73425, 71964, 71911, 71141, 71732, 71834, 71051, 70852, 70584, 70795, 70795, 70768, 69791, 70092, 70580, 70241, 70127, 70257, 70265, 70429, 70018, 69238, 69177, 69336, 69522, 69584, 68996, 69223",20,DAPI,"0.0, 0.15, 0.3, 0.44999999999999996, 0.6, 0.75, 0.8999999999999999, 1.05, 1.2, 1.3499999999999999, 1.5, 1.65, 1.7999999999999998, 1.95, 2.1, 2.25, 2.4, 2.55, 2.6999999999999997, 2.85, 3.0, 3.15, 3.3, 3.4499999999999997, 3.5999999999999996, 3.75, 3.9, 4.05, 4.2, 4.35, 4.5, 4.6499999999999995, 4.8, 4.95, 5.1, 5.25, 5.3999999999999995, 5.55, 5.7, 5.85, 6.0, 6.1499999999999995, 6.3, 6.45, 6.6, 6.75, 6.8999999999999995, 7.05, 7.199999999999999, 7.35, 7.5, 7.6499999999999995, 7.8, 7.949999999999999, 8.1, 8.25, 8.4, 8.549999999999999, 8.7, 8.85, 9.0, 9.15, 9.299999999999999, 9.45, 9.6, 9.75, 9.9, 10.049999999999999, 10.2, 10.35, 10.5, 10.65, 10.799999999999999, 10.95, 11.1, 11.25, 11.4, 11.549999999999999, 11.7, 11.85, 12.0, 12.15, 12.299999999999999, 12.45, 12.6, 12.75, 12.9, 13.049999999999999, 13.2, 13.35, 13.5, 13.65, 13.799999999999999, 13.95, 14.1, 14.25, 14.399999999999999, 14.549999999999999, 14.7, 14.85, 15.0, 15.149999999999999",2007R_GLUT1_647_WGA_594_0002,2007,R,False,3.860617399438728,False
"8107, 8034, 8269, 8286, 8383, 8485, 8550, 8582, 9386, 10138, 11590, 12469, 13479, 14535, 14771, 14810, 15115, 15316, 15177, 15709, 16158, 16894, 17646, 19349, 20079, 21285, 21966, 21570, 21718, 21291, 20734, 20594, 20668, 19590, 17774, 16508, 16205, 15750, 15752, 15488, 14982, 14494, 13979, 13685, 13421, 13580, 13974, 14750, 14695, 15256, 15470, 15768, 16057, 16131, 16175, 15685, 15535, 15248, 15499, 15212, 15386, 15177, 15069, 14975, 15068, 14821, 15408, 15288, 15188, 15406, 15259, 15355, 15621, 15404, 15677, 15389, 15432, 15600, 15785, 15880, 15790, 15925, 15485, 16137, 15600, 15929, 16303, 15928, 16046, 15745, 15797, 16017, 15822, 16382, 16343, 16425, 16877, 17358, 18878, 19680, 20868, 20539",20,eGFP,"0.0, 0.15, 0.3, 0.44999999999999996, 0.6, 0.75, 0.8999999999999999, 1.05, 1.2, 1.3499999999999999, 1.5, 1.65, 1.7999999999999998, 1.95, 2.1, 2.25, 2.4, 2.55, 2.6999999999999997, 2.85, 3.0, 3.15, 3.3, 3.4499999999999997, 3.5999999999999996, 3.75, 3.9, 4.05, 4.2, 4.35, 4.5, 4.6499999999999995, 4.8, 4.95, 5.1, 5.25, 5.3999999999999995, 5.55, 5.7, 5.85, 6.0, 6.1499999999999995, 6.3, 6.45, 6.6, 6.75, 6.8999999999999995, 7.05, 7.199999999999999, 7.35, 7.5, 7.6499999999999995, 7.8, 7.949999999999999, 8.1, 8.25, 8.4, 8.549999999999999, 8.7, 8.85, 9.0, 9.15, 9.299999999999999, 9.45, 9.6, 9.75, 9.9, 10.049999999999999, 10.2, 10.35, 10.5, 10.65, 10.799999999999999, 10.95, 11.1, 11.25, 11.4, 11.549999999999999, 11.7, 11.85, 12.0, 12.15, 12.299999999999999, 12.45, 12.6, 12.75, 12.9, 13.049999999999999, 13.2, 13.35, 13.5, 13.65, 13.799999999999999, 13.95, 14.1, 14.25, 14.399999999999999, 14.549999999999999, 14.7, 14.85, 15.0, 15.149999999999999",2007R_GLUT1_647_WGA_594_0002,2007,R,False,3.860617399438728,False
"20767, 22072, 23440, 25338, 28274, 33040, 35584, 42981, 64732, 92704, 133663, 160364, 165006, 142759, 130168, 124496, 118379, 115882, 103164, 99161, 95949, 93266, 92430, 93087, 92262, 90734, 90188, 89969, 87325, 86431, 83490, 79064, 71597, 65322, 57312, 52331, 50576, 49904, 47632, 48080, 45521, 43932, 43768, 43806, 46900, 50331, 59163, 65084, 68874, 71433, 75228, 78369, 78701, 77167, 75322, 72184, 69303, 66247, 60503, 60674, 58738, 57175, 55762, 52914, 51141, 49356, 46791, 44790, 42799, 41368, 41127, 41168, 41040, 40278, 38971, 38139, 36609, 35535, 34612, 33920, 32663, 32078, 31949, 31635, 31302, 30787, 29769, 29563, 28683, 28150, 27383, 26949, 26802, 26242, 26321, 25954, 25326, 24877, 24577, 24484, 24112, 23792",20,WGA,"0.0, 0.15, 0.3, 0.44999999999999996, 0.6, 0.75, 0.8999999999999999, 1.05, 1.2, 1.3499999999999999, 1.5, 1.65, 1.7999999999999998, 1.95, 2.1, 2.25, 2.4, 2.55, 2.6999999999999997, 2.85, 3.0, 3.15, 3.3, 3.4499999999999997, 3.5999999999999996, 3.75, 3.9, 4.05, 4.2, 4.35, 4.5, 4.6499999999999995, 4.8, 4.95, 5.1, 5.25, 5.3999999999999995, 5.55, 5.7, 5.85, 6.0, 6.1499999999999995, 6.3, 6.45, 6.6, 6.75, 6.8999999999999995, 7.05, 7.199999999999999, 7.35, 7.5, 7.6499999999999995, 7.8, 7.949999999999999, 8.1, 8.25, 8.4, 8.549999999999999, 8.7, 8.85, 9.0, 9.15, 9.299999999999999, 9.45, 9.6, 9.75, 9.9, 10.049999999999999, 10.2, 10.35, 10.5, 10.65, 10.799999999999999, 10.95, 11.1, 11.25, 11.4, 11.549999999999999, 11.7, 11.85, 12.0, 12.15, 12.299999999999999, 12.45, 12.6, 12.75, 12.9, 13.049999999999999, 13.2, 13.35, 13.5, 13.65, 13.799999999999999, 13.95, 14.1, 14.25, 14.399999999999999, 14.549999999999999, 14.7, 14.85, 15.0, 15.149999999999999",2007R_GLUT1_647_WGA_594_0002,2007,R,False,3.860617399438728,False
"2245, 2455, 2850, 3184, 4014, 4949, 5346, 6985, 10936, 15332, 21381, 25166, 26414, 24308, 22769, 22368, 21310, 21167, 19843, 18835, 18449, 18060, 17476, 17408, 17078, 16592, 16271, 16244, 15878, 15695, 15001, 14313, 13060, 12051, 11163, 10822, 10918, 11125, 11192, 11002, 11244, 11248, 11203, 10472, 10233, 10336, 11160, 11900, 12533, 12810, 13248, 13025, 13261, 12459, 12055, 11507, 10961, 10481, 9765, 9704, 9331, 9254, 9078, 8685, 8301, 8121, 7929, 7883, 7625, 7513, 7544, 7701, 7576, 7492, 7363, 6993, 6816, 6405, 6050, 5646, 5240, 5077, 5030, 5053, 4910, 4726, 4496, 4152, 4195, 4056, 3793, 3818, 3814, 3638, 3631, 3661, 3329, 3330, 3081, 3139, 3055, 3063",20,GluT1,"0.0, 0.15, 0.3, 0.44999999999999996, 0.6, 0.75, 0.8999999999999999, 1.05, 1.2, 1.3499999999999999, 1.5, 1.65, 1.7999999999999998, 1.95, 2.1, 2.25, 2.4, 2.55, 2.6999999999999997, 2.85, 3.0, 3.15, 3.3, 3.4499999999999997, 3.5999999999999996, 3.75, 3.9, 4.05, 4.2, 4.35, 4.5, 4.6499999999999995, 4.8, 4.95, 5.1, 5.25, 5.3999999999999995, 5.55, 5.7, 5.85, 6.0, 6.1499999999999995, 6.3, 6.45, 6.6, 6.75, 6.8999999999999995, 7.05, 7.199999999999999, 7.35, 7.5, 7.6499999999999995, 7.8, 7.949999999999999, 8.1, 8.25, 8.4, 8.549999999999999, 8.7, 8.85, 9.0, 9.15, 9.299999999999999, 9.45, 9.6, 9.75, 9.9, 10.049999999999999, 10.2, 10.35, 10.5, 10.65, 10.799999999999999, 10.95, 11.1, 11.25, 11.4, 11.549999999999999, 11.7, 11.85, 12.0, 12.15, 12.299999999999999, 12.45, 12.6, 12.75, 12.9, 13.049999999999999, 13.2, 13.35, 13.5, 13.65, 13.799999999999999, 13.95, 14.1, 14.25, 14.399999999999999, 14.549999999999999, 14.7, 14.85, 15.0, 15.149999999999999",2007R_GLUT1_647_WGA_594_0002,2007,R,False,3.860617399438728,False
"29192, 29367, 30129, 30012, 30790, 31010, 31923, 32039, 33724, 35288, 37179, 38823, 40873, 42425, 43079, 43762, 43645, 44006, 44551, 45595, 45581, 45820, 48147, 49307, 51006, 54699, 56082, 56116, 59604, 61354, 66921, 73817, 88877, 98963, 107476, 115381, 117603, 118948, 122045, 121494, 125740, 132673, 136727, 139804, 142926, 140345, 131675, 123901, 117436, 112519, 105065, 94681, 89958, 72329, 65905, 56367, 52028, 47373, 43439, 44148, 42049, 41562, 41179, 39645, 40002, 39159, 38975, 38072, 37795, 37529, 37120, 37679, 37065, 36999, 37603, 36139, 36170, 36373, 36227, 35709, 36172, 35703, 35772, 35817, 35810, 35731, 35783, 35529, 35250, 35708, 35150, 35167, 35060, 34742, 35252, 34774, 34681, 35406, 34932, 34964, 34716, 34399",21,DAPI,"0.0, 0.15, 0.3, 0.44999999999999996, 0.6, 0.75, 0.8999999999999999, 1.05, 1.2, 1.3499999999999999, 1.5, 1.65, 1.7999999999999998, 1.95, 2.1, 2.25, 2.4, 2.55, 2.6999999999999997, 2.85, 3.0, 3.15, 3.3, 3.4499999999999997, 3.5999999999999996, 3.75, 3.9, 4.05, 4.2, 4.35, 4.5, 4.6499999999999995, 4.8, 4.95, 5.1, 5.25, 5.3999999999999995, 5.55, 5.7, 5.85, 6.0, 6.1499999999999995, 6.3, 6.45, 6.6, 6.75, 6.8999999999999995, 7.05, 7.199999999999999, 7.35, 7.5, 7.6499999999999995, 7.8, 7.949999999999999, 8.1, 8.25, 8.4, 8.549999999999999, 8.7, 8.85, 9.0, 9.15, 9.299999999999999, 9.45, 9.6, 9.75, 9.9, 10.049999999999999, 10.2, 10.35, 10.5, 10.65, 10.799999999999999, 10.95, 11.1, 11.25, 11.4, 11.549999999999999, 11.7, 11.85, 12.0, 12.15, 12.299999999999999, 12.45, 12.6, 12.75, 12.9, 13.049999999999999, 13.2, 13.35, 13.5, 13.65, 13.799999999999999, 13.95, 14.1, 14.25, 14.399999999999999, 14.549999999999999, 14.7, 14.85, 15.0, 15.149999999999999",2007R_GLUT1_647_WGA_594_0002,2007,R,False,3.1619217081850532,False
"4517, 4666, 4805, 4855, 5034, 5145, 5365, 5514, 6264, 6998, 7998, 9496, 11730, 15135, 16793, 18128, 20058, 20713, 27927, 30879, 35527, 42221, 44722, 46677, 47599, 45089, 45313, 44451, 42544, 41555, 38773, 36066, 28242, 21719, 15229, 12374, 11610, 11358, 10191, 10379, 9366, 8524, 8184, 7533, 7108, 7158, 6929, 6978, 6865, 6843, 7148, 7118, 7345, 7633, 7770, 7820, 7999, 8050, 8071, 8006, 7923, 7702, 8018, 7892, 8114, 8022, 8296, 8594, 8240, 8540, 8459, 8349, 8341, 8235, 8252, 8253, 8183, 8079, 8113, 8036, 8012, 7932, 7917, 8190, 7985, 7943, 7998, 8128, 8478, 8447, 8802, 9009, 8997, 9021, 9248, 9423, 9756, 9958, 10444, 10780, 12360, 13366",21,eGFP,"0.0, 0.15, 0.3, 0.44999999999999996, 0.6, 0.75, 0.8999999999999999, 1.05, 1.2, 1.3499999999999999, 1.5, 1.65, 1.7999999999999998, 1.95, 2.1, 2.25, 2.4, 2.55, 2.6999999999999997, 2.85, 3.0, 3.15, 3.3, 3.4499999999999997, 3.5999999999999996, 3.75, 3.9, 4.05, 4.2, 4.35, 4.5, 4.6499999999999995, 4.8, 4.95, 5.1, 5.25, 5.3999999999999995, 5.55, 5.7, 5.85, 6.0, 6.1499999999999995, 6.3, 6.45, 6.6, 6.75, 6.8999999999999995, 7.05, 7.199999999999999, 7.35, 7.5, 7.6499999999999995, 7.8, 7.949999999999999, 8.1, 8.25, 8.4, 8.549999999999999, 8.7, 8.85, 9.0, 9.15, 9.299999999999999, 9.45, 9.6, 9.75, 9.9, 10.049999999999999, 10.2, 10.35, 10.5, 10.65, 10.799999999999999, 10.95, 11.1, 11.25, 11.4, 11.549999999999999, 11.7, 11.85, 12.0, 12.15, 12.299999999999999, 12.45, 12.6, 12.75, 12.9, 13.049999999999999, 13.2, 13.35, 13.5, 13.65, 13.799999999999999, 13.95, 14.1, 14.25, 14.399999999999999, 14.549999999999999, 14.7, 14.85, 15.0, 15.149999999999999",2007R_GLUT1_647_WGA_594_0002,2007,R,False,3.1619217081850532,False
"11019, 11850, 12621, 13716, 15355, 18043, 19488, 23813, 36586, 54119, 80849, 102765, 107407, 88121, 77993, 73480, 69279, 67135, 59163, 56273, 54538, 51560, 50547, 49747, 49608, 49486, 49414, 49245, 48914, 48447, 47802, 47036, 43750, 38822, 31717, 27094, 25034, 24504, 22990, 23203, 21398, 19964, 19066, 18201, 18110, 19010, 20891, 22557, 24215, 25075, 27919, 31250, 33354, 39374, 41781, 43039, 42264, 39994, 35480, 35378, 34227, 32739, 31430, 29104, 28023, 26982, 25564, 24184, 23174, 22345, 22222, 22539, 22163, 21808, 21220, 20765, 19720, 19071, 18333, 17668, 17011, 16610, 16591, 16264, 16052, 15638, 15276, 14892, 14580, 14124, 13895, 13542, 13427, 13165, 13185, 12986, 12645, 12693, 12356, 12277, 12117, 11969",21,WGA,"0.0, 0.15, 0.3, 0.44999999999999996, 0.6, 0.75, 0.8999999999999999, 1.05, 1.2, 1.3499999999999999, 1.5, 1.65, 1.7999999999999998, 1.95, 2.1, 2.25, 2.4, 2.55, 2.6999999999999997, 2.85, 3.0, 3.15, 3.3, 3.4499999999999997, 3.5999999999999996, 3.75, 3.9, 4.05, 4.2, 4.35, 4.5, 4.6499999999999995, 4.8, 4.95, 5.1, 5.25, 5.3999999999999995, 5.55, 5.7, 5.85, 6.0, 6.1499999999999995, 6.3, 6.45, 6.6, 6.75, 6.8999999999999995, 7.05, 7.199999999999999, 7.35, 7.5, 7.6499999999999995, 7.8, 7.949999999999999, 8.1, 8.25, 8.4, 8.549999999999999, 8.7, 8.85, 9.0, 9.15, 9.299999999999999, 9.45, 9.6, 9.75, 9.9, 10.049999999999999, 10.2, 10.35, 10.5, 10.65, 10.799999999999999, 10.95, 11.1, 11.25, 11.4, 11.549999999999999, 11.7, 11.85, 12.0, 12.15, 12.299999999999999, 12.45, 12.6, 12.75, 12.9, 13.049999999999999, 13.2, 13.35, 13.5, 13.65, 13.799999999999999, 13.95, 14.1, 14.25, 14.399999999999999, 14.549999999999999, 14.7, 14.85, 15.0, 15.149999999999999",2007R_GLUT1_647_WGA_594_0002,2007,R,False,3.1619217081850532,False
"1126, 1340, 1444, 1700, 2171, 2704, 2920, 3695, 5900, 8385, 11861, 14240, 15626, 14350, 13600, 13247, 12686, 12295, 10817, 10405, 9952, 9125, 8779, 8497, 8274, 8298, 8431, 8402, 8520, 8365, 8406, 8504, 8174, 7519, 6774, 6071, 5565, 5431, 5153, 5091, 4528, 4407, 4005, 3790, 3613, 3718, 3771, 3897, 4067, 4142, 4321, 4702, 4775, 5253, 5384, 5587, 5335, 5192, 4627, 4610, 4310, 4271, 4040, 3919, 3753, 3708, 3434, 3244, 3099, 3029, 2966, 3066, 3000, 2942, 2908, 2672, 2631, 2490, 2330, 2271, 2106, 2010, 2034, 1963, 2042, 1975, 1913, 1779, 1815, 1699, 1678, 1637, 1655, 1563, 1533, 1546, 1477, 1510, 1490, 1449, 1358, 1355",21,GluT1,"0.0, 0.15, 0.3, 0.44999999999999996, 0.6, 0.75, 0.8999999999999999, 1.05, 1.2, 1.3499999999999999, 1.5, 1.65, 1.7999999999999998, 1.95, 2.1, 2.25, 2.4, 2.55, 2.6999999999999997, 2.85, 3.0, 3.15, 3.3, 3.4499999999999997, 3.5999999999999996, 3.75, 3.9, 4.05, 4.2, 4.35, 4.5, 4.6499999999999995, 4.8, 4.95, 5.1, 5.25, 5.3999999999999995, 5.55, 5.7, 5.85, 6.0, 6.1499999999999995, 6.3, 6.45, 6.6, 6.75, 6.8999999999999995, 7.05, 7.199999999999999, 7.35, 7.5, 7.6499999999999995, 7.8, 7.949999999999999, 8.1, 8.25, 8.4, 8.549999999999999, 8.7, 8.85, 9.0, 9.15, 9.299999999999999, 9.45, 9.6, 9.75, 9.9, 10.049999999999999, 10.2, 10.35, 10.5, 10.65, 10.799999999999999, 10.95, 11.1, 11.25, 11.4, 11.549999999999999, 11.7, 11.85, 12.0, 12.15, 12.299999999999999, 12.45, 12.6, 12.75, 12.9, 13.049999999999999, 13.2, 13.35, 13.5, 13.65, 13.799999999999999, 13.95, 14.1, 14.25, 14.399999999999999, 14.549999999999999, 14.7, 14.85, 15.0, 15.149999999999999",2007R_GLUT1_647_WGA_594_0002,2007,R,False,3.1619217081850532,False
"66665, 66864, 67137, 68580, 69878, 70247, 72277, 74058, 79811, 82618, 88286, 90937, 96237, 99700, 101514, 101753, 103897, 104250, 107846, 108942, 112382, 121028, 128359, 141739, 150150, 170660, 178040, 179929, 194989, 199263, 219451, 241896, 274223, 298376, 322607, 333843, 340312, 340398, 344464, 344244, 347283, 345337, 342360, 323217, 302328, 282289, 254118, 239408, 228412, 220528, 204562, 189911, 178294, 145612, 131626, 116970, 109672, 103819, 98216, 97946, 96460, 95219, 94209, 93016, 91708, 91945, 91251, 89974, 89043, 88769, 88787, 87957, 87661, 87441, 87597, 86917, 86460, 85950, 85245, 85450, 84733, 84262, 85009, 84600, 84540, 84327, 85255, 83955, 84276, 84332, 83865, 84196, 83351, 83052, 83623, 83070, 83172, 83512, 83258, 82839, 83214, 82431",22,DAPI,"0.0, 0.15, 0.3, 0.44999999999999996, 0.6, 0.75, 0.8999999999999999, 1.05, 1.2, 1.3499999999999999, 1.5, 1.65, 1.7999999999999998, 1.95, 2.1, 2.25, 2.4, 2.55, 2.6999999999999997, 2.85, 3.0, 3.15, 3.3, 3.4499999999999997, 3.5999999999999996, 3.75, 3.9, 4.05, 4.2, 4.35, 4.5, 4.6499999999999995, 4.8, 4.95, 5.1, 5.25, 5.3999999999999995, 5.55, 5.7, 5.85, 6.0, 6.1499999999999995, 6.3, 6.45, 6.6, 6.75, 6.8999999999999995, 7.05, 7.199999999999999, 7.35, 7.5, 7.6499999999999995, 7.8, 7.949999999999999, 8.1, 8.25, 8.4, 8.549999999999999, 8.7, 8.85, 9.0, 9.15, 9.299999999999999, 9.45, 9.6, 9.75, 9.9, 10.049999999999999, 10.2, 10.35, 10.5, 10.65, 10.799999999999999, 10.95, 11.1, 11.25, 11.4, 11.549999999999999, 11.7, 11.85, 12.0, 12.15, 12.299999999999999, 12.45, 12.6, 12.75, 12.9, 13.049999999999999, 13.2, 13.35, 13.5, 13.65, 13.799999999999999, 13.95, 14.1, 14.25, 14.399999999999999, 14.549999999999999, 14.7, 14.85, 15.0, 15.149999999999999",2007R_GLUT1_647_WGA_594_0002,2007,R,False,3.289227166276347,False
"9734, 9816, 9983, 10089, 10371, 10527, 10766, 10817, 12006, 13094, 15234, 16826, 18956, 22677, 24091, 25002, 25939, 26584, 30876, 34335, 36805, 43649, 48581, 54513, 55793, 56083, 54879, 53520, 48282, 47550, 40432, 33665, 26431, 23273, 20545, 19031, 18255, 17957, 17575, 17567, 16854, 16350, 15800, 15647, 15487, 15441, 15526, 15900, 15677, 16046, 16316, 16159, 16394, 17133, 17232, 17430, 17757, 17714, 17947, 18110, 18086, 17786, 18096, 18241, 18121, 17794, 18194, 17920, 18327, 18331, 18252, 18210, 18331, 18115, 18318, 17766, 18288, 18112, 18268, 18393, 18270, 18117, 18301, 18073, 18202, 18252, 18547, 18192, 18455, 18889, 18947, 19535, 19909, 21095, 20837, 21921, 23543, 24675, 24790, 24221, 23347, 22669",22,eGFP,"0.0, 0.15, 0.3, 0.44999999999999996, 0.6, 0.75, 0.8999999999999999, 1.05, 1.2, 1.3499999999999999, 1.5, 1.65, 1.7999999999999998, 1.95, 2.1, 2.25, 2.4, 2.55, 2.6999999999999997, 2.85, 3.0, 3.15, 3.3, 3.4499999999999997, 3.5999999999999996, 3.75, 3.9, 4.05, 4.2, 4.35, 4.5, 4.6499999999999995, 4.8, 4.95, 5.1, 5.25, 5.3999999999999995, 5.55, 5.7, 5.85, 6.0, 6.1499999999999995, 6.3, 6.45, 6.6, 6.75, 6.8999999999999995, 7.05, 7.199999999999999, 7.35, 7.5, 7.6499999999999995, 7.8, 7.949999999999999, 8.1, 8.25, 8.4, 8.549999999999999, 8.7, 8.85, 9.0, 9.15, 9.299999999999999, 9.45, 9.6, 9.75, 9.9, 10.049999999999999, 10.2, 10.35, 10.5, 10.65, 10.799999999999999, 10.95, 11.1, 11.25, 11.4, 11.549999999999999, 11.7, 11.85, 12.0, 12.15, 12.299999999999999, 12.45, 12.6, 12.75, 12.9, 13.049999999999999, 13.2, 13.35, 13.5, 13.65, 13.799999999999999, 13.95, 14.1, 14.25, 14.399999999999999, 14.549999999999999, 14.7, 14.85, 15.0, 15.149999999999999",2007R_GLUT1_647_WGA_594_0002,2007,R,False,3.289227166276347,False
"24973, 26446, 28184, 30305, 33861, 39611, 42683, 52407, 79836, 117036, 171767, 211889, 218427, 186097, 168966, 161192, 151413, 148081, 130365, 123624, 118640, 111126, 106850, 102766, 100899, 96088, 94854, 94045, 91790, 90819, 87352, 82686, 74202, 66863, 58100, 53291, 52125, 51279, 49764, 50269, 49011, 48263, 48067, 48116, 49303, 50420, 53986, 57347, 60064, 61690, 65828, 70092, 72499, 79279, 80639, 80857, 79800, 76667, 72152, 72180, 70841, 69668, 67303, 63484, 61680, 59654, 56725, 54483, 51559, 50176, 49842, 50032, 49455, 48888, 47577, 45691, 43484, 42420, 40865, 39803, 38347, 37619, 37625, 37143, 37029, 36073, 35032, 34827, 34001, 33490, 32337, 32072, 31571, 30841, 31172, 30587, 29978, 29607, 29050, 28461, 28174, 27836",22,WGA,"0.0, 0.15, 0.3, 0.44999999999999996, 0.6, 0.75, 0.8999999999999999, 1.05, 1.2, 1.3499999999999999, 1.5, 1.65, 1.7999999999999998, 1.95, 2.1, 2.25, 2.4, 2.55, 2.6999999999999997, 2.85, 3.0, 3.15, 3.3, 3.4499999999999997, 3.5999999999999996, 3.75, 3.9, 4.05, 4.2, 4.35, 4.5, 4.6499999999999995, 4.8, 4.95, 5.1, 5.25, 5.3999999999999995, 5.55, 5.7, 5.85, 6.0, 6.1499999999999995, 6.3, 6.45, 6.6, 6.75, 6.8999999999999995, 7.05, 7.199999999999999, 7.35, 7.5, 7.6499999999999995, 7.8, 7.949999999999999, 8.1, 8.25, 8.4, 8.549999999999999, 8.7, 8.85, 9.0, 9.15, 9.299999999999999, 9.45, 9.6, 9.75, 9.9, 10.049999999999999, 10.2, 10.35, 10.5, 10.65, 10.799999999999999, 10.95, 11.1, 11.25, 11.4, 11.549999999999999, 11.7, 11.85, 12.0, 12.15, 12.299999999999999, 12.45, 12.6, 12.75, 12.9, 13.049999999999999, 13.2, 13.35, 13.5, 13.65, 13.799999999999999, 13.95, 14.1, 14.25, 14.399999999999999, 14.549999999999999, 14.7, 14.85, 15.0, 15.149999999999999",2007R_GLUT1_647_WGA_594_0002,2007,R,False,3.289227166276347,False
"2575, 3091, 3365, 3917, 4811, 6208, 6873, 8992, 14744, 21245, 29932, 35527, 36939, 33727, 31102, 30179, 28929, 28476, 25593, 24728, 23808, 22024, 20958, 19979, 19620, 18875, 18467, 18374, 17789, 17456, 16700, 15713, 14185, 12712, 11151, 10328, 10320, 10104, 9781, 9630, 9414, 9021, 8844, 8856, 8862, 8907, 9418, 9642, 9931, 10251, 10475, 11019, 11281, 11752, 11946, 11834, 11371, 10878, 10171, 10246, 9986, 9874, 9678, 9050, 8836, 8499, 8174, 7690, 7333, 6935, 6872, 7096, 6913, 6880, 6631, 6402, 6237, 6037, 5855, 5748, 5773, 5717, 5667, 5821, 5745, 5822, 5625, 5655, 5522, 5412, 5306, 5220, 5320, 5225, 5166, 5268, 4969, 4752, 4261, 4045, 3859, 3786",22,GluT1,"0.0, 0.15, 0.3, 0.44999999999999996, 0.6, 0.75, 0.8999999999999999, 1.05, 1.2, 1.3499999999999999, 1.5, 1.65, 1.7999999999999998, 1.95, 2.1, 2.25, 2.4, 2.55, 2.6999999999999997, 2.85, 3.0, 3.15, 3.3, 3.4499999999999997, 3.5999999999999996, 3.75, 3.9, 4.05, 4.2, 4.35, 4.5, 4.6499999999999995, 4.8, 4.95, 5.1, 5.25, 5.3999999999999995, 5.55, 5.7, 5.85, 6.0, 6.1499999999999995, 6.3, 6.45, 6.6, 6.75, 6.8999999999999995, 7.05, 7.199999999999999, 7.35, 7.5, 7.6499999999999995, 7.8, 7.949999999999999, 8.1, 8.25, 8.4, 8.549999999999999, 8.7, 8.85, 9.0, 9.15, 9.299999999999999, 9.45, 9.6, 9.75, 9.9, 10.049999999999999, 10.2, 10.35, 10.5, 10.65, 10.799999999999999, 10.95, 11.1, 11.25, 11.4, 11.549999999999999, 11.7, 11.85, 12.0, 12.15, 12.299999999999999, 12.45, 12.6, 12.75, 12.9, 13.049999999999999, 13.2, 13.35, 13.5, 13.65, 13.799999999999999, 13.95, 14.1, 14.25, 14.399999999999999, 14.549999999999999, 14.7, 14.85, 15.0, 15.149999999999999",2007R_GLUT1_647_WGA_594_0002,2007,R,False,3.289227166276347,False
"61101, 61783, 61990, 64364, 64997, 66974, 66642, 69882, 76093, 80701, 87034, 89993, 94875, 98870, 101203, 102520, 103623, 106988, 114068, 119887, 124652, 145380, 161123, 181469, 189516, 204527, 209125, 211206, 219595, 223473, 234536, 248867, 268143, 287749, 306276, 320415, 319851, 321916, 322601, 322691, 320304, 314899, 304562, 285350, 257141, 237392, 205180, 187059, 172374, 163704, 145406, 127942, 121261, 102976, 97054, 92646, 88887, 86971, 83980, 84178, 83045, 82567, 82910, 80717, 80396, 80525, 79214, 78172, 78436, 78207, 78607, 77472, 77654, 78435, 77340, 77512, 77221, 77157, 77931, 77030, 77855, 77529, 77839, 77458, 77577, 77781, 77839, 79188, 79719, 80960, 80945, 81045, 81785, 81771, 81809, 81364, 80725, 80837, 78839, 79091, 77715, 76925",23,DAPI,"0.0, 0.15, 0.3, 0.44999999999999996, 0.6, 0.75, 0.8999999999999999, 1.05, 1.2, 1.3499999999999999, 1.5, 1.65, 1.7999999999999998, 1.95, 2.1, 2.25, 2.4, 2.55, 2.6999999999999997, 2.85, 3.0, 3.15, 3.3, 3.4499999999999997, 3.5999999999999996, 3.75, 3.9, 4.05, 4.2, 4.35, 4.5, 4.6499999999999995, 4.8, 4.95, 5.1, 5.25, 5.3999999999999995, 5.55, 5.7, 5.85, 6.0, 6.1499999999999995, 6.3, 6.45, 6.6, 6.75, 6.8999999999999995, 7.05, 7.199999999999999, 7.35, 7.5, 7.6499999999999995, 7.8, 7.949999999999999, 8.1, 8.25, 8.4, 8.549999999999999, 8.7, 8.85, 9.0, 9.15, 9.299999999999999, 9.45, 9.6, 9.75, 9.9, 10.049999999999999, 10.2, 10.35, 10.5, 10.65, 10.799999999999999, 10.95, 11.1, 11.25, 11.4, 11.549999999999999, 11.7, 11.85, 12.0, 12.15, 12.299999999999999, 12.45, 12.6, 12.75, 12.9, 13.049999999999999, 13.2, 13.35, 13.5, 13.65, 13.799999999999999, 13.95, 14.1, 14.25, 14.399999999999999, 14.549999999999999, 14.7, 14.85, 15.0, 15.149999999999999",2007R_GLUT1_647_WGA_594_0002,2007,R,False,2.865952890792291,False
"8820, 8853, 8954, 9052, 9045, 9289, 9360, 9340, 10211, 11118, 12592, 13959, 15499, 17034, 18222, 18350, 18372, 18623, 19120, 19104, 18979, 18932, 18770, 18306, 18343, 17904, 17771, 17701, 17127, 16842, 15963, 15336, 14810, 14098, 13872, 13615, 13531, 13493, 13505, 13384, 13301, 13062, 13161, 13091, 13152, 13632, 14023, 14135, 14086, 14100, 14846, 14404, 14916, 14882, 15328, 15199, 15280, 15280, 15818, 15665, 15439, 15282, 15295, 15391, 15435, 15748, 15765, 15644, 15768, 15836, 15890, 15523, 15844, 15659, 15556, 15557, 15617, 15469, 15528, 15381, 15304, 15168, 15326, 15617, 15407, 15158, 15498, 15298, 15587, 15429, 15417, 15122, 15326, 15544, 15488, 15713, 16090, 16370, 16295, 15963, 16331, 16450",23,eGFP,"0.0, 0.15, 0.3, 0.44999999999999996, 0.6, 0.75, 0.8999999999999999, 1.05, 1.2, 1.3499999999999999, 1.5, 1.65, 1.7999999999999998, 1.95, 2.1, 2.25, 2.4, 2.55, 2.6999999999999997, 2.85, 3.0, 3.15, 3.3, 3.4499999999999997, 3.5999999999999996, 3.75, 3.9, 4.05, 4.2, 4.35, 4.5, 4.6499999999999995, 4.8, 4.95, 5.1, 5.25, 5.3999999999999995, 5.55, 5.7, 5.85, 6.0, 6.1499999999999995, 6.3, 6.45, 6.6, 6.75, 6.8999999999999995, 7.05, 7.199999999999999, 7.35, 7.5, 7.6499999999999995, 7.8, 7.949999999999999, 8.1, 8.25, 8.4, 8.549999999999999, 8.7, 8.85, 9.0, 9.15, 9.299999999999999, 9.45, 9.6, 9.75, 9.9, 10.049999999999999, 10.2, 10.35, 10.5, 10.65, 10.799999999999999, 10.95, 11.1, 11.25, 11.4, 11.549999999999999, 11.7, 11.85, 12.0, 12.15, 12.299999999999999, 12.45, 12.6, 12.75, 12.9, 13.049999999999999, 13.2, 13.35, 13.5, 13.65, 13.799999999999999, 13.95, 14.1, 14.25, 14.399999999999999, 14.549999999999999, 14.7, 14.85, 15.0, 15.149999999999999",2007R_GLUT1_647_WGA_594_0002,2007,R,False,2.865952890792291,False
"23162, 24835, 26452, 28742, 32230, 37954, 40716, 49527, 75533, 108070, 152731, 181984, 181293, 155038, 143789, 137361, 132901, 129502, 118165, 114003, 110254, 104377, 100853, 96391, 94097, 88640, 87539, 86493, 83174, 82154, 77147, 72591, 67600, 63033, 57755, 54104, 52703, 51614, 49924, 50175, 47575, 46336, 45954, 46997, 49327, 52768, 59843, 64887, 68551, 71108, 75992, 80545, 82623, 86242, 86044, 83732, 81951, 78283, 72938, 73445, 71078, 69995, 67700, 63631, 60884, 58517, 55257, 52797, 49791, 48189, 48134, 48191, 47444, 46735, 45779, 44437, 42378, 41291, 39258, 38075, 36873, 35974, 36102, 35430, 35161, 34650, 33604, 32933, 31803, 31190, 30065, 29677, 29176, 28676, 28642, 28259, 27417, 27072, 26766, 26130, 25853, 25380",23,WGA,"0.0, 0.15, 0.3, 0.44999999999999996, 0.6, 0.75, 0.8999999999999999, 1.05, 1.2, 1.3499999999999999, 1.5, 1.65, 1.7999999999999998, 1.95, 2.1, 2.25, 2.4, 2.55, 2.6999999999999997, 2.85, 3.0, 3.15, 3.3, 3.4499999999999997, 3.5999999999999996, 3.75, 3.9, 4.05, 4.2, 4.35, 4.5, 4.6499999999999995, 4.8, 4.95, 5.1, 5.25, 5.3999999999999995, 5.55, 5.7, 5.85, 6.0, 6.1499999999999995, 6.3, 6.45, 6.6, 6.75, 6.8999999999999995, 7.05, 7.199999999999999, 7.35, 7.5, 7.6499999999999995, 7.8, 7.949999999999999, 8.1, 8.25, 8.4, 8.549999999999999, 8.7, 8.85, 9.0, 9.15, 9.299999999999999, 9.45, 9.6, 9.75, 9.9, 10.049999999999999, 10.2, 10.35, 10.5, 10.65, 10.799999999999999, 10.95, 11.1, 11.25, 11.4, 11.549999999999999, 11.7, 11.85, 12.0, 12.15, 12.299999999999999, 12.45, 12.6, 12.75, 12.9, 13.049999999999999, 13.2, 13.35, 13.5, 13.65, 13.799999999999999, 13.95, 14.1, 14.25, 14.399999999999999, 14.549999999999999, 14.7, 14.85, 15.0, 15.149999999999999",2007R_GLUT1_647_WGA_594_0002,2007,R,False,2.865952890792291,False
"2292, 2734, 3091, 3518, 4376, 5461, 5945, 7671, 11982, 16919, 23197, 27613, 28814, 27878, 26953, 26578, 25946, 25708, 24762, 24224, 23747, 22769, 22078, 21437, 20860, 20022, 19394, 19707, 18992, 18550, 17747, 16884, 15712, 14800, 13360, 12596, 12224, 11859, 11496, 11516, 10823, 10367, 10382, 10388, 10478, 10896, 11558, 12033, 12420, 12783, 12989, 13388, 13705, 13475, 13143, 12544, 11920, 11362, 10337, 10406, 10133, 9916, 9649, 9134, 8812, 8447, 7942, 7593, 6955, 6973, 6756, 7114, 6836, 6672, 6552, 6238, 6013, 5894, 5567, 5445, 5216, 5102, 5157, 5167, 5097, 4880, 4673, 4500, 4350, 4054, 4077, 3935, 3881, 3872, 3784, 3780, 3639, 3595, 3400, 3340, 3129, 3097",23,GluT1,"0.0, 0.15, 0.3, 0.44999999999999996, 0.6, 0.75, 0.8999999999999999, 1.05, 1.2, 1.3499999999999999, 1.5, 1.65, 1.7999999999999998, 1.95, 2.1, 2.25, 2.4, 2.55, 2.6999999999999997, 2.85, 3.0, 3.15, 3.3, 3.4499999999999997, 3.5999999999999996, 3.75, 3.9, 4.05, 4.2, 4.35, 4.5, 4.6499999999999995, 4.8, 4.95, 5.1, 5.25, 5.3999999999999995, 5.55, 5.7, 5.85, 6.0, 6.1499999999999995, 6.3, 6.45, 6.6, 6.75, 6.8999999999999995, 7.05, 7.199999999999999, 7.35, 7.5, 7.6499999999999995, 7.8, 7.949999999999999, 8.1, 8.25, 8.4, 8.549999999999999, 8.7, 8.85, 9.0, 9.15, 9.299999999999999, 9.45, 9.6, 9.75, 9.9, 10.049999999999999, 10.2, 10.35, 10.5, 10.65, 10.799999999999999, 10.95, 11.1, 11.25, 11.4, 11.549999999999999, 11.7, 11.85, 12.0, 12.15, 12.299999999999999, 12.45, 12.6, 12.75, 12.9, 13.049999999999999, 13.2, 13.35, 13.5, 13.65, 13.799999999999999, 13.95, 14.1, 14.25, 14.399999999999999, 14.549999999999999, 14.7, 14.85, 15.0, 15.149999999999999",2007R_GLUT1_647_WGA_594_0002,2007,R,False,2.865952890792291,False
"9548, 9849, 10049, 9676, 10444, 10113, 10763, 10652, 11643, 12058, 12370, 13100, 13349, 13359, 13501, 13509, 13645, 13717, 13791, 13926, 13957, 14268, 14852, 15015, 15709, 16496, 16932, 16734, 17935, 18121, 19947, 21682, 25062, 26922, 29055, 29271, 29900, 29615, 29843, 29849, 29206, 28876, 28414, 27922, 25285, 23776, 21365, 19335, 17909, 17259, 16522, 15857, 15383, 14909, 14825, 14028, 13998, 13909, 13727, 13581, 13150, 13302, 13409, 13144, 12884, 12481, 12606, 12725, 12564, 12650, 12704, 12651, 12693, 12510, 12316, 12429, 12263, 12511, 12117, 12282, 12452, 12068, 12238, 12350, 12334, 12400, 11972, 12310, 12097, 11843, 12421, 12088, 12020, 12021, 12416, 12278, 12270, 12310, 11838, 12128, 11823, 11777",24,DAPI,"0.0, 0.15, 0.3, 0.44999999999999996, 0.6, 0.75, 0.8999999999999999, 1.05, 1.2, 1.3499999999999999, 1.5, 1.65, 1.7999999999999998, 1.95, 2.1, 2.25, 2.4, 2.55, 2.6999999999999997, 2.85, 3.0, 3.15, 3.3, 3.4499999999999997, 3.5999999999999996, 3.75, 3.9, 4.05, 4.2, 4.35, 4.5, 4.6499999999999995, 4.8, 4.95, 5.1, 5.25, 5.3999999999999995, 5.55, 5.7, 5.85, 6.0, 6.1499999999999995, 6.3, 6.45, 6.6, 6.75, 6.8999999999999995, 7.05, 7.199999999999999, 7.35, 7.5, 7.6499999999999995, 7.8, 7.949999999999999, 8.1, 8.25, 8.4, 8.549999999999999, 8.7, 8.85, 9.0, 9.15, 9.299999999999999, 9.45, 9.6, 9.75, 9.9, 10.049999999999999, 10.2, 10.35, 10.5, 10.65, 10.799999999999999, 10.95, 11.1, 11.25, 11.4, 11.549999999999999, 11.7, 11.85, 12.0, 12.15, 12.299999999999999, 12.45, 12.6, 12.75, 12.9, 13.049999999999999, 13.2, 13.35, 13.5, 13.65, 13.799999999999999, 13.95, 14.1, 14.25, 14.399999999999999, 14.549999999999999, 14.7, 14.85, 15.0, 15.149999999999999",2007R_GLUT1_647_WGA_594_0002,2007,R,False,3.6066225165562913,False
"1524, 1586, 1579, 1589, 1657, 1724, 1794, 1822, 2180, 2597, 3148, 3981, 5412, 7087, 7628, 7886, 8072, 8427, 8934, 9146, 8970, 9312, 9414, 9191, 9338, 9634, 9674, 9445, 9248, 9231, 8937, 8058, 6640, 5289, 3945, 3456, 3231, 3189, 2906, 2962, 2723, 2635, 2518, 2398, 2317, 2358, 2380, 2525, 2433, 2516, 2672, 2633, 2713, 2764, 2801, 2786, 2791, 2661, 2628, 2646, 2572, 2534, 2441, 2606, 2577, 2438, 2515, 2589, 2540, 2469, 2648, 2681, 2531, 2522, 2608, 2606, 2583, 2621, 2617, 2595, 2530, 2493, 2426, 2506, 2473, 2538, 2547, 2492, 2575, 2541, 2704, 2679, 2555, 2649, 2727, 2764, 2835, 3043, 3134, 3161, 3254, 3344",24,eGFP,"0.0, 0.15, 0.3, 0.44999999999999996, 0.6, 0.75, 0.8999999999999999, 1.05, 1.2, 1.3499999999999999, 1.5, 1.65, 1.7999999999999998, 1.95, 2.1, 2.25, 2.4, 2.55, 2.6999999999999997, 2.85, 3.0, 3.15, 3.3, 3.4499999999999997, 3.5999999999999996, 3.75, 3.9, 4.05, 4.2, 4.35, 4.5, 4.6499999999999995, 4.8, 4.95, 5.1, 5.25, 5.3999999999999995, 5.55, 5.7, 5.85, 6.0, 6.1499999999999995, 6.3, 6.45, 6.6, 6.75, 6.8999999999999995, 7.05, 7.199999999999999, 7.35, 7.5, 7.6499999999999995, 7.8, 7.949999999999999, 8.1, 8.25, 8.4, 8.549999999999999, 8.7, 8.85, 9.0, 9.15, 9.299999999999999, 9.45, 9.6, 9.75, 9.9, 10.049999999999999, 10.2, 10.35, 10.5, 10.65, 10.799999999999999, 10.95, 11.1, 11.25, 11.4, 11.549999999999999, 11.7, 11.85, 12.0, 12.15, 12.299999999999999, 12.45, 12.6, 12.75, 12.9, 13.049999999999999, 13.2, 13.35, 13.5, 13.65, 13.799999999999999, 13.95, 14.1, 14.25, 14.399999999999999, 14.549999999999999, 14.7, 14.85, 15.0, 15.149999999999999",2007R_GLUT1_647_WGA_594_0002,2007,R,False,3.6066225165562913,False
"3596, 3880, 4124, 4585, 5201, 5972, 6558, 8089, 11932, 16299, 21288, 24633, 25439, 22214, 21170, 19860, 19068, 18499, 16613, 15959, 15374, 14624, 14426, 14118, 14099, 14004, 13786, 13521, 13453, 13351, 12987, 12190, 10965, 9774, 8376, 7652, 7450, 7426, 7227, 7056, 6968, 6832, 6739, 6876, 7298, 7511, 8514, 9306, 10159, 10582, 11385, 12475, 12750, 13289, 13016, 12453, 11761, 11023, 10117, 10123, 9779, 9466, 9156, 8699, 8344, 8098, 7683, 7379, 6869, 6656, 6647, 6569, 6582, 6368, 6347, 6162, 5767, 5693, 5606, 5430, 5283, 5240, 5130, 5050, 4989, 4988, 4831, 4739, 4622, 4510, 4467, 4370, 4376, 4323, 4258, 4272, 4184, 4118, 4050, 3986, 3828, 3838",24,WGA,"0.0, 0.15, 0.3, 0.44999999999999996, 0.6, 0.75, 0.8999999999999999, 1.05, 1.2, 1.3499999999999999, 1.5, 1.65, 1.7999999999999998, 1.95, 2.1, 2.25, 2.4, 2.55, 2.6999999999999997, 2.85, 3.0, 3.15, 3.3, 3.4499999999999997, 3.5999999999999996, 3.75, 3.9, 4.05, 4.2, 4.35, 4.5, 4.6499999999999995, 4.8, 4.95, 5.1, 5.25, 5.3999999999999995, 5.55, 5.7, 5.85, 6.0, 6.1499999999999995, 6.3, 6.45, 6.6, 6.75, 6.8999999999999995, 7.05, 7.199999999999999, 7.35, 7.5, 7.6499999999999995, 7.8, 7.949999999999999, 8.1, 8.25, 8.4, 8.549999999999999, 8.7, 8.85, 9.0, 9.15, 9.299999999999999, 9.45, 9.6, 9.75, 9.9, 10.049999999999999, 10.2, 10.35, 10.5, 10.65, 10.799999999999999, 10.95, 11.1, 11.25, 11.4, 11.549999999999999, 11.7, 11.85, 12.0, 12.15, 12.299999999999999, 12.45, 12.6, 12.75, 12.9, 13.049999999999999, 13.2, 13.35, 13.5, 13.65, 13.799999999999999, 13.95, 14.1, 14.25, 14.399999999999999, 14.549999999999999, 14.7, 14.85, 15.0, 15.149999999999999",2007R_GLUT1_647_WGA_594_0002,2007,R,False,3.6066225165562913,False
"408, 458, 474, 584, 772, 929, 1024, 1294, 1933, 2522, 3097, 3528, 3887, 3691, 3628, 3476, 3532, 3487, 3310, 3227, 3270, 3154, 3274, 3224, 3350, 3359, 3374, 3363, 3348, 3368, 3320, 3454, 3496, 3343, 3143, 2934, 2748, 2661, 2553, 2608, 2365, 2299, 2113, 1969, 1902, 1885, 2025, 2238, 2103, 2185, 2113, 2093, 2078, 1888, 1837, 1715, 1640, 1543, 1364, 1401, 1313, 1356, 1278, 1297, 1237, 1223, 1140, 1098, 1056, 1001, 1016, 1010, 999, 988, 905, 867, 840, 760, 753, 715, 715, 697, 727, 650, 719, 712, 717, 663, 649, 598, 597, 567, 575, 535, 502, 553, 501, 490, 453, 495, 463, 476",24,GluT1,"0.0, 0.15, 0.3, 0.44999999999999996, 0.6, 0.75, 0.8999999999999999, 1.05, 1.2, 1.3499999999999999, 1.5, 1.65, 1.7999999999999998, 1.95, 2.1, 2.25, 2.4, 2.55, 2.6999999999999997, 2.85, 3.0, 3.15, 3.3, 3.4499999999999997, 3.5999999999999996, 3.75, 3.9, 4.05, 4.2, 4.35, 4.5, 4.6499999999999995, 4.8, 4.95, 5.1, 5.25, 5.3999999999999995, 5.55, 5.7, 5.85, 6.0, 6.1499999999999995, 6.3, 6.45, 6.6, 6.75, 6.8999999999999995, 7.05, 7.199999999999999, 7.35, 7.5, 7.6499999999999995, 7.8, 7.949999999999999, 8.1, 8.25, 8.4, 8.549999999999999, 8.7, 8.85, 9.0, 9.15, 9.299999999999999, 9.45, 9.6, 9.75, 9.9, 10.049999999999999, 10.2, 10.35, 10.5, 10.65, 10.799999999999999, 10.95, 11.1, 11.25, 11.4, 11.549999999999999, 11.7, 11.85, 12.0, 12.15, 12.299999999999999, 12.45, 12.6, 12.75, 12.9, 13.049999999999999, 13.2, 13.35, 13.5, 13.65, 13.799999999999999, 13.95, 14.1, 14.25, 14.399999999999999, 14.549999999999999, 14.7, 14.85, 15.0, 15.149999999999999",2007R_GLUT1_647_WGA_594_0002,2007,R,False,3.6066225165562913,False
"53094, 54245, 54453, 56291, 56600, 58829, 59502, 61861, 67088, 71505, 76872, 81041, 85257, 90682, 92729, 94826, 96746, 98350, 107408, 111472, 119857, 135839, 150044, 166116, 175935, 194295, 201039, 204525, 217772, 223067, 239521, 255931, 276663, 291325, 308521, 317474, 322207, 323026, 326377, 324760, 327936, 323869, 316755, 302138, 271508, 245890, 203228, 181695, 168575, 158507, 142519, 128436, 119767, 100432, 94289, 87475, 83254, 79899, 77391, 77940, 76778, 75532, 74359, 74041, 73433, 72890, 71542, 69979, 69788, 70371, 70642, 69133, 69466, 69394, 68957, 69112, 68259, 68163, 68142, 68409, 68107, 66927, 68312, 67754, 67108, 67121, 66773, 67119, 66675, 66406, 66448, 66671, 66191, 66395, 65735, 66267, 66180, 66788, 66400, 66474, 65623, 66134",25,DAPI,"0.0, 0.15, 0.3, 0.44999999999999996, 0.6, 0.75, 0.8999999999999999, 1.05, 1.2, 1.3499999999999999, 1.5, 1.65, 1.7999999999999998, 1.95, 2.1, 2.25, 2.4, 2.55, 2.6999999999999997, 2.85, 3.0, 3.15, 3.3, 3.4499999999999997, 3.5999999999999996, 3.75, 3.9, 4.05, 4.2, 4.35, 4.5, 4.6499999999999995, 4.8, 4.95, 5.1, 5.25, 5.3999999999999995, 5.55, 5.7, 5.85, 6.0, 6.1499999999999995, 6.3, 6.45, 6.6, 6.75, 6.8999999999999995, 7.05, 7.199999999999999, 7.35, 7.5, 7.6499999999999995, 7.8, 7.949999999999999, 8.1, 8.25, 8.4, 8.549999999999999, 8.7, 8.85, 9.0, 9.15, 9.299999999999999, 9.45, 9.6, 9.75, 9.9, 10.049999999999999, 10.2, 10.35, 10.5, 10.65, 10.799999999999999, 10.95, 11.1, 11.25, 11.4, 11.549999999999999, 11.7, 11.85, 12.0, 12.15, 12.299999999999999, 12.45, 12.6, 12.75, 12.9, 13.049999999999999, 13.2, 13.35, 13.5, 13.65, 13.799999999999999, 13.95, 14.1, 14.25, 14.399999999999999, 14.549999999999999, 14.7, 14.85, 15.0, 15.149999999999999",2007R_GLUT1_647_WGA_594_0002,2007,R,True,39.035001232437764,False
"8743, 9004, 9235, 9414, 9727, 10166, 10341, 10705, 12147, 13213, 15094, 16825, 19207, 21820, 22503, 23246, 24065, 24950, 29065, 32242, 35603, 47240, 56159, 69407, 74748, 87317, 90375, 91870, 99907, 101408, 108375, 116414, 128307, 137072, 147853, 152785, 154655, 155849, 156556, 157198, 158365, 158528, 158643, 156422, 153946, 149711, 138180, 129629, 122208, 118697, 108827, 99357, 93365, 69842, 58215, 43326, 34781, 29000, 25266, 25403, 24163, 23853, 22995, 22449, 22352, 21657, 21011, 20386, 19560, 18807, 18264, 18582, 18738, 17927, 17767, 17059, 16654, 16025, 15982, 15674, 15746, 15894, 15871, 15963, 15853, 15429, 15727, 15492, 15864, 15612, 15841, 15579, 15391, 15292, 15545, 15523, 15637, 15625, 16135, 16672, 17115, 18337",25,eGFP,"0.0, 0.15, 0.3, 0.44999999999999996, 0.6, 0.75, 0.8999999999999999, 1.05, 1.2, 1.3499999999999999, 1.5, 1.65, 1.7999999999999998, 1.95, 2.1, 2.25, 2.4, 2.55, 2.6999999999999997, 2.85, 3.0, 3.15, 3.3, 3.4499999999999997, 3.5999999999999996, 3.75, 3.9, 4.05, 4.2, 4.35, 4.5, 4.6499999999999995, 4.8, 4.95, 5.1, 5.25, 5.3999999999999995, 5.55, 5.7, 5.85, 6.0, 6.1499999999999995, 6.3, 6.45, 6.6, 6.75, 6.8999999999999995, 7.05, 7.199999999999999, 7.35, 7.5, 7.6499999999999995, 7.8, 7.949999999999999, 8.1, 8.25, 8.4, 8.549999999999999, 8.7, 8.85, 9.0, 9.15, 9.299999999999999, 9.45, 9.6, 9.75, 9.9, 10.049999999999999, 10.2, 10.35, 10.5, 10.65, 10.799999999999999, 10.95, 11.1, 11.25, 11.4, 11.549999999999999, 11.7, 11.85, 12.0, 12.15, 12.299999999999999, 12.45, 12.6, 12.75, 12.9, 13.049999999999999, 13.2, 13.35, 13.5, 13.65, 13.799999999999999, 13.95, 14.1, 14.25, 14.399999999999999, 14.549999999999999, 14.7, 14.85, 15.0, 15.149999999999999",2007R_GLUT1_647_WGA_594_0002,2007,R,True,39.035001232437764,False
"20472, 21741, 22877, 24955, 27915, 32707, 35306, 42711, 64633, 92911, 133451, 161693, 164921, 147144, 139073, 134646, 131516, 130696, 123608, 120848, 118255, 112524, 108713, 103345, 101306, 96181, 93882, 93186, 89369, 87008, 83033, 77979, 72103, 67103, 61974, 58280, 56699, 56144, 53886, 54312, 52041, 50053, 48764, 47956, 49453, 52004, 59240, 64353, 67116, 69016, 71327, 73678, 74580, 75354, 73995, 71085, 68283, 64206, 58454, 58296, 56617, 55288, 53585, 51128, 49373, 47850, 45431, 43616, 41046, 39863, 39967, 39736, 39790, 39088, 38325, 37216, 35544, 34727, 33468, 32646, 31636, 30997, 30696, 30363, 30167, 29596, 28462, 28084, 27169, 26629, 26031, 25419, 25150, 24675, 24657, 24247, 23558, 23261, 22862, 22699, 22507, 22040",25,WGA,"0.0, 0.15, 0.3, 0.44999999999999996, 0.6, 0.75, 0.8999999999999999, 1.05, 1.2, 1.3499999999999999, 1.5, 1.65, 1.7999999999999998, 1.95, 2.1, 2.25, 2.4, 2.55, 2.6999999999999997, 2.85, 3.0, 3.15, 3.3, 3.4499999999999997, 3.5999999999999996, 3.75, 3.9, 4.05, 4.2, 4.35, 4.5, 4.6499999999999995, 4.8, 4.95, 5.1, 5.25, 5.3999999999999995, 5.55, 5.7, 5.85, 6.0, 6.1499999999999995, 6.3, 6.45, 6.6, 6.75, 6.8999999999999995, 7.05, 7.199999999999999, 7.35, 7.5, 7.6499999999999995, 7.8, 7.949999999999999, 8.1, 8.25, 8.4, 8.549999999999999, 8.7, 8.85, 9.0, 9.15, 9.299999999999999, 9.45, 9.6, 9.75, 9.9, 10.049999999999999, 10.2, 10.35, 10.5, 10.65, 10.799999999999999, 10.95, 11.1, 11.25, 11.4, 11.549999999999999, 11.7, 11.85, 12.0, 12.15, 12.299999999999999, 12.45, 12.6, 12.75, 12.9, 13.049999999999999, 13.2, 13.35, 13.5, 13.65, 13.799999999999999, 13.95, 14.1, 14.25, 14.399999999999999, 14.549999999999999, 14.7, 14.85, 15.0, 15.149999999999999",2007R_GLUT1_647_WGA_594_0002,2007,R,True,39.035001232437764,False
"2345, 2787, 3057, 3534, 4241, 5185, 5848, 7607, 11793, 16760, 23229, 27464, 28802, 27382, 26385, 26222, 25691, 25829, 25292, 24964, 24980, 24768, 24916, 24869, 24725, 24572, 24222, 24239, 23246, 23004, 22715, 21904, 19672, 17706, 14906, 13549, 13162, 12812, 12047, 12152, 11131, 10769, 10387, 10270, 10436, 10902, 12566, 13272, 13825, 14069, 14319, 14301, 14332, 13576, 12796, 11671, 10852, 10027, 8833, 8862, 8500, 8325, 8068, 7475, 7324, 7001, 6711, 6333, 6036, 5778, 5899, 5851, 5908, 5731, 5682, 5557, 5262, 5068, 4909, 4773, 4565, 4447, 4440, 4443, 4280, 4184, 4018, 3869, 3826, 3618, 3461, 3410, 3292, 3217, 3278, 3233, 3157, 3038, 2902, 2990, 2990, 2936",25,GluT1,"0.0, 0.15, 0.3, 0.44999999999999996, 0.6, 0.75, 0.8999999999999999, 1.05, 1.2, 1.3499999999999999, 1.5, 1.65, 1.7999999999999998, 1.95, 2.1, 2.25, 2.4, 2.55, 2.6999999999999997, 2.85, 3.0, 3.15, 3.3, 3.4499999999999997, 3.5999999999999996, 3.75, 3.9, 4.05, 4.2, 4.35, 4.5, 4.6499999999999995, 4.8, 4.95, 5.1, 5.25, 5.3999999999999995, 5.55, 5.7, 5.85, 6.0, 6.1499999999999995, 6.3, 6.45, 6.6, 6.75, 6.8999999999999995, 7.05, 7.199999999999999, 7.35, 7.5, 7.6499999999999995, 7.8, 7.949999999999999, 8.1, 8.25, 8.4, 8.549999999999999, 8.7, 8.85, 9.0, 9.15, 9.299999999999999, 9.45, 9.6, 9.75, 9.9, 10.049999999999999, 10.2, 10.35, 10.5, 10.65, 10.799999999999999, 10.95, 11.1, 11.25, 11.4, 11.549999999999999, 11.7, 11.85, 12.0, 12.15, 12.299999999999999, 12.45, 12.6, 12.75, 12.9, 13.049999999999999, 13.2, 13.35, 13.5, 13.65, 13.799999999999999, 13.95, 14.1, 14.25, 14.399999999999999, 14.549999999999999, 14.7, 14.85, 15.0, 15.149999999999999",2007R_GLUT1_647_WGA_594_0002,2007,R,True,39.035001232437764,False
"80584, 82020, 83184, 84108, 85242, 88303, 89602, 92589, 99609, 107591, 113030, 117189, 122282, 128343, 131244, 133804, 134892, 136743, 146773, 152892, 161542, 179191, 193918, 213936, 219937, 234102, 239656, 240416, 250190, 251920, 264112, 273434, 283801, 294357, 302560, 306708, 310631, 309391, 312315, 310749, 312009, 308706, 302438, 289597, 271975, 261425, 246536, 235621, 227063, 220019, 204453, 187158, 176002, 147542, 138290, 127063, 121164, 116555, 113401, 113438, 111778, 110650, 109657, 108065, 108227, 106677, 107547, 105777, 104747, 105251, 104572, 105087, 105256, 104758, 103956, 104183, 102355, 103323, 103200, 102883, 102676, 101746, 102881, 101871, 103336, 101390, 100843, 101523, 100722, 100614, 100123, 100479, 99779, 100328, 100308, 100063, 99986, 99528, 100797, 100455, 101549, 100065",26,DAPI,"0.0, 0.15, 0.3, 0.44999999999999996, 0.6, 0.75, 0.8999999999999999, 1.05, 1.2, 1.3499999999999999, 1.5, 1.65, 1.7999999999999998, 1.95, 2.1, 2.25, 2.4, 2.55, 2.6999999999999997, 2.85, 3.0, 3.15, 3.3, 3.4499999999999997, 3.5999999999999996, 3.75, 3.9, 4.05, 4.2, 4.35, 4.5, 4.6499999999999995, 4.8, 4.95, 5.1, 5.25, 5.3999999999999995, 5.55, 5.7, 5.85, 6.0, 6.1499999999999995, 6.3, 6.45, 6.6, 6.75, 6.8999999999999995, 7.05, 7.199999999999999, 7.35, 7.5, 7.6499999999999995, 7.8, 7.949999999999999, 8.1, 8.25, 8.4, 8.549999999999999, 8.7, 8.85, 9.0, 9.15, 9.299999999999999, 9.45, 9.6, 9.75, 9.9, 10.049999999999999, 10.2, 10.35, 10.5, 10.65, 10.799999999999999, 10.95, 11.1, 11.25, 11.4, 11.549999999999999, 11.7, 11.85, 12.0, 12.15, 12.299999999999999, 12.45, 12.6, 12.75, 12.9, 13.049999999999999, 13.2, 13.35, 13.5, 13.65, 13.799999999999999, 13.95, 14.1, 14.25, 14.399999999999999, 14.549999999999999, 14.7, 14.85, 15.0, 15.149999999999999",2007R_GLUT1_647_WGA_594_0002,2007,R,False,4.7998096446700504,False
"12206, 12219, 12295, 12463, 12728, 12843, 12975, 12931, 14413, 15188, 17232, 19093, 21369, 23359, 24105, 24288, 24615, 24730, 25029, 24924, 24293, 24708, 24729, 24837, 25620, 26444, 27319, 27304, 28201, 29069, 30736, 31887, 31897, 29925, 30170, 30180, 29711, 29589, 30258, 29979, 30030, 29149, 27951, 27106, 26216, 26490, 26222, 26121, 25561, 24661, 25101, 24696, 24601, 24304, 23814, 23382, 23306, 22862, 22967, 22647, 22856, 22643, 22882, 22734, 22914, 22768, 22531, 22425, 22025, 22188, 21762, 22159, 22072, 21744, 21608, 21553, 21417, 21176, 21086, 20792, 21054, 21084, 20905, 21460, 21049, 21160, 21403, 21168, 21258, 21265, 20926, 20698, 21226, 20984, 21088, 21668, 21848, 21906, 22074, 22085, 22143, 22052",26,eGFP,"0.0, 0.15, 0.3, 0.44999999999999996, 0.6, 0.75, 0.8999999999999999, 1.05, 1.2, 1.3499999999999999, 1.5, 1.65, 1.7999999999999998, 1.95, 2.1, 2.25, 2.4, 2.55, 2.6999999999999997, 2.85, 3.0, 3.15, 3.3, 3.4499999999999997, 3.5999999999999996, 3.75, 3.9, 4.05, 4.2, 4.35, 4.5, 4.6499999999999995, 4.8, 4.95, 5.1, 5.25, 5.3999999999999995, 5.55, 5.7, 5.85, 6.0, 6.1499999999999995, 6.3, 6.45, 6.6, 6.75, 6.8999999999999995, 7.05, 7.199999999999999, 7.35, 7.5, 7.6499999999999995, 7.8, 7.949999999999999, 8.1, 8.25, 8.4, 8.549999999999999, 8.7, 8.85, 9.0, 9.15, 9.299999999999999, 9.45, 9.6, 9.75, 9.9, 10.049999999999999, 10.2, 10.35, 10.5, 10.65, 10.799999999999999, 10.95, 11.1, 11.25, 11.4, 11.549999999999999, 11.7, 11.85, 12.0, 12.15, 12.299999999999999, 12.45, 12.6, 12.75, 12.9, 13.049999999999999, 13.2, 13.35, 13.5, 13.65, 13.799999999999999, 13.95, 14.1, 14.25, 14.399999999999999, 14.549999999999999, 14.7, 14.85, 15.0, 15.149999999999999",2007R_GLUT1_647_WGA_594_0002,2007,R,False,4.7998096446700504,False
"29893, 31938, 33690, 36517, 40980, 48305, 52098, 63669, 93803, 131500, 180393, 209781, 204564, 170375, 155486, 148214, 141634, 137823, 125416, 121290, 117371, 110742, 105217, 98302, 95594, 88246, 86465, 85570, 81775, 80329, 76694, 72756, 69429, 67160, 66112, 65661, 65865, 65569, 65426, 65834, 65808, 65580, 65121, 64633, 65547, 67462, 72644, 75646, 77780, 79211, 81997, 83810, 86601, 92121, 93932, 96147, 95388, 92920, 86909, 87110, 85014, 83435, 80624, 77260, 74290, 72120, 68535, 65741, 61979, 60114, 59800, 59954, 59799, 58398, 56756, 55264, 52640, 51366, 49106, 48406, 46651, 46095, 46046, 45131, 44775, 44032, 42680, 42142, 40878, 40034, 39268, 38534, 38213, 37247, 37432, 36890, 36026, 35361, 34914, 34504, 33850, 33417",26,WGA,"0.0, 0.15, 0.3, 0.44999999999999996, 0.6, 0.75, 0.8999999999999999, 1.05, 1.2, 1.3499999999999999, 1.5, 1.65, 1.7999999999999998, 1.95, 2.1, 2.25, 2.4, 2.55, 2.6999999999999997, 2.85, 3.0, 3.15, 3.3, 3.4499999999999997, 3.5999999999999996, 3.75, 3.9, 4.05, 4.2, 4.35, 4.5, 4.6499999999999995, 4.8, 4.95, 5.1, 5.25, 5.3999999999999995, 5.55, 5.7, 5.85, 6.0, 6.1499999999999995, 6.3, 6.45, 6.6, 6.75, 6.8999999999999995, 7.05, 7.199999999999999, 7.35, 7.5, 7.6499999999999995, 7.8, 7.949999999999999, 8.1, 8.25, 8.4, 8.549999999999999, 8.7, 8.85, 9.0, 9.15, 9.299999999999999, 9.45, 9.6, 9.75, 9.9, 10.049999999999999, 10.2, 10.35, 10.5, 10.65, 10.799999999999999, 10.95, 11.1, 11.25, 11.4, 11.549999999999999, 11.7, 11.85, 12.0, 12.15, 12.299999999999999, 12.45, 12.6, 12.75, 12.9, 13.049999999999999, 13.2, 13.35, 13.5, 13.65, 13.799999999999999, 13.95, 14.1, 14.25, 14.399999999999999, 14.549999999999999, 14.7, 14.85, 15.0, 15.149999999999999",2007R_GLUT1_647_WGA_594_0002,2007,R,False,4.7998096446700504,False
"2848, 3458, 3796, 4463, 5716, 7071, 7906, 9950, 15651, 21976, 29093, 33285, 33886, 30540, 29163, 28337, 27657, 27076, 25497, 24229, 23391, 22057, 20845, 19258, 18462, 16667, 16134, 16116, 15345, 14914, 13873, 13133, 12169, 11702, 11370, 11373, 11543, 11326, 11590, 11256, 11512, 11241, 11193, 11036, 11168, 11520, 12311, 12674, 13010, 13042, 13143, 13367, 13515, 13900, 13908, 13901, 13476, 12951, 11942, 12089, 11840, 11670, 11449, 10850, 10566, 10203, 9738, 9262, 8587, 8442, 8402, 8536, 8458, 8205, 7980, 7476, 7359, 6980, 6849, 6564, 6378, 6261, 6226, 6116, 6131, 6139, 5711, 5601, 5426, 5225, 5047, 4942, 4964, 4761, 4863, 4749, 4723, 4501, 4193, 4100, 4108, 4081",26,GluT1,"0.0, 0.15, 0.3, 0.44999999999999996, 0.6, 0.75, 0.8999999999999999, 1.05, 1.2, 1.3499999999999999, 1.5, 1.65, 1.7999999999999998, 1.95, 2.1, 2.25, 2.4, 2.55, 2.6999999999999997, 2.85, 3.0, 3.15, 3.3, 3.4499999999999997, 3.5999999999999996, 3.75, 3.9, 4.05, 4.2, 4.35, 4.5, 4.6499999999999995, 4.8, 4.95, 5.1, 5.25, 5.3999999999999995, 5.55, 5.7, 5.85, 6.0, 6.1499999999999995, 6.3, 6.45, 6.6, 6.75, 6.8999999999999995, 7.05, 7.199999999999999, 7.35, 7.5, 7.6499999999999995, 7.8, 7.949999999999999, 8.1, 8.25, 8.4, 8.549999999999999, 8.7, 8.85, 9.0, 9.15, 9.299999999999999, 9.45, 9.6, 9.75, 9.9, 10.049999999999999, 10.2, 10.35, 10.5, 10.65, 10.799999999999999, 10.95, 11.1, 11.25, 11.4, 11.549999999999999, 11.7, 11.85, 12.0, 12.15, 12.299999999999999, 12.45, 12.6, 12.75, 12.9, 13.049999999999999, 13.2, 13.35, 13.5, 13.65, 13.799999999999999, 13.95, 14.1, 14.25, 14.399999999999999, 14.549999999999999, 14.7, 14.85, 15.0, 15.149999999999999",2007R_GLUT1_647_WGA_594_0002,2007,R,False,4.7998096446700504,False
"99083, 99588, 99958, 102239, 104086, 105966, 107580, 110501, 119451, 126396, 133015, 136010, 139079, 140229, 141649, 141898, 142211, 142456, 143134, 142776, 144063, 145304, 147280, 150115, 150315, 155076, 155642, 156130, 159725, 161350, 169097, 182108, 202610, 227034, 259742, 286037, 296558, 300560, 318059, 316110, 341789, 355793, 376162, 391198, 398681, 394583, 379681, 366167, 351214, 343116, 329561, 313159, 300169, 267423, 252848, 221937, 195982, 175260, 157774, 158511, 154161, 152169, 150558, 146893, 143748, 142903, 140190, 137538, 136541, 135860, 135035, 135410, 135863, 134988, 133832, 132170, 132681, 131904, 131304, 130695, 131016, 130032, 130233, 130580, 130423, 129428, 129260, 129825, 128554, 128712, 128738, 128099, 128440, 127782, 128634, 128152, 127882, 127793, 127887, 127975, 126583, 127879",27,DAPI,"0.0, 0.15, 0.3, 0.44999999999999996, 0.6, 0.75, 0.8999999999999999, 1.05, 1.2, 1.3499999999999999, 1.5, 1.65, 1.7999999999999998, 1.95, 2.1, 2.25, 2.4, 2.55, 2.6999999999999997, 2.85, 3.0, 3.15, 3.3, 3.4499999999999997, 3.5999999999999996, 3.75, 3.9, 4.05, 4.2, 4.35, 4.5, 4.6499999999999995, 4.8, 4.95, 5.1, 5.25, 5.3999999999999995, 5.55, 5.7, 5.85, 6.0, 6.1499999999999995, 6.3, 6.45, 6.6, 6.75, 6.8999999999999995, 7.05, 7.199999999999999, 7.35, 7.5, 7.6499999999999995, 7.8, 7.949999999999999, 8.1, 8.25, 8.4, 8.549999999999999, 8.7, 8.85, 9.0, 9.15, 9.299999999999999, 9.45, 9.6, 9.75, 9.9, 10.049999999999999, 10.2, 10.35, 10.5, 10.65, 10.799999999999999, 10.95, 11.1, 11.25, 11.4, 11.549999999999999, 11.7, 11.85, 12.0, 12.15, 12.299999999999999, 12.45, 12.6, 12.75, 12.9, 13.049999999999999, 13.2, 13.35, 13.5, 13.65, 13.799999999999999, 13.95, 14.1, 14.25, 14.399999999999999, 14.549999999999999, 14.7, 14.85, 15.0, 15.149999999999999",2007R_GLUT1_647_WGA_594_0002,2007,R,False,12.43163097199341,False
"15609, 15641, 16157, 16192, 16589, 16848, 17212, 17264, 18956, 20440, 23174, 25854, 29092, 31576, 32911, 33523, 34483, 34736, 37501, 39286, 43735, 50264, 55407, 61569, 63919, 69663, 70828, 72856, 76226, 75943, 77840, 78609, 78150, 80654, 86105, 92044, 94676, 94777, 98986, 97225, 100817, 99741, 100933, 98681, 98098, 97504, 97119, 97512, 96229, 97438, 95591, 94701, 93263, 89470, 86441, 80629, 75876, 68657, 57421, 58747, 53893, 50131, 46279, 40892, 37946, 35906, 32947, 31804, 30539, 29851, 29738, 29574, 29598, 29407, 29027, 28902, 27915, 27981, 27952, 27771, 27738, 27369, 27557, 28064, 27679, 27833, 27388, 27342, 27216, 26943, 26770, 27152, 26776, 26891, 26912, 27130, 27414, 27668, 27475, 27750, 28555, 29394",27,eGFP,"0.0, 0.15, 0.3, 0.44999999999999996, 0.6, 0.75, 0.8999999999999999, 1.05, 1.2, 1.3499999999999999, 1.5, 1.65, 1.7999999999999998, 1.95, 2.1, 2.25, 2.4, 2.55, 2.6999999999999997, 2.85, 3.0, 3.15, 3.3, 3.4499999999999997, 3.5999999999999996, 3.75, 3.9, 4.05, 4.2, 4.35, 4.5, 4.6499999999999995, 4.8, 4.95, 5.1, 5.25, 5.3999999999999995, 5.55, 5.7, 5.85, 6.0, 6.1499999999999995, 6.3, 6.45, 6.6, 6.75, 6.8999999999999995, 7.05, 7.199999999999999, 7.35, 7.5, 7.6499999999999995, 7.8, 7.949999999999999, 8.1, 8.25, 8.4, 8.549999999999999, 8.7, 8.85, 9.0, 9.15, 9.299999999999999, 9.45, 9.6, 9.75, 9.9, 10.049999999999999, 10.2, 10.35, 10.5, 10.65, 10.799999999999999, 10.95, 11.1, 11.25, 11.4, 11.549999999999999, 11.7, 11.85, 12.0, 12.15, 12.299999999999999, 12.45, 12.6, 12.75, 12.9, 13.049999999999999, 13.2, 13.35, 13.5, 13.65, 13.799999999999999, 13.95, 14.1, 14.25, 14.399999999999999, 14.549999999999999, 14.7, 14.85, 15.0, 15.149999999999999",2007R_GLUT1_647_WGA_594_0002,2007,R,False,12.43163097199341,False
"37947, 40535, 42897, 46480, 51942, 59704, 65086, 79092, 123775, 182810, 259791, 307372, 291285, 231250, 210657, 199532, 188961, 183992, 169144, 163430, 160665, 159124, 158404, 157429, 156666, 156187, 155333, 155457, 154948, 153728, 152987, 150351, 145324, 139800, 129137, 119669, 115294, 113736, 107758, 107765, 99139, 92668, 85621, 79253, 74788, 73316, 72665, 73789, 74712, 75495, 77927, 81142, 83846, 93948, 98279, 105524, 109128, 112025, 111293, 110708, 110175, 109066, 106940, 103280, 100738, 97553, 92390, 88905, 82716, 79441, 78818, 79115, 78114, 76488, 74989, 72407, 69371, 67631, 64742, 63571, 61194, 59983, 59910, 58884, 58415, 57315, 55650, 54481, 52491, 51617, 50284, 49410, 48885, 48026, 47984, 47574, 46117, 45137, 44519, 43487, 42824, 42122",27,WGA,"0.0, 0.15, 0.3, 0.44999999999999996, 0.6, 0.75, 0.8999999999999999, 1.05, 1.2, 1.3499999999999999, 1.5, 1.65, 1.7999999999999998, 1.95, 2.1, 2.25, 2.4, 2.55, 2.6999999999999997, 2.85, 3.0, 3.15, 3.3, 3.4499999999999997, 3.5999999999999996, 3.75, 3.9, 4.05, 4.2, 4.35, 4.5, 4.6499999999999995, 4.8, 4.95, 5.1, 5.25, 5.3999999999999995, 5.55, 5.7, 5.85, 6.0, 6.1499999999999995, 6.3, 6.45, 6.6, 6.75, 6.8999999999999995, 7.05, 7.199999999999999, 7.35, 7.5, 7.6499999999999995, 7.8, 7.949999999999999, 8.1, 8.25, 8.4, 8.549999999999999, 8.7, 8.85, 9.0, 9.15, 9.299999999999999, 9.45, 9.6, 9.75, 9.9, 10.049999999999999, 10.2, 10.35, 10.5, 10.65, 10.799999999999999, 10.95, 11.1, 11.25, 11.4, 11.549999999999999, 11.7, 11.85, 12.0, 12.15, 12.299999999999999, 12.45, 12.6, 12.75, 12.9, 13.049999999999999, 13.2, 13.35, 13.5, 13.65, 13.799999999999999, 13.95, 14.1, 14.25, 14.399999999999999, 14.549999999999999, 14.7, 14.85, 15.0, 15.149999999999999",2007R_GLUT1_647_WGA_594_0002,2007,R,False,12.43163097199341,False
"4078, 4693, 5213, 5910, 7409, 9048, 9915, 12850, 20719, 30504, 41615, 48737, 49934, 47189, 46078, 45337, 45010, 45223, 45886, 46539, 47770, 48906, 48434, 46366, 44652, 40920, 39715, 39781, 37359, 36384, 33693, 31106, 28658, 26810, 24489, 22882, 21743, 21599, 20410, 20478, 19029, 17693, 16369, 15505, 14429, 13778, 13018, 12846, 12968, 13060, 13095, 13482, 13722, 14891, 15333, 16285, 16721, 17023, 16540, 16526, 16480, 15979, 15783, 15028, 14690, 13952, 13144, 12305, 11469, 11157, 10981, 11215, 11130, 10639, 10428, 9888, 9775, 9506, 9080, 8800, 8585, 8424, 8385, 8243, 8317, 8121, 7907, 7622, 7277, 6971, 6815, 6700, 6528, 6358, 6400, 6341, 6093, 5809, 5469, 5380, 5421, 5295",27,GluT1,"0.0, 0.15, 0.3, 0.44999999999999996, 0.6, 0.75, 0.8999999999999999, 1.05, 1.2, 1.3499999999999999, 1.5, 1.65, 1.7999999999999998, 1.95, 2.1, 2.25, 2.4, 2.55, 2.6999999999999997, 2.85, 3.0, 3.15, 3.3, 3.4499999999999997, 3.5999999999999996, 3.75, 3.9, 4.05, 4.2, 4.35, 4.5, 4.6499999999999995, 4.8, 4.95, 5.1, 5.25, 5.3999999999999995, 5.55, 5.7, 5.85, 6.0, 6.1499999999999995, 6.3, 6.45, 6.6, 6.75, 6.8999999999999995, 7.05, 7.199999999999999, 7.35, 7.5, 7.6499999999999995, 7.8, 7.949999999999999, 8.1, 8.25, 8.4, 8.549999999999999, 8.7, 8.85, 9.0, 9.15, 9.299999999999999, 9.45, 9.6, 9.75, 9.9, 10.049999999999999, 10.2, 10.35, 10.5, 10.65, 10.799999999999999, 10.95, 11.1, 11.25, 11.4, 11.549999999999999, 11.7, 11.85, 12.0, 12.15, 12.299999999999999, 12.45, 12.6, 12.75, 12.9, 13.049999999999999, 13.2, 13.35, 13.5, 13.65, 13.799999999999999, 13.95, 14.1, 14.25, 14.399999999999999, 14.549999999999999, 14.7, 14.85, 15.0, 15.149999999999999",2007R_GLUT1_647_WGA_594_0002,2007,R,False,12.43163097199341,False
"63280, 66877, 66294, 68028, 69544, 71227, 71831, 73809, 78350, 82799, 88352, 91808, 98523, 106024, 108232, 110935, 113387, 117179, 126306, 132973, 142643, 159998, 176080, 195231, 202972, 222497, 227843, 231588, 241288, 244966, 258166, 273166, 295475, 308921, 319884, 322140, 320905, 319477, 315846, 313886, 300828, 286748, 265869, 237216, 203779, 180695, 147940, 135141, 124748, 120142, 113475, 107173, 104413, 95676, 92743, 90158, 87773, 86313, 84385, 84160, 83618, 83720, 81621, 82457, 81598, 80740, 79929, 78989, 80039, 78938, 80109, 79317, 79571, 79299, 78108, 79195, 78487, 78759, 77454, 77346, 79035, 77738, 78569, 77828, 78182, 77758, 77719, 77903, 76621, 77741, 77005, 77482, 77062, 77739, 77030, 77591, 77990, 77209, 77039, 76862, 76760, 76198",28,DAPI,"0.0, 0.15, 0.3, 0.44999999999999996, 0.6, 0.75, 0.8999999999999999, 1.05, 1.2, 1.3499999999999999, 1.5, 1.65, 1.7999999999999998, 1.95, 2.1, 2.25, 2.4, 2.55, 2.6999999999999997, 2.85, 3.0, 3.15, 3.3, 3.4499999999999997, 3.5999999999999996, 3.75, 3.9, 4.05, 4.2, 4.35, 4.5, 4.6499999999999995, 4.8, 4.95, 5.1, 5.25, 5.3999999999999995, 5.55, 5.7, 5.85, 6.0, 6.1499999999999995, 6.3, 6.45, 6.6, 6.75, 6.8999999999999995, 7.05, 7.199999999999999, 7.35, 7.5, 7.6499999999999995, 7.8, 7.949999999999999, 8.1, 8.25, 8.4, 8.549999999999999, 8.7, 8.85, 9.0, 9.15, 9.299999999999999, 9.45, 9.6, 9.75, 9.9, 10.049999999999999, 10.2, 10.35, 10.5, 10.65, 10.799999999999999, 10.95, 11.1, 11.25, 11.4, 11.549999999999999, 11.7, 11.85, 12.0, 12.15, 12.299999999999999, 12.45, 12.6, 12.75, 12.9, 13.049999999999999, 13.2, 13.35, 13.5, 13.65, 13.799999999999999, 13.95, 14.1, 14.25, 14.399999999999999, 14.549999999999999, 14.7, 14.85, 15.0, 15.149999999999999",2007R_GLUT1_647_WGA_594_0002,2007,R,False,5.559294546928847,False
"9734, 9933, 10158, 10181, 10456, 10353, 10532, 10587, 11485, 12417, 14339, 15446, 17471, 18463, 18988, 19435, 19757, 20164, 20616, 21187, 22250, 23396, 24893, 26743, 27964, 29768, 30249, 29732, 30053, 29814, 30281, 30918, 29714, 29253, 28431, 27424, 26740, 27340, 25563, 25819, 24577, 23978, 23678, 22987, 22133, 21955, 21774, 21632, 20942, 20843, 20507, 20198, 19974, 19550, 19480, 19233, 19119, 18813, 18800, 19092, 19021, 18723, 18853, 18699, 18640, 18607, 18696, 18859, 19817, 19775, 20261, 20137, 20214, 20558, 20772, 20498, 20206, 19666, 19758, 19714, 19955, 19834, 19688, 20426, 20078, 20742, 21849, 22388, 23983, 25514, 26775, 27218, 27219, 27508, 27612, 27211, 26559, 26780, 26117, 26164, 26084, 26452",28,eGFP,"0.0, 0.15, 0.3, 0.44999999999999996, 0.6, 0.75, 0.8999999999999999, 1.05, 1.2, 1.3499999999999999, 1.5, 1.65, 1.7999999999999998, 1.95, 2.1, 2.25, 2.4, 2.55, 2.6999999999999997, 2.85, 3.0, 3.15, 3.3, 3.4499999999999997, 3.5999999999999996, 3.75, 3.9, 4.05, 4.2, 4.35, 4.5, 4.6499999999999995, 4.8, 4.95, 5.1, 5.25, 5.3999999999999995, 5.55, 5.7, 5.85, 6.0, 6.1499999999999995, 6.3, 6.45, 6.6, 6.75, 6.8999999999999995, 7.05, 7.199999999999999, 7.35, 7.5, 7.6499999999999995, 7.8, 7.949999999999999, 8.1, 8.25, 8.4, 8.549999999999999, 8.7, 8.85, 9.0, 9.15, 9.299999999999999, 9.45, 9.6, 9.75, 9.9, 10.049999999999999, 10.2, 10.35, 10.5, 10.65, 10.799999999999999, 10.95, 11.1, 11.25, 11.4, 11.549999999999999, 11.7, 11.85, 12.0, 12.15, 12.299999999999999, 12.45, 12.6, 12.75, 12.9, 13.049999999999999, 13.2, 13.35, 13.5, 13.65, 13.799999999999999, 13.95, 14.1, 14.25, 14.399999999999999, 14.549999999999999, 14.7, 14.85, 15.0, 15.149999999999999",2007R_GLUT1_647_WGA_594_0002,2007,R,False,5.559294546928847,False
"23260, 24710, 26165, 27873, 30895, 35398, 38518, 45756, 69223, 100647, 147952, 192026, 208508, 173604, 155709, 143095, 132331, 126334, 105504, 97309, 90774, 82858, 77813, 72462, 69936, 65257, 63831, 63368, 60774, 59893, 56880, 52950, 49185, 46685, 45443, 45503, 46242, 46413, 47455, 47424, 49802, 53132, 57572, 66059, 77735, 87423, 98978, 103411, 104925, 105577, 105673, 104206, 102304, 95943, 93170, 88309, 84250, 79209, 71819, 72334, 69653, 68315, 65689, 61984, 60011, 57628, 54738, 51929, 47944, 46434, 45493, 45673, 45333, 44389, 43250, 41719, 39561, 38713, 37174, 36218, 35233, 34693, 34491, 34135, 33831, 33288, 32462, 32065, 30992, 30398, 29482, 29104, 28944, 28207, 28318, 27936, 27383, 26919, 26660, 26340, 25913, 25756",28,WGA,"0.0, 0.15, 0.3, 0.44999999999999996, 0.6, 0.75, 0.8999999999999999, 1.05, 1.2, 1.3499999999999999, 1.5, 1.65, 1.7999999999999998, 1.95, 2.1, 2.25, 2.4, 2.55, 2.6999999999999997, 2.85, 3.0, 3.15, 3.3, 3.4499999999999997, 3.5999999999999996, 3.75, 3.9, 4.05, 4.2, 4.35, 4.5, 4.6499999999999995, 4.8, 4.95, 5.1, 5.25, 5.3999999999999995, 5.55, 5.7, 5.85, 6.0, 6.1499999999999995, 6.3, 6.45, 6.6, 6.75, 6.8999999999999995, 7.05, 7.199999999999999, 7.35, 7.5, 7.6499999999999995, 7.8, 7.949999999999999, 8.1, 8.25, 8.4, 8.549999999999999, 8.7, 8.85, 9.0, 9.15, 9.299999999999999, 9.45, 9.6, 9.75, 9.9, 10.049999999999999, 10.2, 10.35, 10.5, 10.65, 10.799999999999999, 10.95, 11.1, 11.25, 11.4, 11.549999999999999, 11.7, 11.85, 12.0, 12.15, 12.299999999999999, 12.45, 12.6, 12.75, 12.9, 13.049999999999999, 13.2, 13.35, 13.5, 13.65, 13.799999999999999, 13.95, 14.1, 14.25, 14.399999999999999, 14.549999999999999, 14.7, 14.85, 15.0, 15.149999999999999",2007R_GLUT1_647_WGA_594_0002,2007,R,False,5.559294546928847,False
"2365, 2635, 2970, 3503, 4234, 5270, 5969, 7380, 11884, 17126, 23680, 29440, 31946, 29451, 27855, 26739, 25676, 25242, 23005, 22282, 21468, 20056, 19043, 18115, 17452, 16058, 15591, 15469, 14486, 14338, 13309, 12223, 11225, 10398, 9999, 9671, 9864, 9778, 9783, 9830, 9986, 10215, 10951, 11596, 12962, 14143, 15089, 15425, 15409, 15432, 15089, 14635, 14564, 13330, 12875, 12316, 11541, 10843, 9708, 9799, 9407, 8963, 8779, 8355, 8105, 7699, 7499, 6947, 6439, 6314, 6174, 6186, 6236, 6077, 5915, 5510, 5356, 5259, 4986, 4920, 4681, 4570, 4638, 4406, 4535, 4385, 4178, 4190, 3900, 3799, 3691, 3527, 3573, 3513, 3417, 3496, 3225, 3195, 3070, 3014, 3008, 2965",28,GluT1,"0.0, 0.15, 0.3, 0.44999999999999996, 0.6, 0.75, 0.8999999999999999, 1.05, 1.2, 1.3499999999999999, 1.5, 1.65, 1.7999999999999998, 1.95, 2.1, 2.25, 2.4, 2.55, 2.6999999999999997, 2.85, 3.0, 3.15, 3.3, 3.4499999999999997, 3.5999999999999996, 3.75, 3.9, 4.05, 4.2, 4.35, 4.5, 4.6499999999999995, 4.8, 4.95, 5.1, 5.25, 5.3999999999999995, 5.55, 5.7, 5.85, 6.0, 6.1499999999999995, 6.3, 6.45, 6.6, 6.75, 6.8999999999999995, 7.05, 7.199999999999999, 7.35, 7.5, 7.6499999999999995, 7.8, 7.949999999999999, 8.1, 8.25, 8.4, 8.549999999999999, 8.7, 8.85, 9.0, 9.15, 9.299999999999999, 9.45, 9.6, 9.75, 9.9, 10.049999999999999, 10.2, 10.35, 10.5, 10.65, 10.799999999999999, 10.95, 11.1, 11.25, 11.4, 11.549999999999999, 11.7, 11.85, 12.0, 12.15, 12.299999999999999, 12.45, 12.6, 12.75, 12.9, 13.049999999999999, 13.2, 13.35, 13.5, 13.65, 13.799999999999999, 13.95, 14.1, 14.25, 14.399999999999999, 14.549999999999999, 14.7, 14.85, 15.0, 15.149999999999999",2007R_GLUT1_647_WGA_594_0002,2007,R,False,5.559294546928847,False
"92965, 93896, 94183, 96250, 98282, 99530, 101033, 103540, 113564, 120025, 126410, 131940, 138912, 146242, 148286, 151807, 156643, 158475, 167175, 172650, 184032, 197948, 208859, 222033, 228224, 244681, 247299, 248186, 257526, 260273, 269181, 280762, 296952, 310704, 328711, 341726, 348497, 349641, 360646, 360275, 370305, 369351, 364347, 349187, 321789, 297479, 255796, 234929, 219861, 209423, 197412, 179820, 168176, 151014, 146639, 138947, 134874, 131979, 128063, 128833, 126790, 127712, 126080, 125707, 124301, 122190, 122121, 121481, 120236, 119674, 120967, 120689, 120038, 119932, 118262, 118919, 118715, 118648, 118170, 118661, 118665, 117894, 118353, 118812, 118889, 118204, 116931, 117360, 116810, 117414, 116273, 116921, 116629, 115925, 116255, 116473, 116424, 115916, 115226, 115836, 116121, 115672",29,DAPI,"0.0, 0.15, 0.3, 0.44999999999999996, 0.6, 0.75, 0.8999999999999999, 1.05, 1.2, 1.3499999999999999, 1.5, 1.65, 1.7999999999999998, 1.95, 2.1, 2.25, 2.4, 2.55, 2.6999999999999997, 2.85, 3.0, 3.15, 3.3, 3.4499999999999997, 3.5999999999999996, 3.75, 3.9, 4.05, 4.2, 4.35, 4.5, 4.6499999999999995, 4.8, 4.95, 5.1, 5.25, 5.3999999999999995, 5.55, 5.7, 5.85, 6.0, 6.1499999999999995, 6.3, 6.45, 6.6, 6.75, 6.8999999999999995, 7.05, 7.199999999999999, 7.35, 7.5, 7.6499999999999995, 7.8, 7.949999999999999, 8.1, 8.25, 8.4, 8.549999999999999, 8.7, 8.85, 9.0, 9.15, 9.299999999999999, 9.45, 9.6, 9.75, 9.9, 10.049999999999999, 10.2, 10.35, 10.5, 10.65, 10.799999999999999, 10.95, 11.1, 11.25, 11.4, 11.549999999999999, 11.7, 11.85, 12.0, 12.15, 12.299999999999999, 12.45, 12.6, 12.75, 12.9, 13.049999999999999, 13.2, 13.35, 13.5, 13.65, 13.799999999999999, 13.95, 14.1, 14.25, 14.399999999999999, 14.549999999999999, 14.7, 14.85, 15.0, 15.149999999999999",2007R_GLUT1_647_WGA_594_0002,2007,R,False,3.2822102797299157,False
"14152, 14297, 14669, 14899, 15122, 15530, 15954, 16288, 18161, 19882, 23054, 26939, 32861, 39815, 42505, 44657, 47268, 48516, 54251, 58958, 64382, 69454, 70116, 67075, 64794, 61642, 60920, 60430, 58583, 57362, 55109, 50782, 44637, 38626, 33147, 29477, 28182, 27850, 26524, 25916, 24757, 23819, 23875, 23527, 24285, 24238, 24460, 24368, 24319, 24143, 24907, 24771, 24938, 25626, 25591, 25725, 25878, 25480, 25270, 25172, 25219, 24434, 24436, 24443, 24348, 24393, 24137, 24241, 24138, 24310, 23935, 24095, 24006, 24303, 24093, 24094, 24147, 24364, 24454, 24521, 24541, 24201, 24388, 24503, 24410, 24508, 24468, 24180, 24617, 24570, 24861, 24675, 24675, 25091, 25074, 25343, 26235, 27032, 27508, 27766, 28418, 28815",29,eGFP,"0.0, 0.15, 0.3, 0.44999999999999996, 0.6, 0.75, 0.8999999999999999, 1.05, 1.2, 1.3499999999999999, 1.5, 1.65, 1.7999999999999998, 1.95, 2.1, 2.25, 2.4, 2.55, 2.6999999999999997, 2.85, 3.0, 3.15, 3.3, 3.4499999999999997, 3.5999999999999996, 3.75, 3.9, 4.05, 4.2, 4.35, 4.5, 4.6499999999999995, 4.8, 4.95, 5.1, 5.25, 5.3999999999999995, 5.55, 5.7, 5.85, 6.0, 6.1499999999999995, 6.3, 6.45, 6.6, 6.75, 6.8999999999999995, 7.05, 7.199999999999999, 7.35, 7.5, 7.6499999999999995, 7.8, 7.949999999999999, 8.1, 8.25, 8.4, 8.549999999999999, 8.7, 8.85, 9.0, 9.15, 9.299999999999999, 9.45, 9.6, 9.75, 9.9, 10.049999999999999, 10.2, 10.35, 10.5, 10.65, 10.799999999999999, 10.95, 11.1, 11.25, 11.4, 11.549999999999999, 11.7, 11.85, 12.0, 12.15, 12.299999999999999, 12.45, 12.6, 12.75, 12.9, 13.049999999999999, 13.2, 13.35, 13.5, 13.65, 13.799999999999999, 13.95, 14.1, 14.25, 14.399999999999999, 14.549999999999999, 14.7, 14.85, 15.0, 15.149999999999999",2007R_GLUT1_647_WGA_594_0002,2007,R,False,3.2822102797299157,False
"34222, 36846, 39350, 42819, 48338, 56223, 62212, 74075, 112979, 152965, 200865, 235388, 238023, 209534, 197250, 188058, 178246, 172711, 155811, 147588, 138425, 128697, 122801, 116021, 113702, 107967, 105795, 105014, 101023, 99844, 94187, 88042, 80737, 74864, 69205, 66458, 66064, 65823, 65133, 65016, 64854, 65408, 66276, 68016, 71758, 76606, 88564, 93886, 98885, 102247, 106551, 111926, 115249, 120781, 120506, 117752, 112923, 105040, 95238, 95584, 92262, 89542, 87226, 82150, 79709, 77078, 72453, 70065, 65687, 64300, 63135, 63278, 62972, 61638, 60496, 58717, 56241, 55392, 53667, 52645, 51110, 50460, 50101, 49559, 49004, 48348, 46932, 46287, 45131, 44128, 43573, 42651, 42504, 41737, 41699, 41541, 40609, 40153, 39440, 38966, 38336, 38086",29,WGA,"0.0, 0.15, 0.3, 0.44999999999999996, 0.6, 0.75, 0.8999999999999999, 1.05, 1.2, 1.3499999999999999, 1.5, 1.65, 1.7999999999999998, 1.95, 2.1, 2.25, 2.4, 2.55, 2.6999999999999997, 2.85, 3.0, 3.15, 3.3, 3.4499999999999997, 3.5999999999999996, 3.75, 3.9, 4.05, 4.2, 4.35, 4.5, 4.6499999999999995, 4.8, 4.95, 5.1, 5.25, 5.3999999999999995, 5.55, 5.7, 5.85, 6.0, 6.1499999999999995, 6.3, 6.45, 6.6, 6.75, 6.8999999999999995, 7.05, 7.199999999999999, 7.35, 7.5, 7.6499999999999995, 7.8, 7.949999999999999, 8.1, 8.25, 8.4, 8.549999999999999, 8.7, 8.85, 9.0, 9.15, 9.299999999999999, 9.45, 9.6, 9.75, 9.9, 10.049999999999999, 10.2, 10.35, 10.5, 10.65, 10.799999999999999, 10.95, 11.1, 11.25, 11.4, 11.549999999999999, 11.7, 11.85, 12.0, 12.15, 12.299999999999999, 12.45, 12.6, 12.75, 12.9, 13.049999999999999, 13.2, 13.35, 13.5, 13.65, 13.799999999999999, 13.95, 14.1, 14.25, 14.399999999999999, 14.549999999999999, 14.7, 14.85, 15.0, 15.149999999999999",2007R_GLUT1_647_WGA_594_0002,2007,R,False,3.2822102797299157,False
"3497, 4227, 4700, 5600, 6865, 8543, 9653, 11841, 18873, 25069, 31879, 37500, 40818, 40215, 39709, 39129, 38641, 38054, 36698, 35486, 34144, 31950, 30902, 29185, 28543, 27013, 26844, 26711, 25719, 25406, 24178, 23380, 22007, 20677, 19203, 18170, 17515, 17520, 16867, 17152, 16223, 16285, 16148, 16334, 16669, 17119, 18266, 19222, 19061, 19271, 19423, 19644, 19611, 18729, 18207, 17355, 16239, 15004, 13547, 13640, 13249, 12886, 12453, 11839, 11438, 11027, 10569, 10150, 9577, 9436, 9314, 9420, 9259, 9161, 8861, 8497, 8176, 8024, 7714, 7622, 7316, 7230, 7178, 7117, 7235, 6998, 6818, 6408, 6236, 6072, 5853, 5671, 5725, 5346, 5508, 5412, 5236, 5108, 4753, 4791, 4577, 4581",29,GluT1,"0.0, 0.15, 0.3, 0.44999999999999996, 0.6, 0.75, 0.8999999999999999, 1.05, 1.2, 1.3499999999999999, 1.5, 1.65, 1.7999999999999998, 1.95, 2.1, 2.25, 2.4, 2.55, 2.6999999999999997, 2.85, 3.0, 3.15, 3.3, 3.4499999999999997, 3.5999999999999996, 3.75, 3.9, 4.05, 4.2, 4.35, 4.5, 4.6499999999999995, 4.8, 4.95, 5.1, 5.25, 5.3999999999999995, 5.55, 5.7, 5.85, 6.0, 6.1499999999999995, 6.3, 6.45, 6.6, 6.75, 6.8999999999999995, 7.05, 7.199999999999999, 7.35, 7.5, 7.6499999999999995, 7.8, 7.949999999999999, 8.1, 8.25, 8.4, 8.549999999999999, 8.7, 8.85, 9.0, 9.15, 9.299999999999999, 9.45, 9.6, 9.75, 9.9, 10.049999999999999, 10.2, 10.35, 10.5, 10.65, 10.799999999999999, 10.95, 11.1, 11.25, 11.4, 11.549999999999999, 11.7, 11.85, 12.0, 12.15, 12.299999999999999, 12.45, 12.6, 12.75, 12.9, 13.049999999999999, 13.2, 13.35, 13.5, 13.65, 13.799999999999999, 13.95, 14.1, 14.25, 14.399999999999999, 14.549999999999999, 14.7, 14.85, 15.0, 15.149999999999999",2007R_GLUT1_647_WGA_594_0002,2007,R,False,3.2822102797299157,False
"12781, 12946, 13215, 13711, 13759, 14063, 14157, 14809, 15770, 17196, 17952, 18673, 20290, 21058, 21735, 23117, 23666, 24358, 25975, 27094, 31136, 36394, 41078, 46562, 48744, 51885, 52673, 51677, 53006, 52478, 53675, 54515, 53859, 52863, 53893, 52524, 54427, 53414, 53459, 53078, 53492, 52869, 52638, 49273, 45663, 40143, 30174, 27810, 24313, 23431, 22207, 20771, 20369, 19421, 18507, 18416, 18427, 17717, 17641, 16961, 17206, 17062, 16819, 17025, 16966, 16779, 16710, 16606, 16348, 16419, 16898, 16480, 16330, 16230, 16080, 16765, 16824, 16021, 16406, 15997, 16640, 16662, 16524, 16328, 16294, 15899, 16334, 16261, 15640, 16002, 16025, 15797, 15991, 15897, 15867, 16170, 15626, 16051, 15390, 15596, 15914, 15471",30,DAPI,"0.0, 0.15, 0.3, 0.44999999999999996, 0.6, 0.75, 0.8999999999999999, 1.05, 1.2, 1.3499999999999999, 1.5, 1.65, 1.7999999999999998, 1.95, 2.1, 2.25, 2.4, 2.55, 2.6999999999999997, 2.85, 3.0, 3.15, 3.3, 3.4499999999999997, 3.5999999999999996, 3.75, 3.9, 4.05, 4.2, 4.35, 4.5, 4.6499999999999995, 4.8, 4.95, 5.1, 5.25, 5.3999999999999995, 5.55, 5.7, 5.85, 6.0, 6.1499999999999995, 6.3, 6.45, 6.6, 6.75, 6.8999999999999995, 7.05, 7.199999999999999, 7.35, 7.5, 7.6499999999999995, 7.8, 7.949999999999999, 8.1, 8.25, 8.4, 8.549999999999999, 8.7, 8.85, 9.0, 9.15, 9.299999999999999, 9.45, 9.6, 9.75, 9.9, 10.049999999999999, 10.2, 10.35, 10.5, 10.65, 10.799999999999999, 10.95, 11.1, 11.25, 11.4, 11.549999999999999, 11.7, 11.85, 12.0, 12.15, 12.299999999999999, 12.45, 12.6, 12.75, 12.9, 13.049999999999999, 13.2, 13.35, 13.5, 13.65, 13.799999999999999, 13.95, 14.1, 14.25, 14.399999999999999, 14.549999999999999, 14.7, 14.85, 15.0, 15.149999999999999",2007R_GLUT1_647_WGA_594_0002,2007,R,False,8.251559251559252,False
"1818, 1775, 1862, 1917, 1912, 1964, 1932, 1995, 2169, 2462, 2753, 3003, 3467, 3933, 3985, 4214, 4298, 4092, 4823, 4985, 5362, 5863, 5992, 6655, 6699, 7030, 7202, 7123, 7014, 7453, 7366, 7822, 7803, 7854, 8128, 7862, 8177, 7938, 7888, 7729, 7904, 7643, 7365, 7310, 7106, 6923, 6524, 6399, 6247, 5985, 5439, 4935, 4673, 4186, 4092, 4045, 3819, 3622, 3514, 3600, 3670, 3493, 3468, 3409, 3424, 3480, 3509, 3336, 3296, 3290, 3369, 3448, 3307, 3424, 3511, 3420, 3303, 3309, 3363, 3449, 3482, 3497, 3391, 3391, 3363, 3465, 3578, 3412, 3556, 3785, 3785, 3846, 3832, 4183, 4161, 4321, 4567, 4769, 5092, 5091, 5266, 5201",30,eGFP,"0.0, 0.15, 0.3, 0.44999999999999996, 0.6, 0.75, 0.8999999999999999, 1.05, 1.2, 1.3499999999999999, 1.5, 1.65, 1.7999999999999998, 1.95, 2.1, 2.25, 2.4, 2.55, 2.6999999999999997, 2.85, 3.0, 3.15, 3.3, 3.4499999999999997, 3.5999999999999996, 3.75, 3.9, 4.05, 4.2, 4.35, 4.5, 4.6499999999999995, 4.8, 4.95, 5.1, 5.25, 5.3999999999999995, 5.55, 5.7, 5.85, 6.0, 6.1499999999999995, 6.3, 6.45, 6.6, 6.75, 6.8999999999999995, 7.05, 7.199999999999999, 7.35, 7.5, 7.6499999999999995, 7.8, 7.949999999999999, 8.1, 8.25, 8.4, 8.549999999999999, 8.7, 8.85, 9.0, 9.15, 9.299999999999999, 9.45, 9.6, 9.75, 9.9, 10.049999999999999, 10.2, 10.35, 10.5, 10.65, 10.799999999999999, 10.95, 11.1, 11.25, 11.4, 11.549999999999999, 11.7, 11.85, 12.0, 12.15, 12.299999999999999, 12.45, 12.6, 12.75, 12.9, 13.049999999999999, 13.2, 13.35, 13.5, 13.65, 13.799999999999999, 13.95, 14.1, 14.25, 14.399999999999999, 14.549999999999999, 14.7, 14.85, 15.0, 15.149999999999999",2007R_GLUT1_647_WGA_594_0002,2007,R,False,8.251559251559252,False
"4649, 4979, 5335, 5697, 6498, 7482, 8390, 9842, 16857, 24495, 34750, 40582, 37916, 30686, 28701, 27615, 26777, 26516, 25295, 25006, 24248, 22394, 19623, 16622, 15459, 13153, 12428, 12262, 11395, 11213, 10032, 8874, 8238, 8137, 7935, 8165, 8038, 8014, 8379, 8488, 9007, 9663, 10273, 10982, 12196, 12998, 14778, 15478, 16422, 16621, 17541, 18223, 18789, 18660, 18185, 17288, 16729, 15744, 14619, 14755, 14121, 13738, 13081, 12185, 11751, 11169, 10612, 10247, 9907, 9486, 9406, 9487, 9448, 9278, 8988, 8664, 8220, 7995, 7647, 7509, 7317, 7273, 7201, 7205, 7125, 6915, 6737, 6719, 6442, 6275, 6137, 5956, 5884, 5751, 5779, 5714, 5688, 5552, 5443, 5331, 5336, 5273",30,WGA,"0.0, 0.15, 0.3, 0.44999999999999996, 0.6, 0.75, 0.8999999999999999, 1.05, 1.2, 1.3499999999999999, 1.5, 1.65, 1.7999999999999998, 1.95, 2.1, 2.25, 2.4, 2.55, 2.6999999999999997, 2.85, 3.0, 3.15, 3.3, 3.4499999999999997, 3.5999999999999996, 3.75, 3.9, 4.05, 4.2, 4.35, 4.5, 4.6499999999999995, 4.8, 4.95, 5.1, 5.25, 5.3999999999999995, 5.55, 5.7, 5.85, 6.0, 6.1499999999999995, 6.3, 6.45, 6.6, 6.75, 6.8999999999999995, 7.05, 7.199999999999999, 7.35, 7.5, 7.6499999999999995, 7.8, 7.949999999999999, 8.1, 8.25, 8.4, 8.549999999999999, 8.7, 8.85, 9.0, 9.15, 9.299999999999999, 9.45, 9.6, 9.75, 9.9, 10.049999999999999, 10.2, 10.35, 10.5, 10.65, 10.799999999999999, 10.95, 11.1, 11.25, 11.4, 11.549999999999999, 11.7, 11.85, 12.0, 12.15, 12.299999999999999, 12.45, 12.6, 12.75, 12.9, 13.049999999999999, 13.2, 13.35, 13.5, 13.65, 13.799999999999999, 13.95, 14.1, 14.25, 14.399999999999999, 14.549999999999999, 14.7, 14.85, 15.0, 15.149999999999999",2007R_GLUT1_647_WGA_594_0002,2007,R,False,8.251559251559252,False
"431, 527, 568, 694, 830, 994, 1200, 1432, 2540, 3610, 5097, 5927, 5999, 5721, 5660, 5763, 5702, 5807, 5935, 5917, 5752, 5148, 4768, 4236, 3881, 3406, 3239, 3199, 2956, 2927, 2502, 2232, 2052, 1867, 1756, 1756, 1789, 1724, 1866, 1815, 1956, 2044, 2039, 2237, 2383, 2490, 2728, 2794, 2971, 2906, 2925, 2918, 2989, 2917, 2842, 2688, 2587, 2316, 2070, 2062, 1954, 1964, 1879, 1779, 1719, 1641, 1566, 1503, 1452, 1420, 1461, 1452, 1462, 1470, 1433, 1350, 1244, 1232, 1191, 1205, 1051, 1041, 1033, 1005, 1051, 1030, 952, 948, 837, 855, 808, 802, 734, 771, 741, 694, 694, 726, 630, 677, 677, 621",30,GluT1,"0.0, 0.15, 0.3, 0.44999999999999996, 0.6, 0.75, 0.8999999999999999, 1.05, 1.2, 1.3499999999999999, 1.5, 1.65, 1.7999999999999998, 1.95, 2.1, 2.25, 2.4, 2.55, 2.6999999999999997, 2.85, 3.0, 3.15, 3.3, 3.4499999999999997, 3.5999999999999996, 3.75, 3.9, 4.05, 4.2, 4.35, 4.5, 4.6499999999999995, 4.8, 4.95, 5.1, 5.25, 5.3999999999999995, 5.55, 5.7, 5.85, 6.0, 6.1499999999999995, 6.3, 6.45, 6.6, 6.75, 6.8999999999999995, 7.05, 7.199999999999999, 7.35, 7.5, 7.6499999999999995, 7.8, 7.949999999999999, 8.1, 8.25, 8.4, 8.549999999999999, 8.7, 8.85, 9.0, 9.15, 9.299999999999999, 9.45, 9.6, 9.75, 9.9, 10.049999999999999, 10.2, 10.35, 10.5, 10.65, 10.799999999999999, 10.95, 11.1, 11.25, 11.4, 11.549999999999999, 11.7, 11.85, 12.0, 12.15, 12.299999999999999, 12.45, 12.6, 12.75, 12.9, 13.049999999999999, 13.2, 13.35, 13.5, 13.65, 13.799999999999999, 13.95, 14.1, 14.25, 14.399999999999999, 14.549999999999999, 14.7, 14.85, 15.0, 15.149999999999999",2007R_GLUT1_647_WGA_594_0002,2007,R,False,8.251559251559252,False
"90024, 91391, 92801, 94229, 96663, 99445, 101582, 104707, 114494, 121189, 130159, 135554, 144618, 151622, 155323, 161825, 165027, 168869, 180108, 191393, 212121, 242023, 268280, 296517, 310124, 331830, 338919, 341350, 356333, 355624, 370351, 382620, 387572, 382646, 374114, 362208, 359073, 358489, 348202, 349434, 336354, 321678, 306924, 289205, 265540, 244190, 206769, 191426, 176638, 171131, 162450, 151341, 146376, 136408, 132591, 130478, 126931, 125396, 122473, 121526, 122174, 121787, 119819, 119881, 119710, 118600, 118977, 118271, 116967, 116813, 117221, 115470, 116190, 115812, 114540, 116004, 115342, 115602, 115395, 114428, 114326, 115407, 113870, 114349, 113863, 113454, 114019, 113348, 113407, 113414, 113772, 112950, 113443, 113017, 113234, 112582, 112012, 113120, 112162, 112457, 112584, 112179",31,DAPI,"0.0, 0.15, 0.3, 0.44999999999999996, 0.6, 0.75, 0.8999999999999999, 1.05, 1.2, 1.3499999999999999, 1.5, 1.65, 1.7999999999999998, 1.95, 2.1, 2.25, 2.4, 2.55, 2.6999999999999997, 2.85, 3.0, 3.15, 3.3, 3.4499999999999997, 3.5999999999999996, 3.75, 3.9, 4.05, 4.2, 4.35, 4.5, 4.6499999999999995, 4.8, 4.95, 5.1, 5.25, 5.3999999999999995, 5.55, 5.7, 5.85, 6.0, 6.1499999999999995, 6.3, 6.45, 6.6, 6.75, 6.8999999999999995, 7.05, 7.199999999999999, 7.35, 7.5, 7.6499999999999995, 7.8, 7.949999999999999, 8.1, 8.25, 8.4, 8.549999999999999, 8.7, 8.85, 9.0, 9.15, 9.299999999999999, 9.45, 9.6, 9.75, 9.9, 10.049999999999999, 10.2, 10.35, 10.5, 10.65, 10.799999999999999, 10.95, 11.1, 11.25, 11.4, 11.549999999999999, 11.7, 11.85, 12.0, 12.15, 12.299999999999999, 12.45, 12.6, 12.75, 12.9, 13.049999999999999, 13.2, 13.35, 13.5, 13.65, 13.799999999999999, 13.95, 14.1, 14.25, 14.399999999999999, 14.549999999999999, 14.7, 14.85, 15.0, 15.149999999999999",2007R_GLUT1_647_WGA_594_0002,2007,R,False,7.9214005520848465,False
"12980, 12997, 13464, 13539, 13917, 13927, 13956, 14451, 15735, 17480, 19639, 21848, 24319, 26659, 27585, 27938, 29296, 29361, 31993, 33633, 36927, 40623, 42430, 45370, 46920, 49650, 50091, 50253, 51593, 51695, 52877, 54084, 54523, 54569, 54717, 54376, 54573, 53923, 53737, 53873, 54274, 53608, 52450, 51886, 49848, 48975, 45666, 43292, 42436, 40804, 39237, 37395, 34758, 31097, 29613, 27470, 26808, 26125, 25469, 25517, 25465, 25129, 24905, 24631, 24716, 24427, 24562, 24197, 24505, 24534, 24332, 24550, 24363, 24495, 24581, 24474, 23909, 23893, 24211, 24533, 24480, 24520, 24135, 24613, 23916, 24456, 24662, 24180, 25030, 25720, 26348, 27445, 27965, 29138, 29037, 30450, 32500, 34119, 35530, 36535, 37681, 38895",31,eGFP,"0.0, 0.15, 0.3, 0.44999999999999996, 0.6, 0.75, 0.8999999999999999, 1.05, 1.2, 1.3499999999999999, 1.5, 1.65, 1.7999999999999998, 1.95, 2.1, 2.25, 2.4, 2.55, 2.6999999999999997, 2.85, 3.0, 3.15, 3.3, 3.4499999999999997, 3.5999999999999996, 3.75, 3.9, 4.05, 4.2, 4.35, 4.5, 4.6499999999999995, 4.8, 4.95, 5.1, 5.25, 5.3999999999999995, 5.55, 5.7, 5.85, 6.0, 6.1499999999999995, 6.3, 6.45, 6.6, 6.75, 6.8999999999999995, 7.05, 7.199999999999999, 7.35, 7.5, 7.6499999999999995, 7.8, 7.949999999999999, 8.1, 8.25, 8.4, 8.549999999999999, 8.7, 8.85, 9.0, 9.15, 9.299999999999999, 9.45, 9.6, 9.75, 9.9, 10.049999999999999, 10.2, 10.35, 10.5, 10.65, 10.799999999999999, 10.95, 11.1, 11.25, 11.4, 11.549999999999999, 11.7, 11.85, 12.0, 12.15, 12.299999999999999, 12.45, 12.6, 12.75, 12.9, 13.049999999999999, 13.2, 13.35, 13.5, 13.65, 13.799999999999999, 13.95, 14.1, 14.25, 14.399999999999999, 14.549999999999999, 14.7, 14.85, 15.0, 15.149999999999999",2007R_GLUT1_647_WGA_594_0002,2007,R,False,7.9214005520848465,False
"33088, 35491, 37545, 40473, 45592, 51695, 57259, 68047, 112899, 164868, 235204, 283909, 275967, 228972, 216589, 210004, 202302, 200109, 194658, 192503, 186824, 171015, 152667, 131579, 121989, 107213, 102181, 101155, 93079, 91396, 84511, 78934, 74034, 72002, 70853, 70688, 70995, 71004, 71379, 71393, 72881, 74180, 77114, 82213, 89632, 96581, 107080, 111627, 115598, 117086, 120339, 123661, 125946, 126904, 124866, 119574, 115145, 108327, 99744, 99912, 97046, 94606, 91132, 85795, 83374, 79749, 75557, 73263, 69497, 67471, 67136, 67390, 66974, 65287, 63885, 61726, 58801, 57583, 55370, 54067, 52409, 51583, 51749, 50675, 50395, 49289, 47889, 47284, 45308, 44663, 43616, 42820, 42478, 41809, 41724, 41237, 40321, 40025, 39162, 38502, 38126, 37592",31,WGA,"0.0, 0.15, 0.3, 0.44999999999999996, 0.6, 0.75, 0.8999999999999999, 1.05, 1.2, 1.3499999999999999, 1.5, 1.65, 1.7999999999999998, 1.95, 2.1, 2.25, 2.4, 2.55, 2.6999999999999997, 2.85, 3.0, 3.15, 3.3, 3.4499999999999997, 3.5999999999999996, 3.75, 3.9, 4.05, 4.2, 4.35, 4.5, 4.6499999999999995, 4.8, 4.95, 5.1, 5.25, 5.3999999999999995, 5.55, 5.7, 5.85, 6.0, 6.1499999999999995, 6.3, 6.45, 6.6, 6.75, 6.8999999999999995, 7.05, 7.199999999999999, 7.35, 7.5, 7.6499999999999995, 7.8, 7.949999999999999, 8.1, 8.25, 8.4, 8.549999999999999, 8.7, 8.85, 9.0, 9.15, 9.299999999999999, 9.45, 9.6, 9.75, 9.9, 10.049999999999999, 10.2, 10.35, 10.5, 10.65, 10.799999999999999, 10.95, 11.1, 11.25, 11.4, 11.549999999999999, 11.7, 11.85, 12.0, 12.15, 12.299999999999999, 12.45, 12.6, 12.75, 12.9, 13.049999999999999, 13.2, 13.35, 13.5, 13.65, 13.799999999999999, 13.95, 14.1, 14.25, 14.399999999999999, 14.549999999999999, 14.7, 14.85, 15.0, 15.149999999999999",2007R_GLUT1_647_WGA_594_0002,2007,R,False,7.9214005520848465,False
"3355, 3892, 4365, 5146, 6324, 7716, 8807, 10961, 19565, 28499, 39112, 46707, 47438, 43403, 41956, 41525, 40886, 40272, 39832, 39467, 38492, 35612, 32760, 29347, 27052, 24806, 23893, 23667, 21924, 21547, 19964, 18486, 16922, 16113, 15660, 15724, 15562, 15467, 15990, 15735, 15811, 16354, 16809, 17614, 18132, 18762, 19903, 19838, 20502, 20346, 20434, 20422, 20180, 19951, 19204, 18233, 17170, 16099, 14859, 14751, 14368, 13901, 13665, 12827, 12407, 11911, 11463, 10912, 10347, 10063, 10067, 10152, 10003, 9925, 9585, 9012, 8557, 8486, 8089, 8050, 7690, 7494, 7556, 7437, 7389, 7218, 6899, 6660, 6193, 6113, 5884, 5593, 5724, 5527, 5514, 5331, 5157, 5137, 4884, 4875, 4830, 4773",31,GluT1,"0.0, 0.15, 0.3, 0.44999999999999996, 0.6, 0.75, 0.8999999999999999, 1.05, 1.2, 1.3499999999999999, 1.5, 1.65, 1.7999999999999998, 1.95, 2.1, 2.25, 2.4, 2.55, 2.6999999999999997, 2.85, 3.0, 3.15, 3.3, 3.4499999999999997, 3.5999999999999996, 3.75, 3.9, 4.05, 4.2, 4.35, 4.5, 4.6499999999999995, 4.8, 4.95, 5.1, 5.25, 5.3999999999999995, 5.55, 5.7, 5.85, 6.0, 6.1499999999999995, 6.3, 6.45, 6.6, 6.75, 6.8999999999999995, 7.05, 7.199999999999999, 7.35, 7.5, 7.6499999999999995, 7.8, 7.949999999999999, 8.1, 8.25, 8.4, 8.549999999999999, 8.7, 8.85, 9.0, 9.15, 9.299999999999999, 9.45, 9.6, 9.75, 9.9, 10.049999999999999, 10.2, 10.35, 10.5, 10.65, 10.799999999999999, 10.95, 11.1, 11.25, 11.4, 11.549999999999999, 11.7, 11.85, 12.0, 12.15, 12.299999999999999, 12.45, 12.6, 12.75, 12.9, 13.049999999999999, 13.2, 13.35, 13.5, 13.65, 13.799999999999999, 13.95, 14.1, 14.25, 14.399999999999999, 14.549999999999999, 14.7, 14.85, 15.0, 15.149999999999999",2007R_GLUT1_647_WGA_594_0002,2007,R,False,7.9214005520848465,False
"145710, 145572, 148477, 149084, 153411, 155323, 157137, 162831, 174459, 184517, 193372, 200950, 210884, 220319, 222855, 225024, 231017, 233072, 239994, 248818, 264702, 287263, 310770, 336214, 349352, 363564, 369654, 367826, 373073, 373487, 378796, 383543, 394578, 409469, 426484, 436403, 442095, 440787, 444062, 442893, 437048, 428155, 414109, 392012, 366599, 345850, 314103, 299167, 286741, 276898, 266545, 249558, 239051, 220210, 214209, 207224, 202920, 200173, 196483, 196069, 196165, 194090, 192489, 191393, 191471, 189628, 189910, 189513, 188618, 187626, 187235, 187826, 186449, 187278, 186629, 186514, 186371, 186114, 185359, 185428, 184772, 185594, 184302, 184051, 184586, 185719, 184225, 185248, 184674, 184349, 185889, 184969, 185043, 184652, 184618, 185620, 186036, 187071, 187233, 185635, 186214, 187055",32,DAPI,"0.0, 0.15, 0.3, 0.44999999999999996, 0.6, 0.75, 0.8999999999999999, 1.05, 1.2, 1.3499999999999999, 1.5, 1.65, 1.7999999999999998, 1.95, 2.1, 2.25, 2.4, 2.55, 2.6999999999999997, 2.85, 3.0, 3.15, 3.3, 3.4499999999999997, 3.5999999999999996, 3.75, 3.9, 4.05, 4.2, 4.35, 4.5, 4.6499999999999995, 4.8, 4.95, 5.1, 5.25, 5.3999999999999995, 5.55, 5.7, 5.85, 6.0, 6.1499999999999995, 6.3, 6.45, 6.6, 6.75, 6.8999999999999995, 7.05, 7.199999999999999, 7.35, 7.5, 7.6499999999999995, 7.8, 7.949999999999999, 8.1, 8.25, 8.4, 8.549999999999999, 8.7, 8.85, 9.0, 9.15, 9.299999999999999, 9.45, 9.6, 9.75, 9.9, 10.049999999999999, 10.2, 10.35, 10.5, 10.65, 10.799999999999999, 10.95, 11.1, 11.25, 11.4, 11.549999999999999, 11.7, 11.85, 12.0, 12.15, 12.299999999999999, 12.45, 12.6, 12.75, 12.9, 13.049999999999999, 13.2, 13.35, 13.5, 13.65, 13.799999999999999, 13.95, 14.1, 14.25, 14.399999999999999, 14.549999999999999, 14.7, 14.85, 15.0, 15.149999999999999",2007R_GLUT1_647_WGA_594_0002,2007,R,False,3.2514064697609,False
"21667, 21979, 22700, 23074, 23588, 23807, 24567, 25185, 28302, 32098, 38206, 44838, 59315, 77486, 83850, 89587, 94651, 98034, 103010, 106767, 101809, 89245, 76730, 64869, 59892, 51851, 49985, 49394, 46211, 45802, 42837, 40678, 38391, 37841, 37288, 36852, 37202, 36828, 36988, 37071, 36870, 36968, 37049, 36613, 37367, 38262, 39645, 40601, 41317, 41454, 42940, 44103, 44385, 43902, 44080, 42293, 42156, 41208, 40693, 40971, 40540, 40193, 40447, 39987, 40301, 39594, 39837, 39935, 40555, 40060, 40485, 40584, 40133, 40625, 40231, 40379, 40365, 40531, 40640, 40596, 40582, 41028, 40541, 40897, 40652, 41438, 41961, 41906, 42776, 43438, 43016, 43677, 44188, 45159, 44703, 46428, 49674, 50493, 52273, 51926, 52550, 52411",32,eGFP,"0.0, 0.15, 0.3, 0.44999999999999996, 0.6, 0.75, 0.8999999999999999, 1.05, 1.2, 1.3499999999999999, 1.5, 1.65, 1.7999999999999998, 1.95, 2.1, 2.25, 2.4, 2.55, 2.6999999999999997, 2.85, 3.0, 3.15, 3.3, 3.4499999999999997, 3.5999999999999996, 3.75, 3.9, 4.05, 4.2, 4.35, 4.5, 4.6499999999999995, 4.8, 4.95, 5.1, 5.25, 5.3999999999999995, 5.55, 5.7, 5.85, 6.0, 6.1499999999999995, 6.3, 6.45, 6.6, 6.75, 6.8999999999999995, 7.05, 7.199999999999999, 7.35, 7.5, 7.6499999999999995, 7.8, 7.949999999999999, 8.1, 8.25, 8.4, 8.549999999999999, 8.7, 8.85, 9.0, 9.15, 9.299999999999999, 9.45, 9.6, 9.75, 9.9, 10.049999999999999, 10.2, 10.35, 10.5, 10.65, 10.799999999999999, 10.95, 11.1, 11.25, 11.4, 11.549999999999999, 11.7, 11.85, 12.0, 12.15, 12.299999999999999, 12.45, 12.6, 12.75, 12.9, 13.049999999999999, 13.2, 13.35, 13.5, 13.65, 13.799999999999999, 13.95, 14.1, 14.25, 14.399999999999999, 14.549999999999999, 14.7, 14.85, 15.0, 15.149999999999999",2007R_GLUT1_647_WGA_594_0002,2007,R,False,3.2514064697609,False
"55846, 60175, 64227, 69335, 78430, 89300, 98681, 118865, 194824, 288432, 414601, 510692, 516670, 437785, 415938, 401434, 385844, 379129, 357338, 344989, 323861, 296211, 272861, 246682, 233628, 207936, 199595, 197391, 182943, 178149, 164571, 151899, 140798, 134874, 131588, 131011, 131787, 131488, 133224, 133065, 135501, 137689, 139856, 141793, 144658, 148378, 156571, 162634, 168698, 172910, 177883, 186860, 191959, 199786, 197967, 193766, 187407, 178493, 165364, 165792, 160782, 156834, 151388, 143407, 139132, 134396, 127428, 122034, 113635, 111393, 110332, 110718, 109425, 107012, 105019, 101869, 96642, 94899, 90924, 89213, 86156, 84737, 84451, 82781, 82201, 80734, 78040, 77604, 75159, 73903, 72194, 70500, 69983, 68712, 68787, 67835, 66463, 65350, 64621, 63591, 63264, 62447",32,WGA,"0.0, 0.15, 0.3, 0.44999999999999996, 0.6, 0.75, 0.8999999999999999, 1.05, 1.2, 1.3499999999999999, 1.5, 1.65, 1.7999999999999998, 1.95, 2.1, 2.25, 2.4, 2.55, 2.6999999999999997, 2.85, 3.0, 3.15, 3.3, 3.4499999999999997, 3.5999999999999996, 3.75, 3.9, 4.05, 4.2, 4.35, 4.5, 4.6499999999999995, 4.8, 4.95, 5.1, 5.25, 5.3999999999999995, 5.55, 5.7, 5.85, 6.0, 6.1499999999999995, 6.3, 6.45, 6.6, 6.75, 6.8999999999999995, 7.05, 7.199999999999999, 7.35, 7.5, 7.6499999999999995, 7.8, 7.949999999999999, 8.1, 8.25, 8.4, 8.549999999999999, 8.7, 8.85, 9.0, 9.15, 9.299999999999999, 9.45, 9.6, 9.75, 9.9, 10.049999999999999, 10.2, 10.35, 10.5, 10.65, 10.799999999999999, 10.95, 11.1, 11.25, 11.4, 11.549999999999999, 11.7, 11.85, 12.0, 12.15, 12.299999999999999, 12.45, 12.6, 12.75, 12.9, 13.049999999999999, 13.2, 13.35, 13.5, 13.65, 13.799999999999999, 13.95, 14.1, 14.25, 14.399999999999999, 14.549999999999999, 14.7, 14.85, 15.0, 15.149999999999999",2007R_GLUT1_647_WGA_594_0002,2007,R,False,3.2514064697609,False
"5578, 6633, 7510, 8709, 10545, 13130, 14771, 18702, 32650, 47835, 65099, 78116, 82039, 75713, 73797, 72067, 69602, 68308, 63949, 60977, 56274, 51473, 47852, 44373, 41798, 38001, 36658, 36398, 34004, 33345, 30630, 27863, 25566, 24323, 23593, 23354, 23192, 23395, 23568, 23191, 22940, 23204, 23466, 23602, 24015, 24849, 26303, 26756, 27948, 28279, 28883, 29933, 30120, 29778, 29445, 28315, 27094, 25691, 23479, 23321, 22916, 22140, 21434, 20422, 19810, 18827, 17877, 17249, 16198, 15801, 15695, 15754, 15672, 15254, 14959, 14358, 13561, 13266, 12683, 12450, 11823, 11490, 11592, 11342, 11217, 10966, 10658, 10320, 9694, 9690, 9463, 9201, 9357, 8885, 9012, 8692, 8483, 8404, 8108, 7981, 7742, 7838",32,GluT1,"0.0, 0.15, 0.3, 0.44999999999999996, 0.6, 0.75, 0.8999999999999999, 1.05, 1.2, 1.3499999999999999, 1.5, 1.65, 1.7999999999999998, 1.95, 2.1, 2.25, 2.4, 2.55, 2.6999999999999997, 2.85, 3.0, 3.15, 3.3, 3.4499999999999997, 3.5999999999999996, 3.75, 3.9, 4.05, 4.2, 4.35, 4.5, 4.6499999999999995, 4.8, 4.95, 5.1, 5.25, 5.3999999999999995, 5.55, 5.7, 5.85, 6.0, 6.1499999999999995, 6.3, 6.45, 6.6, 6.75, 6.8999999999999995, 7.05, 7.199999999999999, 7.35, 7.5, 7.6499999999999995, 7.8, 7.949999999999999, 8.1, 8.25, 8.4, 8.549999999999999, 8.7, 8.85, 9.0, 9.15, 9.299999999999999, 9.45, 9.6, 9.75, 9.9, 10.049999999999999, 10.2, 10.35, 10.5, 10.65, 10.799999999999999, 10.95, 11.1, 11.25, 11.4, 11.549999999999999, 11.7, 11.85, 12.0, 12.15, 12.299999999999999, 12.45, 12.6, 12.75, 12.9, 13.049999999999999, 13.2, 13.35, 13.5, 13.65, 13.799999999999999, 13.95, 14.1, 14.25, 14.399999999999999, 14.549999999999999, 14.7, 14.85, 15.0, 15.149999999999999",2007R_GLUT1_647_WGA_594_0002,2007,R,False,3.2514064697609,False
"93276, 95296, 96084, 96738, 98478, 99662, 101239, 104678, 113015, 119217, 124614, 127183, 130193, 131233, 130937, 130182, 130718, 130244, 131332, 131423, 133645, 134735, 134951, 138733, 139053, 142335, 144048, 142215, 146083, 146356, 152029, 159747, 177138, 198822, 234798, 268873, 284468, 289095, 318900, 314921, 347253, 370423, 390848, 398945, 401066, 400183, 389637, 379498, 366076, 358689, 346941, 324013, 308073, 260978, 236249, 198077, 175742, 161080, 148599, 148284, 144957, 142616, 141762, 138841, 137098, 135266, 133589, 131584, 128991, 130033, 129014, 128732, 129112, 128975, 127322, 125999, 125862, 125633, 125334, 125217, 124069, 124236, 124553, 123968, 123998, 123224, 124226, 122863, 122550, 123408, 123341, 121380, 121559, 122327, 122106, 121826, 120597, 120931, 120598, 120374, 120863, 118377",33,DAPI,"0.0, 0.15, 0.3, 0.44999999999999996, 0.6, 0.75, 0.8999999999999999, 1.05, 1.2, 1.3499999999999999, 1.5, 1.65, 1.7999999999999998, 1.95, 2.1, 2.25, 2.4, 2.55, 2.6999999999999997, 2.85, 3.0, 3.15, 3.3, 3.4499999999999997, 3.5999999999999996, 3.75, 3.9, 4.05, 4.2, 4.35, 4.5, 4.6499999999999995, 4.8, 4.95, 5.1, 5.25, 5.3999999999999995, 5.55, 5.7, 5.85, 6.0, 6.1499999999999995, 6.3, 6.45, 6.6, 6.75, 6.8999999999999995, 7.05, 7.199999999999999, 7.35, 7.5, 7.6499999999999995, 7.8, 7.949999999999999, 8.1, 8.25, 8.4, 8.549999999999999, 8.7, 8.85, 9.0, 9.15, 9.299999999999999, 9.45, 9.6, 9.75, 9.9, 10.049999999999999, 10.2, 10.35, 10.5, 10.65, 10.799999999999999, 10.95, 11.1, 11.25, 11.4, 11.549999999999999, 11.7, 11.85, 12.0, 12.15, 12.299999999999999, 12.45, 12.6, 12.75, 12.9, 13.049999999999999, 13.2, 13.35, 13.5, 13.65, 13.799999999999999, 13.95, 14.1, 14.25, 14.399999999999999, 14.549999999999999, 14.7, 14.85, 15.0, 15.149999999999999",2007R_GLUT1_647_WGA_594_0002,2007,R,True,45.73830409356725,False
"16685, 16990, 17676, 18173, 18832, 19051, 19611, 20320, 22892, 25225, 28784, 32864, 38897, 47055, 50699, 53713, 57646, 59484, 69137, 76117, 87520, 100842, 109317, 116272, 120121, 124078, 123859, 125500, 124780, 124260, 119600, 116565, 120472, 136107, 163282, 191917, 205974, 206149, 233431, 229178, 262599, 287937, 308967, 328560, 344135, 349202, 340279, 333166, 324235, 319595, 309396, 292430, 277732, 235014, 213678, 170583, 137707, 103056, 72756, 73105, 65077, 60502, 55011, 48890, 46535, 44245, 40564, 39137, 36506, 36211, 35244, 35764, 35532, 34075, 33606, 32656, 31263, 30825, 30371, 29885, 29345, 28824, 28536, 28676, 29053, 28608, 27765, 27598, 27569, 27243, 26604, 27327, 27138, 27016, 26659, 27281, 27486, 28069, 28255, 29065, 29549, 29822",33,eGFP,"0.0, 0.15, 0.3, 0.44999999999999996, 0.6, 0.75, 0.8999999999999999, 1.05, 1.2, 1.3499999999999999, 1.5, 1.65, 1.7999999999999998, 1.95, 2.1, 2.25, 2.4, 2.55, 2.6999999999999997, 2.85, 3.0, 3.15, 3.3, 3.4499999999999997, 3.5999999999999996, 3.75, 3.9, 4.05, 4.2, 4.35, 4.5, 4.6499999999999995, 4.8, 4.95, 5.1, 5.25, 5.3999999999999995, 5.55, 5.7, 5.85, 6.0, 6.1499999999999995, 6.3, 6.45, 6.6, 6.75, 6.8999999999999995, 7.05, 7.199999999999999, 7.35, 7.5, 7.6499999999999995, 7.8, 7.949999999999999, 8.1, 8.25, 8.4, 8.549999999999999, 8.7, 8.85, 9.0, 9.15, 9.299999999999999, 9.45, 9.6, 9.75, 9.9, 10.049999999999999, 10.2, 10.35, 10.5, 10.65, 10.799999999999999, 10.95, 11.1, 11.25, 11.4, 11.549999999999999, 11.7, 11.85, 12.0, 12.15, 12.299999999999999, 12.45, 12.6, 12.75, 12.9, 13.049999999999999, 13.2, 13.35, 13.5, 13.65, 13.799999999999999, 13.95, 14.1, 14.25, 14.399999999999999, 14.549999999999999, 14.7, 14.85, 15.0, 15.149999999999999",2007R_GLUT1_647_WGA_594_0002,2007,R,True,45.73830409356725,False
"35779, 38796, 41128, 44823, 50819, 58061, 64991, 77576, 121456, 165279, 220326, 256226, 246831, 207967, 194489, 184486, 175133, 170296, 159988, 154667, 150490, 146913, 145825, 142989, 142615, 141048, 139497, 140191, 138403, 137585, 134913, 132146, 128704, 126871, 123175, 118616, 116464, 115585, 110190, 110954, 103187, 95851, 89322, 83050, 78717, 77794, 80408, 82740, 84750, 86000, 87395, 90328, 92459, 97345, 100430, 105896, 109616, 110415, 107664, 107329, 105676, 104241, 101769, 97241, 94344, 90761, 85859, 82900, 77462, 75282, 74999, 74822, 74262, 72554, 70768, 68703, 65160, 63693, 60983, 59797, 57735, 56915, 56989, 55913, 55669, 54554, 52942, 52398, 50472, 49084, 48015, 46999, 46607, 45569, 45939, 45101, 43753, 43302, 42506, 41708, 40991, 40055",33,WGA,"0.0, 0.15, 0.3, 0.44999999999999996, 0.6, 0.75, 0.8999999999999999, 1.05, 1.2, 1.3499999999999999, 1.5, 1.65, 1.7999999999999998, 1.95, 2.1, 2.25, 2.4, 2.55, 2.6999999999999997, 2.85, 3.0, 3.15, 3.3, 3.4499999999999997, 3.5999999999999996, 3.75, 3.9, 4.05, 4.2, 4.35, 4.5, 4.6499999999999995, 4.8, 4.95, 5.1, 5.25, 5.3999999999999995, 5.55, 5.7, 5.85, 6.0, 6.1499999999999995, 6.3, 6.45, 6.6, 6.75, 6.8999999999999995, 7.05, 7.199999999999999, 7.35, 7.5, 7.6499999999999995, 7.8, 7.949999999999999, 8.1, 8.25, 8.4, 8.549999999999999, 8.7, 8.85, 9.0, 9.15, 9.299999999999999, 9.45, 9.6, 9.75, 9.9, 10.049999999999999, 10.2, 10.35, 10.5, 10.65, 10.799999999999999, 10.95, 11.1, 11.25, 11.4, 11.549999999999999, 11.7, 11.85, 12.0, 12.15, 12.299999999999999, 12.45, 12.6, 12.75, 12.9, 13.049999999999999, 13.2, 13.35, 13.5, 13.65, 13.799999999999999, 13.95, 14.1, 14.25, 14.399999999999999, 14.549999999999999, 14.7, 14.85, 15.0, 15.149999999999999",2007R_GLUT1_647_WGA_594_0002,2007,R,True,45.73830409356725,False
"3566, 4176, 4807, 5581, 6993, 8511, 9932, 12244, 19966, 27019, 35009, 40599, 41735, 39435, 38380, 37543, 36654, 36348, 35441, 34569, 33878, 32019, 30771, 29545, 28732, 27608, 27554, 27465, 26590, 26601, 25593, 25307, 24313, 24026, 23531, 23074, 22758, 22445, 21855, 22129, 20747, 19584, 18635, 16907, 15811, 15138, 14732, 14935, 14873, 14979, 15139, 15173, 15297, 15787, 16176, 16815, 16837, 16508, 15560, 15693, 15495, 15214, 14586, 14039, 13684, 13103, 12195, 11683, 11064, 10780, 10652, 10911, 10674, 10538, 10252, 9801, 9169, 9030, 8501, 8459, 7998, 7771, 8036, 7720, 7738, 7622, 7153, 7095, 6764, 6595, 6397, 6180, 6330, 5964, 5867, 5792, 5415, 5420, 5106, 5029, 4904, 4958",33,GluT1,"0.0, 0.15, 0.3, 0.44999999999999996, 0.6, 0.75, 0.8999999999999999, 1.05, 1.2, 1.3499999999999999, 1.5, 1.65, 1.7999999999999998, 1.95, 2.1, 2.25, 2.4, 2.55, 2.6999999999999997, 2.85, 3.0, 3.15, 3.3, 3.4499999999999997, 3.5999999999999996, 3.75, 3.9, 4.05, 4.2, 4.35, 4.5, 4.6499999999999995, 4.8, 4.95, 5.1, 5.25, 5.3999999999999995, 5.55, 5.7, 5.85, 6.0, 6.1499999999999995, 6.3, 6.45, 6.6, 6.75, 6.8999999999999995, 7.05, 7.199999999999999, 7.35, 7.5, 7.6499999999999995, 7.8, 7.949999999999999, 8.1, 8.25, 8.4, 8.549999999999999, 8.7, 8.85, 9.0, 9.15, 9.299999999999999, 9.45, 9.6, 9.75, 9.9, 10.049999999999999, 10.2, 10.35, 10.5, 10.65, 10.799999999999999, 10.95, 11.1, 11.25, 11.4, 11.549999999999999, 11.7, 11.85, 12.0, 12.15, 12.299999999999999, 12.45, 12.6, 12.75, 12.9, 13.049999999999999, 13.2, 13.35, 13.5, 13.65, 13.799999999999999, 13.95, 14.1, 14.25, 14.399999999999999, 14.549999999999999, 14.7, 14.85, 15.0, 15.149999999999999",2007R_GLUT1_647_WGA_594_0002,2007,R,True,45.73830409356725,False
"73876, 75529, 76758, 79308, 82072, 83655, 87824, 92226, 105372, 115667, 128045, 142895, 166893, 193826, 199785, 207268, 216948, 217960, 232023, 239044, 254348, 270403, 285578, 306050, 316321, 337269, 343142, 346578, 357316, 359651, 366375, 372863, 364971, 350886, 327214, 308468, 298971, 297377, 280831, 282641, 263246, 246183, 230665, 212470, 191880, 172982, 145884, 136054, 128006, 126447, 121788, 115099, 111986, 105280, 102975, 100225, 99365, 97704, 96071, 95840, 95363, 95802, 94922, 93406, 94699, 93550, 93283, 93180, 92577, 92304, 92378, 91489, 91341, 91593, 91473, 91025, 91040, 90784, 90410, 89507, 90648, 90118, 90638, 89667, 89163, 90034, 89426, 89539, 89800, 89008, 89737, 89136, 89011, 88600, 88503, 88510, 88291, 87610, 88029, 88145, 87457, 87602",34,DAPI,"0.0, 0.15, 0.3, 0.44999999999999996, 0.6, 0.75, 0.8999999999999999, 1.05, 1.2, 1.3499999999999999, 1.5, 1.65, 1.7999999999999998, 1.95, 2.1, 2.25, 2.4, 2.55, 2.6999999999999997, 2.85, 3.0, 3.15, 3.3, 3.4499999999999997, 3.5999999999999996, 3.75, 3.9, 4.05, 4.2, 4.35, 4.5, 4.6499999999999995, 4.8, 4.95, 5.1, 5.25, 5.3999999999999995, 5.55, 5.7, 5.85, 6.0, 6.1499999999999995, 6.3, 6.45, 6.6, 6.75, 6.8999999999999995, 7.05, 7.199999999999999, 7.35, 7.5, 7.6499999999999995, 7.8, 7.949999999999999, 8.1, 8.25, 8.4, 8.549999999999999, 8.7, 8.85, 9.0, 9.15, 9.299999999999999, 9.45, 9.6, 9.75, 9.9, 10.049999999999999, 10.2, 10.35, 10.5, 10.65, 10.799999999999999, 10.95, 11.1, 11.25, 11.4, 11.549999999999999, 11.7, 11.85, 12.0, 12.15, 12.299999999999999, 12.45, 12.6, 12.75, 12.9, 13.049999999999999, 13.2, 13.35, 13.5, 13.65, 13.799999999999999, 13.95, 14.1, 14.25, 14.399999999999999, 14.549999999999999, 14.7, 14.85, 15.0, 15.149999999999999",2007R_GLUT1_647_WGA_594_0002,2007,R,True,38.73295661684287,False
"13741, 14252, 14834, 15675, 16599, 17851, 18557, 20268, 24071, 28829, 35485, 44612, 65841, 94649, 104819, 113993, 125439, 130667, 148555, 161254, 179055, 197150, 208829, 216124, 220480, 222524, 222702, 222050, 222310, 221003, 217985, 212489, 205633, 200026, 194483, 187065, 185111, 182962, 178869, 179638, 175074, 167433, 161223, 150035, 139766, 127195, 105920, 96663, 86747, 81572, 74718, 62545, 56046, 41758, 37102, 33221, 31352, 28886, 27239, 27429, 27074, 26535, 26151, 24704, 24250, 23327, 22602, 21515, 21390, 20963, 20678, 20798, 20701, 20527, 20585, 20284, 19562, 19533, 19341, 19351, 19171, 19277, 19075, 19158, 19146, 18750, 18655, 18742, 18893, 18581, 18560, 18755, 18898, 18775, 18932, 19347, 20055, 20102, 20474, 21296, 22293, 23360",34,eGFP,"0.0, 0.15, 0.3, 0.44999999999999996, 0.6, 0.75, 0.8999999999999999, 1.05, 1.2, 1.3499999999999999, 1.5, 1.65, 1.7999999999999998, 1.95, 2.1, 2.25, 2.4, 2.55, 2.6999999999999997, 2.85, 3.0, 3.15, 3.3, 3.4499999999999997, 3.5999999999999996, 3.75, 3.9, 4.05, 4.2, 4.35, 4.5, 4.6499999999999995, 4.8, 4.95, 5.1, 5.25, 5.3999999999999995, 5.55, 5.7, 5.85, 6.0, 6.1499999999999995, 6.3, 6.45, 6.6, 6.75, 6.8999999999999995, 7.05, 7.199999999999999, 7.35, 7.5, 7.6499999999999995, 7.8, 7.949999999999999, 8.1, 8.25, 8.4, 8.549999999999999, 8.7, 8.85, 9.0, 9.15, 9.299999999999999, 9.45, 9.6, 9.75, 9.9, 10.049999999999999, 10.2, 10.35, 10.5, 10.65, 10.799999999999999, 10.95, 11.1, 11.25, 11.4, 11.549999999999999, 11.7, 11.85, 12.0, 12.15, 12.299999999999999, 12.45, 12.6, 12.75, 12.9, 13.049999999999999, 13.2, 13.35, 13.5, 13.65, 13.799999999999999, 13.95, 14.1, 14.25, 14.399999999999999, 14.549999999999999, 14.7, 14.85, 15.0, 15.149999999999999",2007R_GLUT1_647_WGA_594_0002,2007,R,True,38.73295661684287,False
"25520, 27415, 29010, 30941, 34691, 39025, 42841, 51589, 86802, 128811, 182245, 212999, 195817, 148830, 137264, 128373, 118405, 113593, 100959, 93918, 84735, 76650, 70987, 66693, 64835, 62567, 61433, 61713, 60433, 60379, 59198, 58365, 57867, 57513, 58045, 58604, 59258, 59193, 60520, 60142, 61587, 62744, 64086, 66001, 69223, 72257, 78875, 83270, 87591, 89285, 92782, 96612, 98748, 101548, 102181, 100121, 96700, 91637, 82617, 82738, 79645, 77076, 73651, 69392, 66575, 64177, 60804, 59088, 55475, 54684, 54432, 54035, 53794, 52536, 51375, 50075, 48196, 46944, 45052, 44297, 42637, 42004, 41790, 41303, 40851, 40063, 38620, 38290, 37024, 36146, 35296, 34461, 34182, 33483, 33404, 32989, 32196, 31818, 31067, 30352, 30111, 29331",34,WGA,"0.0, 0.15, 0.3, 0.44999999999999996, 0.6, 0.75, 0.8999999999999999, 1.05, 1.2, 1.3499999999999999, 1.5, 1.65, 1.7999999999999998, 1.95, 2.1, 2.25, 2.4, 2.55, 2.6999999999999997, 2.85, 3.0, 3.15, 3.3, 3.4499999999999997, 3.5999999999999996, 3.75, 3.9, 4.05, 4.2, 4.35, 4.5, 4.6499999999999995, 4.8, 4.95, 5.1, 5.25, 5.3999999999999995, 5.55, 5.7, 5.85, 6.0, 6.1499999999999995, 6.3, 6.45, 6.6, 6.75, 6.8999999999999995, 7.05, 7.199999999999999, 7.35, 7.5, 7.6499999999999995, 7.8, 7.949999999999999, 8.1, 8.25, 8.4, 8.549999999999999, 8.7, 8.85, 9.0, 9.15, 9.299999999999999, 9.45, 9.6, 9.75, 9.9, 10.049999999999999, 10.2, 10.35, 10.5, 10.65, 10.799999999999999, 10.95, 11.1, 11.25, 11.4, 11.549999999999999, 11.7, 11.85, 12.0, 12.15, 12.299999999999999, 12.45, 12.6, 12.75, 12.9, 13.049999999999999, 13.2, 13.35, 13.5, 13.65, 13.799999999999999, 13.95, 14.1, 14.25, 14.399999999999999, 14.549999999999999, 14.7, 14.85, 15.0, 15.149999999999999",2007R_GLUT1_647_WGA_594_0002,2007,R,True,38.73295661684287,False
"2735, 3306, 3693, 4281, 5048, 6284, 6969, 8748, 15194, 22021, 30270, 36102, 38649, 37809, 37936, 37684, 37286, 37273, 36437, 35795, 33993, 31435, 28981, 26542, 25365, 23869, 23292, 23392, 22763, 22735, 22374, 21774, 20843, 20126, 19316, 19194, 19001, 18963, 19303, 19147, 19495, 19882, 20205, 20297, 20347, 20652, 21433, 21529, 21846, 21486, 21304, 20809, 20149, 18759, 17715, 16800, 15741, 14702, 12901, 12926, 12361, 12010, 11405, 10887, 10598, 10048, 9712, 9006, 8777, 8451, 8501, 8474, 8074, 8163, 7797, 7603, 7318, 7192, 6905, 6652, 6312, 6206, 6394, 6124, 6171, 6144, 5926, 5571, 5318, 5200, 4927, 4996, 4779, 4629, 4651, 4487, 4403, 4283, 4170, 4032, 3844, 3756",34,GluT1,"0.0, 0.15, 0.3, 0.44999999999999996, 0.6, 0.75, 0.8999999999999999, 1.05, 1.2, 1.3499999999999999, 1.5, 1.65, 1.7999999999999998, 1.95, 2.1, 2.25, 2.4, 2.55, 2.6999999999999997, 2.85, 3.0, 3.15, 3.3, 3.4499999999999997, 3.5999999999999996, 3.75, 3.9, 4.05, 4.2, 4.35, 4.5, 4.6499999999999995, 4.8, 4.95, 5.1, 5.25, 5.3999999999999995, 5.55, 5.7, 5.85, 6.0, 6.1499999999999995, 6.3, 6.45, 6.6, 6.75, 6.8999999999999995, 7.05, 7.199999999999999, 7.35, 7.5, 7.6499999999999995, 7.8, 7.949999999999999, 8.1, 8.25, 8.4, 8.549999999999999, 8.7, 8.85, 9.0, 9.15, 9.299999999999999, 9.45, 9.6, 9.75, 9.9, 10.049999999999999, 10.2, 10.35, 10.5, 10.65, 10.799999999999999, 10.95, 11.1, 11.25, 11.4, 11.549999999999999, 11.7, 11.85, 12.0, 12.15, 12.299999999999999, 12.45, 12.6, 12.75, 12.9, 13.049999999999999, 13.2, 13.35, 13.5, 13.65, 13.799999999999999, 13.95, 14.1, 14.25, 14.399999999999999, 14.549999999999999, 14.7, 14.85, 15.0, 15.149999999999999",2007R_GLUT1_647_WGA_594_0002,2007,R,True,38.73295661684287,False
"102961, 106408, 107291, 108331, 111201, 113929, 116298, 120184, 130619, 138566, 148589, 159249, 176624, 197880, 205206, 211048, 220235, 223945, 239659, 248527, 266639, 287251, 309240, 327326, 338181, 357296, 362914, 364012, 372854, 376191, 383364, 387780, 389356, 381549, 368140, 351896, 342768, 339848, 323657, 326260, 305211, 283684, 260383, 229795, 203599, 183615, 162469, 156402, 152335, 149742, 147765, 144855, 141577, 137352, 135329, 132887, 131545, 130418, 128920, 129244, 128547, 127337, 127138, 126806, 126356, 125154, 123947, 125061, 124608, 123656, 123991, 124824, 124791, 124087, 124689, 123935, 122529, 122353, 122918, 123763, 122558, 122454, 122100, 122645, 122368, 121921, 122183, 122006, 122093, 121479, 121899, 121628, 120165, 120448, 120984, 120280, 120934, 119940, 120547, 120160, 121265, 121400",35,DAPI,"0.0, 0.15, 0.3, 0.44999999999999996, 0.6, 0.75, 0.8999999999999999, 1.05, 1.2, 1.3499999999999999, 1.5, 1.65, 1.7999999999999998, 1.95, 2.1, 2.25, 2.4, 2.55, 2.6999999999999997, 2.85, 3.0, 3.15, 3.3, 3.4499999999999997, 3.5999999999999996, 3.75, 3.9, 4.05, 4.2, 4.35, 4.5, 4.6499999999999995, 4.8, 4.95, 5.1, 5.25, 5.3999999999999995, 5.55, 5.7, 5.85, 6.0, 6.1499999999999995, 6.3, 6.45, 6.6, 6.75, 6.8999999999999995, 7.05, 7.199999999999999, 7.35, 7.5, 7.6499999999999995, 7.8, 7.949999999999999, 8.1, 8.25, 8.4, 8.549999999999999, 8.7, 8.85, 9.0, 9.15, 9.299999999999999, 9.45, 9.6, 9.75, 9.9, 10.049999999999999, 10.2, 10.35, 10.5, 10.65, 10.799999999999999, 10.95, 11.1, 11.25, 11.4, 11.549999999999999, 11.7, 11.85, 12.0, 12.15, 12.299999999999999, 12.45, 12.6, 12.75, 12.9, 13.049999999999999, 13.2, 13.35, 13.5, 13.65, 13.799999999999999, 13.95, 14.1, 14.25, 14.399999999999999, 14.549999999999999, 14.7, 14.85, 15.0, 15.149999999999999",2007R_GLUT1_647_WGA_594_0002,2007,R,True,92.31184736367152,False
"23533, 25339, 26511, 28535, 30821, 32540, 34669, 37595, 45164, 51791, 62366, 76298, 103611, 148667, 167815, 186767, 212971, 226838, 277232, 315780, 379742, 451023, 507733, 554494, 579168, 615130, 631425, 632096, 660722, 666342, 691549, 716063, 738009, 738731, 738004, 727077, 720136, 717935, 705820, 705823, 685635, 661207, 624692, 567974, 493487, 419104, 292872, 243452, 199857, 182967, 156397, 123517, 106041, 80120, 71194, 60505, 54426, 48782, 44678, 44541, 43564, 42374, 41482, 39991, 39457, 38831, 37671, 37454, 35892, 34869, 34701, 34655, 35108, 34078, 33805, 33149, 32798, 32081, 31848, 31933, 31440, 31847, 31324, 32404, 31834, 32213, 33099, 33730, 36410, 37888, 38215, 38647, 37997, 38789, 37957, 38326, 37767, 37500, 36969, 36725, 37102, 36472",35,eGFP,"0.0, 0.15, 0.3, 0.44999999999999996, 0.6, 0.75, 0.8999999999999999, 1.05, 1.2, 1.3499999999999999, 1.5, 1.65, 1.7999999999999998, 1.95, 2.1, 2.25, 2.4, 2.55, 2.6999999999999997, 2.85, 3.0, 3.15, 3.3, 3.4499999999999997, 3.5999999999999996, 3.75, 3.9, 4.05, 4.2, 4.35, 4.5, 4.6499999999999995, 4.8, 4.95, 5.1, 5.25, 5.3999999999999995, 5.55, 5.7, 5.85, 6.0, 6.1499999999999995, 6.3, 6.45, 6.6, 6.75, 6.8999999999999995, 7.05, 7.199999999999999, 7.35, 7.5, 7.6499999999999995, 7.8, 7.949999999999999, 8.1, 8.25, 8.4, 8.549999999999999, 8.7, 8.85, 9.0, 9.15, 9.299999999999999, 9.45, 9.6, 9.75, 9.9, 10.049999999999999, 10.2, 10.35, 10.5, 10.65, 10.799999999999999, 10.95, 11.1, 11.25, 11.4, 11.549999999999999, 11.7, 11.85, 12.0, 12.15, 12.299999999999999, 12.45, 12.6, 12.75, 12.9, 13.049999999999999, 13.2, 13.35, 13.5, 13.65, 13.799999999999999, 13.95, 14.1, 14.25, 14.399999999999999, 14.549999999999999, 14.7, 14.85, 15.0, 15.149999999999999",2007R_GLUT1_647_WGA_594_0002,2007,R,True,92.31184736367152,False
"37001, 39986, 41999, 45436, 50446, 57336, 62864, 75295, 120663, 177511, 257000, 321173, 326527, 262150, 243419, 228358, 211944, 205513, 186194, 175711, 161816, 149363, 140514, 133128, 129755, 124554, 121470, 121841, 117706, 116519, 112011, 107152, 102570, 99732, 100357, 102372, 104126, 104207, 108784, 108073, 113891, 119915, 128524, 141023, 155581, 165341, 172499, 173122, 172571, 172318, 168905, 164501, 159100, 146525, 139700, 129244, 120765, 112201, 101319, 101371, 98209, 95801, 91833, 86671, 84519, 80403, 76713, 72958, 68542, 66284, 66731, 66354, 65787, 64499, 63190, 61124, 58864, 57541, 55494, 54350, 52850, 51873, 51773, 51218, 50740, 50219, 48781, 48445, 46733, 45950, 45434, 44335, 43992, 43343, 43494, 42945, 42193, 41712, 41212, 40638, 40452, 40082",35,WGA,"0.0, 0.15, 0.3, 0.44999999999999996, 0.6, 0.75, 0.8999999999999999, 1.05, 1.2, 1.3499999999999999, 1.5, 1.65, 1.7999999999999998, 1.95, 2.1, 2.25, 2.4, 2.55, 2.6999999999999997, 2.85, 3.0, 3.15, 3.3, 3.4499999999999997, 3.5999999999999996, 3.75, 3.9, 4.05, 4.2, 4.35, 4.5, 4.6499999999999995, 4.8, 4.95, 5.1, 5.25, 5.3999999999999995, 5.55, 5.7, 5.85, 6.0, 6.1499999999999995, 6.3, 6.45, 6.6, 6.75, 6.8999999999999995, 7.05, 7.199999999999999, 7.35, 7.5, 7.6499999999999995, 7.8, 7.949999999999999, 8.1, 8.25, 8.4, 8.549999999999999, 8.7, 8.85, 9.0, 9.15, 9.299999999999999, 9.45, 9.6, 9.75, 9.9, 10.049999999999999, 10.2, 10.35, 10.5, 10.65, 10.799999999999999, 10.95, 11.1, 11.25, 11.4, 11.549999999999999, 11.7, 11.85, 12.0, 12.15, 12.299999999999999, 12.45, 12.6, 12.75, 12.9, 13.049999999999999, 13.2, 13.35, 13.5, 13.65, 13.799999999999999, 13.95, 14.1, 14.25, 14.399999999999999, 14.549999999999999, 14.7, 14.85, 15.0, 15.149999999999999",2007R_GLUT1_647_WGA_594_0002,2007,R,True,92.31184736367152,False
"3715, 4368, 4947, 5738, 6914, 8477, 9562, 11976, 20351, 29415, 39835, 48744, 52371, 49618, 48213, 47283, 45528, 44691, 42428, 40577, 37672, 34865, 32412, 30497, 29204, 28040, 27363, 26832, 26418, 25497, 24382, 23301, 21634, 20563, 20238, 20389, 20421, 20502, 20882, 21122, 22168, 23062, 24402, 25968, 27182, 27433, 26733, 25992, 25015, 24534, 23799, 22913, 21892, 19903, 19021, 17502, 16435, 15195, 13964, 13793, 13420, 13068, 12543, 11788, 11481, 11031, 10396, 9725, 9218, 8871, 8844, 9138, 8909, 8666, 8429, 8016, 7764, 7727, 7159, 7222, 6788, 6649, 6821, 6791, 6578, 6599, 6373, 6251, 5913, 5822, 5801, 5565, 5690, 5436, 5500, 5235, 5095, 4979, 4800, 4906, 4717, 4748",35,GluT1,"0.0, 0.15, 0.3, 0.44999999999999996, 0.6, 0.75, 0.8999999999999999, 1.05, 1.2, 1.3499999999999999, 1.5, 1.65, 1.7999999999999998, 1.95, 2.1, 2.25, 2.4, 2.55, 2.6999999999999997, 2.85, 3.0, 3.15, 3.3, 3.4499999999999997, 3.5999999999999996, 3.75, 3.9, 4.05, 4.2, 4.35, 4.5, 4.6499999999999995, 4.8, 4.95, 5.1, 5.25, 5.3999999999999995, 5.55, 5.7, 5.85, 6.0, 6.1499999999999995, 6.3, 6.45, 6.6, 6.75, 6.8999999999999995, 7.05, 7.199999999999999, 7.35, 7.5, 7.6499999999999995, 7.8, 7.949999999999999, 8.1, 8.25, 8.4, 8.549999999999999, 8.7, 8.85, 9.0, 9.15, 9.299999999999999, 9.45, 9.6, 9.75, 9.9, 10.049999999999999, 10.2, 10.35, 10.5, 10.65, 10.799999999999999, 10.95, 11.1, 11.25, 11.4, 11.549999999999999, 11.7, 11.85, 12.0, 12.15, 12.299999999999999, 12.45, 12.6, 12.75, 12.9, 13.049999999999999, 13.2, 13.35, 13.5, 13.65, 13.799999999999999, 13.95, 14.1, 14.25, 14.399999999999999, 14.549999999999999, 14.7, 14.85, 15.0, 15.149999999999999",2007R_GLUT1_647_WGA_594_0002,2007,R,True,92.31184736367152,False
"47485, 48607, 49662, 50598, 51785, 53672, 55328, 56206, 62298, 67055, 71128, 75052, 82319, 88176, 90667, 93298, 96401, 98105, 107070, 116366, 128892, 148538, 165317, 184608, 191811, 211196, 220340, 218477, 227469, 232983, 247263, 262780, 279406, 287520, 295854, 298270, 297871, 299083, 299352, 298026, 293926, 286912, 275895, 256415, 230691, 213302, 182353, 167389, 154203, 144680, 131772, 114118, 104799, 86408, 81965, 76324, 73011, 70583, 67300, 67139, 67259, 66529, 65329, 64139, 64050, 63213, 63135, 62631, 61091, 61422, 61231, 61161, 61173, 60999, 60781, 60366, 59932, 59804, 59810, 59767, 59078, 58570, 59987, 58777, 59158, 59292, 58813, 58929, 58837, 58808, 58254, 58627, 57923, 58071, 57846, 58046, 57997, 57152, 57790, 57939, 57327, 57408",36,DAPI,"0.0, 0.15, 0.3, 0.44999999999999996, 0.6, 0.75, 0.8999999999999999, 1.05, 1.2, 1.3499999999999999, 1.5, 1.65, 1.7999999999999998, 1.95, 2.1, 2.25, 2.4, 2.55, 2.6999999999999997, 2.85, 3.0, 3.15, 3.3, 3.4499999999999997, 3.5999999999999996, 3.75, 3.9, 4.05, 4.2, 4.35, 4.5, 4.6499999999999995, 4.8, 4.95, 5.1, 5.25, 5.3999999999999995, 5.55, 5.7, 5.85, 6.0, 6.1499999999999995, 6.3, 6.45, 6.6, 6.75, 6.8999999999999995, 7.05, 7.199999999999999, 7.35, 7.5, 7.6499999999999995, 7.8, 7.949999999999999, 8.1, 8.25, 8.4, 8.549999999999999, 8.7, 8.85, 9.0, 9.15, 9.299999999999999, 9.45, 9.6, 9.75, 9.9, 10.049999999999999, 10.2, 10.35, 10.5, 10.65, 10.799999999999999, 10.95, 11.1, 11.25, 11.4, 11.549999999999999, 11.7, 11.85, 12.0, 12.15, 12.299999999999999, 12.45, 12.6, 12.75, 12.9, 13.049999999999999, 13.2, 13.35, 13.5, 13.65, 13.799999999999999, 13.95, 14.1, 14.25, 14.399999999999999, 14.549999999999999, 14.7, 14.85, 15.0, 15.149999999999999",2007R_GLUT1_647_WGA_594_0002,2007,R,False,2.8883234379417586,False
"6583, 6572, 6762, 6857, 6940, 6870, 7017, 7101, 7621, 8215, 9593, 10473, 11816, 12734, 13210, 13194, 13370, 13782, 13834, 14165, 14319, 14137, 13853, 14022, 13664, 13926, 13993, 13908, 14038, 13996, 14174, 14337, 14525, 14100, 13570, 12635, 12450, 12242, 11663, 11732, 11473, 10963, 10648, 10216, 10420, 10482, 11159, 11510, 11851, 11914, 12492, 12887, 12766, 13056, 12977, 12337, 12452, 12107, 12331, 12083, 12267, 12132, 12223, 11826, 11842, 11612, 11636, 11909, 12366, 11714, 12096, 12193, 11842, 12166, 12113, 12154, 12232, 12116, 11923, 12167, 12406, 12165, 12271, 12600, 12309, 12019, 12534, 12564, 12817, 13344, 13443, 14621, 14502, 15142, 15075, 15573, 16157, 15862, 15614, 15556, 15332, 15090",36,eGFP,"0.0, 0.15, 0.3, 0.44999999999999996, 0.6, 0.75, 0.8999999999999999, 1.05, 1.2, 1.3499999999999999, 1.5, 1.65, 1.7999999999999998, 1.95, 2.1, 2.25, 2.4, 2.55, 2.6999999999999997, 2.85, 3.0, 3.15, 3.3, 3.4499999999999997, 3.5999999999999996, 3.75, 3.9, 4.05, 4.2, 4.35, 4.5, 4.6499999999999995, 4.8, 4.95, 5.1, 5.25, 5.3999999999999995, 5.55, 5.7, 5.85, 6.0, 6.1499999999999995, 6.3, 6.45, 6.6, 6.75, 6.8999999999999995, 7.05, 7.199999999999999, 7.35, 7.5, 7.6499999999999995, 7.8, 7.949999999999999, 8.1, 8.25, 8.4, 8.549999999999999, 8.7, 8.85, 9.0, 9.15, 9.299999999999999, 9.45, 9.6, 9.75, 9.9, 10.049999999999999, 10.2, 10.35, 10.5, 10.65, 10.799999999999999, 10.95, 11.1, 11.25, 11.4, 11.549999999999999, 11.7, 11.85, 12.0, 12.15, 12.299999999999999, 12.45, 12.6, 12.75, 12.9, 13.049999999999999, 13.2, 13.35, 13.5, 13.65, 13.799999999999999, 13.95, 14.1, 14.25, 14.399999999999999, 14.549999999999999, 14.7, 14.85, 15.0, 15.149999999999999",2007R_GLUT1_647_WGA_594_0002,2007,R,False,2.8883234379417586,False
"16915, 18212, 19253, 21037, 23511, 26955, 30436, 36103, 58598, 85590, 120384, 141694, 132127, 106835, 99408, 94595, 90029, 88836, 84521, 83388, 82044, 78971, 74217, 66631, 62731, 55856, 53424, 53286, 49869, 49388, 45882, 44024, 41595, 39621, 37000, 35173, 34715, 34395, 33614, 33607, 32989, 33057, 32755, 33692, 36894, 39689, 46166, 48991, 51946, 53415, 56432, 61262, 63713, 68171, 67932, 65308, 61835, 57802, 51655, 52208, 50342, 48559, 46985, 43934, 42505, 40798, 38640, 36985, 34846, 34053, 33973, 33979, 33737, 33039, 32414, 31324, 29799, 29281, 28151, 27585, 26355, 25930, 25998, 25341, 25109, 24796, 23930, 23667, 23090, 22874, 22392, 21810, 21621, 21279, 21541, 21073, 20621, 20240, 19810, 19772, 19388, 19328",36,WGA,"0.0, 0.15, 0.3, 0.44999999999999996, 0.6, 0.75, 0.8999999999999999, 1.05, 1.2, 1.3499999999999999, 1.5, 1.65, 1.7999999999999998, 1.95, 2.1, 2.25, 2.4, 2.55, 2.6999999999999997, 2.85, 3.0, 3.15, 3.3, 3.4499999999999997, 3.5999999999999996, 3.75, 3.9, 4.05, 4.2, 4.35, 4.5, 4.6499999999999995, 4.8, 4.95, 5.1, 5.25, 5.3999999999999995, 5.55, 5.7, 5.85, 6.0, 6.1499999999999995, 6.3, 6.45, 6.6, 6.75, 6.8999999999999995, 7.05, 7.199999999999999, 7.35, 7.5, 7.6499999999999995, 7.8, 7.949999999999999, 8.1, 8.25, 8.4, 8.549999999999999, 8.7, 8.85, 9.0, 9.15, 9.299999999999999, 9.45, 9.6, 9.75, 9.9, 10.049999999999999, 10.2, 10.35, 10.5, 10.65, 10.799999999999999, 10.95, 11.1, 11.25, 11.4, 11.549999999999999, 11.7, 11.85, 12.0, 12.15, 12.299999999999999, 12.45, 12.6, 12.75, 12.9, 13.049999999999999, 13.2, 13.35, 13.5, 13.65, 13.799999999999999, 13.95, 14.1, 14.25, 14.399999999999999, 14.549999999999999, 14.7, 14.85, 15.0, 15.149999999999999",2007R_GLUT1_647_WGA_594_0002,2007,R,False,2.8883234379417586,False
"3618, 4219, 4800, 5393, 6605, 7724, 8870, 10678, 16580, 23065, 31226, 38019, 46447, 56670, 61425, 66344, 71255, 73913, 85513, 93189, 101360, 105522, 102837, 96573, 93040, 87033, 84883, 83923, 80323, 79598, 74587, 69149, 59913, 50260, 37648, 28853, 25737, 25228, 21318, 21482, 17210, 14931, 12950, 11506, 10457, 10248, 10372, 10442, 10628, 10811, 10941, 11317, 11451, 11139, 10784, 10066, 9470, 8875, 7930, 8077, 7639, 7604, 7172, 6721, 6428, 6067, 5697, 5514, 5171, 5205, 5015, 5069, 4986, 5017, 4855, 4579, 4520, 4472, 4128, 3992, 3757, 3761, 3712, 3732, 3712, 3577, 3606, 3547, 3365, 3362, 3276, 3173, 3056, 3051, 2976, 2986, 2772, 2671, 2624, 2575, 2513, 2458",36,GluT1,"0.0, 0.15, 0.3, 0.44999999999999996, 0.6, 0.75, 0.8999999999999999, 1.05, 1.2, 1.3499999999999999, 1.5, 1.65, 1.7999999999999998, 1.95, 2.1, 2.25, 2.4, 2.55, 2.6999999999999997, 2.85, 3.0, 3.15, 3.3, 3.4499999999999997, 3.5999999999999996, 3.75, 3.9, 4.05, 4.2, 4.35, 4.5, 4.6499999999999995, 4.8, 4.95, 5.1, 5.25, 5.3999999999999995, 5.55, 5.7, 5.85, 6.0, 6.1499999999999995, 6.3, 6.45, 6.6, 6.75, 6.8999999999999995, 7.05, 7.199999999999999, 7.35, 7.5, 7.6499999999999995, 7.8, 7.949999999999999, 8.1, 8.25, 8.4, 8.549999999999999, 8.7, 8.85, 9.0, 9.15, 9.299999999999999, 9.45, 9.6, 9.75, 9.9, 10.049999999999999, 10.2, 10.35, 10.5, 10.65, 10.799999999999999, 10.95, 11.1, 11.25, 11.4, 11.549999999999999, 11.7, 11.85, 12.0, 12.15, 12.299999999999999, 12.45, 12.6, 12.75, 12.9, 13.049999999999999, 13.2, 13.35, 13.5, 13.65, 13.799999999999999, 13.95, 14.1, 14.25, 14.399999999999999, 14.549999999999999, 14.7, 14.85, 15.0, 15.149999999999999",2007R_GLUT1_647_WGA_594_0002,2007,R,False,2.8883234379417586,False
"72123, 71855, 72926, 74364, 75155, 76563, 78615, 79360, 87348, 91234, 95007, 97388, 100237, 100706, 101347, 99901, 99612, 100196, 101371, 101543, 101689, 102989, 104033, 104268, 106334, 107203, 108690, 108552, 110340, 111790, 114705, 120081, 128633, 142894, 168253, 196463, 212613, 215322, 241865, 236808, 274383, 302697, 324893, 345672, 362421, 373251, 381204, 377930, 369131, 365811, 355305, 330503, 306854, 239249, 208056, 163229, 142812, 128483, 118822, 118023, 114372, 113931, 109840, 106449, 106977, 106824, 103340, 103291, 101006, 100153, 99733, 100002, 98723, 98532, 98710, 97061, 97644, 97331, 95684, 95219, 94716, 96187, 95865, 95076, 95312, 94218, 94209, 95168, 95011, 93668, 93180, 92428, 92658, 92818, 92319, 92243, 92401, 93180, 92166, 91220, 91257, 91782",37,DAPI,"0.0, 0.15, 0.3, 0.44999999999999996, 0.6, 0.75, 0.8999999999999999, 1.05, 1.2, 1.3499999999999999, 1.5, 1.65, 1.7999999999999998, 1.95, 2.1, 2.25, 2.4, 2.55, 2.6999999999999997, 2.85, 3.0, 3.15, 3.3, 3.4499999999999997, 3.5999999999999996, 3.75, 3.9, 4.05, 4.2, 4.35, 4.5, 4.6499999999999995, 4.8, 4.95, 5.1, 5.25, 5.3999999999999995, 5.55, 5.7, 5.85, 6.0, 6.1499999999999995, 6.3, 6.45, 6.6, 6.75, 6.8999999999999995, 7.05, 7.199999999999999, 7.35, 7.5, 7.6499999999999995, 7.8, 7.949999999999999, 8.1, 8.25, 8.4, 8.549999999999999, 8.7, 8.85, 9.0, 9.15, 9.299999999999999, 9.45, 9.6, 9.75, 9.9, 10.049999999999999, 10.2, 10.35, 10.5, 10.65, 10.799999999999999, 10.95, 11.1, 11.25, 11.4, 11.549999999999999, 11.7, 11.85, 12.0, 12.15, 12.299999999999999, 12.45, 12.6, 12.75, 12.9, 13.049999999999999, 13.2, 13.35, 13.5, 13.65, 13.799999999999999, 13.95, 14.1, 14.25, 14.399999999999999, 14.549999999999999, 14.7, 14.85, 15.0, 15.149999999999999",2007R_GLUT1_647_WGA_594_0002,2007,R,False,3.5201471618780658,False
"11546, 11572, 12039, 12277, 12513, 12805, 12961, 13335, 14885, 16736, 18969, 21451, 25047, 30229, 32382, 33966, 37429, 39008, 44700, 49638, 57207, 62920, 64943, 65513, 65544, 67296, 67313, 66744, 67604, 67714, 67642, 66969, 66176, 63342, 58712, 55147, 54300, 53981, 51688, 51897, 48040, 42934, 36933, 29929, 25072, 22200, 20093, 19393, 18953, 18873, 18988, 18734, 18568, 18931, 19195, 19104, 19668, 19366, 19557, 19430, 19240, 19418, 19064, 19104, 18889, 18957, 19224, 19157, 19197, 18837, 19037, 18841, 18771, 18970, 18997, 19035, 18951, 18592, 19216, 19170, 19171, 19267, 19077, 19802, 19309, 19451, 19167, 19420, 19317, 19469, 19370, 19488, 19656, 19541, 19360, 19823, 20434, 21315, 22078, 22866, 23656, 23527",37,eGFP,"0.0, 0.15, 0.3, 0.44999999999999996, 0.6, 0.75, 0.8999999999999999, 1.05, 1.2, 1.3499999999999999, 1.5, 1.65, 1.7999999999999998, 1.95, 2.1, 2.25, 2.4, 2.55, 2.6999999999999997, 2.85, 3.0, 3.15, 3.3, 3.4499999999999997, 3.5999999999999996, 3.75, 3.9, 4.05, 4.2, 4.35, 4.5, 4.6499999999999995, 4.8, 4.95, 5.1, 5.25, 5.3999999999999995, 5.55, 5.7, 5.85, 6.0, 6.1499999999999995, 6.3, 6.45, 6.6, 6.75, 6.8999999999999995, 7.05, 7.199999999999999, 7.35, 7.5, 7.6499999999999995, 7.8, 7.949999999999999, 8.1, 8.25, 8.4, 8.549999999999999, 8.7, 8.85, 9.0, 9.15, 9.299999999999999, 9.45, 9.6, 9.75, 9.9, 10.049999999999999, 10.2, 10.35, 10.5, 10.65, 10.799999999999999, 10.95, 11.1, 11.25, 11.4, 11.549999999999999, 11.7, 11.85, 12.0, 12.15, 12.299999999999999, 12.45, 12.6, 12.75, 12.9, 13.049999999999999, 13.2, 13.35, 13.5, 13.65, 13.799999999999999, 13.95, 14.1, 14.25, 14.399999999999999, 14.549999999999999, 14.7, 14.85, 15.0, 15.149999999999999",2007R_GLUT1_647_WGA_594_0002,2007,R,False,3.5201471618780658,False
"27289, 29698, 31399, 34073, 38624, 43778, 48142, 58064, 92981, 132232, 177125, 204518, 195042, 160264, 151637, 144495, 136187, 133112, 124237, 120244, 114614, 111319, 108538, 106467, 105430, 104302, 104630, 104316, 104349, 104428, 104019, 103192, 100321, 98501, 94982, 92512, 91098, 90818, 88590, 88610, 84893, 79733, 73128, 64113, 57594, 53553, 52175, 52919, 54553, 55646, 57304, 61552, 65458, 74302, 78686, 84469, 87399, 88819, 86363, 86999, 84317, 83089, 80234, 76117, 73766, 70623, 66955, 64355, 60687, 59846, 59518, 59538, 58833, 57467, 56301, 54244, 51846, 50759, 48600, 47778, 46136, 45511, 45176, 44494, 44109, 43558, 41702, 41328, 39828, 38820, 37934, 36870, 36444, 35825, 35769, 35225, 34141, 33514, 33145, 32163, 31663, 31189",37,WGA,"0.0, 0.15, 0.3, 0.44999999999999996, 0.6, 0.75, 0.8999999999999999, 1.05, 1.2, 1.3499999999999999, 1.5, 1.65, 1.7999999999999998, 1.95, 2.1, 2.25, 2.4, 2.55, 2.6999999999999997, 2.85, 3.0, 3.15, 3.3, 3.4499999999999997, 3.5999999999999996, 3.75, 3.9, 4.05, 4.2, 4.35, 4.5, 4.6499999999999995, 4.8, 4.95, 5.1, 5.25, 5.3999999999999995, 5.55, 5.7, 5.85, 6.0, 6.1499999999999995, 6.3, 6.45, 6.6, 6.75, 6.8999999999999995, 7.05, 7.199999999999999, 7.35, 7.5, 7.6499999999999995, 7.8, 7.949999999999999, 8.1, 8.25, 8.4, 8.549999999999999, 8.7, 8.85, 9.0, 9.15, 9.299999999999999, 9.45, 9.6, 9.75, 9.9, 10.049999999999999, 10.2, 10.35, 10.5, 10.65, 10.799999999999999, 10.95, 11.1, 11.25, 11.4, 11.549999999999999, 11.7, 11.85, 12.0, 12.15, 12.299999999999999, 12.45, 12.6, 12.75, 12.9, 13.049999999999999, 13.2, 13.35, 13.5, 13.65, 13.799999999999999, 13.95, 14.1, 14.25, 14.399999999999999, 14.549999999999999, 14.7, 14.85, 15.0, 15.149999999999999",2007R_GLUT1_647_WGA_594_0002,2007,R,False,3.5201471618780658,False
"2772, 3302, 3766, 4327, 5352, 6662, 7627, 9589, 15962, 22553, 29679, 34602, 35776, 33907, 33149, 32467, 31476, 31079, 29485, 28276, 26337, 24268, 22093, 20579, 19537, 18723, 18786, 18803, 18745, 18675, 18805, 18742, 18750, 18574, 18415, 17700, 17292, 17249, 16362, 16506, 15520, 14244, 12780, 11264, 9994, 9167, 8803, 8887, 8783, 8997, 9189, 9653, 10118, 11637, 11830, 12709, 12867, 12993, 12541, 12556, 12279, 11856, 11785, 11039, 10742, 10208, 9728, 9300, 8816, 8704, 8597, 8715, 8614, 8459, 8264, 7792, 7372, 7344, 6879, 6858, 6507, 6284, 6343, 6144, 6178, 6058, 5992, 5768, 5579, 5452, 5202, 4973, 5030, 4746, 4706, 4712, 4474, 4237, 4231, 4008, 4047, 3864",37,GluT1,"0.0, 0.15, 0.3, 0.44999999999999996, 0.6, 0.75, 0.8999999999999999, 1.05, 1.2, 1.3499999999999999, 1.5, 1.65, 1.7999999999999998, 1.95, 2.1, 2.25, 2.4, 2.55, 2.6999999999999997, 2.85, 3.0, 3.15, 3.3, 3.4499999999999997, 3.5999999999999996, 3.75, 3.9, 4.05, 4.2, 4.35, 4.5, 4.6499999999999995, 4.8, 4.95, 5.1, 5.25, 5.3999999999999995, 5.55, 5.7, 5.85, 6.0, 6.1499999999999995, 6.3, 6.45, 6.6, 6.75, 6.8999999999999995, 7.05, 7.199999999999999, 7.35, 7.5, 7.6499999999999995, 7.8, 7.949999999999999, 8.1, 8.25, 8.4, 8.549999999999999, 8.7, 8.85, 9.0, 9.15, 9.299999999999999, 9.45, 9.6, 9.75, 9.9, 10.049999999999999, 10.2, 10.35, 10.5, 10.65, 10.799999999999999, 10.95, 11.1, 11.25, 11.4, 11.549999999999999, 11.7, 11.85, 12.0, 12.15, 12.299999999999999, 12.45, 12.6, 12.75, 12.9, 13.049999999999999, 13.2, 13.35, 13.5, 13.65, 13.799999999999999, 13.95, 14.1, 14.25, 14.399999999999999, 14.549999999999999, 14.7, 14.85, 15.0, 15.149999999999999",2007R_GLUT1_647_WGA_594_0002,2007,R,False,3.5201471618780658,False
"13990, 14432, 14522, 15402, 15259, 16176, 16266, 17088, 18574, 20405, 20912, 22491, 24640, 28291, 28823, 29664, 32131, 32577, 34276, 37931, 41864, 46574, 50364, 53950, 54949, 56910, 56937, 57171, 57526, 58224, 57648, 58413, 57925, 57443, 54467, 49626, 48074, 46569, 43245, 43877, 38547, 35310, 31717, 27054, 23870, 22842, 21619, 21176, 20541, 20748, 20604, 20045, 20070, 19344, 19625, 19466, 19060, 18657, 18764, 18894, 18591, 18396, 18482, 18122, 18200, 18392, 17983, 18314, 18182, 17709, 18172, 18218, 17558, 17636, 17907, 17797, 17919, 17846, 17828, 18000, 17902, 17660, 17649, 17675, 17851, 17803, 17958, 17356, 17548, 17621, 17742, 17482, 17767, 17436, 17668, 17930, 17451, 17573, 17228, 17579, 17268, 17171",38,DAPI,"0.0, 0.15, 0.3, 0.44999999999999996, 0.6, 0.75, 0.8999999999999999, 1.05, 1.2, 1.3499999999999999, 1.5, 1.65, 1.7999999999999998, 1.95, 2.1, 2.25, 2.4, 2.55, 2.6999999999999997, 2.85, 3.0, 3.15, 3.3, 3.4499999999999997, 3.5999999999999996, 3.75, 3.9, 4.05, 4.2, 4.35, 4.5, 4.6499999999999995, 4.8, 4.95, 5.1, 5.25, 5.3999999999999995, 5.55, 5.7, 5.85, 6.0, 6.1499999999999995, 6.3, 6.45, 6.6, 6.75, 6.8999999999999995, 7.05, 7.199999999999999, 7.35, 7.5, 7.6499999999999995, 7.8, 7.949999999999999, 8.1, 8.25, 8.4, 8.549999999999999, 8.7, 8.85, 9.0, 9.15, 9.299999999999999, 9.45, 9.6, 9.75, 9.9, 10.049999999999999, 10.2, 10.35, 10.5, 10.65, 10.799999999999999, 10.95, 11.1, 11.25, 11.4, 11.549999999999999, 11.7, 11.85, 12.0, 12.15, 12.299999999999999, 12.45, 12.6, 12.75, 12.9, 13.049999999999999, 13.2, 13.35, 13.5, 13.65, 13.799999999999999, 13.95, 14.1, 14.25, 14.399999999999999, 14.549999999999999, 14.7, 14.85, 15.0, 15.149999999999999",2007R_GLUT1_647_WGA_594_0002,2007,R,False,2.9101964452759588,False
"1968, 1964, 1969, 2001, 2058, 2057, 2093, 2083, 2358, 2570, 2824, 3175, 3328, 3489, 3467, 3457, 3433, 3522, 3422, 3476, 3446, 3528, 3504, 3388, 3290, 3232, 3184, 3233, 3215, 3087, 3124, 3031, 3031, 3027, 3101, 3165, 3163, 3107, 3125, 3111, 3234, 3277, 3431, 3520, 3403, 3584, 3570, 3638, 3660, 3670, 3771, 3663, 3743, 3656, 3663, 3594, 3610, 3521, 3527, 3493, 3565, 3547, 3635, 3576, 3535, 3438, 3529, 3530, 3567, 3429, 3443, 3541, 3435, 3539, 3581, 3565, 3556, 3723, 3537, 3659, 3512, 3620, 3560, 3636, 3440, 3548, 3606, 3607, 3873, 4158, 4474, 4623, 4920, 5627, 5519, 6001, 6678, 7077, 7137, 7191, 6945, 6413",38,eGFP,"0.0, 0.15, 0.3, 0.44999999999999996, 0.6, 0.75, 0.8999999999999999, 1.05, 1.2, 1.3499999999999999, 1.5, 1.65, 1.7999999999999998, 1.95, 2.1, 2.25, 2.4, 2.55, 2.6999999999999997, 2.85, 3.0, 3.15, 3.3, 3.4499999999999997, 3.5999999999999996, 3.75, 3.9, 4.05, 4.2, 4.35, 4.5, 4.6499999999999995, 4.8, 4.95, 5.1, 5.25, 5.3999999999999995, 5.55, 5.7, 5.85, 6.0, 6.1499999999999995, 6.3, 6.45, 6.6, 6.75, 6.8999999999999995, 7.05, 7.199999999999999, 7.35, 7.5, 7.6499999999999995, 7.8, 7.949999999999999, 8.1, 8.25, 8.4, 8.549999999999999, 8.7, 8.85, 9.0, 9.15, 9.299999999999999, 9.45, 9.6, 9.75, 9.9, 10.049999999999999, 10.2, 10.35, 10.5, 10.65, 10.799999999999999, 10.95, 11.1, 11.25, 11.4, 11.549999999999999, 11.7, 11.85, 12.0, 12.15, 12.299999999999999, 12.45, 12.6, 12.75, 12.9, 13.049999999999999, 13.2, 13.35, 13.5, 13.65, 13.799999999999999, 13.95, 14.1, 14.25, 14.399999999999999, 14.549999999999999, 14.7, 14.85, 15.0, 15.149999999999999",2007R_GLUT1_647_WGA_594_0002,2007,R,False,2.9101964452759588,False
"4983, 5348, 5609, 5901, 6639, 7701, 8170, 10140, 16221, 25732, 36255, 41939, 39461, 29976, 27864, 26448, 23825, 23185, 21236, 19616, 17715, 15987, 14303, 13008, 12226, 11141, 10815, 10996, 9925, 10005, 9288, 8574, 8564, 8494, 8884, 8956, 9039, 9246, 9297, 9292, 9745, 10362, 11366, 12487, 13973, 14307, 14946, 15533, 16571, 17008, 17921, 19842, 21075, 22114, 22397, 22285, 21548, 20476, 18669, 18905, 18092, 17791, 17037, 16308, 15745, 14882, 13957, 13284, 12312, 12117, 12124, 11971, 11810, 11456, 11320, 10880, 10325, 10123, 9620, 9354, 8986, 8780, 8811, 8737, 8629, 8580, 8263, 8077, 7866, 7595, 7388, 7285, 7228, 7010, 7077, 7010, 6814, 6674, 6435, 6359, 6187, 6136",38,WGA,"0.0, 0.15, 0.3, 0.44999999999999996, 0.6, 0.75, 0.8999999999999999, 1.05, 1.2, 1.3499999999999999, 1.5, 1.65, 1.7999999999999998, 1.95, 2.1, 2.25, 2.4, 2.55, 2.6999999999999997, 2.85, 3.0, 3.15, 3.3, 3.4499999999999997, 3.5999999999999996, 3.75, 3.9, 4.05, 4.2, 4.35, 4.5, 4.6499999999999995, 4.8, 4.95, 5.1, 5.25, 5.3999999999999995, 5.55, 5.7, 5.85, 6.0, 6.1499999999999995, 6.3, 6.45, 6.6, 6.75, 6.8999999999999995, 7.05, 7.199999999999999, 7.35, 7.5, 7.6499999999999995, 7.8, 7.949999999999999, 8.1, 8.25, 8.4, 8.549999999999999, 8.7, 8.85, 9.0, 9.15, 9.299999999999999, 9.45, 9.6, 9.75, 9.9, 10.049999999999999, 10.2, 10.35, 10.5, 10.65, 10.799999999999999, 10.95, 11.1, 11.25, 11.4, 11.549999999999999, 11.7, 11.85, 12.0, 12.15, 12.299999999999999, 12.45, 12.6, 12.75, 12.9, 13.049999999999999, 13.2, 13.35, 13.5, 13.65, 13.799999999999999, 13.95, 14.1, 14.25, 14.399999999999999, 14.549999999999999, 14.7, 14.85, 15.0, 15.149999999999999",2007R_GLUT1_647_WGA_594_0002,2007,R,False,2.9101964452759588,False
"454, 541, 648, 667, 812, 1056, 1121, 1444, 2540, 3964, 5324, 6250, 6080, 5554, 5372, 5247, 5162, 5124, 5314, 5293, 5422, 5448, 5202, 4690, 4426, 3937, 3732, 3664, 3396, 3219, 2886, 2601, 2470, 2463, 2649, 2719, 2770, 2752, 2864, 2887, 2985, 3038, 3129, 3394, 3632, 3558, 3496, 3443, 3506, 3593, 3660, 3840, 3775, 3727, 3671, 3409, 3326, 2988, 2668, 2702, 2587, 2629, 2567, 2361, 2288, 2210, 2036, 1956, 1751, 1758, 1697, 1694, 1710, 1694, 1664, 1605, 1527, 1533, 1445, 1458, 1344, 1303, 1370, 1333, 1262, 1285, 1179, 1158, 1153, 1164, 1094, 1055, 1075, 1062, 1027, 1035, 1007, 1003, 895, 847, 854, 779",38,GluT1,"0.0, 0.15, 0.3, 0.44999999999999996, 0.6, 0.75, 0.8999999999999999, 1.05, 1.2, 1.3499999999999999, 1.5, 1.65, 1.7999999999999998, 1.95, 2.1, 2.25, 2.4, 2.55, 2.6999999999999997, 2.85, 3.0, 3.15, 3.3, 3.4499999999999997, 3.5999999999999996, 3.75, 3.9, 4.05, 4.2, 4.35, 4.5, 4.6499999999999995, 4.8, 4.95, 5.1, 5.25, 5.3999999999999995, 5.55, 5.7, 5.85, 6.0, 6.1499999999999995, 6.3, 6.45, 6.6, 6.75, 6.8999999999999995, 7.05, 7.199999999999999, 7.35, 7.5, 7.6499999999999995, 7.8, 7.949999999999999, 8.1, 8.25, 8.4, 8.549999999999999, 8.7, 8.85, 9.0, 9.15, 9.299999999999999, 9.45, 9.6, 9.75, 9.9, 10.049999999999999, 10.2, 10.35, 10.5, 10.65, 10.799999999999999, 10.95, 11.1, 11.25, 11.4, 11.549999999999999, 11.7, 11.85, 12.0, 12.15, 12.299999999999999, 12.45, 12.6, 12.75, 12.9, 13.049999999999999, 13.2, 13.35, 13.5, 13.65, 13.799999999999999, 13.95, 14.1, 14.25, 14.399999999999999, 14.549999999999999, 14.7, 14.85, 15.0, 15.149999999999999",2007R_GLUT1_647_WGA_594_0002,2007,R,False,2.9101964452759588,False
"29071, 30509, 31146, 30942, 31932, 32188, 33022, 34521, 37306, 39272, 41414, 45103, 49023, 54939, 56412, 57709, 60579, 62700, 66896, 69365, 75065, 81242, 86945, 91443, 93285, 96121, 97185, 97526, 98902, 99761, 100983, 101062, 99799, 98792, 97719, 94553, 92821, 92151, 88622, 89892, 84275, 78214, 71943, 62630, 55467, 50656, 45563, 44118, 43005, 42479, 41791, 41828, 40557, 39305, 39262, 37453, 37509, 37578, 37071, 36503, 36009, 36325, 35866, 35882, 35914, 35496, 34862, 35249, 35127, 35251, 35307, 35483, 35054, 35473, 35619, 35141, 34602, 34551, 34635, 35194, 35032, 34732, 34786, 34465, 34551, 34421, 34911, 34502, 34505, 34340, 34462, 34318, 34055, 34230, 34341, 34227, 34110, 33772, 34123, 34185, 34552, 34396",39,DAPI,"0.0, 0.15, 0.3, 0.44999999999999996, 0.6, 0.75, 0.8999999999999999, 1.05, 1.2, 1.3499999999999999, 1.5, 1.65, 1.7999999999999998, 1.95, 2.1, 2.25, 2.4, 2.55, 2.6999999999999997, 2.85, 3.0, 3.15, 3.3, 3.4499999999999997, 3.5999999999999996, 3.75, 3.9, 4.05, 4.2, 4.35, 4.5, 4.6499999999999995, 4.8, 4.95, 5.1, 5.25, 5.3999999999999995, 5.55, 5.7, 5.85, 6.0, 6.1499999999999995, 6.3, 6.45, 6.6, 6.75, 6.8999999999999995, 7.05, 7.199999999999999, 7.35, 7.5, 7.6499999999999995, 7.8, 7.949999999999999, 8.1, 8.25, 8.4, 8.549999999999999, 8.7, 8.85, 9.0, 9.15, 9.299999999999999, 9.45, 9.6, 9.75, 9.9, 10.049999999999999, 10.2, 10.35, 10.5, 10.65, 10.799999999999999, 10.95, 11.1, 11.25, 11.4, 11.549999999999999, 11.7, 11.85, 12.0, 12.15, 12.299999999999999, 12.45, 12.6, 12.75, 12.9, 13.049999999999999, 13.2, 13.35, 13.5, 13.65, 13.799999999999999, 13.95, 14.1, 14.25, 14.399999999999999, 14.549999999999999, 14.7, 14.85, 15.0, 15.149999999999999",2007R_GLUT1_647_WGA_594_0002,2007,R,True,100.92678490222829,False
"6871, 7419, 7521, 8230, 8995, 9358, 9904, 11042, 13210, 15181, 17796, 22107, 30039, 44324, 49118, 54029, 63102, 67794, 81854, 92401, 111830, 131711, 150479, 164586, 172142, 182145, 187766, 188934, 199259, 201130, 208440, 214429, 221938, 224452, 228181, 224431, 220839, 219560, 215759, 218541, 210645, 201850, 189431, 171299, 151860, 129252, 91880, 77030, 63588, 58460, 49424, 38029, 31485, 23285, 20750, 17353, 15745, 14270, 12921, 12768, 12318, 11904, 11667, 11109, 10926, 10677, 10134, 10509, 9792, 9846, 9676, 9520, 9530, 9361, 9364, 9353, 9230, 9081, 8952, 9236, 9106, 9321, 9189, 9455, 9291, 9473, 9830, 9958, 10558, 10888, 10681, 10707, 10681, 10582, 10372, 10671, 10828, 11114, 11442, 11694, 11875, 11363",39,eGFP,"0.0, 0.15, 0.3, 0.44999999999999996, 0.6, 0.75, 0.8999999999999999, 1.05, 1.2, 1.3499999999999999, 1.5, 1.65, 1.7999999999999998, 1.95, 2.1, 2.25, 2.4, 2.55, 2.6999999999999997, 2.85, 3.0, 3.15, 3.3, 3.4499999999999997, 3.5999999999999996, 3.75, 3.9, 4.05, 4.2, 4.35, 4.5, 4.6499999999999995, 4.8, 4.95, 5.1, 5.25, 5.3999999999999995, 5.55, 5.7, 5.85, 6.0, 6.1499999999999995, 6.3, 6.45, 6.6, 6.75, 6.8999999999999995, 7.05, 7.199999999999999, 7.35, 7.5, 7.6499999999999995, 7.8, 7.949999999999999, 8.1, 8.25, 8.4, 8.549999999999999, 8.7, 8.85, 9.0, 9.15, 9.299999999999999, 9.45, 9.6, 9.75, 9.9, 10.049999999999999, 10.2, 10.35, 10.5, 10.65, 10.799999999999999, 10.95, 11.1, 11.25, 11.4, 11.549999999999999, 11.7, 11.85, 12.0, 12.15, 12.299999999999999, 12.45, 12.6, 12.75, 12.9, 13.049999999999999, 13.2, 13.35, 13.5, 13.65, 13.799999999999999, 13.95, 14.1, 14.25, 14.399999999999999, 14.549999999999999, 14.7, 14.85, 15.0, 15.149999999999999",2007R_GLUT1_647_WGA_594_0002,2007,R,True,100.92678490222829,False
"10526, 11438, 11971, 13062, 14538, 16386, 17866, 21700, 35141, 51882, 74715, 94019, 95159, 75787, 70458, 66267, 61298, 59592, 54580, 51722, 47781, 43833, 40957, 38526, 37060, 35422, 34544, 34620, 33237, 32898, 31539, 29778, 28331, 26800, 26547, 26856, 27020, 27215, 28361, 28323, 30146, 32223, 34987, 39655, 44414, 47125, 48953, 48957, 48608, 48381, 47506, 46075, 44421, 40295, 38072, 35064, 32571, 30594, 27608, 27514, 26631, 26064, 25048, 23562, 22965, 21836, 20735, 19571, 18397, 17875, 17965, 17905, 17604, 17455, 17094, 16716, 16103, 15840, 15305, 15133, 14690, 14415, 14410, 14198, 14019, 13918, 13493, 13320, 12871, 12602, 12565, 12140, 12122, 12031, 12007, 11912, 11672, 11533, 11488, 11388, 11421, 11316",39,WGA,"0.0, 0.15, 0.3, 0.44999999999999996, 0.6, 0.75, 0.8999999999999999, 1.05, 1.2, 1.3499999999999999, 1.5, 1.65, 1.7999999999999998, 1.95, 2.1, 2.25, 2.4, 2.55, 2.6999999999999997, 2.85, 3.0, 3.15, 3.3, 3.4499999999999997, 3.5999999999999996, 3.75, 3.9, 4.05, 4.2, 4.35, 4.5, 4.6499999999999995, 4.8, 4.95, 5.1, 5.25, 5.3999999999999995, 5.55, 5.7, 5.85, 6.0, 6.1499999999999995, 6.3, 6.45, 6.6, 6.75, 6.8999999999999995, 7.05, 7.199999999999999, 7.35, 7.5, 7.6499999999999995, 7.8, 7.949999999999999, 8.1, 8.25, 8.4, 8.549999999999999, 8.7, 8.85, 9.0, 9.15, 9.299999999999999, 9.45, 9.6, 9.75, 9.9, 10.049999999999999, 10.2, 10.35, 10.5, 10.65, 10.799999999999999, 10.95, 11.1, 11.25, 11.4, 11.549999999999999, 11.7, 11.85, 12.0, 12.15, 12.299999999999999, 12.45, 12.6, 12.75, 12.9, 13.049999999999999, 13.2, 13.35, 13.5, 13.65, 13.799999999999999, 13.95, 14.1, 14.25, 14.399999999999999, 14.549999999999999, 14.7, 14.85, 15.0, 15.149999999999999",2007R_GLUT1_647_WGA_594_0002,2007,R,True,100.92678490222829,False
"1084, 1252, 1478, 1669, 2008, 2537, 2797, 3534, 5974, 8618, 11733, 14319, 15516, 14727, 14405, 14274, 13816, 13658, 12985, 12682, 11684, 10809, 9899, 9133, 8652, 8361, 8311, 7932, 7843, 7668, 7219, 6861, 6377, 6052, 5597, 5757, 5644, 5702, 5796, 5838, 6128, 6563, 7030, 7589, 7823, 7782, 7495, 7278, 6891, 6786, 6618, 6392, 5941, 5391, 5098, 4810, 4482, 4209, 4030, 3919, 3795, 3755, 3501, 3375, 3225, 3059, 2869, 2639, 2481, 2353, 2393, 2417, 2326, 2307, 2283, 2160, 2038, 2056, 1965, 1960, 1844, 1785, 1809, 1798, 1701, 1765, 1675, 1651, 1545, 1520, 1538, 1493, 1503, 1460, 1422, 1381, 1358, 1343, 1303, 1343, 1293, 1299",39,GluT1,"0.0, 0.15, 0.3, 0.44999999999999996, 0.6, 0.75, 0.8999999999999999, 1.05, 1.2, 1.3499999999999999, 1.5, 1.65, 1.7999999999999998, 1.95, 2.1, 2.25, 2.4, 2.55, 2.6999999999999997, 2.85, 3.0, 3.15, 3.3, 3.4499999999999997, 3.5999999999999996, 3.75, 3.9, 4.05, 4.2, 4.35, 4.5, 4.6499999999999995, 4.8, 4.95, 5.1, 5.25, 5.3999999999999995, 5.55, 5.7, 5.85, 6.0, 6.1499999999999995, 6.3, 6.45, 6.6, 6.75, 6.8999999999999995, 7.05, 7.199999999999999, 7.35, 7.5, 7.6499999999999995, 7.8, 7.949999999999999, 8.1, 8.25, 8.4, 8.549999999999999, 8.7, 8.85, 9.0, 9.15, 9.299999999999999, 9.45, 9.6, 9.75, 9.9, 10.049999999999999, 10.2, 10.35, 10.5, 10.65, 10.799999999999999, 10.95, 11.1, 11.25, 11.4, 11.549999999999999, 11.7, 11.85, 12.0, 12.15, 12.299999999999999, 12.45, 12.6, 12.75, 12.9, 13.049999999999999, 13.2, 13.35, 13.5, 13.65, 13.799999999999999, 13.95, 14.1, 14.25, 14.399999999999999, 14.549999999999999, 14.7, 14.85, 15.0, 15.149999999999999",2007R_GLUT1_647_WGA_594_0002,2007,R,True,100.92678490222829,False
"85160, 85896, 86411, 88950, 90259, 91177, 93494, 97462, 106232, 111941, 114685, 120390, 121706, 125083, 125628, 127163, 128855, 130498, 132125, 134811, 140765, 149320, 160517, 173298, 180727, 193325, 198468, 198581, 208932, 212628, 226179, 244793, 267918, 297077, 327929, 348710, 355745, 358821, 367351, 365400, 375383, 379549, 379844, 374793, 361178, 338085, 293896, 277394, 256652, 250097, 236124, 219061, 204120, 176999, 164960, 147381, 136335, 130287, 125280, 124358, 122257, 121900, 120801, 118148, 118188, 117417, 115785, 115284, 113867, 113226, 114125, 115035, 114394, 113406, 112773, 112686, 111051, 111755, 110260, 110585, 110776, 108767, 110046, 110430, 110608, 109498, 108258, 108680, 108845, 108407, 108367, 108202, 109348, 109076, 108530, 108550, 108282, 107482, 108138, 107679, 107151, 108078",40,DAPI,"0.0, 0.15, 0.3, 0.44999999999999996, 0.6, 0.75, 0.8999999999999999, 1.05, 1.2, 1.3499999999999999, 1.5, 1.65, 1.7999999999999998, 1.95, 2.1, 2.25, 2.4, 2.55, 2.6999999999999997, 2.85, 3.0, 3.15, 3.3, 3.4499999999999997, 3.5999999999999996, 3.75, 3.9, 4.05, 4.2, 4.35, 4.5, 4.6499999999999995, 4.8, 4.95, 5.1, 5.25, 5.3999999999999995, 5.55, 5.7, 5.85, 6.0, 6.1499999999999995, 6.3, 6.45, 6.6, 6.75, 6.8999999999999995, 7.05, 7.199999999999999, 7.35, 7.5, 7.6499999999999995, 7.8, 7.949999999999999, 8.1, 8.25, 8.4, 8.549999999999999, 8.7, 8.85, 9.0, 9.15, 9.299999999999999, 9.45, 9.6, 9.75, 9.9, 10.049999999999999, 10.2, 10.35, 10.5, 10.65, 10.799999999999999, 10.95, 11.1, 11.25, 11.4, 11.549999999999999, 11.7, 11.85, 12.0, 12.15, 12.299999999999999, 12.45, 12.6, 12.75, 12.9, 13.049999999999999, 13.2, 13.35, 13.5, 13.65, 13.799999999999999, 13.95, 14.1, 14.25, 14.399999999999999, 14.549999999999999, 14.7, 14.85, 15.0, 15.149999999999999",2007R_GLUT1_647_WGA_594_0002,2007,R,False,3.7655358751125787,False
"12923, 12964, 13501, 13647, 13742, 13913, 14190, 14602, 16069, 17830, 19861, 22396, 25747, 29306, 30240, 31510, 33423, 34365, 36554, 39033, 43981, 48012, 52321, 56347, 59746, 63321, 64109, 64463, 65271, 65294, 62815, 58141, 52791, 48345, 43632, 39349, 37632, 36985, 34605, 34905, 31097, 28139, 25086, 23145, 21770, 21186, 20941, 20675, 21154, 21368, 21687, 21827, 22191, 22336, 22195, 21864, 22614, 22550, 22417, 22340, 22079, 22232, 22329, 22245, 21901, 21864, 21762, 21659, 21653, 21367, 21578, 21523, 21863, 21932, 21914, 21610, 21520, 21364, 21392, 21492, 21461, 21537, 21570, 21489, 21451, 21750, 21395, 21460, 21629, 22024, 21927, 22440, 22320, 22123, 21956, 22224, 22846, 22873, 23161, 23155, 24089, 25422",40,eGFP,"0.0, 0.15, 0.3, 0.44999999999999996, 0.6, 0.75, 0.8999999999999999, 1.05, 1.2, 1.3499999999999999, 1.5, 1.65, 1.7999999999999998, 1.95, 2.1, 2.25, 2.4, 2.55, 2.6999999999999997, 2.85, 3.0, 3.15, 3.3, 3.4499999999999997, 3.5999999999999996, 3.75, 3.9, 4.05, 4.2, 4.35, 4.5, 4.6499999999999995, 4.8, 4.95, 5.1, 5.25, 5.3999999999999995, 5.55, 5.7, 5.85, 6.0, 6.1499999999999995, 6.3, 6.45, 6.6, 6.75, 6.8999999999999995, 7.05, 7.199999999999999, 7.35, 7.5, 7.6499999999999995, 7.8, 7.949999999999999, 8.1, 8.25, 8.4, 8.549999999999999, 8.7, 8.85, 9.0, 9.15, 9.299999999999999, 9.45, 9.6, 9.75, 9.9, 10.049999999999999, 10.2, 10.35, 10.5, 10.65, 10.799999999999999, 10.95, 11.1, 11.25, 11.4, 11.549999999999999, 11.7, 11.85, 12.0, 12.15, 12.299999999999999, 12.45, 12.6, 12.75, 12.9, 13.049999999999999, 13.2, 13.35, 13.5, 13.65, 13.799999999999999, 13.95, 14.1, 14.25, 14.399999999999999, 14.549999999999999, 14.7, 14.85, 15.0, 15.149999999999999",2007R_GLUT1_647_WGA_594_0002,2007,R,False,3.7655358751125787,False
"31887, 34026, 35943, 38527, 43536, 49303, 53604, 66256, 104505, 160193, 220974, 255098, 235595, 184333, 173247, 166861, 155060, 152669, 143912, 140301, 136697, 133571, 130266, 126129, 122439, 117351, 116002, 115480, 111868, 110688, 106541, 102124, 98106, 94760, 89721, 83939, 81868, 80917, 77636, 78352, 73003, 69303, 66027, 62621, 61456, 63074, 68980, 72273, 76846, 78727, 81319, 86481, 89285, 93295, 93983, 96586, 98515, 100062, 98933, 99417, 98386, 97160, 95149, 91749, 89982, 86479, 81861, 78856, 73839, 71854, 72212, 72088, 71059, 69466, 68532, 66020, 62823, 61782, 58731, 57415, 55312, 54497, 54304, 52928, 52901, 51705, 49337, 49045, 47107, 45877, 44683, 43494, 43158, 42349, 42257, 41520, 40453, 39856, 38994, 38356, 37663, 37001",40,WGA,"0.0, 0.15, 0.3, 0.44999999999999996, 0.6, 0.75, 0.8999999999999999, 1.05, 1.2, 1.3499999999999999, 1.5, 1.65, 1.7999999999999998, 1.95, 2.1, 2.25, 2.4, 2.55, 2.6999999999999997, 2.85, 3.0, 3.15, 3.3, 3.4499999999999997, 3.5999999999999996, 3.75, 3.9, 4.05, 4.2, 4.35, 4.5, 4.6499999999999995, 4.8, 4.95, 5.1, 5.25, 5.3999999999999995, 5.55, 5.7, 5.85, 6.0, 6.1499999999999995, 6.3, 6.45, 6.6, 6.75, 6.8999999999999995, 7.05, 7.199999999999999, 7.35, 7.5, 7.6499999999999995, 7.8, 7.949999999999999, 8.1, 8.25, 8.4, 8.549999999999999, 8.7, 8.85, 9.0, 9.15, 9.299999999999999, 9.45, 9.6, 9.75, 9.9, 10.049999999999999, 10.2, 10.35, 10.5, 10.65, 10.799999999999999, 10.95, 11.1, 11.25, 11.4, 11.549999999999999, 11.7, 11.85, 12.0, 12.15, 12.299999999999999, 12.45, 12.6, 12.75, 12.9, 13.049999999999999, 13.2, 13.35, 13.5, 13.65, 13.799999999999999, 13.95, 14.1, 14.25, 14.399999999999999, 14.549999999999999, 14.7, 14.85, 15.0, 15.149999999999999",2007R_GLUT1_647_WGA_594_0002,2007,R,False,3.7655358751125787,False
"3028, 3599, 4180, 4881, 5860, 7017, 7960, 10400, 17403, 26246, 35782, 41710, 42353, 38703, 38003, 37013, 35958, 35468, 34158, 33252, 31938, 30555, 29111, 27856, 26843, 25620, 25068, 24971, 23953, 23786, 22533, 21434, 20290, 18920, 17838, 16919, 16476, 16455, 15763, 15996, 15227, 14198, 13761, 13154, 13005, 13612, 14481, 14857, 15369, 15782, 16018, 16745, 17008, 17497, 17364, 17417, 17479, 17117, 16334, 16372, 16204, 15684, 15028, 14470, 13957, 13277, 12607, 11986, 11061, 10740, 10833, 10963, 10611, 10482, 10146, 9663, 9127, 9018, 8497, 8451, 8004, 7669, 7821, 7577, 7594, 7414, 7183, 7022, 6526, 6540, 6301, 6284, 6047, 5960, 6150, 5801, 5721, 5588, 5346, 5110, 5142, 4989",40,GluT1,"0.0, 0.15, 0.3, 0.44999999999999996, 0.6, 0.75, 0.8999999999999999, 1.05, 1.2, 1.3499999999999999, 1.5, 1.65, 1.7999999999999998, 1.95, 2.1, 2.25, 2.4, 2.55, 2.6999999999999997, 2.85, 3.0, 3.15, 3.3, 3.4499999999999997, 3.5999999999999996, 3.75, 3.9, 4.05, 4.2, 4.35, 4.5, 4.6499999999999995, 4.8, 4.95, 5.1, 5.25, 5.3999999999999995, 5.55, 5.7, 5.85, 6.0, 6.1499999999999995, 6.3, 6.45, 6.6, 6.75, 6.8999999999999995, 7.05, 7.199999999999999, 7.35, 7.5, 7.6499999999999995, 7.8, 7.949999999999999, 8.1, 8.25, 8.4, 8.549999999999999, 8.7, 8.85, 9.0, 9.15, 9.299999999999999, 9.45, 9.6, 9.75, 9.9, 10.049999999999999, 10.2, 10.35, 10.5, 10.65, 10.799999999999999, 10.95, 11.1, 11.25, 11.4, 11.549999999999999, 11.7, 11.85, 12.0, 12.15, 12.299999999999999, 12.45, 12.6, 12.75, 12.9, 13.049999999999999, 13.2, 13.35, 13.5, 13.65, 13.799999999999999, 13.95, 14.1, 14.25, 14.399999999999999, 14.549999999999999, 14.7, 14.85, 15.0, 15.149999999999999",2007R_GLUT1_647_WGA_594_0002,2007,R,False,3.7655358751125787,False
"66531, 66313, 67536, 69048, 70145, 71476, 72040, 75824, 81431, 86827, 91180, 93811, 96274, 99983, 99310, 100498, 102650, 102566, 104287, 105691, 112289, 119011, 129466, 139044, 145567, 154834, 158834, 159614, 166961, 167826, 177626, 188996, 205810, 222244, 247529, 272926, 286684, 286643, 307706, 303303, 337211, 357938, 381090, 396265, 402167, 390121, 348005, 330624, 301961, 291182, 276487, 247678, 221705, 172615, 152497, 128670, 118581, 110574, 103937, 104762, 102047, 101325, 99881, 97916, 96661, 94640, 93595, 92107, 90961, 90898, 90353, 91959, 90483, 91292, 89807, 89741, 88196, 88891, 88521, 88228, 88082, 87340, 87878, 87494, 87500, 86772, 86322, 87540, 86817, 86829, 86500, 86145, 85848, 85741, 85655, 84988, 85295, 85106, 84387, 83864, 84021, 84527",41,DAPI,"0.0, 0.15, 0.3, 0.44999999999999996, 0.6, 0.75, 0.8999999999999999, 1.05, 1.2, 1.3499999999999999, 1.5, 1.65, 1.7999999999999998, 1.95, 2.1, 2.25, 2.4, 2.55, 2.6999999999999997, 2.85, 3.0, 3.15, 3.3, 3.4499999999999997, 3.5999999999999996, 3.75, 3.9, 4.05, 4.2, 4.35, 4.5, 4.6499999999999995, 4.8, 4.95, 5.1, 5.25, 5.3999999999999995, 5.55, 5.7, 5.85, 6.0, 6.1499999999999995, 6.3, 6.45, 6.6, 6.75, 6.8999999999999995, 7.05, 7.199999999999999, 7.35, 7.5, 7.6499999999999995, 7.8, 7.949999999999999, 8.1, 8.25, 8.4, 8.549999999999999, 8.7, 8.85, 9.0, 9.15, 9.299999999999999, 9.45, 9.6, 9.75, 9.9, 10.049999999999999, 10.2, 10.35, 10.5, 10.65, 10.799999999999999, 10.95, 11.1, 11.25, 11.4, 11.549999999999999, 11.7, 11.85, 12.0, 12.15, 12.299999999999999, 12.45, 12.6, 12.75, 12.9, 13.049999999999999, 13.2, 13.35, 13.5, 13.65, 13.799999999999999, 13.95, 14.1, 14.25, 14.399999999999999, 14.549999999999999, 14.7, 14.85, 15.0, 15.149999999999999",2007R_GLUT1_647_WGA_594_0002,2007,R,False,4.310371667639618,False
"10131, 10160, 10510, 10677, 10872, 11107, 11284, 11773, 13034, 14571, 16625, 19048, 21464, 25095, 26387, 27470, 30264, 31334, 35577, 39862, 48188, 54417, 56603, 55557, 54114, 52592, 52992, 53377, 54556, 53893, 56385, 60157, 64949, 67464, 62827, 56919, 54110, 54137, 50531, 51031, 46025, 40576, 33456, 27280, 22151, 20119, 18136, 17630, 17229, 16943, 17135, 16822, 17270, 17586, 17229, 17472, 17935, 17567, 17465, 17418, 17655, 17551, 17482, 17526, 17169, 17411, 17465, 17250, 16939, 17209, 17197, 16854, 17029, 17055, 17288, 16989, 17153, 17205, 17265, 17358, 17472, 17649, 17301, 17480, 17616, 17456, 17528, 17306, 17866, 17507, 18047, 17929, 18383, 18189, 18225, 18580, 19434, 20105, 20747, 21652, 22779, 23990",41,eGFP,"0.0, 0.15, 0.3, 0.44999999999999996, 0.6, 0.75, 0.8999999999999999, 1.05, 1.2, 1.3499999999999999, 1.5, 1.65, 1.7999999999999998, 1.95, 2.1, 2.25, 2.4, 2.55, 2.6999999999999997, 2.85, 3.0, 3.15, 3.3, 3.4499999999999997, 3.5999999999999996, 3.75, 3.9, 4.05, 4.2, 4.35, 4.5, 4.6499999999999995, 4.8, 4.95, 5.1, 5.25, 5.3999999999999995, 5.55, 5.7, 5.85, 6.0, 6.1499999999999995, 6.3, 6.45, 6.6, 6.75, 6.8999999999999995, 7.05, 7.199999999999999, 7.35, 7.5, 7.6499999999999995, 7.8, 7.949999999999999, 8.1, 8.25, 8.4, 8.549999999999999, 8.7, 8.85, 9.0, 9.15, 9.299999999999999, 9.45, 9.6, 9.75, 9.9, 10.049999999999999, 10.2, 10.35, 10.5, 10.65, 10.799999999999999, 10.95, 11.1, 11.25, 11.4, 11.549999999999999, 11.7, 11.85, 12.0, 12.15, 12.299999999999999, 12.45, 12.6, 12.75, 12.9, 13.049999999999999, 13.2, 13.35, 13.5, 13.65, 13.799999999999999, 13.95, 14.1, 14.25, 14.399999999999999, 14.549999999999999, 14.7, 14.85, 15.0, 15.149999999999999",2007R_GLUT1_647_WGA_594_0002,2007,R,False,4.310371667639618,False
"25162, 26979, 28603, 30827, 34438, 39036, 42499, 52325, 83631, 129664, 181803, 212604, 204513, 167550, 160933, 156425, 149765, 147928, 144124, 142238, 138909, 134981, 129892, 125407, 122629, 116933, 115731, 115120, 110611, 109635, 104692, 98449, 92625, 86708, 80528, 75296, 73422, 72492, 69537, 70024, 65574, 61993, 57153, 53426, 50217, 50031, 50826, 51936, 54042, 54834, 56224, 60333, 63380, 71365, 75560, 80836, 81826, 81046, 77133, 77160, 75130, 73502, 70904, 67777, 65935, 63337, 59825, 56985, 53646, 52352, 52538, 52279, 51992, 51178, 49606, 48475, 46494, 45956, 43868, 43095, 41336, 40583, 40341, 39864, 39265, 38667, 37183, 36457, 35608, 34608, 33921, 33280, 33195, 32280, 32625, 32029, 31183, 30751, 29980, 29565, 28838, 28428",41,WGA,"0.0, 0.15, 0.3, 0.44999999999999996, 0.6, 0.75, 0.8999999999999999, 1.05, 1.2, 1.3499999999999999, 1.5, 1.65, 1.7999999999999998, 1.95, 2.1, 2.25, 2.4, 2.55, 2.6999999999999997, 2.85, 3.0, 3.15, 3.3, 3.4499999999999997, 3.5999999999999996, 3.75, 3.9, 4.05, 4.2, 4.35, 4.5, 4.6499999999999995, 4.8, 4.95, 5.1, 5.25, 5.3999999999999995, 5.55, 5.7, 5.85, 6.0, 6.1499999999999995, 6.3, 6.45, 6.6, 6.75, 6.8999999999999995, 7.05, 7.199999999999999, 7.35, 7.5, 7.6499999999999995, 7.8, 7.949999999999999, 8.1, 8.25, 8.4, 8.549999999999999, 8.7, 8.85, 9.0, 9.15, 9.299999999999999, 9.45, 9.6, 9.75, 9.9, 10.049999999999999, 10.2, 10.35, 10.5, 10.65, 10.799999999999999, 10.95, 11.1, 11.25, 11.4, 11.549999999999999, 11.7, 11.85, 12.0, 12.15, 12.299999999999999, 12.45, 12.6, 12.75, 12.9, 13.049999999999999, 13.2, 13.35, 13.5, 13.65, 13.799999999999999, 13.95, 14.1, 14.25, 14.399999999999999, 14.549999999999999, 14.7, 14.85, 15.0, 15.149999999999999",2007R_GLUT1_647_WGA_594_0002,2007,R,False,4.310371667639618,False
"2481, 2816, 3270, 3700, 4688, 5613, 6077, 8291, 14102, 21634, 29844, 34661, 34893, 31207, 30015, 29338, 27941, 27590, 26348, 25544, 24420, 23519, 22444, 21515, 21011, 20342, 19817, 19755, 18773, 18792, 17823, 16808, 15785, 14759, 13934, 13345, 13089, 12738, 12768, 12520, 12087, 11613, 10949, 10381, 9580, 9302, 8924, 9024, 9098, 9328, 9462, 9839, 10282, 11160, 11728, 12323, 12068, 11829, 11202, 11202, 10919, 10804, 10510, 9904, 9667, 9127, 8807, 8260, 7769, 7753, 7719, 7850, 7630, 7424, 7400, 7133, 6857, 6639, 6427, 6257, 6187, 5896, 5747, 5801, 5787, 5605, 5391, 5234, 4936, 4925, 4730, 4613, 4613, 4333, 4395, 4148, 4110, 3949, 3870, 3802, 3638, 3573",41,GluT1,"0.0, 0.15, 0.3, 0.44999999999999996, 0.6, 0.75, 0.8999999999999999, 1.05, 1.2, 1.3499999999999999, 1.5, 1.65, 1.7999999999999998, 1.95, 2.1, 2.25, 2.4, 2.55, 2.6999999999999997, 2.85, 3.0, 3.15, 3.3, 3.4499999999999997, 3.5999999999999996, 3.75, 3.9, 4.05, 4.2, 4.35, 4.5, 4.6499999999999995, 4.8, 4.95, 5.1, 5.25, 5.3999999999999995, 5.55, 5.7, 5.85, 6.0, 6.1499999999999995, 6.3, 6.45, 6.6, 6.75, 6.8999999999999995, 7.05, 7.199999999999999, 7.35, 7.5, 7.6499999999999995, 7.8, 7.949999999999999, 8.1, 8.25, 8.4, 8.549999999999999, 8.7, 8.85, 9.0, 9.15, 9.299999999999999, 9.45, 9.6, 9.75, 9.9, 10.049999999999999, 10.2, 10.35, 10.5, 10.65, 10.799999999999999, 10.95, 11.1, 11.25, 11.4, 11.549999999999999, 11.7, 11.85, 12.0, 12.15, 12.299999999999999, 12.45, 12.6, 12.75, 12.9, 13.049999999999999, 13.2, 13.35, 13.5, 13.65, 13.799999999999999, 13.95, 14.1, 14.25, 14.399999999999999, 14.549999999999999, 14.7, 14.85, 15.0, 15.149999999999999",2007R_GLUT1_647_WGA_594_0002,2007,R,False,4.310371667639618,False
"115994, 117595, 120428, 120705, 123253, 126939, 127548, 134191, 144728, 152751, 159737, 163889, 168294, 170210, 170541, 172170, 172121, 171515, 172276, 173302, 176838, 179429, 182791, 190782, 194161, 206756, 211909, 212072, 226430, 231856, 254594, 287242, 321702, 359742, 394720, 420104, 431334, 433563, 447990, 445559, 473476, 487709, 489787, 494844, 479152, 456303, 392242, 363548, 327252, 311755, 286986, 251595, 230274, 200803, 193515, 180995, 177548, 171436, 169377, 168417, 168029, 166583, 166468, 163261, 161960, 160912, 160642, 160131, 158195, 158656, 158767, 158286, 157201, 156960, 157318, 156250, 156730, 156154, 156176, 154062, 155954, 153835, 155831, 153239, 155232, 154707, 153133, 153630, 152890, 153431, 152518, 152164, 151784, 151081, 152142, 150764, 151802, 150901, 151109, 149499, 151033, 149545",42,DAPI,"0.0, 0.15, 0.3, 0.44999999999999996, 0.6, 0.75, 0.8999999999999999, 1.05, 1.2, 1.3499999999999999, 1.5, 1.65, 1.7999999999999998, 1.95, 2.1, 2.25, 2.4, 2.55, 2.6999999999999997, 2.85, 3.0, 3.15, 3.3, 3.4499999999999997, 3.5999999999999996, 3.75, 3.9, 4.05, 4.2, 4.35, 4.5, 4.6499999999999995, 4.8, 4.95, 5.1, 5.25, 5.3999999999999995, 5.55, 5.7, 5.85, 6.0, 6.1499999999999995, 6.3, 6.45, 6.6, 6.75, 6.8999999999999995, 7.05, 7.199999999999999, 7.35, 7.5, 7.6499999999999995, 7.8, 7.949999999999999, 8.1, 8.25, 8.4, 8.549999999999999, 8.7, 8.85, 9.0, 9.15, 9.299999999999999, 9.45, 9.6, 9.75, 9.9, 10.049999999999999, 10.2, 10.35, 10.5, 10.65, 10.799999999999999, 10.95, 11.1, 11.25, 11.4, 11.549999999999999, 11.7, 11.85, 12.0, 12.15, 12.299999999999999, 12.45, 12.6, 12.75, 12.9, 13.049999999999999, 13.2, 13.35, 13.5, 13.65, 13.799999999999999, 13.95, 14.1, 14.25, 14.399999999999999, 14.549999999999999, 14.7, 14.85, 15.0, 15.149999999999999",2007R_GLUT1_647_WGA_594_0002,2007,R,False,4.916711912259746,False
"17584, 17434, 18299, 18384, 18652, 18947, 19289, 19560, 21523, 24139, 27408, 30139, 34136, 37688, 38152, 39187, 40853, 40722, 43136, 44791, 50411, 55847, 63813, 71141, 75954, 82661, 83757, 83898, 85419, 85413, 81362, 75329, 67637, 64187, 61321, 60189, 60690, 60999, 59720, 59588, 57754, 53814, 49107, 45278, 43352, 41957, 40899, 40780, 40665, 40443, 40335, 39694, 39687, 38935, 37814, 35702, 34815, 33373, 32409, 32318, 32094, 31908, 31705, 31393, 31294, 31192, 31083, 30913, 31079, 30704, 30706, 30686, 30793, 30167, 30810, 30257, 30378, 30486, 30691, 30897, 30823, 31049, 30727, 30695, 30745, 31079, 30308, 30512, 30821, 31037, 31248, 31615, 31346, 30936, 30904, 31320, 31812, 32334, 32853, 33632, 34866, 36814",42,eGFP,"0.0, 0.15, 0.3, 0.44999999999999996, 0.6, 0.75, 0.8999999999999999, 1.05, 1.2, 1.3499999999999999, 1.5, 1.65, 1.7999999999999998, 1.95, 2.1, 2.25, 2.4, 2.55, 2.6999999999999997, 2.85, 3.0, 3.15, 3.3, 3.4499999999999997, 3.5999999999999996, 3.75, 3.9, 4.05, 4.2, 4.35, 4.5, 4.6499999999999995, 4.8, 4.95, 5.1, 5.25, 5.3999999999999995, 5.55, 5.7, 5.85, 6.0, 6.1499999999999995, 6.3, 6.45, 6.6, 6.75, 6.8999999999999995, 7.05, 7.199999999999999, 7.35, 7.5, 7.6499999999999995, 7.8, 7.949999999999999, 8.1, 8.25, 8.4, 8.549999999999999, 8.7, 8.85, 9.0, 9.15, 9.299999999999999, 9.45, 9.6, 9.75, 9.9, 10.049999999999999, 10.2, 10.35, 10.5, 10.65, 10.799999999999999, 10.95, 11.1, 11.25, 11.4, 11.549999999999999, 11.7, 11.85, 12.0, 12.15, 12.299999999999999, 12.45, 12.6, 12.75, 12.9, 13.049999999999999, 13.2, 13.35, 13.5, 13.65, 13.799999999999999, 13.95, 14.1, 14.25, 14.399999999999999, 14.549999999999999, 14.7, 14.85, 15.0, 15.149999999999999",2007R_GLUT1_647_WGA_594_0002,2007,R,False,4.916711912259746,False
"44534, 47817, 50920, 54230, 61577, 69495, 75807, 94967, 151202, 242239, 343517, 394604, 355874, 260252, 242480, 228767, 212889, 207651, 197177, 194563, 190778, 189026, 186707, 186075, 185052, 182796, 182298, 182155, 179197, 177988, 173060, 166239, 159117, 148393, 134135, 121825, 117529, 115997, 110172, 111084, 102318, 95985, 90377, 85721, 84391, 85588, 91811, 95307, 101849, 103859, 109262, 119278, 126439, 139286, 143473, 147954, 150514, 149019, 143545, 142933, 140574, 137476, 134282, 129013, 126092, 121878, 116144, 111387, 104119, 101674, 101591, 101739, 99719, 98261, 95084, 92094, 87243, 85669, 81535, 80024, 77059, 75832, 75353, 74095, 73331, 71713, 68670, 67787, 65443, 63652, 62306, 61158, 60336, 59317, 59011, 58028, 56542, 55370, 54367, 52750, 52389, 51342",42,WGA,"0.0, 0.15, 0.3, 0.44999999999999996, 0.6, 0.75, 0.8999999999999999, 1.05, 1.2, 1.3499999999999999, 1.5, 1.65, 1.7999999999999998, 1.95, 2.1, 2.25, 2.4, 2.55, 2.6999999999999997, 2.85, 3.0, 3.15, 3.3, 3.4499999999999997, 3.5999999999999996, 3.75, 3.9, 4.05, 4.2, 4.35, 4.5, 4.6499999999999995, 4.8, 4.95, 5.1, 5.25, 5.3999999999999995, 5.55, 5.7, 5.85, 6.0, 6.1499999999999995, 6.3, 6.45, 6.6, 6.75, 6.8999999999999995, 7.05, 7.199999999999999, 7.35, 7.5, 7.6499999999999995, 7.8, 7.949999999999999, 8.1, 8.25, 8.4, 8.549999999999999, 8.7, 8.85, 9.0, 9.15, 9.299999999999999, 9.45, 9.6, 9.75, 9.9, 10.049999999999999, 10.2, 10.35, 10.5, 10.65, 10.799999999999999, 10.95, 11.1, 11.25, 11.4, 11.549999999999999, 11.7, 11.85, 12.0, 12.15, 12.299999999999999, 12.45, 12.6, 12.75, 12.9, 13.049999999999999, 13.2, 13.35, 13.5, 13.65, 13.799999999999999, 13.95, 14.1, 14.25, 14.399999999999999, 14.549999999999999, 14.7, 14.85, 15.0, 15.149999999999999",2007R_GLUT1_647_WGA_594_0002,2007,R,False,4.916711912259746,False
"4567, 5325, 6099, 6877, 8666, 10436, 11500, 15742, 26531, 42031, 58145, 66161, 64323, 55181, 53036, 51556, 49426, 48279, 46709, 45723, 43995, 43304, 42804, 42470, 42274, 42264, 42088, 41808, 41385, 41096, 39345, 37329, 35040, 32136, 28553, 25330, 24452, 24072, 22783, 23018, 21155, 19416, 18321, 17238, 16866, 17256, 18369, 18894, 19912, 20385, 20868, 22489, 23294, 24262, 24453, 24085, 23790, 22573, 21586, 21303, 20830, 20186, 19532, 18741, 18375, 17598, 16809, 16180, 15206, 14815, 14836, 14927, 14569, 14184, 14178, 13300, 12743, 12377, 11805, 11669, 11072, 11022, 11027, 10612, 10588, 10500, 9852, 9605, 9258, 9060, 8780, 8455, 8563, 8291, 8237, 7997, 7864, 7557, 7207, 6888, 6727, 6616",42,GluT1,"0.0, 0.15, 0.3, 0.44999999999999996, 0.6, 0.75, 0.8999999999999999, 1.05, 1.2, 1.3499999999999999, 1.5, 1.65, 1.7999999999999998, 1.95, 2.1, 2.25, 2.4, 2.55, 2.6999999999999997, 2.85, 3.0, 3.15, 3.3, 3.4499999999999997, 3.5999999999999996, 3.75, 3.9, 4.05, 4.2, 4.35, 4.5, 4.6499999999999995, 4.8, 4.95, 5.1, 5.25, 5.3999999999999995, 5.55, 5.7, 5.85, 6.0, 6.1499999999999995, 6.3, 6.45, 6.6, 6.75, 6.8999999999999995, 7.05, 7.199999999999999, 7.35, 7.5, 7.6499999999999995, 7.8, 7.949999999999999, 8.1, 8.25, 8.4, 8.549999999999999, 8.7, 8.85, 9.0, 9.15, 9.299999999999999, 9.45, 9.6, 9.75, 9.9, 10.049999999999999, 10.2, 10.35, 10.5, 10.65, 10.799999999999999, 10.95, 11.1, 11.25, 11.4, 11.549999999999999, 11.7, 11.85, 12.0, 12.15, 12.299999999999999, 12.45, 12.6, 12.75, 12.9, 13.049999999999999, 13.2, 13.35, 13.5, 13.65, 13.799999999999999, 13.95, 14.1, 14.25, 14.399999999999999, 14.549999999999999, 14.7, 14.85, 15.0, 15.149999999999999",2007R_GLUT1_647_WGA_594_0002,2007,R,False,4.916711912259746,False
"123662, 126257, 126562, 129099, 132121, 135387, 136951, 142858, 154607, 166458, 179417, 190885, 207734, 233083, 239092, 246278, 258894, 263673, 284702, 295678, 317940, 341661, 359854, 374644, 382363, 395650, 396714, 400536, 405738, 406500, 413175, 413527, 412702, 403066, 389307, 369356, 358876, 355199, 343131, 346104, 323541, 305788, 285949, 264029, 240129, 220635, 197938, 190812, 184360, 182002, 179110, 172906, 170944, 167017, 165599, 163367, 161699, 159860, 158578, 157495, 156971, 157207, 155484, 155342, 155523, 155613, 154538, 154687, 153262, 153261, 153837, 152423, 152670, 153320, 152118, 152709, 152914, 150627, 151070, 152370, 152460, 150906, 150598, 149909, 151181, 151975, 151142, 150491, 150338, 150147, 149364, 150107, 149948, 150094, 149535, 149947, 149505, 149603, 149023, 149204, 148298, 149950",43,DAPI,"0.0, 0.15, 0.3, 0.44999999999999996, 0.6, 0.75, 0.8999999999999999, 1.05, 1.2, 1.3499999999999999, 1.5, 1.65, 1.7999999999999998, 1.95, 2.1, 2.25, 2.4, 2.55, 2.6999999999999997, 2.85, 3.0, 3.15, 3.3, 3.4499999999999997, 3.5999999999999996, 3.75, 3.9, 4.05, 4.2, 4.35, 4.5, 4.6499999999999995, 4.8, 4.95, 5.1, 5.25, 5.3999999999999995, 5.55, 5.7, 5.85, 6.0, 6.1499999999999995, 6.3, 6.45, 6.6, 6.75, 6.8999999999999995, 7.05, 7.199999999999999, 7.35, 7.5, 7.6499999999999995, 7.8, 7.949999999999999, 8.1, 8.25, 8.4, 8.549999999999999, 8.7, 8.85, 9.0, 9.15, 9.299999999999999, 9.45, 9.6, 9.75, 9.9, 10.049999999999999, 10.2, 10.35, 10.5, 10.65, 10.799999999999999, 10.95, 11.1, 11.25, 11.4, 11.549999999999999, 11.7, 11.85, 12.0, 12.15, 12.299999999999999, 12.45, 12.6, 12.75, 12.9, 13.049999999999999, 13.2, 13.35, 13.5, 13.65, 13.799999999999999, 13.95, 14.1, 14.25, 14.399999999999999, 14.549999999999999, 14.7, 14.85, 15.0, 15.149999999999999",2007R_GLUT1_647_WGA_594_0002,2007,R,False,4.557281758613401,False
"17793, 17924, 18484, 18724, 18744, 18879, 19467, 19759, 21674, 23729, 26884, 30447, 34504, 39336, 40424, 41600, 44015, 44656, 47232, 49214, 52183, 52713, 51137, 48691, 47104, 45363, 45719, 44607, 44967, 44134, 43121, 43316, 43762, 44768, 45337, 45455, 45328, 46353, 45856, 46131, 46151, 47014, 47249, 47138, 47613, 47501, 46992, 47183, 45550, 45253, 44718, 43336, 42447, 41683, 41822, 42615, 42093, 40091, 37208, 37088, 35998, 35457, 34864, 34361, 34343, 34577, 34479, 34099, 33740, 33715, 33777, 33613, 33510, 33836, 33995, 34049, 34270, 34302, 35270, 35295, 35563, 35352, 35509, 35467, 35448, 36229, 36924, 37579, 38811, 40091, 41736, 42622, 42975, 43823, 44001, 45146, 46834, 46892, 46289, 44679, 43989, 45107",43,eGFP,"0.0, 0.15, 0.3, 0.44999999999999996, 0.6, 0.75, 0.8999999999999999, 1.05, 1.2, 1.3499999999999999, 1.5, 1.65, 1.7999999999999998, 1.95, 2.1, 2.25, 2.4, 2.55, 2.6999999999999997, 2.85, 3.0, 3.15, 3.3, 3.4499999999999997, 3.5999999999999996, 3.75, 3.9, 4.05, 4.2, 4.35, 4.5, 4.6499999999999995, 4.8, 4.95, 5.1, 5.25, 5.3999999999999995, 5.55, 5.7, 5.85, 6.0, 6.1499999999999995, 6.3, 6.45, 6.6, 6.75, 6.8999999999999995, 7.05, 7.199999999999999, 7.35, 7.5, 7.6499999999999995, 7.8, 7.949999999999999, 8.1, 8.25, 8.4, 8.549999999999999, 8.7, 8.85, 9.0, 9.15, 9.299999999999999, 9.45, 9.6, 9.75, 9.9, 10.049999999999999, 10.2, 10.35, 10.5, 10.65, 10.799999999999999, 10.95, 11.1, 11.25, 11.4, 11.549999999999999, 11.7, 11.85, 12.0, 12.15, 12.299999999999999, 12.45, 12.6, 12.75, 12.9, 13.049999999999999, 13.2, 13.35, 13.5, 13.65, 13.799999999999999, 13.95, 14.1, 14.25, 14.399999999999999, 14.549999999999999, 14.7, 14.85, 15.0, 15.149999999999999",2007R_GLUT1_647_WGA_594_0002,2007,R,False,4.557281758613401,False
"45302, 48640, 51764, 55070, 62506, 71151, 76763, 96982, 150868, 238626, 346948, 417487, 404157, 311169, 290110, 272181, 251788, 243743, 223951, 211678, 190182, 170630, 149956, 136149, 127753, 118037, 116116, 114948, 109756, 109635, 106384, 105277, 106686, 110617, 117246, 123447, 126209, 127081, 129225, 129129, 135722, 139556, 144985, 153329, 164173, 173559, 189615, 194471, 199926, 201398, 202240, 203263, 200316, 189248, 181300, 166958, 156402, 144978, 131900, 131370, 127731, 124339, 119590, 111918, 109955, 104260, 98193, 93572, 86952, 85228, 85208, 85185, 83892, 81787, 79799, 77074, 73237, 71996, 68988, 67674, 65532, 65426, 64608, 64198, 63258, 62447, 60595, 60294, 57969, 57304, 56186, 54962, 54537, 54079, 53860, 53090, 52311, 51704, 50971, 50160, 49746, 49059",43,WGA,"0.0, 0.15, 0.3, 0.44999999999999996, 0.6, 0.75, 0.8999999999999999, 1.05, 1.2, 1.3499999999999999, 1.5, 1.65, 1.7999999999999998, 1.95, 2.1, 2.25, 2.4, 2.55, 2.6999999999999997, 2.85, 3.0, 3.15, 3.3, 3.4499999999999997, 3.5999999999999996, 3.75, 3.9, 4.05, 4.2, 4.35, 4.5, 4.6499999999999995, 4.8, 4.95, 5.1, 5.25, 5.3999999999999995, 5.55, 5.7, 5.85, 6.0, 6.1499999999999995, 6.3, 6.45, 6.6, 6.75, 6.8999999999999995, 7.05, 7.199999999999999, 7.35, 7.5, 7.6499999999999995, 7.8, 7.949999999999999, 8.1, 8.25, 8.4, 8.549999999999999, 8.7, 8.85, 9.0, 9.15, 9.299999999999999, 9.45, 9.6, 9.75, 9.9, 10.049999999999999, 10.2, 10.35, 10.5, 10.65, 10.799999999999999, 10.95, 11.1, 11.25, 11.4, 11.549999999999999, 11.7, 11.85, 12.0, 12.15, 12.299999999999999, 12.45, 12.6, 12.75, 12.9, 13.049999999999999, 13.2, 13.35, 13.5, 13.65, 13.799999999999999, 13.95, 14.1, 14.25, 14.399999999999999, 14.549999999999999, 14.7, 14.85, 15.0, 15.149999999999999",2007R_GLUT1_647_WGA_594_0002,2007,R,False,4.557281758613401,False
"4961, 5968, 6567, 7730, 9518, 11676, 13008, 17811, 29187, 45029, 61373, 71626, 72478, 65268, 63604, 62129, 59791, 59095, 56882, 55083, 50915, 45883, 41045, 36587, 33696, 30963, 30043, 29811, 27983, 27539, 25810, 24665, 24508, 24402, 25260, 25766, 26140, 26361, 26374, 26350, 26880, 27164, 27845, 28476, 29346, 30178, 31263, 31398, 31102, 30946, 30879, 30036, 29154, 27260, 26121, 23717, 22395, 20403, 18924, 18501, 18032, 17417, 17089, 15714, 15399, 14299, 13565, 12756, 12107, 11777, 11719, 11963, 11734, 11519, 11077, 10721, 9985, 9824, 9210, 9207, 8603, 8743, 8412, 8488, 8402, 8289, 8003, 7983, 7444, 7516, 7261, 7222, 7037, 6812, 6755, 6572, 6708, 6327, 6101, 6072, 5844, 5711",43,GluT1,"0.0, 0.15, 0.3, 0.44999999999999996, 0.6, 0.75, 0.8999999999999999, 1.05, 1.2, 1.3499999999999999, 1.5, 1.65, 1.7999999999999998, 1.95, 2.1, 2.25, 2.4, 2.55, 2.6999999999999997, 2.85, 3.0, 3.15, 3.3, 3.4499999999999997, 3.5999999999999996, 3.75, 3.9, 4.05, 4.2, 4.35, 4.5, 4.6499999999999995, 4.8, 4.95, 5.1, 5.25, 5.3999999999999995, 5.55, 5.7, 5.85, 6.0, 6.1499999999999995, 6.3, 6.45, 6.6, 6.75, 6.8999999999999995, 7.05, 7.199999999999999, 7.35, 7.5, 7.6499999999999995, 7.8, 7.949999999999999, 8.1, 8.25, 8.4, 8.549999999999999, 8.7, 8.85, 9.0, 9.15, 9.299999999999999, 9.45, 9.6, 9.75, 9.9, 10.049999999999999, 10.2, 10.35, 10.5, 10.65, 10.799999999999999, 10.95, 11.1, 11.25, 11.4, 11.549999999999999, 11.7, 11.85, 12.0, 12.15, 12.299999999999999, 12.45, 12.6, 12.75, 12.9, 13.049999999999999, 13.2, 13.35, 13.5, 13.65, 13.799999999999999, 13.95, 14.1, 14.25, 14.399999999999999, 14.549999999999999, 14.7, 14.85, 15.0, 15.149999999999999",2007R_GLUT1_647_WGA_594_0002,2007,R,False,4.557281758613401,False
"73800, 75120, 76660, 77856, 80428, 82401, 84204, 89679, 99661, 106907, 116301, 125499, 138890, 158087, 162591, 168070, 176552, 180374, 192951, 199593, 221175, 241026, 260677, 279215, 293642, 308006, 312721, 313544, 326422, 327012, 338781, 346152, 348625, 348035, 345416, 334167, 328844, 328738, 318610, 318721, 302600, 288189, 272135, 251833, 221707, 193537, 150953, 141987, 132399, 128299, 123493, 115572, 114396, 107599, 106546, 102978, 100992, 100793, 99594, 99274, 98523, 96750, 97671, 97054, 96637, 96407, 95191, 95552, 95307, 94577, 94274, 95339, 94369, 94099, 94419, 94843, 94058, 94007, 92876, 93499, 93373, 93867, 94188, 92759, 93111, 93996, 93889, 92523, 92679, 93422, 92288, 93212, 92828, 92401, 90995, 91549, 91619, 91980, 90757, 90568, 91959, 91525",44,DAPI,"0.0, 0.15, 0.3, 0.44999999999999996, 0.6, 0.75, 0.8999999999999999, 1.05, 1.2, 1.3499999999999999, 1.5, 1.65, 1.7999999999999998, 1.95, 2.1, 2.25, 2.4, 2.55, 2.6999999999999997, 2.85, 3.0, 3.15, 3.3, 3.4499999999999997, 3.5999999999999996, 3.75, 3.9, 4.05, 4.2, 4.35, 4.5, 4.6499999999999995, 4.8, 4.95, 5.1, 5.25, 5.3999999999999995, 5.55, 5.7, 5.85, 6.0, 6.1499999999999995, 6.3, 6.45, 6.6, 6.75, 6.8999999999999995, 7.05, 7.199999999999999, 7.35, 7.5, 7.6499999999999995, 7.8, 7.949999999999999, 8.1, 8.25, 8.4, 8.549999999999999, 8.7, 8.85, 9.0, 9.15, 9.299999999999999, 9.45, 9.6, 9.75, 9.9, 10.049999999999999, 10.2, 10.35, 10.5, 10.65, 10.799999999999999, 10.95, 11.1, 11.25, 11.4, 11.549999999999999, 11.7, 11.85, 12.0, 12.15, 12.299999999999999, 12.45, 12.6, 12.75, 12.9, 13.049999999999999, 13.2, 13.35, 13.5, 13.65, 13.799999999999999, 13.95, 14.1, 14.25, 14.399999999999999, 14.549999999999999, 14.7, 14.85, 15.0, 15.149999999999999",2007R_GLUT1_647_WGA_594_0002,2007,R,False,3.053549190535492,False
"10328, 10298, 10636, 10738, 10685, 10822, 11091, 11203, 11953, 12918, 14360, 15359, 17048, 17927, 17922, 18038, 18333, 18533, 18287, 18499, 17790, 17414, 16887, 16751, 16486, 16653, 16677, 16812, 16751, 16720, 16818, 16989, 17164, 16870, 16942, 16825, 16821, 16803, 16444, 16872, 17218, 17256, 17961, 19043, 19298, 19732, 19457, 19764, 19326, 19419, 19270, 19010, 19451, 19691, 19099, 18978, 19096, 19404, 18866, 18992, 18665, 18668, 18551, 18529, 18598, 18376, 18419, 18423, 18306, 18417, 18354, 18168, 18449, 18509, 18527, 18343, 18484, 18595, 18915, 18853, 18814, 19015, 18643, 19276, 19244, 19070, 19281, 19462, 20381, 21314, 22361, 23470, 24118, 24557, 24452, 24274, 23289, 22432, 21384, 20980, 20438, 20675",44,eGFP,"0.0, 0.15, 0.3, 0.44999999999999996, 0.6, 0.75, 0.8999999999999999, 1.05, 1.2, 1.3499999999999999, 1.5, 1.65, 1.7999999999999998, 1.95, 2.1, 2.25, 2.4, 2.55, 2.6999999999999997, 2.85, 3.0, 3.15, 3.3, 3.4499999999999997, 3.5999999999999996, 3.75, 3.9, 4.05, 4.2, 4.35, 4.5, 4.6499999999999995, 4.8, 4.95, 5.1, 5.25, 5.3999999999999995, 5.55, 5.7, 5.85, 6.0, 6.1499999999999995, 6.3, 6.45, 6.6, 6.75, 6.8999999999999995, 7.05, 7.199999999999999, 7.35, 7.5, 7.6499999999999995, 7.8, 7.949999999999999, 8.1, 8.25, 8.4, 8.549999999999999, 8.7, 8.85, 9.0, 9.15, 9.299999999999999, 9.45, 9.6, 9.75, 9.9, 10.049999999999999, 10.2, 10.35, 10.5, 10.65, 10.799999999999999, 10.95, 11.1, 11.25, 11.4, 11.549999999999999, 11.7, 11.85, 12.0, 12.15, 12.299999999999999, 12.45, 12.6, 12.75, 12.9, 13.049999999999999, 13.2, 13.35, 13.5, 13.65, 13.799999999999999, 13.95, 14.1, 14.25, 14.399999999999999, 14.549999999999999, 14.7, 14.85, 15.0, 15.149999999999999",2007R_GLUT1_647_WGA_594_0002,2007,R,False,3.053549190535492,False
"26538, 28572, 30523, 33380, 37906, 43852, 47813, 60467, 89993, 130812, 171452, 195540, 186461, 150752, 142882, 134920, 124694, 121323, 112006, 106056, 98464, 92511, 85074, 79048, 75012, 70118, 68583, 68573, 65222, 64917, 62207, 60533, 59453, 59430, 58512, 58617, 58802, 58898, 59621, 59337, 61687, 64535, 69040, 75246, 84524, 91947, 107205, 111773, 116631, 118307, 120084, 120212, 118556, 113313, 109549, 103272, 98661, 92000, 84383, 83946, 81852, 79439, 76404, 71553, 69617, 66440, 62344, 59935, 56229, 55390, 55353, 55316, 54832, 53554, 52617, 50589, 48283, 47248, 45090, 44162, 42571, 42214, 42230, 41419, 40967, 40261, 39150, 38866, 37522, 36445, 35997, 35431, 35208, 34415, 34387, 33987, 32979, 32707, 31966, 31265, 30640, 30244",44,WGA,"0.0, 0.15, 0.3, 0.44999999999999996, 0.6, 0.75, 0.8999999999999999, 1.05, 1.2, 1.3499999999999999, 1.5, 1.65, 1.7999999999999998, 1.95, 2.1, 2.25, 2.4, 2.55, 2.6999999999999997, 2.85, 3.0, 3.15, 3.3, 3.4499999999999997, 3.5999999999999996, 3.75, 3.9, 4.05, 4.2, 4.35, 4.5, 4.6499999999999995, 4.8, 4.95, 5.1, 5.25, 5.3999999999999995, 5.55, 5.7, 5.85, 6.0, 6.1499999999999995, 6.3, 6.45, 6.6, 6.75, 6.8999999999999995, 7.05, 7.199999999999999, 7.35, 7.5, 7.6499999999999995, 7.8, 7.949999999999999, 8.1, 8.25, 8.4, 8.549999999999999, 8.7, 8.85, 9.0, 9.15, 9.299999999999999, 9.45, 9.6, 9.75, 9.9, 10.049999999999999, 10.2, 10.35, 10.5, 10.65, 10.799999999999999, 10.95, 11.1, 11.25, 11.4, 11.549999999999999, 11.7, 11.85, 12.0, 12.15, 12.299999999999999, 12.45, 12.6, 12.75, 12.9, 13.049999999999999, 13.2, 13.35, 13.5, 13.65, 13.799999999999999, 13.95, 14.1, 14.25, 14.399999999999999, 14.549999999999999, 14.7, 14.85, 15.0, 15.149999999999999",2007R_GLUT1_647_WGA_594_0002,2007,R,False,3.053549190535492,False
"2517, 2976, 3410, 4042, 5116, 6161, 6795, 9057, 14314, 20258, 26034, 29960, 30191, 28407, 27773, 27084, 26007, 25713, 24913, 24225, 22828, 21364, 20065, 18872, 18114, 17045, 16425, 16402, 15666, 15408, 14569, 13571, 12978, 12196, 11664, 11277, 11428, 11295, 11427, 11409, 11651, 12194, 12984, 14010, 15902, 16787, 18798, 19178, 19768, 20043, 19886, 19461, 18722, 17323, 16710, 15465, 14631, 13389, 12307, 12238, 11997, 11620, 11133, 10336, 10199, 9850, 9287, 8804, 8483, 8328, 8149, 8319, 8136, 7990, 7934, 7521, 7188, 6970, 6611, 6591, 6266, 6039, 5862, 5823, 5927, 5723, 5430, 5325, 4964, 4991, 4829, 4672, 4732, 4502, 4521, 4474, 4377, 4156, 4022, 4028, 3714, 3632",44,GluT1,"0.0, 0.15, 0.3, 0.44999999999999996, 0.6, 0.75, 0.8999999999999999, 1.05, 1.2, 1.3499999999999999, 1.5, 1.65, 1.7999999999999998, 1.95, 2.1, 2.25, 2.4, 2.55, 2.6999999999999997, 2.85, 3.0, 3.15, 3.3, 3.4499999999999997, 3.5999999999999996, 3.75, 3.9, 4.05, 4.2, 4.35, 4.5, 4.6499999999999995, 4.8, 4.95, 5.1, 5.25, 5.3999999999999995, 5.55, 5.7, 5.85, 6.0, 6.1499999999999995, 6.3, 6.45, 6.6, 6.75, 6.8999999999999995, 7.05, 7.199999999999999, 7.35, 7.5, 7.6499999999999995, 7.8, 7.949999999999999, 8.1, 8.25, 8.4, 8.549999999999999, 8.7, 8.85, 9.0, 9.15, 9.299999999999999, 9.45, 9.6, 9.75, 9.9, 10.049999999999999, 10.2, 10.35, 10.5, 10.65, 10.799999999999999, 10.95, 11.1, 11.25, 11.4, 11.549999999999999, 11.7, 11.85, 12.0, 12.15, 12.299999999999999, 12.45, 12.6, 12.75, 12.9, 13.049999999999999, 13.2, 13.35, 13.5, 13.65, 13.799999999999999, 13.95, 14.1, 14.25, 14.399999999999999, 14.549999999999999, 14.7, 14.85, 15.0, 15.149999999999999",2007R_GLUT1_647_WGA_594_0002,2007,R,False,3.053549190535492,False
"111842, 114774, 115804, 118400, 121360, 123630, 125508, 131386, 143860, 155464, 165781, 174211, 186422, 205747, 212951, 218257, 230613, 236180, 257952, 272705, 307868, 338020, 365695, 386398, 397909, 411949, 414096, 414228, 420316, 422082, 426118, 427538, 429353, 421643, 401674, 382545, 372021, 370247, 361223, 362901, 344342, 321483, 300624, 269720, 231920, 208902, 183639, 177427, 171110, 170160, 165589, 163286, 160564, 156678, 155851, 153789, 151888, 150965, 148723, 148039, 148201, 147829, 147597, 148129, 147248, 147419, 145916, 145668, 145261, 145270, 145406, 146306, 145608, 144637, 144050, 144171, 144012, 143255, 143547, 141924, 143012, 142824, 143816, 142119, 142653, 142328, 141699, 141819, 141671, 142937, 140741, 142225, 141910, 141445, 141907, 141672, 141182, 141139, 139827, 141994, 140963, 140008",45,DAPI,"0.0, 0.15, 0.3, 0.44999999999999996, 0.6, 0.75, 0.8999999999999999, 1.05, 1.2, 1.3499999999999999, 1.5, 1.65, 1.7999999999999998, 1.95, 2.1, 2.25, 2.4, 2.55, 2.6999999999999997, 2.85, 3.0, 3.15, 3.3, 3.4499999999999997, 3.5999999999999996, 3.75, 3.9, 4.05, 4.2, 4.35, 4.5, 4.6499999999999995, 4.8, 4.95, 5.1, 5.25, 5.3999999999999995, 5.55, 5.7, 5.85, 6.0, 6.1499999999999995, 6.3, 6.45, 6.6, 6.75, 6.8999999999999995, 7.05, 7.199999999999999, 7.35, 7.5, 7.6499999999999995, 7.8, 7.949999999999999, 8.1, 8.25, 8.4, 8.549999999999999, 8.7, 8.85, 9.0, 9.15, 9.299999999999999, 9.45, 9.6, 9.75, 9.9, 10.049999999999999, 10.2, 10.35, 10.5, 10.65, 10.799999999999999, 10.95, 11.1, 11.25, 11.4, 11.549999999999999, 11.7, 11.85, 12.0, 12.15, 12.299999999999999, 12.45, 12.6, 12.75, 12.9, 13.049999999999999, 13.2, 13.35, 13.5, 13.65, 13.799999999999999, 13.95, 14.1, 14.25, 14.399999999999999, 14.549999999999999, 14.7, 14.85, 15.0, 15.149999999999999",2007R_GLUT1_647_WGA_594_0002,2007,R,False,9.900185270958778,False
"16620, 16602, 17254, 17510, 17644, 17880, 18260, 18688, 20328, 22961, 25875, 28354, 31399, 35979, 36932, 37823, 39967, 40859, 45136, 47630, 55473, 62073, 67706, 72583, 73859, 77735, 78316, 78446, 80052, 80697, 83360, 84588, 85498, 85055, 85840, 85872, 86185, 86020, 86127, 86096, 84742, 84691, 82385, 77507, 73488, 65471, 51523, 47475, 42931, 41847, 39605, 36940, 35845, 34267, 33534, 32030, 31789, 31381, 31087, 31288, 30765, 30630, 30569, 30518, 30234, 30231, 30607, 30184, 30288, 30087, 30072, 30228, 30031, 30121, 30416, 30001, 29617, 29895, 30161, 30201, 30144, 30458, 30609, 30724, 30309, 30736, 31242, 32478, 34142, 35971, 37682, 39251, 39195, 39766, 40141, 41215, 42034, 42691, 42803, 43274, 44454, 45480",45,eGFP,"0.0, 0.15, 0.3, 0.44999999999999996, 0.6, 0.75, 0.8999999999999999, 1.05, 1.2, 1.3499999999999999, 1.5, 1.65, 1.7999999999999998, 1.95, 2.1, 2.25, 2.4, 2.55, 2.6999999999999997, 2.85, 3.0, 3.15, 3.3, 3.4499999999999997, 3.5999999999999996, 3.75, 3.9, 4.05, 4.2, 4.35, 4.5, 4.6499999999999995, 4.8, 4.95, 5.1, 5.25, 5.3999999999999995, 5.55, 5.7, 5.85, 6.0, 6.1499999999999995, 6.3, 6.45, 6.6, 6.75, 6.8999999999999995, 7.05, 7.199999999999999, 7.35, 7.5, 7.6499999999999995, 7.8, 7.949999999999999, 8.1, 8.25, 8.4, 8.549999999999999, 8.7, 8.85, 9.0, 9.15, 9.299999999999999, 9.45, 9.6, 9.75, 9.9, 10.049999999999999, 10.2, 10.35, 10.5, 10.65, 10.799999999999999, 10.95, 11.1, 11.25, 11.4, 11.549999999999999, 11.7, 11.85, 12.0, 12.15, 12.299999999999999, 12.45, 12.6, 12.75, 12.9, 13.049999999999999, 13.2, 13.35, 13.5, 13.65, 13.799999999999999, 13.95, 14.1, 14.25, 14.399999999999999, 14.549999999999999, 14.7, 14.85, 15.0, 15.149999999999999",2007R_GLUT1_647_WGA_594_0002,2007,R,False,9.900185270958778,False
"41894, 44945, 48139, 51538, 58222, 66814, 72333, 92723, 145331, 236528, 340523, 399969, 371108, 284495, 265435, 252762, 237018, 230932, 214980, 205443, 184534, 164348, 148646, 139150, 134782, 129572, 128589, 128175, 125013, 124611, 120725, 115211, 111140, 107391, 106004, 106538, 108077, 108382, 109576, 109470, 114074, 119180, 126134, 136578, 151067, 164279, 185913, 190751, 193627, 194189, 191972, 187905, 183047, 170603, 163674, 151995, 142902, 132511, 120084, 119674, 116510, 113019, 109495, 104392, 101402, 97463, 92703, 89142, 83734, 81975, 82282, 81756, 80897, 78995, 77153, 74759, 71101, 70134, 67265, 65920, 63820, 63238, 62853, 61757, 61451, 60416, 58538, 57941, 56173, 55238, 54045, 53102, 52643, 51728, 51949, 51154, 50098, 49373, 48531, 47839, 47063, 46462",45,WGA,"0.0, 0.15, 0.3, 0.44999999999999996, 0.6, 0.75, 0.8999999999999999, 1.05, 1.2, 1.3499999999999999, 1.5, 1.65, 1.7999999999999998, 1.95, 2.1, 2.25, 2.4, 2.55, 2.6999999999999997, 2.85, 3.0, 3.15, 3.3, 3.4499999999999997, 3.5999999999999996, 3.75, 3.9, 4.05, 4.2, 4.35, 4.5, 4.6499999999999995, 4.8, 4.95, 5.1, 5.25, 5.3999999999999995, 5.55, 5.7, 5.85, 6.0, 6.1499999999999995, 6.3, 6.45, 6.6, 6.75, 6.8999999999999995, 7.05, 7.199999999999999, 7.35, 7.5, 7.6499999999999995, 7.8, 7.949999999999999, 8.1, 8.25, 8.4, 8.549999999999999, 8.7, 8.85, 9.0, 9.15, 9.299999999999999, 9.45, 9.6, 9.75, 9.9, 10.049999999999999, 10.2, 10.35, 10.5, 10.65, 10.799999999999999, 10.95, 11.1, 11.25, 11.4, 11.549999999999999, 11.7, 11.85, 12.0, 12.15, 12.299999999999999, 12.45, 12.6, 12.75, 12.9, 13.049999999999999, 13.2, 13.35, 13.5, 13.65, 13.799999999999999, 13.95, 14.1, 14.25, 14.399999999999999, 14.549999999999999, 14.7, 14.85, 15.0, 15.149999999999999",2007R_GLUT1_647_WGA_594_0002,2007,R,False,9.900185270958778,False
"4724, 5387, 5991, 6772, 8465, 10439, 11508, 15618, 25550, 40941, 57578, 66541, 66118, 58151, 56491, 55041, 53937, 53266, 52271, 52060, 51767, 50925, 50188, 48481, 47332, 45087, 44027, 43886, 42235, 41820, 39406, 37376, 35729, 34368, 34015, 34549, 34960, 35132, 36132, 35529, 37737, 39547, 41385, 42879, 44262, 43887, 40597, 39061, 36625, 36052, 34259, 31533, 29904, 26717, 25526, 23590, 21801, 19831, 18113, 17973, 17345, 17005, 16563, 15689, 15271, 14629, 13934, 13370, 12388, 12374, 12082, 12168, 11723, 11646, 11438, 10966, 10418, 10100, 9692, 9691, 9266, 9083, 9015, 8873, 8588, 8668, 8244, 8125, 7836, 7764, 7502, 7363, 7230, 7066, 6955, 6785, 6933, 6471, 6183, 6013, 5962, 5886",45,GluT1,"0.0, 0.15, 0.3, 0.44999999999999996, 0.6, 0.75, 0.8999999999999999, 1.05, 1.2, 1.3499999999999999, 1.5, 1.65, 1.7999999999999998, 1.95, 2.1, 2.25, 2.4, 2.55, 2.6999999999999997, 2.85, 3.0, 3.15, 3.3, 3.4499999999999997, 3.5999999999999996, 3.75, 3.9, 4.05, 4.2, 4.35, 4.5, 4.6499999999999995, 4.8, 4.95, 5.1, 5.25, 5.3999999999999995, 5.55, 5.7, 5.85, 6.0, 6.1499999999999995, 6.3, 6.45, 6.6, 6.75, 6.8999999999999995, 7.05, 7.199999999999999, 7.35, 7.5, 7.6499999999999995, 7.8, 7.949999999999999, 8.1, 8.25, 8.4, 8.549999999999999, 8.7, 8.85, 9.0, 9.15, 9.299999999999999, 9.45, 9.6, 9.75, 9.9, 10.049999999999999, 10.2, 10.35, 10.5, 10.65, 10.799999999999999, 10.95, 11.1, 11.25, 11.4, 11.549999999999999, 11.7, 11.85, 12.0, 12.15, 12.299999999999999, 12.45, 12.6, 12.75, 12.9, 13.049999999999999, 13.2, 13.35, 13.5, 13.65, 13.799999999999999, 13.95, 14.1, 14.25, 14.399999999999999, 14.549999999999999, 14.7, 14.85, 15.0, 15.149999999999999",2007R_GLUT1_647_WGA_594_0002,2007,R,False,9.900185270958778,False
"92802, 93726, 95505, 98203, 100481, 104821, 105718, 112667, 123900, 134240, 141321, 150913, 164276, 186862, 191880, 198582, 210972, 214653, 232084, 246536, 271064, 293230, 317650, 336060, 347696, 364044, 367479, 371150, 384754, 385730, 395867, 401157, 405766, 403130, 390167, 372186, 364612, 361747, 347077, 350921, 323986, 302297, 278325, 252998, 226518, 211172, 186139, 177282, 166278, 163204, 157160, 148310, 142223, 135077, 133269, 129832, 127679, 125878, 124026, 123482, 123944, 122843, 122266, 122196, 122008, 120594, 120643, 119378, 119798, 118816, 118945, 118614, 118645, 117708, 117545, 118208, 118433, 117164, 116249, 117204, 117996, 117019, 116525, 117132, 116899, 116817, 116482, 116263, 116378, 115887, 115701, 116677, 115658, 115276, 115309, 114621, 115862, 114853, 113949, 114553, 115032, 113968",46,DAPI,"0.0, 0.15, 0.3, 0.44999999999999996, 0.6, 0.75, 0.8999999999999999, 1.05, 1.2, 1.3499999999999999, 1.5, 1.65, 1.7999999999999998, 1.95, 2.1, 2.25, 2.4, 2.55, 2.6999999999999997, 2.85, 3.0, 3.15, 3.3, 3.4499999999999997, 3.5999999999999996, 3.75, 3.9, 4.05, 4.2, 4.35, 4.5, 4.6499999999999995, 4.8, 4.95, 5.1, 5.25, 5.3999999999999995, 5.55, 5.7, 5.85, 6.0, 6.1499999999999995, 6.3, 6.45, 6.6, 6.75, 6.8999999999999995, 7.05, 7.199999999999999, 7.35, 7.5, 7.6499999999999995, 7.8, 7.949999999999999, 8.1, 8.25, 8.4, 8.549999999999999, 8.7, 8.85, 9.0, 9.15, 9.299999999999999, 9.45, 9.6, 9.75, 9.9, 10.049999999999999, 10.2, 10.35, 10.5, 10.65, 10.799999999999999, 10.95, 11.1, 11.25, 11.4, 11.549999999999999, 11.7, 11.85, 12.0, 12.15, 12.299999999999999, 12.45, 12.6, 12.75, 12.9, 13.049999999999999, 13.2, 13.35, 13.5, 13.65, 13.799999999999999, 13.95, 14.1, 14.25, 14.399999999999999, 14.549999999999999, 14.7, 14.85, 15.0, 15.149999999999999",2007R_GLUT1_647_WGA_594_0002,2007,R,False,3.1397986672338014,False
"13054, 12885, 13231, 13399, 13460, 13566, 13891, 14003, 15230, 16695, 18760, 20491, 22172, 22986, 22938, 23079, 22905, 22904, 23001, 23247, 23079, 22909, 22935, 22754, 22878, 22527, 22385, 22306, 22217, 21652, 22090, 21866, 22145, 21989, 21946, 21850, 22402, 22300, 22226, 22029, 22168, 21926, 22164, 22615, 22619, 23656, 25041, 25219, 25662, 25974, 26159, 26409, 26554, 26248, 25761, 24612, 24045, 23940, 23499, 23676, 23281, 23438, 23230, 23115, 23066, 22769, 23215, 22760, 22589, 22680, 22842, 22834, 22769, 22717, 22946, 22457, 22877, 23147, 23180, 23764, 23259, 23465, 23164, 23639, 23256, 23224, 23278, 23785, 24297, 24867, 25299, 25367, 25310, 26413, 26062, 26931, 27523, 28165, 28677, 29044, 29928, 29763",46,eGFP,"0.0, 0.15, 0.3, 0.44999999999999996, 0.6, 0.75, 0.8999999999999999, 1.05, 1.2, 1.3499999999999999, 1.5, 1.65, 1.7999999999999998, 1.95, 2.1, 2.25, 2.4, 2.55, 2.6999999999999997, 2.85, 3.0, 3.15, 3.3, 3.4499999999999997, 3.5999999999999996, 3.75, 3.9, 4.05, 4.2, 4.35, 4.5, 4.6499999999999995, 4.8, 4.95, 5.1, 5.25, 5.3999999999999995, 5.55, 5.7, 5.85, 6.0, 6.1499999999999995, 6.3, 6.45, 6.6, 6.75, 6.8999999999999995, 7.05, 7.199999999999999, 7.35, 7.5, 7.6499999999999995, 7.8, 7.949999999999999, 8.1, 8.25, 8.4, 8.549999999999999, 8.7, 8.85, 9.0, 9.15, 9.299999999999999, 9.45, 9.6, 9.75, 9.9, 10.049999999999999, 10.2, 10.35, 10.5, 10.65, 10.799999999999999, 10.95, 11.1, 11.25, 11.4, 11.549999999999999, 11.7, 11.85, 12.0, 12.15, 12.299999999999999, 12.45, 12.6, 12.75, 12.9, 13.049999999999999, 13.2, 13.35, 13.5, 13.65, 13.799999999999999, 13.95, 14.1, 14.25, 14.399999999999999, 14.549999999999999, 14.7, 14.85, 15.0, 15.149999999999999",2007R_GLUT1_647_WGA_594_0002,2007,R,False,3.1397986672338014,False
"33372, 35708, 38040, 40415, 45694, 51900, 56287, 70926, 113088, 182196, 257082, 291616, 261027, 194361, 181376, 171028, 158983, 154214, 143722, 136967, 126750, 118093, 107788, 100711, 95500, 88905, 86758, 86471, 81517, 81225, 77344, 74266, 72576, 71789, 70905, 71454, 71730, 71776, 72649, 72427, 74759, 76987, 81196, 86427, 93415, 96554, 101741, 104129, 107919, 110001, 112891, 118383, 121081, 125878, 127401, 130032, 127972, 123273, 116281, 115844, 113404, 111229, 107792, 103247, 100423, 96276, 91463, 87329, 82800, 81160, 81496, 81178, 79920, 77848, 76019, 73447, 70247, 68875, 66579, 65041, 63174, 62565, 62212, 61266, 60955, 59372, 56712, 55725, 53332, 51455, 50004, 48739, 48245, 47236, 47347, 46539, 45003, 44040, 42943, 42236, 41407, 40706",46,WGA,"0.0, 0.15, 0.3, 0.44999999999999996, 0.6, 0.75, 0.8999999999999999, 1.05, 1.2, 1.3499999999999999, 1.5, 1.65, 1.7999999999999998, 1.95, 2.1, 2.25, 2.4, 2.55, 2.6999999999999997, 2.85, 3.0, 3.15, 3.3, 3.4499999999999997, 3.5999999999999996, 3.75, 3.9, 4.05, 4.2, 4.35, 4.5, 4.6499999999999995, 4.8, 4.95, 5.1, 5.25, 5.3999999999999995, 5.55, 5.7, 5.85, 6.0, 6.1499999999999995, 6.3, 6.45, 6.6, 6.75, 6.8999999999999995, 7.05, 7.199999999999999, 7.35, 7.5, 7.6499999999999995, 7.8, 7.949999999999999, 8.1, 8.25, 8.4, 8.549999999999999, 8.7, 8.85, 9.0, 9.15, 9.299999999999999, 9.45, 9.6, 9.75, 9.9, 10.049999999999999, 10.2, 10.35, 10.5, 10.65, 10.799999999999999, 10.95, 11.1, 11.25, 11.4, 11.549999999999999, 11.7, 11.85, 12.0, 12.15, 12.299999999999999, 12.45, 12.6, 12.75, 12.9, 13.049999999999999, 13.2, 13.35, 13.5, 13.65, 13.799999999999999, 13.95, 14.1, 14.25, 14.399999999999999, 14.549999999999999, 14.7, 14.85, 15.0, 15.149999999999999",2007R_GLUT1_647_WGA_594_0002,2007,R,False,3.1397986672338014,False
"3238, 3777, 4237, 4808, 5818, 7267, 7972, 10846, 18028, 29045, 39775, 44945, 43131, 37920, 37325, 36688, 36036, 35531, 35747, 35777, 35705, 34835, 32856, 30705, 28747, 26325, 25825, 25323, 23668, 23410, 21795, 20631, 19671, 18687, 18319, 17968, 17841, 17689, 17636, 17860, 17968, 18240, 18569, 19044, 19969, 20191, 20921, 21027, 21260, 21665, 21845, 22135, 22479, 22411, 21908, 20924, 20207, 18885, 17566, 17526, 17098, 16788, 16489, 15536, 15022, 14418, 13779, 13277, 12318, 12470, 12164, 12330, 12185, 11870, 11580, 11269, 10704, 10698, 10133, 10072, 9636, 9285, 9505, 9230, 9220, 8970, 8448, 8165, 7864, 7736, 7440, 7180, 7081, 6885, 6846, 6697, 6437, 6044, 5928, 5587, 5549, 5328",46,GluT1,"0.0, 0.15, 0.3, 0.44999999999999996, 0.6, 0.75, 0.8999999999999999, 1.05, 1.2, 1.3499999999999999, 1.5, 1.65, 1.7999999999999998, 1.95, 2.1, 2.25, 2.4, 2.55, 2.6999999999999997, 2.85, 3.0, 3.15, 3.3, 3.4499999999999997, 3.5999999999999996, 3.75, 3.9, 4.05, 4.2, 4.35, 4.5, 4.6499999999999995, 4.8, 4.95, 5.1, 5.25, 5.3999999999999995, 5.55, 5.7, 5.85, 6.0, 6.1499999999999995, 6.3, 6.45, 6.6, 6.75, 6.8999999999999995, 7.05, 7.199999999999999, 7.35, 7.5, 7.6499999999999995, 7.8, 7.949999999999999, 8.1, 8.25, 8.4, 8.549999999999999, 8.7, 8.85, 9.0, 9.15, 9.299999999999999, 9.45, 9.6, 9.75, 9.9, 10.049999999999999, 10.2, 10.35, 10.5, 10.65, 10.799999999999999, 10.95, 11.1, 11.25, 11.4, 11.549999999999999, 11.7, 11.85, 12.0, 12.15, 12.299999999999999, 12.45, 12.6, 12.75, 12.9, 13.049999999999999, 13.2, 13.35, 13.5, 13.65, 13.799999999999999, 13.95, 14.1, 14.25, 14.399999999999999, 14.549999999999999, 14.7, 14.85, 15.0, 15.149999999999999",2007R_GLUT1_647_WGA_594_0002,2007,R,False,3.1397986672338014,False
"57407, 59155, 59031, 59666, 61383, 62827, 63352, 67039, 72564, 76424, 79819, 81260, 83309, 83664, 84115, 85122, 84251, 84741, 85688, 86499, 87067, 89354, 93323, 94692, 96709, 103209, 104972, 105464, 112250, 113769, 126978, 149558, 182676, 234086, 296654, 338239, 348225, 352301, 368112, 364437, 383332, 390593, 393401, 383930, 363008, 339513, 297514, 277453, 250589, 238968, 214884, 175620, 152896, 124587, 113509, 102101, 97227, 92330, 88241, 88156, 87076, 85638, 85054, 83745, 81588, 81661, 81162, 80172, 79609, 79503, 79830, 79454, 78920, 78148, 78174, 78622, 76405, 77827, 76956, 77340, 76387, 76566, 76204, 76513, 75695, 75888, 75893, 75635, 75367, 74463, 75139, 75231, 75479, 75046, 74640, 74827, 74695, 74750, 74527, 74599, 74437, 74199",47,DAPI,"0.0, 0.15, 0.3, 0.44999999999999996, 0.6, 0.75, 0.8999999999999999, 1.05, 1.2, 1.3499999999999999, 1.5, 1.65, 1.7999999999999998, 1.95, 2.1, 2.25, 2.4, 2.55, 2.6999999999999997, 2.85, 3.0, 3.15, 3.3, 3.4499999999999997, 3.5999999999999996, 3.75, 3.9, 4.05, 4.2, 4.35, 4.5, 4.6499999999999995, 4.8, 4.95, 5.1, 5.25, 5.3999999999999995, 5.55, 5.7, 5.85, 6.0, 6.1499999999999995, 6.3, 6.45, 6.6, 6.75, 6.8999999999999995, 7.05, 7.199999999999999, 7.35, 7.5, 7.6499999999999995, 7.8, 7.949999999999999, 8.1, 8.25, 8.4, 8.549999999999999, 8.7, 8.85, 9.0, 9.15, 9.299999999999999, 9.45, 9.6, 9.75, 9.9, 10.049999999999999, 10.2, 10.35, 10.5, 10.65, 10.799999999999999, 10.95, 11.1, 11.25, 11.4, 11.549999999999999, 11.7, 11.85, 12.0, 12.15, 12.299999999999999, 12.45, 12.6, 12.75, 12.9, 13.049999999999999, 13.2, 13.35, 13.5, 13.65, 13.799999999999999, 13.95, 14.1, 14.25, 14.399999999999999, 14.549999999999999, 14.7, 14.85, 15.0, 15.149999999999999",2007R_GLUT1_647_WGA_594_0002,2007,R,False,4.098167539267016,False
"8953, 8994, 9226, 9391, 9710, 9803, 10152, 10376, 11777, 12864, 14916, 16665, 19536, 23083, 24943, 25880, 28537, 29123, 32927, 35711, 42121, 46881, 50292, 50656, 50512, 49742, 49038, 49452, 47820, 48246, 47787, 49137, 52062, 51961, 48259, 40120, 36516, 36191, 30869, 32700, 25269, 21605, 18786, 16664, 15420, 14489, 14284, 14202, 14453, 14429, 14645, 15241, 15664, 16525, 16845, 16214, 16027, 15854, 15963, 15998, 15747, 16007, 15764, 16013, 15596, 15813, 15515, 15412, 15332, 15084, 15373, 15313, 15060, 14913, 14890, 15076, 15177, 15296, 15122, 15111, 14999, 15131, 15009, 15065, 15137, 15258, 14895, 14975, 15354, 15573, 15455, 15712, 15714, 15800, 15789, 16367, 16761, 17265, 17544, 17871, 18649, 18674",47,eGFP,"0.0, 0.15, 0.3, 0.44999999999999996, 0.6, 0.75, 0.8999999999999999, 1.05, 1.2, 1.3499999999999999, 1.5, 1.65, 1.7999999999999998, 1.95, 2.1, 2.25, 2.4, 2.55, 2.6999999999999997, 2.85, 3.0, 3.15, 3.3, 3.4499999999999997, 3.5999999999999996, 3.75, 3.9, 4.05, 4.2, 4.35, 4.5, 4.6499999999999995, 4.8, 4.95, 5.1, 5.25, 5.3999999999999995, 5.55, 5.7, 5.85, 6.0, 6.1499999999999995, 6.3, 6.45, 6.6, 6.75, 6.8999999999999995, 7.05, 7.199999999999999, 7.35, 7.5, 7.6499999999999995, 7.8, 7.949999999999999, 8.1, 8.25, 8.4, 8.549999999999999, 8.7, 8.85, 9.0, 9.15, 9.299999999999999, 9.45, 9.6, 9.75, 9.9, 10.049999999999999, 10.2, 10.35, 10.5, 10.65, 10.799999999999999, 10.95, 11.1, 11.25, 11.4, 11.549999999999999, 11.7, 11.85, 12.0, 12.15, 12.299999999999999, 12.45, 12.6, 12.75, 12.9, 13.049999999999999, 13.2, 13.35, 13.5, 13.65, 13.799999999999999, 13.95, 14.1, 14.25, 14.399999999999999, 14.549999999999999, 14.7, 14.85, 15.0, 15.149999999999999",2007R_GLUT1_647_WGA_594_0002,2007,R,False,4.098167539267016,False
"21959, 23789, 25428, 27537, 31315, 36217, 39407, 49919, 74764, 110894, 148760, 168934, 158628, 129244, 122756, 116540, 109761, 107448, 100333, 97557, 93566, 91624, 89659, 87626, 86030, 84277, 83637, 83557, 81514, 81467, 78614, 76689, 74846, 74125, 70922, 65428, 63200, 62150, 58140, 59095, 52612, 48119, 44510, 41504, 40228, 40978, 45131, 47152, 51315, 52928, 55786, 62468, 67059, 76208, 79143, 81155, 79503, 76024, 70501, 70810, 69070, 67157, 64993, 61545, 59385, 56468, 52523, 50035, 46746, 46095, 46062, 45901, 45280, 44082, 43377, 41836, 40203, 39078, 37754, 36791, 35279, 35029, 34502, 34229, 33978, 33145, 31830, 31699, 30666, 30146, 29347, 28712, 28424, 27963, 27913, 27541, 26739, 26312, 25859, 25342, 25112, 24529",47,WGA,"0.0, 0.15, 0.3, 0.44999999999999996, 0.6, 0.75, 0.8999999999999999, 1.05, 1.2, 1.3499999999999999, 1.5, 1.65, 1.7999999999999998, 1.95, 2.1, 2.25, 2.4, 2.55, 2.6999999999999997, 2.85, 3.0, 3.15, 3.3, 3.4499999999999997, 3.5999999999999996, 3.75, 3.9, 4.05, 4.2, 4.35, 4.5, 4.6499999999999995, 4.8, 4.95, 5.1, 5.25, 5.3999999999999995, 5.55, 5.7, 5.85, 6.0, 6.1499999999999995, 6.3, 6.45, 6.6, 6.75, 6.8999999999999995, 7.05, 7.199999999999999, 7.35, 7.5, 7.6499999999999995, 7.8, 7.949999999999999, 8.1, 8.25, 8.4, 8.549999999999999, 8.7, 8.85, 9.0, 9.15, 9.299999999999999, 9.45, 9.6, 9.75, 9.9, 10.049999999999999, 10.2, 10.35, 10.5, 10.65, 10.799999999999999, 10.95, 11.1, 11.25, 11.4, 11.549999999999999, 11.7, 11.85, 12.0, 12.15, 12.299999999999999, 12.45, 12.6, 12.75, 12.9, 13.049999999999999, 13.2, 13.35, 13.5, 13.65, 13.799999999999999, 13.95, 14.1, 14.25, 14.399999999999999, 14.549999999999999, 14.7, 14.85, 15.0, 15.149999999999999",2007R_GLUT1_647_WGA_594_0002,2007,R,False,4.098167539267016,False
"2160, 2613, 2892, 3421, 4335, 5271, 5835, 7915, 12259, 18030, 23857, 27439, 27961, 26241, 25457, 24962, 24017, 23650, 22321, 21513, 20222, 19475, 18649, 18437, 17940, 17677, 17374, 17503, 16973, 16892, 15983, 15185, 14524, 13935, 12816, 11990, 11570, 11474, 10817, 10962, 9801, 9090, 8294, 7727, 7435, 7502, 8083, 8388, 9003, 9201, 9788, 10846, 11662, 12711, 13023, 12725, 12193, 11239, 10681, 10435, 10372, 10047, 9800, 9206, 8883, 8567, 7821, 7482, 7028, 6715, 6705, 6897, 6677, 6636, 6393, 6242, 5713, 5660, 5351, 5280, 4972, 4955, 4867, 4734, 4738, 4586, 4460, 4359, 4193, 4036, 3897, 3840, 3793, 3629, 3624, 3534, 3471, 3390, 3314, 3068, 3043, 2908",47,GluT1,"0.0, 0.15, 0.3, 0.44999999999999996, 0.6, 0.75, 0.8999999999999999, 1.05, 1.2, 1.3499999999999999, 1.5, 1.65, 1.7999999999999998, 1.95, 2.1, 2.25, 2.4, 2.55, 2.6999999999999997, 2.85, 3.0, 3.15, 3.3, 3.4499999999999997, 3.5999999999999996, 3.75, 3.9, 4.05, 4.2, 4.35, 4.5, 4.6499999999999995, 4.8, 4.95, 5.1, 5.25, 5.3999999999999995, 5.55, 5.7, 5.85, 6.0, 6.1499999999999995, 6.3, 6.45, 6.6, 6.75, 6.8999999999999995, 7.05, 7.199999999999999, 7.35, 7.5, 7.6499999999999995, 7.8, 7.949999999999999, 8.1, 8.25, 8.4, 8.549999999999999, 8.7, 8.85, 9.0, 9.15, 9.299999999999999, 9.45, 9.6, 9.75, 9.9, 10.049999999999999, 10.2, 10.35, 10.5, 10.65, 10.799999999999999, 10.95, 11.1, 11.25, 11.4, 11.549999999999999, 11.7, 11.85, 12.0, 12.15, 12.299999999999999, 12.45, 12.6, 12.75, 12.9, 13.049999999999999, 13.2, 13.35, 13.5, 13.65, 13.799999999999999, 13.95, 14.1, 14.25, 14.399999999999999, 14.549999999999999, 14.7, 14.85, 15.0, 15.149999999999999",2007R_GLUT1_647_WGA_594_0002,2007,R,False,4.098167539267016,False
"76645, 78939, 79836, 81663, 83577, 86252, 86609, 90714, 97284, 103963, 112636, 119034, 129775, 144316, 150152, 155394, 161929, 164330, 176584, 184810, 203318, 220016, 238430, 255637, 267905, 282408, 287815, 290859, 302289, 301844, 308569, 314355, 311964, 304028, 284948, 269235, 259879, 255022, 243602, 248934, 225108, 211978, 193994, 177569, 156666, 143091, 124526, 120553, 115339, 115221, 111471, 108016, 106895, 103888, 103308, 101198, 98362, 98028, 97689, 97857, 98246, 97015, 96797, 95859, 96334, 96347, 95993, 95518, 94559, 94163, 94655, 95037, 94373, 94559, 94366, 94681, 93256, 93674, 94194, 93107, 93568, 94010, 93271, 93069, 93907, 93746, 93263, 93407, 92916, 92672, 93246, 92932, 92926, 93057, 93250, 92844, 92479, 92509, 92782, 91973, 93594, 92636",48,DAPI,"0.0, 0.15, 0.3, 0.44999999999999996, 0.6, 0.75, 0.8999999999999999, 1.05, 1.2, 1.3499999999999999, 1.5, 1.65, 1.7999999999999998, 1.95, 2.1, 2.25, 2.4, 2.55, 2.6999999999999997, 2.85, 3.0, 3.15, 3.3, 3.4499999999999997, 3.5999999999999996, 3.75, 3.9, 4.05, 4.2, 4.35, 4.5, 4.6499999999999995, 4.8, 4.95, 5.1, 5.25, 5.3999999999999995, 5.55, 5.7, 5.85, 6.0, 6.1499999999999995, 6.3, 6.45, 6.6, 6.75, 6.8999999999999995, 7.05, 7.199999999999999, 7.35, 7.5, 7.6499999999999995, 7.8, 7.949999999999999, 8.1, 8.25, 8.4, 8.549999999999999, 8.7, 8.85, 9.0, 9.15, 9.299999999999999, 9.45, 9.6, 9.75, 9.9, 10.049999999999999, 10.2, 10.35, 10.5, 10.65, 10.799999999999999, 10.95, 11.1, 11.25, 11.4, 11.549999999999999, 11.7, 11.85, 12.0, 12.15, 12.299999999999999, 12.45, 12.6, 12.75, 12.9, 13.049999999999999, 13.2, 13.35, 13.5, 13.65, 13.799999999999999, 13.95, 14.1, 14.25, 14.399999999999999, 14.549999999999999, 14.7, 14.85, 15.0, 15.149999999999999",2007R_GLUT1_647_WGA_594_0002,2007,R,False,3.140670182003742,False
"10797, 11026, 11253, 11231, 11316, 11392, 11638, 11733, 12800, 13937, 16031, 17528, 19955, 22444, 22961, 23844, 24225, 24495, 24876, 25628, 26403, 26874, 26781, 25144, 23588, 21292, 20976, 20383, 19274, 19395, 18430, 18464, 18030, 17721, 17840, 17956, 17826, 17778, 18373, 17970, 18595, 18643, 19020, 19316, 19864, 20169, 20495, 20671, 20607, 20329, 20599, 20457, 20206, 20363, 20268, 20533, 20698, 20637, 20876, 21261, 20928, 21376, 21183, 20957, 20931, 20800, 20438, 19897, 20227, 20399, 20251, 20008, 20270, 19922, 19964, 19948, 20092, 20076, 20614, 21128, 21872, 21904, 22110, 22276, 22868, 23359, 24374, 24497, 25443, 25450, 26230, 27347, 27880, 29035, 29344, 30860, 32852, 34331, 33853, 32650, 31724, 30794",48,eGFP,"0.0, 0.15, 0.3, 0.44999999999999996, 0.6, 0.75, 0.8999999999999999, 1.05, 1.2, 1.3499999999999999, 1.5, 1.65, 1.7999999999999998, 1.95, 2.1, 2.25, 2.4, 2.55, 2.6999999999999997, 2.85, 3.0, 3.15, 3.3, 3.4499999999999997, 3.5999999999999996, 3.75, 3.9, 4.05, 4.2, 4.35, 4.5, 4.6499999999999995, 4.8, 4.95, 5.1, 5.25, 5.3999999999999995, 5.55, 5.7, 5.85, 6.0, 6.1499999999999995, 6.3, 6.45, 6.6, 6.75, 6.8999999999999995, 7.05, 7.199999999999999, 7.35, 7.5, 7.6499999999999995, 7.8, 7.949999999999999, 8.1, 8.25, 8.4, 8.549999999999999, 8.7, 8.85, 9.0, 9.15, 9.299999999999999, 9.45, 9.6, 9.75, 9.9, 10.049999999999999, 10.2, 10.35, 10.5, 10.65, 10.799999999999999, 10.95, 11.1, 11.25, 11.4, 11.549999999999999, 11.7, 11.85, 12.0, 12.15, 12.299999999999999, 12.45, 12.6, 12.75, 12.9, 13.049999999999999, 13.2, 13.35, 13.5, 13.65, 13.799999999999999, 13.95, 14.1, 14.25, 14.399999999999999, 14.549999999999999, 14.7, 14.85, 15.0, 15.149999999999999",2007R_GLUT1_647_WGA_594_0002,2007,R,False,3.140670182003742,False
"27663, 29853, 31471, 34062, 38126, 43387, 46802, 59380, 89924, 142275, 210509, 257836, 252949, 190038, 173634, 159838, 146707, 139736, 124705, 117306, 104501, 93022, 82651, 75019, 70259, 64551, 63028, 62355, 58963, 58318, 54985, 52276, 50408, 49756, 50413, 51927, 52719, 53142, 54796, 54569, 58444, 61676, 66770, 73167, 81523, 86685, 98728, 103994, 110574, 112430, 115982, 117901, 117136, 111261, 106385, 96504, 89788, 81778, 75432, 75260, 73534, 71349, 68695, 64917, 62713, 59308, 55786, 53626, 50199, 49421, 49811, 49440, 48638, 47286, 46844, 45083, 43265, 42398, 40656, 40426, 39024, 38923, 39022, 38489, 38304, 37778, 36806, 36707, 35477, 34775, 34241, 33578, 33390, 32967, 32973, 32596, 32216, 31688, 31257, 30825, 30493, 30053",48,WGA,"0.0, 0.15, 0.3, 0.44999999999999996, 0.6, 0.75, 0.8999999999999999, 1.05, 1.2, 1.3499999999999999, 1.5, 1.65, 1.7999999999999998, 1.95, 2.1, 2.25, 2.4, 2.55, 2.6999999999999997, 2.85, 3.0, 3.15, 3.3, 3.4499999999999997, 3.5999999999999996, 3.75, 3.9, 4.05, 4.2, 4.35, 4.5, 4.6499999999999995, 4.8, 4.95, 5.1, 5.25, 5.3999999999999995, 5.55, 5.7, 5.85, 6.0, 6.1499999999999995, 6.3, 6.45, 6.6, 6.75, 6.8999999999999995, 7.05, 7.199999999999999, 7.35, 7.5, 7.6499999999999995, 7.8, 7.949999999999999, 8.1, 8.25, 8.4, 8.549999999999999, 8.7, 8.85, 9.0, 9.15, 9.299999999999999, 9.45, 9.6, 9.75, 9.9, 10.049999999999999, 10.2, 10.35, 10.5, 10.65, 10.799999999999999, 10.95, 11.1, 11.25, 11.4, 11.549999999999999, 11.7, 11.85, 12.0, 12.15, 12.299999999999999, 12.45, 12.6, 12.75, 12.9, 13.049999999999999, 13.2, 13.35, 13.5, 13.65, 13.799999999999999, 13.95, 14.1, 14.25, 14.399999999999999, 14.549999999999999, 14.7, 14.85, 15.0, 15.149999999999999",2007R_GLUT1_647_WGA_594_0002,2007,R,False,3.140670182003742,False
"2849, 3273, 3710, 4454, 5496, 6779, 7486, 10457, 16448, 25372, 35337, 42073, 44072, 39311, 37521, 35893, 34336, 32928, 30227, 28366, 24708, 21374, 18529, 16349, 15010, 13507, 13184, 12888, 12254, 11828, 10827, 9853, 9228, 8582, 8603, 8371, 8380, 8592, 8805, 8853, 9225, 9638, 10173, 11130, 12136, 13058, 14245, 14618, 15436, 15344, 15631, 15337, 15240, 14298, 13573, 12324, 11525, 10511, 9756, 9684, 9395, 9109, 8866, 8431, 8128, 7742, 7401, 6959, 6529, 6490, 6527, 6583, 6428, 6194, 6167, 5863, 5696, 5351, 5323, 5200, 4972, 4802, 5000, 4819, 4815, 4844, 4490, 4484, 4227, 4205, 4036, 4066, 4069, 3897, 3909, 3759, 3743, 3598, 3449, 3421, 3511, 3339",48,GluT1,"0.0, 0.15, 0.3, 0.44999999999999996, 0.6, 0.75, 0.8999999999999999, 1.05, 1.2, 1.3499999999999999, 1.5, 1.65, 1.7999999999999998, 1.95, 2.1, 2.25, 2.4, 2.55, 2.6999999999999997, 2.85, 3.0, 3.15, 3.3, 3.4499999999999997, 3.5999999999999996, 3.75, 3.9, 4.05, 4.2, 4.35, 4.5, 4.6499999999999995, 4.8, 4.95, 5.1, 5.25, 5.3999999999999995, 5.55, 5.7, 5.85, 6.0, 6.1499999999999995, 6.3, 6.45, 6.6, 6.75, 6.8999999999999995, 7.05, 7.199999999999999, 7.35, 7.5, 7.6499999999999995, 7.8, 7.949999999999999, 8.1, 8.25, 8.4, 8.549999999999999, 8.7, 8.85, 9.0, 9.15, 9.299999999999999, 9.45, 9.6, 9.75, 9.9, 10.049999999999999, 10.2, 10.35, 10.5, 10.65, 10.799999999999999, 10.95, 11.1, 11.25, 11.4, 11.549999999999999, 11.7, 11.85, 12.0, 12.15, 12.299999999999999, 12.45, 12.6, 12.75, 12.9, 13.049999999999999, 13.2, 13.35, 13.5, 13.65, 13.799999999999999, 13.95, 14.1, 14.25, 14.399999999999999, 14.549999999999999, 14.7, 14.85, 15.0, 15.149999999999999",2007R_GLUT1_647_WGA_594_0002,2007,R,False,3.140670182003742,False
"159058, 162968, 165076, 168453, 170608, 176139, 178995, 188626, 206105, 224558, 242348, 259331, 287720, 325249, 331246, 345024, 355495, 364463, 386016, 399629, 430160, 460068, 486681, 506190, 514100, 523146, 523160, 527190, 527720, 525149, 520927, 509611, 492740, 467297, 437661, 408652, 396609, 389870, 372382, 375424, 341874, 319271, 295861, 274921, 253119, 240357, 227490, 225698, 221368, 220390, 219440, 216018, 215069, 211621, 210906, 208248, 205923, 207550, 204203, 206036, 205591, 203092, 205431, 203419, 202980, 201651, 200167, 201850, 201153, 200993, 201042, 199429, 199421, 201044, 200913, 199408, 200513, 198345, 198665, 198826, 199246, 197767, 197834, 199788, 198705, 196674, 197014, 196058, 194839, 196554, 196619, 197108, 195952, 195762, 195163, 196425, 195990, 194913, 194525, 195084, 195397, 193654",49,DAPI,"0.0, 0.15, 0.3, 0.44999999999999996, 0.6, 0.75, 0.8999999999999999, 1.05, 1.2, 1.3499999999999999, 1.5, 1.65, 1.7999999999999998, 1.95, 2.1, 2.25, 2.4, 2.55, 2.6999999999999997, 2.85, 3.0, 3.15, 3.3, 3.4499999999999997, 3.5999999999999996, 3.75, 3.9, 4.05, 4.2, 4.35, 4.5, 4.6499999999999995, 4.8, 4.95, 5.1, 5.25, 5.3999999999999995, 5.55, 5.7, 5.85, 6.0, 6.1499999999999995, 6.3, 6.45, 6.6, 6.75, 6.8999999999999995, 7.05, 7.199999999999999, 7.35, 7.5, 7.6499999999999995, 7.8, 7.949999999999999, 8.1, 8.25, 8.4, 8.549999999999999, 8.7, 8.85, 9.0, 9.15, 9.299999999999999, 9.45, 9.6, 9.75, 9.9, 10.049999999999999, 10.2, 10.35, 10.5, 10.65, 10.799999999999999, 10.95, 11.1, 11.25, 11.4, 11.549999999999999, 11.7, 11.85, 12.0, 12.15, 12.299999999999999, 12.45, 12.6, 12.75, 12.9, 13.049999999999999, 13.2, 13.35, 13.5, 13.65, 13.799999999999999, 13.95, 14.1, 14.25, 14.399999999999999, 14.549999999999999, 14.7, 14.85, 15.0, 15.149999999999999",2007R_GLUT1_647_WGA_594_0002,2007,R,False,3.4141331142152835,False
"22093, 22265, 22790, 23010, 23151, 23362, 23762, 24199, 26050, 28708, 32609, 35337, 38554, 41567, 41652, 41720, 42013, 42545, 42924, 43451, 43658, 43425, 42497, 42119, 41413, 41547, 41820, 41562, 41550, 41240, 41275, 41207, 42119, 42301, 43055, 43836, 44435, 44190, 45586, 44875, 45953, 46795, 47960, 49497, 50945, 51137, 49406, 48318, 48246, 48080, 47392, 46813, 46201, 44830, 44325, 43330, 44384, 42858, 42462, 42699, 42105, 42210, 41550, 41424, 41446, 41533, 41488, 40824, 40781, 41110, 40900, 40613, 40580, 40351, 41000, 40938, 40770, 40733, 41708, 41463, 42007, 41836, 42199, 42517, 42299, 43157, 44873, 45283, 48489, 50705, 52293, 54417, 55370, 56492, 56063, 57539, 57405, 57290, 56249, 55744, 56022, 56726",49,eGFP,"0.0, 0.15, 0.3, 0.44999999999999996, 0.6, 0.75, 0.8999999999999999, 1.05, 1.2, 1.3499999999999999, 1.5, 1.65, 1.7999999999999998, 1.95, 2.1, 2.25, 2.4, 2.55, 2.6999999999999997, 2.85, 3.0, 3.15, 3.3, 3.4499999999999997, 3.5999999999999996, 3.75, 3.9, 4.05, 4.2, 4.35, 4.5, 4.6499999999999995, 4.8, 4.95, 5.1, 5.25, 5.3999999999999995, 5.55, 5.7, 5.85, 6.0, 6.1499999999999995, 6.3, 6.45, 6.6, 6.75, 6.8999999999999995, 7.05, 7.199999999999999, 7.35, 7.5, 7.6499999999999995, 7.8, 7.949999999999999, 8.1, 8.25, 8.4, 8.549999999999999, 8.7, 8.85, 9.0, 9.15, 9.299999999999999, 9.45, 9.6, 9.75, 9.9, 10.049999999999999, 10.2, 10.35, 10.5, 10.65, 10.799999999999999, 10.95, 11.1, 11.25, 11.4, 11.549999999999999, 11.7, 11.85, 12.0, 12.15, 12.299999999999999, 12.45, 12.6, 12.75, 12.9, 13.049999999999999, 13.2, 13.35, 13.5, 13.65, 13.799999999999999, 13.95, 14.1, 14.25, 14.399999999999999, 14.549999999999999, 14.7, 14.85, 15.0, 15.149999999999999",2007R_GLUT1_647_WGA_594_0002,2007,R,False,3.4141331142152835,False
"58867, 63207, 67779, 72670, 82348, 94747, 101918, 133657, 208427, 340676, 500742, 585081, 545461, 410494, 379715, 355114, 332507, 317641, 285792, 269684, 238599, 212431, 191150, 172717, 161321, 148692, 146776, 144508, 137457, 136533, 129507, 125381, 123231, 123798, 126417, 130822, 133560, 134730, 138594, 137678, 147361, 157045, 168866, 182487, 199161, 208761, 225508, 231103, 238211, 241047, 243110, 244654, 241993, 227706, 221437, 206242, 195484, 182616, 167762, 167229, 164071, 158144, 153003, 144383, 140287, 133652, 126612, 121198, 113809, 111631, 112491, 111995, 110467, 107525, 105728, 102493, 98203, 95554, 91836, 90584, 87531, 86637, 86481, 85641, 84420, 82842, 80545, 79929, 77437, 75970, 74321, 73272, 72623, 71351, 71147, 70191, 69033, 67805, 66483, 65409, 65167, 63958",49,WGA,"0.0, 0.15, 0.3, 0.44999999999999996, 0.6, 0.75, 0.8999999999999999, 1.05, 1.2, 1.3499999999999999, 1.5, 1.65, 1.7999999999999998, 1.95, 2.1, 2.25, 2.4, 2.55, 2.6999999999999997, 2.85, 3.0, 3.15, 3.3, 3.4499999999999997, 3.5999999999999996, 3.75, 3.9, 4.05, 4.2, 4.35, 4.5, 4.6499999999999995, 4.8, 4.95, 5.1, 5.25, 5.3999999999999995, 5.55, 5.7, 5.85, 6.0, 6.1499999999999995, 6.3, 6.45, 6.6, 6.75, 6.8999999999999995, 7.05, 7.199999999999999, 7.35, 7.5, 7.6499999999999995, 7.8, 7.949999999999999, 8.1, 8.25, 8.4, 8.549999999999999, 8.7, 8.85, 9.0, 9.15, 9.299999999999999, 9.45, 9.6, 9.75, 9.9, 10.049999999999999, 10.2, 10.35, 10.5, 10.65, 10.799999999999999, 10.95, 11.1, 11.25, 11.4, 11.549999999999999, 11.7, 11.85, 12.0, 12.15, 12.299999999999999, 12.45, 12.6, 12.75, 12.9, 13.049999999999999, 13.2, 13.35, 13.5, 13.65, 13.799999999999999, 13.95, 14.1, 14.25, 14.399999999999999, 14.549999999999999, 14.7, 14.85, 15.0, 15.149999999999999",2007R_GLUT1_647_WGA_594_0002,2007,R,False,3.4141331142152835,False
"5841, 6816, 7709, 9009, 11169, 13932, 14912, 21158, 34581, 56124, 77935, 90141, 89367, 80054, 77240, 75089, 72921, 71350, 67970, 65499, 60528, 56126, 51240, 47750, 44803, 41702, 40927, 40583, 38795, 38129, 35900, 34517, 33624, 33248, 33660, 33864, 34248, 34648, 34949, 34771, 36245, 37159, 38318, 38852, 39461, 39183, 39239, 39156, 39091, 38894, 38456, 37591, 36184, 33707, 32267, 30250, 28573, 26528, 24608, 23898, 23727, 22836, 22285, 20909, 20206, 19340, 18307, 17792, 16327, 16137, 16104, 16264, 15825, 15393, 15224, 14528, 13803, 13138, 12863, 12704, 12199, 11983, 11768, 11867, 11673, 11566, 11116, 10772, 10412, 10186, 9883, 9742, 9530, 9267, 9154, 9012, 8987, 8483, 8379, 8117, 7935, 7695",49,GluT1,"0.0, 0.15, 0.3, 0.44999999999999996, 0.6, 0.75, 0.8999999999999999, 1.05, 1.2, 1.3499999999999999, 1.5, 1.65, 1.7999999999999998, 1.95, 2.1, 2.25, 2.4, 2.55, 2.6999999999999997, 2.85, 3.0, 3.15, 3.3, 3.4499999999999997, 3.5999999999999996, 3.75, 3.9, 4.05, 4.2, 4.35, 4.5, 4.6499999999999995, 4.8, 4.95, 5.1, 5.25, 5.3999999999999995, 5.55, 5.7, 5.85, 6.0, 6.1499999999999995, 6.3, 6.45, 6.6, 6.75, 6.8999999999999995, 7.05, 7.199999999999999, 7.35, 7.5, 7.6499999999999995, 7.8, 7.949999999999999, 8.1, 8.25, 8.4, 8.549999999999999, 8.7, 8.85, 9.0, 9.15, 9.299999999999999, 9.45, 9.6, 9.75, 9.9, 10.049999999999999, 10.2, 10.35, 10.5, 10.65, 10.799999999999999, 10.95, 11.1, 11.25, 11.4, 11.549999999999999, 11.7, 11.85, 12.0, 12.15, 12.299999999999999, 12.45, 12.6, 12.75, 12.9, 13.049999999999999, 13.2, 13.35, 13.5, 13.65, 13.799999999999999, 13.95, 14.1, 14.25, 14.399999999999999, 14.549999999999999, 14.7, 14.85, 15.0, 15.149999999999999",2007R_GLUT1_647_WGA_594_0002,2007,R,False,3.4141331142152835,False
"36537, 37100, 37473, 37602, 39573, 40569, 41581, 44084, 48633, 53722, 57839, 62663, 69886, 78443, 80962, 84077, 87385, 89868, 95365, 101018, 111638, 125651, 139253, 156547, 168395, 185664, 188191, 192141, 207039, 209146, 225950, 239169, 246081, 249229, 239542, 224741, 220856, 216490, 209064, 213368, 198920, 189910, 178520, 169661, 151630, 136139, 105801, 96118, 83898, 79397, 73794, 67344, 63923, 58014, 57230, 53719, 52089, 51032, 50093, 50839, 50232, 49619, 49581, 48751, 48937, 48336, 47438, 47586, 47136, 46892, 46574, 46855, 47250, 46434, 47670, 46844, 46741, 46319, 46649, 45807, 45458, 45313, 46023, 46331, 46359, 46188, 44952, 45079, 45098, 45037, 45019, 45338, 44725, 45216, 45892, 45269, 45085, 44940, 45141, 44744, 44942, 44370",50,DAPI,"0.0, 0.15, 0.3, 0.44999999999999996, 0.6, 0.75, 0.8999999999999999, 1.05, 1.2, 1.3499999999999999, 1.5, 1.65, 1.7999999999999998, 1.95, 2.1, 2.25, 2.4, 2.55, 2.6999999999999997, 2.85, 3.0, 3.15, 3.3, 3.4499999999999997, 3.5999999999999996, 3.75, 3.9, 4.05, 4.2, 4.35, 4.5, 4.6499999999999995, 4.8, 4.95, 5.1, 5.25, 5.3999999999999995, 5.55, 5.7, 5.85, 6.0, 6.1499999999999995, 6.3, 6.45, 6.6, 6.75, 6.8999999999999995, 7.05, 7.199999999999999, 7.35, 7.5, 7.6499999999999995, 7.8, 7.949999999999999, 8.1, 8.25, 8.4, 8.549999999999999, 8.7, 8.85, 9.0, 9.15, 9.299999999999999, 9.45, 9.6, 9.75, 9.9, 10.049999999999999, 10.2, 10.35, 10.5, 10.65, 10.799999999999999, 10.95, 11.1, 11.25, 11.4, 11.549999999999999, 11.7, 11.85, 12.0, 12.15, 12.299999999999999, 12.45, 12.6, 12.75, 12.9, 13.049999999999999, 13.2, 13.35, 13.5, 13.65, 13.799999999999999, 13.95, 14.1, 14.25, 14.399999999999999, 14.549999999999999, 14.7, 14.85, 15.0, 15.149999999999999",2007R_GLUT1_647_WGA_594_0002,2007,R,False,4.566313481914505,False
"4995, 5052, 5275, 5224, 5455, 5501, 5483, 5707, 6100, 6754, 7762, 8535, 9634, 11035, 11507, 11813, 12566, 12906, 13378, 14150, 15054, 15858, 16439, 17120, 17082, 17521, 17208, 17346, 16872, 17007, 16091, 15152, 14390, 12498, 10739, 9846, 9175, 9129, 8941, 8651, 8351, 8180, 7990, 7970, 8296, 8262, 8912, 9016, 9207, 9168, 9218, 9396, 9262, 9565, 9295, 9428, 9395, 9026, 9427, 9364, 9373, 9445, 9389, 9348, 9358, 9445, 9379, 9512, 9369, 9287, 9320, 9259, 9321, 9251, 9404, 9264, 9225, 9311, 9333, 9397, 9566, 9440, 9292, 9165, 9125, 9289, 9324, 9261, 9045, 9455, 9077, 9226, 9331, 9108, 9096, 9176, 9164, 9317, 9327, 9536, 9616, 9931",50,eGFP,"0.0, 0.15, 0.3, 0.44999999999999996, 0.6, 0.75, 0.8999999999999999, 1.05, 1.2, 1.3499999999999999, 1.5, 1.65, 1.7999999999999998, 1.95, 2.1, 2.25, 2.4, 2.55, 2.6999999999999997, 2.85, 3.0, 3.15, 3.3, 3.4499999999999997, 3.5999999999999996, 3.75, 3.9, 4.05, 4.2, 4.35, 4.5, 4.6499999999999995, 4.8, 4.95, 5.1, 5.25, 5.3999999999999995, 5.55, 5.7, 5.85, 6.0, 6.1499999999999995, 6.3, 6.45, 6.6, 6.75, 6.8999999999999995, 7.05, 7.199999999999999, 7.35, 7.5, 7.6499999999999995, 7.8, 7.949999999999999, 8.1, 8.25, 8.4, 8.549999999999999, 8.7, 8.85, 9.0, 9.15, 9.299999999999999, 9.45, 9.6, 9.75, 9.9, 10.049999999999999, 10.2, 10.35, 10.5, 10.65, 10.799999999999999, 10.95, 11.1, 11.25, 11.4, 11.549999999999999, 11.7, 11.85, 12.0, 12.15, 12.299999999999999, 12.45, 12.6, 12.75, 12.9, 13.049999999999999, 13.2, 13.35, 13.5, 13.65, 13.799999999999999, 13.95, 14.1, 14.25, 14.399999999999999, 14.549999999999999, 14.7, 14.85, 15.0, 15.149999999999999",2007R_GLUT1_647_WGA_594_0002,2007,R,False,4.566313481914505,False
"12927, 13983, 14810, 16142, 18242, 21086, 22486, 29092, 41609, 59798, 81103, 93986, 93136, 79306, 75691, 71835, 69454, 66885, 62653, 60291, 56165, 52295, 49586, 46796, 45034, 42423, 42234, 41420, 39192, 38753, 36343, 33430, 31222, 28654, 25559, 24077, 23752, 23598, 23505, 22923, 23415, 24874, 27867, 31817, 38947, 44659, 53573, 56130, 59318, 60570, 62162, 62676, 62100, 58538, 56402, 51981, 49448, 45564, 41784, 41651, 40700, 39401, 38400, 36436, 35552, 33759, 31912, 30367, 28422, 27681, 28048, 28138, 27498, 26860, 26236, 25439, 23984, 23201, 22070, 21397, 20612, 20270, 20209, 19908, 19549, 19225, 18531, 18346, 17789, 17492, 17159, 16808, 16640, 16351, 16510, 16263, 15757, 15620, 15203, 14943, 14716, 14390",50,WGA,"0.0, 0.15, 0.3, 0.44999999999999996, 0.6, 0.75, 0.8999999999999999, 1.05, 1.2, 1.3499999999999999, 1.5, 1.65, 1.7999999999999998, 1.95, 2.1, 2.25, 2.4, 2.55, 2.6999999999999997, 2.85, 3.0, 3.15, 3.3, 3.4499999999999997, 3.5999999999999996, 3.75, 3.9, 4.05, 4.2, 4.35, 4.5, 4.6499999999999995, 4.8, 4.95, 5.1, 5.25, 5.3999999999999995, 5.55, 5.7, 5.85, 6.0, 6.1499999999999995, 6.3, 6.45, 6.6, 6.75, 6.8999999999999995, 7.05, 7.199999999999999, 7.35, 7.5, 7.6499999999999995, 7.8, 7.949999999999999, 8.1, 8.25, 8.4, 8.549999999999999, 8.7, 8.85, 9.0, 9.15, 9.299999999999999, 9.45, 9.6, 9.75, 9.9, 10.049999999999999, 10.2, 10.35, 10.5, 10.65, 10.799999999999999, 10.95, 11.1, 11.25, 11.4, 11.549999999999999, 11.7, 11.85, 12.0, 12.15, 12.299999999999999, 12.45, 12.6, 12.75, 12.9, 13.049999999999999, 13.2, 13.35, 13.5, 13.65, 13.799999999999999, 13.95, 14.1, 14.25, 14.399999999999999, 14.549999999999999, 14.7, 14.85, 15.0, 15.149999999999999",2007R_GLUT1_647_WGA_594_0002,2007,R,False,4.566313481914505,False
"1270, 1494, 1688, 2022, 2445, 3067, 3231, 4432, 6682, 9640, 12532, 14321, 15169, 14277, 14180, 13785, 13440, 13334, 12713, 12307, 11651, 10907, 10385, 9827, 9626, 9225, 8979, 9204, 8776, 8710, 8315, 8057, 7775, 7345, 7008, 6672, 6497, 6507, 6600, 6478, 6658, 6816, 7241, 7548, 8170, 8650, 9120, 9174, 9341, 9321, 9329, 9152, 8984, 8451, 8072, 7531, 7187, 6450, 5936, 5909, 5920, 5640, 5525, 5106, 5067, 4802, 4541, 4459, 4140, 3961, 4015, 4091, 3953, 3909, 3870, 3679, 3399, 3305, 3087, 3082, 2939, 2916, 2753, 2840, 2718, 2685, 2553, 2497, 2387, 2326, 2281, 2237, 2162, 2135, 2120, 2109, 2138, 2101, 2024, 1796, 1867, 1819",50,GluT1,"0.0, 0.15, 0.3, 0.44999999999999996, 0.6, 0.75, 0.8999999999999999, 1.05, 1.2, 1.3499999999999999, 1.5, 1.65, 1.7999999999999998, 1.95, 2.1, 2.25, 2.4, 2.55, 2.6999999999999997, 2.85, 3.0, 3.15, 3.3, 3.4499999999999997, 3.5999999999999996, 3.75, 3.9, 4.05, 4.2, 4.35, 4.5, 4.6499999999999995, 4.8, 4.95, 5.1, 5.25, 5.3999999999999995, 5.55, 5.7, 5.85, 6.0, 6.1499999999999995, 6.3, 6.45, 6.6, 6.75, 6.8999999999999995, 7.05, 7.199999999999999, 7.35, 7.5, 7.6499999999999995, 7.8, 7.949999999999999, 8.1, 8.25, 8.4, 8.549999999999999, 8.7, 8.85, 9.0, 9.15, 9.299999999999999, 9.45, 9.6, 9.75, 9.9, 10.049999999999999, 10.2, 10.35, 10.5, 10.65, 10.799999999999999, 10.95, 11.1, 11.25, 11.4, 11.549999999999999, 11.7, 11.85, 12.0, 12.15, 12.299999999999999, 12.45, 12.6, 12.75, 12.9, 13.049999999999999, 13.2, 13.35, 13.5, 13.65, 13.799999999999999, 13.95, 14.1, 14.25, 14.399999999999999, 14.549999999999999, 14.7, 14.85, 15.0, 15.149999999999999",2007R_GLUT1_647_WGA_594_0002,2007,R,False,4.566313481914505,False
"116095, 116962, 117737, 120590, 122282, 125756, 126731, 133444, 141296, 149242, 155696, 157174, 159828, 163904, 163612, 163018, 163470, 163494, 164752, 166064, 167388, 170453, 172848, 178165, 182036, 188082, 187981, 189159, 198196, 198597, 217550, 239841, 270964, 319578, 376616, 422171, 440533, 447162, 468237, 462803, 491542, 505407, 507150, 499058, 468152, 434562, 363006, 333372, 296271, 276996, 257157, 230261, 214944, 193079, 187792, 178880, 174430, 169121, 166915, 166287, 164972, 165058, 164058, 162111, 160526, 160008, 158195, 158583, 156971, 156474, 157666, 157313, 155041, 156296, 154884, 155682, 156006, 155237, 152822, 154792, 154936, 155016, 153858, 153480, 154168, 153340, 152175, 152137, 152637, 153438, 152425, 152499, 150766, 152372, 151236, 151790, 150576, 151715, 150410, 151647, 150961, 149927",51,DAPI,"0.0, 0.15, 0.3, 0.44999999999999996, 0.6, 0.75, 0.8999999999999999, 1.05, 1.2, 1.3499999999999999, 1.5, 1.65, 1.7999999999999998, 1.95, 2.1, 2.25, 2.4, 2.55, 2.6999999999999997, 2.85, 3.0, 3.15, 3.3, 3.4499999999999997, 3.5999999999999996, 3.75, 3.9, 4.05, 4.2, 4.35, 4.5, 4.6499999999999995, 4.8, 4.95, 5.1, 5.25, 5.3999999999999995, 5.55, 5.7, 5.85, 6.0, 6.1499999999999995, 6.3, 6.45, 6.6, 6.75, 6.8999999999999995, 7.05, 7.199999999999999, 7.35, 7.5, 7.6499999999999995, 7.8, 7.949999999999999, 8.1, 8.25, 8.4, 8.549999999999999, 8.7, 8.85, 9.0, 9.15, 9.299999999999999, 9.45, 9.6, 9.75, 9.9, 10.049999999999999, 10.2, 10.35, 10.5, 10.65, 10.799999999999999, 10.95, 11.1, 11.25, 11.4, 11.549999999999999, 11.7, 11.85, 12.0, 12.15, 12.299999999999999, 12.45, 12.6, 12.75, 12.9, 13.049999999999999, 13.2, 13.35, 13.5, 13.65, 13.799999999999999, 13.95, 14.1, 14.25, 14.399999999999999, 14.549999999999999, 14.7, 14.85, 15.0, 15.149999999999999",2007R_GLUT1_647_WGA_594_0002,2007,R,True,25.13442729841339,False
"19342, 19815, 20607, 20805, 21514, 22246, 22580, 23898, 26900, 30543, 34803, 39746, 48071, 58198, 62278, 66449, 69567, 73733, 85087, 93095, 106802, 116889, 124295, 131177, 134351, 138196, 138408, 138894, 139838, 138975, 139560, 143482, 151490, 159794, 169665, 182605, 187177, 191495, 197229, 195393, 210008, 221795, 231287, 237212, 238454, 237290, 222673, 216924, 208017, 202178, 195184, 181469, 169814, 142716, 131093, 102225, 85034, 66660, 54917, 55057, 52870, 50105, 47386, 44893, 43449, 41713, 39886, 38938, 37230, 36358, 36613, 37046, 36431, 35938, 35832, 35300, 34447, 33852, 33834, 33788, 33738, 33463, 33344, 33570, 33258, 33040, 33507, 33523, 34085, 33942, 34379, 34781, 35035, 35009, 34416, 34519, 35231, 35508, 36179, 36708, 37618, 38426",51,eGFP,"0.0, 0.15, 0.3, 0.44999999999999996, 0.6, 0.75, 0.8999999999999999, 1.05, 1.2, 1.3499999999999999, 1.5, 1.65, 1.7999999999999998, 1.95, 2.1, 2.25, 2.4, 2.55, 2.6999999999999997, 2.85, 3.0, 3.15, 3.3, 3.4499999999999997, 3.5999999999999996, 3.75, 3.9, 4.05, 4.2, 4.35, 4.5, 4.6499999999999995, 4.8, 4.95, 5.1, 5.25, 5.3999999999999995, 5.55, 5.7, 5.85, 6.0, 6.1499999999999995, 6.3, 6.45, 6.6, 6.75, 6.8999999999999995, 7.05, 7.199999999999999, 7.35, 7.5, 7.6499999999999995, 7.8, 7.949999999999999, 8.1, 8.25, 8.4, 8.549999999999999, 8.7, 8.85, 9.0, 9.15, 9.299999999999999, 9.45, 9.6, 9.75, 9.9, 10.049999999999999, 10.2, 10.35, 10.5, 10.65, 10.799999999999999, 10.95, 11.1, 11.25, 11.4, 11.549999999999999, 11.7, 11.85, 12.0, 12.15, 12.299999999999999, 12.45, 12.6, 12.75, 12.9, 13.049999999999999, 13.2, 13.35, 13.5, 13.65, 13.799999999999999, 13.95, 14.1, 14.25, 14.399999999999999, 14.549999999999999, 14.7, 14.85, 15.0, 15.149999999999999",2007R_GLUT1_647_WGA_594_0002,2007,R,True,25.13442729841339,False
"44105, 47522, 50433, 54272, 61409, 70729, 74813, 98357, 147261, 227911, 315253, 351562, 327271, 265083, 250680, 238954, 230383, 223625, 207495, 201233, 190190, 183632, 179751, 177300, 175034, 173363, 172899, 172251, 170808, 170755, 168472, 165000, 160748, 154190, 144304, 135429, 132560, 130832, 126444, 127299, 118911, 113637, 109427, 107036, 107608, 110295, 118758, 122451, 128548, 130973, 135700, 142094, 147149, 151934, 151956, 149409, 146670, 140380, 132464, 131673, 129836, 126057, 122050, 115270, 112216, 107524, 101241, 96761, 91094, 89652, 90356, 89662, 87853, 85952, 84505, 81866, 78460, 76733, 73799, 72412, 70224, 70307, 69895, 69327, 68115, 67094, 65147, 64445, 61960, 60447, 59177, 58043, 57219, 56493, 56331, 55345, 54430, 53232, 52527, 51636, 51056, 50179",51,WGA,"0.0, 0.15, 0.3, 0.44999999999999996, 0.6, 0.75, 0.8999999999999999, 1.05, 1.2, 1.3499999999999999, 1.5, 1.65, 1.7999999999999998, 1.95, 2.1, 2.25, 2.4, 2.55, 2.6999999999999997, 2.85, 3.0, 3.15, 3.3, 3.4499999999999997, 3.5999999999999996, 3.75, 3.9, 4.05, 4.2, 4.35, 4.5, 4.6499999999999995, 4.8, 4.95, 5.1, 5.25, 5.3999999999999995, 5.55, 5.7, 5.85, 6.0, 6.1499999999999995, 6.3, 6.45, 6.6, 6.75, 6.8999999999999995, 7.05, 7.199999999999999, 7.35, 7.5, 7.6499999999999995, 7.8, 7.949999999999999, 8.1, 8.25, 8.4, 8.549999999999999, 8.7, 8.85, 9.0, 9.15, 9.299999999999999, 9.45, 9.6, 9.75, 9.9, 10.049999999999999, 10.2, 10.35, 10.5, 10.65, 10.799999999999999, 10.95, 11.1, 11.25, 11.4, 11.549999999999999, 11.7, 11.85, 12.0, 12.15, 12.299999999999999, 12.45, 12.6, 12.75, 12.9, 13.049999999999999, 13.2, 13.35, 13.5, 13.65, 13.799999999999999, 13.95, 14.1, 14.25, 14.399999999999999, 14.549999999999999, 14.7, 14.85, 15.0, 15.149999999999999",2007R_GLUT1_647_WGA_594_0002,2007,R,True,25.13442729841339,False
"4493, 5521, 6171, 7203, 8913, 10986, 11773, 16770, 26415, 40800, 54925, 63127, 63904, 58534, 57169, 56175, 54813, 53687, 51397, 49680, 46847, 44293, 42248, 40293, 38471, 37523, 36759, 36468, 36076, 35214, 34784, 33775, 33756, 33027, 32418, 30833, 30444, 30186, 29654, 29621, 27789, 26877, 25583, 24055, 23402, 22792, 23414, 23935, 25054, 25506, 26648, 27216, 27872, 27503, 27092, 25765, 24241, 22538, 20718, 20490, 20112, 19577, 19205, 17898, 17349, 16761, 15867, 15226, 14004, 13721, 13865, 13755, 13505, 13321, 12939, 12547, 11793, 11521, 11137, 11165, 10728, 10423, 10492, 10275, 10336, 10133, 9630, 9368, 8732, 8644, 8377, 8070, 8076, 7821, 7703, 7652, 7438, 7231, 7052, 6805, 6569, 6582",51,GluT1,"0.0, 0.15, 0.3, 0.44999999999999996, 0.6, 0.75, 0.8999999999999999, 1.05, 1.2, 1.3499999999999999, 1.5, 1.65, 1.7999999999999998, 1.95, 2.1, 2.25, 2.4, 2.55, 2.6999999999999997, 2.85, 3.0, 3.15, 3.3, 3.4499999999999997, 3.5999999999999996, 3.75, 3.9, 4.05, 4.2, 4.35, 4.5, 4.6499999999999995, 4.8, 4.95, 5.1, 5.25, 5.3999999999999995, 5.55, 5.7, 5.85, 6.0, 6.1499999999999995, 6.3, 6.45, 6.6, 6.75, 6.8999999999999995, 7.05, 7.199999999999999, 7.35, 7.5, 7.6499999999999995, 7.8, 7.949999999999999, 8.1, 8.25, 8.4, 8.549999999999999, 8.7, 8.85, 9.0, 9.15, 9.299999999999999, 9.45, 9.6, 9.75, 9.9, 10.049999999999999, 10.2, 10.35, 10.5, 10.65, 10.799999999999999, 10.95, 11.1, 11.25, 11.4, 11.549999999999999, 11.7, 11.85, 12.0, 12.15, 12.299999999999999, 12.45, 12.6, 12.75, 12.9, 13.049999999999999, 13.2, 13.35, 13.5, 13.65, 13.799999999999999, 13.95, 14.1, 14.25, 14.399999999999999, 14.549999999999999, 14.7, 14.85, 15.0, 15.149999999999999",2007R_GLUT1_647_WGA_594_0002,2007,R,True,25.13442729841339,False
"61608, 63068, 62889, 63839, 65125, 67109, 67754, 71703, 77521, 82488, 86066, 89992, 91971, 93550, 95950, 96054, 95681, 96693, 100131, 100913, 106258, 112247, 119506, 132060, 142949, 158247, 164270, 166539, 182006, 185345, 207602, 231973, 257347, 282947, 313022, 330907, 339836, 340592, 346029, 345227, 350442, 354484, 349348, 341198, 321621, 304892, 278386, 271391, 258791, 253585, 248443, 237274, 224303, 193290, 175203, 138277, 120525, 107195, 101113, 99196, 98463, 96818, 93807, 92558, 91397, 90021, 87795, 86824, 87326, 85538, 86184, 86321, 85415, 84619, 85211, 83850, 83984, 83459, 82684, 82606, 82666, 82172, 81865, 81215, 81190, 81992, 81954, 81759, 80451, 81274, 79738, 80163, 80486, 80840, 80748, 80470, 79909, 79455, 79571, 80219, 79545, 79357",52,DAPI,"0.0, 0.15, 0.3, 0.44999999999999996, 0.6, 0.75, 0.8999999999999999, 1.05, 1.2, 1.3499999999999999, 1.5, 1.65, 1.7999999999999998, 1.95, 2.1, 2.25, 2.4, 2.55, 2.6999999999999997, 2.85, 3.0, 3.15, 3.3, 3.4499999999999997, 3.5999999999999996, 3.75, 3.9, 4.05, 4.2, 4.35, 4.5, 4.6499999999999995, 4.8, 4.95, 5.1, 5.25, 5.3999999999999995, 5.55, 5.7, 5.85, 6.0, 6.1499999999999995, 6.3, 6.45, 6.6, 6.75, 6.8999999999999995, 7.05, 7.199999999999999, 7.35, 7.5, 7.6499999999999995, 7.8, 7.949999999999999, 8.1, 8.25, 8.4, 8.549999999999999, 8.7, 8.85, 9.0, 9.15, 9.299999999999999, 9.45, 9.6, 9.75, 9.9, 10.049999999999999, 10.2, 10.35, 10.5, 10.65, 10.799999999999999, 10.95, 11.1, 11.25, 11.4, 11.549999999999999, 11.7, 11.85, 12.0, 12.15, 12.299999999999999, 12.45, 12.6, 12.75, 12.9, 13.049999999999999, 13.2, 13.35, 13.5, 13.65, 13.799999999999999, 13.95, 14.1, 14.25, 14.399999999999999, 14.549999999999999, 14.7, 14.85, 15.0, 15.149999999999999",2007R_GLUT1_647_WGA_594_0002,2007,R,False,3.0052454888795634,False
"8869, 9091, 9257, 9358, 9589, 9690, 9864, 10205, 11164, 12441, 13938, 15139, 17161, 19189, 19372, 20155, 21184, 21945, 24408, 26725, 32815, 39517, 43601, 44919, 43106, 38377, 37598, 36430, 32193, 31185, 26899, 23513, 20892, 18357, 16852, 16003, 15663, 15731, 15314, 15235, 14682, 14323, 13974, 13786, 13703, 13837, 13994, 13769, 13772, 13929, 14139, 14430, 14557, 16130, 16473, 16719, 17018, 17131, 16721, 17099, 16680, 16220, 16528, 16055, 16223, 15980, 16076, 15905, 15703, 15591, 15918, 15968, 15898, 15941, 15865, 15898, 16115, 15825, 15992, 16073, 16117, 16109, 16224, 16140, 16241, 16381, 16478, 16387, 16481, 16289, 16606, 16900, 16949, 17104, 16731, 16953, 17635, 18029, 18465, 19173, 18848, 19561",52,eGFP,"0.0, 0.15, 0.3, 0.44999999999999996, 0.6, 0.75, 0.8999999999999999, 1.05, 1.2, 1.3499999999999999, 1.5, 1.65, 1.7999999999999998, 1.95, 2.1, 2.25, 2.4, 2.55, 2.6999999999999997, 2.85, 3.0, 3.15, 3.3, 3.4499999999999997, 3.5999999999999996, 3.75, 3.9, 4.05, 4.2, 4.35, 4.5, 4.6499999999999995, 4.8, 4.95, 5.1, 5.25, 5.3999999999999995, 5.55, 5.7, 5.85, 6.0, 6.1499999999999995, 6.3, 6.45, 6.6, 6.75, 6.8999999999999995, 7.05, 7.199999999999999, 7.35, 7.5, 7.6499999999999995, 7.8, 7.949999999999999, 8.1, 8.25, 8.4, 8.549999999999999, 8.7, 8.85, 9.0, 9.15, 9.299999999999999, 9.45, 9.6, 9.75, 9.9, 10.049999999999999, 10.2, 10.35, 10.5, 10.65, 10.799999999999999, 10.95, 11.1, 11.25, 11.4, 11.549999999999999, 11.7, 11.85, 12.0, 12.15, 12.299999999999999, 12.45, 12.6, 12.75, 12.9, 13.049999999999999, 13.2, 13.35, 13.5, 13.65, 13.799999999999999, 13.95, 14.1, 14.25, 14.399999999999999, 14.549999999999999, 14.7, 14.85, 15.0, 15.149999999999999",2007R_GLUT1_647_WGA_594_0002,2007,R,False,3.0052454888795634,False
"23701, 25618, 27208, 29424, 33331, 38453, 41095, 54409, 84897, 140739, 204784, 230902, 208143, 161402, 152617, 146671, 142121, 138280, 131569, 127648, 121780, 115975, 110995, 106925, 103919, 101071, 100623, 99376, 96527, 96400, 91311, 85539, 80411, 73013, 64451, 58610, 56471, 55822, 53331, 53738, 49713, 47095, 45726, 44473, 44473, 45226, 47752, 48864, 50640, 51355, 52431, 54969, 57447, 63792, 66707, 74411, 79340, 82786, 81506, 81670, 80743, 78778, 76995, 73224, 71761, 68110, 64248, 61438, 57626, 56263, 56805, 56524, 55631, 54549, 53681, 51681, 49277, 47924, 45393, 44346, 42636, 42167, 42287, 41576, 41202, 40442, 38904, 38567, 37498, 36038, 35035, 34318, 33707, 33066, 33160, 32193, 31267, 30726, 30043, 29234, 28532, 27846",52,WGA,"0.0, 0.15, 0.3, 0.44999999999999996, 0.6, 0.75, 0.8999999999999999, 1.05, 1.2, 1.3499999999999999, 1.5, 1.65, 1.7999999999999998, 1.95, 2.1, 2.25, 2.4, 2.55, 2.6999999999999997, 2.85, 3.0, 3.15, 3.3, 3.4499999999999997, 3.5999999999999996, 3.75, 3.9, 4.05, 4.2, 4.35, 4.5, 4.6499999999999995, 4.8, 4.95, 5.1, 5.25, 5.3999999999999995, 5.55, 5.7, 5.85, 6.0, 6.1499999999999995, 6.3, 6.45, 6.6, 6.75, 6.8999999999999995, 7.05, 7.199999999999999, 7.35, 7.5, 7.6499999999999995, 7.8, 7.949999999999999, 8.1, 8.25, 8.4, 8.549999999999999, 8.7, 8.85, 9.0, 9.15, 9.299999999999999, 9.45, 9.6, 9.75, 9.9, 10.049999999999999, 10.2, 10.35, 10.5, 10.65, 10.799999999999999, 10.95, 11.1, 11.25, 11.4, 11.549999999999999, 11.7, 11.85, 12.0, 12.15, 12.299999999999999, 12.45, 12.6, 12.75, 12.9, 13.049999999999999, 13.2, 13.35, 13.5, 13.65, 13.799999999999999, 13.95, 14.1, 14.25, 14.399999999999999, 14.549999999999999, 14.7, 14.85, 15.0, 15.149999999999999",2007R_GLUT1_647_WGA_594_0002,2007,R,False,3.0052454888795634,False
"2704, 3186, 3532, 4073, 5032, 6215, 6611, 9465, 15324, 25407, 36054, 41666, 40973, 35883, 35623, 34866, 34068, 33716, 32988, 32789, 31695, 30193, 28343, 26172, 24865, 23280, 22945, 22514, 21944, 21956, 20769, 20011, 18888, 17377, 15208, 13610, 13077, 12703, 12211, 12419, 11349, 10787, 10325, 9658, 9566, 9712, 9689, 9725, 9831, 10122, 10174, 10409, 10560, 11227, 11733, 12366, 12449, 12643, 12345, 12137, 11993, 11754, 11577, 10967, 10913, 10407, 9932, 9446, 8599, 8612, 8608, 8724, 8429, 8319, 8099, 7826, 7399, 7013, 6678, 6598, 6160, 5968, 6064, 5904, 5854, 5884, 5532, 5467, 5266, 5308, 5044, 4818, 4835, 4608, 4589, 4388, 4361, 3995, 3873, 3749, 3707, 3561",52,GluT1,"0.0, 0.15, 0.3, 0.44999999999999996, 0.6, 0.75, 0.8999999999999999, 1.05, 1.2, 1.3499999999999999, 1.5, 1.65, 1.7999999999999998, 1.95, 2.1, 2.25, 2.4, 2.55, 2.6999999999999997, 2.85, 3.0, 3.15, 3.3, 3.4499999999999997, 3.5999999999999996, 3.75, 3.9, 4.05, 4.2, 4.35, 4.5, 4.6499999999999995, 4.8, 4.95, 5.1, 5.25, 5.3999999999999995, 5.55, 5.7, 5.85, 6.0, 6.1499999999999995, 6.3, 6.45, 6.6, 6.75, 6.8999999999999995, 7.05, 7.199999999999999, 7.35, 7.5, 7.6499999999999995, 7.8, 7.949999999999999, 8.1, 8.25, 8.4, 8.549999999999999, 8.7, 8.85, 9.0, 9.15, 9.299999999999999, 9.45, 9.6, 9.75, 9.9, 10.049999999999999, 10.2, 10.35, 10.5, 10.65, 10.799999999999999, 10.95, 11.1, 11.25, 11.4, 11.549999999999999, 11.7, 11.85, 12.0, 12.15, 12.299999999999999, 12.45, 12.6, 12.75, 12.9, 13.049999999999999, 13.2, 13.35, 13.5, 13.65, 13.799999999999999, 13.95, 14.1, 14.25, 14.399999999999999, 14.549999999999999, 14.7, 14.85, 15.0, 15.149999999999999",2007R_GLUT1_647_WGA_594_0002,2007,R,False,3.0052454888795634,False
"72955, 74582, 75815, 76270, 78064, 81124, 81683, 87328, 94118, 101248, 104488, 107671, 111848, 116581, 117397, 119083, 121350, 123505, 127179, 130922, 142750, 159868, 179776, 207282, 228724, 262527, 267578, 276707, 301986, 305121, 331585, 353368, 370427, 376762, 378012, 372237, 368035, 366452, 361705, 363410, 342865, 328608, 312277, 294379, 273013, 252413, 221615, 210172, 194532, 187089, 176944, 163476, 152084, 134087, 127244, 118349, 112612, 109537, 106872, 105498, 105606, 105060, 102743, 102425, 102538, 100770, 100732, 100016, 99273, 99131, 99255, 98900, 99774, 98103, 98319, 97790, 97615, 98141, 96905, 97146, 97516, 96784, 96165, 96215, 96998, 97319, 96165, 95469, 96059, 95571, 95879, 96055, 94695, 95316, 95308, 94383, 95835, 94953, 94795, 94712, 94629, 94215",53,DAPI,"0.0, 0.15, 0.3, 0.44999999999999996, 0.6, 0.75, 0.8999999999999999, 1.05, 1.2, 1.3499999999999999, 1.5, 1.65, 1.7999999999999998, 1.95, 2.1, 2.25, 2.4, 2.55, 2.6999999999999997, 2.85, 3.0, 3.15, 3.3, 3.4499999999999997, 3.5999999999999996, 3.75, 3.9, 4.05, 4.2, 4.35, 4.5, 4.6499999999999995, 4.8, 4.95, 5.1, 5.25, 5.3999999999999995, 5.55, 5.7, 5.85, 6.0, 6.1499999999999995, 6.3, 6.45, 6.6, 6.75, 6.8999999999999995, 7.05, 7.199999999999999, 7.35, 7.5, 7.6499999999999995, 7.8, 7.949999999999999, 8.1, 8.25, 8.4, 8.549999999999999, 8.7, 8.85, 9.0, 9.15, 9.299999999999999, 9.45, 9.6, 9.75, 9.9, 10.049999999999999, 10.2, 10.35, 10.5, 10.65, 10.799999999999999, 10.95, 11.1, 11.25, 11.4, 11.549999999999999, 11.7, 11.85, 12.0, 12.15, 12.299999999999999, 12.45, 12.6, 12.75, 12.9, 13.049999999999999, 13.2, 13.35, 13.5, 13.65, 13.799999999999999, 13.95, 14.1, 14.25, 14.399999999999999, 14.549999999999999, 14.7, 14.85, 15.0, 15.149999999999999",2007R_GLUT1_647_WGA_594_0002,2007,R,False,3.235273492286115,False
"10566, 10785, 10972, 10948, 11169, 11116, 11365, 11525, 12787, 13984, 15582, 16820, 18136, 18766, 19167, 18893, 18980, 18886, 19169, 19321, 19262, 19812, 19768, 20595, 20215, 20027, 19953, 20173, 19713, 19441, 18966, 18965, 18839, 18574, 18454, 18531, 18178, 18203, 18259, 18155, 18470, 19112, 19342, 20518, 21897, 22576, 23077, 22905, 23026, 22741, 22874, 22396, 22827, 23989, 24791, 24839, 23811, 22715, 22266, 22231, 21988, 21916, 22268, 22811, 23110, 24936, 27154, 28629, 30470, 30943, 31156, 31491, 32098, 33748, 33938, 36166, 38081, 38017, 37435, 36521, 34296, 33175, 32383, 31605, 31161, 30155, 28230, 27595, 26544, 26408, 26211, 25931, 26414, 26674, 26363, 26723, 26960, 27790, 28312, 28175, 28275, 28009",53,eGFP,"0.0, 0.15, 0.3, 0.44999999999999996, 0.6, 0.75, 0.8999999999999999, 1.05, 1.2, 1.3499999999999999, 1.5, 1.65, 1.7999999999999998, 1.95, 2.1, 2.25, 2.4, 2.55, 2.6999999999999997, 2.85, 3.0, 3.15, 3.3, 3.4499999999999997, 3.5999999999999996, 3.75, 3.9, 4.05, 4.2, 4.35, 4.5, 4.6499999999999995, 4.8, 4.95, 5.1, 5.25, 5.3999999999999995, 5.55, 5.7, 5.85, 6.0, 6.1499999999999995, 6.3, 6.45, 6.6, 6.75, 6.8999999999999995, 7.05, 7.199999999999999, 7.35, 7.5, 7.6499999999999995, 7.8, 7.949999999999999, 8.1, 8.25, 8.4, 8.549999999999999, 8.7, 8.85, 9.0, 9.15, 9.299999999999999, 9.45, 9.6, 9.75, 9.9, 10.049999999999999, 10.2, 10.35, 10.5, 10.65, 10.799999999999999, 10.95, 11.1, 11.25, 11.4, 11.549999999999999, 11.7, 11.85, 12.0, 12.15, 12.299999999999999, 12.45, 12.6, 12.75, 12.9, 13.049999999999999, 13.2, 13.35, 13.5, 13.65, 13.799999999999999, 13.95, 14.1, 14.25, 14.399999999999999, 14.549999999999999, 14.7, 14.85, 15.0, 15.149999999999999",2007R_GLUT1_647_WGA_594_0002,2007,R,False,3.235273492286115,False
"27764, 29845, 31634, 33779, 37865, 43541, 45799, 60080, 92463, 154040, 219524, 244286, 214301, 157985, 147009, 139461, 134449, 129873, 123680, 121746, 122021, 125354, 128574, 128975, 128600, 126278, 125322, 124376, 119389, 118730, 110263, 101118, 93894, 88163, 83886, 81554, 81155, 80585, 79674, 79702, 79944, 81261, 84430, 89595, 96696, 102319, 109804, 111438, 113677, 114740, 116512, 118280, 119549, 120746, 120276, 118185, 116193, 110460, 102827, 102055, 100113, 95710, 91742, 85695, 83681, 79959, 76250, 73050, 67779, 66196, 66854, 66210, 65046, 62856, 62063, 59020, 56366, 54661, 52410, 51211, 49210, 48526, 48491, 47368, 46923, 45605, 44043, 43142, 41360, 40231, 39147, 38644, 38202, 37343, 37549, 36507, 36016, 34882, 34271, 33465, 32996, 32062",53,WGA,"0.0, 0.15, 0.3, 0.44999999999999996, 0.6, 0.75, 0.8999999999999999, 1.05, 1.2, 1.3499999999999999, 1.5, 1.65, 1.7999999999999998, 1.95, 2.1, 2.25, 2.4, 2.55, 2.6999999999999997, 2.85, 3.0, 3.15, 3.3, 3.4499999999999997, 3.5999999999999996, 3.75, 3.9, 4.05, 4.2, 4.35, 4.5, 4.6499999999999995, 4.8, 4.95, 5.1, 5.25, 5.3999999999999995, 5.55, 5.7, 5.85, 6.0, 6.1499999999999995, 6.3, 6.45, 6.6, 6.75, 6.8999999999999995, 7.05, 7.199999999999999, 7.35, 7.5, 7.6499999999999995, 7.8, 7.949999999999999, 8.1, 8.25, 8.4, 8.549999999999999, 8.7, 8.85, 9.0, 9.15, 9.299999999999999, 9.45, 9.6, 9.75, 9.9, 10.049999999999999, 10.2, 10.35, 10.5, 10.65, 10.799999999999999, 10.95, 11.1, 11.25, 11.4, 11.549999999999999, 11.7, 11.85, 12.0, 12.15, 12.299999999999999, 12.45, 12.6, 12.75, 12.9, 13.049999999999999, 13.2, 13.35, 13.5, 13.65, 13.799999999999999, 13.95, 14.1, 14.25, 14.399999999999999, 14.549999999999999, 14.7, 14.85, 15.0, 15.149999999999999",2007R_GLUT1_647_WGA_594_0002,2007,R,False,3.235273492286115,False
"3042, 3577, 3843, 4348, 5371, 6646, 6893, 9410, 15499, 25350, 34908, 39320, 37741, 32839, 31805, 31389, 30989, 30806, 30464, 30869, 31806, 33038, 33678, 34803, 35364, 35900, 35690, 35474, 34618, 34594, 32678, 31050, 29345, 28880, 28357, 29306, 29662, 29839, 30633, 30012, 31711, 34169, 36814, 39241, 40444, 41392, 41965, 41383, 41118, 40894, 40263, 39162, 37608, 33157, 30777, 25617, 22865, 20118, 17833, 17574, 16915, 16193, 15413, 14234, 13657, 13042, 12427, 11560, 10668, 10484, 10424, 10488, 10305, 9950, 9948, 9392, 8920, 8536, 8034, 7971, 7585, 7231, 7445, 7330, 7120, 7017, 6604, 6336, 5897, 5902, 5696, 5663, 5410, 5391, 5332, 5242, 4987, 4935, 4633, 4364, 4360, 4284",53,GluT1,"0.0, 0.15, 0.3, 0.44999999999999996, 0.6, 0.75, 0.8999999999999999, 1.05, 1.2, 1.3499999999999999, 1.5, 1.65, 1.7999999999999998, 1.95, 2.1, 2.25, 2.4, 2.55, 2.6999999999999997, 2.85, 3.0, 3.15, 3.3, 3.4499999999999997, 3.5999999999999996, 3.75, 3.9, 4.05, 4.2, 4.35, 4.5, 4.6499999999999995, 4.8, 4.95, 5.1, 5.25, 5.3999999999999995, 5.55, 5.7, 5.85, 6.0, 6.1499999999999995, 6.3, 6.45, 6.6, 6.75, 6.8999999999999995, 7.05, 7.199999999999999, 7.35, 7.5, 7.6499999999999995, 7.8, 7.949999999999999, 8.1, 8.25, 8.4, 8.549999999999999, 8.7, 8.85, 9.0, 9.15, 9.299999999999999, 9.45, 9.6, 9.75, 9.9, 10.049999999999999, 10.2, 10.35, 10.5, 10.65, 10.799999999999999, 10.95, 11.1, 11.25, 11.4, 11.549999999999999, 11.7, 11.85, 12.0, 12.15, 12.299999999999999, 12.45, 12.6, 12.75, 12.9, 13.049999999999999, 13.2, 13.35, 13.5, 13.65, 13.799999999999999, 13.95, 14.1, 14.25, 14.399999999999999, 14.549999999999999, 14.7, 14.85, 15.0, 15.149999999999999",2007R_GLUT1_647_WGA_594_0002,2007,R,False,3.235273492286115,False
"64329, 65082, 66418, 67415, 69596, 72039, 72447, 78209, 84946, 91998, 98091, 103168, 112237, 124112, 129000, 132178, 134916, 138295, 148376, 154610, 169988, 183386, 199157, 215985, 224985, 243255, 247103, 249375, 266422, 267315, 294779, 324543, 352268, 373715, 383620, 383138, 379329, 376909, 371917, 374054, 359485, 340480, 313626, 282955, 242443, 215873, 173840, 162578, 144736, 136623, 129801, 119346, 111854, 103591, 99864, 96476, 93024, 91881, 90035, 90004, 89883, 88623, 88720, 88584, 87609, 87864, 86426, 86311, 84890, 84824, 84402, 85271, 84803, 84607, 84255, 83742, 84223, 84156, 83075, 83707, 83495, 83550, 83796, 82888, 83421, 82748, 82529, 82255, 82619, 83644, 82730, 82806, 82563, 82004, 82325, 82438, 81807, 81885, 81631, 82232, 80565, 81641",54,DAPI,"0.0, 0.15, 0.3, 0.44999999999999996, 0.6, 0.75, 0.8999999999999999, 1.05, 1.2, 1.3499999999999999, 1.5, 1.65, 1.7999999999999998, 1.95, 2.1, 2.25, 2.4, 2.55, 2.6999999999999997, 2.85, 3.0, 3.15, 3.3, 3.4499999999999997, 3.5999999999999996, 3.75, 3.9, 4.05, 4.2, 4.35, 4.5, 4.6499999999999995, 4.8, 4.95, 5.1, 5.25, 5.3999999999999995, 5.55, 5.7, 5.85, 6.0, 6.1499999999999995, 6.3, 6.45, 6.6, 6.75, 6.8999999999999995, 7.05, 7.199999999999999, 7.35, 7.5, 7.6499999999999995, 7.8, 7.949999999999999, 8.1, 8.25, 8.4, 8.549999999999999, 8.7, 8.85, 9.0, 9.15, 9.299999999999999, 9.45, 9.6, 9.75, 9.9, 10.049999999999999, 10.2, 10.35, 10.5, 10.65, 10.799999999999999, 10.95, 11.1, 11.25, 11.4, 11.549999999999999, 11.7, 11.85, 12.0, 12.15, 12.299999999999999, 12.45, 12.6, 12.75, 12.9, 13.049999999999999, 13.2, 13.35, 13.5, 13.65, 13.799999999999999, 13.95, 14.1, 14.25, 14.399999999999999, 14.549999999999999, 14.7, 14.85, 15.0, 15.149999999999999",2007R_GLUT1_647_WGA_594_0002,2007,R,False,3.356100526955817,False
"9433, 9704, 9748, 9962, 10348, 10628, 10967, 11605, 13049, 14979, 17945, 20875, 26283, 34025, 37507, 39470, 41359, 42859, 48109, 50194, 51919, 53028, 52077, 50556, 48301, 42167, 41307, 39719, 34551, 34327, 28650, 23629, 20732, 18400, 16559, 15823, 15816, 15724, 15309, 15255, 15043, 14993, 14702, 14886, 15003, 15377, 15918, 15914, 16031, 16318, 16039, 16495, 16556, 16737, 17002, 17057, 17233, 16869, 17253, 17181, 17153, 17326, 17360, 17429, 17350, 17155, 17432, 16801, 16660, 16759, 16733, 16678, 16570, 16647, 16451, 16612, 16616, 16549, 16821, 16620, 17027, 17021, 17459, 16942, 17158, 17092, 17162, 17297, 16882, 17359, 17324, 17532, 17676, 17327, 17588, 17704, 18276, 18074, 18841, 19316, 19854, 20002",54,eGFP,"0.0, 0.15, 0.3, 0.44999999999999996, 0.6, 0.75, 0.8999999999999999, 1.05, 1.2, 1.3499999999999999, 1.5, 1.65, 1.7999999999999998, 1.95, 2.1, 2.25, 2.4, 2.55, 2.6999999999999997, 2.85, 3.0, 3.15, 3.3, 3.4499999999999997, 3.5999999999999996, 3.75, 3.9, 4.05, 4.2, 4.35, 4.5, 4.6499999999999995, 4.8, 4.95, 5.1, 5.25, 5.3999999999999995, 5.55, 5.7, 5.85, 6.0, 6.1499999999999995, 6.3, 6.45, 6.6, 6.75, 6.8999999999999995, 7.05, 7.199999999999999, 7.35, 7.5, 7.6499999999999995, 7.8, 7.949999999999999, 8.1, 8.25, 8.4, 8.549999999999999, 8.7, 8.85, 9.0, 9.15, 9.299999999999999, 9.45, 9.6, 9.75, 9.9, 10.049999999999999, 10.2, 10.35, 10.5, 10.65, 10.799999999999999, 10.95, 11.1, 11.25, 11.4, 11.549999999999999, 11.7, 11.85, 12.0, 12.15, 12.299999999999999, 12.45, 12.6, 12.75, 12.9, 13.049999999999999, 13.2, 13.35, 13.5, 13.65, 13.799999999999999, 13.95, 14.1, 14.25, 14.399999999999999, 14.549999999999999, 14.7, 14.85, 15.0, 15.149999999999999",2007R_GLUT1_647_WGA_594_0002,2007,R,False,3.356100526955817,False
"23475, 25109, 26990, 29221, 33566, 38918, 41076, 54116, 80029, 118281, 160302, 180987, 177347, 149808, 142839, 137209, 133260, 129160, 120031, 116172, 107952, 99704, 93715, 87609, 84271, 80640, 79728, 78691, 75550, 75217, 70601, 65643, 61290, 57794, 53951, 52257, 51727, 51437, 51121, 51314, 51809, 52044, 54077, 56487, 61607, 66666, 75139, 78224, 82699, 85386, 87574, 90179, 91500, 89407, 87033, 81090, 77594, 73192, 68935, 68744, 67595, 65654, 63914, 60803, 59153, 56128, 53186, 50911, 47608, 46569, 47345, 47271, 46368, 44980, 44776, 43004, 41020, 40000, 38137, 37486, 36432, 36018, 35996, 35345, 34943, 34520, 33336, 32942, 31988, 31173, 30292, 30053, 29837, 29173, 29037, 28652, 28109, 27744, 27370, 26816, 26679, 26177",54,WGA,"0.0, 0.15, 0.3, 0.44999999999999996, 0.6, 0.75, 0.8999999999999999, 1.05, 1.2, 1.3499999999999999, 1.5, 1.65, 1.7999999999999998, 1.95, 2.1, 2.25, 2.4, 2.55, 2.6999999999999997, 2.85, 3.0, 3.15, 3.3, 3.4499999999999997, 3.5999999999999996, 3.75, 3.9, 4.05, 4.2, 4.35, 4.5, 4.6499999999999995, 4.8, 4.95, 5.1, 5.25, 5.3999999999999995, 5.55, 5.7, 5.85, 6.0, 6.1499999999999995, 6.3, 6.45, 6.6, 6.75, 6.8999999999999995, 7.05, 7.199999999999999, 7.35, 7.5, 7.6499999999999995, 7.8, 7.949999999999999, 8.1, 8.25, 8.4, 8.549999999999999, 8.7, 8.85, 9.0, 9.15, 9.299999999999999, 9.45, 9.6, 9.75, 9.9, 10.049999999999999, 10.2, 10.35, 10.5, 10.65, 10.799999999999999, 10.95, 11.1, 11.25, 11.4, 11.549999999999999, 11.7, 11.85, 12.0, 12.15, 12.299999999999999, 12.45, 12.6, 12.75, 12.9, 13.049999999999999, 13.2, 13.35, 13.5, 13.65, 13.799999999999999, 13.95, 14.1, 14.25, 14.399999999999999, 14.549999999999999, 14.7, 14.85, 15.0, 15.149999999999999",2007R_GLUT1_647_WGA_594_0002,2007,R,False,3.356100526955817,False
"2147, 2435, 2828, 3412, 4354, 5411, 5642, 7993, 12262, 18379, 24334, 27647, 27928, 25592, 24853, 23928, 23448, 22950, 21467, 20740, 19248, 17885, 17040, 16268, 15557, 15201, 15267, 15189, 14793, 14313, 14141, 13658, 13140, 12510, 11933, 11490, 11363, 11403, 11352, 11364, 10990, 10983, 11182, 11168, 11359, 11952, 12572, 12670, 13332, 13398, 13684, 13857, 13687, 13170, 12727, 11987, 11483, 10639, 10042, 9997, 9579, 9444, 9279, 8552, 8573, 8087, 7636, 7275, 6805, 6733, 6735, 6797, 6649, 6552, 6343, 6180, 5782, 5664, 5299, 5295, 5087, 4924, 4812, 4825, 4837, 4797, 4547, 4521, 4293, 4245, 4097, 4049, 3858, 3807, 3853, 3722, 3639, 3487, 3413, 3346, 3314, 3210",54,GluT1,"0.0, 0.15, 0.3, 0.44999999999999996, 0.6, 0.75, 0.8999999999999999, 1.05, 1.2, 1.3499999999999999, 1.5, 1.65, 1.7999999999999998, 1.95, 2.1, 2.25, 2.4, 2.55, 2.6999999999999997, 2.85, 3.0, 3.15, 3.3, 3.4499999999999997, 3.5999999999999996, 3.75, 3.9, 4.05, 4.2, 4.35, 4.5, 4.6499999999999995, 4.8, 4.95, 5.1, 5.25, 5.3999999999999995, 5.55, 5.7, 5.85, 6.0, 6.1499999999999995, 6.3, 6.45, 6.6, 6.75, 6.8999999999999995, 7.05, 7.199999999999999, 7.35, 7.5, 7.6499999999999995, 7.8, 7.949999999999999, 8.1, 8.25, 8.4, 8.549999999999999, 8.7, 8.85, 9.0, 9.15, 9.299999999999999, 9.45, 9.6, 9.75, 9.9, 10.049999999999999, 10.2, 10.35, 10.5, 10.65, 10.799999999999999, 10.95, 11.1, 11.25, 11.4, 11.549999999999999, 11.7, 11.85, 12.0, 12.15, 12.299999999999999, 12.45, 12.6, 12.75, 12.9, 13.049999999999999, 13.2, 13.35, 13.5, 13.65, 13.799999999999999, 13.95, 14.1, 14.25, 14.399999999999999, 14.549999999999999, 14.7, 14.85, 15.0, 15.149999999999999",2007R_GLUT1_647_WGA_594_0002,2007,R,False,3.356100526955817,False
"109613, 112088, 113670, 114698, 117957, 120765, 120876, 128410, 137522, 144857, 149425, 152012, 155934, 157544, 156820, 158035, 157482, 157269, 159292, 160029, 161153, 164145, 165891, 171557, 175014, 181436, 180510, 183428, 190862, 192094, 208701, 234001, 268899, 310112, 359874, 390098, 396793, 404113, 416826, 415234, 433142, 440490, 443444, 442301, 434953, 420194, 393553, 379884, 359382, 345944, 330419, 306035, 279891, 243113, 229349, 200732, 187760, 176739, 167830, 168754, 166210, 163639, 163502, 160251, 159779, 156981, 155627, 155545, 152841, 153312, 152745, 152320, 152205, 152619, 152269, 152150, 150868, 150824, 150003, 149378, 149864, 147418, 147989, 149117, 149350, 147643, 147539, 147882, 146265, 146849, 146240, 146248, 145965, 146150, 145900, 145812, 144356, 144921, 145243, 143674, 144445, 144927",55,DAPI,"0.0, 0.15, 0.3, 0.44999999999999996, 0.6, 0.75, 0.8999999999999999, 1.05, 1.2, 1.3499999999999999, 1.5, 1.65, 1.7999999999999998, 1.95, 2.1, 2.25, 2.4, 2.55, 2.6999999999999997, 2.85, 3.0, 3.15, 3.3, 3.4499999999999997, 3.5999999999999996, 3.75, 3.9, 4.05, 4.2, 4.35, 4.5, 4.6499999999999995, 4.8, 4.95, 5.1, 5.25, 5.3999999999999995, 5.55, 5.7, 5.85, 6.0, 6.1499999999999995, 6.3, 6.45, 6.6, 6.75, 6.8999999999999995, 7.05, 7.199999999999999, 7.35, 7.5, 7.6499999999999995, 7.8, 7.949999999999999, 8.1, 8.25, 8.4, 8.549999999999999, 8.7, 8.85, 9.0, 9.15, 9.299999999999999, 9.45, 9.6, 9.75, 9.9, 10.049999999999999, 10.2, 10.35, 10.5, 10.65, 10.799999999999999, 10.95, 11.1, 11.25, 11.4, 11.549999999999999, 11.7, 11.85, 12.0, 12.15, 12.299999999999999, 12.45, 12.6, 12.75, 12.9, 13.049999999999999, 13.2, 13.35, 13.5, 13.65, 13.799999999999999, 13.95, 14.1, 14.25, 14.399999999999999, 14.549999999999999, 14.7, 14.85, 15.0, 15.149999999999999",2007R_GLUT1_647_WGA_594_0002,2007,R,False,3.5989737742303305,False
"17500, 17964, 18383, 18783, 19153, 19432, 20259, 21175, 23694, 26609, 31027, 35248, 41809, 49926, 52726, 55881, 57828, 60717, 68913, 74717, 85405, 95006, 102090, 108869, 112691, 112333, 111945, 110986, 105061, 105256, 94901, 87536, 78389, 69121, 56767, 49968, 47255, 45431, 42364, 42908, 37527, 34611, 31563, 30016, 29132, 28458, 29271, 29295, 29974, 29877, 30196, 31048, 31175, 31337, 32217, 32808, 34027, 34488, 34979, 34709, 34153, 33525, 33234, 32140, 31922, 31500, 31144, 31054, 30600, 30402, 30490, 30684, 30802, 30100, 29963, 30231, 30043, 30044, 30367, 30724, 31003, 30952, 30623, 30712, 30602, 30324, 30456, 30307, 30261, 30224, 30677, 30799, 30434, 30233, 31155, 30742, 30947, 31591, 31855, 32544, 33358, 33991",55,eGFP,"0.0, 0.15, 0.3, 0.44999999999999996, 0.6, 0.75, 0.8999999999999999, 1.05, 1.2, 1.3499999999999999, 1.5, 1.65, 1.7999999999999998, 1.95, 2.1, 2.25, 2.4, 2.55, 2.6999999999999997, 2.85, 3.0, 3.15, 3.3, 3.4499999999999997, 3.5999999999999996, 3.75, 3.9, 4.05, 4.2, 4.35, 4.5, 4.6499999999999995, 4.8, 4.95, 5.1, 5.25, 5.3999999999999995, 5.55, 5.7, 5.85, 6.0, 6.1499999999999995, 6.3, 6.45, 6.6, 6.75, 6.8999999999999995, 7.05, 7.199999999999999, 7.35, 7.5, 7.6499999999999995, 7.8, 7.949999999999999, 8.1, 8.25, 8.4, 8.549999999999999, 8.7, 8.85, 9.0, 9.15, 9.299999999999999, 9.45, 9.6, 9.75, 9.9, 10.049999999999999, 10.2, 10.35, 10.5, 10.65, 10.799999999999999, 10.95, 11.1, 11.25, 11.4, 11.549999999999999, 11.7, 11.85, 12.0, 12.15, 12.299999999999999, 12.45, 12.6, 12.75, 12.9, 13.049999999999999, 13.2, 13.35, 13.5, 13.65, 13.799999999999999, 13.95, 14.1, 14.25, 14.399999999999999, 14.549999999999999, 14.7, 14.85, 15.0, 15.149999999999999",2007R_GLUT1_647_WGA_594_0002,2007,R,False,3.5989737742303305,False
"42597, 45515, 48366, 52074, 58593, 67877, 71065, 93943, 144628, 236535, 338274, 373439, 335855, 257495, 240965, 231219, 223630, 218078, 206027, 201355, 196555, 192775, 190188, 185118, 182623, 177052, 177532, 175262, 171465, 171322, 165044, 160265, 155328, 148278, 135608, 124518, 120741, 117633, 110986, 111879, 101637, 95197, 89059, 85248, 84922, 87004, 96397, 100605, 107506, 110816, 115292, 122015, 128356, 139857, 142519, 146982, 146089, 143723, 138171, 137814, 136416, 132986, 129695, 123948, 121188, 116459, 110549, 106046, 100175, 98404, 99060, 98329, 97209, 94869, 93864, 90405, 86010, 83619, 79136, 77400, 74449, 73753, 73347, 72082, 71351, 69459, 67048, 65868, 63433, 61296, 59564, 58630, 57792, 56747, 56322, 55425, 53875, 53007, 52345, 51176, 50475, 49462",55,WGA,"0.0, 0.15, 0.3, 0.44999999999999996, 0.6, 0.75, 0.8999999999999999, 1.05, 1.2, 1.3499999999999999, 1.5, 1.65, 1.7999999999999998, 1.95, 2.1, 2.25, 2.4, 2.55, 2.6999999999999997, 2.85, 3.0, 3.15, 3.3, 3.4499999999999997, 3.5999999999999996, 3.75, 3.9, 4.05, 4.2, 4.35, 4.5, 4.6499999999999995, 4.8, 4.95, 5.1, 5.25, 5.3999999999999995, 5.55, 5.7, 5.85, 6.0, 6.1499999999999995, 6.3, 6.45, 6.6, 6.75, 6.8999999999999995, 7.05, 7.199999999999999, 7.35, 7.5, 7.6499999999999995, 7.8, 7.949999999999999, 8.1, 8.25, 8.4, 8.549999999999999, 8.7, 8.85, 9.0, 9.15, 9.299999999999999, 9.45, 9.6, 9.75, 9.9, 10.049999999999999, 10.2, 10.35, 10.5, 10.65, 10.799999999999999, 10.95, 11.1, 11.25, 11.4, 11.549999999999999, 11.7, 11.85, 12.0, 12.15, 12.299999999999999, 12.45, 12.6, 12.75, 12.9, 13.049999999999999, 13.2, 13.35, 13.5, 13.65, 13.799999999999999, 13.95, 14.1, 14.25, 14.399999999999999, 14.549999999999999, 14.7, 14.85, 15.0, 15.149999999999999",2007R_GLUT1_647_WGA_594_0002,2007,R,False,3.5989737742303305,False
"4309, 5190, 5902, 6873, 8388, 10449, 10849, 15527, 25456, 41557, 57985, 64700, 63594, 56809, 55367, 54126, 53279, 52967, 52042, 51574, 50783, 49414, 48136, 46934, 45504, 44037, 43784, 43393, 42677, 42163, 41172, 40773, 40413, 38926, 35774, 32520, 31756, 30929, 29140, 29173, 26325, 24371, 22771, 21404, 20625, 20292, 20875, 21148, 21829, 22114, 22376, 23102, 23629, 24658, 25162, 26182, 25834, 25413, 24148, 23896, 23513, 22825, 22034, 20705, 19909, 19177, 18194, 17417, 16311, 16110, 15946, 16058, 15726, 15668, 15084, 14442, 13669, 13081, 12488, 12263, 11530, 11303, 11315, 11165, 11070, 10844, 10310, 9928, 9495, 9025, 8778, 8625, 8397, 8229, 8070, 7895, 7595, 7259, 7121, 6934, 6725, 6613",55,GluT1,"0.0, 0.15, 0.3, 0.44999999999999996, 0.6, 0.75, 0.8999999999999999, 1.05, 1.2, 1.3499999999999999, 1.5, 1.65, 1.7999999999999998, 1.95, 2.1, 2.25, 2.4, 2.55, 2.6999999999999997, 2.85, 3.0, 3.15, 3.3, 3.4499999999999997, 3.5999999999999996, 3.75, 3.9, 4.05, 4.2, 4.35, 4.5, 4.6499999999999995, 4.8, 4.95, 5.1, 5.25, 5.3999999999999995, 5.55, 5.7, 5.85, 6.0, 6.1499999999999995, 6.3, 6.45, 6.6, 6.75, 6.8999999999999995, 7.05, 7.199999999999999, 7.35, 7.5, 7.6499999999999995, 7.8, 7.949999999999999, 8.1, 8.25, 8.4, 8.549999999999999, 8.7, 8.85, 9.0, 9.15, 9.299999999999999, 9.45, 9.6, 9.75, 9.9, 10.049999999999999, 10.2, 10.35, 10.5, 10.65, 10.799999999999999, 10.95, 11.1, 11.25, 11.4, 11.549999999999999, 11.7, 11.85, 12.0, 12.15, 12.299999999999999, 12.45, 12.6, 12.75, 12.9, 13.049999999999999, 13.2, 13.35, 13.5, 13.65, 13.799999999999999, 13.95, 14.1, 14.25, 14.399999999999999, 14.549999999999999, 14.7, 14.85, 15.0, 15.149999999999999",2007R_GLUT1_647_WGA_594_0002,2007,R,False,3.5989737742303305,False
"57173, 57427, 58478, 60274, 60730, 62249, 63416, 66396, 72101, 76071, 81018, 82564, 84585, 86464, 87021, 87505, 88024, 88548, 90479, 90565, 95131, 101364, 106528, 115014, 124594, 135978, 138169, 140431, 152556, 152166, 167296, 187264, 209234, 238339, 274894, 294170, 301958, 305402, 315223, 312714, 326806, 338846, 346750, 353109, 346846, 331756, 301084, 288696, 272353, 264035, 254416, 238055, 218913, 183716, 171842, 143889, 127957, 110359, 99394, 98429, 97156, 93208, 91614, 88625, 86532, 84817, 83120, 81597, 80813, 80580, 79891, 80426, 80229, 79272, 79416, 79413, 78081, 77106, 76626, 77963, 76620, 75977, 76548, 76081, 76311, 75118, 75083, 75211, 74487, 75218, 75285, 74709, 75724, 74546, 75309, 74545, 73531, 74016, 73340, 73779, 73021, 73294",56,DAPI,"0.0, 0.15, 0.3, 0.44999999999999996, 0.6, 0.75, 0.8999999999999999, 1.05, 1.2, 1.3499999999999999, 1.5, 1.65, 1.7999999999999998, 1.95, 2.1, 2.25, 2.4, 2.55, 2.6999999999999997, 2.85, 3.0, 3.15, 3.3, 3.4499999999999997, 3.5999999999999996, 3.75, 3.9, 4.05, 4.2, 4.35, 4.5, 4.6499999999999995, 4.8, 4.95, 5.1, 5.25, 5.3999999999999995, 5.55, 5.7, 5.85, 6.0, 6.1499999999999995, 6.3, 6.45, 6.6, 6.75, 6.8999999999999995, 7.05, 7.199999999999999, 7.35, 7.5, 7.6499999999999995, 7.8, 7.949999999999999, 8.1, 8.25, 8.4, 8.549999999999999, 8.7, 8.85, 9.0, 9.15, 9.299999999999999, 9.45, 9.6, 9.75, 9.9, 10.049999999999999, 10.2, 10.35, 10.5, 10.65, 10.799999999999999, 10.95, 11.1, 11.25, 11.4, 11.549999999999999, 11.7, 11.85, 12.0, 12.15, 12.299999999999999, 12.45, 12.6, 12.75, 12.9, 13.049999999999999, 13.2, 13.35, 13.5, 13.65, 13.799999999999999, 13.95, 14.1, 14.25, 14.399999999999999, 14.549999999999999, 14.7, 14.85, 15.0, 15.149999999999999",2007R_GLUT1_647_WGA_594_0002,2007,R,False,3.8891910265125764,False
"8549, 8739, 8874, 9017, 9334, 9492, 9729, 10056, 11382, 12810, 14827, 16320, 19384, 23774, 25139, 27154, 27851, 29752, 33084, 35567, 37439, 39193, 39624, 40888, 41843, 42264, 43077, 43721, 44426, 43642, 44435, 44504, 42230, 40467, 35957, 31433, 29223, 28201, 26086, 26237, 22720, 21116, 19210, 17163, 15337, 14485, 14244, 14423, 14512, 14748, 14686, 15085, 15360, 15449, 15812, 15386, 15250, 14987, 15420, 15490, 15028, 15422, 15304, 15218, 15179, 15296, 15227, 14719, 14842, 14873, 14550, 14452, 14679, 14543, 14832, 14959, 14766, 14881, 14690, 15166, 15336, 15002, 15176, 14899, 14957, 15186, 15216, 15234, 15337, 15355, 15614, 15676, 15627, 15897, 16025, 15911, 16364, 16054, 16136, 16821, 17576, 18700",56,eGFP,"0.0, 0.15, 0.3, 0.44999999999999996, 0.6, 0.75, 0.8999999999999999, 1.05, 1.2, 1.3499999999999999, 1.5, 1.65, 1.7999999999999998, 1.95, 2.1, 2.25, 2.4, 2.55, 2.6999999999999997, 2.85, 3.0, 3.15, 3.3, 3.4499999999999997, 3.5999999999999996, 3.75, 3.9, 4.05, 4.2, 4.35, 4.5, 4.6499999999999995, 4.8, 4.95, 5.1, 5.25, 5.3999999999999995, 5.55, 5.7, 5.85, 6.0, 6.1499999999999995, 6.3, 6.45, 6.6, 6.75, 6.8999999999999995, 7.05, 7.199999999999999, 7.35, 7.5, 7.6499999999999995, 7.8, 7.949999999999999, 8.1, 8.25, 8.4, 8.549999999999999, 8.7, 8.85, 9.0, 9.15, 9.299999999999999, 9.45, 9.6, 9.75, 9.9, 10.049999999999999, 10.2, 10.35, 10.5, 10.65, 10.799999999999999, 10.95, 11.1, 11.25, 11.4, 11.549999999999999, 11.7, 11.85, 12.0, 12.15, 12.299999999999999, 12.45, 12.6, 12.75, 12.9, 13.049999999999999, 13.2, 13.35, 13.5, 13.65, 13.799999999999999, 13.95, 14.1, 14.25, 14.399999999999999, 14.549999999999999, 14.7, 14.85, 15.0, 15.149999999999999",2007R_GLUT1_647_WGA_594_0002,2007,R,False,3.8891910265125764,False
"21758, 23515, 24988, 27199, 30976, 35789, 37869, 50895, 81114, 138307, 201431, 223868, 194039, 135591, 124862, 118476, 112877, 110254, 102019, 99354, 95115, 92331, 91710, 90764, 90379, 89275, 88632, 87984, 84891, 84908, 80999, 76739, 72487, 68345, 61227, 55429, 54031, 52486, 49424, 49467, 44880, 42216, 40346, 38762, 38794, 39805, 43590, 44997, 48395, 50596, 52563, 57389, 61925, 70278, 72455, 76349, 77655, 78168, 77089, 76715, 75892, 74332, 72701, 68510, 66930, 63912, 59799, 56523, 53209, 51578, 51884, 51713, 50991, 49856, 49190, 47361, 45276, 43563, 41533, 40268, 39077, 38865, 38713, 38229, 37779, 36929, 35357, 34880, 33279, 32010, 30788, 30067, 29514, 29007, 28953, 28262, 27547, 27003, 26459, 25947, 25369, 24881",56,WGA,"0.0, 0.15, 0.3, 0.44999999999999996, 0.6, 0.75, 0.8999999999999999, 1.05, 1.2, 1.3499999999999999, 1.5, 1.65, 1.7999999999999998, 1.95, 2.1, 2.25, 2.4, 2.55, 2.6999999999999997, 2.85, 3.0, 3.15, 3.3, 3.4499999999999997, 3.5999999999999996, 3.75, 3.9, 4.05, 4.2, 4.35, 4.5, 4.6499999999999995, 4.8, 4.95, 5.1, 5.25, 5.3999999999999995, 5.55, 5.7, 5.85, 6.0, 6.1499999999999995, 6.3, 6.45, 6.6, 6.75, 6.8999999999999995, 7.05, 7.199999999999999, 7.35, 7.5, 7.6499999999999995, 7.8, 7.949999999999999, 8.1, 8.25, 8.4, 8.549999999999999, 8.7, 8.85, 9.0, 9.15, 9.299999999999999, 9.45, 9.6, 9.75, 9.9, 10.049999999999999, 10.2, 10.35, 10.5, 10.65, 10.799999999999999, 10.95, 11.1, 11.25, 11.4, 11.549999999999999, 11.7, 11.85, 12.0, 12.15, 12.299999999999999, 12.45, 12.6, 12.75, 12.9, 13.049999999999999, 13.2, 13.35, 13.5, 13.65, 13.799999999999999, 13.95, 14.1, 14.25, 14.399999999999999, 14.549999999999999, 14.7, 14.85, 15.0, 15.149999999999999",2007R_GLUT1_647_WGA_594_0002,2007,R,False,3.8891910265125764,False
"2156, 2595, 2965, 3404, 4249, 5451, 5758, 8591, 14775, 25058, 34459, 37636, 33613, 25718, 24134, 22737, 21985, 21486, 19918, 19026, 17976, 17016, 16509, 15789, 15394, 15134, 15142, 14932, 14708, 14276, 13650, 13041, 12368, 11512, 10629, 9955, 9516, 9329, 9083, 9148, 8367, 7986, 7712, 7370, 7344, 7530, 7755, 7728, 8046, 8342, 8529, 9176, 9859, 10778, 10881, 11341, 11441, 11217, 10997, 10881, 10700, 10628, 10202, 9644, 9293, 8729, 8347, 7878, 7298, 7192, 7287, 7212, 7014, 6948, 6724, 6696, 6428, 6058, 5735, 5714, 5548, 5313, 5412, 5297, 5276, 5244, 4929, 4743, 4618, 4351, 4188, 4045, 3952, 3999, 3873, 3761, 3621, 3493, 3406, 3250, 3085, 3053",56,GluT1,"0.0, 0.15, 0.3, 0.44999999999999996, 0.6, 0.75, 0.8999999999999999, 1.05, 1.2, 1.3499999999999999, 1.5, 1.65, 1.7999999999999998, 1.95, 2.1, 2.25, 2.4, 2.55, 2.6999999999999997, 2.85, 3.0, 3.15, 3.3, 3.4499999999999997, 3.5999999999999996, 3.75, 3.9, 4.05, 4.2, 4.35, 4.5, 4.6499999999999995, 4.8, 4.95, 5.1, 5.25, 5.3999999999999995, 5.55, 5.7, 5.85, 6.0, 6.1499999999999995, 6.3, 6.45, 6.6, 6.75, 6.8999999999999995, 7.05, 7.199999999999999, 7.35, 7.5, 7.6499999999999995, 7.8, 7.949999999999999, 8.1, 8.25, 8.4, 8.549999999999999, 8.7, 8.85, 9.0, 9.15, 9.299999999999999, 9.45, 9.6, 9.75, 9.9, 10.049999999999999, 10.2, 10.35, 10.5, 10.65, 10.799999999999999, 10.95, 11.1, 11.25, 11.4, 11.549999999999999, 11.7, 11.85, 12.0, 12.15, 12.299999999999999, 12.45, 12.6, 12.75, 12.9, 13.049999999999999, 13.2, 13.35, 13.5, 13.65, 13.799999999999999, 13.95, 14.1, 14.25, 14.399999999999999, 14.549999999999999, 14.7, 14.85, 15.0, 15.149999999999999",2007R_GLUT1_647_WGA_594_0002,2007,R,False,3.8891910265125764,False
"62813, 63919, 65417, 65667, 68318, 69892, 71411, 73631, 78366, 85176, 90133, 93813, 101060, 108270, 111012, 113538, 115888, 119306, 128164, 136487, 153928, 175633, 194366, 214373, 225880, 241689, 243968, 247515, 260616, 260468, 280026, 302586, 320036, 337007, 344293, 341983, 340748, 337809, 333577, 332404, 315094, 296905, 272889, 244355, 215592, 194842, 161885, 152509, 138182, 132580, 123940, 114023, 106836, 97454, 95853, 90461, 87874, 85999, 84311, 84072, 84734, 83666, 82919, 82547, 80959, 81624, 80491, 80468, 79978, 80151, 79956, 79869, 79365, 79831, 79589, 78939, 79263, 79035, 78359, 79098, 77986, 78190, 78684, 78018, 78523, 78015, 78382, 77541, 76357, 77083, 77567, 77909, 76789, 76306, 76421, 77008, 76705, 76532, 76613, 77463, 76847, 76353",57,DAPI,"0.0, 0.15, 0.3, 0.44999999999999996, 0.6, 0.75, 0.8999999999999999, 1.05, 1.2, 1.3499999999999999, 1.5, 1.65, 1.7999999999999998, 1.95, 2.1, 2.25, 2.4, 2.55, 2.6999999999999997, 2.85, 3.0, 3.15, 3.3, 3.4499999999999997, 3.5999999999999996, 3.75, 3.9, 4.05, 4.2, 4.35, 4.5, 4.6499999999999995, 4.8, 4.95, 5.1, 5.25, 5.3999999999999995, 5.55, 5.7, 5.85, 6.0, 6.1499999999999995, 6.3, 6.45, 6.6, 6.75, 6.8999999999999995, 7.05, 7.199999999999999, 7.35, 7.5, 7.6499999999999995, 7.8, 7.949999999999999, 8.1, 8.25, 8.4, 8.549999999999999, 8.7, 8.85, 9.0, 9.15, 9.299999999999999, 9.45, 9.6, 9.75, 9.9, 10.049999999999999, 10.2, 10.35, 10.5, 10.65, 10.799999999999999, 10.95, 11.1, 11.25, 11.4, 11.549999999999999, 11.7, 11.85, 12.0, 12.15, 12.299999999999999, 12.45, 12.6, 12.75, 12.9, 13.049999999999999, 13.2, 13.35, 13.5, 13.65, 13.799999999999999, 13.95, 14.1, 14.25, 14.399999999999999, 14.549999999999999, 14.7, 14.85, 15.0, 15.149999999999999",2007R_GLUT1_647_WGA_594_0002,2007,R,False,3.0715028060694243,False
"8993, 9302, 9203, 9394, 9573, 9702, 9833, 10122, 10994, 12094, 14027, 15253, 17521, 20795, 22025, 22714, 23029, 24485, 26559, 27087, 26473, 24136, 22028, 20639, 19384, 18066, 18106, 17958, 17437, 17320, 16586, 16089, 15771, 15492, 14777, 14916, 14747, 14518, 14370, 14447, 14499, 14300, 14231, 14370, 14334, 14835, 15163, 15639, 15704, 15766, 15917, 16035, 16388, 16345, 16721, 16732, 16914, 16614, 16818, 16967, 16367, 16976, 16509, 16358, 16246, 16204, 16209, 16116, 16176, 16051, 15873, 16342, 15780, 15998, 16090, 15979, 16382, 16129, 16513, 16778, 16810, 16837, 16783, 16747, 17099, 16659, 17052, 16688, 17175, 17155, 17283, 17884, 17851, 17785, 18215, 18060, 18318, 18752, 19514, 20300, 21775, 23969",57,eGFP,"0.0, 0.15, 0.3, 0.44999999999999996, 0.6, 0.75, 0.8999999999999999, 1.05, 1.2, 1.3499999999999999, 1.5, 1.65, 1.7999999999999998, 1.95, 2.1, 2.25, 2.4, 2.55, 2.6999999999999997, 2.85, 3.0, 3.15, 3.3, 3.4499999999999997, 3.5999999999999996, 3.75, 3.9, 4.05, 4.2, 4.35, 4.5, 4.6499999999999995, 4.8, 4.95, 5.1, 5.25, 5.3999999999999995, 5.55, 5.7, 5.85, 6.0, 6.1499999999999995, 6.3, 6.45, 6.6, 6.75, 6.8999999999999995, 7.05, 7.199999999999999, 7.35, 7.5, 7.6499999999999995, 7.8, 7.949999999999999, 8.1, 8.25, 8.4, 8.549999999999999, 8.7, 8.85, 9.0, 9.15, 9.299999999999999, 9.45, 9.6, 9.75, 9.9, 10.049999999999999, 10.2, 10.35, 10.5, 10.65, 10.799999999999999, 10.95, 11.1, 11.25, 11.4, 11.549999999999999, 11.7, 11.85, 12.0, 12.15, 12.299999999999999, 12.45, 12.6, 12.75, 12.9, 13.049999999999999, 13.2, 13.35, 13.5, 13.65, 13.799999999999999, 13.95, 14.1, 14.25, 14.399999999999999, 14.549999999999999, 14.7, 14.85, 15.0, 15.149999999999999",2007R_GLUT1_647_WGA_594_0002,2007,R,False,3.0715028060694243,False
"23061, 24617, 26353, 28343, 31879, 36767, 38113, 50552, 77381, 125887, 184189, 211515, 196663, 148805, 138631, 132037, 128193, 123844, 118304, 117595, 116500, 113228, 106741, 95808, 87688, 77888, 76122, 73981, 66966, 66294, 59254, 53584, 49874, 47462, 45590, 45731, 45453, 45747, 46017, 46152, 47445, 48599, 50724, 53223, 57718, 60735, 67678, 70723, 74064, 76198, 78371, 81371, 83109, 83873, 82757, 78028, 73774, 67463, 61653, 61289, 60268, 58773, 57185, 54866, 53564, 51953, 49547, 47568, 44638, 44049, 44304, 44224, 43477, 42549, 41845, 40300, 38671, 37592, 36424, 35678, 34167, 33912, 33860, 33696, 32929, 32534, 31555, 30835, 29944, 29321, 28761, 28484, 28003, 27597, 27839, 27236, 26822, 26356, 26015, 25768, 25639, 25229",57,WGA,"0.0, 0.15, 0.3, 0.44999999999999996, 0.6, 0.75, 0.8999999999999999, 1.05, 1.2, 1.3499999999999999, 1.5, 1.65, 1.7999999999999998, 1.95, 2.1, 2.25, 2.4, 2.55, 2.6999999999999997, 2.85, 3.0, 3.15, 3.3, 3.4499999999999997, 3.5999999999999996, 3.75, 3.9, 4.05, 4.2, 4.35, 4.5, 4.6499999999999995, 4.8, 4.95, 5.1, 5.25, 5.3999999999999995, 5.55, 5.7, 5.85, 6.0, 6.1499999999999995, 6.3, 6.45, 6.6, 6.75, 6.8999999999999995, 7.05, 7.199999999999999, 7.35, 7.5, 7.6499999999999995, 7.8, 7.949999999999999, 8.1, 8.25, 8.4, 8.549999999999999, 8.7, 8.85, 9.0, 9.15, 9.299999999999999, 9.45, 9.6, 9.75, 9.9, 10.049999999999999, 10.2, 10.35, 10.5, 10.65, 10.799999999999999, 10.95, 11.1, 11.25, 11.4, 11.549999999999999, 11.7, 11.85, 12.0, 12.15, 12.299999999999999, 12.45, 12.6, 12.75, 12.9, 13.049999999999999, 13.2, 13.35, 13.5, 13.65, 13.799999999999999, 13.95, 14.1, 14.25, 14.399999999999999, 14.549999999999999, 14.7, 14.85, 15.0, 15.149999999999999",2007R_GLUT1_647_WGA_594_0002,2007,R,False,3.0715028060694243,False
"2328, 2801, 3306, 3719, 4724, 5859, 6089, 8725, 13801, 21687, 30143, 34391, 33938, 30982, 29750, 29016, 28587, 28111, 27270, 26764, 26031, 25013, 23403, 21669, 20278, 18788, 18013, 17695, 16512, 15978, 14269, 12702, 11328, 10501, 9463, 9298, 9210, 9243, 9112, 9144, 9205, 9465, 9699, 9865, 10094, 10732, 11397, 11411, 11719, 11733, 11808, 12072, 11940, 11785, 11725, 10944, 10508, 9669, 8919, 8845, 8787, 8461, 8237, 7739, 7786, 7519, 7259, 6682, 6292, 6090, 6315, 6225, 5943, 5984, 5905, 5625, 5510, 5296, 5162, 5056, 4875, 4790, 4717, 4651, 4683, 4689, 4400, 4255, 4025, 3991, 3791, 3659, 3590, 3519, 3449, 3388, 3263, 3365, 3116, 3087, 2975, 3007",57,GluT1,"0.0, 0.15, 0.3, 0.44999999999999996, 0.6, 0.75, 0.8999999999999999, 1.05, 1.2, 1.3499999999999999, 1.5, 1.65, 1.7999999999999998, 1.95, 2.1, 2.25, 2.4, 2.55, 2.6999999999999997, 2.85, 3.0, 3.15, 3.3, 3.4499999999999997, 3.5999999999999996, 3.75, 3.9, 4.05, 4.2, 4.35, 4.5, 4.6499999999999995, 4.8, 4.95, 5.1, 5.25, 5.3999999999999995, 5.55, 5.7, 5.85, 6.0, 6.1499999999999995, 6.3, 6.45, 6.6, 6.75, 6.8999999999999995, 7.05, 7.199999999999999, 7.35, 7.5, 7.6499999999999995, 7.8, 7.949999999999999, 8.1, 8.25, 8.4, 8.549999999999999, 8.7, 8.85, 9.0, 9.15, 9.299999999999999, 9.45, 9.6, 9.75, 9.9, 10.049999999999999, 10.2, 10.35, 10.5, 10.65, 10.799999999999999, 10.95, 11.1, 11.25, 11.4, 11.549999999999999, 11.7, 11.85, 12.0, 12.15, 12.299999999999999, 12.45, 12.6, 12.75, 12.9, 13.049999999999999, 13.2, 13.35, 13.5, 13.65, 13.799999999999999, 13.95, 14.1, 14.25, 14.399999999999999, 14.549999999999999, 14.7, 14.85, 15.0, 15.149999999999999",2007R_GLUT1_647_WGA_594_0002,2007,R,False,3.0715028060694243,False
"11864, 12018, 12518, 12412, 13128, 13694, 13743, 14755, 15354, 16285, 18038, 18532, 20693, 23155, 23827, 24774, 25569, 25953, 29419, 30351, 35804, 41679, 46534, 51435, 54694, 59149, 59041, 61392, 63469, 63122, 67306, 70454, 72450, 72935, 71371, 71152, 69666, 69293, 66236, 67149, 60579, 57652, 53793, 49954, 44794, 41975, 36077, 33762, 29403, 27616, 26171, 23107, 21211, 18736, 17930, 17052, 16678, 16174, 15689, 15463, 15640, 15356, 15456, 14944, 15286, 14743, 14907, 14791, 14823, 14608, 14599, 14491, 14657, 14475, 14083, 14596, 14253, 14296, 13936, 14520, 13877, 14030, 13852, 14243, 14248, 13974, 14281, 14063, 14065, 14184, 13822, 14183, 13767, 13953, 13955, 14021, 14029, 13761, 14169, 13914, 13758, 13750",58,DAPI,"0.0, 0.15, 0.3, 0.44999999999999996, 0.6, 0.75, 0.8999999999999999, 1.05, 1.2, 1.3499999999999999, 1.5, 1.65, 1.7999999999999998, 1.95, 2.1, 2.25, 2.4, 2.55, 2.6999999999999997, 2.85, 3.0, 3.15, 3.3, 3.4499999999999997, 3.5999999999999996, 3.75, 3.9, 4.05, 4.2, 4.35, 4.5, 4.6499999999999995, 4.8, 4.95, 5.1, 5.25, 5.3999999999999995, 5.55, 5.7, 5.85, 6.0, 6.1499999999999995, 6.3, 6.45, 6.6, 6.75, 6.8999999999999995, 7.05, 7.199999999999999, 7.35, 7.5, 7.6499999999999995, 7.8, 7.949999999999999, 8.1, 8.25, 8.4, 8.549999999999999, 8.7, 8.85, 9.0, 9.15, 9.299999999999999, 9.45, 9.6, 9.75, 9.9, 10.049999999999999, 10.2, 10.35, 10.5, 10.65, 10.799999999999999, 10.95, 11.1, 11.25, 11.4, 11.549999999999999, 11.7, 11.85, 12.0, 12.15, 12.299999999999999, 12.45, 12.6, 12.75, 12.9, 13.049999999999999, 13.2, 13.35, 13.5, 13.65, 13.799999999999999, 13.95, 14.1, 14.25, 14.399999999999999, 14.549999999999999, 14.7, 14.85, 15.0, 15.149999999999999",2007R_GLUT1_647_WGA_594_0002,2007,R,False,4.404977375565611,False
"1749, 1829, 1856, 1816, 1860, 1868, 1923, 1914, 2139, 2371, 2520, 2775, 3189, 3535, 3594, 3734, 3811, 3899, 4179, 4181, 3900, 3903, 3546, 3460, 3440, 3627, 3591, 3529, 3709, 3713, 4104, 4338, 4170, 3894, 3845, 3401, 3396, 3402, 3282, 3278, 3249, 3237, 3330, 3339, 3212, 3262, 3457, 3343, 3392, 3383, 3401, 3267, 3375, 3313, 3352, 3331, 3352, 3156, 3279, 3192, 3275, 3193, 3221, 3157, 3099, 3089, 3092, 3141, 3130, 3097, 3083, 3037, 3108, 2999, 3057, 3109, 3139, 3111, 3034, 3143, 3121, 3069, 3010, 3041, 3060, 3033, 3152, 3010, 3252, 3160, 3521, 3488, 3551, 3785, 3720, 3914, 4270, 4195, 4282, 4246, 4147, 4103",58,eGFP,"0.0, 0.15, 0.3, 0.44999999999999996, 0.6, 0.75, 0.8999999999999999, 1.05, 1.2, 1.3499999999999999, 1.5, 1.65, 1.7999999999999998, 1.95, 2.1, 2.25, 2.4, 2.55, 2.6999999999999997, 2.85, 3.0, 3.15, 3.3, 3.4499999999999997, 3.5999999999999996, 3.75, 3.9, 4.05, 4.2, 4.35, 4.5, 4.6499999999999995, 4.8, 4.95, 5.1, 5.25, 5.3999999999999995, 5.55, 5.7, 5.85, 6.0, 6.1499999999999995, 6.3, 6.45, 6.6, 6.75, 6.8999999999999995, 7.05, 7.199999999999999, 7.35, 7.5, 7.6499999999999995, 7.8, 7.949999999999999, 8.1, 8.25, 8.4, 8.549999999999999, 8.7, 8.85, 9.0, 9.15, 9.299999999999999, 9.45, 9.6, 9.75, 9.9, 10.049999999999999, 10.2, 10.35, 10.5, 10.65, 10.799999999999999, 10.95, 11.1, 11.25, 11.4, 11.549999999999999, 11.7, 11.85, 12.0, 12.15, 12.299999999999999, 12.45, 12.6, 12.75, 12.9, 13.049999999999999, 13.2, 13.35, 13.5, 13.65, 13.799999999999999, 13.95, 14.1, 14.25, 14.399999999999999, 14.549999999999999, 14.7, 14.85, 15.0, 15.149999999999999",2007R_GLUT1_647_WGA_594_0002,2007,R,False,4.404977375565611,False
"4188, 4490, 4711, 5031, 5703, 6509, 6791, 8819, 13174, 20948, 31053, 38560, 38986, 30643, 28207, 26992, 25871, 24619, 22442, 21815, 19721, 17332, 15652, 14036, 13162, 11765, 11663, 11212, 10486, 10426, 9262, 8361, 7755, 7057, 6585, 6183, 6184, 6179, 6208, 6302, 6581, 6869, 7774, 8744, 9997, 10797, 11909, 12401, 13154, 13730, 14211, 14987, 15125, 15149, 14698, 13834, 12978, 11746, 10729, 10543, 10427, 9867, 9482, 8740, 8629, 8213, 7734, 7491, 7052, 7005, 7199, 6968, 7044, 6881, 6748, 6553, 6313, 6263, 5904, 5762, 5645, 5636, 5509, 5536, 5512, 5457, 5218, 5296, 5229, 5136, 5036, 5057, 4913, 4935, 4859, 4872, 4763, 4767, 4717, 4612, 4675, 4543",58,WGA,"0.0, 0.15, 0.3, 0.44999999999999996, 0.6, 0.75, 0.8999999999999999, 1.05, 1.2, 1.3499999999999999, 1.5, 1.65, 1.7999999999999998, 1.95, 2.1, 2.25, 2.4, 2.55, 2.6999999999999997, 2.85, 3.0, 3.15, 3.3, 3.4499999999999997, 3.5999999999999996, 3.75, 3.9, 4.05, 4.2, 4.35, 4.5, 4.6499999999999995, 4.8, 4.95, 5.1, 5.25, 5.3999999999999995, 5.55, 5.7, 5.85, 6.0, 6.1499999999999995, 6.3, 6.45, 6.6, 6.75, 6.8999999999999995, 7.05, 7.199999999999999, 7.35, 7.5, 7.6499999999999995, 7.8, 7.949999999999999, 8.1, 8.25, 8.4, 8.549999999999999, 8.7, 8.85, 9.0, 9.15, 9.299999999999999, 9.45, 9.6, 9.75, 9.9, 10.049999999999999, 10.2, 10.35, 10.5, 10.65, 10.799999999999999, 10.95, 11.1, 11.25, 11.4, 11.549999999999999, 11.7, 11.85, 12.0, 12.15, 12.299999999999999, 12.45, 12.6, 12.75, 12.9, 13.049999999999999, 13.2, 13.35, 13.5, 13.65, 13.799999999999999, 13.95, 14.1, 14.25, 14.399999999999999, 14.549999999999999, 14.7, 14.85, 15.0, 15.149999999999999",2007R_GLUT1_647_WGA_594_0002,2007,R,False,4.404977375565611,False
"409, 469, 502, 585, 735, 913, 937, 1360, 2120, 3148, 4432, 5179, 5372, 4808, 4718, 4532, 4419, 4358, 4217, 4097, 3745, 3505, 3177, 2809, 2651, 2398, 2274, 2268, 2189, 2027, 1783, 1600, 1465, 1349, 1281, 1212, 1189, 1169, 1160, 1133, 1160, 1229, 1367, 1591, 1805, 1910, 1986, 2028, 2103, 2119, 2126, 2089, 2103, 1967, 1845, 1734, 1596, 1491, 1368, 1330, 1315, 1248, 1262, 1132, 1084, 1127, 1047, 998, 962, 949, 934, 920, 959, 926, 904, 872, 819, 782, 780, 780, 691, 684, 727, 699, 710, 701, 662, 604, 606, 611, 560, 588, 573, 592, 593, 556, 575, 600, 550, 517, 503, 505",58,GluT1,"0.0, 0.15, 0.3, 0.44999999999999996, 0.6, 0.75, 0.8999999999999999, 1.05, 1.2, 1.3499999999999999, 1.5, 1.65, 1.7999999999999998, 1.95, 2.1, 2.25, 2.4, 2.55, 2.6999999999999997, 2.85, 3.0, 3.15, 3.3, 3.4499999999999997, 3.5999999999999996, 3.75, 3.9, 4.05, 4.2, 4.35, 4.5, 4.6499999999999995, 4.8, 4.95, 5.1, 5.25, 5.3999999999999995, 5.55, 5.7, 5.85, 6.0, 6.1499999999999995, 6.3, 6.45, 6.6, 6.75, 6.8999999999999995, 7.05, 7.199999999999999, 7.35, 7.5, 7.6499999999999995, 7.8, 7.949999999999999, 8.1, 8.25, 8.4, 8.549999999999999, 8.7, 8.85, 9.0, 9.15, 9.299999999999999, 9.45, 9.6, 9.75, 9.9, 10.049999999999999, 10.2, 10.35, 10.5, 10.65, 10.799999999999999, 10.95, 11.1, 11.25, 11.4, 11.549999999999999, 11.7, 11.85, 12.0, 12.15, 12.299999999999999, 12.45, 12.6, 12.75, 12.9, 13.049999999999999, 13.2, 13.35, 13.5, 13.65, 13.799999999999999, 13.95, 14.1, 14.25, 14.399999999999999, 14.549999999999999, 14.7, 14.85, 15.0, 15.149999999999999",2007R_GLUT1_647_WGA_594_0002,2007,R,False,4.404977375565611,False
"28882, 29127, 30095, 30100, 31033, 32220, 33075, 35784, 39199, 42531, 46232, 50265, 56871, 64589, 68645, 71153, 71814, 72573, 78022, 80346, 82094, 82553, 83482, 82197, 81653, 80627, 82306, 80861, 80492, 80643, 78639, 78179, 75815, 73833, 67136, 62280, 61250, 59079, 56569, 56630, 50892, 49084, 46162, 44010, 42929, 42410, 40897, 40813, 40783, 40459, 40199, 40147, 39755, 39375, 39942, 39600, 39544, 38773, 38754, 38592, 38572, 38740, 38033, 38192, 38191, 37751, 38176, 38364, 38121, 37467, 37748, 38187, 38090, 37800, 37348, 37705, 37397, 37608, 38438, 37163, 37862, 37508, 37142, 38042, 37263, 37469, 37023, 36943, 37017, 37023, 36340, 37041, 37120, 36188, 36582, 36439, 36727, 36570, 37049, 36228, 36356, 36343",59,DAPI,"0.0, 0.15, 0.3, 0.44999999999999996, 0.6, 0.75, 0.8999999999999999, 1.05, 1.2, 1.3499999999999999, 1.5, 1.65, 1.7999999999999998, 1.95, 2.1, 2.25, 2.4, 2.55, 2.6999999999999997, 2.85, 3.0, 3.15, 3.3, 3.4499999999999997, 3.5999999999999996, 3.75, 3.9, 4.05, 4.2, 4.35, 4.5, 4.6499999999999995, 4.8, 4.95, 5.1, 5.25, 5.3999999999999995, 5.55, 5.7, 5.85, 6.0, 6.1499999999999995, 6.3, 6.45, 6.6, 6.75, 6.8999999999999995, 7.05, 7.199999999999999, 7.35, 7.5, 7.6499999999999995, 7.8, 7.949999999999999, 8.1, 8.25, 8.4, 8.549999999999999, 8.7, 8.85, 9.0, 9.15, 9.299999999999999, 9.45, 9.6, 9.75, 9.9, 10.049999999999999, 10.2, 10.35, 10.5, 10.65, 10.799999999999999, 10.95, 11.1, 11.25, 11.4, 11.549999999999999, 11.7, 11.85, 12.0, 12.15, 12.299999999999999, 12.45, 12.6, 12.75, 12.9, 13.049999999999999, 13.2, 13.35, 13.5, 13.65, 13.799999999999999, 13.95, 14.1, 14.25, 14.399999999999999, 14.549999999999999, 14.7, 14.85, 15.0, 15.149999999999999",2007R_GLUT1_647_WGA_594_0002,2007,R,False,3.9694621695533274,False
"4085, 4050, 3976, 4202, 4262, 4231, 4332, 4374, 4771, 5435, 6163, 6633, 7184, 7816, 7789, 8053, 8039, 8238, 8138, 8235, 8180, 8400, 8451, 8562, 8750, 8514, 8434, 8480, 8554, 8454, 8386, 8570, 8779, 8709, 8569, 8216, 8657, 8583, 8395, 8587, 8727, 8572, 8598, 8603, 8424, 8546, 8580, 8851, 8529, 8717, 8539, 8278, 8077, 8170, 7956, 7696, 7785, 7431, 7558, 7538, 7465, 7686, 7559, 7579, 7418, 7486, 7417, 7305, 7394, 7156, 7151, 7436, 7153, 7483, 7403, 7427, 7510, 7366, 7437, 7418, 7403, 7379, 7327, 7332, 7405, 7343, 7516, 7390, 7389, 7407, 7760, 7559, 7726, 7694, 7696, 7735, 7624, 7975, 8198, 8329, 9149, 10136",59,eGFP,"0.0, 0.15, 0.3, 0.44999999999999996, 0.6, 0.75, 0.8999999999999999, 1.05, 1.2, 1.3499999999999999, 1.5, 1.65, 1.7999999999999998, 1.95, 2.1, 2.25, 2.4, 2.55, 2.6999999999999997, 2.85, 3.0, 3.15, 3.3, 3.4499999999999997, 3.5999999999999996, 3.75, 3.9, 4.05, 4.2, 4.35, 4.5, 4.6499999999999995, 4.8, 4.95, 5.1, 5.25, 5.3999999999999995, 5.55, 5.7, 5.85, 6.0, 6.1499999999999995, 6.3, 6.45, 6.6, 6.75, 6.8999999999999995, 7.05, 7.199999999999999, 7.35, 7.5, 7.6499999999999995, 7.8, 7.949999999999999, 8.1, 8.25, 8.4, 8.549999999999999, 8.7, 8.85, 9.0, 9.15, 9.299999999999999, 9.45, 9.6, 9.75, 9.9, 10.049999999999999, 10.2, 10.35, 10.5, 10.65, 10.799999999999999, 10.95, 11.1, 11.25, 11.4, 11.549999999999999, 11.7, 11.85, 12.0, 12.15, 12.299999999999999, 12.45, 12.6, 12.75, 12.9, 13.049999999999999, 13.2, 13.35, 13.5, 13.65, 13.799999999999999, 13.95, 14.1, 14.25, 14.399999999999999, 14.549999999999999, 14.7, 14.85, 15.0, 15.149999999999999",2007R_GLUT1_647_WGA_594_0002,2007,R,False,3.9694621695533274,False
"10486, 11280, 12128, 12837, 14703, 16828, 18703, 24842, 36476, 60142, 83932, 91073, 82603, 63847, 59100, 55568, 52586, 51269, 45180, 42374, 37992, 34742, 31750, 29498, 28034, 26194, 25485, 24785, 23950, 24042, 22745, 22274, 22603, 22000, 22240, 22440, 22771, 22757, 23167, 23143, 24520, 25234, 26770, 28254, 30499, 31944, 34098, 34800, 36140, 36090, 36681, 37311, 37923, 37616, 37083, 35080, 33355, 31606, 29858, 29806, 29113, 28672, 27865, 26529, 25911, 24875, 23954, 22899, 21741, 21470, 21622, 21337, 21488, 20514, 20404, 19865, 18911, 18517, 17740, 17376, 16860, 16844, 16656, 16423, 16416, 16032, 15667, 15502, 14930, 14648, 14092, 13892, 13748, 13699, 13469, 13177, 13034, 12803, 12543, 12288, 12223, 11964",59,WGA,"0.0, 0.15, 0.3, 0.44999999999999996, 0.6, 0.75, 0.8999999999999999, 1.05, 1.2, 1.3499999999999999, 1.5, 1.65, 1.7999999999999998, 1.95, 2.1, 2.25, 2.4, 2.55, 2.6999999999999997, 2.85, 3.0, 3.15, 3.3, 3.4499999999999997, 3.5999999999999996, 3.75, 3.9, 4.05, 4.2, 4.35, 4.5, 4.6499999999999995, 4.8, 4.95, 5.1, 5.25, 5.3999999999999995, 5.55, 5.7, 5.85, 6.0, 6.1499999999999995, 6.3, 6.45, 6.6, 6.75, 6.8999999999999995, 7.05, 7.199999999999999, 7.35, 7.5, 7.6499999999999995, 7.8, 7.949999999999999, 8.1, 8.25, 8.4, 8.549999999999999, 8.7, 8.85, 9.0, 9.15, 9.299999999999999, 9.45, 9.6, 9.75, 9.9, 10.049999999999999, 10.2, 10.35, 10.5, 10.65, 10.799999999999999, 10.95, 11.1, 11.25, 11.4, 11.549999999999999, 11.7, 11.85, 12.0, 12.15, 12.299999999999999, 12.45, 12.6, 12.75, 12.9, 13.049999999999999, 13.2, 13.35, 13.5, 13.65, 13.799999999999999, 13.95, 14.1, 14.25, 14.399999999999999, 14.549999999999999, 14.7, 14.85, 15.0, 15.149999999999999",2007R_GLUT1_647_WGA_594_0002,2007,R,False,3.9694621695533274,False
"1018, 1236, 1442, 1619, 2112, 2568, 2716, 3962, 6057, 9818, 13539, 14938, 14932, 13988, 13783, 13506, 13283, 13183, 12257, 11520, 10456, 9563, 8671, 8192, 7839, 7518, 7172, 7020, 6754, 6750, 6527, 6437, 6419, 6560, 6596, 6560, 6629, 6715, 6586, 6737, 6860, 7015, 7248, 7295, 7298, 7373, 7400, 7249, 7173, 6971, 6842, 6802, 6626, 6110, 6066, 5821, 5534, 5046, 4779, 4865, 4653, 4561, 4399, 4181, 4111, 4016, 3691, 3706, 3422, 3365, 3331, 3298, 3333, 3128, 3107, 3062, 2855, 2805, 2637, 2517, 2490, 2415, 2478, 2464, 2367, 2354, 2286, 2233, 2165, 2219, 2044, 2106, 2027, 1994, 2023, 1921, 1966, 1782, 1718, 1701, 1655, 1589",59,GluT1,"0.0, 0.15, 0.3, 0.44999999999999996, 0.6, 0.75, 0.8999999999999999, 1.05, 1.2, 1.3499999999999999, 1.5, 1.65, 1.7999999999999998, 1.95, 2.1, 2.25, 2.4, 2.55, 2.6999999999999997, 2.85, 3.0, 3.15, 3.3, 3.4499999999999997, 3.5999999999999996, 3.75, 3.9, 4.05, 4.2, 4.35, 4.5, 4.6499999999999995, 4.8, 4.95, 5.1, 5.25, 5.3999999999999995, 5.55, 5.7, 5.85, 6.0, 6.1499999999999995, 6.3, 6.45, 6.6, 6.75, 6.8999999999999995, 7.05, 7.199999999999999, 7.35, 7.5, 7.6499999999999995, 7.8, 7.949999999999999, 8.1, 8.25, 8.4, 8.549999999999999, 8.7, 8.85, 9.0, 9.15, 9.299999999999999, 9.45, 9.6, 9.75, 9.9, 10.049999999999999, 10.2, 10.35, 10.5, 10.65, 10.799999999999999, 10.95, 11.1, 11.25, 11.4, 11.549999999999999, 11.7, 11.85, 12.0, 12.15, 12.299999999999999, 12.45, 12.6, 12.75, 12.9, 13.049999999999999, 13.2, 13.35, 13.5, 13.65, 13.799999999999999, 13.95, 14.1, 14.25, 14.399999999999999, 14.549999999999999, 14.7, 14.85, 15.0, 15.149999999999999",2007R_GLUT1_647_WGA_594_0002,2007,R,False,3.9694621695533274,False
"88280, 89903, 90539, 92102, 95158, 97464, 97226, 103923, 110134, 117876, 126944, 132352, 143215, 155028, 160686, 166250, 171140, 172404, 188999, 201967, 226910, 258036, 287577, 318386, 339061, 362043, 368641, 376625, 387655, 388380, 399981, 403355, 400699, 384910, 357982, 334706, 326234, 319401, 304703, 305909, 273062, 255859, 226874, 202460, 173303, 157147, 141748, 137077, 132470, 129998, 127320, 125343, 122312, 117759, 118335, 115194, 114207, 112376, 112701, 112591, 111495, 111433, 110924, 109604, 109728, 110026, 109244, 109690, 109805, 109397, 108130, 109283, 109177, 108650, 108903, 108606, 109374, 109086, 107798, 108501, 108145, 108726, 108138, 108194, 108141, 108183, 107566, 107270, 107224, 106979, 106283, 104857, 106443, 106802, 105438, 105724, 106189, 105378, 105625, 104300, 105976, 104726",60,DAPI,"0.0, 0.15, 0.3, 0.44999999999999996, 0.6, 0.75, 0.8999999999999999, 1.05, 1.2, 1.3499999999999999, 1.5, 1.65, 1.7999999999999998, 1.95, 2.1, 2.25, 2.4, 2.55, 2.6999999999999997, 2.85, 3.0, 3.15, 3.3, 3.4499999999999997, 3.5999999999999996, 3.75, 3.9, 4.05, 4.2, 4.35, 4.5, 4.6499999999999995, 4.8, 4.95, 5.1, 5.25, 5.3999999999999995, 5.55, 5.7, 5.85, 6.0, 6.1499999999999995, 6.3, 6.45, 6.6, 6.75, 6.8999999999999995, 7.05, 7.199999999999999, 7.35, 7.5, 7.6499999999999995, 7.8, 7.949999999999999, 8.1, 8.25, 8.4, 8.549999999999999, 8.7, 8.85, 9.0, 9.15, 9.299999999999999, 9.45, 9.6, 9.75, 9.9, 10.049999999999999, 10.2, 10.35, 10.5, 10.65, 10.799999999999999, 10.95, 11.1, 11.25, 11.4, 11.549999999999999, 11.7, 11.85, 12.0, 12.15, 12.299999999999999, 12.45, 12.6, 12.75, 12.9, 13.049999999999999, 13.2, 13.35, 13.5, 13.65, 13.799999999999999, 13.95, 14.1, 14.25, 14.399999999999999, 14.549999999999999, 14.7, 14.85, 15.0, 15.149999999999999",2007R_GLUT1_647_WGA_594_0002,2007,R,True,54.17791225416036,False
"15908, 16580, 17042, 17907, 18747, 19706, 20035, 21664, 24442, 27852, 32747, 37099, 44369, 56342, 62288, 67064, 73416, 75808, 98857, 114296, 150405, 189657, 225978, 257957, 277906, 303503, 307820, 315776, 329289, 330609, 349399, 358116, 367100, 371825, 370685, 369282, 367416, 365009, 360474, 360951, 347268, 335814, 312194, 285766, 246337, 209222, 152413, 133101, 110402, 98744, 89204, 75372, 65665, 53306, 49006, 40983, 36950, 33866, 31425, 31645, 30559, 30207, 28954, 27374, 27431, 26883, 26590, 25890, 25949, 25477, 25721, 25733, 25488, 25409, 25898, 25332, 25448, 25330, 25453, 25930, 25747, 25670, 25757, 25326, 25476, 25474, 25494, 25625, 25969, 26551, 27121, 27746, 28126, 28202, 28480, 28605, 28712, 28344, 27543, 27692, 26955, 27365",60,eGFP,"0.0, 0.15, 0.3, 0.44999999999999996, 0.6, 0.75, 0.8999999999999999, 1.05, 1.2, 1.3499999999999999, 1.5, 1.65, 1.7999999999999998, 1.95, 2.1, 2.25, 2.4, 2.55, 2.6999999999999997, 2.85, 3.0, 3.15, 3.3, 3.4499999999999997, 3.5999999999999996, 3.75, 3.9, 4.05, 4.2, 4.35, 4.5, 4.6499999999999995, 4.8, 4.95, 5.1, 5.25, 5.3999999999999995, 5.55, 5.7, 5.85, 6.0, 6.1499999999999995, 6.3, 6.45, 6.6, 6.75, 6.8999999999999995, 7.05, 7.199999999999999, 7.35, 7.5, 7.6499999999999995, 7.8, 7.949999999999999, 8.1, 8.25, 8.4, 8.549999999999999, 8.7, 8.85, 9.0, 9.15, 9.299999999999999, 9.45, 9.6, 9.75, 9.9, 10.049999999999999, 10.2, 10.35, 10.5, 10.65, 10.799999999999999, 10.95, 11.1, 11.25, 11.4, 11.549999999999999, 11.7, 11.85, 12.0, 12.15, 12.299999999999999, 12.45, 12.6, 12.75, 12.9, 13.049999999999999, 13.2, 13.35, 13.5, 13.65, 13.799999999999999, 13.95, 14.1, 14.25, 14.399999999999999, 14.549999999999999, 14.7, 14.85, 15.0, 15.149999999999999",2007R_GLUT1_647_WGA_594_0002,2007,R,True,54.17791225416036,False
"31770, 33885, 36342, 39094, 43843, 50938, 53430, 70167, 104027, 170381, 259612, 302421, 294424, 230801, 214043, 204058, 195823, 191582, 174885, 168033, 154615, 138600, 124661, 110112, 101296, 90844, 90276, 86824, 81206, 80827, 72871, 67341, 64072, 62066, 63218, 65618, 66307, 67895, 70438, 69920, 77067, 81913, 91963, 100775, 111526, 119351, 127956, 129989, 131212, 130905, 129703, 126676, 121346, 113343, 109462, 100248, 93710, 86625, 80243, 79605, 77796, 75526, 72727, 68645, 67069, 64643, 61229, 58644, 55226, 54482, 55021, 54320, 53797, 52072, 51739, 50027, 48220, 47311, 45669, 45053, 44004, 44332, 43845, 43449, 43023, 42486, 41921, 41018, 40195, 39302, 38761, 38124, 37827, 37268, 37438, 36765, 36221, 35918, 35305, 35156, 34746, 34073",60,WGA,"0.0, 0.15, 0.3, 0.44999999999999996, 0.6, 0.75, 0.8999999999999999, 1.05, 1.2, 1.3499999999999999, 1.5, 1.65, 1.7999999999999998, 1.95, 2.1, 2.25, 2.4, 2.55, 2.6999999999999997, 2.85, 3.0, 3.15, 3.3, 3.4499999999999997, 3.5999999999999996, 3.75, 3.9, 4.05, 4.2, 4.35, 4.5, 4.6499999999999995, 4.8, 4.95, 5.1, 5.25, 5.3999999999999995, 5.55, 5.7, 5.85, 6.0, 6.1499999999999995, 6.3, 6.45, 6.6, 6.75, 6.8999999999999995, 7.05, 7.199999999999999, 7.35, 7.5, 7.6499999999999995, 7.8, 7.949999999999999, 8.1, 8.25, 8.4, 8.549999999999999, 8.7, 8.85, 9.0, 9.15, 9.299999999999999, 9.45, 9.6, 9.75, 9.9, 10.049999999999999, 10.2, 10.35, 10.5, 10.65, 10.799999999999999, 10.95, 11.1, 11.25, 11.4, 11.549999999999999, 11.7, 11.85, 12.0, 12.15, 12.299999999999999, 12.45, 12.6, 12.75, 12.9, 13.049999999999999, 13.2, 13.35, 13.5, 13.65, 13.799999999999999, 13.95, 14.1, 14.25, 14.399999999999999, 14.549999999999999, 14.7, 14.85, 15.0, 15.149999999999999",2007R_GLUT1_647_WGA_594_0002,2007,R,True,54.17791225416036,False
"3212, 3898, 4258, 5099, 6364, 8244, 8532, 12539, 19950, 31793, 45115, 51253, 52069, 46459, 43996, 42487, 41271, 40813, 37900, 35753, 32275, 28138, 24375, 21153, 18822, 16591, 16229, 15516, 14323, 14017, 12242, 11112, 10241, 9893, 9900, 10231, 10347, 10533, 10733, 10721, 11664, 12403, 13927, 15178, 16490, 17240, 17747, 17664, 17437, 17296, 16917, 16464, 16210, 14762, 14179, 13163, 12018, 11168, 10426, 10355, 10048, 9954, 9592, 8960, 8825, 8464, 8217, 7758, 7516, 7301, 7361, 7454, 7269, 7077, 6809, 6605, 6490, 6170, 6006, 5969, 5840, 5749, 5743, 5708, 5690, 5608, 5526, 5460, 5137, 5088, 4837, 4826, 4759, 4612, 4554, 4475, 4340, 4333, 4227, 4094, 3991, 3905",60,GluT1,"0.0, 0.15, 0.3, 0.44999999999999996, 0.6, 0.75, 0.8999999999999999, 1.05, 1.2, 1.3499999999999999, 1.5, 1.65, 1.7999999999999998, 1.95, 2.1, 2.25, 2.4, 2.55, 2.6999999999999997, 2.85, 3.0, 3.15, 3.3, 3.4499999999999997, 3.5999999999999996, 3.75, 3.9, 4.05, 4.2, 4.35, 4.5, 4.6499999999999995, 4.8, 4.95, 5.1, 5.25, 5.3999999999999995, 5.55, 5.7, 5.85, 6.0, 6.1499999999999995, 6.3, 6.45, 6.6, 6.75, 6.8999999999999995, 7.05, 7.199999999999999, 7.35, 7.5, 7.6499999999999995, 7.8, 7.949999999999999, 8.1, 8.25, 8.4, 8.549999999999999, 8.7, 8.85, 9.0, 9.15, 9.299999999999999, 9.45, 9.6, 9.75, 9.9, 10.049999999999999, 10.2, 10.35, 10.5, 10.65, 10.799999999999999, 10.95, 11.1, 11.25, 11.4, 11.549999999999999, 11.7, 11.85, 12.0, 12.15, 12.299999999999999, 12.45, 12.6, 12.75, 12.9, 13.049999999999999, 13.2, 13.35, 13.5, 13.65, 13.799999999999999, 13.95, 14.1, 14.25, 14.399999999999999, 14.549999999999999, 14.7, 14.85, 15.0, 15.149999999999999",2007R_GLUT1_647_WGA_594_0002,2007,R,True,54.17791225416036,False
"69623, 72170, 73171, 74276, 76485, 79565, 79636, 85417, 92787, 100954, 109767, 117077, 128466, 145638, 152794, 157964, 165010, 168157, 187137, 200498, 225283, 252119, 273472, 291912, 306968, 323286, 325865, 329617, 342603, 342104, 356115, 365932, 366681, 367588, 359645, 345965, 342747, 337443, 324330, 328906, 300595, 285702, 257218, 232109, 197211, 171464, 140121, 132710, 123802, 119527, 115475, 111153, 107234, 101483, 99994, 97892, 95971, 95203, 93879, 92830, 92494, 92489, 92049, 91760, 91706, 91628, 91860, 92454, 93015, 94597, 93221, 93838, 93900, 95614, 96323, 98733, 104181, 104485, 107399, 108467, 109532, 108522, 108162, 108529, 106505, 106355, 105255, 103992, 102100, 101985, 102128, 102431, 101151, 99615, 100218, 98102, 97283, 95520, 92518, 90104, 88001, 88512",61,DAPI,"0.0, 0.15, 0.3, 0.44999999999999996, 0.6, 0.75, 0.8999999999999999, 1.05, 1.2, 1.3499999999999999, 1.5, 1.65, 1.7999999999999998, 1.95, 2.1, 2.25, 2.4, 2.55, 2.6999999999999997, 2.85, 3.0, 3.15, 3.3, 3.4499999999999997, 3.5999999999999996, 3.75, 3.9, 4.05, 4.2, 4.35, 4.5, 4.6499999999999995, 4.8, 4.95, 5.1, 5.25, 5.3999999999999995, 5.55, 5.7, 5.85, 6.0, 6.1499999999999995, 6.3, 6.45, 6.6, 6.75, 6.8999999999999995, 7.05, 7.199999999999999, 7.35, 7.5, 7.6499999999999995, 7.8, 7.949999999999999, 8.1, 8.25, 8.4, 8.549999999999999, 8.7, 8.85, 9.0, 9.15, 9.299999999999999, 9.45, 9.6, 9.75, 9.9, 10.049999999999999, 10.2, 10.35, 10.5, 10.65, 10.799999999999999, 10.95, 11.1, 11.25, 11.4, 11.549999999999999, 11.7, 11.85, 12.0, 12.15, 12.299999999999999, 12.45, 12.6, 12.75, 12.9, 13.049999999999999, 13.2, 13.35, 13.5, 13.65, 13.799999999999999, 13.95, 14.1, 14.25, 14.399999999999999, 14.549999999999999, 14.7, 14.85, 15.0, 15.149999999999999",2007R_GLUT1_647_WGA_594_0002,2007,R,False,3.709170140204623,False
"10018, 10048, 10118, 10349, 10568, 10553, 10784, 11030, 11857, 12908, 14863, 15843, 17148, 18368, 18725, 18860, 19471, 19599, 20570, 21119, 22072, 22204, 22114, 21491, 21364, 20824, 21231, 20835, 20593, 20475, 20365, 19337, 19528, 19577, 20019, 20117, 20641, 20707, 20927, 20435, 21093, 21365, 21526, 21784, 21850, 21541, 21056, 20733, 19947, 20259, 20006, 19246, 19243, 18897, 19283, 18926, 19232, 19004, 18960, 19358, 18719, 19008, 18860, 18909, 18580, 18515, 18819, 18412, 18386, 17652, 18297, 18171, 18077, 18365, 18207, 17871, 18013, 18125, 17820, 18416, 18383, 18343, 18495, 18202, 18244, 18475, 18240, 18380, 18891, 19480, 19819, 20725, 21533, 22400, 22392, 23069, 24642, 24656, 24243, 24623, 25886, 26788",61,eGFP,"0.0, 0.15, 0.3, 0.44999999999999996, 0.6, 0.75, 0.8999999999999999, 1.05, 1.2, 1.3499999999999999, 1.5, 1.65, 1.7999999999999998, 1.95, 2.1, 2.25, 2.4, 2.55, 2.6999999999999997, 2.85, 3.0, 3.15, 3.3, 3.4499999999999997, 3.5999999999999996, 3.75, 3.9, 4.05, 4.2, 4.35, 4.5, 4.6499999999999995, 4.8, 4.95, 5.1, 5.25, 5.3999999999999995, 5.55, 5.7, 5.85, 6.0, 6.1499999999999995, 6.3, 6.45, 6.6, 6.75, 6.8999999999999995, 7.05, 7.199999999999999, 7.35, 7.5, 7.6499999999999995, 7.8, 7.949999999999999, 8.1, 8.25, 8.4, 8.549999999999999, 8.7, 8.85, 9.0, 9.15, 9.299999999999999, 9.45, 9.6, 9.75, 9.9, 10.049999999999999, 10.2, 10.35, 10.5, 10.65, 10.799999999999999, 10.95, 11.1, 11.25, 11.4, 11.549999999999999, 11.7, 11.85, 12.0, 12.15, 12.299999999999999, 12.45, 12.6, 12.75, 12.9, 13.049999999999999, 13.2, 13.35, 13.5, 13.65, 13.799999999999999, 13.95, 14.1, 14.25, 14.399999999999999, 14.549999999999999, 14.7, 14.85, 15.0, 15.149999999999999",2007R_GLUT1_647_WGA_594_0002,2007,R,False,3.709170140204623,False
"24893, 26856, 28485, 30475, 34640, 40497, 42021, 56583, 87206, 148602, 219340, 239313, 207746, 149076, 136364, 130520, 125963, 123881, 116923, 113744, 106738, 98502, 89810, 81992, 77239, 69930, 68874, 65944, 61952, 61940, 56050, 52142, 49491, 47899, 46873, 46720, 47246, 47776, 48260, 47954, 50623, 51978, 55202, 58796, 65555, 72426, 85547, 90449, 96545, 99831, 102692, 105725, 105913, 102123, 99615, 92518, 86961, 80510, 74243, 73668, 71430, 69441, 67244, 64100, 63165, 60594, 57996, 55988, 52855, 52238, 52517, 52117, 51289, 49828, 49390, 46990, 44718, 43903, 41701, 40911, 39567, 39180, 38879, 38411, 37830, 37069, 36114, 35241, 34387, 33814, 33037, 32565, 32125, 31702, 31682, 30879, 30540, 30222, 29710, 29137, 28819, 28074",61,WGA,"0.0, 0.15, 0.3, 0.44999999999999996, 0.6, 0.75, 0.8999999999999999, 1.05, 1.2, 1.3499999999999999, 1.5, 1.65, 1.7999999999999998, 1.95, 2.1, 2.25, 2.4, 2.55, 2.6999999999999997, 2.85, 3.0, 3.15, 3.3, 3.4499999999999997, 3.5999999999999996, 3.75, 3.9, 4.05, 4.2, 4.35, 4.5, 4.6499999999999995, 4.8, 4.95, 5.1, 5.25, 5.3999999999999995, 5.55, 5.7, 5.85, 6.0, 6.1499999999999995, 6.3, 6.45, 6.6, 6.75, 6.8999999999999995, 7.05, 7.199999999999999, 7.35, 7.5, 7.6499999999999995, 7.8, 7.949999999999999, 8.1, 8.25, 8.4, 8.549999999999999, 8.7, 8.85, 9.0, 9.15, 9.299999999999999, 9.45, 9.6, 9.75, 9.9, 10.049999999999999, 10.2, 10.35, 10.5, 10.65, 10.799999999999999, 10.95, 11.1, 11.25, 11.4, 11.549999999999999, 11.7, 11.85, 12.0, 12.15, 12.299999999999999, 12.45, 12.6, 12.75, 12.9, 13.049999999999999, 13.2, 13.35, 13.5, 13.65, 13.799999999999999, 13.95, 14.1, 14.25, 14.399999999999999, 14.549999999999999, 14.7, 14.85, 15.0, 15.149999999999999",2007R_GLUT1_647_WGA_594_0002,2007,R,False,3.709170140204623,False
"2285, 2645, 2973, 3508, 4260, 5447, 5809, 8347, 13754, 22964, 32291, 34755, 31680, 25877, 24846, 23925, 23680, 23298, 22434, 22155, 21034, 19653, 18645, 17211, 16316, 14954, 14907, 14519, 13784, 13784, 12817, 11957, 11303, 11142, 11032, 10906, 11001, 11078, 10979, 11103, 11406, 11629, 12118, 12402, 13464, 14357, 15854, 16221, 16537, 16782, 16652, 16530, 16071, 15078, 14496, 13493, 12859, 11996, 11019, 10824, 10420, 10245, 9817, 9261, 9237, 8766, 8586, 8204, 7785, 7737, 7821, 7679, 7560, 7417, 7134, 6809, 6503, 6292, 6152, 6009, 5691, 5635, 5612, 5506, 5512, 5519, 5102, 5213, 4863, 4709, 4615, 4539, 4368, 4253, 4303, 4229, 4129, 3900, 3884, 3803, 3660, 3592",61,GluT1,"0.0, 0.15, 0.3, 0.44999999999999996, 0.6, 0.75, 0.8999999999999999, 1.05, 1.2, 1.3499999999999999, 1.5, 1.65, 1.7999999999999998, 1.95, 2.1, 2.25, 2.4, 2.55, 2.6999999999999997, 2.85, 3.0, 3.15, 3.3, 3.4499999999999997, 3.5999999999999996, 3.75, 3.9, 4.05, 4.2, 4.35, 4.5, 4.6499999999999995, 4.8, 4.95, 5.1, 5.25, 5.3999999999999995, 5.55, 5.7, 5.85, 6.0, 6.1499999999999995, 6.3, 6.45, 6.6, 6.75, 6.8999999999999995, 7.05, 7.199999999999999, 7.35, 7.5, 7.6499999999999995, 7.8, 7.949999999999999, 8.1, 8.25, 8.4, 8.549999999999999, 8.7, 8.85, 9.0, 9.15, 9.299999999999999, 9.45, 9.6, 9.75, 9.9, 10.049999999999999, 10.2, 10.35, 10.5, 10.65, 10.799999999999999, 10.95, 11.1, 11.25, 11.4, 11.549999999999999, 11.7, 11.85, 12.0, 12.15, 12.299999999999999, 12.45, 12.6, 12.75, 12.9, 13.049999999999999, 13.2, 13.35, 13.5, 13.65, 13.799999999999999, 13.95, 14.1, 14.25, 14.399999999999999, 14.549999999999999, 14.7, 14.85, 15.0, 15.149999999999999",2007R_GLUT1_647_WGA_594_0002,2007,R,False,3.709170140204623,False
"53665, 54978, 56349, 56842, 57533, 60290, 60966, 64401, 70949, 75116, 79150, 81242, 84653, 88611, 89902, 90883, 91480, 91760, 97029, 100055, 109530, 123002, 140443, 160457, 176629, 199045, 202531, 211933, 226019, 229150, 255733, 279162, 299231, 317261, 337185, 347878, 349829, 350342, 353738, 351124, 350687, 352173, 344517, 337652, 320405, 295485, 253398, 239936, 214151, 203121, 188595, 166913, 143758, 114063, 106195, 93096, 88380, 84856, 81481, 81152, 79605, 79698, 78204, 77077, 76255, 76232, 75272, 75029, 74488, 73195, 74304, 74107, 72638, 73789, 73339, 72716, 71920, 70940, 71921, 71217, 71052, 71066, 71495, 70199, 70983, 70238, 70317, 70316, 70045, 69694, 69355, 69664, 69013, 69258, 69234, 68674, 69189, 68795, 68344, 68218, 68322, 67797",62,DAPI,"0.0, 0.15, 0.3, 0.44999999999999996, 0.6, 0.75, 0.8999999999999999, 1.05, 1.2, 1.3499999999999999, 1.5, 1.65, 1.7999999999999998, 1.95, 2.1, 2.25, 2.4, 2.55, 2.6999999999999997, 2.85, 3.0, 3.15, 3.3, 3.4499999999999997, 3.5999999999999996, 3.75, 3.9, 4.05, 4.2, 4.35, 4.5, 4.6499999999999995, 4.8, 4.95, 5.1, 5.25, 5.3999999999999995, 5.55, 5.7, 5.85, 6.0, 6.1499999999999995, 6.3, 6.45, 6.6, 6.75, 6.8999999999999995, 7.05, 7.199999999999999, 7.35, 7.5, 7.6499999999999995, 7.8, 7.949999999999999, 8.1, 8.25, 8.4, 8.549999999999999, 8.7, 8.85, 9.0, 9.15, 9.299999999999999, 9.45, 9.6, 9.75, 9.9, 10.049999999999999, 10.2, 10.35, 10.5, 10.65, 10.799999999999999, 10.95, 11.1, 11.25, 11.4, 11.549999999999999, 11.7, 11.85, 12.0, 12.15, 12.299999999999999, 12.45, 12.6, 12.75, 12.9, 13.049999999999999, 13.2, 13.35, 13.5, 13.65, 13.799999999999999, 13.95, 14.1, 14.25, 14.399999999999999, 14.549999999999999, 14.7, 14.85, 15.0, 15.149999999999999",2007R_GLUT1_647_WGA_594_0002,2007,R,False,2.82719062728826,False
"7763, 7787, 7792, 8145, 8162, 8177, 8431, 8818, 9543, 10671, 12255, 13556, 15250, 16985, 17699, 18691, 19692, 19648, 22559, 24091, 27565, 29809, 31545, 30401, 28907, 26661, 26467, 25345, 23658, 23184, 20983, 18231, 15653, 13837, 12372, 11762, 11656, 11542, 11583, 11386, 11204, 11254, 11146, 11372, 11342, 11566, 12171, 12070, 12122, 12224, 12566, 12772, 13059, 13394, 13592, 13667, 13758, 14066, 13992, 13905, 13779, 13963, 13957, 13809, 13721, 13407, 13681, 13693, 13598, 13628, 13522, 13576, 13471, 13632, 13930, 13635, 13648, 13878, 13905, 13890, 13990, 13580, 13978, 14153, 14069, 13804, 13876, 13946, 14224, 14145, 14491, 14660, 14780, 14916, 14795, 15067, 15639, 16457, 17024, 17529, 18610, 19298",62,eGFP,"0.0, 0.15, 0.3, 0.44999999999999996, 0.6, 0.75, 0.8999999999999999, 1.05, 1.2, 1.3499999999999999, 1.5, 1.65, 1.7999999999999998, 1.95, 2.1, 2.25, 2.4, 2.55, 2.6999999999999997, 2.85, 3.0, 3.15, 3.3, 3.4499999999999997, 3.5999999999999996, 3.75, 3.9, 4.05, 4.2, 4.35, 4.5, 4.6499999999999995, 4.8, 4.95, 5.1, 5.25, 5.3999999999999995, 5.55, 5.7, 5.85, 6.0, 6.1499999999999995, 6.3, 6.45, 6.6, 6.75, 6.8999999999999995, 7.05, 7.199999999999999, 7.35, 7.5, 7.6499999999999995, 7.8, 7.949999999999999, 8.1, 8.25, 8.4, 8.549999999999999, 8.7, 8.85, 9.0, 9.15, 9.299999999999999, 9.45, 9.6, 9.75, 9.9, 10.049999999999999, 10.2, 10.35, 10.5, 10.65, 10.799999999999999, 10.95, 11.1, 11.25, 11.4, 11.549999999999999, 11.7, 11.85, 12.0, 12.15, 12.299999999999999, 12.45, 12.6, 12.75, 12.9, 13.049999999999999, 13.2, 13.35, 13.5, 13.65, 13.799999999999999, 13.95, 14.1, 14.25, 14.399999999999999, 14.549999999999999, 14.7, 14.85, 15.0, 15.149999999999999",2007R_GLUT1_647_WGA_594_0002,2007,R,False,2.82719062728826,False
"20159, 21674, 23093, 24784, 28127, 32980, 34445, 46257, 73643, 128532, 189376, 202078, 168807, 118425, 108878, 104634, 101599, 99853, 95797, 94178, 91529, 89629, 89828, 89769, 89026, 86616, 85878, 83556, 79089, 78539, 69724, 60029, 52415, 45161, 38922, 36046, 35127, 34596, 33373, 33219, 32219, 31111, 31035, 31605, 33520, 35608, 39370, 41223, 44086, 45815, 47474, 51654, 56087, 66954, 71336, 78549, 79221, 76158, 71897, 72003, 70705, 69306, 67178, 63274, 62080, 59081, 55769, 53477, 50091, 49014, 49466, 49269, 48665, 46804, 46391, 44395, 41786, 40730, 38646, 37565, 36250, 35849, 35741, 35013, 34353, 33562, 32664, 31943, 30792, 29930, 29208, 28551, 28286, 27607, 27497, 26517, 26163, 25565, 24899, 24631, 24163, 23694",62,WGA,"0.0, 0.15, 0.3, 0.44999999999999996, 0.6, 0.75, 0.8999999999999999, 1.05, 1.2, 1.3499999999999999, 1.5, 1.65, 1.7999999999999998, 1.95, 2.1, 2.25, 2.4, 2.55, 2.6999999999999997, 2.85, 3.0, 3.15, 3.3, 3.4499999999999997, 3.5999999999999996, 3.75, 3.9, 4.05, 4.2, 4.35, 4.5, 4.6499999999999995, 4.8, 4.95, 5.1, 5.25, 5.3999999999999995, 5.55, 5.7, 5.85, 6.0, 6.1499999999999995, 6.3, 6.45, 6.6, 6.75, 6.8999999999999995, 7.05, 7.199999999999999, 7.35, 7.5, 7.6499999999999995, 7.8, 7.949999999999999, 8.1, 8.25, 8.4, 8.549999999999999, 8.7, 8.85, 9.0, 9.15, 9.299999999999999, 9.45, 9.6, 9.75, 9.9, 10.049999999999999, 10.2, 10.35, 10.5, 10.65, 10.799999999999999, 10.95, 11.1, 11.25, 11.4, 11.549999999999999, 11.7, 11.85, 12.0, 12.15, 12.299999999999999, 12.45, 12.6, 12.75, 12.9, 13.049999999999999, 13.2, 13.35, 13.5, 13.65, 13.799999999999999, 13.95, 14.1, 14.25, 14.399999999999999, 14.549999999999999, 14.7, 14.85, 15.0, 15.149999999999999",2007R_GLUT1_647_WGA_594_0002,2007,R,False,2.82719062728826,False
"2615, 2982, 3366, 3947, 4886, 5999, 6344, 9088, 14730, 24797, 35643, 39476, 40465, 43010, 44368, 45175, 46243, 46340, 45731, 43755, 37325, 30848, 27182, 24756, 23407, 21230, 20960, 20361, 18844, 18671, 16428, 14356, 12159, 10422, 8876, 8200, 7907, 7917, 7489, 7552, 7252, 7107, 7097, 7015, 7230, 7610, 8168, 8314, 8757, 8972, 9413, 9782, 10422, 11457, 11617, 12259, 12089, 11409, 10672, 10634, 10393, 10301, 9966, 9554, 9249, 8651, 8367, 7887, 7460, 7236, 7270, 7264, 7254, 6922, 6694, 6433, 6275, 5972, 5887, 5666, 5452, 5384, 5462, 5268, 5238, 5156, 4812, 4893, 4684, 4519, 4321, 4214, 4141, 3998, 3930, 3916, 3885, 3671, 3581, 3458, 3239, 3291",62,GluT1,"0.0, 0.15, 0.3, 0.44999999999999996, 0.6, 0.75, 0.8999999999999999, 1.05, 1.2, 1.3499999999999999, 1.5, 1.65, 1.7999999999999998, 1.95, 2.1, 2.25, 2.4, 2.55, 2.6999999999999997, 2.85, 3.0, 3.15, 3.3, 3.4499999999999997, 3.5999999999999996, 3.75, 3.9, 4.05, 4.2, 4.35, 4.5, 4.6499999999999995, 4.8, 4.95, 5.1, 5.25, 5.3999999999999995, 5.55, 5.7, 5.85, 6.0, 6.1499999999999995, 6.3, 6.45, 6.6, 6.75, 6.8999999999999995, 7.05, 7.199999999999999, 7.35, 7.5, 7.6499999999999995, 7.8, 7.949999999999999, 8.1, 8.25, 8.4, 8.549999999999999, 8.7, 8.85, 9.0, 9.15, 9.299999999999999, 9.45, 9.6, 9.75, 9.9, 10.049999999999999, 10.2, 10.35, 10.5, 10.65, 10.799999999999999, 10.95, 11.1, 11.25, 11.4, 11.549999999999999, 11.7, 11.85, 12.0, 12.15, 12.299999999999999, 12.45, 12.6, 12.75, 12.9, 13.049999999999999, 13.2, 13.35, 13.5, 13.65, 13.799999999999999, 13.95, 14.1, 14.25, 14.399999999999999, 14.549999999999999, 14.7, 14.85, 15.0, 15.149999999999999",2007R_GLUT1_647_WGA_594_0002,2007,R,False,2.82719062728826,False
"50844, 53464, 54877, 54902, 57566, 59449, 61615, 66910, 73201, 82342, 92480, 100716, 117126, 137904, 146562, 152632, 160339, 163259, 181869, 193167, 215795, 237791, 256644, 269463, 276462, 283811, 285143, 288320, 290551, 292651, 296268, 296302, 293203, 287858, 270840, 252312, 246898, 237715, 227665, 230284, 208004, 191174, 170293, 150765, 124417, 107421, 91922, 88242, 83046, 82611, 80530, 76893, 75847, 73147, 71940, 70532, 69567, 69510, 68265, 67927, 69224, 67564, 68267, 67530, 67195, 67711, 66558, 66926, 68053, 66830, 66458, 66605, 66294, 67136, 66297, 66291, 66399, 65837, 66275, 66329, 65775, 65514, 65611, 65915, 64898, 65046, 64789, 64751, 64569, 64523, 65172, 64467, 64744, 64610, 64711, 64291, 64569, 64225, 63714, 65127, 64285, 63972",63,DAPI,"0.0, 0.15, 0.3, 0.44999999999999996, 0.6, 0.75, 0.8999999999999999, 1.05, 1.2, 1.3499999999999999, 1.5, 1.65, 1.7999999999999998, 1.95, 2.1, 2.25, 2.4, 2.55, 2.6999999999999997, 2.85, 3.0, 3.15, 3.3, 3.4499999999999997, 3.5999999999999996, 3.75, 3.9, 4.05, 4.2, 4.35, 4.5, 4.6499999999999995, 4.8, 4.95, 5.1, 5.25, 5.3999999999999995, 5.55, 5.7, 5.85, 6.0, 6.1499999999999995, 6.3, 6.45, 6.6, 6.75, 6.8999999999999995, 7.05, 7.199999999999999, 7.35, 7.5, 7.6499999999999995, 7.8, 7.949999999999999, 8.1, 8.25, 8.4, 8.549999999999999, 8.7, 8.85, 9.0, 9.15, 9.299999999999999, 9.45, 9.6, 9.75, 9.9, 10.049999999999999, 10.2, 10.35, 10.5, 10.65, 10.799999999999999, 10.95, 11.1, 11.25, 11.4, 11.549999999999999, 11.7, 11.85, 12.0, 12.15, 12.299999999999999, 12.45, 12.6, 12.75, 12.9, 13.049999999999999, 13.2, 13.35, 13.5, 13.65, 13.799999999999999, 13.95, 14.1, 14.25, 14.399999999999999, 14.549999999999999, 14.7, 14.85, 15.0, 15.149999999999999",2007R_GLUT1_647_WGA_594_0002,2007,R,False,4.165076089760124,False
"7577, 7594, 7637, 7833, 7867, 7949, 8165, 8311, 8781, 9662, 10757, 11312, 12924, 13327, 13615, 13636, 14024, 13974, 14098, 14091, 14099, 14277, 14934, 15740, 15862, 16726, 16786, 16614, 16361, 16288, 16026, 16148, 16071, 15820, 15183, 15057, 15005, 14868, 14951, 14588, 14753, 14620, 15122, 15095, 15077, 15345, 15708, 15769, 15820, 15680, 15575, 15517, 14909, 14509, 14502, 13971, 14208, 14087, 14022, 13937, 13891, 13808, 13767, 13835, 13772, 13600, 13244, 13606, 13902, 14206, 13787, 13807, 13937, 14153, 13988, 14808, 15264, 15511, 14868, 15156, 14725, 14241, 14537, 14105, 14372, 13843, 13781, 13890, 13719, 13763, 13864, 13871, 13486, 13535, 13526, 13435, 13489, 13438, 13386, 13624, 13439, 13540",63,eGFP,"0.0, 0.15, 0.3, 0.44999999999999996, 0.6, 0.75, 0.8999999999999999, 1.05, 1.2, 1.3499999999999999, 1.5, 1.65, 1.7999999999999998, 1.95, 2.1, 2.25, 2.4, 2.55, 2.6999999999999997, 2.85, 3.0, 3.15, 3.3, 3.4499999999999997, 3.5999999999999996, 3.75, 3.9, 4.05, 4.2, 4.35, 4.5, 4.6499999999999995, 4.8, 4.95, 5.1, 5.25, 5.3999999999999995, 5.55, 5.7, 5.85, 6.0, 6.1499999999999995, 6.3, 6.45, 6.6, 6.75, 6.8999999999999995, 7.05, 7.199999999999999, 7.35, 7.5, 7.6499999999999995, 7.8, 7.949999999999999, 8.1, 8.25, 8.4, 8.549999999999999, 8.7, 8.85, 9.0, 9.15, 9.299999999999999, 9.45, 9.6, 9.75, 9.9, 10.049999999999999, 10.2, 10.35, 10.5, 10.65, 10.799999999999999, 10.95, 11.1, 11.25, 11.4, 11.549999999999999, 11.7, 11.85, 12.0, 12.15, 12.299999999999999, 12.45, 12.6, 12.75, 12.9, 13.049999999999999, 13.2, 13.35, 13.5, 13.65, 13.799999999999999, 13.95, 14.1, 14.25, 14.399999999999999, 14.549999999999999, 14.7, 14.85, 15.0, 15.149999999999999",2007R_GLUT1_647_WGA_594_0002,2007,R,False,4.165076089760124,False
"18060, 19389, 20810, 22333, 25502, 29832, 31801, 41956, 60065, 91813, 126594, 141065, 134657, 107854, 99580, 94537, 87657, 86715, 73383, 67802, 57787, 49814, 43933, 40198, 37648, 35198, 35064, 34079, 32570, 32234, 30509, 29359, 28604, 28303, 28811, 29766, 30176, 30664, 31701, 31458, 34573, 37088, 41037, 45864, 52865, 59350, 67918, 70697, 74393, 75395, 76358, 77586, 76762, 72279, 69339, 63600, 60395, 56657, 53407, 52858, 51425, 50341, 48505, 45808, 44482, 42330, 40262, 38269, 36509, 35835, 36278, 35952, 35554, 34801, 34510, 33458, 32467, 31443, 30732, 30093, 29532, 29449, 29265, 28927, 29072, 28376, 27708, 27078, 26267, 25680, 24938, 24554, 24378, 24058, 23853, 23439, 23209, 22648, 22298, 21861, 21526, 21108",63,WGA,"0.0, 0.15, 0.3, 0.44999999999999996, 0.6, 0.75, 0.8999999999999999, 1.05, 1.2, 1.3499999999999999, 1.5, 1.65, 1.7999999999999998, 1.95, 2.1, 2.25, 2.4, 2.55, 2.6999999999999997, 2.85, 3.0, 3.15, 3.3, 3.4499999999999997, 3.5999999999999996, 3.75, 3.9, 4.05, 4.2, 4.35, 4.5, 4.6499999999999995, 4.8, 4.95, 5.1, 5.25, 5.3999999999999995, 5.55, 5.7, 5.85, 6.0, 6.1499999999999995, 6.3, 6.45, 6.6, 6.75, 6.8999999999999995, 7.05, 7.199999999999999, 7.35, 7.5, 7.6499999999999995, 7.8, 7.949999999999999, 8.1, 8.25, 8.4, 8.549999999999999, 8.7, 8.85, 9.0, 9.15, 9.299999999999999, 9.45, 9.6, 9.75, 9.9, 10.049999999999999, 10.2, 10.35, 10.5, 10.65, 10.799999999999999, 10.95, 11.1, 11.25, 11.4, 11.549999999999999, 11.7, 11.85, 12.0, 12.15, 12.299999999999999, 12.45, 12.6, 12.75, 12.9, 13.049999999999999, 13.2, 13.35, 13.5, 13.65, 13.799999999999999, 13.95, 14.1, 14.25, 14.399999999999999, 14.549999999999999, 14.7, 14.85, 15.0, 15.149999999999999",2007R_GLUT1_647_WGA_594_0002,2007,R,False,4.165076089760124,False
"1778, 2094, 2402, 2778, 3611, 4445, 4711, 6755, 10006, 15095, 20129, 22612, 23488, 21653, 20940, 20312, 19595, 19869, 18180, 17185, 15275, 13802, 12430, 11375, 10817, 10174, 9993, 9514, 9283, 9033, 8652, 7947, 7631, 7223, 7121, 7161, 7282, 7215, 7384, 7364, 7864, 8203, 8888, 9656, 10821, 11692, 12597, 12900, 12556, 12589, 12431, 12232, 11757, 10576, 10051, 9400, 8708, 8281, 7756, 7674, 7446, 7380, 7165, 6784, 6826, 6482, 6196, 5933, 5421, 5511, 5621, 5551, 5489, 5406, 5248, 5099, 4847, 4648, 4449, 4352, 4271, 4165, 4228, 4068, 4091, 4065, 3922, 3870, 3608, 3605, 3566, 3512, 3481, 3376, 3406, 3456, 3303, 3285, 2929, 2914, 2730, 2656",63,GluT1,"0.0, 0.15, 0.3, 0.44999999999999996, 0.6, 0.75, 0.8999999999999999, 1.05, 1.2, 1.3499999999999999, 1.5, 1.65, 1.7999999999999998, 1.95, 2.1, 2.25, 2.4, 2.55, 2.6999999999999997, 2.85, 3.0, 3.15, 3.3, 3.4499999999999997, 3.5999999999999996, 3.75, 3.9, 4.05, 4.2, 4.35, 4.5, 4.6499999999999995, 4.8, 4.95, 5.1, 5.25, 5.3999999999999995, 5.55, 5.7, 5.85, 6.0, 6.1499999999999995, 6.3, 6.45, 6.6, 6.75, 6.8999999999999995, 7.05, 7.199999999999999, 7.35, 7.5, 7.6499999999999995, 7.8, 7.949999999999999, 8.1, 8.25, 8.4, 8.549999999999999, 8.7, 8.85, 9.0, 9.15, 9.299999999999999, 9.45, 9.6, 9.75, 9.9, 10.049999999999999, 10.2, 10.35, 10.5, 10.65, 10.799999999999999, 10.95, 11.1, 11.25, 11.4, 11.549999999999999, 11.7, 11.85, 12.0, 12.15, 12.299999999999999, 12.45, 12.6, 12.75, 12.9, 13.049999999999999, 13.2, 13.35, 13.5, 13.65, 13.799999999999999, 13.95, 14.1, 14.25, 14.399999999999999, 14.549999999999999, 14.7, 14.85, 15.0, 15.149999999999999",2007R_GLUT1_647_WGA_594_0002,2007,R,False,4.165076089760124,False
"86259, 87096, 87733, 89569, 90909, 93173, 95510, 102215, 109627, 116553, 121409, 123479, 126479, 129116, 129170, 130906, 130720, 131142, 134907, 137877, 144601, 155521, 166551, 178166, 185747, 195921, 199371, 204601, 215434, 214020, 231686, 248368, 266965, 287604, 315843, 333374, 338825, 343950, 352440, 351608, 365587, 370497, 374928, 375910, 369417, 360449, 338713, 330711, 316347, 309307, 301133, 286854, 271998, 241488, 229583, 191458, 169529, 151412, 140771, 140459, 136648, 133362, 130878, 128641, 128243, 125222, 124662, 122517, 121244, 121043, 120729, 119915, 119779, 119701, 119005, 118928, 118084, 117368, 116218, 115628, 115343, 116426, 115925, 115448, 115704, 115370, 114824, 114241, 114757, 113529, 113869, 113842, 112157, 113752, 113451, 112046, 112463, 112644, 111964, 112212, 111374, 111658",64,DAPI,"0.0, 0.15, 0.3, 0.44999999999999996, 0.6, 0.75, 0.8999999999999999, 1.05, 1.2, 1.3499999999999999, 1.5, 1.65, 1.7999999999999998, 1.95, 2.1, 2.25, 2.4, 2.55, 2.6999999999999997, 2.85, 3.0, 3.15, 3.3, 3.4499999999999997, 3.5999999999999996, 3.75, 3.9, 4.05, 4.2, 4.35, 4.5, 4.6499999999999995, 4.8, 4.95, 5.1, 5.25, 5.3999999999999995, 5.55, 5.7, 5.85, 6.0, 6.1499999999999995, 6.3, 6.45, 6.6, 6.75, 6.8999999999999995, 7.05, 7.199999999999999, 7.35, 7.5, 7.6499999999999995, 7.8, 7.949999999999999, 8.1, 8.25, 8.4, 8.549999999999999, 8.7, 8.85, 9.0, 9.15, 9.299999999999999, 9.45, 9.6, 9.75, 9.9, 10.049999999999999, 10.2, 10.35, 10.5, 10.65, 10.799999999999999, 10.95, 11.1, 11.25, 11.4, 11.549999999999999, 11.7, 11.85, 12.0, 12.15, 12.299999999999999, 12.45, 12.6, 12.75, 12.9, 13.049999999999999, 13.2, 13.35, 13.5, 13.65, 13.799999999999999, 13.95, 14.1, 14.25, 14.399999999999999, 14.549999999999999, 14.7, 14.85, 15.0, 15.149999999999999",2007R_GLUT1_647_WGA_594_0002,2007,R,True,89.01613385121004,False
"17585, 18035, 18671, 19983, 20540, 21732, 22191, 24271, 26752, 30760, 35883, 39903, 47355, 57472, 60769, 64873, 69537, 69835, 85128, 95273, 116362, 137435, 154167, 170576, 184268, 207480, 211341, 221558, 241996, 241413, 272263, 305709, 337639, 377337, 431300, 472191, 483075, 492593, 515006, 511924, 554437, 571789, 595874, 609385, 619858, 620253, 613149, 610433, 603664, 599059, 594084, 577974, 558349, 522217, 501546, 442651, 388869, 306916, 225136, 216780, 183968, 162625, 133967, 102997, 92780, 78939, 67242, 58476, 51130, 49342, 49881, 48981, 46844, 44835, 44487, 41443, 38460, 37077, 35048, 34146, 33045, 32250, 32581, 31425, 31612, 30290, 29600, 29529, 29021, 28592, 27840, 27389, 27452, 26938, 26394, 26621, 26263, 26036, 25768, 26107, 26657, 27465",64,eGFP,"0.0, 0.15, 0.3, 0.44999999999999996, 0.6, 0.75, 0.8999999999999999, 1.05, 1.2, 1.3499999999999999, 1.5, 1.65, 1.7999999999999998, 1.95, 2.1, 2.25, 2.4, 2.55, 2.6999999999999997, 2.85, 3.0, 3.15, 3.3, 3.4499999999999997, 3.5999999999999996, 3.75, 3.9, 4.05, 4.2, 4.35, 4.5, 4.6499999999999995, 4.8, 4.95, 5.1, 5.25, 5.3999999999999995, 5.55, 5.7, 5.85, 6.0, 6.1499999999999995, 6.3, 6.45, 6.6, 6.75, 6.8999999999999995, 7.05, 7.199999999999999, 7.35, 7.5, 7.6499999999999995, 7.8, 7.949999999999999, 8.1, 8.25, 8.4, 8.549999999999999, 8.7, 8.85, 9.0, 9.15, 9.299999999999999, 9.45, 9.6, 9.75, 9.9, 10.049999999999999, 10.2, 10.35, 10.5, 10.65, 10.799999999999999, 10.95, 11.1, 11.25, 11.4, 11.549999999999999, 11.7, 11.85, 12.0, 12.15, 12.299999999999999, 12.45, 12.6, 12.75, 12.9, 13.049999999999999, 13.2, 13.35, 13.5, 13.65, 13.799999999999999, 13.95, 14.1, 14.25, 14.399999999999999, 14.549999999999999, 14.7, 14.85, 15.0, 15.149999999999999",2007R_GLUT1_647_WGA_594_0002,2007,R,True,89.01613385121004,False
"32882, 35076, 37674, 40178, 45006, 52145, 55020, 73725, 112146, 193678, 283779, 304915, 270181, 211862, 199777, 193735, 187079, 185246, 173725, 167050, 159435, 151595, 146117, 140649, 136656, 132109, 131646, 131390, 128895, 128137, 126311, 123717, 121644, 119157, 114086, 109976, 108556, 107496, 104507, 105085, 99355, 96908, 91368, 88015, 85481, 84386, 85425, 85948, 87695, 88723, 90002, 92637, 95440, 100578, 101577, 103992, 105651, 107616, 109299, 109323, 109723, 108264, 106705, 102171, 100760, 96258, 91611, 87235, 82491, 80157, 81406, 81038, 79484, 77134, 76176, 73399, 69577, 68191, 64602, 62846, 60613, 59503, 59631, 58470, 57539, 56462, 54715, 53603, 51883, 50032, 48911, 47504, 46765, 45725, 45505, 44255, 43002, 42061, 40901, 40322, 39723, 38949",64,WGA,"0.0, 0.15, 0.3, 0.44999999999999996, 0.6, 0.75, 0.8999999999999999, 1.05, 1.2, 1.3499999999999999, 1.5, 1.65, 1.7999999999999998, 1.95, 2.1, 2.25, 2.4, 2.55, 2.6999999999999997, 2.85, 3.0, 3.15, 3.3, 3.4499999999999997, 3.5999999999999996, 3.75, 3.9, 4.05, 4.2, 4.35, 4.5, 4.6499999999999995, 4.8, 4.95, 5.1, 5.25, 5.3999999999999995, 5.55, 5.7, 5.85, 6.0, 6.1499999999999995, 6.3, 6.45, 6.6, 6.75, 6.8999999999999995, 7.05, 7.199999999999999, 7.35, 7.5, 7.6499999999999995, 7.8, 7.949999999999999, 8.1, 8.25, 8.4, 8.549999999999999, 8.7, 8.85, 9.0, 9.15, 9.299999999999999, 9.45, 9.6, 9.75, 9.9, 10.049999999999999, 10.2, 10.35, 10.5, 10.65, 10.799999999999999, 10.95, 11.1, 11.25, 11.4, 11.549999999999999, 11.7, 11.85, 12.0, 12.15, 12.299999999999999, 12.45, 12.6, 12.75, 12.9, 13.049999999999999, 13.2, 13.35, 13.5, 13.65, 13.799999999999999, 13.95, 14.1, 14.25, 14.399999999999999, 14.549999999999999, 14.7, 14.85, 15.0, 15.149999999999999",2007R_GLUT1_647_WGA_594_0002,2007,R,True,89.01613385121004,False
"3298, 3883, 4365, 4951, 6207, 7540, 8043, 11542, 18830, 32367, 45985, 49841, 47158, 40967, 39883, 39337, 38263, 37959, 36808, 36180, 35268, 34124, 32827, 31609, 30534, 29641, 29467, 29378, 28671, 28593, 28115, 27881, 27407, 26580, 25475, 24623, 24173, 23715, 23163, 23099, 21388, 20688, 19627, 18481, 17008, 16693, 16365, 16332, 16489, 16677, 16750, 17293, 17533, 18338, 18311, 18995, 18796, 18515, 17935, 17927, 17598, 17073, 16743, 15654, 15359, 14632, 13926, 13059, 12358, 12134, 12119, 12064, 12106, 11614, 11350, 10845, 10152, 9930, 9599, 9405, 8980, 8689, 8839, 8785, 8718, 8518, 8363, 8021, 7582, 7430, 7258, 7189, 6903, 6679, 6686, 6346, 6152, 6025, 5709, 5691, 5331, 5383",64,GluT1,"0.0, 0.15, 0.3, 0.44999999999999996, 0.6, 0.75, 0.8999999999999999, 1.05, 1.2, 1.3499999999999999, 1.5, 1.65, 1.7999999999999998, 1.95, 2.1, 2.25, 2.4, 2.55, 2.6999999999999997, 2.85, 3.0, 3.15, 3.3, 3.4499999999999997, 3.5999999999999996, 3.75, 3.9, 4.05, 4.2, 4.35, 4.5, 4.6499999999999995, 4.8, 4.95, 5.1, 5.25, 5.3999999999999995, 5.55, 5.7, 5.85, 6.0, 6.1499999999999995, 6.3, 6.45, 6.6, 6.75, 6.8999999999999995, 7.05, 7.199999999999999, 7.35, 7.5, 7.6499999999999995, 7.8, 7.949999999999999, 8.1, 8.25, 8.4, 8.549999999999999, 8.7, 8.85, 9.0, 9.15, 9.299999999999999, 9.45, 9.6, 9.75, 9.9, 10.049999999999999, 10.2, 10.35, 10.5, 10.65, 10.799999999999999, 10.95, 11.1, 11.25, 11.4, 11.549999999999999, 11.7, 11.85, 12.0, 12.15, 12.299999999999999, 12.45, 12.6, 12.75, 12.9, 13.049999999999999, 13.2, 13.35, 13.5, 13.65, 13.799999999999999, 13.95, 14.1, 14.25, 14.399999999999999, 14.549999999999999, 14.7, 14.85, 15.0, 15.149999999999999",2007R_GLUT1_647_WGA_594_0002,2007,R,True,89.01613385121004,False
"58243, 59834, 60572, 61908, 63167, 65080, 66024, 69772, 76229, 81973, 87259, 90187, 96117, 102481, 107117, 108070, 110425, 111518, 119901, 123050, 129513, 138200, 147645, 156289, 165822, 178140, 182634, 188193, 201748, 202457, 225388, 250091, 269433, 290736, 307399, 315094, 321980, 322750, 332357, 329561, 344900, 355365, 370736, 379377, 386979, 382395, 353325, 337372, 306390, 289350, 268390, 230117, 190812, 140235, 129531, 110783, 102596, 96488, 91958, 90841, 91188, 88578, 86756, 85138, 85102, 84138, 82974, 80649, 79679, 79728, 79142, 78846, 79236, 78811, 79164, 77546, 77068, 76611, 76969, 77055, 76043, 75709, 75951, 75200, 76965, 74700, 74269, 75434, 74154, 74340, 74660, 74632, 74821, 74958, 74305, 73762, 73802, 74066, 74196, 73378, 73856, 72813",65,DAPI,"0.0, 0.15, 0.3, 0.44999999999999996, 0.6, 0.75, 0.8999999999999999, 1.05, 1.2, 1.3499999999999999, 1.5, 1.65, 1.7999999999999998, 1.95, 2.1, 2.25, 2.4, 2.55, 2.6999999999999997, 2.85, 3.0, 3.15, 3.3, 3.4499999999999997, 3.5999999999999996, 3.75, 3.9, 4.05, 4.2, 4.35, 4.5, 4.6499999999999995, 4.8, 4.95, 5.1, 5.25, 5.3999999999999995, 5.55, 5.7, 5.85, 6.0, 6.1499999999999995, 6.3, 6.45, 6.6, 6.75, 6.8999999999999995, 7.05, 7.199999999999999, 7.35, 7.5, 7.6499999999999995, 7.8, 7.949999999999999, 8.1, 8.25, 8.4, 8.549999999999999, 8.7, 8.85, 9.0, 9.15, 9.299999999999999, 9.45, 9.6, 9.75, 9.9, 10.049999999999999, 10.2, 10.35, 10.5, 10.65, 10.799999999999999, 10.95, 11.1, 11.25, 11.4, 11.549999999999999, 11.7, 11.85, 12.0, 12.15, 12.299999999999999, 12.45, 12.6, 12.75, 12.9, 13.049999999999999, 13.2, 13.35, 13.5, 13.65, 13.799999999999999, 13.95, 14.1, 14.25, 14.399999999999999, 14.549999999999999, 14.7, 14.85, 15.0, 15.149999999999999",2007R_GLUT1_647_WGA_594_0002,2007,R,False,2.8746335963923335,False
"8395, 8497, 8465, 8828, 8847, 8857, 9090, 9422, 9951, 11014, 13024, 13920, 15798, 16599, 17601, 17952, 18237, 18211, 19730, 21071, 23620, 26023, 27952, 28825, 28851, 27919, 27827, 27031, 25998, 25716, 23963, 22679, 21554, 19987, 18959, 18691, 18990, 18589, 18383, 18414, 16911, 15787, 14325, 13044, 12749, 12546, 12588, 12895, 12727, 12698, 13214, 13716, 14066, 14630, 15349, 15406, 15548, 15798, 15424, 15515, 15200, 15159, 15275, 15096, 14978, 15210, 15101, 15077, 14934, 14740, 14730, 15114, 15013, 15039, 14967, 14837, 14782, 14834, 14874, 15082, 14866, 15011, 14767, 15119, 15086, 14810, 14728, 15003, 15075, 15168, 15286, 15290, 15575, 15475, 15251, 15218, 15665, 16239, 16668, 16928, 17250, 17436",65,eGFP,"0.0, 0.15, 0.3, 0.44999999999999996, 0.6, 0.75, 0.8999999999999999, 1.05, 1.2, 1.3499999999999999, 1.5, 1.65, 1.7999999999999998, 1.95, 2.1, 2.25, 2.4, 2.55, 2.6999999999999997, 2.85, 3.0, 3.15, 3.3, 3.4499999999999997, 3.5999999999999996, 3.75, 3.9, 4.05, 4.2, 4.35, 4.5, 4.6499999999999995, 4.8, 4.95, 5.1, 5.25, 5.3999999999999995, 5.55, 5.7, 5.85, 6.0, 6.1499999999999995, 6.3, 6.45, 6.6, 6.75, 6.8999999999999995, 7.05, 7.199999999999999, 7.35, 7.5, 7.6499999999999995, 7.8, 7.949999999999999, 8.1, 8.25, 8.4, 8.549999999999999, 8.7, 8.85, 9.0, 9.15, 9.299999999999999, 9.45, 9.6, 9.75, 9.9, 10.049999999999999, 10.2, 10.35, 10.5, 10.65, 10.799999999999999, 10.95, 11.1, 11.25, 11.4, 11.549999999999999, 11.7, 11.85, 12.0, 12.15, 12.299999999999999, 12.45, 12.6, 12.75, 12.9, 13.049999999999999, 13.2, 13.35, 13.5, 13.65, 13.799999999999999, 13.95, 14.1, 14.25, 14.399999999999999, 14.549999999999999, 14.7, 14.85, 15.0, 15.149999999999999",2007R_GLUT1_647_WGA_594_0002,2007,R,False,2.8746335963923335,False
"21838, 23477, 25260, 26963, 30333, 35476, 37378, 50472, 77691, 137246, 203926, 220121, 191037, 142379, 133132, 128338, 123800, 122073, 116631, 113667, 109959, 107147, 104305, 101338, 98602, 94771, 94282, 92695, 89746, 89770, 84520, 78512, 72351, 66337, 58837, 54555, 53466, 52143, 49731, 49786, 46103, 44067, 41496, 39709, 38465, 39528, 43311, 45141, 49746, 52283, 54887, 61414, 69413, 82846, 86044, 90765, 90592, 86888, 81717, 81056, 78615, 76512, 73355, 68432, 66752, 63235, 59885, 57061, 52436, 51211, 51890, 51065, 50204, 47911, 47538, 45058, 42962, 41854, 39518, 38693, 37247, 36717, 36714, 36002, 35428, 34717, 33535, 32843, 31746, 30681, 29886, 29217, 28911, 28516, 28331, 27944, 27234, 26959, 26251, 25775, 25333, 24784",65,WGA,"0.0, 0.15, 0.3, 0.44999999999999996, 0.6, 0.75, 0.8999999999999999, 1.05, 1.2, 1.3499999999999999, 1.5, 1.65, 1.7999999999999998, 1.95, 2.1, 2.25, 2.4, 2.55, 2.6999999999999997, 2.85, 3.0, 3.15, 3.3, 3.4499999999999997, 3.5999999999999996, 3.75, 3.9, 4.05, 4.2, 4.35, 4.5, 4.6499999999999995, 4.8, 4.95, 5.1, 5.25, 5.3999999999999995, 5.55, 5.7, 5.85, 6.0, 6.1499999999999995, 6.3, 6.45, 6.6, 6.75, 6.8999999999999995, 7.05, 7.199999999999999, 7.35, 7.5, 7.6499999999999995, 7.8, 7.949999999999999, 8.1, 8.25, 8.4, 8.549999999999999, 8.7, 8.85, 9.0, 9.15, 9.299999999999999, 9.45, 9.6, 9.75, 9.9, 10.049999999999999, 10.2, 10.35, 10.5, 10.65, 10.799999999999999, 10.95, 11.1, 11.25, 11.4, 11.549999999999999, 11.7, 11.85, 12.0, 12.15, 12.299999999999999, 12.45, 12.6, 12.75, 12.9, 13.049999999999999, 13.2, 13.35, 13.5, 13.65, 13.799999999999999, 13.95, 14.1, 14.25, 14.399999999999999, 14.549999999999999, 14.7, 14.85, 15.0, 15.149999999999999",2007R_GLUT1_647_WGA_594_0002,2007,R,False,2.8746335963923335,False
"2665, 3094, 3533, 4062, 5071, 6020, 6574, 9267, 14673, 24729, 35333, 39256, 41149, 43818, 45470, 46863, 48978, 49331, 53482, 54561, 54901, 52463, 49068, 45341, 43259, 39113, 38424, 36766, 33937, 33629, 29911, 25898, 22705, 20209, 17232, 15488, 14824, 14425, 13440, 13689, 11876, 11023, 9919, 9201, 8518, 8543, 8700, 8920, 9029, 9326, 9658, 10524, 11418, 12912, 12805, 13443, 12966, 12417, 11619, 11559, 11299, 10940, 10585, 9897, 9753, 9210, 8763, 8327, 7689, 7442, 7482, 7487, 7389, 7064, 6857, 6680, 6334, 6019, 5912, 5727, 5425, 5228, 5256, 5265, 5248, 4895, 4727, 4645, 4413, 4278, 4048, 3996, 3965, 3829, 3844, 3798, 3655, 3586, 3421, 3287, 3058, 3121",65,GluT1,"0.0, 0.15, 0.3, 0.44999999999999996, 0.6, 0.75, 0.8999999999999999, 1.05, 1.2, 1.3499999999999999, 1.5, 1.65, 1.7999999999999998, 1.95, 2.1, 2.25, 2.4, 2.55, 2.6999999999999997, 2.85, 3.0, 3.15, 3.3, 3.4499999999999997, 3.5999999999999996, 3.75, 3.9, 4.05, 4.2, 4.35, 4.5, 4.6499999999999995, 4.8, 4.95, 5.1, 5.25, 5.3999999999999995, 5.55, 5.7, 5.85, 6.0, 6.1499999999999995, 6.3, 6.45, 6.6, 6.75, 6.8999999999999995, 7.05, 7.199999999999999, 7.35, 7.5, 7.6499999999999995, 7.8, 7.949999999999999, 8.1, 8.25, 8.4, 8.549999999999999, 8.7, 8.85, 9.0, 9.15, 9.299999999999999, 9.45, 9.6, 9.75, 9.9, 10.049999999999999, 10.2, 10.35, 10.5, 10.65, 10.799999999999999, 10.95, 11.1, 11.25, 11.4, 11.549999999999999, 11.7, 11.85, 12.0, 12.15, 12.299999999999999, 12.45, 12.6, 12.75, 12.9, 13.049999999999999, 13.2, 13.35, 13.5, 13.65, 13.799999999999999, 13.95, 14.1, 14.25, 14.399999999999999, 14.549999999999999, 14.7, 14.85, 15.0, 15.149999999999999",2007R_GLUT1_647_WGA_594_0002,2007,R,False,2.8746335963923335,False
"83406, 85543, 86297, 88729, 92120, 93951, 94284, 101262, 110935, 120577, 132208, 139113, 155700, 176061, 186076, 192635, 202121, 205089, 232444, 247743, 281460, 311300, 337067, 354116, 369095, 380516, 383402, 386906, 391917, 393511, 393639, 389694, 378050, 357954, 330928, 308643, 301170, 298173, 287540, 291139, 266866, 251571, 228928, 203620, 173004, 154835, 135834, 132617, 128291, 125198, 123517, 119398, 117445, 114780, 114589, 110606, 109336, 108772, 108280, 107895, 108139, 107867, 107581, 107061, 106312, 108259, 107350, 108858, 109793, 110560, 109939, 110368, 111416, 113455, 113608, 115042, 120316, 120725, 124705, 125608, 128216, 129715, 130749, 130801, 131991, 131773, 132593, 133377, 132909, 132573, 132954, 133243, 132735, 132557, 133080, 133351, 131595, 128809, 125813, 120888, 113335, 110503",66,DAPI,"0.0, 0.15, 0.3, 0.44999999999999996, 0.6, 0.75, 0.8999999999999999, 1.05, 1.2, 1.3499999999999999, 1.5, 1.65, 1.7999999999999998, 1.95, 2.1, 2.25, 2.4, 2.55, 2.6999999999999997, 2.85, 3.0, 3.15, 3.3, 3.4499999999999997, 3.5999999999999996, 3.75, 3.9, 4.05, 4.2, 4.35, 4.5, 4.6499999999999995, 4.8, 4.95, 5.1, 5.25, 5.3999999999999995, 5.55, 5.7, 5.85, 6.0, 6.1499999999999995, 6.3, 6.45, 6.6, 6.75, 6.8999999999999995, 7.05, 7.199999999999999, 7.35, 7.5, 7.6499999999999995, 7.8, 7.949999999999999, 8.1, 8.25, 8.4, 8.549999999999999, 8.7, 8.85, 9.0, 9.15, 9.299999999999999, 9.45, 9.6, 9.75, 9.9, 10.049999999999999, 10.2, 10.35, 10.5, 10.65, 10.799999999999999, 10.95, 11.1, 11.25, 11.4, 11.549999999999999, 11.7, 11.85, 12.0, 12.15, 12.299999999999999, 12.45, 12.6, 12.75, 12.9, 13.049999999999999, 13.2, 13.35, 13.5, 13.65, 13.799999999999999, 13.95, 14.1, 14.25, 14.399999999999999, 14.549999999999999, 14.7, 14.85, 15.0, 15.149999999999999",2007R_GLUT1_647_WGA_594_0002,2007,R,True,32.7196666132393,False
"13928, 14298, 14693, 15490, 16165, 16630, 17060, 18405, 20280, 23858, 28360, 32164, 39971, 52250, 58435, 62884, 69565, 71042, 91250, 103928, 126460, 147963, 165781, 178528, 185312, 193948, 195372, 198917, 204272, 204138, 206864, 208126, 212024, 210359, 206968, 205118, 203881, 203403, 200823, 200624, 193489, 188058, 177474, 166299, 147534, 131340, 104795, 93243, 80157, 73619, 66289, 56400, 48407, 39233, 37148, 32858, 31832, 30462, 29482, 28897, 28199, 27899, 27151, 26422, 26355, 25962, 25485, 25472, 25358, 25128, 24964, 25375, 25334, 25413, 25312, 25169, 25020, 25383, 25364, 25714, 25070, 25197, 25349, 24590, 24790, 24647, 24601, 24716, 25257, 25788, 26670, 27480, 28154, 28794, 28654, 30072, 30456, 30099, 30451, 30256, 30905, 32880",66,eGFP,"0.0, 0.15, 0.3, 0.44999999999999996, 0.6, 0.75, 0.8999999999999999, 1.05, 1.2, 1.3499999999999999, 1.5, 1.65, 1.7999999999999998, 1.95, 2.1, 2.25, 2.4, 2.55, 2.6999999999999997, 2.85, 3.0, 3.15, 3.3, 3.4499999999999997, 3.5999999999999996, 3.75, 3.9, 4.05, 4.2, 4.35, 4.5, 4.6499999999999995, 4.8, 4.95, 5.1, 5.25, 5.3999999999999995, 5.55, 5.7, 5.85, 6.0, 6.1499999999999995, 6.3, 6.45, 6.6, 6.75, 6.8999999999999995, 7.05, 7.199999999999999, 7.35, 7.5, 7.6499999999999995, 7.8, 7.949999999999999, 8.1, 8.25, 8.4, 8.549999999999999, 8.7, 8.85, 9.0, 9.15, 9.299999999999999, 9.45, 9.6, 9.75, 9.9, 10.049999999999999, 10.2, 10.35, 10.5, 10.65, 10.799999999999999, 10.95, 11.1, 11.25, 11.4, 11.549999999999999, 11.7, 11.85, 12.0, 12.15, 12.299999999999999, 12.45, 12.6, 12.75, 12.9, 13.049999999999999, 13.2, 13.35, 13.5, 13.65, 13.799999999999999, 13.95, 14.1, 14.25, 14.399999999999999, 14.549999999999999, 14.7, 14.85, 15.0, 15.149999999999999",2007R_GLUT1_647_WGA_594_0002,2007,R,True,32.7196666132393,False
"29382, 31277, 33304, 35017, 39645, 45227, 48405, 64046, 95085, 162928, 240126, 264211, 232291, 168528, 154324, 148704, 142612, 140222, 133319, 131558, 127798, 121051, 110830, 100163, 94065, 83064, 80999, 77537, 71868, 71752, 65506, 61673, 60149, 60068, 62587, 65519, 66650, 67475, 69359, 69214, 73764, 76626, 80641, 85272, 90644, 95818, 102682, 104998, 107246, 109102, 109311, 109831, 108804, 103614, 100310, 93036, 88720, 83028, 78275, 77331, 75528, 73288, 70893, 67308, 66067, 63364, 60583, 57394, 54776, 54113, 54284, 53909, 53203, 52052, 51326, 50020, 47966, 47428, 45647, 44718, 42899, 42846, 42582, 41898, 41625, 40870, 39614, 39304, 38350, 37395, 37027, 36257, 36070, 35478, 35628, 34827, 34728, 34229, 33479, 33412, 32974, 32542",66,WGA,"0.0, 0.15, 0.3, 0.44999999999999996, 0.6, 0.75, 0.8999999999999999, 1.05, 1.2, 1.3499999999999999, 1.5, 1.65, 1.7999999999999998, 1.95, 2.1, 2.25, 2.4, 2.55, 2.6999999999999997, 2.85, 3.0, 3.15, 3.3, 3.4499999999999997, 3.5999999999999996, 3.75, 3.9, 4.05, 4.2, 4.35, 4.5, 4.6499999999999995, 4.8, 4.95, 5.1, 5.25, 5.3999999999999995, 5.55, 5.7, 5.85, 6.0, 6.1499999999999995, 6.3, 6.45, 6.6, 6.75, 6.8999999999999995, 7.05, 7.199999999999999, 7.35, 7.5, 7.6499999999999995, 7.8, 7.949999999999999, 8.1, 8.25, 8.4, 8.549999999999999, 8.7, 8.85, 9.0, 9.15, 9.299999999999999, 9.45, 9.6, 9.75, 9.9, 10.049999999999999, 10.2, 10.35, 10.5, 10.65, 10.799999999999999, 10.95, 11.1, 11.25, 11.4, 11.549999999999999, 11.7, 11.85, 12.0, 12.15, 12.299999999999999, 12.45, 12.6, 12.75, 12.9, 13.049999999999999, 13.2, 13.35, 13.5, 13.65, 13.799999999999999, 13.95, 14.1, 14.25, 14.399999999999999, 14.549999999999999, 14.7, 14.85, 15.0, 15.149999999999999",2007R_GLUT1_647_WGA_594_0002,2007,R,True,32.7196666132393,False
"2799, 3346, 3823, 4312, 5353, 6625, 7138, 10352, 16169, 26682, 37547, 41385, 40594, 36620, 35980, 35940, 35714, 35214, 35296, 35113, 33642, 30901, 27886, 25168, 22941, 20556, 19994, 19363, 17592, 17686, 15853, 14412, 14105, 14257, 14602, 15086, 15353, 15632, 15921, 15868, 16967, 17570, 18534, 19663, 20551, 20561, 20309, 19851, 19323, 19121, 18537, 18178, 17329, 15880, 15421, 14121, 12988, 12036, 11241, 11224, 10823, 10762, 10273, 9627, 9543, 9228, 8685, 8368, 8049, 8030, 8009, 8058, 7934, 7839, 7747, 7593, 7452, 7179, 6989, 6997, 6690, 6502, 6570, 6402, 6436, 6254, 6025, 5833, 5567, 5505, 5375, 5235, 5117, 4963, 5019, 4839, 4789, 4679, 4330, 4303, 4153, 3961",66,GluT1,"0.0, 0.15, 0.3, 0.44999999999999996, 0.6, 0.75, 0.8999999999999999, 1.05, 1.2, 1.3499999999999999, 1.5, 1.65, 1.7999999999999998, 1.95, 2.1, 2.25, 2.4, 2.55, 2.6999999999999997, 2.85, 3.0, 3.15, 3.3, 3.4499999999999997, 3.5999999999999996, 3.75, 3.9, 4.05, 4.2, 4.35, 4.5, 4.6499999999999995, 4.8, 4.95, 5.1, 5.25, 5.3999999999999995, 5.55, 5.7, 5.85, 6.0, 6.1499999999999995, 6.3, 6.45, 6.6, 6.75, 6.8999999999999995, 7.05, 7.199999999999999, 7.35, 7.5, 7.6499999999999995, 7.8, 7.949999999999999, 8.1, 8.25, 8.4, 8.549999999999999, 8.7, 8.85, 9.0, 9.15, 9.299999999999999, 9.45, 9.6, 9.75, 9.9, 10.049999999999999, 10.2, 10.35, 10.5, 10.65, 10.799999999999999, 10.95, 11.1, 11.25, 11.4, 11.549999999999999, 11.7, 11.85, 12.0, 12.15, 12.299999999999999, 12.45, 12.6, 12.75, 12.9, 13.049999999999999, 13.2, 13.35, 13.5, 13.65, 13.799999999999999, 13.95, 14.1, 14.25, 14.399999999999999, 14.549999999999999, 14.7, 14.85, 15.0, 15.149999999999999",2007R_GLUT1_647_WGA_594_0002,2007,R,True,32.7196666132393,False
"55171, 56582, 58101, 57884, 60219, 61615, 62777, 66356, 70719, 77303, 83288, 88202, 96001, 106379, 111884, 114169, 119370, 121090, 133238, 142506, 160114, 178113, 196730, 212792, 224178, 239363, 244591, 247946, 257587, 258453, 261958, 261154, 254662, 242252, 226267, 213260, 207544, 207450, 199007, 199873, 183066, 174785, 160386, 145114, 126185, 110664, 98609, 94404, 91636, 90264, 88615, 86513, 86231, 85385, 85680, 85178, 85983, 84201, 83307, 83420, 82363, 81394, 79258, 76620, 75352, 73479, 71989, 69742, 69565, 68976, 69854, 70057, 69500, 68607, 68364, 68768, 67712, 67897, 67835, 67481, 68008, 67203, 67397, 67522, 67515, 67217, 67627, 66950, 66475, 65614, 66650, 67410, 65269, 66189, 65949, 66571, 65790, 65944, 66025, 65991, 66438, 66373",67,DAPI,"0.0, 0.15, 0.3, 0.44999999999999996, 0.6, 0.75, 0.8999999999999999, 1.05, 1.2, 1.3499999999999999, 1.5, 1.65, 1.7999999999999998, 1.95, 2.1, 2.25, 2.4, 2.55, 2.6999999999999997, 2.85, 3.0, 3.15, 3.3, 3.4499999999999997, 3.5999999999999996, 3.75, 3.9, 4.05, 4.2, 4.35, 4.5, 4.6499999999999995, 4.8, 4.95, 5.1, 5.25, 5.3999999999999995, 5.55, 5.7, 5.85, 6.0, 6.1499999999999995, 6.3, 6.45, 6.6, 6.75, 6.8999999999999995, 7.05, 7.199999999999999, 7.35, 7.5, 7.6499999999999995, 7.8, 7.949999999999999, 8.1, 8.25, 8.4, 8.549999999999999, 8.7, 8.85, 9.0, 9.15, 9.299999999999999, 9.45, 9.6, 9.75, 9.9, 10.049999999999999, 10.2, 10.35, 10.5, 10.65, 10.799999999999999, 10.95, 11.1, 11.25, 11.4, 11.549999999999999, 11.7, 11.85, 12.0, 12.15, 12.299999999999999, 12.45, 12.6, 12.75, 12.9, 13.049999999999999, 13.2, 13.35, 13.5, 13.65, 13.799999999999999, 13.95, 14.1, 14.25, 14.399999999999999, 14.549999999999999, 14.7, 14.85, 15.0, 15.149999999999999",2007R_GLUT1_647_WGA_594_0002,2007,R,False,3.2301968314930387,False
"7956, 7930, 7894, 8309, 8086, 8347, 8439, 8533, 9101, 9997, 11226, 12384, 13615, 13955, 13916, 13904, 13856, 13882, 13655, 13382, 12900, 13077, 12799, 12889, 12975, 13304, 13554, 14028, 14276, 13973, 14132, 13853, 13457, 12953, 12562, 12522, 12630, 12696, 13173, 12811, 13698, 13661, 14015, 14555, 15353, 15797, 16153, 16245, 16581, 16635, 16751, 16642, 16861, 17426, 17368, 18139, 19033, 20755, 21256, 21364, 21592, 21755, 21644, 21094, 21033, 20385, 19901, 19211, 19011, 18781, 18441, 19033, 18902, 18595, 18601, 18122, 17302, 16763, 16083, 15877, 15175, 15355, 15423, 15513, 15110, 15219, 15137, 15697, 15584, 15966, 16412, 16920, 17491, 17294, 17008, 17749, 18216, 18641, 19861, 20769, 21610, 22524",67,eGFP,"0.0, 0.15, 0.3, 0.44999999999999996, 0.6, 0.75, 0.8999999999999999, 1.05, 1.2, 1.3499999999999999, 1.5, 1.65, 1.7999999999999998, 1.95, 2.1, 2.25, 2.4, 2.55, 2.6999999999999997, 2.85, 3.0, 3.15, 3.3, 3.4499999999999997, 3.5999999999999996, 3.75, 3.9, 4.05, 4.2, 4.35, 4.5, 4.6499999999999995, 4.8, 4.95, 5.1, 5.25, 5.3999999999999995, 5.55, 5.7, 5.85, 6.0, 6.1499999999999995, 6.3, 6.45, 6.6, 6.75, 6.8999999999999995, 7.05, 7.199999999999999, 7.35, 7.5, 7.6499999999999995, 7.8, 7.949999999999999, 8.1, 8.25, 8.4, 8.549999999999999, 8.7, 8.85, 9.0, 9.15, 9.299999999999999, 9.45, 9.6, 9.75, 9.9, 10.049999999999999, 10.2, 10.35, 10.5, 10.65, 10.799999999999999, 10.95, 11.1, 11.25, 11.4, 11.549999999999999, 11.7, 11.85, 12.0, 12.15, 12.299999999999999, 12.45, 12.6, 12.75, 12.9, 13.049999999999999, 13.2, 13.35, 13.5, 13.65, 13.799999999999999, 13.95, 14.1, 14.25, 14.399999999999999, 14.549999999999999, 14.7, 14.85, 15.0, 15.149999999999999",2007R_GLUT1_647_WGA_594_0002,2007,R,False,3.2301968314930387,False
"19849, 21342, 22761, 24078, 27739, 31146, 34251, 45288, 66258, 117093, 170781, 192325, 172518, 126005, 113825, 109840, 102972, 98833, 87543, 82567, 73222, 64647, 57268, 52031, 48855, 44209, 43553, 42008, 38897, 39323, 35927, 33594, 33350, 33999, 35734, 37276, 37563, 38134, 38409, 37884, 40243, 41483, 44581, 48203, 53232, 58057, 65431, 69601, 73133, 74586, 75497, 74707, 73321, 68048, 65596, 61027, 57759, 53808, 50599, 50248, 48971, 47663, 46007, 43777, 43118, 41156, 38706, 37370, 35085, 34427, 34796, 34620, 33969, 32950, 32452, 31741, 30429, 30193, 29003, 28384, 27648, 27494, 27360, 27206, 26735, 26392, 25775, 25345, 24798, 24254, 24017, 23619, 23402, 23203, 23193, 22717, 22454, 22224, 22027, 21800, 21633, 21391",67,WGA,"0.0, 0.15, 0.3, 0.44999999999999996, 0.6, 0.75, 0.8999999999999999, 1.05, 1.2, 1.3499999999999999, 1.5, 1.65, 1.7999999999999998, 1.95, 2.1, 2.25, 2.4, 2.55, 2.6999999999999997, 2.85, 3.0, 3.15, 3.3, 3.4499999999999997, 3.5999999999999996, 3.75, 3.9, 4.05, 4.2, 4.35, 4.5, 4.6499999999999995, 4.8, 4.95, 5.1, 5.25, 5.3999999999999995, 5.55, 5.7, 5.85, 6.0, 6.1499999999999995, 6.3, 6.45, 6.6, 6.75, 6.8999999999999995, 7.05, 7.199999999999999, 7.35, 7.5, 7.6499999999999995, 7.8, 7.949999999999999, 8.1, 8.25, 8.4, 8.549999999999999, 8.7, 8.85, 9.0, 9.15, 9.299999999999999, 9.45, 9.6, 9.75, 9.9, 10.049999999999999, 10.2, 10.35, 10.5, 10.65, 10.799999999999999, 10.95, 11.1, 11.25, 11.4, 11.549999999999999, 11.7, 11.85, 12.0, 12.15, 12.299999999999999, 12.45, 12.6, 12.75, 12.9, 13.049999999999999, 13.2, 13.35, 13.5, 13.65, 13.799999999999999, 13.95, 14.1, 14.25, 14.399999999999999, 14.549999999999999, 14.7, 14.85, 15.0, 15.149999999999999",2007R_GLUT1_647_WGA_594_0002,2007,R,False,3.2301968314930387,False
"1778, 2180, 2496, 2845, 3643, 4202, 4955, 6970, 10716, 18199, 24744, 27573, 26509, 22635, 21348, 21278, 20172, 19807, 18306, 17161, 14879, 12988, 11213, 9874, 9251, 8015, 7899, 7643, 6982, 7027, 6490, 5966, 5746, 5720, 5814, 6003, 5942, 5964, 6021, 6059, 6324, 6517, 7226, 8104, 9178, 9999, 10843, 11040, 11258, 11164, 10998, 10899, 10376, 9536, 9139, 8469, 7925, 7349, 6889, 6884, 6649, 6460, 6362, 5934, 5902, 5577, 5426, 5210, 4874, 4727, 4799, 4688, 4743, 4529, 4403, 4332, 4126, 3959, 3744, 3831, 3692, 3527, 3607, 3516, 3515, 3365, 3286, 3202, 2996, 3004, 2911, 2931, 2853, 2838, 2829, 2776, 2689, 2595, 2474, 2514, 2398, 2404",67,GluT1,"0.0, 0.15, 0.3, 0.44999999999999996, 0.6, 0.75, 0.8999999999999999, 1.05, 1.2, 1.3499999999999999, 1.5, 1.65, 1.7999999999999998, 1.95, 2.1, 2.25, 2.4, 2.55, 2.6999999999999997, 2.85, 3.0, 3.15, 3.3, 3.4499999999999997, 3.5999999999999996, 3.75, 3.9, 4.05, 4.2, 4.35, 4.5, 4.6499999999999995, 4.8, 4.95, 5.1, 5.25, 5.3999999999999995, 5.55, 5.7, 5.85, 6.0, 6.1499999999999995, 6.3, 6.45, 6.6, 6.75, 6.8999999999999995, 7.05, 7.199999999999999, 7.35, 7.5, 7.6499999999999995, 7.8, 7.949999999999999, 8.1, 8.25, 8.4, 8.549999999999999, 8.7, 8.85, 9.0, 9.15, 9.299999999999999, 9.45, 9.6, 9.75, 9.9, 10.049999999999999, 10.2, 10.35, 10.5, 10.65, 10.799999999999999, 10.95, 11.1, 11.25, 11.4, 11.549999999999999, 11.7, 11.85, 12.0, 12.15, 12.299999999999999, 12.45, 12.6, 12.75, 12.9, 13.049999999999999, 13.2, 13.35, 13.5, 13.65, 13.799999999999999, 13.95, 14.1, 14.25, 14.399999999999999, 14.549999999999999, 14.7, 14.85, 15.0, 15.149999999999999",2007R_GLUT1_647_WGA_594_0002,2007,R,False,3.2301968314930387,False
"72370, 74219, 74677, 75976, 78159, 80514, 81226, 87175, 92493, 98552, 103342, 105349, 107988, 109985, 110180, 111153, 112491, 112512, 116115, 117734, 122505, 130302, 143196, 158016, 170618, 193659, 200228, 210778, 233031, 232292, 269452, 307782, 346345, 388333, 428445, 444115, 447953, 449660, 449684, 448766, 443523, 432114, 412832, 383513, 339623, 294125, 228041, 203410, 177962, 165885, 155278, 142986, 132415, 122046, 118545, 112813, 110170, 106607, 105216, 104988, 104549, 103929, 103438, 102666, 102620, 101299, 101662, 100345, 99175, 99064, 98851, 98672, 98765, 98036, 97696, 98640, 98806, 97336, 98155, 98138, 96927, 96909, 97038, 97433, 96556, 96460, 96691, 96239, 95694, 96718, 94772, 95468, 95535, 94634, 95515, 94852, 94957, 94224, 94734, 94745, 93271, 93214",68,DAPI,"0.0, 0.15, 0.3, 0.44999999999999996, 0.6, 0.75, 0.8999999999999999, 1.05, 1.2, 1.3499999999999999, 1.5, 1.65, 1.7999999999999998, 1.95, 2.1, 2.25, 2.4, 2.55, 2.6999999999999997, 2.85, 3.0, 3.15, 3.3, 3.4499999999999997, 3.5999999999999996, 3.75, 3.9, 4.05, 4.2, 4.35, 4.5, 4.6499999999999995, 4.8, 4.95, 5.1, 5.25, 5.3999999999999995, 5.55, 5.7, 5.85, 6.0, 6.1499999999999995, 6.3, 6.45, 6.6, 6.75, 6.8999999999999995, 7.05, 7.199999999999999, 7.35, 7.5, 7.6499999999999995, 7.8, 7.949999999999999, 8.1, 8.25, 8.4, 8.549999999999999, 8.7, 8.85, 9.0, 9.15, 9.299999999999999, 9.45, 9.6, 9.75, 9.9, 10.049999999999999, 10.2, 10.35, 10.5, 10.65, 10.799999999999999, 10.95, 11.1, 11.25, 11.4, 11.549999999999999, 11.7, 11.85, 12.0, 12.15, 12.299999999999999, 12.45, 12.6, 12.75, 12.9, 13.049999999999999, 13.2, 13.35, 13.5, 13.65, 13.799999999999999, 13.95, 14.1, 14.25, 14.399999999999999, 14.549999999999999, 14.7, 14.85, 15.0, 15.149999999999999",2007R_GLUT1_647_WGA_594_0002,2007,R,False,3.9876128118917005,False
"11118, 11262, 11296, 11730, 11873, 12078, 12393, 12746, 13941, 15684, 18095, 19737, 23331, 27477, 28669, 29991, 31945, 32623, 36985, 39757, 44584, 48840, 52575, 55794, 57883, 59586, 59865, 59852, 57692, 58371, 53891, 49327, 44811, 39129, 30845, 26444, 25378, 24415, 22534, 22830, 20720, 19725, 19062, 18596, 19193, 19401, 19845, 19972, 20600, 20211, 20377, 20446, 20300, 19928, 20036, 19993, 19765, 19808, 19705, 19810, 19625, 19687, 19561, 19588, 19577, 19442, 19827, 19548, 19830, 19980, 19572, 19895, 19600, 20104, 19964, 20079, 20139, 20431, 20993, 20909, 21500, 21450, 21208, 21118, 21367, 20915, 21031, 21188, 21096, 21078, 21158, 21726, 21998, 21798, 21582, 22169, 22624, 23114, 24262, 24723, 25677, 26129",68,eGFP,"0.0, 0.15, 0.3, 0.44999999999999996, 0.6, 0.75, 0.8999999999999999, 1.05, 1.2, 1.3499999999999999, 1.5, 1.65, 1.7999999999999998, 1.95, 2.1, 2.25, 2.4, 2.55, 2.6999999999999997, 2.85, 3.0, 3.15, 3.3, 3.4499999999999997, 3.5999999999999996, 3.75, 3.9, 4.05, 4.2, 4.35, 4.5, 4.6499999999999995, 4.8, 4.95, 5.1, 5.25, 5.3999999999999995, 5.55, 5.7, 5.85, 6.0, 6.1499999999999995, 6.3, 6.45, 6.6, 6.75, 6.8999999999999995, 7.05, 7.199999999999999, 7.35, 7.5, 7.6499999999999995, 7.8, 7.949999999999999, 8.1, 8.25, 8.4, 8.549999999999999, 8.7, 8.85, 9.0, 9.15, 9.299999999999999, 9.45, 9.6, 9.75, 9.9, 10.049999999999999, 10.2, 10.35, 10.5, 10.65, 10.799999999999999, 10.95, 11.1, 11.25, 11.4, 11.549999999999999, 11.7, 11.85, 12.0, 12.15, 12.299999999999999, 12.45, 12.6, 12.75, 12.9, 13.049999999999999, 13.2, 13.35, 13.5, 13.65, 13.799999999999999, 13.95, 14.1, 14.25, 14.399999999999999, 14.549999999999999, 14.7, 14.85, 15.0, 15.149999999999999",2007R_GLUT1_647_WGA_594_0002,2007,R,False,3.9876128118917005,False
"27038, 29292, 31448, 33697, 38994, 45372, 49055, 66080, 96290, 153325, 211280, 228254, 209125, 167168, 156375, 150120, 142472, 140711, 130239, 127552, 124603, 123410, 121229, 119365, 117565, 113827, 113055, 111328, 106682, 107004, 98571, 88186, 79171, 70096, 60444, 55457, 54044, 52850, 51620, 51600, 49589, 49218, 50174, 52788, 57952, 63195, 74107, 79760, 86588, 90157, 93389, 98283, 101107, 100957, 99885, 93979, 88740, 83253, 77638, 76770, 74543, 72923, 70538, 67266, 65525, 63197, 60200, 57534, 54239, 53481, 53879, 53433, 52694, 51570, 50561, 49153, 47329, 46367, 44811, 44006, 43009, 42447, 42550, 41642, 41317, 40593, 39478, 38497, 37353, 36133, 35851, 34781, 34609, 34064, 33813, 33546, 32850, 32611, 31844, 31650, 31150, 30517",68,WGA,"0.0, 0.15, 0.3, 0.44999999999999996, 0.6, 0.75, 0.8999999999999999, 1.05, 1.2, 1.3499999999999999, 1.5, 1.65, 1.7999999999999998, 1.95, 2.1, 2.25, 2.4, 2.55, 2.6999999999999997, 2.85, 3.0, 3.15, 3.3, 3.4499999999999997, 3.5999999999999996, 3.75, 3.9, 4.05, 4.2, 4.35, 4.5, 4.6499999999999995, 4.8, 4.95, 5.1, 5.25, 5.3999999999999995, 5.55, 5.7, 5.85, 6.0, 6.1499999999999995, 6.3, 6.45, 6.6, 6.75, 6.8999999999999995, 7.05, 7.199999999999999, 7.35, 7.5, 7.6499999999999995, 7.8, 7.949999999999999, 8.1, 8.25, 8.4, 8.549999999999999, 8.7, 8.85, 9.0, 9.15, 9.299999999999999, 9.45, 9.6, 9.75, 9.9, 10.049999999999999, 10.2, 10.35, 10.5, 10.65, 10.799999999999999, 10.95, 11.1, 11.25, 11.4, 11.549999999999999, 11.7, 11.85, 12.0, 12.15, 12.299999999999999, 12.45, 12.6, 12.75, 12.9, 13.049999999999999, 13.2, 13.35, 13.5, 13.65, 13.799999999999999, 13.95, 14.1, 14.25, 14.399999999999999, 14.549999999999999, 14.7, 14.85, 15.0, 15.149999999999999",2007R_GLUT1_647_WGA_594_0002,2007,R,False,3.9876128118917005,False
"2547, 3259, 3486, 4085, 5278, 6489, 7198, 10419, 15840, 24516, 33196, 36117, 35624, 32501, 31576, 30749, 29927, 29690, 28056, 27246, 26022, 25319, 24241, 23642, 22802, 22105, 22235, 21802, 21086, 21152, 20399, 19141, 17498, 15894, 13948, 12670, 12386, 12009, 11713, 11649, 10838, 10575, 10765, 10976, 11737, 12563, 14196, 14815, 15269, 15731, 15785, 15884, 15799, 15256, 14896, 14135, 13280, 12408, 11707, 11400, 11041, 10818, 10588, 9900, 9885, 9139, 8832, 8354, 7767, 7678, 7740, 7757, 7739, 7287, 7307, 7097, 6723, 6468, 6384, 6289, 6126, 5971, 6017, 5997, 5873, 5695, 5564, 5500, 5093, 5012, 4920, 4728, 4723, 4584, 4631, 4385, 4323, 4299, 4085, 3909, 3827, 3876",68,GluT1,"0.0, 0.15, 0.3, 0.44999999999999996, 0.6, 0.75, 0.8999999999999999, 1.05, 1.2, 1.3499999999999999, 1.5, 1.65, 1.7999999999999998, 1.95, 2.1, 2.25, 2.4, 2.55, 2.6999999999999997, 2.85, 3.0, 3.15, 3.3, 3.4499999999999997, 3.5999999999999996, 3.75, 3.9, 4.05, 4.2, 4.35, 4.5, 4.6499999999999995, 4.8, 4.95, 5.1, 5.25, 5.3999999999999995, 5.55, 5.7, 5.85, 6.0, 6.1499999999999995, 6.3, 6.45, 6.6, 6.75, 6.8999999999999995, 7.05, 7.199999999999999, 7.35, 7.5, 7.6499999999999995, 7.8, 7.949999999999999, 8.1, 8.25, 8.4, 8.549999999999999, 8.7, 8.85, 9.0, 9.15, 9.299999999999999, 9.45, 9.6, 9.75, 9.9, 10.049999999999999, 10.2, 10.35, 10.5, 10.65, 10.799999999999999, 10.95, 11.1, 11.25, 11.4, 11.549999999999999, 11.7, 11.85, 12.0, 12.15, 12.299999999999999, 12.45, 12.6, 12.75, 12.9, 13.049999999999999, 13.2, 13.35, 13.5, 13.65, 13.799999999999999, 13.95, 14.1, 14.25, 14.399999999999999, 14.549999999999999, 14.7, 14.85, 15.0, 15.149999999999999",2007R_GLUT1_647_WGA_594_0002,2007,R,False,3.9876128118917005,False
"83177, 84397, 85388, 86450, 89290, 92017, 92586, 99209, 106984, 113797, 119689, 122148, 124430, 129141, 129714, 129832, 132548, 131833, 136634, 139510, 149497, 160700, 173734, 187657, 196590, 215879, 221476, 230459, 249138, 246953, 272258, 301440, 323035, 349900, 379374, 393497, 396732, 398012, 399764, 401240, 400800, 401679, 396166, 391040, 371564, 347913, 306952, 286979, 266569, 251771, 240652, 218288, 199068, 166765, 154984, 140409, 134359, 130207, 123669, 124564, 122034, 121398, 120815, 119458, 118075, 116941, 116212, 115843, 114709, 113773, 114127, 113826, 114302, 113966, 113272, 113872, 112402, 112012, 112401, 111560, 111886, 111131, 110586, 111074, 110299, 110721, 109426, 110828, 110601, 109244, 109759, 109193, 108639, 108163, 109816, 108736, 109834, 109220, 108958, 108898, 109389, 106517",69,DAPI,"0.0, 0.15, 0.3, 0.44999999999999996, 0.6, 0.75, 0.8999999999999999, 1.05, 1.2, 1.3499999999999999, 1.5, 1.65, 1.7999999999999998, 1.95, 2.1, 2.25, 2.4, 2.55, 2.6999999999999997, 2.85, 3.0, 3.15, 3.3, 3.4499999999999997, 3.5999999999999996, 3.75, 3.9, 4.05, 4.2, 4.35, 4.5, 4.6499999999999995, 4.8, 4.95, 5.1, 5.25, 5.3999999999999995, 5.55, 5.7, 5.85, 6.0, 6.1499999999999995, 6.3, 6.45, 6.6, 6.75, 6.8999999999999995, 7.05, 7.199999999999999, 7.35, 7.5, 7.6499999999999995, 7.8, 7.949999999999999, 8.1, 8.25, 8.4, 8.549999999999999, 8.7, 8.85, 9.0, 9.15, 9.299999999999999, 9.45, 9.6, 9.75, 9.9, 10.049999999999999, 10.2, 10.35, 10.5, 10.65, 10.799999999999999, 10.95, 11.1, 11.25, 11.4, 11.549999999999999, 11.7, 11.85, 12.0, 12.15, 12.299999999999999, 12.45, 12.6, 12.75, 12.9, 13.049999999999999, 13.2, 13.35, 13.5, 13.65, 13.799999999999999, 13.95, 14.1, 14.25, 14.399999999999999, 14.549999999999999, 14.7, 14.85, 15.0, 15.149999999999999",2007R_GLUT1_647_WGA_594_0002,2007,R,False,3.146254826254826,False
"12980, 12901, 13256, 13601, 13602, 14100, 14312, 14931, 16446, 18797, 21474, 23985, 27377, 31591, 33553, 34666, 36974, 38083, 46424, 51540, 62277, 70429, 75347, 76270, 77578, 76138, 75003, 73553, 67826, 67619, 55628, 42418, 34402, 28781, 24578, 22681, 22413, 22166, 21868, 21452, 20785, 20372, 19603, 19670, 19684, 19861, 20356, 20204, 20822, 20709, 20929, 21355, 21611, 22556, 22722, 22918, 22969, 22912, 23218, 23301, 23241, 23294, 23512, 23162, 23291, 23491, 23559, 23115, 23329, 23006, 22685, 22912, 22998, 22617, 22786, 22682, 23143, 22751, 22998, 23123, 23511, 23755, 23233, 23513, 23983, 24400, 24727, 25739, 25915, 25918, 25860, 25573, 25678, 25435, 25176, 25227, 25335, 25517, 25563, 26039, 27242, 28355",69,eGFP,"0.0, 0.15, 0.3, 0.44999999999999996, 0.6, 0.75, 0.8999999999999999, 1.05, 1.2, 1.3499999999999999, 1.5, 1.65, 1.7999999999999998, 1.95, 2.1, 2.25, 2.4, 2.55, 2.6999999999999997, 2.85, 3.0, 3.15, 3.3, 3.4499999999999997, 3.5999999999999996, 3.75, 3.9, 4.05, 4.2, 4.35, 4.5, 4.6499999999999995, 4.8, 4.95, 5.1, 5.25, 5.3999999999999995, 5.55, 5.7, 5.85, 6.0, 6.1499999999999995, 6.3, 6.45, 6.6, 6.75, 6.8999999999999995, 7.05, 7.199999999999999, 7.35, 7.5, 7.6499999999999995, 7.8, 7.949999999999999, 8.1, 8.25, 8.4, 8.549999999999999, 8.7, 8.85, 9.0, 9.15, 9.299999999999999, 9.45, 9.6, 9.75, 9.9, 10.049999999999999, 10.2, 10.35, 10.5, 10.65, 10.799999999999999, 10.95, 11.1, 11.25, 11.4, 11.549999999999999, 11.7, 11.85, 12.0, 12.15, 12.299999999999999, 12.45, 12.6, 12.75, 12.9, 13.049999999999999, 13.2, 13.35, 13.5, 13.65, 13.799999999999999, 13.95, 14.1, 14.25, 14.399999999999999, 14.549999999999999, 14.7, 14.85, 15.0, 15.149999999999999",2007R_GLUT1_647_WGA_594_0002,2007,R,False,3.146254826254826,False
"32155, 34691, 37260, 39619, 45148, 51693, 56231, 76279, 116987, 215229, 310482, 330716, 277478, 210675, 199686, 196121, 191540, 190212, 185410, 182141, 172291, 161484, 154333, 149419, 146265, 139767, 138424, 136048, 129430, 129371, 118822, 104686, 91160, 77872, 66973, 61776, 60811, 60141, 59182, 58847, 57571, 57227, 56848, 57495, 58482, 60090, 63267, 64728, 67257, 68650, 71016, 76288, 83560, 98660, 105187, 117305, 121797, 121257, 116752, 116791, 112861, 110370, 105583, 99534, 96624, 91662, 85799, 81223, 76051, 74801, 75307, 74387, 73097, 70757, 69808, 67108, 63725, 62422, 60297, 58742, 57088, 56318, 56488, 55705, 55032, 54137, 52262, 50835, 49176, 47446, 46641, 45606, 44731, 43858, 43716, 42554, 41826, 41018, 39852, 39042, 38606, 37642",69,WGA,"0.0, 0.15, 0.3, 0.44999999999999996, 0.6, 0.75, 0.8999999999999999, 1.05, 1.2, 1.3499999999999999, 1.5, 1.65, 1.7999999999999998, 1.95, 2.1, 2.25, 2.4, 2.55, 2.6999999999999997, 2.85, 3.0, 3.15, 3.3, 3.4499999999999997, 3.5999999999999996, 3.75, 3.9, 4.05, 4.2, 4.35, 4.5, 4.6499999999999995, 4.8, 4.95, 5.1, 5.25, 5.3999999999999995, 5.55, 5.7, 5.85, 6.0, 6.1499999999999995, 6.3, 6.45, 6.6, 6.75, 6.8999999999999995, 7.05, 7.199999999999999, 7.35, 7.5, 7.6499999999999995, 7.8, 7.949999999999999, 8.1, 8.25, 8.4, 8.549999999999999, 8.7, 8.85, 9.0, 9.15, 9.299999999999999, 9.45, 9.6, 9.75, 9.9, 10.049999999999999, 10.2, 10.35, 10.5, 10.65, 10.799999999999999, 10.95, 11.1, 11.25, 11.4, 11.549999999999999, 11.7, 11.85, 12.0, 12.15, 12.299999999999999, 12.45, 12.6, 12.75, 12.9, 13.049999999999999, 13.2, 13.35, 13.5, 13.65, 13.799999999999999, 13.95, 14.1, 14.25, 14.399999999999999, 14.549999999999999, 14.7, 14.85, 15.0, 15.149999999999999",2007R_GLUT1_647_WGA_594_0002,2007,R,False,3.146254826254826,False
"3380, 3991, 4494, 5028, 6371, 7571, 8304, 12317, 19589, 35841, 50010, 53448, 49261, 43801, 43164, 43095, 43387, 42894, 43008, 42959, 41493, 39940, 38313, 36670, 35282, 33099, 32473, 32272, 30766, 30906, 29584, 27407, 25265, 22087, 18902, 16846, 16395, 16066, 15444, 15357, 14411, 13800, 13338, 12928, 12874, 13248, 13396, 13499, 13967, 14210, 14524, 15394, 16147, 18022, 18556, 19597, 19330, 18552, 17437, 17384, 16654, 16247, 15727, 14581, 14213, 13706, 12813, 12241, 11383, 11164, 11372, 11090, 11066, 10739, 10367, 10003, 9518, 9182, 9081, 8818, 8539, 8391, 8457, 8154, 8145, 7940, 7652, 7439, 7350, 7015, 6692, 6651, 6514, 6170, 6322, 6139, 5924, 5928, 5614, 5575, 5338, 5133",69,GluT1,"0.0, 0.15, 0.3, 0.44999999999999996, 0.6, 0.75, 0.8999999999999999, 1.05, 1.2, 1.3499999999999999, 1.5, 1.65, 1.7999999999999998, 1.95, 2.1, 2.25, 2.4, 2.55, 2.6999999999999997, 2.85, 3.0, 3.15, 3.3, 3.4499999999999997, 3.5999999999999996, 3.75, 3.9, 4.05, 4.2, 4.35, 4.5, 4.6499999999999995, 4.8, 4.95, 5.1, 5.25, 5.3999999999999995, 5.55, 5.7, 5.85, 6.0, 6.1499999999999995, 6.3, 6.45, 6.6, 6.75, 6.8999999999999995, 7.05, 7.199999999999999, 7.35, 7.5, 7.6499999999999995, 7.8, 7.949999999999999, 8.1, 8.25, 8.4, 8.549999999999999, 8.7, 8.85, 9.0, 9.15, 9.299999999999999, 9.45, 9.6, 9.75, 9.9, 10.049999999999999, 10.2, 10.35, 10.5, 10.65, 10.799999999999999, 10.95, 11.1, 11.25, 11.4, 11.549999999999999, 11.7, 11.85, 12.0, 12.15, 12.299999999999999, 12.45, 12.6, 12.75, 12.9, 13.049999999999999, 13.2, 13.35, 13.5, 13.65, 13.799999999999999, 13.95, 14.1, 14.25, 14.399999999999999, 14.549999999999999, 14.7, 14.85, 15.0, 15.149999999999999",2007R_GLUT1_647_WGA_594_0002,2007,R,False,3.146254826254826,False
"60432, 61472, 62772, 63427, 65368, 68108, 69594, 74100, 80875, 88912, 93730, 98935, 108423, 122280, 126885, 130423, 136128, 138439, 154595, 162367, 180749, 198887, 216882, 230858, 243261, 263543, 267598, 277103, 290402, 290247, 310070, 326906, 345334, 365873, 386801, 395376, 399382, 399527, 400466, 400236, 398845, 391975, 373751, 350347, 323172, 293157, 249670, 227415, 200057, 187635, 171283, 149530, 129974, 109713, 105695, 98120, 92417, 90633, 88276, 87573, 85957, 85823, 85302, 82776, 84260, 82141, 82126, 81179, 81326, 81108, 80504, 80600, 80702, 79855, 79656, 79225, 78309, 79040, 78591, 77438, 77512, 77374, 77293, 76374, 77355, 77120, 77206, 77558, 76566, 76231, 76379, 76666, 77167, 75253, 76613, 75493, 75074, 75540, 75732, 75688, 74686, 74701",70,DAPI,"0.0, 0.15, 0.3, 0.44999999999999996, 0.6, 0.75, 0.8999999999999999, 1.05, 1.2, 1.3499999999999999, 1.5, 1.65, 1.7999999999999998, 1.95, 2.1, 2.25, 2.4, 2.55, 2.6999999999999997, 2.85, 3.0, 3.15, 3.3, 3.4499999999999997, 3.5999999999999996, 3.75, 3.9, 4.05, 4.2, 4.35, 4.5, 4.6499999999999995, 4.8, 4.95, 5.1, 5.25, 5.3999999999999995, 5.55, 5.7, 5.85, 6.0, 6.1499999999999995, 6.3, 6.45, 6.6, 6.75, 6.8999999999999995, 7.05, 7.199999999999999, 7.35, 7.5, 7.6499999999999995, 7.8, 7.949999999999999, 8.1, 8.25, 8.4, 8.549999999999999, 8.7, 8.85, 9.0, 9.15, 9.299999999999999, 9.45, 9.6, 9.75, 9.9, 10.049999999999999, 10.2, 10.35, 10.5, 10.65, 10.799999999999999, 10.95, 11.1, 11.25, 11.4, 11.549999999999999, 11.7, 11.85, 12.0, 12.15, 12.299999999999999, 12.45, 12.6, 12.75, 12.9, 13.049999999999999, 13.2, 13.35, 13.5, 13.65, 13.799999999999999, 13.95, 14.1, 14.25, 14.399999999999999, 14.549999999999999, 14.7, 14.85, 15.0, 15.149999999999999",2007R_GLUT1_647_WGA_594_0002,2007,R,False,2.833259325044405,False
"8502, 8437, 8373, 8843, 8816, 9012, 9163, 9466, 10143, 11095, 13167, 14025, 15841, 17576, 17674, 18552, 19144, 19188, 21801, 23784, 28579, 32427, 34374, 32981, 30919, 27393, 26310, 25241, 22793, 22437, 19325, 16238, 15431, 14197, 13424, 12574, 12856, 12821, 12780, 12761, 12429, 12308, 12349, 11758, 12398, 12866, 12905, 13166, 13241, 13237, 13704, 13884, 14503, 14662, 14874, 14808, 15080, 15158, 15190, 15361, 15127, 15271, 15334, 14869, 15382, 15325, 15019, 15151, 15192, 14805, 14896, 15059, 15102, 15549, 15104, 15090, 14925, 14998, 14865, 15261, 15235, 15206, 14984, 15034, 15110, 14925, 15058, 15388, 15329, 15185, 15439, 15339, 15478, 15295, 15190, 15491, 15565, 15746, 15647, 15873, 16362, 16434",70,eGFP,"0.0, 0.15, 0.3, 0.44999999999999996, 0.6, 0.75, 0.8999999999999999, 1.05, 1.2, 1.3499999999999999, 1.5, 1.65, 1.7999999999999998, 1.95, 2.1, 2.25, 2.4, 2.55, 2.6999999999999997, 2.85, 3.0, 3.15, 3.3, 3.4499999999999997, 3.5999999999999996, 3.75, 3.9, 4.05, 4.2, 4.35, 4.5, 4.6499999999999995, 4.8, 4.95, 5.1, 5.25, 5.3999999999999995, 5.55, 5.7, 5.85, 6.0, 6.1499999999999995, 6.3, 6.45, 6.6, 6.75, 6.8999999999999995, 7.05, 7.199999999999999, 7.35, 7.5, 7.6499999999999995, 7.8, 7.949999999999999, 8.1, 8.25, 8.4, 8.549999999999999, 8.7, 8.85, 9.0, 9.15, 9.299999999999999, 9.45, 9.6, 9.75, 9.9, 10.049999999999999, 10.2, 10.35, 10.5, 10.65, 10.799999999999999, 10.95, 11.1, 11.25, 11.4, 11.549999999999999, 11.7, 11.85, 12.0, 12.15, 12.299999999999999, 12.45, 12.6, 12.75, 12.9, 13.049999999999999, 13.2, 13.35, 13.5, 13.65, 13.799999999999999, 13.95, 14.1, 14.25, 14.399999999999999, 14.549999999999999, 14.7, 14.85, 15.0, 15.149999999999999",2007R_GLUT1_647_WGA_594_0002,2007,R,False,2.833259325044405,False
"22155, 23735, 25543, 27465, 31306, 35526, 38929, 53237, 82071, 154172, 223153, 236439, 193042, 134715, 124779, 119349, 114986, 113345, 106352, 103355, 97333, 92032, 86239, 81558, 79135, 75075, 74231, 72156, 68929, 69124, 62716, 55327, 49884, 45340, 42069, 40494, 40230, 40187, 39676, 39725, 38884, 39060, 39282, 39989, 41053, 42014, 44490, 46324, 48785, 50991, 53026, 57775, 64228, 74922, 79159, 85965, 86383, 83532, 79450, 79341, 77241, 75857, 73313, 69235, 67690, 64121, 60935, 57972, 54203, 53011, 53726, 52958, 51826, 49758, 49544, 47283, 44932, 44279, 42216, 41224, 39766, 39014, 39496, 38794, 38138, 37052, 35346, 34582, 33383, 32370, 31421, 30771, 30185, 29630, 29514, 29003, 28511, 27880, 26995, 26542, 26006, 25742",70,WGA,"0.0, 0.15, 0.3, 0.44999999999999996, 0.6, 0.75, 0.8999999999999999, 1.05, 1.2, 1.3499999999999999, 1.5, 1.65, 1.7999999999999998, 1.95, 2.1, 2.25, 2.4, 2.55, 2.6999999999999997, 2.85, 3.0, 3.15, 3.3, 3.4499999999999997, 3.5999999999999996, 3.75, 3.9, 4.05, 4.2, 4.35, 4.5, 4.6499999999999995, 4.8, 4.95, 5.1, 5.25, 5.3999999999999995, 5.55, 5.7, 5.85, 6.0, 6.1499999999999995, 6.3, 6.45, 6.6, 6.75, 6.8999999999999995, 7.05, 7.199999999999999, 7.35, 7.5, 7.6499999999999995, 7.8, 7.949999999999999, 8.1, 8.25, 8.4, 8.549999999999999, 8.7, 8.85, 9.0, 9.15, 9.299999999999999, 9.45, 9.6, 9.75, 9.9, 10.049999999999999, 10.2, 10.35, 10.5, 10.65, 10.799999999999999, 10.95, 11.1, 11.25, 11.4, 11.549999999999999, 11.7, 11.85, 12.0, 12.15, 12.299999999999999, 12.45, 12.6, 12.75, 12.9, 13.049999999999999, 13.2, 13.35, 13.5, 13.65, 13.799999999999999, 13.95, 14.1, 14.25, 14.399999999999999, 14.549999999999999, 14.7, 14.85, 15.0, 15.149999999999999",2007R_GLUT1_647_WGA_594_0002,2007,R,False,2.833259325044405,False
"2328, 2702, 3071, 3323, 4364, 4996, 5737, 8214, 12977, 23343, 32650, 35507, 32922, 29978, 29779, 29431, 29532, 29313, 29048, 28126, 25841, 23334, 20871, 18958, 18261, 16933, 16560, 16351, 15664, 15446, 14209, 12806, 11461, 10307, 9519, 9176, 9010, 8761, 8782, 8852, 8573, 8431, 8555, 8613, 8758, 8943, 9576, 9820, 10307, 10507, 11070, 12111, 12948, 13800, 13947, 14234, 13731, 12944, 12211, 12285, 11746, 11655, 11290, 10547, 10274, 9867, 9372, 8946, 8406, 8156, 8168, 8136, 8077, 7772, 7568, 7221, 6902, 6675, 6440, 6211, 5957, 5765, 5837, 5712, 5671, 5454, 5258, 5167, 4803, 4719, 4467, 4368, 4333, 4130, 4212, 3960, 3875, 3748, 3509, 3520, 3359, 3378",70,GluT1,"0.0, 0.15, 0.3, 0.44999999999999996, 0.6, 0.75, 0.8999999999999999, 1.05, 1.2, 1.3499999999999999, 1.5, 1.65, 1.7999999999999998, 1.95, 2.1, 2.25, 2.4, 2.55, 2.6999999999999997, 2.85, 3.0, 3.15, 3.3, 3.4499999999999997, 3.5999999999999996, 3.75, 3.9, 4.05, 4.2, 4.35, 4.5, 4.6499999999999995, 4.8, 4.95, 5.1, 5.25, 5.3999999999999995, 5.55, 5.7, 5.85, 6.0, 6.1499999999999995, 6.3, 6.45, 6.6, 6.75, 6.8999999999999995, 7.05, 7.199999999999999, 7.35, 7.5, 7.6499999999999995, 7.8, 7.949999999999999, 8.1, 8.25, 8.4, 8.549999999999999, 8.7, 8.85, 9.0, 9.15, 9.299999999999999, 9.45, 9.6, 9.75, 9.9, 10.049999999999999, 10.2, 10.35, 10.5, 10.65, 10.799999999999999, 10.95, 11.1, 11.25, 11.4, 11.549999999999999, 11.7, 11.85, 12.0, 12.15, 12.299999999999999, 12.45, 12.6, 12.75, 12.9, 13.049999999999999, 13.2, 13.35, 13.5, 13.65, 13.799999999999999, 13.95, 14.1, 14.25, 14.399999999999999, 14.549999999999999, 14.7, 14.85, 15.0, 15.149999999999999",2007R_GLUT1_647_WGA_594_0002,2007,R,False,2.833259325044405,False
"71603, 72938, 76130, 77189, 80532, 84378, 86569, 94474, 103257, 118326, 131647, 144479, 168160, 197144, 210560, 214022, 224018, 229751, 247882, 261696, 280870, 301036, 314978, 329715, 338324, 352885, 357712, 360561, 367370, 366811, 374569, 378293, 378214, 376300, 374898, 372116, 371857, 369236, 367403, 366017, 354805, 342057, 318939, 295003, 264804, 235619, 192229, 173939, 155956, 147512, 139798, 127603, 120563, 111849, 110334, 105100, 102637, 100303, 98434, 98226, 98006, 96422, 96174, 95862, 94587, 94411, 94077, 93878, 92715, 92392, 92488, 91604, 93444, 91185, 92323, 91401, 89958, 91306, 91208, 90236, 91699, 91015, 90478, 90124, 91056, 89977, 90250, 89614, 88863, 89095, 89579, 88156, 89050, 88786, 88598, 88273, 89203, 88708, 88128, 87858, 88523, 88065",71,DAPI,"0.0, 0.15, 0.3, 0.44999999999999996, 0.6, 0.75, 0.8999999999999999, 1.05, 1.2, 1.3499999999999999, 1.5, 1.65, 1.7999999999999998, 1.95, 2.1, 2.25, 2.4, 2.55, 2.6999999999999997, 2.85, 3.0, 3.15, 3.3, 3.4499999999999997, 3.5999999999999996, 3.75, 3.9, 4.05, 4.2, 4.35, 4.5, 4.6499999999999995, 4.8, 4.95, 5.1, 5.25, 5.3999999999999995, 5.55, 5.7, 5.85, 6.0, 6.1499999999999995, 6.3, 6.45, 6.6, 6.75, 6.8999999999999995, 7.05, 7.199999999999999, 7.35, 7.5, 7.6499999999999995, 7.8, 7.949999999999999, 8.1, 8.25, 8.4, 8.549999999999999, 8.7, 8.85, 9.0, 9.15, 9.299999999999999, 9.45, 9.6, 9.75, 9.9, 10.049999999999999, 10.2, 10.35, 10.5, 10.65, 10.799999999999999, 10.95, 11.1, 11.25, 11.4, 11.549999999999999, 11.7, 11.85, 12.0, 12.15, 12.299999999999999, 12.45, 12.6, 12.75, 12.9, 13.049999999999999, 13.2, 13.35, 13.5, 13.65, 13.799999999999999, 13.95, 14.1, 14.25, 14.399999999999999, 14.549999999999999, 14.7, 14.85, 15.0, 15.149999999999999",2007R_GLUT1_647_WGA_594_0002,2007,R,False,2.9297677959649793,False
"9763, 9710, 9757, 10299, 10048, 10462, 10467, 10689, 11897, 13389, 15248, 16216, 17338, 18091, 18226, 18602, 18478, 18747, 19531, 20089, 21036, 21371, 21800, 21321, 21084, 19813, 19827, 19434, 17974, 18474, 16712, 16484, 16313, 15785, 15393, 15066, 15027, 15014, 14998, 14823, 15118, 14815, 15250, 15020, 16472, 17218, 17506, 17975, 18307, 18193, 18661, 18822, 19629, 20037, 20380, 20359, 20396, 19896, 19993, 19717, 19702, 19411, 19417, 18765, 18800, 18447, 18146, 18492, 18175, 18328, 18101, 18148, 18216, 17946, 18148, 17608, 17732, 17555, 17780, 17767, 18032, 17947, 18017, 18106, 17722, 17929, 17978, 18348, 18220, 18465, 18462, 18605, 18734, 18600, 18648, 19097, 19144, 19426, 19354, 19780, 20024, 20171",71,eGFP,"0.0, 0.15, 0.3, 0.44999999999999996, 0.6, 0.75, 0.8999999999999999, 1.05, 1.2, 1.3499999999999999, 1.5, 1.65, 1.7999999999999998, 1.95, 2.1, 2.25, 2.4, 2.55, 2.6999999999999997, 2.85, 3.0, 3.15, 3.3, 3.4499999999999997, 3.5999999999999996, 3.75, 3.9, 4.05, 4.2, 4.35, 4.5, 4.6499999999999995, 4.8, 4.95, 5.1, 5.25, 5.3999999999999995, 5.55, 5.7, 5.85, 6.0, 6.1499999999999995, 6.3, 6.45, 6.6, 6.75, 6.8999999999999995, 7.05, 7.199999999999999, 7.35, 7.5, 7.6499999999999995, 7.8, 7.949999999999999, 8.1, 8.25, 8.4, 8.549999999999999, 8.7, 8.85, 9.0, 9.15, 9.299999999999999, 9.45, 9.6, 9.75, 9.9, 10.049999999999999, 10.2, 10.35, 10.5, 10.65, 10.799999999999999, 10.95, 11.1, 11.25, 11.4, 11.549999999999999, 11.7, 11.85, 12.0, 12.15, 12.299999999999999, 12.45, 12.6, 12.75, 12.9, 13.049999999999999, 13.2, 13.35, 13.5, 13.65, 13.799999999999999, 13.95, 14.1, 14.25, 14.399999999999999, 14.549999999999999, 14.7, 14.85, 15.0, 15.149999999999999",2007R_GLUT1_647_WGA_594_0002,2007,R,False,2.9297677959649793,False
"25263, 27047, 29124, 30798, 35161, 40064, 43708, 58078, 84123, 144320, 205928, 230092, 213150, 168420, 156185, 150690, 143267, 139389, 126692, 121385, 112091, 103600, 96082, 89714, 86486, 80410, 79474, 78105, 74890, 75192, 71437, 67212, 64528, 61264, 58274, 56036, 54756, 54556, 53544, 53665, 52830, 52892, 54200, 56681, 61558, 65934, 73187, 77442, 83216, 86356, 89084, 93873, 95799, 93221, 90975, 85850, 82971, 79026, 75918, 75699, 73362, 72118, 68877, 65797, 64435, 61391, 58157, 55248, 52362, 51175, 52044, 51331, 50391, 48755, 48380, 46612, 44289, 43325, 41570, 40775, 39541, 39378, 39273, 38753, 38099, 37835, 36554, 36140, 35120, 34174, 33523, 32822, 32590, 32172, 32090, 31303, 30834, 30270, 29690, 29521, 28858, 28417",71,WGA,"0.0, 0.15, 0.3, 0.44999999999999996, 0.6, 0.75, 0.8999999999999999, 1.05, 1.2, 1.3499999999999999, 1.5, 1.65, 1.7999999999999998, 1.95, 2.1, 2.25, 2.4, 2.55, 2.6999999999999997, 2.85, 3.0, 3.15, 3.3, 3.4499999999999997, 3.5999999999999996, 3.75, 3.9, 4.05, 4.2, 4.35, 4.5, 4.6499999999999995, 4.8, 4.95, 5.1, 5.25, 5.3999999999999995, 5.55, 5.7, 5.85, 6.0, 6.1499999999999995, 6.3, 6.45, 6.6, 6.75, 6.8999999999999995, 7.05, 7.199999999999999, 7.35, 7.5, 7.6499999999999995, 7.8, 7.949999999999999, 8.1, 8.25, 8.4, 8.549999999999999, 8.7, 8.85, 9.0, 9.15, 9.299999999999999, 9.45, 9.6, 9.75, 9.9, 10.049999999999999, 10.2, 10.35, 10.5, 10.65, 10.799999999999999, 10.95, 11.1, 11.25, 11.4, 11.549999999999999, 11.7, 11.85, 12.0, 12.15, 12.299999999999999, 12.45, 12.6, 12.75, 12.9, 13.049999999999999, 13.2, 13.35, 13.5, 13.65, 13.799999999999999, 13.95, 14.1, 14.25, 14.399999999999999, 14.549999999999999, 14.7, 14.85, 15.0, 15.149999999999999",2007R_GLUT1_647_WGA_594_0002,2007,R,False,2.9297677959649793,False
"3126, 3780, 4395, 4938, 6529, 8002, 9067, 13599, 20547, 35584, 48880, 53658, 51442, 45042, 43052, 42227, 41147, 40739, 38191, 36476, 33504, 30117, 27085, 24406, 23024, 21285, 20900, 20280, 19196, 19021, 18105, 17027, 16169, 15290, 14104, 13060, 12938, 12639, 12453, 12403, 11742, 11445, 11637, 11683, 12229, 12912, 14052, 14343, 15139, 15403, 15655, 16458, 16731, 16214, 15879, 15189, 14322, 13343, 12323, 12216, 11784, 11634, 11048, 10500, 10128, 9807, 9181, 8721, 8332, 8056, 8149, 8185, 8117, 7757, 7573, 7347, 6951, 6690, 6386, 6265, 6123, 5875, 5859, 5841, 5727, 5624, 5523, 5374, 5045, 4972, 4751, 4802, 4653, 4505, 4619, 4386, 4284, 4221, 3906, 4061, 3852, 3686",71,GluT1,"0.0, 0.15, 0.3, 0.44999999999999996, 0.6, 0.75, 0.8999999999999999, 1.05, 1.2, 1.3499999999999999, 1.5, 1.65, 1.7999999999999998, 1.95, 2.1, 2.25, 2.4, 2.55, 2.6999999999999997, 2.85, 3.0, 3.15, 3.3, 3.4499999999999997, 3.5999999999999996, 3.75, 3.9, 4.05, 4.2, 4.35, 4.5, 4.6499999999999995, 4.8, 4.95, 5.1, 5.25, 5.3999999999999995, 5.55, 5.7, 5.85, 6.0, 6.1499999999999995, 6.3, 6.45, 6.6, 6.75, 6.8999999999999995, 7.05, 7.199999999999999, 7.35, 7.5, 7.6499999999999995, 7.8, 7.949999999999999, 8.1, 8.25, 8.4, 8.549999999999999, 8.7, 8.85, 9.0, 9.15, 9.299999999999999, 9.45, 9.6, 9.75, 9.9, 10.049999999999999, 10.2, 10.35, 10.5, 10.65, 10.799999999999999, 10.95, 11.1, 11.25, 11.4, 11.549999999999999, 11.7, 11.85, 12.0, 12.15, 12.299999999999999, 12.45, 12.6, 12.75, 12.9, 13.049999999999999, 13.2, 13.35, 13.5, 13.65, 13.799999999999999, 13.95, 14.1, 14.25, 14.399999999999999, 14.549999999999999, 14.7, 14.85, 15.0, 15.149999999999999",2007R_GLUT1_647_WGA_594_0002,2007,R,False,2.9297677959649793,False
"124117, 128280, 129728, 132488, 137207, 142804, 145938, 159400, 172980, 192253, 212347, 228031, 260409, 308744, 326652, 332728, 346707, 355830, 386300, 408052, 437295, 458417, 477591, 488194, 492596, 499621, 504524, 502575, 508347, 507560, 510086, 514497, 512188, 497384, 463838, 427564, 414536, 405708, 380717, 384014, 325106, 297449, 263466, 240948, 221995, 208608, 196003, 190583, 187703, 185938, 184256, 181272, 178533, 177027, 174920, 173084, 170559, 168876, 167682, 167972, 167473, 166407, 166560, 166420, 165635, 164229, 163580, 163369, 163831, 162569, 161423, 163406, 162337, 161603, 162346, 161214, 161136, 161749, 161057, 160546, 161574, 160315, 159687, 161547, 160169, 160174, 159427, 160281, 158117, 159442, 158036, 159399, 158325, 158849, 157265, 158161, 157575, 156296, 156545, 156153, 155612, 156517",72,DAPI,"0.0, 0.15, 0.3, 0.44999999999999996, 0.6, 0.75, 0.8999999999999999, 1.05, 1.2, 1.3499999999999999, 1.5, 1.65, 1.7999999999999998, 1.95, 2.1, 2.25, 2.4, 2.55, 2.6999999999999997, 2.85, 3.0, 3.15, 3.3, 3.4499999999999997, 3.5999999999999996, 3.75, 3.9, 4.05, 4.2, 4.35, 4.5, 4.6499999999999995, 4.8, 4.95, 5.1, 5.25, 5.3999999999999995, 5.55, 5.7, 5.85, 6.0, 6.1499999999999995, 6.3, 6.45, 6.6, 6.75, 6.8999999999999995, 7.05, 7.199999999999999, 7.35, 7.5, 7.6499999999999995, 7.8, 7.949999999999999, 8.1, 8.25, 8.4, 8.549999999999999, 8.7, 8.85, 9.0, 9.15, 9.299999999999999, 9.45, 9.6, 9.75, 9.9, 10.049999999999999, 10.2, 10.35, 10.5, 10.65, 10.799999999999999, 10.95, 11.1, 11.25, 11.4, 11.549999999999999, 11.7, 11.85, 12.0, 12.15, 12.299999999999999, 12.45, 12.6, 12.75, 12.9, 13.049999999999999, 13.2, 13.35, 13.5, 13.65, 13.799999999999999, 13.95, 14.1, 14.25, 14.399999999999999, 14.549999999999999, 14.7, 14.85, 15.0, 15.149999999999999",2007R_GLUT1_647_WGA_594_0002,2007,R,False,3.9696386572589266,False
"17423, 17350, 17207, 18166, 17863, 18364, 18578, 19080, 20665, 23148, 26577, 28540, 31500, 34138, 33477, 34275, 34518, 34894, 35817, 36084, 36351, 36535, 36999, 37102, 37196, 37079, 37368, 37535, 37007, 37148, 37122, 37132, 37593, 37417, 37167, 37092, 37265, 36991, 37080, 37449, 37844, 37487, 38861, 39061, 39662, 39884, 39766, 39905, 39243, 39718, 39719, 39495, 39817, 40522, 39818, 38522, 36948, 34661, 34377, 33721, 33761, 33721, 33248, 33040, 32866, 32629, 32351, 31971, 32308, 31974, 31288, 31939, 31891, 31649, 32035, 31495, 31512, 31632, 31904, 31643, 31926, 31618, 32059, 31944, 31985, 32083, 32510, 31683, 31980, 32034, 32614, 32765, 32579, 32598, 32741, 32975, 33183, 33733, 35128, 36391, 39231, 41886",72,eGFP,"0.0, 0.15, 0.3, 0.44999999999999996, 0.6, 0.75, 0.8999999999999999, 1.05, 1.2, 1.3499999999999999, 1.5, 1.65, 1.7999999999999998, 1.95, 2.1, 2.25, 2.4, 2.55, 2.6999999999999997, 2.85, 3.0, 3.15, 3.3, 3.4499999999999997, 3.5999999999999996, 3.75, 3.9, 4.05, 4.2, 4.35, 4.5, 4.6499999999999995, 4.8, 4.95, 5.1, 5.25, 5.3999999999999995, 5.55, 5.7, 5.85, 6.0, 6.1499999999999995, 6.3, 6.45, 6.6, 6.75, 6.8999999999999995, 7.05, 7.199999999999999, 7.35, 7.5, 7.6499999999999995, 7.8, 7.949999999999999, 8.1, 8.25, 8.4, 8.549999999999999, 8.7, 8.85, 9.0, 9.15, 9.299999999999999, 9.45, 9.6, 9.75, 9.9, 10.049999999999999, 10.2, 10.35, 10.5, 10.65, 10.799999999999999, 10.95, 11.1, 11.25, 11.4, 11.549999999999999, 11.7, 11.85, 12.0, 12.15, 12.299999999999999, 12.45, 12.6, 12.75, 12.9, 13.049999999999999, 13.2, 13.35, 13.5, 13.65, 13.799999999999999, 13.95, 14.1, 14.25, 14.399999999999999, 14.549999999999999, 14.7, 14.85, 15.0, 15.149999999999999",2007R_GLUT1_647_WGA_594_0002,2007,R,False,3.9696386572589266,False
"45084, 48582, 52212, 55584, 64215, 74383, 82380, 111372, 162247, 278032, 378499, 408186, 361622, 288360, 269913, 259710, 247977, 241566, 218440, 205238, 181243, 158698, 139580, 125880, 118342, 107372, 105050, 102561, 95765, 96057, 91040, 88239, 87661, 87465, 90195, 92596, 94686, 95204, 98596, 98125, 109026, 116723, 130699, 145689, 164562, 176705, 186623, 187833, 190027, 189111, 189013, 188764, 188973, 187465, 185565, 178176, 169684, 158030, 148710, 147660, 142912, 140556, 135608, 129552, 126148, 120506, 114079, 108008, 101123, 98790, 99917, 98679, 97238, 93569, 92375, 88747, 84541, 82902, 79271, 77205, 74792, 74170, 74017, 73106, 72702, 70901, 68889, 68110, 65499, 63944, 62133, 61108, 60446, 59561, 59282, 57968, 56622, 55636, 54442, 53430, 52690, 51640",72,WGA,"0.0, 0.15, 0.3, 0.44999999999999996, 0.6, 0.75, 0.8999999999999999, 1.05, 1.2, 1.3499999999999999, 1.5, 1.65, 1.7999999999999998, 1.95, 2.1, 2.25, 2.4, 2.55, 2.6999999999999997, 2.85, 3.0, 3.15, 3.3, 3.4499999999999997, 3.5999999999999996, 3.75, 3.9, 4.05, 4.2, 4.35, 4.5, 4.6499999999999995, 4.8, 4.95, 5.1, 5.25, 5.3999999999999995, 5.55, 5.7, 5.85, 6.0, 6.1499999999999995, 6.3, 6.45, 6.6, 6.75, 6.8999999999999995, 7.05, 7.199999999999999, 7.35, 7.5, 7.6499999999999995, 7.8, 7.949999999999999, 8.1, 8.25, 8.4, 8.549999999999999, 8.7, 8.85, 9.0, 9.15, 9.299999999999999, 9.45, 9.6, 9.75, 9.9, 10.049999999999999, 10.2, 10.35, 10.5, 10.65, 10.799999999999999, 10.95, 11.1, 11.25, 11.4, 11.549999999999999, 11.7, 11.85, 12.0, 12.15, 12.299999999999999, 12.45, 12.6, 12.75, 12.9, 13.049999999999999, 13.2, 13.35, 13.5, 13.65, 13.799999999999999, 13.95, 14.1, 14.25, 14.399999999999999, 14.549999999999999, 14.7, 14.85, 15.0, 15.149999999999999",2007R_GLUT1_647_WGA_594_0002,2007,R,False,3.9696386572589266,False
"4486, 5400, 6189, 6876, 9044, 10904, 12203, 17502, 26213, 44173, 59099, 65166, 64559, 61898, 61811, 61335, 61208, 61157, 59224, 57661, 52761, 47493, 42349, 38258, 36060, 32486, 31343, 30530, 27458, 27637, 25322, 23642, 22858, 22764, 22929, 23522, 24258, 24304, 25012, 24911, 27365, 28883, 32330, 35300, 38162, 39721, 40374, 39681, 38928, 38097, 37557, 36573, 35207, 33118, 32147, 30014, 27640, 24947, 23290, 23454, 22636, 22134, 21166, 20331, 19596, 18931, 17617, 17001, 15595, 15477, 15499, 15559, 15335, 14567, 14452, 13962, 13179, 12686, 12207, 11965, 11358, 11295, 11371, 11324, 10908, 10768, 10531, 10211, 9658, 9394, 9070, 8829, 8695, 8572, 8471, 8229, 8086, 7743, 7426, 7553, 7043, 6914",72,GluT1,"0.0, 0.15, 0.3, 0.44999999999999996, 0.6, 0.75, 0.8999999999999999, 1.05, 1.2, 1.3499999999999999, 1.5, 1.65, 1.7999999999999998, 1.95, 2.1, 2.25, 2.4, 2.55, 2.6999999999999997, 2.85, 3.0, 3.15, 3.3, 3.4499999999999997, 3.5999999999999996, 3.75, 3.9, 4.05, 4.2, 4.35, 4.5, 4.6499999999999995, 4.8, 4.95, 5.1, 5.25, 5.3999999999999995, 5.55, 5.7, 5.85, 6.0, 6.1499999999999995, 6.3, 6.45, 6.6, 6.75, 6.8999999999999995, 7.05, 7.199999999999999, 7.35, 7.5, 7.6499999999999995, 7.8, 7.949999999999999, 8.1, 8.25, 8.4, 8.549999999999999, 8.7, 8.85, 9.0, 9.15, 9.299999999999999, 9.45, 9.6, 9.75, 9.9, 10.049999999999999, 10.2, 10.35, 10.5, 10.65, 10.799999999999999, 10.95, 11.1, 11.25, 11.4, 11.549999999999999, 11.7, 11.85, 12.0, 12.15, 12.299999999999999, 12.45, 12.6, 12.75, 12.9, 13.049999999999999, 13.2, 13.35, 13.5, 13.65, 13.799999999999999, 13.95, 14.1, 14.25, 14.399999999999999, 14.549999999999999, 14.7, 14.85, 15.0, 15.149999999999999",2007R_GLUT1_647_WGA_594_0002,2007,R,False,3.9696386572589266,False
"114499, 116901, 119156, 119425, 123055, 125047, 128576, 134666, 143424, 155203, 166736, 173616, 187275, 204434, 212639, 215264, 223973, 227887, 246952, 258599, 286854, 312909, 337762, 359231, 373110, 390118, 397265, 402496, 414918, 415011, 422293, 423399, 419003, 407534, 386409, 369955, 361285, 359608, 346181, 345682, 318225, 301681, 275527, 250953, 222764, 201850, 187151, 181179, 178068, 177499, 175067, 173273, 174011, 172517, 173062, 171734, 170893, 169528, 167145, 168209, 166683, 166104, 162946, 159735, 158375, 155268, 151353, 147482, 146304, 145702, 145830, 146360, 145593, 144294, 143888, 143471, 143857, 142869, 142845, 142586, 142891, 141969, 141924, 141609, 142496, 140268, 141494, 140751, 140475, 138381, 140718, 140763, 138149, 139445, 139121, 139538, 139681, 139268, 138481, 138479, 139366, 139569",73,DAPI,"0.0, 0.15, 0.3, 0.44999999999999996, 0.6, 0.75, 0.8999999999999999, 1.05, 1.2, 1.3499999999999999, 1.5, 1.65, 1.7999999999999998, 1.95, 2.1, 2.25, 2.4, 2.55, 2.6999999999999997, 2.85, 3.0, 3.15, 3.3, 3.4499999999999997, 3.5999999999999996, 3.75, 3.9, 4.05, 4.2, 4.35, 4.5, 4.6499999999999995, 4.8, 4.95, 5.1, 5.25, 5.3999999999999995, 5.55, 5.7, 5.85, 6.0, 6.1499999999999995, 6.3, 6.45, 6.6, 6.75, 6.8999999999999995, 7.05, 7.199999999999999, 7.35, 7.5, 7.6499999999999995, 7.8, 7.949999999999999, 8.1, 8.25, 8.4, 8.549999999999999, 8.7, 8.85, 9.0, 9.15, 9.299999999999999, 9.45, 9.6, 9.75, 9.9, 10.049999999999999, 10.2, 10.35, 10.5, 10.65, 10.799999999999999, 10.95, 11.1, 11.25, 11.4, 11.549999999999999, 11.7, 11.85, 12.0, 12.15, 12.299999999999999, 12.45, 12.6, 12.75, 12.9, 13.049999999999999, 13.2, 13.35, 13.5, 13.65, 13.799999999999999, 13.95, 14.1, 14.25, 14.399999999999999, 14.549999999999999, 14.7, 14.85, 15.0, 15.149999999999999",2007R_GLUT1_647_WGA_594_0002,2007,R,False,3.09300739056282,False
"16675, 16678, 16544, 17386, 17099, 17578, 17726, 17934, 19241, 21415, 24446, 26564, 29574, 30597, 30890, 30764, 30783, 31131, 30741, 30698, 30034, 30351, 29387, 29198, 29365, 28716, 28745, 28874, 27819, 27988, 27429, 27203, 27004, 27404, 27897, 28106, 28824, 28577, 29794, 29122, 31112, 31084, 31764, 32350, 33583, 34884, 36003, 36617, 38562, 39801, 40962, 43251, 45949, 49585, 49580, 48803, 47337, 45318, 43909, 43571, 42404, 42142, 41312, 40288, 40094, 39385, 38596, 38016, 38335, 38034, 37607, 38361, 38336, 37924, 38293, 37994, 37985, 37461, 37033, 37210, 37172, 37492, 37394, 37613, 37659, 38452, 38929, 39724, 41145, 42498, 43049, 44293, 45181, 44817, 44599, 43886, 43166, 42109, 42431, 43327, 44297, 45545",73,eGFP,"0.0, 0.15, 0.3, 0.44999999999999996, 0.6, 0.75, 0.8999999999999999, 1.05, 1.2, 1.3499999999999999, 1.5, 1.65, 1.7999999999999998, 1.95, 2.1, 2.25, 2.4, 2.55, 2.6999999999999997, 2.85, 3.0, 3.15, 3.3, 3.4499999999999997, 3.5999999999999996, 3.75, 3.9, 4.05, 4.2, 4.35, 4.5, 4.6499999999999995, 4.8, 4.95, 5.1, 5.25, 5.3999999999999995, 5.55, 5.7, 5.85, 6.0, 6.1499999999999995, 6.3, 6.45, 6.6, 6.75, 6.8999999999999995, 7.05, 7.199999999999999, 7.35, 7.5, 7.6499999999999995, 7.8, 7.949999999999999, 8.1, 8.25, 8.4, 8.549999999999999, 8.7, 8.85, 9.0, 9.15, 9.299999999999999, 9.45, 9.6, 9.75, 9.9, 10.049999999999999, 10.2, 10.35, 10.5, 10.65, 10.799999999999999, 10.95, 11.1, 11.25, 11.4, 11.549999999999999, 11.7, 11.85, 12.0, 12.15, 12.299999999999999, 12.45, 12.6, 12.75, 12.9, 13.049999999999999, 13.2, 13.35, 13.5, 13.65, 13.799999999999999, 13.95, 14.1, 14.25, 14.399999999999999, 14.549999999999999, 14.7, 14.85, 15.0, 15.149999999999999",2007R_GLUT1_647_WGA_594_0002,2007,R,False,3.09300739056282,False
"41877, 44971, 47969, 50888, 57973, 65673, 71730, 95227, 137981, 245555, 355406, 399972, 356418, 262891, 238056, 229301, 214424, 206326, 184941, 175016, 157908, 143661, 130098, 120467, 114662, 104447, 102745, 100062, 94431, 95049, 90060, 87682, 88478, 92243, 98033, 101600, 102557, 103959, 104655, 103741, 108412, 110387, 114836, 119483, 126756, 134600, 146043, 152655, 157744, 159996, 160583, 158933, 155302, 144026, 138328, 127832, 120048, 111264, 104819, 104131, 100851, 98981, 95561, 91551, 89529, 86009, 81520, 78329, 73879, 72577, 73322, 72870, 71536, 69371, 68545, 66460, 63762, 63086, 60746, 59396, 57978, 57846, 57697, 57027, 56525, 55647, 54534, 53840, 52436, 51493, 50689, 50052, 49649, 49218, 48973, 48063, 47350, 46821, 46275, 45731, 45524, 45055",73,WGA,"0.0, 0.15, 0.3, 0.44999999999999996, 0.6, 0.75, 0.8999999999999999, 1.05, 1.2, 1.3499999999999999, 1.5, 1.65, 1.7999999999999998, 1.95, 2.1, 2.25, 2.4, 2.55, 2.6999999999999997, 2.85, 3.0, 3.15, 3.3, 3.4499999999999997, 3.5999999999999996, 3.75, 3.9, 4.05, 4.2, 4.35, 4.5, 4.6499999999999995, 4.8, 4.95, 5.1, 5.25, 5.3999999999999995, 5.55, 5.7, 5.85, 6.0, 6.1499999999999995, 6.3, 6.45, 6.6, 6.75, 6.8999999999999995, 7.05, 7.199999999999999, 7.35, 7.5, 7.6499999999999995, 7.8, 7.949999999999999, 8.1, 8.25, 8.4, 8.549999999999999, 8.7, 8.85, 9.0, 9.15, 9.299999999999999, 9.45, 9.6, 9.75, 9.9, 10.049999999999999, 10.2, 10.35, 10.5, 10.65, 10.799999999999999, 10.95, 11.1, 11.25, 11.4, 11.549999999999999, 11.7, 11.85, 12.0, 12.15, 12.299999999999999, 12.45, 12.6, 12.75, 12.9, 13.049999999999999, 13.2, 13.35, 13.5, 13.65, 13.799999999999999, 13.95, 14.1, 14.25, 14.399999999999999, 14.549999999999999, 14.7, 14.85, 15.0, 15.149999999999999",2007R_GLUT1_647_WGA_594_0002,2007,R,False,3.09300739056282,False
"4019, 4905, 5485, 6328, 8051, 9500, 10867, 15481, 23387, 39974, 54566, 60969, 59376, 51926, 49637, 48945, 47511, 46817, 44350, 42303, 38842, 35385, 31510, 28595, 26765, 23746, 23057, 22436, 20878, 21126, 19825, 18495, 17723, 17807, 17921, 18144, 18360, 18407, 18670, 18582, 19247, 19700, 20714, 21837, 22832, 23682, 24266, 24219, 24165, 23783, 23507, 23089, 21894, 20030, 19224, 17679, 16663, 15361, 14444, 14466, 13887, 13570, 13321, 12585, 12430, 11703, 11389, 10725, 10069, 9974, 10168, 10022, 9951, 9615, 9349, 9113, 8761, 8276, 8009, 7989, 7814, 7480, 7682, 7472, 7375, 7175, 6991, 6890, 6444, 6381, 6278, 6183, 6039, 5984, 6002, 5807, 5696, 5524, 5338, 5427, 5316, 5194",73,GluT1,"0.0, 0.15, 0.3, 0.44999999999999996, 0.6, 0.75, 0.8999999999999999, 1.05, 1.2, 1.3499999999999999, 1.5, 1.65, 1.7999999999999998, 1.95, 2.1, 2.25, 2.4, 2.55, 2.6999999999999997, 2.85, 3.0, 3.15, 3.3, 3.4499999999999997, 3.5999999999999996, 3.75, 3.9, 4.05, 4.2, 4.35, 4.5, 4.6499999999999995, 4.8, 4.95, 5.1, 5.25, 5.3999999999999995, 5.55, 5.7, 5.85, 6.0, 6.1499999999999995, 6.3, 6.45, 6.6, 6.75, 6.8999999999999995, 7.05, 7.199999999999999, 7.35, 7.5, 7.6499999999999995, 7.8, 7.949999999999999, 8.1, 8.25, 8.4, 8.549999999999999, 8.7, 8.85, 9.0, 9.15, 9.299999999999999, 9.45, 9.6, 9.75, 9.9, 10.049999999999999, 10.2, 10.35, 10.5, 10.65, 10.799999999999999, 10.95, 11.1, 11.25, 11.4, 11.549999999999999, 11.7, 11.85, 12.0, 12.15, 12.299999999999999, 12.45, 12.6, 12.75, 12.9, 13.049999999999999, 13.2, 13.35, 13.5, 13.65, 13.799999999999999, 13.95, 14.1, 14.25, 14.399999999999999, 14.549999999999999, 14.7, 14.85, 15.0, 15.149999999999999",2007R_GLUT1_647_WGA_594_0002,2007,R,False,3.09300739056282,False
"104361, 108261, 108388, 109288, 112555, 115652, 116930, 124691, 131565, 142067, 148530, 150563, 155237, 160033, 160323, 159916, 161680, 163293, 165561, 164665, 166937, 168562, 171022, 175988, 180636, 189579, 194395, 197359, 214754, 216329, 238035, 269577, 293208, 324488, 367483, 395821, 410757, 414686, 432340, 428925, 454142, 461369, 466259, 462056, 444559, 425719, 388893, 367296, 347727, 336058, 320509, 291194, 258413, 215823, 200111, 178500, 169316, 162286, 157110, 156396, 155612, 154530, 151954, 152687, 151459, 150141, 149043, 148080, 146440, 146840, 147347, 147026, 145544, 145006, 143999, 145236, 144083, 143996, 143907, 142940, 142195, 141202, 142621, 141707, 141270, 140946, 139823, 141218, 140214, 139802, 139318, 139549, 140120, 138878, 139907, 140224, 139342, 138400, 138578, 138604, 139443, 139014",74,DAPI,"0.0, 0.15, 0.3, 0.44999999999999996, 0.6, 0.75, 0.8999999999999999, 1.05, 1.2, 1.3499999999999999, 1.5, 1.65, 1.7999999999999998, 1.95, 2.1, 2.25, 2.4, 2.55, 2.6999999999999997, 2.85, 3.0, 3.15, 3.3, 3.4499999999999997, 3.5999999999999996, 3.75, 3.9, 4.05, 4.2, 4.35, 4.5, 4.6499999999999995, 4.8, 4.95, 5.1, 5.25, 5.3999999999999995, 5.55, 5.7, 5.85, 6.0, 6.1499999999999995, 6.3, 6.45, 6.6, 6.75, 6.8999999999999995, 7.05, 7.199999999999999, 7.35, 7.5, 7.6499999999999995, 7.8, 7.949999999999999, 8.1, 8.25, 8.4, 8.549999999999999, 8.7, 8.85, 9.0, 9.15, 9.299999999999999, 9.45, 9.6, 9.75, 9.9, 10.049999999999999, 10.2, 10.35, 10.5, 10.65, 10.799999999999999, 10.95, 11.1, 11.25, 11.4, 11.549999999999999, 11.7, 11.85, 12.0, 12.15, 12.299999999999999, 12.45, 12.6, 12.75, 12.9, 13.049999999999999, 13.2, 13.35, 13.5, 13.65, 13.799999999999999, 13.95, 14.1, 14.25, 14.399999999999999, 14.549999999999999, 14.7, 14.85, 15.0, 15.149999999999999",2007R_GLUT1_647_WGA_594_0002,2007,R,False,4.30482775351771,False
"16225, 16423, 16468, 17292, 17196, 17765, 18096, 18851, 20682, 23591, 27259, 29959, 34435, 39491, 41970, 43173, 45353, 47508, 53663, 59215, 69844, 79196, 86052, 89125, 90419, 89932, 90117, 90921, 88473, 88829, 87191, 85634, 82721, 80141, 77585, 73344, 69927, 69028, 62129, 62581, 48166, 41677, 35489, 32129, 30259, 29639, 29473, 29291, 29923, 30122, 30082, 30423, 32218, 35772, 37390, 39639, 37058, 33347, 31841, 31580, 31525, 30713, 30474, 29621, 29907, 29542, 29101, 28995, 29041, 29128, 28441, 29317, 28566, 28749, 28693, 28507, 28811, 28871, 29076, 28769, 28616, 28787, 29013, 28658, 28461, 28438, 28500, 29127, 28830, 28598, 29094, 28812, 29114, 28806, 28988, 29425, 29433, 29763, 30016, 31125, 32463, 34375",74,eGFP,"0.0, 0.15, 0.3, 0.44999999999999996, 0.6, 0.75, 0.8999999999999999, 1.05, 1.2, 1.3499999999999999, 1.5, 1.65, 1.7999999999999998, 1.95, 2.1, 2.25, 2.4, 2.55, 2.6999999999999997, 2.85, 3.0, 3.15, 3.3, 3.4499999999999997, 3.5999999999999996, 3.75, 3.9, 4.05, 4.2, 4.35, 4.5, 4.6499999999999995, 4.8, 4.95, 5.1, 5.25, 5.3999999999999995, 5.55, 5.7, 5.85, 6.0, 6.1499999999999995, 6.3, 6.45, 6.6, 6.75, 6.8999999999999995, 7.05, 7.199999999999999, 7.35, 7.5, 7.6499999999999995, 7.8, 7.949999999999999, 8.1, 8.25, 8.4, 8.549999999999999, 8.7, 8.85, 9.0, 9.15, 9.299999999999999, 9.45, 9.6, 9.75, 9.9, 10.049999999999999, 10.2, 10.35, 10.5, 10.65, 10.799999999999999, 10.95, 11.1, 11.25, 11.4, 11.549999999999999, 11.7, 11.85, 12.0, 12.15, 12.299999999999999, 12.45, 12.6, 12.75, 12.9, 13.049999999999999, 13.2, 13.35, 13.5, 13.65, 13.799999999999999, 13.95, 14.1, 14.25, 14.399999999999999, 14.549999999999999, 14.7, 14.85, 15.0, 15.149999999999999",2007R_GLUT1_647_WGA_594_0002,2007,R,False,4.30482775351771,False
"40189, 43434, 46477, 49363, 56496, 64858, 71468, 97138, 143256, 266447, 366802, 389165, 320176, 241108, 223240, 216556, 207447, 202460, 193328, 191096, 189528, 186852, 182844, 179357, 175235, 169927, 168197, 166767, 161861, 161974, 154336, 146345, 140078, 133733, 127334, 121671, 118273, 117177, 111771, 111943, 98750, 90704, 82277, 78308, 78666, 82041, 91506, 97611, 105962, 109644, 114411, 122165, 129819, 137583, 141480, 150327, 154089, 152248, 145863, 145109, 140617, 138064, 132611, 125589, 121578, 115643, 107970, 101835, 95483, 93560, 94501, 93655, 91588, 88303, 87742, 84955, 81086, 79251, 75786, 73813, 71146, 70266, 70368, 68710, 68033, 66722, 64317, 63201, 60938, 58770, 57498, 55932, 55879, 54407, 53928, 52739, 51699, 50499, 49417, 48735, 48166, 46825",74,WGA,"0.0, 0.15, 0.3, 0.44999999999999996, 0.6, 0.75, 0.8999999999999999, 1.05, 1.2, 1.3499999999999999, 1.5, 1.65, 1.7999999999999998, 1.95, 2.1, 2.25, 2.4, 2.55, 2.6999999999999997, 2.85, 3.0, 3.15, 3.3, 3.4499999999999997, 3.5999999999999996, 3.75, 3.9, 4.05, 4.2, 4.35, 4.5, 4.6499999999999995, 4.8, 4.95, 5.1, 5.25, 5.3999999999999995, 5.55, 5.7, 5.85, 6.0, 6.1499999999999995, 6.3, 6.45, 6.6, 6.75, 6.8999999999999995, 7.05, 7.199999999999999, 7.35, 7.5, 7.6499999999999995, 7.8, 7.949999999999999, 8.1, 8.25, 8.4, 8.549999999999999, 8.7, 8.85, 9.0, 9.15, 9.299999999999999, 9.45, 9.6, 9.75, 9.9, 10.049999999999999, 10.2, 10.35, 10.5, 10.65, 10.799999999999999, 10.95, 11.1, 11.25, 11.4, 11.549999999999999, 11.7, 11.85, 12.0, 12.15, 12.299999999999999, 12.45, 12.6, 12.75, 12.9, 13.049999999999999, 13.2, 13.35, 13.5, 13.65, 13.799999999999999, 13.95, 14.1, 14.25, 14.399999999999999, 14.549999999999999, 14.7, 14.85, 15.0, 15.149999999999999",2007R_GLUT1_647_WGA_594_0002,2007,R,False,4.30482775351771,False
"4074, 4859, 5479, 6215, 8017, 9563, 10660, 15731, 24018, 43939, 59508, 64440, 58988, 51328, 49452, 48843, 47842, 47071, 45843, 45066, 44612, 43586, 42376, 41171, 40229, 39110, 38515, 38283, 37310, 37123, 35245, 33905, 32433, 31142, 30766, 31177, 31284, 31195, 30795, 31149, 29177, 27357, 24113, 21663, 20783, 21307, 23587, 24937, 26810, 27664, 28572, 30615, 31491, 32330, 32026, 31020, 29110, 26366, 24298, 24277, 23103, 22723, 21470, 20219, 19440, 18537, 17314, 16181, 15120, 14870, 14681, 14795, 14519, 14003, 13812, 13242, 12635, 12202, 11639, 11305, 10704, 10503, 10758, 10611, 10324, 9924, 9889, 9609, 9056, 8945, 8791, 8400, 8198, 7995, 7927, 7721, 7357, 7249, 6906, 6754, 6533, 6398",74,GluT1,"0.0, 0.15, 0.3, 0.44999999999999996, 0.6, 0.75, 0.8999999999999999, 1.05, 1.2, 1.3499999999999999, 1.5, 1.65, 1.7999999999999998, 1.95, 2.1, 2.25, 2.4, 2.55, 2.6999999999999997, 2.85, 3.0, 3.15, 3.3, 3.4499999999999997, 3.5999999999999996, 3.75, 3.9, 4.05, 4.2, 4.35, 4.5, 4.6499999999999995, 4.8, 4.95, 5.1, 5.25, 5.3999999999999995, 5.55, 5.7, 5.85, 6.0, 6.1499999999999995, 6.3, 6.45, 6.6, 6.75, 6.8999999999999995, 7.05, 7.199999999999999, 7.35, 7.5, 7.6499999999999995, 7.8, 7.949999999999999, 8.1, 8.25, 8.4, 8.549999999999999, 8.7, 8.85, 9.0, 9.15, 9.299999999999999, 9.45, 9.6, 9.75, 9.9, 10.049999999999999, 10.2, 10.35, 10.5, 10.65, 10.799999999999999, 10.95, 11.1, 11.25, 11.4, 11.549999999999999, 11.7, 11.85, 12.0, 12.15, 12.299999999999999, 12.45, 12.6, 12.75, 12.9, 13.049999999999999, 13.2, 13.35, 13.5, 13.65, 13.799999999999999, 13.95, 14.1, 14.25, 14.399999999999999, 14.549999999999999, 14.7, 14.85, 15.0, 15.149999999999999",2007R_GLUT1_647_WGA_594_0002,2007,R,False,4.30482775351771,False
"65678, 67059, 68106, 68887, 71234, 73833, 76136, 81625, 87140, 92343, 94665, 95021, 95689, 95439, 95636, 95992, 95562, 96690, 95845, 96054, 96990, 96972, 97124, 98786, 100717, 101357, 102201, 103628, 104896, 104341, 110354, 115102, 123857, 139240, 171229, 200501, 212426, 220384, 238864, 236728, 279386, 299861, 329395, 347541, 359667, 355998, 342561, 333026, 320858, 318042, 313755, 307316, 301270, 294105, 289941, 267174, 243043, 206700, 178226, 174529, 159037, 151167, 135272, 123060, 117157, 111462, 106787, 102778, 100561, 99307, 99377, 98964, 98032, 96674, 97053, 95564, 94759, 94199, 93573, 92085, 92130, 91511, 91564, 91343, 90674, 92151, 91021, 90387, 90045, 89815, 89414, 88385, 88669, 88676, 88479, 88788, 89134, 87086, 86652, 87118, 87287, 87337",75,DAPI,"0.0, 0.15, 0.3, 0.44999999999999996, 0.6, 0.75, 0.8999999999999999, 1.05, 1.2, 1.3499999999999999, 1.5, 1.65, 1.7999999999999998, 1.95, 2.1, 2.25, 2.4, 2.55, 2.6999999999999997, 2.85, 3.0, 3.15, 3.3, 3.4499999999999997, 3.5999999999999996, 3.75, 3.9, 4.05, 4.2, 4.35, 4.5, 4.6499999999999995, 4.8, 4.95, 5.1, 5.25, 5.3999999999999995, 5.55, 5.7, 5.85, 6.0, 6.1499999999999995, 6.3, 6.45, 6.6, 6.75, 6.8999999999999995, 7.05, 7.199999999999999, 7.35, 7.5, 7.6499999999999995, 7.8, 7.949999999999999, 8.1, 8.25, 8.4, 8.549999999999999, 8.7, 8.85, 9.0, 9.15, 9.299999999999999, 9.45, 9.6, 9.75, 9.9, 10.049999999999999, 10.2, 10.35, 10.5, 10.65, 10.799999999999999, 10.95, 11.1, 11.25, 11.4, 11.549999999999999, 11.7, 11.85, 12.0, 12.15, 12.299999999999999, 12.45, 12.6, 12.75, 12.9, 13.049999999999999, 13.2, 13.35, 13.5, 13.65, 13.799999999999999, 13.95, 14.1, 14.25, 14.399999999999999, 14.549999999999999, 14.7, 14.85, 15.0, 15.149999999999999",2007R_GLUT1_647_WGA_594_0002,2007,R,False,4.636853241007886,False
"10746, 10967, 10791, 11407, 11426, 11985, 12086, 12494, 13380, 15383, 17618, 19061, 21983, 24810, 25833, 26443, 27875, 28872, 33291, 36803, 45486, 55218, 63137, 67156, 68386, 67564, 68735, 67713, 68176, 67866, 65235, 58103, 50981, 44697, 40726, 39067, 37422, 37080, 35662, 35843, 30977, 28516, 25434, 24582, 24107, 24021, 23116, 22418, 22728, 23139, 23266, 22617, 22724, 22939, 22951, 22526, 21934, 20789, 19978, 20248, 19756, 20417, 19882, 19479, 19364, 19541, 19246, 19089, 18966, 18670, 19136, 18939, 18627, 18727, 18752, 18656, 18634, 18829, 18483, 18780, 18643, 18759, 18916, 18491, 18230, 18590, 18119, 18604, 18389, 18603, 18384, 18515, 18481, 18428, 18280, 18294, 18463, 18282, 18185, 18249, 18100, 18190",75,eGFP,"0.0, 0.15, 0.3, 0.44999999999999996, 0.6, 0.75, 0.8999999999999999, 1.05, 1.2, 1.3499999999999999, 1.5, 1.65, 1.7999999999999998, 1.95, 2.1, 2.25, 2.4, 2.55, 2.6999999999999997, 2.85, 3.0, 3.15, 3.3, 3.4499999999999997, 3.5999999999999996, 3.75, 3.9, 4.05, 4.2, 4.35, 4.5, 4.6499999999999995, 4.8, 4.95, 5.1, 5.25, 5.3999999999999995, 5.55, 5.7, 5.85, 6.0, 6.1499999999999995, 6.3, 6.45, 6.6, 6.75, 6.8999999999999995, 7.05, 7.199999999999999, 7.35, 7.5, 7.6499999999999995, 7.8, 7.949999999999999, 8.1, 8.25, 8.4, 8.549999999999999, 8.7, 8.85, 9.0, 9.15, 9.299999999999999, 9.45, 9.6, 9.75, 9.9, 10.049999999999999, 10.2, 10.35, 10.5, 10.65, 10.799999999999999, 10.95, 11.1, 11.25, 11.4, 11.549999999999999, 11.7, 11.85, 12.0, 12.15, 12.299999999999999, 12.45, 12.6, 12.75, 12.9, 13.049999999999999, 13.2, 13.35, 13.5, 13.65, 13.799999999999999, 13.95, 14.1, 14.25, 14.399999999999999, 14.549999999999999, 14.7, 14.85, 15.0, 15.149999999999999",2007R_GLUT1_647_WGA_594_0002,2007,R,False,4.636853241007886,False
"25325, 27164, 28974, 30590, 34774, 39451, 43265, 57899, 85824, 161845, 227360, 241937, 196598, 140925, 130522, 127539, 122762, 120491, 117516, 116548, 113392, 111156, 108880, 107135, 106204, 104693, 104381, 104259, 102678, 103329, 101380, 101069, 100680, 100091, 99435, 96785, 95443, 94691, 91496, 92128, 82950, 77479, 69296, 62586, 57428, 54363, 50781, 49752, 49440, 48870, 48643, 49432, 51706, 55645, 57569, 63517, 67651, 72903, 78210, 78357, 80715, 81625, 83362, 83926, 83572, 81802, 78900, 76279, 72622, 71594, 72303, 71302, 70413, 68121, 67212, 64778, 61616, 59877, 56515, 55146, 52366, 51965, 52112, 50813, 50137, 48913, 47047, 45894, 43672, 41917, 40404, 39165, 38774, 37741, 38165, 36445, 35483, 34586, 33805, 32934, 32018, 31193",75,WGA,"0.0, 0.15, 0.3, 0.44999999999999996, 0.6, 0.75, 0.8999999999999999, 1.05, 1.2, 1.3499999999999999, 1.5, 1.65, 1.7999999999999998, 1.95, 2.1, 2.25, 2.4, 2.55, 2.6999999999999997, 2.85, 3.0, 3.15, 3.3, 3.4499999999999997, 3.5999999999999996, 3.75, 3.9, 4.05, 4.2, 4.35, 4.5, 4.6499999999999995, 4.8, 4.95, 5.1, 5.25, 5.3999999999999995, 5.55, 5.7, 5.85, 6.0, 6.1499999999999995, 6.3, 6.45, 6.6, 6.75, 6.8999999999999995, 7.05, 7.199999999999999, 7.35, 7.5, 7.6499999999999995, 7.8, 7.949999999999999, 8.1, 8.25, 8.4, 8.549999999999999, 8.7, 8.85, 9.0, 9.15, 9.299999999999999, 9.45, 9.6, 9.75, 9.9, 10.049999999999999, 10.2, 10.35, 10.5, 10.65, 10.799999999999999, 10.95, 11.1, 11.25, 11.4, 11.549999999999999, 11.7, 11.85, 12.0, 12.15, 12.299999999999999, 12.45, 12.6, 12.75, 12.9, 13.049999999999999, 13.2, 13.35, 13.5, 13.65, 13.799999999999999, 13.95, 14.1, 14.25, 14.399999999999999, 14.549999999999999, 14.7, 14.85, 15.0, 15.149999999999999",2007R_GLUT1_647_WGA_594_0002,2007,R,False,4.636853241007886,False
"2609, 3047, 3349, 3805, 4758, 5637, 6419, 9255, 14369, 27304, 37229, 40378, 37431, 32632, 31392, 31444, 30829, 30710, 29684, 28962, 27645, 25771, 24158, 22900, 22116, 21289, 20911, 20927, 20662, 20805, 20878, 20672, 21142, 21271, 21875, 21970, 21911, 21946, 21579, 21600, 20371, 19284, 17693, 16030, 14447, 13370, 12393, 11996, 11434, 11389, 11189, 11055, 10892, 10957, 10988, 11556, 11952, 12573, 13018, 13150, 13200, 13188, 13097, 13404, 13102, 12852, 12156, 11914, 11233, 11085, 11157, 11114, 10983, 10677, 10339, 10159, 9539, 9134, 8846, 8456, 8075, 7781, 7801, 7803, 7647, 7382, 7255, 6920, 6653, 6301, 6167, 5868, 5863, 5488, 5623, 5329, 5196, 5014, 4750, 4651, 4481, 4426",75,GluT1,"0.0, 0.15, 0.3, 0.44999999999999996, 0.6, 0.75, 0.8999999999999999, 1.05, 1.2, 1.3499999999999999, 1.5, 1.65, 1.7999999999999998, 1.95, 2.1, 2.25, 2.4, 2.55, 2.6999999999999997, 2.85, 3.0, 3.15, 3.3, 3.4499999999999997, 3.5999999999999996, 3.75, 3.9, 4.05, 4.2, 4.35, 4.5, 4.6499999999999995, 4.8, 4.95, 5.1, 5.25, 5.3999999999999995, 5.55, 5.7, 5.85, 6.0, 6.1499999999999995, 6.3, 6.45, 6.6, 6.75, 6.8999999999999995, 7.05, 7.199999999999999, 7.35, 7.5, 7.6499999999999995, 7.8, 7.949999999999999, 8.1, 8.25, 8.4, 8.549999999999999, 8.7, 8.85, 9.0, 9.15, 9.299999999999999, 9.45, 9.6, 9.75, 9.9, 10.049999999999999, 10.2, 10.35, 10.5, 10.65, 10.799999999999999, 10.95, 11.1, 11.25, 11.4, 11.549999999999999, 11.7, 11.85, 12.0, 12.15, 12.299999999999999, 12.45, 12.6, 12.75, 12.9, 13.049999999999999, 13.2, 13.35, 13.5, 13.65, 13.799999999999999, 13.95, 14.1, 14.25, 14.399999999999999, 14.549999999999999, 14.7, 14.85, 15.0, 15.149999999999999",2007R_GLUT1_647_WGA_594_0002,2007,R,False,4.636853241007886,False
"74545, 76494, 77941, 79930, 82506, 85604, 88149, 94296, 102287, 114765, 125596, 136674, 155627, 180155, 189199, 192718, 200782, 205743, 224771, 237640, 259950, 289098, 316289, 338261, 353309, 373310, 380323, 383639, 398985, 399577, 409065, 412493, 405103, 390803, 361124, 337755, 327050, 324954, 307246, 311128, 276495, 260085, 231634, 201302, 168897, 145840, 129185, 125279, 121063, 118127, 115400, 111480, 109693, 105810, 104999, 102317, 101226, 101291, 99324, 99592, 98666, 99334, 99533, 98070, 97864, 97368, 97223, 96808, 96469, 96027, 95374, 95681, 95508, 96524, 96374, 95685, 95469, 94629, 95569, 94747, 94973, 93706, 94716, 95231, 94044, 94823, 94540, 94086, 92890, 94355, 93941, 93874, 93828, 93515, 94118, 95015, 92867, 92784, 93273, 92589, 93238, 92902",76,DAPI,"0.0, 0.15, 0.3, 0.44999999999999996, 0.6, 0.75, 0.8999999999999999, 1.05, 1.2, 1.3499999999999999, 1.5, 1.65, 1.7999999999999998, 1.95, 2.1, 2.25, 2.4, 2.55, 2.6999999999999997, 2.85, 3.0, 3.15, 3.3, 3.4499999999999997, 3.5999999999999996, 3.75, 3.9, 4.05, 4.2, 4.35, 4.5, 4.6499999999999995, 4.8, 4.95, 5.1, 5.25, 5.3999999999999995, 5.55, 5.7, 5.85, 6.0, 6.1499999999999995, 6.3, 6.45, 6.6, 6.75, 6.8999999999999995, 7.05, 7.199999999999999, 7.35, 7.5, 7.6499999999999995, 7.8, 7.949999999999999, 8.1, 8.25, 8.4, 8.549999999999999, 8.7, 8.85, 9.0, 9.15, 9.299999999999999, 9.45, 9.6, 9.75, 9.9, 10.049999999999999, 10.2, 10.35, 10.5, 10.65, 10.799999999999999, 10.95, 11.1, 11.25, 11.4, 11.549999999999999, 11.7, 11.85, 12.0, 12.15, 12.299999999999999, 12.45, 12.6, 12.75, 12.9, 13.049999999999999, 13.2, 13.35, 13.5, 13.65, 13.799999999999999, 13.95, 14.1, 14.25, 14.399999999999999, 14.549999999999999, 14.7, 14.85, 15.0, 15.149999999999999",2007R_GLUT1_647_WGA_594_0002,2007,R,True,92.46298932384342,False
"17236, 18575, 19687, 21097, 23128, 24681, 25802, 28998, 34245, 42526, 53141, 64208, 91323, 130419, 147820, 155753, 172878, 186604, 228398, 257030, 305940, 353592, 395267, 425937, 443688, 470143, 480332, 484977, 500571, 503084, 509423, 519642, 517823, 515958, 517227, 515431, 518829, 516886, 516034, 516012, 513017, 510094, 497316, 479768, 457943, 428743, 382935, 353410, 323713, 301751, 282100, 238994, 197148, 141724, 120386, 84727, 67574, 54896, 48079, 47795, 45369, 43748, 41143, 38533, 37653, 36728, 37056, 37732, 38184, 37298, 37079, 37585, 37358, 35396, 34403, 32048, 29274, 27731, 25272, 24481, 23388, 22974, 23412, 22387, 22655, 22155, 21919, 21877, 21600, 21532, 21419, 21556, 21361, 21610, 21368, 22019, 22185, 22567, 22884, 23290, 22916, 22474",76,eGFP,"0.0, 0.15, 0.3, 0.44999999999999996, 0.6, 0.75, 0.8999999999999999, 1.05, 1.2, 1.3499999999999999, 1.5, 1.65, 1.7999999999999998, 1.95, 2.1, 2.25, 2.4, 2.55, 2.6999999999999997, 2.85, 3.0, 3.15, 3.3, 3.4499999999999997, 3.5999999999999996, 3.75, 3.9, 4.05, 4.2, 4.35, 4.5, 4.6499999999999995, 4.8, 4.95, 5.1, 5.25, 5.3999999999999995, 5.55, 5.7, 5.85, 6.0, 6.1499999999999995, 6.3, 6.45, 6.6, 6.75, 6.8999999999999995, 7.05, 7.199999999999999, 7.35, 7.5, 7.6499999999999995, 7.8, 7.949999999999999, 8.1, 8.25, 8.4, 8.549999999999999, 8.7, 8.85, 9.0, 9.15, 9.299999999999999, 9.45, 9.6, 9.75, 9.9, 10.049999999999999, 10.2, 10.35, 10.5, 10.65, 10.799999999999999, 10.95, 11.1, 11.25, 11.4, 11.549999999999999, 11.7, 11.85, 12.0, 12.15, 12.299999999999999, 12.45, 12.6, 12.75, 12.9, 13.049999999999999, 13.2, 13.35, 13.5, 13.65, 13.799999999999999, 13.95, 14.1, 14.25, 14.399999999999999, 14.549999999999999, 14.7, 14.85, 15.0, 15.149999999999999",2007R_GLUT1_647_WGA_594_0002,2007,R,True,92.46298932384342,False
"26670, 28696, 30870, 33034, 38095, 44208, 48625, 63854, 89242, 143805, 193350, 215116, 200663, 165286, 152847, 148823, 140579, 134230, 120761, 113658, 103884, 95880, 88590, 82840, 78994, 73424, 71047, 69397, 64783, 65101, 60307, 56733, 54847, 54404, 54772, 55443, 56591, 56141, 58404, 57578, 61744, 63800, 67594, 72561, 79879, 87395, 95940, 100373, 103173, 104822, 105614, 106211, 106150, 104561, 103603, 98628, 94107, 87854, 82723, 82525, 79991, 78090, 75596, 71777, 69799, 66599, 63106, 60118, 56501, 55738, 56048, 55800, 54738, 52861, 52420, 50837, 49175, 48107, 46302, 45227, 43938, 43572, 43433, 42300, 42201, 41322, 39996, 39425, 38181, 37473, 36504, 35724, 35383, 34803, 34407, 33663, 33111, 32398, 31903, 31216, 30778, 30203",76,WGA,"0.0, 0.15, 0.3, 0.44999999999999996, 0.6, 0.75, 0.8999999999999999, 1.05, 1.2, 1.3499999999999999, 1.5, 1.65, 1.7999999999999998, 1.95, 2.1, 2.25, 2.4, 2.55, 2.6999999999999997, 2.85, 3.0, 3.15, 3.3, 3.4499999999999997, 3.5999999999999996, 3.75, 3.9, 4.05, 4.2, 4.35, 4.5, 4.6499999999999995, 4.8, 4.95, 5.1, 5.25, 5.3999999999999995, 5.55, 5.7, 5.85, 6.0, 6.1499999999999995, 6.3, 6.45, 6.6, 6.75, 6.8999999999999995, 7.05, 7.199999999999999, 7.35, 7.5, 7.6499999999999995, 7.8, 7.949999999999999, 8.1, 8.25, 8.4, 8.549999999999999, 8.7, 8.85, 9.0, 9.15, 9.299999999999999, 9.45, 9.6, 9.75, 9.9, 10.049999999999999, 10.2, 10.35, 10.5, 10.65, 10.799999999999999, 10.95, 11.1, 11.25, 11.4, 11.549999999999999, 11.7, 11.85, 12.0, 12.15, 12.299999999999999, 12.45, 12.6, 12.75, 12.9, 13.049999999999999, 13.2, 13.35, 13.5, 13.65, 13.799999999999999, 13.95, 14.1, 14.25, 14.399999999999999, 14.549999999999999, 14.7, 14.85, 15.0, 15.149999999999999",2007R_GLUT1_647_WGA_594_0002,2007,R,True,92.46298932384342,False
"2504, 3048, 3480, 3841, 5033, 6079, 6982, 9645, 13721, 22180, 28676, 31876, 32892, 30851, 29954, 29586, 28926, 28478, 26771, 25869, 24268, 22657, 21578, 20684, 19926, 18588, 17930, 17540, 16178, 16256, 14645, 13193, 12356, 11553, 11405, 11327, 11546, 11635, 11823, 11763, 12592, 13231, 14768, 16487, 18675, 20346, 21314, 20934, 20697, 20545, 20054, 19776, 18982, 17412, 16728, 15703, 14591, 13522, 12800, 12759, 12415, 12190, 11659, 11322, 11036, 10665, 10217, 9731, 9166, 8928, 9105, 9016, 9064, 8741, 8515, 8273, 7851, 7570, 7205, 6985, 6650, 6316, 6369, 6430, 6222, 5923, 5821, 5697, 5463, 5382, 5058, 5035, 4977, 4698, 4844, 4619, 4489, 4262, 4111, 4146, 3978, 3882",76,GluT1,"0.0, 0.15, 0.3, 0.44999999999999996, 0.6, 0.75, 0.8999999999999999, 1.05, 1.2, 1.3499999999999999, 1.5, 1.65, 1.7999999999999998, 1.95, 2.1, 2.25, 2.4, 2.55, 2.6999999999999997, 2.85, 3.0, 3.15, 3.3, 3.4499999999999997, 3.5999999999999996, 3.75, 3.9, 4.05, 4.2, 4.35, 4.5, 4.6499999999999995, 4.8, 4.95, 5.1, 5.25, 5.3999999999999995, 5.55, 5.7, 5.85, 6.0, 6.1499999999999995, 6.3, 6.45, 6.6, 6.75, 6.8999999999999995, 7.05, 7.199999999999999, 7.35, 7.5, 7.6499999999999995, 7.8, 7.949999999999999, 8.1, 8.25, 8.4, 8.549999999999999, 8.7, 8.85, 9.0, 9.15, 9.299999999999999, 9.45, 9.6, 9.75, 9.9, 10.049999999999999, 10.2, 10.35, 10.5, 10.65, 10.799999999999999, 10.95, 11.1, 11.25, 11.4, 11.549999999999999, 11.7, 11.85, 12.0, 12.15, 12.299999999999999, 12.45, 12.6, 12.75, 12.9, 13.049999999999999, 13.2, 13.35, 13.5, 13.65, 13.799999999999999, 13.95, 14.1, 14.25, 14.399999999999999, 14.549999999999999, 14.7, 14.85, 15.0, 15.149999999999999",2007R_GLUT1_647_WGA_594_0002,2007,R,True,92.46298932384342,False
"120125, 120761, 122112, 124119, 125657, 127346, 129867, 135955, 143907, 156367, 162475, 165642, 168665, 169457, 171518, 172177, 171926, 174017, 172350, 173834, 177344, 179401, 183726, 189061, 192383, 202851, 206701, 208645, 224457, 222650, 240540, 267666, 293226, 318553, 348242, 371226, 379942, 382170, 399093, 395803, 424386, 433034, 438761, 434058, 419268, 403828, 387143, 375852, 363251, 350230, 340305, 317351, 288124, 250993, 238166, 216028, 210993, 207534, 204742, 206032, 202141, 202591, 201239, 199035, 196526, 193930, 191000, 188895, 185441, 183601, 183210, 184950, 183930, 183635, 181534, 181782, 181773, 180862, 180679, 179686, 178672, 177537, 178941, 177321, 178316, 177614, 175979, 175576, 177199, 176347, 175618, 174185, 174702, 173057, 170378, 170115, 166884, 164522, 161600, 161018, 160192, 159155",77,DAPI,"0.0, 0.15, 0.3, 0.44999999999999996, 0.6, 0.75, 0.8999999999999999, 1.05, 1.2, 1.3499999999999999, 1.5, 1.65, 1.7999999999999998, 1.95, 2.1, 2.25, 2.4, 2.55, 2.6999999999999997, 2.85, 3.0, 3.15, 3.3, 3.4499999999999997, 3.5999999999999996, 3.75, 3.9, 4.05, 4.2, 4.35, 4.5, 4.6499999999999995, 4.8, 4.95, 5.1, 5.25, 5.3999999999999995, 5.55, 5.7, 5.85, 6.0, 6.1499999999999995, 6.3, 6.45, 6.6, 6.75, 6.8999999999999995, 7.05, 7.199999999999999, 7.35, 7.5, 7.6499999999999995, 7.8, 7.949999999999999, 8.1, 8.25, 8.4, 8.549999999999999, 8.7, 8.85, 9.0, 9.15, 9.299999999999999, 9.45, 9.6, 9.75, 9.9, 10.049999999999999, 10.2, 10.35, 10.5, 10.65, 10.799999999999999, 10.95, 11.1, 11.25, 11.4, 11.549999999999999, 11.7, 11.85, 12.0, 12.15, 12.299999999999999, 12.45, 12.6, 12.75, 12.9, 13.049999999999999, 13.2, 13.35, 13.5, 13.65, 13.799999999999999, 13.95, 14.1, 14.25, 14.399999999999999, 14.549999999999999, 14.7, 14.85, 15.0, 15.149999999999999",2007R_GLUT1_647_WGA_594_0002,2007,R,False,12.906088424606944,False
"18923, 19238, 19480, 20294, 20228, 21214, 21565, 22436, 24560, 27960, 32587, 35604, 41299, 48041, 51650, 53285, 57018, 60231, 70662, 77898, 91420, 100516, 106423, 109529, 111134, 111120, 111844, 112629, 112045, 110818, 113583, 118105, 122040, 128477, 132873, 132078, 129668, 129845, 127835, 127296, 124982, 122893, 122311, 120847, 120835, 119674, 116939, 112890, 110410, 108441, 104536, 99307, 92023, 81548, 76773, 67838, 61902, 56534, 52557, 51456, 49517, 48587, 46328, 43803, 42957, 41030, 38958, 37896, 36624, 36157, 36633, 36349, 35481, 34794, 34887, 34332, 33947, 33898, 33496, 34091, 33848, 33525, 33986, 33625, 33542, 33763, 33301, 33397, 33608, 33117, 33140, 33397, 33730, 33190, 33472, 33847, 34085, 35089, 35435, 37476, 40557, 43301",77,eGFP,"0.0, 0.15, 0.3, 0.44999999999999996, 0.6, 0.75, 0.8999999999999999, 1.05, 1.2, 1.3499999999999999, 1.5, 1.65, 1.7999999999999998, 1.95, 2.1, 2.25, 2.4, 2.55, 2.6999999999999997, 2.85, 3.0, 3.15, 3.3, 3.4499999999999997, 3.5999999999999996, 3.75, 3.9, 4.05, 4.2, 4.35, 4.5, 4.6499999999999995, 4.8, 4.95, 5.1, 5.25, 5.3999999999999995, 5.55, 5.7, 5.85, 6.0, 6.1499999999999995, 6.3, 6.45, 6.6, 6.75, 6.8999999999999995, 7.05, 7.199999999999999, 7.35, 7.5, 7.6499999999999995, 7.8, 7.949999999999999, 8.1, 8.25, 8.4, 8.549999999999999, 8.7, 8.85, 9.0, 9.15, 9.299999999999999, 9.45, 9.6, 9.75, 9.9, 10.049999999999999, 10.2, 10.35, 10.5, 10.65, 10.799999999999999, 10.95, 11.1, 11.25, 11.4, 11.549999999999999, 11.7, 11.85, 12.0, 12.15, 12.299999999999999, 12.45, 12.6, 12.75, 12.9, 13.049999999999999, 13.2, 13.35, 13.5, 13.65, 13.799999999999999, 13.95, 14.1, 14.25, 14.399999999999999, 14.549999999999999, 14.7, 14.85, 15.0, 15.149999999999999",2007R_GLUT1_647_WGA_594_0002,2007,R,False,12.906088424606944,False
"45554, 48887, 52322, 55535, 62803, 71129, 77510, 103171, 151325, 280234, 396862, 429974, 362244, 264026, 243015, 236098, 225540, 221009, 213548, 212692, 211783, 210897, 209953, 209988, 208561, 206834, 206997, 205926, 202255, 202704, 197276, 190119, 183890, 174995, 163805, 155181, 151137, 148822, 141399, 142373, 125986, 117945, 107372, 101787, 99569, 100529, 104935, 107582, 109940, 111982, 113330, 119075, 126511, 136088, 138475, 142668, 142500, 139430, 134754, 134523, 131253, 128771, 123782, 119220, 116416, 112618, 106770, 101974, 96149, 93960, 95403, 94275, 92479, 89105, 88392, 84907, 81259, 79235, 76282, 75011, 72806, 72405, 71956, 71100, 70598, 69836, 67674, 66422, 64684, 62829, 61193, 60027, 59273, 58646, 58290, 57149, 56005, 54754, 53930, 53218, 52433, 51502",77,WGA,"0.0, 0.15, 0.3, 0.44999999999999996, 0.6, 0.75, 0.8999999999999999, 1.05, 1.2, 1.3499999999999999, 1.5, 1.65, 1.7999999999999998, 1.95, 2.1, 2.25, 2.4, 2.55, 2.6999999999999997, 2.85, 3.0, 3.15, 3.3, 3.4499999999999997, 3.5999999999999996, 3.75, 3.9, 4.05, 4.2, 4.35, 4.5, 4.6499999999999995, 4.8, 4.95, 5.1, 5.25, 5.3999999999999995, 5.55, 5.7, 5.85, 6.0, 6.1499999999999995, 6.3, 6.45, 6.6, 6.75, 6.8999999999999995, 7.05, 7.199999999999999, 7.35, 7.5, 7.6499999999999995, 7.8, 7.949999999999999, 8.1, 8.25, 8.4, 8.549999999999999, 8.7, 8.85, 9.0, 9.15, 9.299999999999999, 9.45, 9.6, 9.75, 9.9, 10.049999999999999, 10.2, 10.35, 10.5, 10.65, 10.799999999999999, 10.95, 11.1, 11.25, 11.4, 11.549999999999999, 11.7, 11.85, 12.0, 12.15, 12.299999999999999, 12.45, 12.6, 12.75, 12.9, 13.049999999999999, 13.2, 13.35, 13.5, 13.65, 13.799999999999999, 13.95, 14.1, 14.25, 14.399999999999999, 14.549999999999999, 14.7, 14.85, 15.0, 15.149999999999999",2007R_GLUT1_647_WGA_594_0002,2007,R,False,12.906088424606944,False
"4519, 5459, 5970, 6802, 8709, 10262, 11447, 16574, 25455, 46891, 64035, 70152, 65690, 57455, 55956, 54897, 53984, 53075, 51673, 50149, 47877, 45251, 43770, 42387, 41628, 40530, 40331, 40109, 38734, 38631, 37411, 35662, 33824, 31944, 29179, 27503, 27171, 26721, 25602, 25678, 23179, 21980, 20228, 19031, 18127, 17779, 18205, 18478, 18815, 18964, 19114, 19999, 21236, 22450, 23061, 23728, 23569, 22863, 22009, 22012, 21331, 20695, 19972, 18707, 18211, 17139, 16094, 15361, 14196, 13965, 14170, 14095, 13711, 13309, 13002, 12536, 11929, 11579, 11372, 10986, 10539, 10451, 10433, 10295, 10155, 10064, 9953, 9536, 9037, 8623, 8371, 8212, 8172, 7805, 7855, 7701, 7509, 7163, 6965, 7161, 6810, 6756",77,GluT1,"0.0, 0.15, 0.3, 0.44999999999999996, 0.6, 0.75, 0.8999999999999999, 1.05, 1.2, 1.3499999999999999, 1.5, 1.65, 1.7999999999999998, 1.95, 2.1, 2.25, 2.4, 2.55, 2.6999999999999997, 2.85, 3.0, 3.15, 3.3, 3.4499999999999997, 3.5999999999999996, 3.75, 3.9, 4.05, 4.2, 4.35, 4.5, 4.6499999999999995, 4.8, 4.95, 5.1, 5.25, 5.3999999999999995, 5.55, 5.7, 5.85, 6.0, 6.1499999999999995, 6.3, 6.45, 6.6, 6.75, 6.8999999999999995, 7.05, 7.199999999999999, 7.35, 7.5, 7.6499999999999995, 7.8, 7.949999999999999, 8.1, 8.25, 8.4, 8.549999999999999, 8.7, 8.85, 9.0, 9.15, 9.299999999999999, 9.45, 9.6, 9.75, 9.9, 10.049999999999999, 10.2, 10.35, 10.5, 10.65, 10.799999999999999, 10.95, 11.1, 11.25, 11.4, 11.549999999999999, 11.7, 11.85, 12.0, 12.15, 12.299999999999999, 12.45, 12.6, 12.75, 12.9, 13.049999999999999, 13.2, 13.35, 13.5, 13.65, 13.799999999999999, 13.95, 14.1, 14.25, 14.399999999999999, 14.549999999999999, 14.7, 14.85, 15.0, 15.149999999999999",2007R_GLUT1_647_WGA_594_0002,2007,R,False,12.906088424606944,False
"50438, 51709, 52707, 52402, 54468, 54767, 56599, 60107, 63338, 68564, 71526, 72322, 74516, 76919, 77035, 76676, 77630, 78205, 80097, 81137, 83725, 87988, 94319, 101158, 107614, 118507, 123568, 127476, 143020, 140658, 163282, 188925, 212052, 241223, 273710, 290003, 296471, 299941, 308268, 307752, 321421, 321193, 327880, 330420, 330882, 328457, 308657, 295613, 277741, 266509, 256671, 232254, 206933, 170327, 155448, 122786, 107721, 94638, 87005, 87656, 84559, 83821, 80397, 78319, 76577, 75540, 75092, 73517, 71774, 72809, 71907, 72253, 71812, 71798, 70659, 69968, 70034, 68478, 69055, 69657, 67959, 67820, 68484, 68234, 67758, 67790, 67248, 67582, 67835, 67781, 67485, 67238, 67598, 66759, 66146, 66875, 66287, 66680, 65957, 67254, 66726, 66124",78,DAPI,"0.0, 0.15, 0.3, 0.44999999999999996, 0.6, 0.75, 0.8999999999999999, 1.05, 1.2, 1.3499999999999999, 1.5, 1.65, 1.7999999999999998, 1.95, 2.1, 2.25, 2.4, 2.55, 2.6999999999999997, 2.85, 3.0, 3.15, 3.3, 3.4499999999999997, 3.5999999999999996, 3.75, 3.9, 4.05, 4.2, 4.35, 4.5, 4.6499999999999995, 4.8, 4.95, 5.1, 5.25, 5.3999999999999995, 5.55, 5.7, 5.85, 6.0, 6.1499999999999995, 6.3, 6.45, 6.6, 6.75, 6.8999999999999995, 7.05, 7.199999999999999, 7.35, 7.5, 7.6499999999999995, 7.8, 7.949999999999999, 8.1, 8.25, 8.4, 8.549999999999999, 8.7, 8.85, 9.0, 9.15, 9.299999999999999, 9.45, 9.6, 9.75, 9.9, 10.049999999999999, 10.2, 10.35, 10.5, 10.65, 10.799999999999999, 10.95, 11.1, 11.25, 11.4, 11.549999999999999, 11.7, 11.85, 12.0, 12.15, 12.299999999999999, 12.45, 12.6, 12.75, 12.9, 13.049999999999999, 13.2, 13.35, 13.5, 13.65, 13.799999999999999, 13.95, 14.1, 14.25, 14.399999999999999, 14.549999999999999, 14.7, 14.85, 15.0, 15.149999999999999",2007R_GLUT1_647_WGA_594_0002,2007,R,False,3.0628962718742074,False
"7713, 7786, 7936, 8357, 8234, 8436, 8565, 9102, 9791, 11283, 12863, 14463, 17303, 20667, 22181, 22769, 24636, 25684, 29704, 33045, 38031, 41682, 43230, 43810, 42826, 41434, 40822, 41149, 39801, 39144, 35733, 29935, 25200, 20598, 16950, 15799, 14969, 15066, 14497, 14378, 13197, 13267, 12372, 11769, 12077, 11933, 11863, 11952, 12252, 12334, 12509, 12830, 13287, 13610, 13761, 13758, 13945, 13706, 13996, 13992, 13833, 13663, 13938, 13636, 13791, 13742, 13335, 13406, 13779, 13655, 13243, 13430, 13434, 13528, 13424, 13236, 13277, 13332, 13521, 13416, 13659, 13487, 13719, 13541, 13451, 13493, 13396, 13772, 13528, 13317, 13574, 13444, 13653, 13732, 13587, 13701, 13744, 14140, 14345, 14787, 15276, 15490",78,eGFP,"0.0, 0.15, 0.3, 0.44999999999999996, 0.6, 0.75, 0.8999999999999999, 1.05, 1.2, 1.3499999999999999, 1.5, 1.65, 1.7999999999999998, 1.95, 2.1, 2.25, 2.4, 2.55, 2.6999999999999997, 2.85, 3.0, 3.15, 3.3, 3.4499999999999997, 3.5999999999999996, 3.75, 3.9, 4.05, 4.2, 4.35, 4.5, 4.6499999999999995, 4.8, 4.95, 5.1, 5.25, 5.3999999999999995, 5.55, 5.7, 5.85, 6.0, 6.1499999999999995, 6.3, 6.45, 6.6, 6.75, 6.8999999999999995, 7.05, 7.199999999999999, 7.35, 7.5, 7.6499999999999995, 7.8, 7.949999999999999, 8.1, 8.25, 8.4, 8.549999999999999, 8.7, 8.85, 9.0, 9.15, 9.299999999999999, 9.45, 9.6, 9.75, 9.9, 10.049999999999999, 10.2, 10.35, 10.5, 10.65, 10.799999999999999, 10.95, 11.1, 11.25, 11.4, 11.549999999999999, 11.7, 11.85, 12.0, 12.15, 12.299999999999999, 12.45, 12.6, 12.75, 12.9, 13.049999999999999, 13.2, 13.35, 13.5, 13.65, 13.799999999999999, 13.95, 14.1, 14.25, 14.399999999999999, 14.549999999999999, 14.7, 14.85, 15.0, 15.149999999999999",2007R_GLUT1_647_WGA_594_0002,2007,R,False,3.0628962718742074,False
"18558, 19870, 21208, 22651, 25957, 29809, 32806, 43537, 61373, 102224, 136936, 148164, 130813, 103906, 96677, 95029, 90115, 87470, 82393, 80827, 79895, 78410, 78260, 77418, 76917, 76064, 75983, 75053, 73105, 73044, 68972, 61903, 55882, 49818, 44484, 41403, 39823, 39578, 38222, 38456, 35751, 34777, 33600, 33014, 32105, 31442, 31236, 31717, 32883, 33505, 34393, 37218, 41293, 48306, 51299, 57224, 60297, 60732, 60756, 60412, 59823, 59109, 57584, 55699, 54239, 51960, 48730, 46295, 43233, 42585, 43039, 42531, 41678, 39900, 39682, 37956, 35947, 35130, 33791, 32685, 31546, 31389, 31245, 30749, 30431, 29815, 28897, 28199, 27150, 26590, 26109, 25768, 25435, 25122, 24935, 24353, 23781, 23415, 22813, 22658, 22157, 21682",78,WGA,"0.0, 0.15, 0.3, 0.44999999999999996, 0.6, 0.75, 0.8999999999999999, 1.05, 1.2, 1.3499999999999999, 1.5, 1.65, 1.7999999999999998, 1.95, 2.1, 2.25, 2.4, 2.55, 2.6999999999999997, 2.85, 3.0, 3.15, 3.3, 3.4499999999999997, 3.5999999999999996, 3.75, 3.9, 4.05, 4.2, 4.35, 4.5, 4.6499999999999995, 4.8, 4.95, 5.1, 5.25, 5.3999999999999995, 5.55, 5.7, 5.85, 6.0, 6.1499999999999995, 6.3, 6.45, 6.6, 6.75, 6.8999999999999995, 7.05, 7.199999999999999, 7.35, 7.5, 7.6499999999999995, 7.8, 7.949999999999999, 8.1, 8.25, 8.4, 8.549999999999999, 8.7, 8.85, 9.0, 9.15, 9.299999999999999, 9.45, 9.6, 9.75, 9.9, 10.049999999999999, 10.2, 10.35, 10.5, 10.65, 10.799999999999999, 10.95, 11.1, 11.25, 11.4, 11.549999999999999, 11.7, 11.85, 12.0, 12.15, 12.299999999999999, 12.45, 12.6, 12.75, 12.9, 13.049999999999999, 13.2, 13.35, 13.5, 13.65, 13.799999999999999, 13.95, 14.1, 14.25, 14.399999999999999, 14.549999999999999, 14.7, 14.85, 15.0, 15.149999999999999",2007R_GLUT1_647_WGA_594_0002,2007,R,False,3.0628962718742074,False
"1672, 1986, 2438, 2669, 3358, 4100, 4658, 6675, 9464, 15720, 20482, 22452, 22025, 19840, 19243, 18988, 18578, 18429, 17966, 17872, 17328, 16789, 16434, 16070, 15757, 15603, 15424, 15211, 15016, 14970, 14267, 13450, 12575, 11737, 10697, 10189, 9771, 9707, 9351, 9488, 8624, 8401, 8132, 7846, 7594, 7174, 7033, 6798, 6889, 6964, 7105, 7282, 7869, 8479, 8806, 9372, 9335, 9276, 9135, 9020, 8782, 8714, 8601, 8197, 8064, 7651, 7266, 6769, 6382, 6418, 6341, 6276, 6239, 6015, 5874, 5535, 5295, 5112, 4988, 4881, 4590, 4430, 4539, 4382, 4343, 4314, 4238, 4160, 3921, 3956, 3722, 3699, 3713, 3514, 3624, 3489, 3334, 3215, 3071, 3018, 2886, 2908",78,GluT1,"0.0, 0.15, 0.3, 0.44999999999999996, 0.6, 0.75, 0.8999999999999999, 1.05, 1.2, 1.3499999999999999, 1.5, 1.65, 1.7999999999999998, 1.95, 2.1, 2.25, 2.4, 2.55, 2.6999999999999997, 2.85, 3.0, 3.15, 3.3, 3.4499999999999997, 3.5999999999999996, 3.75, 3.9, 4.05, 4.2, 4.35, 4.5, 4.6499999999999995, 4.8, 4.95, 5.1, 5.25, 5.3999999999999995, 5.55, 5.7, 5.85, 6.0, 6.1499999999999995, 6.3, 6.45, 6.6, 6.75, 6.8999999999999995, 7.05, 7.199999999999999, 7.35, 7.5, 7.6499999999999995, 7.8, 7.949999999999999, 8.1, 8.25, 8.4, 8.549999999999999, 8.7, 8.85, 9.0, 9.15, 9.299999999999999, 9.45, 9.6, 9.75, 9.9, 10.049999999999999, 10.2, 10.35, 10.5, 10.65, 10.799999999999999, 10.95, 11.1, 11.25, 11.4, 11.549999999999999, 11.7, 11.85, 12.0, 12.15, 12.299999999999999, 12.45, 12.6, 12.75, 12.9, 13.049999999999999, 13.2, 13.35, 13.5, 13.65, 13.799999999999999, 13.95, 14.1, 14.25, 14.399999999999999, 14.549999999999999, 14.7, 14.85, 15.0, 15.149999999999999",2007R_GLUT1_647_WGA_594_0002,2007,R,False,3.0628962718742074,False
"46637, 47201, 48010, 48214, 48887, 50174, 51737, 54632, 57936, 61741, 64511, 66721, 66873, 68062, 69188, 69178, 70187, 70137, 70962, 72350, 75057, 80283, 87449, 91953, 96461, 105842, 110149, 112841, 121703, 123912, 137320, 156440, 170514, 187567, 199891, 205365, 206527, 204532, 204868, 204055, 196327, 192573, 180852, 168311, 152549, 139921, 125621, 118926, 108639, 104550, 98419, 89459, 82250, 75479, 73363, 70409, 69006, 67541, 65580, 65414, 65955, 65261, 64847, 64465, 64186, 64504, 63112, 62959, 62330, 63121, 62573, 63186, 62736, 62078, 62342, 62088, 61854, 61951, 60787, 60961, 61462, 61346, 60458, 61442, 61308, 61034, 60475, 61011, 60467, 60699, 61077, 59731, 60604, 59750, 59669, 60163, 60144, 58827, 60099, 60048, 59596, 60002",79,DAPI,"0.0, 0.15, 0.3, 0.44999999999999996, 0.6, 0.75, 0.8999999999999999, 1.05, 1.2, 1.3499999999999999, 1.5, 1.65, 1.7999999999999998, 1.95, 2.1, 2.25, 2.4, 2.55, 2.6999999999999997, 2.85, 3.0, 3.15, 3.3, 3.4499999999999997, 3.5999999999999996, 3.75, 3.9, 4.05, 4.2, 4.35, 4.5, 4.6499999999999995, 4.8, 4.95, 5.1, 5.25, 5.3999999999999995, 5.55, 5.7, 5.85, 6.0, 6.1499999999999995, 6.3, 6.45, 6.6, 6.75, 6.8999999999999995, 7.05, 7.199999999999999, 7.35, 7.5, 7.6499999999999995, 7.8, 7.949999999999999, 8.1, 8.25, 8.4, 8.549999999999999, 8.7, 8.85, 9.0, 9.15, 9.299999999999999, 9.45, 9.6, 9.75, 9.9, 10.049999999999999, 10.2, 10.35, 10.5, 10.65, 10.799999999999999, 10.95, 11.1, 11.25, 11.4, 11.549999999999999, 11.7, 11.85, 12.0, 12.15, 12.299999999999999, 12.45, 12.6, 12.75, 12.9, 13.049999999999999, 13.2, 13.35, 13.5, 13.65, 13.799999999999999, 13.95, 14.1, 14.25, 14.399999999999999, 14.549999999999999, 14.7, 14.85, 15.0, 15.149999999999999",2007R_GLUT1_647_WGA_594_0002,2007,R,False,4.496136865342163,False
"6994, 7332, 7202, 7461, 7502, 7776, 8018, 8400, 9361, 11015, 12958, 14441, 18209, 22308, 23779, 25098, 27352, 27558, 31304, 33629, 34439, 34715, 34917, 36426, 37570, 38953, 39142, 38909, 38911, 39229, 38043, 32974, 27629, 22560, 19144, 17927, 17661, 17378, 16294, 16411, 15985, 15742, 15774, 15818, 15604, 15606, 15762, 15577, 15486, 15205, 15249, 14579, 14259, 13810, 13367, 13150, 13021, 12968, 13146, 13073, 12961, 13057, 13109, 13251, 13335, 13542, 13522, 13840, 14054, 13662, 13578, 13731, 13446, 13575, 13406, 13535, 13546, 13680, 13376, 13063, 13087, 13219, 12939, 13318, 12753, 12875, 12720, 12960, 13076, 13179, 13156, 13212, 13093, 13270, 12878, 13061, 13044, 13163, 13371, 13730, 13949, 14043",79,eGFP,"0.0, 0.15, 0.3, 0.44999999999999996, 0.6, 0.75, 0.8999999999999999, 1.05, 1.2, 1.3499999999999999, 1.5, 1.65, 1.7999999999999998, 1.95, 2.1, 2.25, 2.4, 2.55, 2.6999999999999997, 2.85, 3.0, 3.15, 3.3, 3.4499999999999997, 3.5999999999999996, 3.75, 3.9, 4.05, 4.2, 4.35, 4.5, 4.6499999999999995, 4.8, 4.95, 5.1, 5.25, 5.3999999999999995, 5.55, 5.7, 5.85, 6.0, 6.1499999999999995, 6.3, 6.45, 6.6, 6.75, 6.8999999999999995, 7.05, 7.199999999999999, 7.35, 7.5, 7.6499999999999995, 7.8, 7.949999999999999, 8.1, 8.25, 8.4, 8.549999999999999, 8.7, 8.85, 9.0, 9.15, 9.299999999999999, 9.45, 9.6, 9.75, 9.9, 10.049999999999999, 10.2, 10.35, 10.5, 10.65, 10.799999999999999, 10.95, 11.1, 11.25, 11.4, 11.549999999999999, 11.7, 11.85, 12.0, 12.15, 12.299999999999999, 12.45, 12.6, 12.75, 12.9, 13.049999999999999, 13.2, 13.35, 13.5, 13.65, 13.799999999999999, 13.95, 14.1, 14.25, 14.399999999999999, 14.549999999999999, 14.7, 14.85, 15.0, 15.149999999999999",2007R_GLUT1_647_WGA_594_0002,2007,R,False,4.496136865342163,False
"17856, 19391, 20648, 22084, 25046, 28610, 31997, 43526, 63535, 126194, 172719, 184016, 156942, 128638, 121293, 117477, 113400, 112141, 102988, 98460, 91048, 85290, 81550, 79144, 77197, 73406, 72222, 71902, 68660, 68361, 64556, 58356, 53778, 47918, 42071, 39283, 37917, 37369, 35882, 36378, 35113, 34963, 37033, 39758, 43813, 48283, 52385, 53609, 55572, 56449, 57582, 60444, 63242, 65832, 66446, 65868, 63235, 59763, 56343, 56021, 54230, 52904, 50048, 47967, 46018, 44403, 42004, 39275, 37096, 36361, 36861, 36290, 35786, 34479, 33847, 32779, 31588, 31053, 29663, 28947, 28176, 27716, 27411, 27014, 26854, 26311, 25536, 24919, 24121, 23251, 23006, 22467, 22591, 22012, 22002, 21501, 21409, 20833, 20701, 20352, 20042, 19687",79,WGA,"0.0, 0.15, 0.3, 0.44999999999999996, 0.6, 0.75, 0.8999999999999999, 1.05, 1.2, 1.3499999999999999, 1.5, 1.65, 1.7999999999999998, 1.95, 2.1, 2.25, 2.4, 2.55, 2.6999999999999997, 2.85, 3.0, 3.15, 3.3, 3.4499999999999997, 3.5999999999999996, 3.75, 3.9, 4.05, 4.2, 4.35, 4.5, 4.6499999999999995, 4.8, 4.95, 5.1, 5.25, 5.3999999999999995, 5.55, 5.7, 5.85, 6.0, 6.1499999999999995, 6.3, 6.45, 6.6, 6.75, 6.8999999999999995, 7.05, 7.199999999999999, 7.35, 7.5, 7.6499999999999995, 7.8, 7.949999999999999, 8.1, 8.25, 8.4, 8.549999999999999, 8.7, 8.85, 9.0, 9.15, 9.299999999999999, 9.45, 9.6, 9.75, 9.9, 10.049999999999999, 10.2, 10.35, 10.5, 10.65, 10.799999999999999, 10.95, 11.1, 11.25, 11.4, 11.549999999999999, 11.7, 11.85, 12.0, 12.15, 12.299999999999999, 12.45, 12.6, 12.75, 12.9, 13.049999999999999, 13.2, 13.35, 13.5, 13.65, 13.799999999999999, 13.95, 14.1, 14.25, 14.399999999999999, 14.549999999999999, 14.7, 14.85, 15.0, 15.149999999999999",2007R_GLUT1_647_WGA_594_0002,2007,R,False,4.496136865342163,False
"2029, 2394, 2711, 3087, 3933, 4659, 5358, 7918, 11678, 22900, 30977, 33748, 34172, 33369, 32937, 32346, 31521, 31202, 28215, 26433, 23370, 21212, 19694, 18676, 18167, 17028, 17014, 17009, 16076, 15840, 15355, 14528, 13941, 12890, 11721, 11430, 11081, 10934, 10671, 10741, 10838, 11009, 11725, 12280, 13184, 14149, 14991, 15280, 15196, 15255, 15310, 14602, 13953, 12923, 12477, 11346, 10523, 9508, 8691, 8815, 8439, 8165, 7753, 7237, 6899, 6639, 6245, 5914, 5689, 5626, 5625, 5558, 5429, 5227, 5057, 4971, 4680, 4389, 4290, 4274, 4018, 3901, 4046, 4033, 3928, 3732, 3719, 3531, 3369, 3350, 3208, 3276, 3222, 3049, 3041, 3009, 2947, 2768, 2847, 2717, 2682, 2535",79,GluT1,"0.0, 0.15, 0.3, 0.44999999999999996, 0.6, 0.75, 0.8999999999999999, 1.05, 1.2, 1.3499999999999999, 1.5, 1.65, 1.7999999999999998, 1.95, 2.1, 2.25, 2.4, 2.55, 2.6999999999999997, 2.85, 3.0, 3.15, 3.3, 3.4499999999999997, 3.5999999999999996, 3.75, 3.9, 4.05, 4.2, 4.35, 4.5, 4.6499999999999995, 4.8, 4.95, 5.1, 5.25, 5.3999999999999995, 5.55, 5.7, 5.85, 6.0, 6.1499999999999995, 6.3, 6.45, 6.6, 6.75, 6.8999999999999995, 7.05, 7.199999999999999, 7.35, 7.5, 7.6499999999999995, 7.8, 7.949999999999999, 8.1, 8.25, 8.4, 8.549999999999999, 8.7, 8.85, 9.0, 9.15, 9.299999999999999, 9.45, 9.6, 9.75, 9.9, 10.049999999999999, 10.2, 10.35, 10.5, 10.65, 10.799999999999999, 10.95, 11.1, 11.25, 11.4, 11.549999999999999, 11.7, 11.85, 12.0, 12.15, 12.299999999999999, 12.45, 12.6, 12.75, 12.9, 13.049999999999999, 13.2, 13.35, 13.5, 13.65, 13.799999999999999, 13.95, 14.1, 14.25, 14.399999999999999, 14.549999999999999, 14.7, 14.85, 15.0, 15.149999999999999",2007R_GLUT1_647_WGA_594_0002,2007,R,False,4.496136865342163,False
"84332, 86747, 89341, 92618, 99137, 105061, 113762, 134683, 152721, 159908, 153683, 147902, 136447, 132894, 131802, 131708, 130559, 129086, 128051, 128750, 130471, 133938, 138593, 144902, 148031, 158235, 161726, 164164, 171243, 173534, 185624, 202353, 218443, 238369, 262782, 280899, 289102, 292266, 307227, 301394, 332496, 346598, 368356, 383693, 393978, 398830, 392562, 381555, 364520, 352781, 340469, 313227, 284954, 244466, 225360, 182710, 159814, 141762, 134686, 133183, 130419, 128238, 124912, 122517, 121391, 120011, 117533, 115093, 115230, 114535, 114748, 113574, 114509, 113451, 112575, 112741, 112131, 111091, 111719, 109791, 111284, 108791, 109270, 109217, 108683, 108951, 108995, 108302, 108900, 108473, 107383, 107067, 106861, 106372, 106916, 107197, 107007, 105542, 107323, 106391, 104499, 105932",80,DAPI,"0.0, 0.15, 0.3, 0.44999999999999996, 0.6, 0.75, 0.8999999999999999, 1.05, 1.2, 1.3499999999999999, 1.5, 1.65, 1.7999999999999998, 1.95, 2.1, 2.25, 2.4, 2.55, 2.6999999999999997, 2.85, 3.0, 3.15, 3.3, 3.4499999999999997, 3.5999999999999996, 3.75, 3.9, 4.05, 4.2, 4.35, 4.5, 4.6499999999999995, 4.8, 4.95, 5.1, 5.25, 5.3999999999999995, 5.55, 5.7, 5.85, 6.0, 6.1499999999999995, 6.3, 6.45, 6.6, 6.75, 6.8999999999999995, 7.05, 7.199999999999999, 7.35, 7.5, 7.6499999999999995, 7.8, 7.949999999999999, 8.1, 8.25, 8.4, 8.549999999999999, 8.7, 8.85, 9.0, 9.15, 9.299999999999999, 9.45, 9.6, 9.75, 9.9, 10.049999999999999, 10.2, 10.35, 10.5, 10.65, 10.799999999999999, 10.95, 11.1, 11.25, 11.4, 11.549999999999999, 11.7, 11.85, 12.0, 12.15, 12.299999999999999, 12.45, 12.6, 12.75, 12.9, 13.049999999999999, 13.2, 13.35, 13.5, 13.65, 13.799999999999999, 13.95, 14.1, 14.25, 14.399999999999999, 14.549999999999999, 14.7, 14.85, 15.0, 15.149999999999999",2007R_GLUT1_647_WGA_594_0002,2007,R,True,84.42349984291549,False
"15453, 15982, 16382, 16985, 17523, 18336, 18714, 19901, 21972, 25229, 29072, 31764, 35115, 38894, 40722, 41846, 43499, 44501, 50443, 55928, 68406, 87444, 108664, 129580, 145850, 170333, 181146, 184704, 205137, 208369, 230113, 257050, 279218, 304218, 334351, 355053, 362625, 368535, 385706, 381040, 419727, 441007, 473232, 502310, 524521, 537440, 531976, 519533, 509017, 501753, 488041, 467134, 432535, 377339, 348509, 275192, 223904, 169015, 134340, 132880, 117807, 108703, 94683, 81675, 75422, 67970, 59330, 55475, 50293, 48416, 48213, 48586, 46955, 43767, 42355, 39120, 36376, 34675, 32815, 31700, 30978, 29708, 30190, 29575, 29331, 28395, 28066, 27218, 26958, 26397, 25885, 26472, 26209, 25749, 25948, 25296, 25303, 24940, 24664, 24674, 24795, 25123",80,eGFP,"0.0, 0.15, 0.3, 0.44999999999999996, 0.6, 0.75, 0.8999999999999999, 1.05, 1.2, 1.3499999999999999, 1.5, 1.65, 1.7999999999999998, 1.95, 2.1, 2.25, 2.4, 2.55, 2.6999999999999997, 2.85, 3.0, 3.15, 3.3, 3.4499999999999997, 3.5999999999999996, 3.75, 3.9, 4.05, 4.2, 4.35, 4.5, 4.6499999999999995, 4.8, 4.95, 5.1, 5.25, 5.3999999999999995, 5.55, 5.7, 5.85, 6.0, 6.1499999999999995, 6.3, 6.45, 6.6, 6.75, 6.8999999999999995, 7.05, 7.199999999999999, 7.35, 7.5, 7.6499999999999995, 7.8, 7.949999999999999, 8.1, 8.25, 8.4, 8.549999999999999, 8.7, 8.85, 9.0, 9.15, 9.299999999999999, 9.45, 9.6, 9.75, 9.9, 10.049999999999999, 10.2, 10.35, 10.5, 10.65, 10.799999999999999, 10.95, 11.1, 11.25, 11.4, 11.549999999999999, 11.7, 11.85, 12.0, 12.15, 12.299999999999999, 12.45, 12.6, 12.75, 12.9, 13.049999999999999, 13.2, 13.35, 13.5, 13.65, 13.799999999999999, 13.95, 14.1, 14.25, 14.399999999999999, 14.549999999999999, 14.7, 14.85, 15.0, 15.149999999999999",2007R_GLUT1_647_WGA_594_0002,2007,R,True,84.42349984291549,False
"31262, 33542, 35786, 38056, 42894, 48907, 53082, 70685, 101269, 198130, 286525, 319336, 288138, 226813, 206170, 196427, 183033, 177767, 156831, 149441, 139112, 134077, 133975, 135486, 136614, 139768, 140297, 139955, 139184, 139317, 135849, 129067, 123849, 118239, 113790, 110853, 109129, 109312, 106503, 106618, 102224, 99261, 93910, 89317, 83790, 80113, 77202, 77150, 77530, 77959, 78510, 81810, 85315, 92868, 95735, 103013, 105300, 105669, 104222, 103961, 102374, 101537, 98719, 95233, 93277, 89889, 84589, 79718, 75185, 73903, 74772, 73458, 72628, 69679, 69211, 66484, 64006, 62299, 59104, 57093, 54816, 53777, 53956, 52916, 52348, 50862, 49362, 48644, 46384, 45317, 44220, 43030, 42857, 42227, 41870, 40758, 40086, 39389, 38489, 37875, 37325, 36307",80,WGA,"0.0, 0.15, 0.3, 0.44999999999999996, 0.6, 0.75, 0.8999999999999999, 1.05, 1.2, 1.3499999999999999, 1.5, 1.65, 1.7999999999999998, 1.95, 2.1, 2.25, 2.4, 2.55, 2.6999999999999997, 2.85, 3.0, 3.15, 3.3, 3.4499999999999997, 3.5999999999999996, 3.75, 3.9, 4.05, 4.2, 4.35, 4.5, 4.6499999999999995, 4.8, 4.95, 5.1, 5.25, 5.3999999999999995, 5.55, 5.7, 5.85, 6.0, 6.1499999999999995, 6.3, 6.45, 6.6, 6.75, 6.8999999999999995, 7.05, 7.199999999999999, 7.35, 7.5, 7.6499999999999995, 7.8, 7.949999999999999, 8.1, 8.25, 8.4, 8.549999999999999, 8.7, 8.85, 9.0, 9.15, 9.299999999999999, 9.45, 9.6, 9.75, 9.9, 10.049999999999999, 10.2, 10.35, 10.5, 10.65, 10.799999999999999, 10.95, 11.1, 11.25, 11.4, 11.549999999999999, 11.7, 11.85, 12.0, 12.15, 12.299999999999999, 12.45, 12.6, 12.75, 12.9, 13.049999999999999, 13.2, 13.35, 13.5, 13.65, 13.799999999999999, 13.95, 14.1, 14.25, 14.399999999999999, 14.549999999999999, 14.7, 14.85, 15.0, 15.149999999999999",2007R_GLUT1_647_WGA_594_0002,2007,R,True,84.42349984291549,False
"3525, 4389, 4826, 5456, 6965, 8327, 9554, 13824, 21459, 42317, 59479, 65924, 61634, 51107, 47005, 45037, 42141, 41200, 36307, 34917, 33269, 32470, 32946, 33987, 34462, 35811, 36282, 36078, 36151, 35796, 34560, 32794, 31502, 30161, 29133, 28961, 28536, 28571, 28321, 28370, 28488, 28382, 28560, 28805, 27590, 26000, 24349, 23821, 23606, 23366, 23190, 23627, 23188, 22780, 22924, 22672, 21878, 20942, 19667, 19458, 18862, 18603, 17463, 16374, 15749, 15012, 13854, 12927, 12070, 11943, 11856, 11876, 11569, 11131, 10921, 10517, 9923, 9595, 9372, 8875, 8231, 8232, 8261, 8061, 7970, 7807, 7555, 7270, 7098, 7133, 6602, 6473, 6522, 6195, 6254, 6067, 5832, 5716, 5550, 5643, 5304, 5125",80,GluT1,"0.0, 0.15, 0.3, 0.44999999999999996, 0.6, 0.75, 0.8999999999999999, 1.05, 1.2, 1.3499999999999999, 1.5, 1.65, 1.7999999999999998, 1.95, 2.1, 2.25, 2.4, 2.55, 2.6999999999999997, 2.85, 3.0, 3.15, 3.3, 3.4499999999999997, 3.5999999999999996, 3.75, 3.9, 4.05, 4.2, 4.35, 4.5, 4.6499999999999995, 4.8, 4.95, 5.1, 5.25, 5.3999999999999995, 5.55, 5.7, 5.85, 6.0, 6.1499999999999995, 6.3, 6.45, 6.6, 6.75, 6.8999999999999995, 7.05, 7.199999999999999, 7.35, 7.5, 7.6499999999999995, 7.8, 7.949999999999999, 8.1, 8.25, 8.4, 8.549999999999999, 8.7, 8.85, 9.0, 9.15, 9.299999999999999, 9.45, 9.6, 9.75, 9.9, 10.049999999999999, 10.2, 10.35, 10.5, 10.65, 10.799999999999999, 10.95, 11.1, 11.25, 11.4, 11.549999999999999, 11.7, 11.85, 12.0, 12.15, 12.299999999999999, 12.45, 12.6, 12.75, 12.9, 13.049999999999999, 13.2, 13.35, 13.5, 13.65, 13.799999999999999, 13.95, 14.1, 14.25, 14.399999999999999, 14.549999999999999, 14.7, 14.85, 15.0, 15.149999999999999",2007R_GLUT1_647_WGA_594_0002,2007,R,True,84.42349984291549,False
"86451, 88176, 90064, 90315, 94143, 96593, 99090, 106173, 113468, 122756, 130725, 135783, 145529, 157316, 161652, 163766, 171244, 171704, 189203, 202431, 222738, 249819, 275240, 293768, 308866, 330457, 338295, 340803, 357047, 358231, 373923, 388770, 399918, 406418, 406424, 402902, 399173, 395943, 387462, 390920, 369331, 352990, 324748, 300265, 275229, 251292, 224760, 208599, 195044, 185417, 173414, 158374, 147870, 137198, 133933, 127502, 125937, 123087, 122364, 121959, 121567, 120486, 118775, 118415, 116491, 115827, 117898, 116420, 115670, 116015, 115917, 116033, 114984, 115786, 114853, 115277, 114442, 115451, 115325, 114930, 113291, 114054, 113751, 114255, 114269, 114266, 114804, 112855, 113273, 113282, 111880, 112718, 112262, 111493, 111393, 110874, 110716, 111873, 111030, 110877, 110010, 111255",81,DAPI,"0.0, 0.15, 0.3, 0.44999999999999996, 0.6, 0.75, 0.8999999999999999, 1.05, 1.2, 1.3499999999999999, 1.5, 1.65, 1.7999999999999998, 1.95, 2.1, 2.25, 2.4, 2.55, 2.6999999999999997, 2.85, 3.0, 3.15, 3.3, 3.4499999999999997, 3.5999999999999996, 3.75, 3.9, 4.05, 4.2, 4.35, 4.5, 4.6499999999999995, 4.8, 4.95, 5.1, 5.25, 5.3999999999999995, 5.55, 5.7, 5.85, 6.0, 6.1499999999999995, 6.3, 6.45, 6.6, 6.75, 6.8999999999999995, 7.05, 7.199999999999999, 7.35, 7.5, 7.6499999999999995, 7.8, 7.949999999999999, 8.1, 8.25, 8.4, 8.549999999999999, 8.7, 8.85, 9.0, 9.15, 9.299999999999999, 9.45, 9.6, 9.75, 9.9, 10.049999999999999, 10.2, 10.35, 10.5, 10.65, 10.799999999999999, 10.95, 11.1, 11.25, 11.4, 11.549999999999999, 11.7, 11.85, 12.0, 12.15, 12.299999999999999, 12.45, 12.6, 12.75, 12.9, 13.049999999999999, 13.2, 13.35, 13.5, 13.65, 13.799999999999999, 13.95, 14.1, 14.25, 14.399999999999999, 14.549999999999999, 14.7, 14.85, 15.0, 15.149999999999999",2007R_GLUT1_647_WGA_594_0002,2007,R,False,4.084870295396612,False
"13216, 13443, 13517, 13748, 13904, 14120, 14599, 14813, 16361, 18579, 21344, 23532, 27645, 32040, 33137, 34670, 36282, 37192, 40221, 42778, 45992, 47316, 46285, 44728, 42558, 39193, 37775, 37055, 34143, 34063, 31213, 28994, 28278, 27242, 26290, 25704, 25827, 25625, 26084, 25950, 25893, 25035, 24846, 24931, 24861, 24626, 24591, 24621, 24565, 24975, 25114, 25347, 26384, 26359, 26868, 26978, 25997, 24912, 24337, 24601, 24106, 24094, 23532, 23378, 23434, 23728, 23222, 23831, 23411, 23266, 23331, 23448, 23184, 23317, 23165, 23083, 22898, 23106, 23140, 23354, 23328, 23346, 23483, 23219, 23191, 23501, 23107, 23993, 23433, 23948, 23881, 24342, 24555, 25055, 25083, 25615, 26072, 26076, 25650, 26124, 26830, 27897",81,eGFP,"0.0, 0.15, 0.3, 0.44999999999999996, 0.6, 0.75, 0.8999999999999999, 1.05, 1.2, 1.3499999999999999, 1.5, 1.65, 1.7999999999999998, 1.95, 2.1, 2.25, 2.4, 2.55, 2.6999999999999997, 2.85, 3.0, 3.15, 3.3, 3.4499999999999997, 3.5999999999999996, 3.75, 3.9, 4.05, 4.2, 4.35, 4.5, 4.6499999999999995, 4.8, 4.95, 5.1, 5.25, 5.3999999999999995, 5.55, 5.7, 5.85, 6.0, 6.1499999999999995, 6.3, 6.45, 6.6, 6.75, 6.8999999999999995, 7.05, 7.199999999999999, 7.35, 7.5, 7.6499999999999995, 7.8, 7.949999999999999, 8.1, 8.25, 8.4, 8.549999999999999, 8.7, 8.85, 9.0, 9.15, 9.299999999999999, 9.45, 9.6, 9.75, 9.9, 10.049999999999999, 10.2, 10.35, 10.5, 10.65, 10.799999999999999, 10.95, 11.1, 11.25, 11.4, 11.549999999999999, 11.7, 11.85, 12.0, 12.15, 12.299999999999999, 12.45, 12.6, 12.75, 12.9, 13.049999999999999, 13.2, 13.35, 13.5, 13.65, 13.799999999999999, 13.95, 14.1, 14.25, 14.399999999999999, 14.549999999999999, 14.7, 14.85, 15.0, 15.149999999999999",2007R_GLUT1_647_WGA_594_0002,2007,R,False,4.084870295396612,False
"31799, 34392, 36565, 39284, 45018, 52225, 57792, 77591, 108146, 184541, 243879, 262643, 239751, 203169, 191729, 185995, 178583, 174973, 161931, 155931, 148488, 140945, 132815, 126763, 121478, 112188, 108843, 106731, 98585, 97222, 88033, 76926, 70527, 64392, 60533, 58865, 58454, 58278, 57764, 57585, 58072, 58745, 61441, 65445, 71623, 77770, 84404, 87018, 90011, 91979, 94150, 98816, 103588, 110976, 113971, 118495, 117598, 111981, 106991, 106784, 104124, 101969, 98359, 95703, 92161, 89918, 85019, 80447, 76326, 75344, 76110, 75529, 74011, 71479, 70820, 68510, 65801, 64214, 61138, 59690, 57812, 56977, 57158, 55779, 55460, 54450, 53031, 51577, 49700, 47611, 46746, 45433, 45121, 44270, 44095, 42860, 42076, 41021, 40440, 39640, 38862, 37869",81,WGA,"0.0, 0.15, 0.3, 0.44999999999999996, 0.6, 0.75, 0.8999999999999999, 1.05, 1.2, 1.3499999999999999, 1.5, 1.65, 1.7999999999999998, 1.95, 2.1, 2.25, 2.4, 2.55, 2.6999999999999997, 2.85, 3.0, 3.15, 3.3, 3.4499999999999997, 3.5999999999999996, 3.75, 3.9, 4.05, 4.2, 4.35, 4.5, 4.6499999999999995, 4.8, 4.95, 5.1, 5.25, 5.3999999999999995, 5.55, 5.7, 5.85, 6.0, 6.1499999999999995, 6.3, 6.45, 6.6, 6.75, 6.8999999999999995, 7.05, 7.199999999999999, 7.35, 7.5, 7.6499999999999995, 7.8, 7.949999999999999, 8.1, 8.25, 8.4, 8.549999999999999, 8.7, 8.85, 9.0, 9.15, 9.299999999999999, 9.45, 9.6, 9.75, 9.9, 10.049999999999999, 10.2, 10.35, 10.5, 10.65, 10.799999999999999, 10.95, 11.1, 11.25, 11.4, 11.549999999999999, 11.7, 11.85, 12.0, 12.15, 12.299999999999999, 12.45, 12.6, 12.75, 12.9, 13.049999999999999, 13.2, 13.35, 13.5, 13.65, 13.799999999999999, 13.95, 14.1, 14.25, 14.399999999999999, 14.549999999999999, 14.7, 14.85, 15.0, 15.149999999999999",2007R_GLUT1_647_WGA_594_0002,2007,R,False,4.084870295396612,False
"3191, 3842, 4468, 5065, 6538, 7787, 8998, 12677, 18022, 30569, 39305, 43378, 44273, 42963, 42348, 42057, 41433, 41405, 40768, 40291, 39981, 38735, 37551, 36093, 35276, 33178, 32394, 32061, 29733, 29296, 26675, 23742, 21776, 19762, 18048, 17336, 16883, 16602, 16269, 16171, 15784, 15635, 15796, 16035, 16974, 17491, 18133, 18394, 18609, 18523, 18875, 19062, 19079, 19395, 19285, 19018, 18479, 17470, 16372, 16566, 16089, 15879, 15384, 14576, 14419, 13920, 13243, 12291, 11861, 11724, 11646, 11547, 11581, 11234, 11095, 10893, 10324, 10160, 9757, 9164, 8820, 8557, 8832, 8392, 8354, 8125, 7816, 7608, 7258, 7058, 6802, 6765, 6632, 6249, 6348, 6198, 5943, 5717, 5557, 5455, 5165, 5069",81,GluT1,"0.0, 0.15, 0.3, 0.44999999999999996, 0.6, 0.75, 0.8999999999999999, 1.05, 1.2, 1.3499999999999999, 1.5, 1.65, 1.7999999999999998, 1.95, 2.1, 2.25, 2.4, 2.55, 2.6999999999999997, 2.85, 3.0, 3.15, 3.3, 3.4499999999999997, 3.5999999999999996, 3.75, 3.9, 4.05, 4.2, 4.35, 4.5, 4.6499999999999995, 4.8, 4.95, 5.1, 5.25, 5.3999999999999995, 5.55, 5.7, 5.85, 6.0, 6.1499999999999995, 6.3, 6.45, 6.6, 6.75, 6.8999999999999995, 7.05, 7.199999999999999, 7.35, 7.5, 7.6499999999999995, 7.8, 7.949999999999999, 8.1, 8.25, 8.4, 8.549999999999999, 8.7, 8.85, 9.0, 9.15, 9.299999999999999, 9.45, 9.6, 9.75, 9.9, 10.049999999999999, 10.2, 10.35, 10.5, 10.65, 10.799999999999999, 10.95, 11.1, 11.25, 11.4, 11.549999999999999, 11.7, 11.85, 12.0, 12.15, 12.299999999999999, 12.45, 12.6, 12.75, 12.9, 13.049999999999999, 13.2, 13.35, 13.5, 13.65, 13.799999999999999, 13.95, 14.1, 14.25, 14.399999999999999, 14.549999999999999, 14.7, 14.85, 15.0, 15.149999999999999",2007R_GLUT1_647_WGA_594_0002,2007,R,False,4.084870295396612,False
"116617, 118363, 119361, 122482, 125122, 130816, 134318, 146405, 156233, 165060, 168002, 168216, 168066, 168561, 167049, 167654, 167114, 167695, 168072, 168550, 169863, 170727, 173432, 175912, 177100, 181503, 184208, 186722, 191433, 195078, 202693, 232657, 261965, 310630, 363771, 392890, 402593, 408206, 430027, 425049, 455019, 468728, 485207, 495467, 496562, 486372, 461297, 443087, 422933, 406421, 390571, 352815, 313568, 262483, 241661, 208186, 193192, 183522, 179207, 178730, 176496, 173500, 171695, 170434, 167309, 167943, 165169, 162674, 162403, 162625, 161517, 160175, 161154, 160384, 160377, 160131, 161010, 159137, 158691, 157897, 157500, 156952, 156464, 157553, 157527, 156882, 156898, 155683, 154726, 155024, 154645, 154960, 154116, 154452, 154816, 154789, 153903, 152423, 153949, 151653, 152809, 152617",82,DAPI,"0.0, 0.15, 0.3, 0.44999999999999996, 0.6, 0.75, 0.8999999999999999, 1.05, 1.2, 1.3499999999999999, 1.5, 1.65, 1.7999999999999998, 1.95, 2.1, 2.25, 2.4, 2.55, 2.6999999999999997, 2.85, 3.0, 3.15, 3.3, 3.4499999999999997, 3.5999999999999996, 3.75, 3.9, 4.05, 4.2, 4.35, 4.5, 4.6499999999999995, 4.8, 4.95, 5.1, 5.25, 5.3999999999999995, 5.55, 5.7, 5.85, 6.0, 6.1499999999999995, 6.3, 6.45, 6.6, 6.75, 6.8999999999999995, 7.05, 7.199999999999999, 7.35, 7.5, 7.6499999999999995, 7.8, 7.949999999999999, 8.1, 8.25, 8.4, 8.549999999999999, 8.7, 8.85, 9.0, 9.15, 9.299999999999999, 9.45, 9.6, 9.75, 9.9, 10.049999999999999, 10.2, 10.35, 10.5, 10.65, 10.799999999999999, 10.95, 11.1, 11.25, 11.4, 11.549999999999999, 11.7, 11.85, 12.0, 12.15, 12.299999999999999, 12.45, 12.6, 12.75, 12.9, 13.049999999999999, 13.2, 13.35, 13.5, 13.65, 13.799999999999999, 13.95, 14.1, 14.25, 14.399999999999999, 14.549999999999999, 14.7, 14.85, 15.0, 15.149999999999999",2007R_GLUT1_647_WGA_594_0002,2007,R,False,4.316921397379913,False
"18472, 19007, 19048, 19687, 20204, 20706, 21063, 21996, 24720, 29010, 34230, 37424, 45037, 53995, 57192, 60914, 64336, 68193, 79726, 88161, 102240, 114088, 120436, 124317, 125562, 124161, 123640, 123255, 119983, 119165, 114006, 111265, 108061, 102495, 89103, 80230, 77216, 74486, 68648, 69736, 60020, 54161, 47312, 42871, 39543, 38037, 36761, 36489, 36082, 35804, 35027, 35522, 35495, 35640, 34938, 34282, 34116, 33537, 33879, 34003, 33301, 33366, 32866, 32511, 32807, 32473, 32290, 32112, 31880, 31781, 31803, 32341, 31894, 31867, 31926, 31900, 32001, 31857, 31950, 31945, 32418, 32305, 32601, 32176, 32085, 32134, 32686, 32828, 33357, 33036, 33019, 33428, 33228, 33230, 33048, 33396, 34329, 35050, 35039, 36886, 38204, 40534",82,eGFP,"0.0, 0.15, 0.3, 0.44999999999999996, 0.6, 0.75, 0.8999999999999999, 1.05, 1.2, 1.3499999999999999, 1.5, 1.65, 1.7999999999999998, 1.95, 2.1, 2.25, 2.4, 2.55, 2.6999999999999997, 2.85, 3.0, 3.15, 3.3, 3.4499999999999997, 3.5999999999999996, 3.75, 3.9, 4.05, 4.2, 4.35, 4.5, 4.6499999999999995, 4.8, 4.95, 5.1, 5.25, 5.3999999999999995, 5.55, 5.7, 5.85, 6.0, 6.1499999999999995, 6.3, 6.45, 6.6, 6.75, 6.8999999999999995, 7.05, 7.199999999999999, 7.35, 7.5, 7.6499999999999995, 7.8, 7.949999999999999, 8.1, 8.25, 8.4, 8.549999999999999, 8.7, 8.85, 9.0, 9.15, 9.299999999999999, 9.45, 9.6, 9.75, 9.9, 10.049999999999999, 10.2, 10.35, 10.5, 10.65, 10.799999999999999, 10.95, 11.1, 11.25, 11.4, 11.549999999999999, 11.7, 11.85, 12.0, 12.15, 12.299999999999999, 12.45, 12.6, 12.75, 12.9, 13.049999999999999, 13.2, 13.35, 13.5, 13.65, 13.799999999999999, 13.95, 14.1, 14.25, 14.399999999999999, 14.549999999999999, 14.7, 14.85, 15.0, 15.149999999999999",2007R_GLUT1_647_WGA_594_0002,2007,R,False,4.316921397379913,False
"45718, 49835, 53181, 56496, 64055, 73363, 81213, 109505, 160088, 316714, 439073, 466919, 403886, 328049, 310761, 301263, 294950, 289082, 278002, 270221, 253618, 238091, 228253, 223724, 219006, 213297, 211244, 210269, 205198, 204789, 200308, 196055, 193375, 188167, 177167, 168232, 164073, 160840, 152785, 154371, 137265, 127879, 117533, 109478, 102700, 99846, 101207, 102999, 106404, 108266, 110849, 117916, 126692, 139801, 145162, 156183, 160759, 162907, 163100, 162734, 161324, 159231, 155544, 149917, 146072, 140799, 132193, 125897, 117882, 115809, 117058, 115571, 114252, 109342, 107726, 103078, 98770, 96378, 91612, 88970, 86182, 84389, 84627, 82641, 81837, 79608, 76788, 75870, 71809, 69361, 67840, 65878, 65003, 63779, 63369, 61442, 60570, 58932, 57749, 56680, 55397, 53737",82,WGA,"0.0, 0.15, 0.3, 0.44999999999999996, 0.6, 0.75, 0.8999999999999999, 1.05, 1.2, 1.3499999999999999, 1.5, 1.65, 1.7999999999999998, 1.95, 2.1, 2.25, 2.4, 2.55, 2.6999999999999997, 2.85, 3.0, 3.15, 3.3, 3.4499999999999997, 3.5999999999999996, 3.75, 3.9, 4.05, 4.2, 4.35, 4.5, 4.6499999999999995, 4.8, 4.95, 5.1, 5.25, 5.3999999999999995, 5.55, 5.7, 5.85, 6.0, 6.1499999999999995, 6.3, 6.45, 6.6, 6.75, 6.8999999999999995, 7.05, 7.199999999999999, 7.35, 7.5, 7.6499999999999995, 7.8, 7.949999999999999, 8.1, 8.25, 8.4, 8.549999999999999, 8.7, 8.85, 9.0, 9.15, 9.299999999999999, 9.45, 9.6, 9.75, 9.9, 10.049999999999999, 10.2, 10.35, 10.5, 10.65, 10.799999999999999, 10.95, 11.1, 11.25, 11.4, 11.549999999999999, 11.7, 11.85, 12.0, 12.15, 12.299999999999999, 12.45, 12.6, 12.75, 12.9, 13.049999999999999, 13.2, 13.35, 13.5, 13.65, 13.799999999999999, 13.95, 14.1, 14.25, 14.399999999999999, 14.549999999999999, 14.7, 14.85, 15.0, 15.149999999999999",2007R_GLUT1_647_WGA_594_0002,2007,R,False,4.316921397379913,False
"4659, 5663, 6358, 7238, 8860, 10766, 12173, 17528, 26721, 52900, 72115, 78299, 75967, 69954, 68634, 67444, 67136, 66194, 64052, 62320, 58754, 54435, 51553, 48525, 46625, 44418, 43690, 43243, 41763, 40840, 39802, 38331, 37720, 37044, 35228, 33464, 32827, 32036, 30300, 30813, 27295, 25640, 23860, 22351, 20807, 19973, 20024, 20281, 20433, 20846, 21096, 22363, 23389, 25113, 25903, 26405, 26539, 25893, 25135, 25285, 24454, 24478, 23499, 22759, 22124, 21444, 20174, 18819, 17766, 17336, 17641, 17336, 17286, 16393, 16042, 15404, 14726, 14309, 13733, 13681, 12725, 12578, 12966, 12581, 12333, 11943, 11675, 11228, 10688, 10259, 9797, 9835, 9585, 9228, 9161, 9015, 8624, 8271, 8226, 7929, 7635, 7324",82,GluT1,"0.0, 0.15, 0.3, 0.44999999999999996, 0.6, 0.75, 0.8999999999999999, 1.05, 1.2, 1.3499999999999999, 1.5, 1.65, 1.7999999999999998, 1.95, 2.1, 2.25, 2.4, 2.55, 2.6999999999999997, 2.85, 3.0, 3.15, 3.3, 3.4499999999999997, 3.5999999999999996, 3.75, 3.9, 4.05, 4.2, 4.35, 4.5, 4.6499999999999995, 4.8, 4.95, 5.1, 5.25, 5.3999999999999995, 5.55, 5.7, 5.85, 6.0, 6.1499999999999995, 6.3, 6.45, 6.6, 6.75, 6.8999999999999995, 7.05, 7.199999999999999, 7.35, 7.5, 7.6499999999999995, 7.8, 7.949999999999999, 8.1, 8.25, 8.4, 8.549999999999999, 8.7, 8.85, 9.0, 9.15, 9.299999999999999, 9.45, 9.6, 9.75, 9.9, 10.049999999999999, 10.2, 10.35, 10.5, 10.65, 10.799999999999999, 10.95, 11.1, 11.25, 11.4, 11.549999999999999, 11.7, 11.85, 12.0, 12.15, 12.299999999999999, 12.45, 12.6, 12.75, 12.9, 13.049999999999999, 13.2, 13.35, 13.5, 13.65, 13.799999999999999, 13.95, 14.1, 14.25, 14.399999999999999, 14.549999999999999, 14.7, 14.85, 15.0, 15.149999999999999",2007R_GLUT1_647_WGA_594_0002,2007,R,False,4.316921397379913,False
"79183, 81575, 81741, 83772, 85966, 88823, 90680, 97477, 103143, 113453, 119086, 121683, 129197, 138545, 144077, 147299, 150407, 154499, 169035, 178096, 197102, 214572, 230940, 243414, 256043, 273842, 285575, 289485, 311720, 313339, 340214, 370216, 389328, 409044, 427434, 428873, 425882, 425433, 419453, 419663, 390450, 365816, 335903, 305697, 271021, 238493, 205104, 190220, 177124, 168473, 160203, 148094, 136832, 127635, 124175, 119855, 116193, 114701, 113015, 112583, 112085, 111255, 109681, 110887, 108737, 108260, 107390, 106213, 107214, 106989, 106259, 106653, 106552, 105474, 106008, 105071, 105570, 105664, 105592, 104903, 104193, 103952, 104573, 105128, 104032, 104468, 103833, 104122, 103795, 104087, 102708, 103022, 102120, 102172, 103224, 103546, 102199, 102547, 103035, 101791, 102818, 101834",83,DAPI,"0.0, 0.15, 0.3, 0.44999999999999996, 0.6, 0.75, 0.8999999999999999, 1.05, 1.2, 1.3499999999999999, 1.5, 1.65, 1.7999999999999998, 1.95, 2.1, 2.25, 2.4, 2.55, 2.6999999999999997, 2.85, 3.0, 3.15, 3.3, 3.4499999999999997, 3.5999999999999996, 3.75, 3.9, 4.05, 4.2, 4.35, 4.5, 4.6499999999999995, 4.8, 4.95, 5.1, 5.25, 5.3999999999999995, 5.55, 5.7, 5.85, 6.0, 6.1499999999999995, 6.3, 6.45, 6.6, 6.75, 6.8999999999999995, 7.05, 7.199999999999999, 7.35, 7.5, 7.6499999999999995, 7.8, 7.949999999999999, 8.1, 8.25, 8.4, 8.549999999999999, 8.7, 8.85, 9.0, 9.15, 9.299999999999999, 9.45, 9.6, 9.75, 9.9, 10.049999999999999, 10.2, 10.35, 10.5, 10.65, 10.799999999999999, 10.95, 11.1, 11.25, 11.4, 11.549999999999999, 11.7, 11.85, 12.0, 12.15, 12.299999999999999, 12.45, 12.6, 12.75, 12.9, 13.049999999999999, 13.2, 13.35, 13.5, 13.65, 13.799999999999999, 13.95, 14.1, 14.25, 14.399999999999999, 14.549999999999999, 14.7, 14.85, 15.0, 15.149999999999999",2007R_GLUT1_647_WGA_594_0002,2007,R,False,4.197769760577239,False
"11646, 11958, 11823, 12348, 12331, 12861, 12952, 13631, 14892, 17640, 20666, 22798, 27668, 32909, 33860, 35947, 37495, 38811, 43155, 46705, 49981, 52232, 49170, 48035, 47246, 46723, 46588, 46330, 45784, 45709, 43101, 37133, 33140, 29451, 26681, 25598, 25320, 24979, 24647, 24565, 23801, 23179, 22830, 23198, 22826, 23376, 23631, 23658, 23772, 23745, 23666, 24000, 23423, 23870, 23527, 22943, 22646, 22458, 22294, 22532, 21699, 22112, 21489, 21174, 21230, 21163, 20735, 20964, 20889, 20363, 20851, 20778, 20649, 20564, 20575, 20556, 20591, 20590, 20543, 20612, 20878, 20811, 21092, 20717, 20517, 20820, 21000, 20997, 21150, 21375, 21597, 21944, 21742, 22078, 21955, 22747, 22664, 22943, 23498, 24826, 25741, 26286",83,eGFP,"0.0, 0.15, 0.3, 0.44999999999999996, 0.6, 0.75, 0.8999999999999999, 1.05, 1.2, 1.3499999999999999, 1.5, 1.65, 1.7999999999999998, 1.95, 2.1, 2.25, 2.4, 2.55, 2.6999999999999997, 2.85, 3.0, 3.15, 3.3, 3.4499999999999997, 3.5999999999999996, 3.75, 3.9, 4.05, 4.2, 4.35, 4.5, 4.6499999999999995, 4.8, 4.95, 5.1, 5.25, 5.3999999999999995, 5.55, 5.7, 5.85, 6.0, 6.1499999999999995, 6.3, 6.45, 6.6, 6.75, 6.8999999999999995, 7.05, 7.199999999999999, 7.35, 7.5, 7.6499999999999995, 7.8, 7.949999999999999, 8.1, 8.25, 8.4, 8.549999999999999, 8.7, 8.85, 9.0, 9.15, 9.299999999999999, 9.45, 9.6, 9.75, 9.9, 10.049999999999999, 10.2, 10.35, 10.5, 10.65, 10.799999999999999, 10.95, 11.1, 11.25, 11.4, 11.549999999999999, 11.7, 11.85, 12.0, 12.15, 12.299999999999999, 12.45, 12.6, 12.75, 12.9, 13.049999999999999, 13.2, 13.35, 13.5, 13.65, 13.799999999999999, 13.95, 14.1, 14.25, 14.399999999999999, 14.549999999999999, 14.7, 14.85, 15.0, 15.149999999999999",2007R_GLUT1_647_WGA_594_0002,2007,R,False,4.197769760577239,False
"29921, 32740, 34714, 37513, 43130, 50055, 55933, 76666, 108360, 194908, 257399, 274925, 251055, 215098, 203968, 197735, 190983, 186715, 171448, 164216, 151180, 138215, 126437, 118927, 113232, 106613, 104136, 102460, 96799, 95870, 88359, 78478, 71242, 64435, 58793, 56874, 56114, 55757, 55146, 55245, 54713, 55453, 57741, 61010, 67026, 74817, 86418, 92228, 97523, 101438, 103672, 108798, 113688, 118088, 119701, 122045, 122047, 118737, 114692, 113984, 111217, 109747, 105426, 101233, 98062, 94398, 88051, 82877, 77143, 75666, 76421, 75644, 74594, 71042, 70366, 67106, 64187, 62295, 59460, 57811, 55492, 54385, 54399, 53139, 52607, 51196, 49420, 48433, 45921, 44529, 43646, 42190, 41790, 41249, 40976, 39584, 39100, 37919, 37204, 36518, 35497, 34737",83,WGA,"0.0, 0.15, 0.3, 0.44999999999999996, 0.6, 0.75, 0.8999999999999999, 1.05, 1.2, 1.3499999999999999, 1.5, 1.65, 1.7999999999999998, 1.95, 2.1, 2.25, 2.4, 2.55, 2.6999999999999997, 2.85, 3.0, 3.15, 3.3, 3.4499999999999997, 3.5999999999999996, 3.75, 3.9, 4.05, 4.2, 4.35, 4.5, 4.6499999999999995, 4.8, 4.95, 5.1, 5.25, 5.3999999999999995, 5.55, 5.7, 5.85, 6.0, 6.1499999999999995, 6.3, 6.45, 6.6, 6.75, 6.8999999999999995, 7.05, 7.199999999999999, 7.35, 7.5, 7.6499999999999995, 7.8, 7.949999999999999, 8.1, 8.25, 8.4, 8.549999999999999, 8.7, 8.85, 9.0, 9.15, 9.299999999999999, 9.45, 9.6, 9.75, 9.9, 10.049999999999999, 10.2, 10.35, 10.5, 10.65, 10.799999999999999, 10.95, 11.1, 11.25, 11.4, 11.549999999999999, 11.7, 11.85, 12.0, 12.15, 12.299999999999999, 12.45, 12.6, 12.75, 12.9, 13.049999999999999, 13.2, 13.35, 13.5, 13.65, 13.799999999999999, 13.95, 14.1, 14.25, 14.399999999999999, 14.549999999999999, 14.7, 14.85, 15.0, 15.149999999999999",2007R_GLUT1_647_WGA_594_0002,2007,R,False,4.197769760577239,False
"3000, 3502, 4058, 4546, 5851, 6924, 8092, 11749, 17163, 30205, 39540, 42764, 42248, 39763, 38659, 37679, 37383, 36964, 34704, 33727, 31154, 28903, 26527, 24540, 23926, 22598, 21856, 21486, 20751, 20150, 19335, 17834, 16865, 15644, 14485, 14122, 14116, 13665, 13527, 13503, 12999, 13164, 13787, 14518, 15565, 16870, 18344, 19238, 19572, 20021, 20108, 20744, 20852, 20886, 20728, 20565, 19673, 18516, 17569, 17506, 16955, 16985, 16192, 15461, 15194, 14554, 13444, 12981, 12217, 12052, 12113, 12068, 11954, 11340, 11005, 10716, 10276, 9766, 9351, 9258, 8718, 8520, 8612, 8467, 8154, 7730, 7658, 7184, 6848, 6652, 6460, 6429, 6346, 6151, 6080, 5940, 5666, 5502, 5372, 5289, 5107, 4906",83,GluT1,"0.0, 0.15, 0.3, 0.44999999999999996, 0.6, 0.75, 0.8999999999999999, 1.05, 1.2, 1.3499999999999999, 1.5, 1.65, 1.7999999999999998, 1.95, 2.1, 2.25, 2.4, 2.55, 2.6999999999999997, 2.85, 3.0, 3.15, 3.3, 3.4499999999999997, 3.5999999999999996, 3.75, 3.9, 4.05, 4.2, 4.35, 4.5, 4.6499999999999995, 4.8, 4.95, 5.1, 5.25, 5.3999999999999995, 5.55, 5.7, 5.85, 6.0, 6.1499999999999995, 6.3, 6.45, 6.6, 6.75, 6.8999999999999995, 7.05, 7.199999999999999, 7.35, 7.5, 7.6499999999999995, 7.8, 7.949999999999999, 8.1, 8.25, 8.4, 8.549999999999999, 8.7, 8.85, 9.0, 9.15, 9.299999999999999, 9.45, 9.6, 9.75, 9.9, 10.049999999999999, 10.2, 10.35, 10.5, 10.65, 10.799999999999999, 10.95, 11.1, 11.25, 11.4, 11.549999999999999, 11.7, 11.85, 12.0, 12.15, 12.299999999999999, 12.45, 12.6, 12.75, 12.9, 13.049999999999999, 13.2, 13.35, 13.5, 13.65, 13.799999999999999, 13.95, 14.1, 14.25, 14.399999999999999, 14.549999999999999, 14.7, 14.85, 15.0, 15.149999999999999",2007R_GLUT1_647_WGA_594_0002,2007,R,False,4.197769760577239,False
"79362, 81382, 82797, 84722, 87946, 92584, 96664, 109254, 122973, 137082, 137700, 135959, 128875, 125282, 124845, 124032, 123470, 123292, 122301, 123739, 126703, 132879, 141292, 148209, 153980, 166647, 174265, 177995, 192358, 196155, 218873, 254463, 286798, 328838, 375015, 396344, 402266, 405501, 412711, 411177, 409803, 405715, 391885, 372898, 345638, 317131, 288430, 272833, 253425, 242769, 229826, 204528, 179289, 151851, 142006, 128408, 121702, 117151, 113003, 113266, 112158, 110949, 110727, 109611, 107571, 108124, 105760, 105317, 104798, 104926, 103987, 104843, 104859, 103838, 103025, 102680, 102891, 102361, 101340, 100824, 100345, 101073, 101002, 101071, 101052, 100645, 99305, 100844, 100252, 98857, 100305, 99241, 99854, 98551, 98983, 98995, 99427, 98554, 99244, 99548, 97762, 98831",84,DAPI,"0.0, 0.15, 0.3, 0.44999999999999996, 0.6, 0.75, 0.8999999999999999, 1.05, 1.2, 1.3499999999999999, 1.5, 1.65, 1.7999999999999998, 1.95, 2.1, 2.25, 2.4, 2.55, 2.6999999999999997, 2.85, 3.0, 3.15, 3.3, 3.4499999999999997, 3.5999999999999996, 3.75, 3.9, 4.05, 4.2, 4.35, 4.5, 4.6499999999999995, 4.8, 4.95, 5.1, 5.25, 5.3999999999999995, 5.55, 5.7, 5.85, 6.0, 6.1499999999999995, 6.3, 6.45, 6.6, 6.75, 6.8999999999999995, 7.05, 7.199999999999999, 7.35, 7.5, 7.6499999999999995, 7.8, 7.949999999999999, 8.1, 8.25, 8.4, 8.549999999999999, 8.7, 8.85, 9.0, 9.15, 9.299999999999999, 9.45, 9.6, 9.75, 9.9, 10.049999999999999, 10.2, 10.35, 10.5, 10.65, 10.799999999999999, 10.95, 11.1, 11.25, 11.4, 11.549999999999999, 11.7, 11.85, 12.0, 12.15, 12.299999999999999, 12.45, 12.6, 12.75, 12.9, 13.049999999999999, 13.2, 13.35, 13.5, 13.65, 13.799999999999999, 13.95, 14.1, 14.25, 14.399999999999999, 14.549999999999999, 14.7, 14.85, 15.0, 15.149999999999999",2007R_GLUT1_647_WGA_594_0002,2007,R,False,4.784494306764903,False
"11721, 12019, 12085, 12456, 12587, 12905, 13292, 13903, 15702, 18507, 21793, 24721, 30962, 37618, 40082, 42589, 45722, 46473, 52035, 54755, 55387, 55402, 56251, 58609, 61206, 64546, 66240, 66345, 68260, 68381, 68049, 60756, 52145, 43001, 35038, 32298, 31650, 30805, 28573, 28752, 27036, 26047, 25636, 25269, 24857, 24961, 25131, 24666, 24783, 24704, 24528, 23731, 23850, 23340, 22889, 22655, 22371, 22245, 22473, 22614, 22050, 22229, 22328, 22077, 22098, 22190, 21909, 21972, 22230, 21744, 21625, 21861, 21625, 21950, 21491, 21732, 21787, 22015, 21664, 21442, 21293, 21174, 21088, 21238, 21102, 20832, 20959, 21459, 21930, 22688, 23000, 23512, 23512, 23264, 22916, 22410, 22253, 21669, 21877, 22346, 22422, 22851",84,eGFP,"0.0, 0.15, 0.3, 0.44999999999999996, 0.6, 0.75, 0.8999999999999999, 1.05, 1.2, 1.3499999999999999, 1.5, 1.65, 1.7999999999999998, 1.95, 2.1, 2.25, 2.4, 2.55, 2.6999999999999997, 2.85, 3.0, 3.15, 3.3, 3.4499999999999997, 3.5999999999999996, 3.75, 3.9, 4.05, 4.2, 4.35, 4.5, 4.6499999999999995, 4.8, 4.95, 5.1, 5.25, 5.3999999999999995, 5.55, 5.7, 5.85, 6.0, 6.1499999999999995, 6.3, 6.45, 6.6, 6.75, 6.8999999999999995, 7.05, 7.199999999999999, 7.35, 7.5, 7.6499999999999995, 7.8, 7.949999999999999, 8.1, 8.25, 8.4, 8.549999999999999, 8.7, 8.85, 9.0, 9.15, 9.299999999999999, 9.45, 9.6, 9.75, 9.9, 10.049999999999999, 10.2, 10.35, 10.5, 10.65, 10.799999999999999, 10.95, 11.1, 11.25, 11.4, 11.549999999999999, 11.7, 11.85, 12.0, 12.15, 12.299999999999999, 12.45, 12.6, 12.75, 12.9, 13.049999999999999, 13.2, 13.35, 13.5, 13.65, 13.799999999999999, 13.95, 14.1, 14.25, 14.399999999999999, 14.549999999999999, 14.7, 14.85, 15.0, 15.149999999999999",2007R_GLUT1_647_WGA_594_0002,2007,R,False,4.784494306764903,False
"29442, 31898, 34059, 36129, 41184, 46763, 51748, 69688, 100460, 198864, 274042, 295316, 263996, 222081, 210884, 204110, 197382, 193423, 177782, 169516, 156464, 147165, 141149, 136899, 133852, 128158, 126381, 125229, 121099, 120591, 114583, 106492, 100183, 90921, 79629, 73212, 70682, 68624, 64145, 65380, 58992, 56720, 56663, 57977, 61428, 65753, 70359, 72235, 75265, 76428, 78580, 82828, 87697, 94823, 98016, 104278, 104859, 101877, 96722, 96360, 93211, 90959, 86230, 81912, 78538, 75495, 71006, 66877, 63282, 61986, 62878, 62006, 61015, 58530, 57929, 56137, 54044, 52752, 50127, 48821, 47412, 46681, 46477, 45474, 45252, 44312, 42959, 42007, 40650, 39482, 38758, 37824, 37930, 36985, 37068, 36158, 35826, 35041, 34790, 34045, 33570, 32636",84,WGA,"0.0, 0.15, 0.3, 0.44999999999999996, 0.6, 0.75, 0.8999999999999999, 1.05, 1.2, 1.3499999999999999, 1.5, 1.65, 1.7999999999999998, 1.95, 2.1, 2.25, 2.4, 2.55, 2.6999999999999997, 2.85, 3.0, 3.15, 3.3, 3.4499999999999997, 3.5999999999999996, 3.75, 3.9, 4.05, 4.2, 4.35, 4.5, 4.6499999999999995, 4.8, 4.95, 5.1, 5.25, 5.3999999999999995, 5.55, 5.7, 5.85, 6.0, 6.1499999999999995, 6.3, 6.45, 6.6, 6.75, 6.8999999999999995, 7.05, 7.199999999999999, 7.35, 7.5, 7.6499999999999995, 7.8, 7.949999999999999, 8.1, 8.25, 8.4, 8.549999999999999, 8.7, 8.85, 9.0, 9.15, 9.299999999999999, 9.45, 9.6, 9.75, 9.9, 10.049999999999999, 10.2, 10.35, 10.5, 10.65, 10.799999999999999, 10.95, 11.1, 11.25, 11.4, 11.549999999999999, 11.7, 11.85, 12.0, 12.15, 12.299999999999999, 12.45, 12.6, 12.75, 12.9, 13.049999999999999, 13.2, 13.35, 13.5, 13.65, 13.799999999999999, 13.95, 14.1, 14.25, 14.399999999999999, 14.549999999999999, 14.7, 14.85, 15.0, 15.149999999999999",2007R_GLUT1_647_WGA_594_0002,2007,R,False,4.784494306764903,False
"3757, 4409, 5013, 5688, 7118, 8496, 9641, 13829, 20379, 39819, 54966, 61117, 65418, 66000, 65440, 65114, 64183, 62962, 57941, 53962, 46766, 40832, 37028, 34943, 33616, 31628, 31428, 31081, 29581, 29172, 28254, 27118, 25931, 24428, 22212, 21387, 20480, 20260, 19202, 19462, 18297, 17951, 18019, 18486, 19282, 20165, 21174, 21901, 22040, 22201, 22557, 22280, 22082, 21447, 21520, 20593, 19138, 17144, 15579, 15817, 14946, 14439, 13646, 12681, 12176, 11626, 10863, 10257, 9600, 9592, 9559, 9519, 9260, 9004, 8741, 8604, 8112, 7658, 7373, 7248, 6880, 6687, 7007, 6785, 6673, 6438, 6209, 6107, 5739, 5636, 5449, 5348, 5368, 5128, 5008, 4992, 4909, 4581, 4596, 4524, 4363, 4154",84,GluT1,"0.0, 0.15, 0.3, 0.44999999999999996, 0.6, 0.75, 0.8999999999999999, 1.05, 1.2, 1.3499999999999999, 1.5, 1.65, 1.7999999999999998, 1.95, 2.1, 2.25, 2.4, 2.55, 2.6999999999999997, 2.85, 3.0, 3.15, 3.3, 3.4499999999999997, 3.5999999999999996, 3.75, 3.9, 4.05, 4.2, 4.35, 4.5, 4.6499999999999995, 4.8, 4.95, 5.1, 5.25, 5.3999999999999995, 5.55, 5.7, 5.85, 6.0, 6.1499999999999995, 6.3, 6.45, 6.6, 6.75, 6.8999999999999995, 7.05, 7.199999999999999, 7.35, 7.5, 7.6499999999999995, 7.8, 7.949999999999999, 8.1, 8.25, 8.4, 8.549999999999999, 8.7, 8.85, 9.0, 9.15, 9.299999999999999, 9.45, 9.6, 9.75, 9.9, 10.049999999999999, 10.2, 10.35, 10.5, 10.65, 10.799999999999999, 10.95, 11.1, 11.25, 11.4, 11.549999999999999, 11.7, 11.85, 12.0, 12.15, 12.299999999999999, 12.45, 12.6, 12.75, 12.9, 13.049999999999999, 13.2, 13.35, 13.5, 13.65, 13.799999999999999, 13.95, 14.1, 14.25, 14.399999999999999, 14.549999999999999, 14.7, 14.85, 15.0, 15.149999999999999",2007R_GLUT1_647_WGA_594_0002,2007,R,False,4.784494306764903,False
"92106, 93352, 95424, 97195, 100663, 104520, 107125, 116561, 126876, 138122, 146111, 146977, 151996, 159120, 163557, 166879, 170814, 173383, 186734, 196194, 213376, 235123, 257179, 273964, 287980, 307887, 319136, 322055, 339120, 342133, 358057, 371221, 373559, 371125, 358042, 348594, 342568, 339164, 330331, 331901, 314179, 302968, 288096, 275419, 261756, 249423, 233638, 225403, 216158, 208531, 200381, 181686, 165274, 148421, 143803, 135978, 132970, 128578, 126430, 127036, 126287, 125784, 124101, 122990, 122701, 121296, 121792, 119922, 120550, 119963, 119658, 119947, 118800, 119693, 118339, 118282, 118302, 118669, 117231, 117691, 117595, 118186, 116411, 117420, 116652, 117102, 116451, 115811, 115795, 116898, 116042, 115849, 115754, 115234, 115939, 114284, 116456, 115418, 114054, 113839, 114785, 114239",85,DAPI,"0.0, 0.15, 0.3, 0.44999999999999996, 0.6, 0.75, 0.8999999999999999, 1.05, 1.2, 1.3499999999999999, 1.5, 1.65, 1.7999999999999998, 1.95, 2.1, 2.25, 2.4, 2.55, 2.6999999999999997, 2.85, 3.0, 3.15, 3.3, 3.4499999999999997, 3.5999999999999996, 3.75, 3.9, 4.05, 4.2, 4.35, 4.5, 4.6499999999999995, 4.8, 4.95, 5.1, 5.25, 5.3999999999999995, 5.55, 5.7, 5.85, 6.0, 6.1499999999999995, 6.3, 6.45, 6.6, 6.75, 6.8999999999999995, 7.05, 7.199999999999999, 7.35, 7.5, 7.6499999999999995, 7.8, 7.949999999999999, 8.1, 8.25, 8.4, 8.549999999999999, 8.7, 8.85, 9.0, 9.15, 9.299999999999999, 9.45, 9.6, 9.75, 9.9, 10.049999999999999, 10.2, 10.35, 10.5, 10.65, 10.799999999999999, 10.95, 11.1, 11.25, 11.4, 11.549999999999999, 11.7, 11.85, 12.0, 12.15, 12.299999999999999, 12.45, 12.6, 12.75, 12.9, 13.049999999999999, 13.2, 13.35, 13.5, 13.65, 13.799999999999999, 13.95, 14.1, 14.25, 14.399999999999999, 14.549999999999999, 14.7, 14.85, 15.0, 15.149999999999999",2007R_GLUT1_647_WGA_594_0002,2007,R,False,4.290313430719047,False
"13406, 13635, 13469, 13818, 14014, 14164, 14358, 14770, 16145, 18343, 20580, 22370, 24989, 26899, 27051, 27891, 28050, 28400, 29281, 29937, 30994, 32143, 32940, 33793, 33582, 32946, 32757, 32608, 31026, 30721, 29807, 29510, 30251, 30309, 29042, 28038, 27965, 27787, 27629, 26844, 26975, 26955, 27208, 27251, 27455, 27686, 27001, 27185, 26872, 26414, 26474, 26450, 26623, 27829, 28058, 29985, 31087, 30451, 29257, 29776, 28520, 28518, 28176, 28271, 27557, 27780, 27104, 26419, 25966, 25443, 25500, 25556, 25519, 25228, 24832, 24704, 24994, 24664, 24538, 24776, 24975, 25032, 25045, 25035, 24718, 24828, 25124, 25244, 24981, 25353, 25268, 25925, 25449, 25952, 25853, 26370, 27054, 26938, 26848, 27254, 27698, 28756",85,eGFP,"0.0, 0.15, 0.3, 0.44999999999999996, 0.6, 0.75, 0.8999999999999999, 1.05, 1.2, 1.3499999999999999, 1.5, 1.65, 1.7999999999999998, 1.95, 2.1, 2.25, 2.4, 2.55, 2.6999999999999997, 2.85, 3.0, 3.15, 3.3, 3.4499999999999997, 3.5999999999999996, 3.75, 3.9, 4.05, 4.2, 4.35, 4.5, 4.6499999999999995, 4.8, 4.95, 5.1, 5.25, 5.3999999999999995, 5.55, 5.7, 5.85, 6.0, 6.1499999999999995, 6.3, 6.45, 6.6, 6.75, 6.8999999999999995, 7.05, 7.199999999999999, 7.35, 7.5, 7.6499999999999995, 7.8, 7.949999999999999, 8.1, 8.25, 8.4, 8.549999999999999, 8.7, 8.85, 9.0, 9.15, 9.299999999999999, 9.45, 9.6, 9.75, 9.9, 10.049999999999999, 10.2, 10.35, 10.5, 10.65, 10.799999999999999, 10.95, 11.1, 11.25, 11.4, 11.549999999999999, 11.7, 11.85, 12.0, 12.15, 12.299999999999999, 12.45, 12.6, 12.75, 12.9, 13.049999999999999, 13.2, 13.35, 13.5, 13.65, 13.799999999999999, 13.95, 14.1, 14.25, 14.399999999999999, 14.549999999999999, 14.7, 14.85, 15.0, 15.149999999999999",2007R_GLUT1_647_WGA_594_0002,2007,R,False,4.290313430719047,False
"33940, 36684, 38775, 41163, 46554, 53201, 58922, 79050, 113895, 223859, 310961, 330404, 280004, 214317, 196200, 186065, 177015, 171289, 159139, 154840, 147975, 141300, 134590, 130280, 125563, 117748, 114279, 112532, 105468, 104147, 96149, 88207, 82975, 77001, 72564, 69779, 68987, 68439, 66820, 66820, 66400, 67536, 70200, 74077, 80934, 88009, 95961, 99252, 102973, 105798, 106834, 110946, 114314, 117686, 118812, 119740, 118903, 115765, 111141, 110640, 108202, 105514, 101067, 95521, 92986, 88969, 83573, 79398, 74187, 72776, 74105, 72702, 72266, 68871, 68105, 65182, 62240, 60889, 57916, 56863, 55036, 54074, 53884, 53237, 52253, 51664, 50081, 48898, 47134, 46001, 45263, 44552, 44437, 43657, 43381, 42447, 42005, 40805, 40385, 39483, 38911, 37963",85,WGA,"0.0, 0.15, 0.3, 0.44999999999999996, 0.6, 0.75, 0.8999999999999999, 1.05, 1.2, 1.3499999999999999, 1.5, 1.65, 1.7999999999999998, 1.95, 2.1, 2.25, 2.4, 2.55, 2.6999999999999997, 2.85, 3.0, 3.15, 3.3, 3.4499999999999997, 3.5999999999999996, 3.75, 3.9, 4.05, 4.2, 4.35, 4.5, 4.6499999999999995, 4.8, 4.95, 5.1, 5.25, 5.3999999999999995, 5.55, 5.7, 5.85, 6.0, 6.1499999999999995, 6.3, 6.45, 6.6, 6.75, 6.8999999999999995, 7.05, 7.199999999999999, 7.35, 7.5, 7.6499999999999995, 7.8, 7.949999999999999, 8.1, 8.25, 8.4, 8.549999999999999, 8.7, 8.85, 9.0, 9.15, 9.299999999999999, 9.45, 9.6, 9.75, 9.9, 10.049999999999999, 10.2, 10.35, 10.5, 10.65, 10.799999999999999, 10.95, 11.1, 11.25, 11.4, 11.549999999999999, 11.7, 11.85, 12.0, 12.15, 12.299999999999999, 12.45, 12.6, 12.75, 12.9, 13.049999999999999, 13.2, 13.35, 13.5, 13.65, 13.799999999999999, 13.95, 14.1, 14.25, 14.399999999999999, 14.549999999999999, 14.7, 14.85, 15.0, 15.149999999999999",2007R_GLUT1_647_WGA_594_0002,2007,R,False,4.290313430719047,False
"3395, 4059, 4495, 5088, 6437, 7454, 9030, 12877, 19331, 37087, 49198, 52363, 48850, 42611, 41161, 40040, 39456, 38478, 37573, 36909, 35281, 33144, 30655, 28617, 26854, 24335, 23174, 23151, 20935, 20665, 18757, 17000, 15933, 14822, 13713, 13265, 13280, 12904, 12809, 12655, 12366, 12717, 12864, 13219, 14027, 14773, 15651, 16014, 16124, 16402, 16417, 16854, 17082, 17554, 17532, 17425, 17133, 16195, 15354, 15584, 15078, 14859, 14346, 13812, 13292, 12749, 12025, 11362, 10769, 10550, 10605, 10613, 10544, 10045, 9660, 9442, 8861, 8433, 8142, 8051, 7626, 7398, 7644, 7444, 7388, 7042, 6980, 6759, 6502, 6383, 6051, 6096, 6097, 5819, 5882, 5764, 5631, 5378, 5292, 5096, 5024, 4841",85,GluT1,"0.0, 0.15, 0.3, 0.44999999999999996, 0.6, 0.75, 0.8999999999999999, 1.05, 1.2, 1.3499999999999999, 1.5, 1.65, 1.7999999999999998, 1.95, 2.1, 2.25, 2.4, 2.55, 2.6999999999999997, 2.85, 3.0, 3.15, 3.3, 3.4499999999999997, 3.5999999999999996, 3.75, 3.9, 4.05, 4.2, 4.35, 4.5, 4.6499999999999995, 4.8, 4.95, 5.1, 5.25, 5.3999999999999995, 5.55, 5.7, 5.85, 6.0, 6.1499999999999995, 6.3, 6.45, 6.6, 6.75, 6.8999999999999995, 7.05, 7.199999999999999, 7.35, 7.5, 7.6499999999999995, 7.8, 7.949999999999999, 8.1, 8.25, 8.4, 8.549999999999999, 8.7, 8.85, 9.0, 9.15, 9.299999999999999, 9.45, 9.6, 9.75, 9.9, 10.049999999999999, 10.2, 10.35, 10.5, 10.65, 10.799999999999999, 10.95, 11.1, 11.25, 11.4, 11.549999999999999, 11.7, 11.85, 12.0, 12.15, 12.299999999999999, 12.45, 12.6, 12.75, 12.9, 13.049999999999999, 13.2, 13.35, 13.5, 13.65, 13.799999999999999, 13.95, 14.1, 14.25, 14.399999999999999, 14.549999999999999, 14.7, 14.85, 15.0, 15.149999999999999",2007R_GLUT1_647_WGA_594_0002,2007,R,False,4.290313430719047,False
"72205, 74417, 76416, 79176, 84953, 89771, 94406, 108284, 124377, 151593, 170692, 180067, 193300, 203592, 208478, 211248, 214454, 214019, 223485, 226964, 235476, 244363, 255910, 263675, 272709, 283056, 288372, 289424, 298864, 299927, 309035, 320140, 319555, 315449, 306342, 295595, 294194, 287267, 279534, 280439, 259615, 244760, 227559, 209730, 186154, 164342, 142164, 131938, 122793, 117578, 111903, 105219, 101273, 97094, 94799, 91086, 89534, 88232, 85917, 87032, 86137, 85602, 85132, 83853, 83986, 83840, 83433, 83096, 82304, 81775, 82477, 82675, 82506, 82100, 81483, 82420, 81131, 81503, 81327, 79594, 80709, 80665, 80381, 80248, 81242, 80903, 80328, 80695, 81340, 80499, 79927, 80530, 79947, 80653, 79009, 79563, 78668, 80688, 78907, 79016, 79305, 78111",86,DAPI,"0.0, 0.15, 0.3, 0.44999999999999996, 0.6, 0.75, 0.8999999999999999, 1.05, 1.2, 1.3499999999999999, 1.5, 1.65, 1.7999999999999998, 1.95, 2.1, 2.25, 2.4, 2.55, 2.6999999999999997, 2.85, 3.0, 3.15, 3.3, 3.4499999999999997, 3.5999999999999996, 3.75, 3.9, 4.05, 4.2, 4.35, 4.5, 4.6499999999999995, 4.8, 4.95, 5.1, 5.25, 5.3999999999999995, 5.55, 5.7, 5.85, 6.0, 6.1499999999999995, 6.3, 6.45, 6.6, 6.75, 6.8999999999999995, 7.05, 7.199999999999999, 7.35, 7.5, 7.6499999999999995, 7.8, 7.949999999999999, 8.1, 8.25, 8.4, 8.549999999999999, 8.7, 8.85, 9.0, 9.15, 9.299999999999999, 9.45, 9.6, 9.75, 9.9, 10.049999999999999, 10.2, 10.35, 10.5, 10.65, 10.799999999999999, 10.95, 11.1, 11.25, 11.4, 11.549999999999999, 11.7, 11.85, 12.0, 12.15, 12.299999999999999, 12.45, 12.6, 12.75, 12.9, 13.049999999999999, 13.2, 13.35, 13.5, 13.65, 13.799999999999999, 13.95, 14.1, 14.25, 14.399999999999999, 14.549999999999999, 14.7, 14.85, 15.0, 15.149999999999999",2007R_GLUT1_647_WGA_594_0002,2007,R,False,2.8897918731417245,False
"9273, 9405, 9383, 9470, 9602, 9564, 9757, 10065, 10887, 12350, 14206, 14971, 16204, 16422, 16164, 16460, 16434, 16289, 16044, 15995, 15793, 15670, 15201, 14854, 15072, 14773, 14886, 14678, 14520, 14520, 14480, 14262, 14579, 15082, 15556, 15453, 15845, 16345, 16759, 16399, 17089, 17281, 17175, 17359, 17630, 17866, 17331, 17522, 17448, 17765, 17524, 17865, 17751, 17251, 17124, 17158, 16991, 16486, 16873, 17021, 16532, 16887, 16228, 16446, 16576, 16824, 16845, 16958, 17853, 17592, 17425, 17652, 17737, 18043, 17910, 17935, 17891, 17603, 17679, 17432, 17307, 17711, 17670, 17444, 17348, 17773, 17522, 17794, 18099, 18108, 18073, 18128, 18190, 18377, 18251, 18822, 19051, 18771, 19168, 18954, 19164, 19776",86,eGFP,"0.0, 0.15, 0.3, 0.44999999999999996, 0.6, 0.75, 0.8999999999999999, 1.05, 1.2, 1.3499999999999999, 1.5, 1.65, 1.7999999999999998, 1.95, 2.1, 2.25, 2.4, 2.55, 2.6999999999999997, 2.85, 3.0, 3.15, 3.3, 3.4499999999999997, 3.5999999999999996, 3.75, 3.9, 4.05, 4.2, 4.35, 4.5, 4.6499999999999995, 4.8, 4.95, 5.1, 5.25, 5.3999999999999995, 5.55, 5.7, 5.85, 6.0, 6.1499999999999995, 6.3, 6.45, 6.6, 6.75, 6.8999999999999995, 7.05, 7.199999999999999, 7.35, 7.5, 7.6499999999999995, 7.8, 7.949999999999999, 8.1, 8.25, 8.4, 8.549999999999999, 8.7, 8.85, 9.0, 9.15, 9.299999999999999, 9.45, 9.6, 9.75, 9.9, 10.049999999999999, 10.2, 10.35, 10.5, 10.65, 10.799999999999999, 10.95, 11.1, 11.25, 11.4, 11.549999999999999, 11.7, 11.85, 12.0, 12.15, 12.299999999999999, 12.45, 12.6, 12.75, 12.9, 13.049999999999999, 13.2, 13.35, 13.5, 13.65, 13.799999999999999, 13.95, 14.1, 14.25, 14.399999999999999, 14.549999999999999, 14.7, 14.85, 15.0, 15.149999999999999",2007R_GLUT1_647_WGA_594_0002,2007,R,False,2.8897918731417245,False
"24107, 25791, 27249, 28647, 32123, 36305, 39468, 51457, 70993, 131054, 184925, 204468, 189428, 155188, 144384, 139114, 132854, 129938, 119875, 115254, 106744, 98593, 88992, 83083, 78750, 72998, 70213, 69204, 65281, 64548, 60909, 56909, 55153, 53687, 53503, 54202, 54424, 54401, 55107, 55098, 57108, 59330, 61800, 64622, 68591, 72660, 78245, 82203, 86319, 88238, 90551, 94269, 96859, 95969, 93441, 88560, 84156, 78394, 74365, 74487, 72353, 71079, 67374, 64323, 61838, 59772, 56594, 53819, 50919, 50112, 50795, 49978, 49916, 47901, 47321, 45850, 43608, 42810, 41228, 40242, 39313, 38589, 38752, 37962, 37800, 37072, 36048, 35174, 34021, 33064, 32312, 31415, 31285, 30477, 30401, 29693, 29343, 28752, 28565, 28116, 27696, 26987",86,WGA,"0.0, 0.15, 0.3, 0.44999999999999996, 0.6, 0.75, 0.8999999999999999, 1.05, 1.2, 1.3499999999999999, 1.5, 1.65, 1.7999999999999998, 1.95, 2.1, 2.25, 2.4, 2.55, 2.6999999999999997, 2.85, 3.0, 3.15, 3.3, 3.4499999999999997, 3.5999999999999996, 3.75, 3.9, 4.05, 4.2, 4.35, 4.5, 4.6499999999999995, 4.8, 4.95, 5.1, 5.25, 5.3999999999999995, 5.55, 5.7, 5.85, 6.0, 6.1499999999999995, 6.3, 6.45, 6.6, 6.75, 6.8999999999999995, 7.05, 7.199999999999999, 7.35, 7.5, 7.6499999999999995, 7.8, 7.949999999999999, 8.1, 8.25, 8.4, 8.549999999999999, 8.7, 8.85, 9.0, 9.15, 9.299999999999999, 9.45, 9.6, 9.75, 9.9, 10.049999999999999, 10.2, 10.35, 10.5, 10.65, 10.799999999999999, 10.95, 11.1, 11.25, 11.4, 11.549999999999999, 11.7, 11.85, 12.0, 12.15, 12.299999999999999, 12.45, 12.6, 12.75, 12.9, 13.049999999999999, 13.2, 13.35, 13.5, 13.65, 13.799999999999999, 13.95, 14.1, 14.25, 14.399999999999999, 14.549999999999999, 14.7, 14.85, 15.0, 15.149999999999999",2007R_GLUT1_647_WGA_594_0002,2007,R,False,2.8897918731417245,False
"3691, 4579, 5228, 5672, 7305, 8811, 10105, 14627, 20834, 37424, 51271, 58954, 64234, 62576, 60961, 59776, 58051, 56223, 51065, 47761, 41371, 35078, 30408, 27441, 25651, 23413, 22115, 21913, 20234, 20020, 18799, 16954, 16136, 15155, 14421, 14211, 14125, 14021, 14085, 13973, 14095, 14105, 14408, 14648, 14801, 15206, 15337, 15661, 15786, 15884, 15680, 15550, 14874, 14003, 13602, 12506, 11756, 11046, 10368, 10639, 10322, 10087, 9773, 9326, 8920, 8831, 8284, 7760, 7368, 7419, 7378, 7469, 7200, 6827, 6726, 6618, 6312, 6144, 5786, 5652, 5423, 5343, 5494, 5329, 5330, 5099, 4971, 4916, 4600, 4551, 4291, 4277, 4284, 4065, 4019, 3940, 3847, 3708, 3586, 3658, 3443, 3443",86,GluT1,"0.0, 0.15, 0.3, 0.44999999999999996, 0.6, 0.75, 0.8999999999999999, 1.05, 1.2, 1.3499999999999999, 1.5, 1.65, 1.7999999999999998, 1.95, 2.1, 2.25, 2.4, 2.55, 2.6999999999999997, 2.85, 3.0, 3.15, 3.3, 3.4499999999999997, 3.5999999999999996, 3.75, 3.9, 4.05, 4.2, 4.35, 4.5, 4.6499999999999995, 4.8, 4.95, 5.1, 5.25, 5.3999999999999995, 5.55, 5.7, 5.85, 6.0, 6.1499999999999995, 6.3, 6.45, 6.6, 6.75, 6.8999999999999995, 7.05, 7.199999999999999, 7.35, 7.5, 7.6499999999999995, 7.8, 7.949999999999999, 8.1, 8.25, 8.4, 8.549999999999999, 8.7, 8.85, 9.0, 9.15, 9.299999999999999, 9.45, 9.6, 9.75, 9.9, 10.049999999999999, 10.2, 10.35, 10.5, 10.65, 10.799999999999999, 10.95, 11.1, 11.25, 11.4, 11.549999999999999, 11.7, 11.85, 12.0, 12.15, 12.299999999999999, 12.45, 12.6, 12.75, 12.9, 13.049999999999999, 13.2, 13.35, 13.5, 13.65, 13.799999999999999, 13.95, 14.1, 14.25, 14.399999999999999, 14.549999999999999, 14.7, 14.85, 15.0, 15.149999999999999",2007R_GLUT1_647_WGA_594_0002,2007,R,False,2.8897918731417245,False
"86654, 89263, 92492, 95284, 100322, 105033, 110009, 122476, 135994, 162336, 189181, 209406, 250700, 288362, 303359, 316011, 326035, 336123, 370037, 388891, 417260, 446009, 461948, 465938, 471839, 472104, 471367, 472195, 464607, 464106, 450036, 420636, 391448, 355221, 318023, 291586, 283902, 273760, 252123, 258481, 215875, 196449, 172183, 156970, 142417, 132996, 126380, 124540, 123233, 121661, 120592, 117941, 117328, 115018, 114475, 111951, 112667, 111798, 111752, 111630, 110922, 110497, 110611, 109411, 108252, 109544, 109551, 109711, 108037, 107805, 107357, 107673, 107008, 107657, 106694, 107543, 107613, 106521, 106212, 107078, 106837, 106612, 106409, 105718, 105660, 104768, 105323, 104894, 105562, 105664, 105231, 105988, 105759, 105774, 105156, 104028, 104751, 104743, 104593, 103400, 104783, 103376",87,DAPI,"0.0, 0.15, 0.3, 0.44999999999999996, 0.6, 0.75, 0.8999999999999999, 1.05, 1.2, 1.3499999999999999, 1.5, 1.65, 1.7999999999999998, 1.95, 2.1, 2.25, 2.4, 2.55, 2.6999999999999997, 2.85, 3.0, 3.15, 3.3, 3.4499999999999997, 3.5999999999999996, 3.75, 3.9, 4.05, 4.2, 4.35, 4.5, 4.6499999999999995, 4.8, 4.95, 5.1, 5.25, 5.3999999999999995, 5.55, 5.7, 5.85, 6.0, 6.1499999999999995, 6.3, 6.45, 6.6, 6.75, 6.8999999999999995, 7.05, 7.199999999999999, 7.35, 7.5, 7.6499999999999995, 7.8, 7.949999999999999, 8.1, 8.25, 8.4, 8.549999999999999, 8.7, 8.85, 9.0, 9.15, 9.299999999999999, 9.45, 9.6, 9.75, 9.9, 10.049999999999999, 10.2, 10.35, 10.5, 10.65, 10.799999999999999, 10.95, 11.1, 11.25, 11.4, 11.549999999999999, 11.7, 11.85, 12.0, 12.15, 12.299999999999999, 12.45, 12.6, 12.75, 12.9, 13.049999999999999, 13.2, 13.35, 13.5, 13.65, 13.799999999999999, 13.95, 14.1, 14.25, 14.399999999999999, 14.549999999999999, 14.7, 14.85, 15.0, 15.149999999999999",2007R_GLUT1_647_WGA_594_0002,2007,R,True,52.813354786806116,False
"16075, 17205, 18232, 18950, 20709, 21933, 23221, 26594, 31016, 40390, 53079, 64401, 93132, 126723, 142321, 156738, 168517, 178761, 216734, 237486, 270789, 297031, 312052, 318453, 323390, 328235, 329702, 331501, 330716, 331321, 328460, 324933, 317629, 310543, 296721, 287054, 281516, 277682, 266908, 270557, 246128, 229693, 207375, 186090, 154576, 124115, 93468, 80847, 68237, 61554, 56017, 46942, 41156, 35901, 33877, 30796, 29276, 27519, 26891, 26539, 25882, 26285, 25088, 24707, 24439, 24302, 23872, 23053, 22947, 22899, 22517, 22969, 23031, 22901, 22073, 22266, 22191, 22061, 21891, 22322, 22210, 22327, 22557, 22271, 22199, 22139, 22064, 22302, 22108, 22914, 22966, 23707, 23906, 24491, 25011, 25806, 26753, 27670, 28369, 27767, 27700, 27406",87,eGFP,"0.0, 0.15, 0.3, 0.44999999999999996, 0.6, 0.75, 0.8999999999999999, 1.05, 1.2, 1.3499999999999999, 1.5, 1.65, 1.7999999999999998, 1.95, 2.1, 2.25, 2.4, 2.55, 2.6999999999999997, 2.85, 3.0, 3.15, 3.3, 3.4499999999999997, 3.5999999999999996, 3.75, 3.9, 4.05, 4.2, 4.35, 4.5, 4.6499999999999995, 4.8, 4.95, 5.1, 5.25, 5.3999999999999995, 5.55, 5.7, 5.85, 6.0, 6.1499999999999995, 6.3, 6.45, 6.6, 6.75, 6.8999999999999995, 7.05, 7.199999999999999, 7.35, 7.5, 7.6499999999999995, 7.8, 7.949999999999999, 8.1, 8.25, 8.4, 8.549999999999999, 8.7, 8.85, 9.0, 9.15, 9.299999999999999, 9.45, 9.6, 9.75, 9.9, 10.049999999999999, 10.2, 10.35, 10.5, 10.65, 10.799999999999999, 10.95, 11.1, 11.25, 11.4, 11.549999999999999, 11.7, 11.85, 12.0, 12.15, 12.299999999999999, 12.45, 12.6, 12.75, 12.9, 13.049999999999999, 13.2, 13.35, 13.5, 13.65, 13.799999999999999, 13.95, 14.1, 14.25, 14.399999999999999, 14.549999999999999, 14.7, 14.85, 15.0, 15.149999999999999",2007R_GLUT1_647_WGA_594_0002,2007,R,True,52.813354786806116,False
"29962, 32721, 34851, 36828, 42382, 48642, 54081, 74428, 108352, 212456, 288305, 301207, 250282, 188641, 171595, 160556, 151819, 144741, 128089, 119663, 105504, 93910, 84994, 79758, 76743, 72648, 71014, 70371, 68965, 68317, 67057, 67172, 67536, 69933, 74329, 78123, 79741, 81682, 85429, 84381, 93700, 101388, 111305, 120104, 130194, 137212, 143106, 146801, 147721, 148323, 147570, 143948, 139972, 132352, 128361, 121743, 116539, 109155, 103715, 103343, 100415, 98630, 94940, 90745, 88108, 84960, 79735, 76005, 70982, 70278, 70839, 70044, 69073, 66576, 65583, 63050, 60570, 59231, 56588, 55098, 53356, 52635, 52546, 51524, 51019, 49755, 48443, 47092, 45311, 44148, 43236, 42681, 42293, 41570, 41255, 40328, 39716, 38908, 38229, 37310, 36605, 35566",87,WGA,"0.0, 0.15, 0.3, 0.44999999999999996, 0.6, 0.75, 0.8999999999999999, 1.05, 1.2, 1.3499999999999999, 1.5, 1.65, 1.7999999999999998, 1.95, 2.1, 2.25, 2.4, 2.55, 2.6999999999999997, 2.85, 3.0, 3.15, 3.3, 3.4499999999999997, 3.5999999999999996, 3.75, 3.9, 4.05, 4.2, 4.35, 4.5, 4.6499999999999995, 4.8, 4.95, 5.1, 5.25, 5.3999999999999995, 5.55, 5.7, 5.85, 6.0, 6.1499999999999995, 6.3, 6.45, 6.6, 6.75, 6.8999999999999995, 7.05, 7.199999999999999, 7.35, 7.5, 7.6499999999999995, 7.8, 7.949999999999999, 8.1, 8.25, 8.4, 8.549999999999999, 8.7, 8.85, 9.0, 9.15, 9.299999999999999, 9.45, 9.6, 9.75, 9.9, 10.049999999999999, 10.2, 10.35, 10.5, 10.65, 10.799999999999999, 10.95, 11.1, 11.25, 11.4, 11.549999999999999, 11.7, 11.85, 12.0, 12.15, 12.299999999999999, 12.45, 12.6, 12.75, 12.9, 13.049999999999999, 13.2, 13.35, 13.5, 13.65, 13.799999999999999, 13.95, 14.1, 14.25, 14.399999999999999, 14.549999999999999, 14.7, 14.85, 15.0, 15.149999999999999",2007R_GLUT1_647_WGA_594_0002,2007,R,True,52.813354786806116,False
"3077, 3623, 4181, 4633, 5900, 6848, 8044, 11604, 17918, 34362, 46249, 49643, 46856, 41643, 39740, 38849, 37921, 36590, 33626, 32300, 29428, 26710, 24349, 22746, 21756, 20438, 19865, 19505, 18557, 18222, 17935, 17661, 17930, 18343, 19142, 20155, 20802, 21032, 22173, 21687, 24419, 26048, 28124, 29107, 29929, 29476, 27630, 27208, 26488, 25775, 25440, 24268, 22889, 21379, 20585, 19187, 18229, 17070, 16265, 16163, 15591, 15555, 14969, 14433, 13966, 13398, 12595, 11872, 11126, 10977, 11014, 11150, 10801, 10386, 10304, 10047, 9563, 9220, 8887, 8727, 8310, 8236, 8358, 7981, 8151, 7845, 7662, 7222, 6941, 6654, 6586, 6565, 6333, 6105, 6244, 5946, 5701, 5600, 5412, 5420, 5129, 5028",87,GluT1,"0.0, 0.15, 0.3, 0.44999999999999996, 0.6, 0.75, 0.8999999999999999, 1.05, 1.2, 1.3499999999999999, 1.5, 1.65, 1.7999999999999998, 1.95, 2.1, 2.25, 2.4, 2.55, 2.6999999999999997, 2.85, 3.0, 3.15, 3.3, 3.4499999999999997, 3.5999999999999996, 3.75, 3.9, 4.05, 4.2, 4.35, 4.5, 4.6499999999999995, 4.8, 4.95, 5.1, 5.25, 5.3999999999999995, 5.55, 5.7, 5.85, 6.0, 6.1499999999999995, 6.3, 6.45, 6.6, 6.75, 6.8999999999999995, 7.05, 7.199999999999999, 7.35, 7.5, 7.6499999999999995, 7.8, 7.949999999999999, 8.1, 8.25, 8.4, 8.549999999999999, 8.7, 8.85, 9.0, 9.15, 9.299999999999999, 9.45, 9.6, 9.75, 9.9, 10.049999999999999, 10.2, 10.35, 10.5, 10.65, 10.799999999999999, 10.95, 11.1, 11.25, 11.4, 11.549999999999999, 11.7, 11.85, 12.0, 12.15, 12.299999999999999, 12.45, 12.6, 12.75, 12.9, 13.049999999999999, 13.2, 13.35, 13.5, 13.65, 13.799999999999999, 13.95, 14.1, 14.25, 14.399999999999999, 14.549999999999999, 14.7, 14.85, 15.0, 15.149999999999999",2007R_GLUT1_647_WGA_594_0002,2007,R,True,52.813354786806116,False
"19938, 20361, 21211, 21657, 22484, 23339, 24387, 26197, 28714, 32639, 36440, 38725, 46931, 55011, 58818, 61659, 63820, 64736, 72924, 79014, 87279, 97002, 101240, 103245, 105821, 105283, 105067, 105639, 101171, 100428, 99853, 91056, 86660, 81929, 72489, 66493, 63982, 61024, 54812, 55859, 46190, 42468, 37719, 34925, 32086, 30537, 28802, 28749, 28178, 28034, 27801, 27296, 26595, 26356, 26092, 26141, 25967, 25696, 25778, 25617, 25262, 25154, 25255, 25116, 25421, 25590, 26020, 25388, 24874, 25086, 24716, 24955, 24600, 25235, 24672, 24680, 25208, 24527, 24321, 24818, 24640, 24704, 24388, 23905, 24450, 24151, 24511, 24261, 24347, 24298, 24165, 24231, 24042, 24332, 24310, 23895, 24763, 23900, 23680, 23462, 23923, 23223",88,DAPI,"0.0, 0.15, 0.3, 0.44999999999999996, 0.6, 0.75, 0.8999999999999999, 1.05, 1.2, 1.3499999999999999, 1.5, 1.65, 1.7999999999999998, 1.95, 2.1, 2.25, 2.4, 2.55, 2.6999999999999997, 2.85, 3.0, 3.15, 3.3, 3.4499999999999997, 3.5999999999999996, 3.75, 3.9, 4.05, 4.2, 4.35, 4.5, 4.6499999999999995, 4.8, 4.95, 5.1, 5.25, 5.3999999999999995, 5.55, 5.7, 5.85, 6.0, 6.1499999999999995, 6.3, 6.45, 6.6, 6.75, 6.8999999999999995, 7.05, 7.199999999999999, 7.35, 7.5, 7.6499999999999995, 7.8, 7.949999999999999, 8.1, 8.25, 8.4, 8.549999999999999, 8.7, 8.85, 9.0, 9.15, 9.299999999999999, 9.45, 9.6, 9.75, 9.9, 10.049999999999999, 10.2, 10.35, 10.5, 10.65, 10.799999999999999, 10.95, 11.1, 11.25, 11.4, 11.549999999999999, 11.7, 11.85, 12.0, 12.15, 12.299999999999999, 12.45, 12.6, 12.75, 12.9, 13.049999999999999, 13.2, 13.35, 13.5, 13.65, 13.799999999999999, 13.95, 14.1, 14.25, 14.399999999999999, 14.549999999999999, 14.7, 14.85, 15.0, 15.149999999999999",2007R_GLUT1_647_WGA_594_0002,2007,R,True,55.40348432055749,False
"3462, 3717, 3941, 3966, 4172, 4526, 4685, 5074, 5855, 7189, 8945, 10045, 13405, 18299, 20993, 22673, 25979, 27376, 36503, 42149, 51516, 61261, 66407, 70537, 72449, 76532, 77414, 78512, 79504, 79829, 81971, 83013, 82868, 82209, 79504, 77174, 74892, 73694, 69881, 71302, 62509, 57934, 51500, 47271, 40062, 32770, 25097, 21456, 18183, 15780, 14395, 11457, 10199, 8699, 8131, 7397, 6909, 6570, 6360, 6301, 6043, 6210, 5954, 5796, 5791, 5750, 5472, 5318, 5207, 5427, 5226, 5396, 5418, 5289, 5091, 5246, 5234, 5260, 5095, 5043, 5162, 5134, 5102, 5110, 5108, 5052, 5090, 5117, 4921, 5094, 5096, 5210, 5328, 5413, 5264, 5550, 5882, 5884, 6472, 6551, 7225, 7080",88,eGFP,"0.0, 0.15, 0.3, 0.44999999999999996, 0.6, 0.75, 0.8999999999999999, 1.05, 1.2, 1.3499999999999999, 1.5, 1.65, 1.7999999999999998, 1.95, 2.1, 2.25, 2.4, 2.55, 2.6999999999999997, 2.85, 3.0, 3.15, 3.3, 3.4499999999999997, 3.5999999999999996, 3.75, 3.9, 4.05, 4.2, 4.35, 4.5, 4.6499999999999995, 4.8, 4.95, 5.1, 5.25, 5.3999999999999995, 5.55, 5.7, 5.85, 6.0, 6.1499999999999995, 6.3, 6.45, 6.6, 6.75, 6.8999999999999995, 7.05, 7.199999999999999, 7.35, 7.5, 7.6499999999999995, 7.8, 7.949999999999999, 8.1, 8.25, 8.4, 8.549999999999999, 8.7, 8.85, 9.0, 9.15, 9.299999999999999, 9.45, 9.6, 9.75, 9.9, 10.049999999999999, 10.2, 10.35, 10.5, 10.65, 10.799999999999999, 10.95, 11.1, 11.25, 11.4, 11.549999999999999, 11.7, 11.85, 12.0, 12.15, 12.299999999999999, 12.45, 12.6, 12.75, 12.9, 13.049999999999999, 13.2, 13.35, 13.5, 13.65, 13.799999999999999, 13.95, 14.1, 14.25, 14.399999999999999, 14.549999999999999, 14.7, 14.85, 15.0, 15.149999999999999",2007R_GLUT1_647_WGA_594_0002,2007,R,True,55.40348432055749,False
"6836, 7446, 7944, 8373, 9620, 11098, 12109, 16556, 23821, 45970, 62437, 65074, 54929, 42675, 39678, 37633, 35934, 34808, 31646, 29628, 25881, 23406, 21021, 20016, 19045, 17561, 16730, 16411, 16030, 15843, 14711, 14237, 13900, 13950, 14653, 14978, 15159, 15625, 16364, 16116, 18081, 19788, 22545, 25185, 28188, 30059, 31593, 32322, 33103, 33236, 33555, 32960, 32117, 29571, 28417, 26037, 25034, 23740, 22877, 22682, 22398, 21973, 21169, 20586, 19783, 19347, 18006, 17198, 16293, 15809, 16011, 15831, 15703, 14939, 14717, 14155, 13524, 13310, 12717, 12354, 11857, 11800, 11785, 11634, 11519, 11152, 10946, 10719, 10303, 10142, 9810, 9732, 9635, 9417, 9392, 9186, 8988, 8758, 8664, 8414, 8183, 8052",88,WGA,"0.0, 0.15, 0.3, 0.44999999999999996, 0.6, 0.75, 0.8999999999999999, 1.05, 1.2, 1.3499999999999999, 1.5, 1.65, 1.7999999999999998, 1.95, 2.1, 2.25, 2.4, 2.55, 2.6999999999999997, 2.85, 3.0, 3.15, 3.3, 3.4499999999999997, 3.5999999999999996, 3.75, 3.9, 4.05, 4.2, 4.35, 4.5, 4.6499999999999995, 4.8, 4.95, 5.1, 5.25, 5.3999999999999995, 5.55, 5.7, 5.85, 6.0, 6.1499999999999995, 6.3, 6.45, 6.6, 6.75, 6.8999999999999995, 7.05, 7.199999999999999, 7.35, 7.5, 7.6499999999999995, 7.8, 7.949999999999999, 8.1, 8.25, 8.4, 8.549999999999999, 8.7, 8.85, 9.0, 9.15, 9.299999999999999, 9.45, 9.6, 9.75, 9.9, 10.049999999999999, 10.2, 10.35, 10.5, 10.65, 10.799999999999999, 10.95, 11.1, 11.25, 11.4, 11.549999999999999, 11.7, 11.85, 12.0, 12.15, 12.299999999999999, 12.45, 12.6, 12.75, 12.9, 13.049999999999999, 13.2, 13.35, 13.5, 13.65, 13.799999999999999, 13.95, 14.1, 14.25, 14.399999999999999, 14.549999999999999, 14.7, 14.85, 15.0, 15.149999999999999",2007R_GLUT1_647_WGA_594_0002,2007,R,True,55.40348432055749,False
"726, 782, 936, 1063, 1359, 1572, 1840, 2626, 4029, 7415, 9866, 10634, 10069, 9088, 8980, 8707, 8616, 8507, 7994, 7804, 7054, 6326, 5669, 5237, 5026, 4638, 4459, 4239, 4121, 3912, 3637, 3482, 3525, 3462, 3735, 3880, 3971, 4042, 4076, 4078, 4641, 4981, 5752, 6092, 6444, 6342, 5946, 5971, 5825, 5669, 5626, 5394, 5104, 4647, 4434, 4203, 4006, 3853, 3660, 3551, 3540, 3495, 3457, 3319, 3275, 3079, 2932, 2784, 2521, 2513, 2589, 2637, 2526, 2437, 2368, 2308, 2187, 2102, 2020, 1960, 1836, 1808, 1823, 1835, 1813, 1784, 1679, 1598, 1588, 1494, 1441, 1459, 1435, 1388, 1400, 1250, 1238, 1263, 1221, 1211, 1127, 1138",88,GluT1,"0.0, 0.15, 0.3, 0.44999999999999996, 0.6, 0.75, 0.8999999999999999, 1.05, 1.2, 1.3499999999999999, 1.5, 1.65, 1.7999999999999998, 1.95, 2.1, 2.25, 2.4, 2.55, 2.6999999999999997, 2.85, 3.0, 3.15, 3.3, 3.4499999999999997, 3.5999999999999996, 3.75, 3.9, 4.05, 4.2, 4.35, 4.5, 4.6499999999999995, 4.8, 4.95, 5.1, 5.25, 5.3999999999999995, 5.55, 5.7, 5.85, 6.0, 6.1499999999999995, 6.3, 6.45, 6.6, 6.75, 6.8999999999999995, 7.05, 7.199999999999999, 7.35, 7.5, 7.6499999999999995, 7.8, 7.949999999999999, 8.1, 8.25, 8.4, 8.549999999999999, 8.7, 8.85, 9.0, 9.15, 9.299999999999999, 9.45, 9.6, 9.75, 9.9, 10.049999999999999, 10.2, 10.35, 10.5, 10.65, 10.799999999999999, 10.95, 11.1, 11.25, 11.4, 11.549999999999999, 11.7, 11.85, 12.0, 12.15, 12.299999999999999, 12.45, 12.6, 12.75, 12.9, 13.049999999999999, 13.2, 13.35, 13.5, 13.65, 13.799999999999999, 13.95, 14.1, 14.25, 14.399999999999999, 14.549999999999999, 14.7, 14.85, 15.0, 15.149999999999999",2007R_GLUT1_647_WGA_594_0002,2007,R,True,55.40348432055749,False
"13319, 14290, 13984, 13916, 14444, 14804, 15726, 16707, 18309, 19486, 19789, 20116, 19883, 19809, 20387, 20280, 20548, 20251, 20889, 20984, 21987, 24195, 26770, 28785, 31399, 34956, 36776, 38051, 41610, 41954, 47730, 55984, 61709, 68418, 74898, 78027, 76772, 76296, 74935, 75414, 68774, 66986, 62766, 60387, 55178, 52683, 49033, 46263, 43272, 40726, 38383, 33469, 28522, 24660, 23275, 21369, 20282, 19431, 19325, 19609, 18750, 18778, 19115, 19072, 17696, 18560, 18243, 18083, 18057, 18178, 18021, 17942, 17842, 18212, 17675, 17536, 17778, 17690, 17510, 17755, 17221, 17309, 16942, 17401, 17173, 17294, 17231, 17104, 17155, 16827, 16792, 17158, 17181, 16436, 16466, 16721, 16692, 16813, 16914, 16851, 17054, 16997",89,DAPI,"0.0, 0.15, 0.3, 0.44999999999999996, 0.6, 0.75, 0.8999999999999999, 1.05, 1.2, 1.3499999999999999, 1.5, 1.65, 1.7999999999999998, 1.95, 2.1, 2.25, 2.4, 2.55, 2.6999999999999997, 2.85, 3.0, 3.15, 3.3, 3.4499999999999997, 3.5999999999999996, 3.75, 3.9, 4.05, 4.2, 4.35, 4.5, 4.6499999999999995, 4.8, 4.95, 5.1, 5.25, 5.3999999999999995, 5.55, 5.7, 5.85, 6.0, 6.1499999999999995, 6.3, 6.45, 6.6, 6.75, 6.8999999999999995, 7.05, 7.199999999999999, 7.35, 7.5, 7.6499999999999995, 7.8, 7.949999999999999, 8.1, 8.25, 8.4, 8.549999999999999, 8.7, 8.85, 9.0, 9.15, 9.299999999999999, 9.45, 9.6, 9.75, 9.9, 10.049999999999999, 10.2, 10.35, 10.5, 10.65, 10.799999999999999, 10.95, 11.1, 11.25, 11.4, 11.549999999999999, 11.7, 11.85, 12.0, 12.15, 12.299999999999999, 12.45, 12.6, 12.75, 12.9, 13.049999999999999, 13.2, 13.35, 13.5, 13.65, 13.799999999999999, 13.95, 14.1, 14.25, 14.399999999999999, 14.549999999999999, 14.7, 14.85, 15.0, 15.149999999999999",2007R_GLUT1_647_WGA_594_0002,2007,R,False,4.585629921259843,False
"1997, 2063, 2044, 2093, 2092, 2185, 2199, 2261, 2483, 2933, 3381, 3793, 4010, 4598, 4619, 4657, 4848, 4985, 5546, 6076, 7038, 8470, 10807, 12492, 13889, 15069, 14949, 15087, 14351, 13872, 12006, 8667, 6936, 5793, 5022, 4880, 4685, 4659, 4384, 4391, 4266, 3929, 3975, 3815, 3790, 3688, 3614, 3634, 3635, 3737, 3655, 3569, 3773, 3755, 3635, 3530, 3606, 3593, 3571, 3540, 3323, 3539, 3352, 3436, 3351, 3403, 3507, 3481, 3541, 3432, 3432, 3625, 3445, 3564, 3527, 3550, 3709, 3912, 3785, 3647, 3638, 3744, 3687, 3766, 3668, 3647, 3757, 3880, 4192, 4663, 4886, 5133, 5205, 5190, 5066, 4642, 4374, 4059, 3992, 3927, 3810, 3783",89,eGFP,"0.0, 0.15, 0.3, 0.44999999999999996, 0.6, 0.75, 0.8999999999999999, 1.05, 1.2, 1.3499999999999999, 1.5, 1.65, 1.7999999999999998, 1.95, 2.1, 2.25, 2.4, 2.55, 2.6999999999999997, 2.85, 3.0, 3.15, 3.3, 3.4499999999999997, 3.5999999999999996, 3.75, 3.9, 4.05, 4.2, 4.35, 4.5, 4.6499999999999995, 4.8, 4.95, 5.1, 5.25, 5.3999999999999995, 5.55, 5.7, 5.85, 6.0, 6.1499999999999995, 6.3, 6.45, 6.6, 6.75, 6.8999999999999995, 7.05, 7.199999999999999, 7.35, 7.5, 7.6499999999999995, 7.8, 7.949999999999999, 8.1, 8.25, 8.4, 8.549999999999999, 8.7, 8.85, 9.0, 9.15, 9.299999999999999, 9.45, 9.6, 9.75, 9.9, 10.049999999999999, 10.2, 10.35, 10.5, 10.65, 10.799999999999999, 10.95, 11.1, 11.25, 11.4, 11.549999999999999, 11.7, 11.85, 12.0, 12.15, 12.299999999999999, 12.45, 12.6, 12.75, 12.9, 13.049999999999999, 13.2, 13.35, 13.5, 13.65, 13.799999999999999, 13.95, 14.1, 14.25, 14.399999999999999, 14.549999999999999, 14.7, 14.85, 15.0, 15.149999999999999",2007R_GLUT1_647_WGA_594_0002,2007,R,False,4.585629921259843,False
"4930, 5287, 5673, 5957, 6823, 7629, 8484, 11343, 16459, 33251, 45747, 48224, 40877, 32025, 30159, 28615, 27929, 27390, 25494, 24679, 22984, 21164, 19918, 19663, 19074, 18566, 18255, 18082, 17188, 17061, 16103, 14755, 13714, 12319, 10930, 10171, 10027, 10141, 9671, 9895, 9513, 9161, 9003, 9033, 8965, 9531, 10331, 10890, 11755, 12323, 12932, 14215, 15784, 17522, 18161, 18670, 18291, 17257, 16042, 15629, 14969, 14498, 13467, 12904, 12461, 12314, 12260, 11836, 11434, 11258, 11315, 11310, 11096, 10622, 10576, 10339, 9905, 9680, 9244, 8966, 8556, 8436, 8325, 8057, 8120, 7844, 7400, 7292, 7032, 6778, 6742, 6566, 6547, 6440, 6400, 6182, 6109, 6067, 6000, 5854, 5767, 5637",89,WGA,"0.0, 0.15, 0.3, 0.44999999999999996, 0.6, 0.75, 0.8999999999999999, 1.05, 1.2, 1.3499999999999999, 1.5, 1.65, 1.7999999999999998, 1.95, 2.1, 2.25, 2.4, 2.55, 2.6999999999999997, 2.85, 3.0, 3.15, 3.3, 3.4499999999999997, 3.5999999999999996, 3.75, 3.9, 4.05, 4.2, 4.35, 4.5, 4.6499999999999995, 4.8, 4.95, 5.1, 5.25, 5.3999999999999995, 5.55, 5.7, 5.85, 6.0, 6.1499999999999995, 6.3, 6.45, 6.6, 6.75, 6.8999999999999995, 7.05, 7.199999999999999, 7.35, 7.5, 7.6499999999999995, 7.8, 7.949999999999999, 8.1, 8.25, 8.4, 8.549999999999999, 8.7, 8.85, 9.0, 9.15, 9.299999999999999, 9.45, 9.6, 9.75, 9.9, 10.049999999999999, 10.2, 10.35, 10.5, 10.65, 10.799999999999999, 10.95, 11.1, 11.25, 11.4, 11.549999999999999, 11.7, 11.85, 12.0, 12.15, 12.299999999999999, 12.45, 12.6, 12.75, 12.9, 13.049999999999999, 13.2, 13.35, 13.5, 13.65, 13.799999999999999, 13.95, 14.1, 14.25, 14.399999999999999, 14.549999999999999, 14.7, 14.85, 15.0, 15.149999999999999",2007R_GLUT1_647_WGA_594_0002,2007,R,False,4.585629921259843,False
"533, 578, 683, 786, 952, 1074, 1257, 1748, 2641, 5229, 7067, 7467, 6748, 5857, 5549, 5424, 5134, 5017, 4631, 4603, 4339, 4032, 4328, 4321, 4512, 4559, 4877, 4714, 4743, 4694, 4647, 4529, 4322, 3887, 3324, 3312, 3158, 3194, 3158, 3144, 3070, 2959, 2801, 2747, 2783, 2942, 3218, 3322, 3363, 3443, 3481, 3518, 3645, 3436, 3461, 3118, 2992, 2720, 2462, 2567, 2429, 2266, 2213, 2114, 2043, 2034, 2014, 1877, 1827, 1709, 1815, 1784, 1714, 1671, 1620, 1538, 1461, 1418, 1427, 1365, 1292, 1216, 1311, 1231, 1250, 1149, 1154, 1112, 1031, 1035, 963, 955, 936, 910, 851, 874, 847, 806, 835, 773, 766, 750",89,GluT1,"0.0, 0.15, 0.3, 0.44999999999999996, 0.6, 0.75, 0.8999999999999999, 1.05, 1.2, 1.3499999999999999, 1.5, 1.65, 1.7999999999999998, 1.95, 2.1, 2.25, 2.4, 2.55, 2.6999999999999997, 2.85, 3.0, 3.15, 3.3, 3.4499999999999997, 3.5999999999999996, 3.75, 3.9, 4.05, 4.2, 4.35, 4.5, 4.6499999999999995, 4.8, 4.95, 5.1, 5.25, 5.3999999999999995, 5.55, 5.7, 5.85, 6.0, 6.1499999999999995, 6.3, 6.45, 6.6, 6.75, 6.8999999999999995, 7.05, 7.199999999999999, 7.35, 7.5, 7.6499999999999995, 7.8, 7.949999999999999, 8.1, 8.25, 8.4, 8.549999999999999, 8.7, 8.85, 9.0, 9.15, 9.299999999999999, 9.45, 9.6, 9.75, 9.9, 10.049999999999999, 10.2, 10.35, 10.5, 10.65, 10.799999999999999, 10.95, 11.1, 11.25, 11.4, 11.549999999999999, 11.7, 11.85, 12.0, 12.15, 12.299999999999999, 12.45, 12.6, 12.75, 12.9, 13.049999999999999, 13.2, 13.35, 13.5, 13.65, 13.799999999999999, 13.95, 14.1, 14.25, 14.399999999999999, 14.549999999999999, 14.7, 14.85, 15.0, 15.149999999999999",2007R_GLUT1_647_WGA_594_0002,2007,R,False,4.585629921259843,False
"104553, 107270, 109152, 111035, 114422, 118315, 120524, 129554, 138896, 155612, 169157, 179518, 195336, 213579, 222470, 225429, 228267, 236898, 249453, 259527, 279351, 298530, 320056, 337307, 352601, 373183, 386978, 392491, 408368, 412778, 432738, 457961, 470917, 485983, 489985, 490562, 488607, 486114, 473620, 474144, 439469, 408650, 364011, 322017, 276028, 242381, 215169, 205797, 196279, 191078, 186482, 179725, 174815, 166457, 163377, 157025, 153165, 149286, 148152, 149072, 147335, 146754, 145364, 144876, 144233, 143681, 141573, 142991, 141143, 140083, 141043, 140487, 140062, 138982, 137767, 139289, 137027, 138659, 137907, 137564, 137137, 136232, 135747, 136412, 136346, 136791, 136423, 136266, 135733, 136594, 136139, 137571, 138176, 139011, 137445, 139972, 142509, 145166, 149922, 156542, 162489, 169769",90,DAPI,"0.0, 0.15, 0.3, 0.44999999999999996, 0.6, 0.75, 0.8999999999999999, 1.05, 1.2, 1.3499999999999999, 1.5, 1.65, 1.7999999999999998, 1.95, 2.1, 2.25, 2.4, 2.55, 2.6999999999999997, 2.85, 3.0, 3.15, 3.3, 3.4499999999999997, 3.5999999999999996, 3.75, 3.9, 4.05, 4.2, 4.35, 4.5, 4.6499999999999995, 4.8, 4.95, 5.1, 5.25, 5.3999999999999995, 5.55, 5.7, 5.85, 6.0, 6.1499999999999995, 6.3, 6.45, 6.6, 6.75, 6.8999999999999995, 7.05, 7.199999999999999, 7.35, 7.5, 7.6499999999999995, 7.8, 7.949999999999999, 8.1, 8.25, 8.4, 8.549999999999999, 8.7, 8.85, 9.0, 9.15, 9.299999999999999, 9.45, 9.6, 9.75, 9.9, 10.049999999999999, 10.2, 10.35, 10.5, 10.65, 10.799999999999999, 10.95, 11.1, 11.25, 11.4, 11.549999999999999, 11.7, 11.85, 12.0, 12.15, 12.299999999999999, 12.45, 12.6, 12.75, 12.9, 13.049999999999999, 13.2, 13.35, 13.5, 13.65, 13.799999999999999, 13.95, 14.1, 14.25, 14.399999999999999, 14.549999999999999, 14.7, 14.85, 15.0, 15.149999999999999",2007R_GLUT1_647_WGA_594_0002,2007,R,True,31.509742300439974,False
"17183, 17624, 18062, 18220, 19053, 19453, 19554, 20841, 22928, 25818, 30296, 32583, 37426, 40871, 42820, 44796, 45869, 49297, 54524, 59905, 72971, 89402, 105793, 119855, 132427, 149246, 162215, 167398, 183155, 187248, 207319, 230395, 243188, 251540, 251016, 250660, 251517, 249827, 246873, 248029, 241174, 234902, 226246, 217891, 204365, 191610, 176147, 167501, 157993, 154265, 146833, 135580, 122818, 106768, 99446, 81664, 70997, 58719, 52330, 52856, 48522, 47666, 45027, 42507, 41588, 39977, 38359, 37006, 35844, 35110, 35277, 34989, 35025, 33783, 33322, 32232, 31367, 30988, 30124, 29855, 29618, 29323, 29738, 29526, 29177, 28993, 28799, 29545, 29423, 29663, 29529, 30347, 30735, 30535, 31013, 31167, 31619, 32344, 33133, 34864, 36246, 37774",90,eGFP,"0.0, 0.15, 0.3, 0.44999999999999996, 0.6, 0.75, 0.8999999999999999, 1.05, 1.2, 1.3499999999999999, 1.5, 1.65, 1.7999999999999998, 1.95, 2.1, 2.25, 2.4, 2.55, 2.6999999999999997, 2.85, 3.0, 3.15, 3.3, 3.4499999999999997, 3.5999999999999996, 3.75, 3.9, 4.05, 4.2, 4.35, 4.5, 4.6499999999999995, 4.8, 4.95, 5.1, 5.25, 5.3999999999999995, 5.55, 5.7, 5.85, 6.0, 6.1499999999999995, 6.3, 6.45, 6.6, 6.75, 6.8999999999999995, 7.05, 7.199999999999999, 7.35, 7.5, 7.6499999999999995, 7.8, 7.949999999999999, 8.1, 8.25, 8.4, 8.549999999999999, 8.7, 8.85, 9.0, 9.15, 9.299999999999999, 9.45, 9.6, 9.75, 9.9, 10.049999999999999, 10.2, 10.35, 10.5, 10.65, 10.799999999999999, 10.95, 11.1, 11.25, 11.4, 11.549999999999999, 11.7, 11.85, 12.0, 12.15, 12.299999999999999, 12.45, 12.6, 12.75, 12.9, 13.049999999999999, 13.2, 13.35, 13.5, 13.65, 13.799999999999999, 13.95, 14.1, 14.25, 14.399999999999999, 14.549999999999999, 14.7, 14.85, 15.0, 15.149999999999999",2007R_GLUT1_647_WGA_594_0002,2007,R,True,31.509742300439974,False
"37788, 40652, 43331, 45928, 53181, 60196, 67513, 89964, 122191, 200958, 271339, 289761, 266531, 221004, 206180, 195206, 187524, 178682, 164959, 159896, 153428, 148931, 146173, 144227, 141894, 137277, 133530, 131809, 126580, 124522, 115923, 104623, 98094, 92183, 89095, 88889, 89208, 89151, 89776, 89084, 92957, 96359, 103280, 110791, 123695, 136562, 148821, 153869, 158949, 161848, 163774, 167646, 169356, 171486, 170662, 168662, 164853, 158428, 152421, 152650, 149288, 147522, 142378, 137664, 134529, 130015, 122808, 117125, 109316, 107961, 109915, 107823, 106294, 101464, 100167, 95258, 90491, 87685, 82705, 80194, 76788, 74941, 75069, 73629, 72419, 70444, 68412, 66907, 63609, 61331, 59998, 58342, 57445, 56044, 55455, 53514, 52221, 50905, 49675, 48395, 47241, 45807",90,WGA,"0.0, 0.15, 0.3, 0.44999999999999996, 0.6, 0.75, 0.8999999999999999, 1.05, 1.2, 1.3499999999999999, 1.5, 1.65, 1.7999999999999998, 1.95, 2.1, 2.25, 2.4, 2.55, 2.6999999999999997, 2.85, 3.0, 3.15, 3.3, 3.4499999999999997, 3.5999999999999996, 3.75, 3.9, 4.05, 4.2, 4.35, 4.5, 4.6499999999999995, 4.8, 4.95, 5.1, 5.25, 5.3999999999999995, 5.55, 5.7, 5.85, 6.0, 6.1499999999999995, 6.3, 6.45, 6.6, 6.75, 6.8999999999999995, 7.05, 7.199999999999999, 7.35, 7.5, 7.6499999999999995, 7.8, 7.949999999999999, 8.1, 8.25, 8.4, 8.549999999999999, 8.7, 8.85, 9.0, 9.15, 9.299999999999999, 9.45, 9.6, 9.75, 9.9, 10.049999999999999, 10.2, 10.35, 10.5, 10.65, 10.799999999999999, 10.95, 11.1, 11.25, 11.4, 11.549999999999999, 11.7, 11.85, 12.0, 12.15, 12.299999999999999, 12.45, 12.6, 12.75, 12.9, 13.049999999999999, 13.2, 13.35, 13.5, 13.65, 13.799999999999999, 13.95, 14.1, 14.25, 14.399999999999999, 14.549999999999999, 14.7, 14.85, 15.0, 15.149999999999999",2007R_GLUT1_647_WGA_594_0002,2007,R,True,31.509742300439974,False
"3503, 4188, 4857, 5496, 6814, 8166, 9219, 13418, 18674, 30120, 39306, 42467, 42276, 39048, 37845, 37006, 36485, 35840, 34663, 33611, 32865, 32043, 30939, 30355, 29618, 28465, 27630, 27365, 25742, 25048, 23123, 20472, 19333, 18055, 17598, 17515, 17581, 17508, 17819, 17757, 18322, 19179, 20572, 22206, 24526, 26851, 28820, 29712, 30418, 30612, 31173, 31101, 31242, 30724, 30201, 28442, 27474, 25345, 24018, 24334, 23346, 23089, 22035, 20868, 20459, 19973, 18734, 17706, 16833, 16661, 16622, 16481, 16262, 15639, 15384, 14757, 14008, 13293, 12603, 12189, 11400, 11307, 11316, 11097, 10950, 10607, 10203, 9862, 9299, 9024, 8681, 8466, 8492, 8051, 8068, 7766, 7398, 7043, 6705, 6726, 6437, 6217",90,GluT1,"0.0, 0.15, 0.3, 0.44999999999999996, 0.6, 0.75, 0.8999999999999999, 1.05, 1.2, 1.3499999999999999, 1.5, 1.65, 1.7999999999999998, 1.95, 2.1, 2.25, 2.4, 2.55, 2.6999999999999997, 2.85, 3.0, 3.15, 3.3, 3.4499999999999997, 3.5999999999999996, 3.75, 3.9, 4.05, 4.2, 4.35, 4.5, 4.6499999999999995, 4.8, 4.95, 5.1, 5.25, 5.3999999999999995, 5.55, 5.7, 5.85, 6.0, 6.1499999999999995, 6.3, 6.45, 6.6, 6.75, 6.8999999999999995, 7.05, 7.199999999999999, 7.35, 7.5, 7.6499999999999995, 7.8, 7.949999999999999, 8.1, 8.25, 8.4, 8.549999999999999, 8.7, 8.85, 9.0, 9.15, 9.299999999999999, 9.45, 9.6, 9.75, 9.9, 10.049999999999999, 10.2, 10.35, 10.5, 10.65, 10.799999999999999, 10.95, 11.1, 11.25, 11.4, 11.549999999999999, 11.7, 11.85, 12.0, 12.15, 12.299999999999999, 12.45, 12.6, 12.75, 12.9, 13.049999999999999, 13.2, 13.35, 13.5, 13.65, 13.799999999999999, 13.95, 14.1, 14.25, 14.399999999999999, 14.549999999999999, 14.7, 14.85, 15.0, 15.149999999999999",2007R_GLUT1_647_WGA_594_0002,2007,R,True,31.509742300439974,False
"151986, 156554, 159706, 164642, 174845, 186727, 196019, 227158, 260342, 303870, 304948, 290205, 262890, 243032, 237428, 233712, 231568, 226121, 223688, 220695, 217896, 214565, 213035, 212841, 213323, 213681, 213593, 214962, 216675, 217403, 221346, 231982, 242066, 265459, 296413, 318080, 324954, 334189, 354372, 349206, 392796, 420212, 454103, 476837, 490064, 490301, 476669, 460420, 441649, 431218, 408832, 376624, 336159, 287305, 269894, 238228, 225355, 215070, 210894, 211074, 208268, 206911, 203413, 200762, 199922, 197091, 196343, 195485, 194693, 192303, 192531, 192686, 190950, 191254, 190412, 188789, 188798, 188548, 187903, 188211, 187125, 188344, 187397, 186997, 186354, 186066, 186711, 185014, 184551, 185063, 183792, 184633, 185266, 184011, 184330, 183203, 183831, 182736, 182958, 182824, 181697, 182672",91,DAPI,"0.0, 0.15, 0.3, 0.44999999999999996, 0.6, 0.75, 0.8999999999999999, 1.05, 1.2, 1.3499999999999999, 1.5, 1.65, 1.7999999999999998, 1.95, 2.1, 2.25, 2.4, 2.55, 2.6999999999999997, 2.85, 3.0, 3.15, 3.3, 3.4499999999999997, 3.5999999999999996, 3.75, 3.9, 4.05, 4.2, 4.35, 4.5, 4.6499999999999995, 4.8, 4.95, 5.1, 5.25, 5.3999999999999995, 5.55, 5.7, 5.85, 6.0, 6.1499999999999995, 6.3, 6.45, 6.6, 6.75, 6.8999999999999995, 7.05, 7.199999999999999, 7.35, 7.5, 7.6499999999999995, 7.8, 7.949999999999999, 8.1, 8.25, 8.4, 8.549999999999999, 8.7, 8.85, 9.0, 9.15, 9.299999999999999, 9.45, 9.6, 9.75, 9.9, 10.049999999999999, 10.2, 10.35, 10.5, 10.65, 10.799999999999999, 10.95, 11.1, 11.25, 11.4, 11.549999999999999, 11.7, 11.85, 12.0, 12.15, 12.299999999999999, 12.45, 12.6, 12.75, 12.9, 13.049999999999999, 13.2, 13.35, 13.5, 13.65, 13.799999999999999, 13.95, 14.1, 14.25, 14.399999999999999, 14.549999999999999, 14.7, 14.85, 15.0, 15.149999999999999",2007R_GLUT1_647_WGA_594_0002,2007,R,True,32.609098052911904,False
"23912, 24519, 24818, 25336, 26315, 26606, 27114, 28756, 32075, 38316, 44577, 46994, 49201, 51711, 53182, 54022, 54542, 56938, 60096, 64084, 71642, 83032, 95375, 104499, 110976, 119975, 127970, 128674, 137639, 140972, 157300, 188735, 211958, 242101, 269268, 283161, 285987, 290108, 302196, 298917, 323011, 334754, 350722, 363638, 372742, 373472, 367053, 360626, 347964, 337872, 324478, 298998, 262722, 209629, 183129, 125325, 97295, 76523, 68801, 69207, 64764, 63010, 58708, 55869, 54515, 52765, 51132, 49578, 48050, 47384, 47497, 47208, 47110, 46702, 45682, 44763, 43676, 43496, 42648, 42786, 42534, 42745, 42694, 42366, 42307, 42345, 41962, 42363, 43664, 44162, 44831, 45492, 46412, 46627, 46181, 47296, 48526, 50620, 52938, 53543, 52586, 51063",91,eGFP,"0.0, 0.15, 0.3, 0.44999999999999996, 0.6, 0.75, 0.8999999999999999, 1.05, 1.2, 1.3499999999999999, 1.5, 1.65, 1.7999999999999998, 1.95, 2.1, 2.25, 2.4, 2.55, 2.6999999999999997, 2.85, 3.0, 3.15, 3.3, 3.4499999999999997, 3.5999999999999996, 3.75, 3.9, 4.05, 4.2, 4.35, 4.5, 4.6499999999999995, 4.8, 4.95, 5.1, 5.25, 5.3999999999999995, 5.55, 5.7, 5.85, 6.0, 6.1499999999999995, 6.3, 6.45, 6.6, 6.75, 6.8999999999999995, 7.05, 7.199999999999999, 7.35, 7.5, 7.6499999999999995, 7.8, 7.949999999999999, 8.1, 8.25, 8.4, 8.549999999999999, 8.7, 8.85, 9.0, 9.15, 9.299999999999999, 9.45, 9.6, 9.75, 9.9, 10.049999999999999, 10.2, 10.35, 10.5, 10.65, 10.799999999999999, 10.95, 11.1, 11.25, 11.4, 11.549999999999999, 11.7, 11.85, 12.0, 12.15, 12.299999999999999, 12.45, 12.6, 12.75, 12.9, 13.049999999999999, 13.2, 13.35, 13.5, 13.65, 13.799999999999999, 13.95, 14.1, 14.25, 14.399999999999999, 14.549999999999999, 14.7, 14.85, 15.0, 15.149999999999999",2007R_GLUT1_647_WGA_594_0002,2007,R,True,32.609098052911904,False
"55951, 60031, 63546, 67320, 75603, 84357, 92431, 121220, 165002, 296220, 444758, 505040, 495750, 414385, 381929, 357394, 344414, 317434, 288886, 275526, 261970, 256665, 254099, 252168, 252677, 250378, 250011, 248690, 247249, 245264, 240081, 231030, 224836, 215679, 207632, 202108, 199403, 196770, 188958, 190718, 176685, 167415, 155286, 146754, 138901, 134792, 134304, 135004, 138512, 139899, 143027, 151124, 162707, 178205, 184375, 194411, 192523, 183118, 174387, 174064, 168249, 164554, 156047, 147033, 142013, 136915, 128961, 123348, 117405, 115515, 117503, 115855, 114244, 110073, 108739, 104816, 99863, 97371, 93158, 90882, 88387, 86986, 87209, 85408, 84822, 82915, 80796, 78996, 76009, 74306, 73082, 71429, 71095, 70517, 69859, 68227, 67434, 66186, 64943, 63777, 63018, 61786",91,WGA,"0.0, 0.15, 0.3, 0.44999999999999996, 0.6, 0.75, 0.8999999999999999, 1.05, 1.2, 1.3499999999999999, 1.5, 1.65, 1.7999999999999998, 1.95, 2.1, 2.25, 2.4, 2.55, 2.6999999999999997, 2.85, 3.0, 3.15, 3.3, 3.4499999999999997, 3.5999999999999996, 3.75, 3.9, 4.05, 4.2, 4.35, 4.5, 4.6499999999999995, 4.8, 4.95, 5.1, 5.25, 5.3999999999999995, 5.55, 5.7, 5.85, 6.0, 6.1499999999999995, 6.3, 6.45, 6.6, 6.75, 6.8999999999999995, 7.05, 7.199999999999999, 7.35, 7.5, 7.6499999999999995, 7.8, 7.949999999999999, 8.1, 8.25, 8.4, 8.549999999999999, 8.7, 8.85, 9.0, 9.15, 9.299999999999999, 9.45, 9.6, 9.75, 9.9, 10.049999999999999, 10.2, 10.35, 10.5, 10.65, 10.799999999999999, 10.95, 11.1, 11.25, 11.4, 11.549999999999999, 11.7, 11.85, 12.0, 12.15, 12.299999999999999, 12.45, 12.6, 12.75, 12.9, 13.049999999999999, 13.2, 13.35, 13.5, 13.65, 13.799999999999999, 13.95, 14.1, 14.25, 14.399999999999999, 14.549999999999999, 14.7, 14.85, 15.0, 15.149999999999999",2007R_GLUT1_647_WGA_594_0002,2007,R,True,32.609098052911904,False
"7160, 8651, 9856, 11217, 13959, 16638, 19252, 28334, 41492, 73924, 104253, 114801, 112250, 97252, 90860, 85330, 81930, 77107, 70727, 67349, 63901, 61418, 59366, 57297, 56217, 53878, 53499, 52947, 51931, 51412, 50384, 49455, 49340, 49324, 48462, 47873, 47862, 47571, 45861, 46465, 44005, 42520, 39773, 37431, 35567, 33502, 32272, 32230, 32073, 32031, 32002, 32639, 33147, 33658, 33315, 32206, 30408, 27611, 25762, 25991, 24864, 24225, 22561, 21175, 20530, 19741, 18658, 17689, 16835, 16878, 16672, 16740, 16505, 16044, 15515, 15106, 14345, 13538, 13079, 12858, 12368, 12092, 12342, 11937, 11862, 11481, 10995, 10645, 10153, 9798, 9527, 9416, 9402, 9035, 9150, 8917, 8402, 8241, 8119, 8046, 7722, 7536",91,GluT1,"0.0, 0.15, 0.3, 0.44999999999999996, 0.6, 0.75, 0.8999999999999999, 1.05, 1.2, 1.3499999999999999, 1.5, 1.65, 1.7999999999999998, 1.95, 2.1, 2.25, 2.4, 2.55, 2.6999999999999997, 2.85, 3.0, 3.15, 3.3, 3.4499999999999997, 3.5999999999999996, 3.75, 3.9, 4.05, 4.2, 4.35, 4.5, 4.6499999999999995, 4.8, 4.95, 5.1, 5.25, 5.3999999999999995, 5.55, 5.7, 5.85, 6.0, 6.1499999999999995, 6.3, 6.45, 6.6, 6.75, 6.8999999999999995, 7.05, 7.199999999999999, 7.35, 7.5, 7.6499999999999995, 7.8, 7.949999999999999, 8.1, 8.25, 8.4, 8.549999999999999, 8.7, 8.85, 9.0, 9.15, 9.299999999999999, 9.45, 9.6, 9.75, 9.9, 10.049999999999999, 10.2, 10.35, 10.5, 10.65, 10.799999999999999, 10.95, 11.1, 11.25, 11.4, 11.549999999999999, 11.7, 11.85, 12.0, 12.15, 12.299999999999999, 12.45, 12.6, 12.75, 12.9, 13.049999999999999, 13.2, 13.35, 13.5, 13.65, 13.799999999999999, 13.95, 14.1, 14.25, 14.399999999999999, 14.549999999999999, 14.7, 14.85, 15.0, 15.149999999999999",2007R_GLUT1_647_WGA_594_0002,2007,R,True,32.609098052911904,False
"127064, 130735, 132574, 136880, 142509, 148639, 153262, 169211, 184524, 213342, 247831, 270473, 313126, 342744, 350484, 359909, 363334, 370904, 379548, 380902, 384652, 379212, 374933, 370011, 363491, 356279, 354096, 355567, 352920, 352335, 355821, 372068, 390258, 416203, 433624, 444280, 447082, 448848, 459136, 457149, 467551, 475816, 485900, 493965, 499138, 496738, 479969, 468740, 447518, 438680, 418791, 387555, 348749, 301595, 281788, 238581, 217248, 200940, 192097, 191587, 189398, 186586, 182674, 179215, 176560, 174073, 174543, 172093, 170619, 170629, 170091, 170551, 169910, 169796, 168114, 166864, 167523, 167276, 166281, 165773, 164210, 163930, 162147, 162289, 162499, 163875, 162195, 162033, 161122, 161996, 160672, 161499, 161198, 159242, 160268, 160756, 160354, 159464, 160732, 158982, 159701, 157842",92,DAPI,"0.0, 0.15, 0.3, 0.44999999999999996, 0.6, 0.75, 0.8999999999999999, 1.05, 1.2, 1.3499999999999999, 1.5, 1.65, 1.7999999999999998, 1.95, 2.1, 2.25, 2.4, 2.55, 2.6999999999999997, 2.85, 3.0, 3.15, 3.3, 3.4499999999999997, 3.5999999999999996, 3.75, 3.9, 4.05, 4.2, 4.35, 4.5, 4.6499999999999995, 4.8, 4.95, 5.1, 5.25, 5.3999999999999995, 5.55, 5.7, 5.85, 6.0, 6.1499999999999995, 6.3, 6.45, 6.6, 6.75, 6.8999999999999995, 7.05, 7.199999999999999, 7.35, 7.5, 7.6499999999999995, 7.8, 7.949999999999999, 8.1, 8.25, 8.4, 8.549999999999999, 8.7, 8.85, 9.0, 9.15, 9.299999999999999, 9.45, 9.6, 9.75, 9.9, 10.049999999999999, 10.2, 10.35, 10.5, 10.65, 10.799999999999999, 10.95, 11.1, 11.25, 11.4, 11.549999999999999, 11.7, 11.85, 12.0, 12.15, 12.299999999999999, 12.45, 12.6, 12.75, 12.9, 13.049999999999999, 13.2, 13.35, 13.5, 13.65, 13.799999999999999, 13.95, 14.1, 14.25, 14.399999999999999, 14.549999999999999, 14.7, 14.85, 15.0, 15.149999999999999",2007R_GLUT1_647_WGA_594_0002,2007,R,False,7.7900847191716345,False
"18152, 18479, 18648, 18923, 19190, 19392, 19499, 20328, 22090, 24530, 27892, 30126, 32564, 34048, 34354, 34807, 35539, 36173, 37761, 40505, 44329, 51150, 55602, 57592, 60082, 61952, 62946, 62882, 64426, 65536, 68817, 73066, 76074, 78862, 80061, 78540, 78593, 78081, 77442, 77552, 76697, 76563, 76969, 76386, 74933, 74481, 72530, 71791, 71666, 69395, 68774, 66774, 64299, 60181, 58042, 53040, 48879, 43959, 41576, 41098, 39220, 38988, 37386, 36188, 35383, 35363, 34945, 34502, 35805, 35855, 34929, 35953, 36058, 36757, 36674, 37817, 39356, 40298, 42047, 42546, 43177, 43502, 43296, 43055, 43456, 41959, 41428, 40542, 38390, 37518, 37076, 37456, 36664, 36612, 36511, 36511, 36210, 36286, 36265, 36850, 36534, 36811",92,eGFP,"0.0, 0.15, 0.3, 0.44999999999999996, 0.6, 0.75, 0.8999999999999999, 1.05, 1.2, 1.3499999999999999, 1.5, 1.65, 1.7999999999999998, 1.95, 2.1, 2.25, 2.4, 2.55, 2.6999999999999997, 2.85, 3.0, 3.15, 3.3, 3.4499999999999997, 3.5999999999999996, 3.75, 3.9, 4.05, 4.2, 4.35, 4.5, 4.6499999999999995, 4.8, 4.95, 5.1, 5.25, 5.3999999999999995, 5.55, 5.7, 5.85, 6.0, 6.1499999999999995, 6.3, 6.45, 6.6, 6.75, 6.8999999999999995, 7.05, 7.199999999999999, 7.35, 7.5, 7.6499999999999995, 7.8, 7.949999999999999, 8.1, 8.25, 8.4, 8.549999999999999, 8.7, 8.85, 9.0, 9.15, 9.299999999999999, 9.45, 9.6, 9.75, 9.9, 10.049999999999999, 10.2, 10.35, 10.5, 10.65, 10.799999999999999, 10.95, 11.1, 11.25, 11.4, 11.549999999999999, 11.7, 11.85, 12.0, 12.15, 12.299999999999999, 12.45, 12.6, 12.75, 12.9, 13.049999999999999, 13.2, 13.35, 13.5, 13.65, 13.799999999999999, 13.95, 14.1, 14.25, 14.399999999999999, 14.549999999999999, 14.7, 14.85, 15.0, 15.149999999999999",2007R_GLUT1_647_WGA_594_0002,2007,R,False,7.7900847191716345,False
"46964, 51016, 54110, 57962, 67192, 76717, 86058, 118005, 163598, 280747, 386415, 411896, 375278, 312508, 290917, 275940, 266053, 248395, 227708, 215399, 200310, 194545, 195062, 194826, 196499, 198209, 198654, 197976, 198486, 198090, 197598, 195766, 192300, 183194, 170283, 160184, 157360, 154054, 144478, 146819, 132318, 124445, 116909, 110001, 104975, 102130, 102410, 103964, 106741, 108501, 112204, 120178, 130580, 145536, 152123, 167534, 175463, 182139, 184244, 184263, 184035, 182798, 179326, 172655, 169134, 162119, 151241, 143570, 133861, 131758, 133882, 132432, 129672, 124555, 123069, 117993, 112440, 109319, 103117, 100321, 96756, 94964, 94956, 92558, 91342, 89248, 86670, 83801, 79873, 76940, 74997, 73028, 72194, 70564, 69728, 67407, 65951, 63777, 62463, 60472, 59198, 56997",92,WGA,"0.0, 0.15, 0.3, 0.44999999999999996, 0.6, 0.75, 0.8999999999999999, 1.05, 1.2, 1.3499999999999999, 1.5, 1.65, 1.7999999999999998, 1.95, 2.1, 2.25, 2.4, 2.55, 2.6999999999999997, 2.85, 3.0, 3.15, 3.3, 3.4499999999999997, 3.5999999999999996, 3.75, 3.9, 4.05, 4.2, 4.35, 4.5, 4.6499999999999995, 4.8, 4.95, 5.1, 5.25, 5.3999999999999995, 5.55, 5.7, 5.85, 6.0, 6.1499999999999995, 6.3, 6.45, 6.6, 6.75, 6.8999999999999995, 7.05, 7.199999999999999, 7.35, 7.5, 7.6499999999999995, 7.8, 7.949999999999999, 8.1, 8.25, 8.4, 8.549999999999999, 8.7, 8.85, 9.0, 9.15, 9.299999999999999, 9.45, 9.6, 9.75, 9.9, 10.049999999999999, 10.2, 10.35, 10.5, 10.65, 10.799999999999999, 10.95, 11.1, 11.25, 11.4, 11.549999999999999, 11.7, 11.85, 12.0, 12.15, 12.299999999999999, 12.45, 12.6, 12.75, 12.9, 13.049999999999999, 13.2, 13.35, 13.5, 13.65, 13.799999999999999, 13.95, 14.1, 14.25, 14.399999999999999, 14.549999999999999, 14.7, 14.85, 15.0, 15.149999999999999",2007R_GLUT1_647_WGA_594_0002,2007,R,False,7.7900847191716345,False
"4797, 5723, 6489, 7547, 9529, 11421, 13187, 19304, 27821, 46450, 62463, 67066, 66996, 61557, 59491, 57651, 56385, 54654, 51779, 50200, 47962, 45952, 44930, 43593, 43184, 42537, 42274, 42074, 42397, 42062, 42265, 43242, 43800, 43638, 41626, 40303, 39442, 39081, 37050, 37597, 34777, 33163, 31221, 29339, 27463, 26542, 25703, 25546, 25218, 25528, 25761, 26347, 27316, 28449, 28996, 29957, 29823, 30038, 29293, 29315, 28995, 28682, 27658, 26125, 25556, 24557, 22905, 21746, 20358, 20253, 20402, 20247, 19846, 19262, 18554, 18043, 17309, 16397, 15673, 15034, 14595, 14265, 14349, 14092, 13898, 13553, 13272, 12596, 12030, 11507, 11145, 10929, 10834, 10180, 10028, 9870, 9342, 9107, 8681, 8584, 8182, 7889",92,GluT1,"0.0, 0.15, 0.3, 0.44999999999999996, 0.6, 0.75, 0.8999999999999999, 1.05, 1.2, 1.3499999999999999, 1.5, 1.65, 1.7999999999999998, 1.95, 2.1, 2.25, 2.4, 2.55, 2.6999999999999997, 2.85, 3.0, 3.15, 3.3, 3.4499999999999997, 3.5999999999999996, 3.75, 3.9, 4.05, 4.2, 4.35, 4.5, 4.6499999999999995, 4.8, 4.95, 5.1, 5.25, 5.3999999999999995, 5.55, 5.7, 5.85, 6.0, 6.1499999999999995, 6.3, 6.45, 6.6, 6.75, 6.8999999999999995, 7.05, 7.199999999999999, 7.35, 7.5, 7.6499999999999995, 7.8, 7.949999999999999, 8.1, 8.25, 8.4, 8.549999999999999, 8.7, 8.85, 9.0, 9.15, 9.299999999999999, 9.45, 9.6, 9.75, 9.9, 10.049999999999999, 10.2, 10.35, 10.5, 10.65, 10.799999999999999, 10.95, 11.1, 11.25, 11.4, 11.549999999999999, 11.7, 11.85, 12.0, 12.15, 12.299999999999999, 12.45, 12.6, 12.75, 12.9, 13.049999999999999, 13.2, 13.35, 13.5, 13.65, 13.799999999999999, 13.95, 14.1, 14.25, 14.399999999999999, 14.549999999999999, 14.7, 14.85, 15.0, 15.149999999999999",2007R_GLUT1_647_WGA_594_0002,2007,R,False,7.7900847191716345,False
"60188, 62233, 63040, 64319, 67677, 69217, 70676, 76737, 81505, 90543, 97044, 102081, 110797, 122914, 129346, 133967, 139151, 145486, 161019, 171050, 191741, 211321, 229396, 242094, 250726, 264607, 272804, 276534, 287492, 289820, 307541, 326836, 335671, 347233, 347415, 345384, 346647, 343640, 339553, 340000, 327348, 318896, 300985, 283320, 253289, 224267, 194275, 181691, 166155, 158018, 146884, 130079, 115265, 102729, 99262, 92425, 90126, 86524, 87390, 87191, 85006, 84549, 84373, 83052, 82800, 82578, 81054, 80875, 80668, 80648, 79315, 80067, 79434, 80225, 78894, 78649, 78843, 79240, 78657, 78588, 77781, 78662, 78170, 78824, 77847, 77484, 76766, 77423, 77370, 76947, 77011, 77742, 77608, 76978, 76331, 77515, 77390, 76641, 76874, 76020, 77341, 76368",93,DAPI,"0.0, 0.15, 0.3, 0.44999999999999996, 0.6, 0.75, 0.8999999999999999, 1.05, 1.2, 1.3499999999999999, 1.5, 1.65, 1.7999999999999998, 1.95, 2.1, 2.25, 2.4, 2.55, 2.6999999999999997, 2.85, 3.0, 3.15, 3.3, 3.4499999999999997, 3.5999999999999996, 3.75, 3.9, 4.05, 4.2, 4.35, 4.5, 4.6499999999999995, 4.8, 4.95, 5.1, 5.25, 5.3999999999999995, 5.55, 5.7, 5.85, 6.0, 6.1499999999999995, 6.3, 6.45, 6.6, 6.75, 6.8999999999999995, 7.05, 7.199999999999999, 7.35, 7.5, 7.6499999999999995, 7.8, 7.949999999999999, 8.1, 8.25, 8.4, 8.549999999999999, 8.7, 8.85, 9.0, 9.15, 9.299999999999999, 9.45, 9.6, 9.75, 9.9, 10.049999999999999, 10.2, 10.35, 10.5, 10.65, 10.799999999999999, 10.95, 11.1, 11.25, 11.4, 11.549999999999999, 11.7, 11.85, 12.0, 12.15, 12.299999999999999, 12.45, 12.6, 12.75, 12.9, 13.049999999999999, 13.2, 13.35, 13.5, 13.65, 13.799999999999999, 13.95, 14.1, 14.25, 14.399999999999999, 14.549999999999999, 14.7, 14.85, 15.0, 15.149999999999999",2007R_GLUT1_647_WGA_594_0002,2007,R,False,4.216524216524217,False
"9121, 9312, 9529, 9567, 9890, 9951, 10020, 10528, 11478, 13181, 15325, 16811, 19420, 22656, 23628, 25180, 27027, 28502, 33061, 34580, 37864, 38326, 36689, 35110, 33809, 31389, 30381, 30250, 29220, 28702, 26081, 23494, 22253, 20581, 19240, 18511, 18208, 18466, 17945, 18189, 18212, 18223, 18446, 19089, 20634, 22255, 22568, 23074, 22266, 22656, 22343, 22845, 22756, 23321, 23254, 22747, 22842, 22680, 22551, 22620, 22303, 22335, 22685, 22934, 23083, 23472, 23831, 24205, 25443, 24959, 25041, 25011, 25217, 26459, 26535, 27401, 27353, 27095, 26492, 25668, 25218, 24751, 25085, 24471, 24394, 23352, 22581, 22238, 21754, 22499, 22192, 22972, 22772, 22984, 24115, 24574, 24710, 25431, 25007, 24824, 24235, 24112",93,eGFP,"0.0, 0.15, 0.3, 0.44999999999999996, 0.6, 0.75, 0.8999999999999999, 1.05, 1.2, 1.3499999999999999, 1.5, 1.65, 1.7999999999999998, 1.95, 2.1, 2.25, 2.4, 2.55, 2.6999999999999997, 2.85, 3.0, 3.15, 3.3, 3.4499999999999997, 3.5999999999999996, 3.75, 3.9, 4.05, 4.2, 4.35, 4.5, 4.6499999999999995, 4.8, 4.95, 5.1, 5.25, 5.3999999999999995, 5.55, 5.7, 5.85, 6.0, 6.1499999999999995, 6.3, 6.45, 6.6, 6.75, 6.8999999999999995, 7.05, 7.199999999999999, 7.35, 7.5, 7.6499999999999995, 7.8, 7.949999999999999, 8.1, 8.25, 8.4, 8.549999999999999, 8.7, 8.85, 9.0, 9.15, 9.299999999999999, 9.45, 9.6, 9.75, 9.9, 10.049999999999999, 10.2, 10.35, 10.5, 10.65, 10.799999999999999, 10.95, 11.1, 11.25, 11.4, 11.549999999999999, 11.7, 11.85, 12.0, 12.15, 12.299999999999999, 12.45, 12.6, 12.75, 12.9, 13.049999999999999, 13.2, 13.35, 13.5, 13.65, 13.799999999999999, 13.95, 14.1, 14.25, 14.399999999999999, 14.549999999999999, 14.7, 14.85, 15.0, 15.149999999999999",2007R_GLUT1_647_WGA_594_0002,2007,R,False,4.216524216524217,False
"22235, 23988, 25430, 27170, 31019, 35021, 39234, 54629, 79113, 150486, 212694, 219833, 180174, 138081, 125766, 118948, 114758, 108380, 101239, 97529, 90144, 80742, 72983, 68223, 64522, 60003, 57831, 56814, 54377, 53414, 50861, 46452, 44957, 42818, 41728, 42234, 42108, 42462, 42574, 42624, 43527, 44566, 46301, 48846, 53781, 60597, 68638, 71996, 76200, 78305, 81431, 85838, 89953, 93283, 93591, 90584, 86251, 80769, 77303, 76894, 75958, 74253, 71349, 68594, 67082, 64584, 61335, 58256, 54744, 53674, 54676, 53721, 52805, 50625, 50007, 47760, 46045, 44585, 42466, 41336, 40022, 39145, 39440, 38867, 38097, 37130, 36184, 35309, 33665, 33030, 32373, 31710, 31606, 31209, 30970, 30227, 29744, 29258, 28750, 28086, 27554, 26713",93,WGA,"0.0, 0.15, 0.3, 0.44999999999999996, 0.6, 0.75, 0.8999999999999999, 1.05, 1.2, 1.3499999999999999, 1.5, 1.65, 1.7999999999999998, 1.95, 2.1, 2.25, 2.4, 2.55, 2.6999999999999997, 2.85, 3.0, 3.15, 3.3, 3.4499999999999997, 3.5999999999999996, 3.75, 3.9, 4.05, 4.2, 4.35, 4.5, 4.6499999999999995, 4.8, 4.95, 5.1, 5.25, 5.3999999999999995, 5.55, 5.7, 5.85, 6.0, 6.1499999999999995, 6.3, 6.45, 6.6, 6.75, 6.8999999999999995, 7.05, 7.199999999999999, 7.35, 7.5, 7.6499999999999995, 7.8, 7.949999999999999, 8.1, 8.25, 8.4, 8.549999999999999, 8.7, 8.85, 9.0, 9.15, 9.299999999999999, 9.45, 9.6, 9.75, 9.9, 10.049999999999999, 10.2, 10.35, 10.5, 10.65, 10.799999999999999, 10.95, 11.1, 11.25, 11.4, 11.549999999999999, 11.7, 11.85, 12.0, 12.15, 12.299999999999999, 12.45, 12.6, 12.75, 12.9, 13.049999999999999, 13.2, 13.35, 13.5, 13.65, 13.799999999999999, 13.95, 14.1, 14.25, 14.399999999999999, 14.549999999999999, 14.7, 14.85, 15.0, 15.149999999999999",2007R_GLUT1_647_WGA_594_0002,2007,R,False,4.216524216524217,False
"2225, 2595, 3025, 3430, 4243, 5121, 6003, 9152, 13653, 25315, 34903, 36271, 33315, 28973, 27681, 26935, 26573, 25864, 25061, 24111, 22958, 21064, 19620, 18321, 17603, 16404, 15671, 15465, 14702, 14172, 13231, 12185, 11593, 11064, 10658, 10467, 10458, 10423, 10346, 10244, 10206, 10355, 10513, 10856, 11564, 12583, 13460, 13656, 14004, 14093, 14414, 14866, 15056, 15146, 15056, 14196, 13482, 12660, 12031, 12146, 11659, 11817, 11334, 10626, 10419, 10175, 9766, 9229, 8655, 8596, 8615, 8571, 8428, 8124, 7910, 7673, 7372, 6890, 6734, 6448, 6214, 6090, 6223, 5954, 5810, 5752, 5521, 5456, 5074, 4936, 4901, 4838, 4755, 4399, 4476, 4330, 4134, 4074, 3936, 3962, 3731, 3563",93,GluT1,"0.0, 0.15, 0.3, 0.44999999999999996, 0.6, 0.75, 0.8999999999999999, 1.05, 1.2, 1.3499999999999999, 1.5, 1.65, 1.7999999999999998, 1.95, 2.1, 2.25, 2.4, 2.55, 2.6999999999999997, 2.85, 3.0, 3.15, 3.3, 3.4499999999999997, 3.5999999999999996, 3.75, 3.9, 4.05, 4.2, 4.35, 4.5, 4.6499999999999995, 4.8, 4.95, 5.1, 5.25, 5.3999999999999995, 5.55, 5.7, 5.85, 6.0, 6.1499999999999995, 6.3, 6.45, 6.6, 6.75, 6.8999999999999995, 7.05, 7.199999999999999, 7.35, 7.5, 7.6499999999999995, 7.8, 7.949999999999999, 8.1, 8.25, 8.4, 8.549999999999999, 8.7, 8.85, 9.0, 9.15, 9.299999999999999, 9.45, 9.6, 9.75, 9.9, 10.049999999999999, 10.2, 10.35, 10.5, 10.65, 10.799999999999999, 10.95, 11.1, 11.25, 11.4, 11.549999999999999, 11.7, 11.85, 12.0, 12.15, 12.299999999999999, 12.45, 12.6, 12.75, 12.9, 13.049999999999999, 13.2, 13.35, 13.5, 13.65, 13.799999999999999, 13.95, 14.1, 14.25, 14.399999999999999, 14.549999999999999, 14.7, 14.85, 15.0, 15.149999999999999",2007R_GLUT1_647_WGA_594_0002,2007,R,False,4.216524216524217,False
"92913, 100169, 105860, 112463, 126328, 140106, 151683, 189329, 227797, 287670, 321952, 332915, 345713, 353316, 358398, 363808, 365011, 372235, 382348, 393161, 421006, 453546, 478029, 494782, 506775, 517270, 524249, 523452, 525717, 526914, 526519, 515279, 499567, 478264, 459581, 447427, 445022, 441979, 431847, 432463, 414557, 401511, 377150, 345761, 308813, 268103, 223958, 202954, 182634, 174465, 160358, 147156, 134099, 122691, 119209, 112596, 108308, 105901, 104953, 102631, 102406, 102433, 100139, 100082, 98087, 98858, 96831, 95162, 94556, 95159, 94877, 94665, 94701, 94012, 94201, 94078, 93288, 93182, 92075, 92632, 91829, 92418, 91129, 92504, 91556, 91408, 91080, 91716, 89943, 90951, 90871, 90492, 90388, 90605, 90039, 90219, 90451, 89338, 89811, 89469, 89193, 90164",94,DAPI,"0.0, 0.15, 0.3, 0.44999999999999996, 0.6, 0.75, 0.8999999999999999, 1.05, 1.2, 1.3499999999999999, 1.5, 1.65, 1.7999999999999998, 1.95, 2.1, 2.25, 2.4, 2.55, 2.6999999999999997, 2.85, 3.0, 3.15, 3.3, 3.4499999999999997, 3.5999999999999996, 3.75, 3.9, 4.05, 4.2, 4.35, 4.5, 4.6499999999999995, 4.8, 4.95, 5.1, 5.25, 5.3999999999999995, 5.55, 5.7, 5.85, 6.0, 6.1499999999999995, 6.3, 6.45, 6.6, 6.75, 6.8999999999999995, 7.05, 7.199999999999999, 7.35, 7.5, 7.6499999999999995, 7.8, 7.949999999999999, 8.1, 8.25, 8.4, 8.549999999999999, 8.7, 8.85, 9.0, 9.15, 9.299999999999999, 9.45, 9.6, 9.75, 9.9, 10.049999999999999, 10.2, 10.35, 10.5, 10.65, 10.799999999999999, 10.95, 11.1, 11.25, 11.4, 11.549999999999999, 11.7, 11.85, 12.0, 12.15, 12.299999999999999, 12.45, 12.6, 12.75, 12.9, 13.049999999999999, 13.2, 13.35, 13.5, 13.65, 13.799999999999999, 13.95, 14.1, 14.25, 14.399999999999999, 14.549999999999999, 14.7, 14.85, 15.0, 15.149999999999999",2007R_GLUT1_647_WGA_594_0002,2007,R,False,4.043113981497644,False
"10863, 11068, 11079, 11349, 11621, 11810, 12049, 12706, 14359, 18222, 22478, 24598, 25301, 24295, 23897, 23919, 23445, 23489, 23101, 22805, 23248, 23073, 23688, 24048, 23775, 23656, 23803, 24027, 23956, 23551, 23163, 23535, 23353, 23641, 23739, 23738, 24239, 24545, 24966, 24056, 25262, 25043, 26330, 27125, 29455, 32696, 35183, 36663, 38086, 39707, 41611, 44769, 48662, 46950, 44582, 37274, 31696, 26643, 24511, 24133, 23702, 23004, 22169, 21630, 21594, 20844, 20749, 20512, 20070, 20302, 20001, 20053, 20033, 19937, 19994, 19730, 19847, 19297, 19128, 19145, 19566, 19131, 19154, 19288, 19513, 19355, 19363, 19306, 19358, 19206, 19065, 19223, 18965, 19014, 19078, 19260, 19185, 19003, 19078, 19110, 19402, 19789",94,eGFP,"0.0, 0.15, 0.3, 0.44999999999999996, 0.6, 0.75, 0.8999999999999999, 1.05, 1.2, 1.3499999999999999, 1.5, 1.65, 1.7999999999999998, 1.95, 2.1, 2.25, 2.4, 2.55, 2.6999999999999997, 2.85, 3.0, 3.15, 3.3, 3.4499999999999997, 3.5999999999999996, 3.75, 3.9, 4.05, 4.2, 4.35, 4.5, 4.6499999999999995, 4.8, 4.95, 5.1, 5.25, 5.3999999999999995, 5.55, 5.7, 5.85, 6.0, 6.1499999999999995, 6.3, 6.45, 6.6, 6.75, 6.8999999999999995, 7.05, 7.199999999999999, 7.35, 7.5, 7.6499999999999995, 7.8, 7.949999999999999, 8.1, 8.25, 8.4, 8.549999999999999, 8.7, 8.85, 9.0, 9.15, 9.299999999999999, 9.45, 9.6, 9.75, 9.9, 10.049999999999999, 10.2, 10.35, 10.5, 10.65, 10.799999999999999, 10.95, 11.1, 11.25, 11.4, 11.549999999999999, 11.7, 11.85, 12.0, 12.15, 12.299999999999999, 12.45, 12.6, 12.75, 12.9, 13.049999999999999, 13.2, 13.35, 13.5, 13.65, 13.799999999999999, 13.95, 14.1, 14.25, 14.399999999999999, 14.549999999999999, 14.7, 14.85, 15.0, 15.149999999999999",2007R_GLUT1_647_WGA_594_0002,2007,R,False,4.043113981497644,False
"30297, 33222, 35295, 37986, 43223, 48513, 53496, 71959, 97819, 167446, 266469, 316423, 359716, 354326, 345387, 334317, 330976, 312517, 290240, 270186, 236739, 206239, 183001, 168099, 157104, 144430, 138188, 135736, 130583, 128993, 123980, 119084, 117915, 117699, 119057, 120933, 120999, 121598, 121906, 121534, 121911, 122200, 122127, 122900, 124335, 126235, 128201, 128232, 128309, 128392, 127973, 126522, 122283, 116441, 114145, 110057, 109454, 109737, 110934, 110749, 111576, 111511, 110168, 107815, 105539, 102390, 95653, 90422, 83815, 82465, 83472, 82245, 80424, 76386, 75183, 70498, 65663, 63211, 58302, 56586, 54355, 52841, 52927, 51722, 50811, 49430, 47610, 46408, 43951, 42571, 41396, 40409, 39898, 38750, 38820, 37575, 36817, 35865, 35081, 34039, 33469, 32374",94,WGA,"0.0, 0.15, 0.3, 0.44999999999999996, 0.6, 0.75, 0.8999999999999999, 1.05, 1.2, 1.3499999999999999, 1.5, 1.65, 1.7999999999999998, 1.95, 2.1, 2.25, 2.4, 2.55, 2.6999999999999997, 2.85, 3.0, 3.15, 3.3, 3.4499999999999997, 3.5999999999999996, 3.75, 3.9, 4.05, 4.2, 4.35, 4.5, 4.6499999999999995, 4.8, 4.95, 5.1, 5.25, 5.3999999999999995, 5.55, 5.7, 5.85, 6.0, 6.1499999999999995, 6.3, 6.45, 6.6, 6.75, 6.8999999999999995, 7.05, 7.199999999999999, 7.35, 7.5, 7.6499999999999995, 7.8, 7.949999999999999, 8.1, 8.25, 8.4, 8.549999999999999, 8.7, 8.85, 9.0, 9.15, 9.299999999999999, 9.45, 9.6, 9.75, 9.9, 10.049999999999999, 10.2, 10.35, 10.5, 10.65, 10.799999999999999, 10.95, 11.1, 11.25, 11.4, 11.549999999999999, 11.7, 11.85, 12.0, 12.15, 12.299999999999999, 12.45, 12.6, 12.75, 12.9, 13.049999999999999, 13.2, 13.35, 13.5, 13.65, 13.799999999999999, 13.95, 14.1, 14.25, 14.399999999999999, 14.549999999999999, 14.7, 14.85, 15.0, 15.149999999999999",2007R_GLUT1_647_WGA_594_0002,2007,R,False,4.043113981497644,False
"6401, 7782, 9038, 10638, 14022, 17089, 20157, 30409, 44285, 76723, 111835, 129049, 141148, 132870, 125680, 118061, 114371, 104580, 86388, 75256, 56926, 44239, 35913, 31730, 29147, 25658, 24204, 23894, 22645, 22236, 20652, 19145, 18751, 18262, 18188, 18176, 18133, 18016, 17853, 18036, 17586, 17826, 18129, 18428, 19006, 19289, 19644, 19959, 19892, 20078, 19964, 20223, 20205, 19647, 19151, 18636, 18334, 17780, 17435, 17392, 17055, 17176, 16268, 15860, 15469, 14538, 13604, 12651, 11731, 11439, 11648, 11553, 11171, 10661, 10413, 9894, 9339, 8826, 8637, 8172, 7747, 7549, 7554, 7323, 7162, 6916, 6734, 6344, 6261, 5828, 5768, 5537, 5612, 5384, 5239, 5172, 4802, 4629, 4410, 4363, 4151, 3968",94,GluT1,"0.0, 0.15, 0.3, 0.44999999999999996, 0.6, 0.75, 0.8999999999999999, 1.05, 1.2, 1.3499999999999999, 1.5, 1.65, 1.7999999999999998, 1.95, 2.1, 2.25, 2.4, 2.55, 2.6999999999999997, 2.85, 3.0, 3.15, 3.3, 3.4499999999999997, 3.5999999999999996, 3.75, 3.9, 4.05, 4.2, 4.35, 4.5, 4.6499999999999995, 4.8, 4.95, 5.1, 5.25, 5.3999999999999995, 5.55, 5.7, 5.85, 6.0, 6.1499999999999995, 6.3, 6.45, 6.6, 6.75, 6.8999999999999995, 7.05, 7.199999999999999, 7.35, 7.5, 7.6499999999999995, 7.8, 7.949999999999999, 8.1, 8.25, 8.4, 8.549999999999999, 8.7, 8.85, 9.0, 9.15, 9.299999999999999, 9.45, 9.6, 9.75, 9.9, 10.049999999999999, 10.2, 10.35, 10.5, 10.65, 10.799999999999999, 10.95, 11.1, 11.25, 11.4, 11.549999999999999, 11.7, 11.85, 12.0, 12.15, 12.299999999999999, 12.45, 12.6, 12.75, 12.9, 13.049999999999999, 13.2, 13.35, 13.5, 13.65, 13.799999999999999, 13.95, 14.1, 14.25, 14.399999999999999, 14.549999999999999, 14.7, 14.85, 15.0, 15.149999999999999",2007R_GLUT1_647_WGA_594_0002,2007,R,False,4.043113981497644,False
"93848, 96106, 98357, 100338, 105250, 110138, 115283, 132615, 147173, 158409, 155636, 150323, 144856, 142918, 144382, 141119, 142485, 144022, 143327, 144362, 148255, 152529, 160448, 168119, 175486, 190779, 206907, 209120, 222269, 230768, 254473, 286209, 302425, 320967, 338093, 349131, 351683, 357506, 370979, 367783, 392949, 404984, 419085, 425952, 413379, 389157, 345580, 326256, 303099, 289594, 269051, 244637, 211885, 182955, 171496, 153359, 146107, 140176, 137695, 137070, 135283, 133802, 131861, 131371, 130387, 128639, 128614, 126376, 125558, 125792, 126446, 124946, 125648, 124342, 125259, 122746, 123312, 123412, 121782, 121986, 121413, 120942, 121669, 121490, 121513, 121100, 119702, 119728, 119212, 119491, 119334, 119607, 118358, 118994, 119091, 118081, 119528, 118055, 118467, 117737, 118720, 117265",95,DAPI,"0.0, 0.15, 0.3, 0.44999999999999996, 0.6, 0.75, 0.8999999999999999, 1.05, 1.2, 1.3499999999999999, 1.5, 1.65, 1.7999999999999998, 1.95, 2.1, 2.25, 2.4, 2.55, 2.6999999999999997, 2.85, 3.0, 3.15, 3.3, 3.4499999999999997, 3.5999999999999996, 3.75, 3.9, 4.05, 4.2, 4.35, 4.5, 4.6499999999999995, 4.8, 4.95, 5.1, 5.25, 5.3999999999999995, 5.55, 5.7, 5.85, 6.0, 6.1499999999999995, 6.3, 6.45, 6.6, 6.75, 6.8999999999999995, 7.05, 7.199999999999999, 7.35, 7.5, 7.6499999999999995, 7.8, 7.949999999999999, 8.1, 8.25, 8.4, 8.549999999999999, 8.7, 8.85, 9.0, 9.15, 9.299999999999999, 9.45, 9.6, 9.75, 9.9, 10.049999999999999, 10.2, 10.35, 10.5, 10.65, 10.799999999999999, 10.95, 11.1, 11.25, 11.4, 11.549999999999999, 11.7, 11.85, 12.0, 12.15, 12.299999999999999, 12.45, 12.6, 12.75, 12.9, 13.049999999999999, 13.2, 13.35, 13.5, 13.65, 13.799999999999999, 13.95, 14.1, 14.25, 14.399999999999999, 14.549999999999999, 14.7, 14.85, 15.0, 15.149999999999999",2007R_GLUT1_647_WGA_594_0002,2007,R,False,8.941701534170154,False
"14018, 14216, 14436, 14548, 14815, 15165, 15246, 15965, 17746, 20065, 23307, 25098, 27593, 29767, 30192, 31342, 32086, 33909, 37061, 39730, 44706, 50478, 55493, 57905, 60313, 64150, 66501, 67691, 69275, 70076, 71672, 70245, 69154, 68417, 69108, 68440, 68439, 69162, 68345, 67950, 67535, 66032, 65868, 64112, 62717, 62127, 61360, 60049, 60385, 60050, 59270, 57916, 55981, 52828, 50388, 44271, 39845, 34190, 31830, 31697, 30257, 29708, 29034, 28054, 27674, 27624, 26902, 26387, 26270, 25879, 26008, 26094, 25898, 26332, 26104, 25823, 25938, 26363, 26381, 26349, 26457, 26292, 26277, 26014, 25980, 25542, 25258, 25007, 25208, 24723, 24840, 24907, 24639, 24762, 24850, 24674, 24994, 24996, 24973, 25412, 26072, 26632",95,eGFP,"0.0, 0.15, 0.3, 0.44999999999999996, 0.6, 0.75, 0.8999999999999999, 1.05, 1.2, 1.3499999999999999, 1.5, 1.65, 1.7999999999999998, 1.95, 2.1, 2.25, 2.4, 2.55, 2.6999999999999997, 2.85, 3.0, 3.15, 3.3, 3.4499999999999997, 3.5999999999999996, 3.75, 3.9, 4.05, 4.2, 4.35, 4.5, 4.6499999999999995, 4.8, 4.95, 5.1, 5.25, 5.3999999999999995, 5.55, 5.7, 5.85, 6.0, 6.1499999999999995, 6.3, 6.45, 6.6, 6.75, 6.8999999999999995, 7.05, 7.199999999999999, 7.35, 7.5, 7.6499999999999995, 7.8, 7.949999999999999, 8.1, 8.25, 8.4, 8.549999999999999, 8.7, 8.85, 9.0, 9.15, 9.299999999999999, 9.45, 9.6, 9.75, 9.9, 10.049999999999999, 10.2, 10.35, 10.5, 10.65, 10.799999999999999, 10.95, 11.1, 11.25, 11.4, 11.549999999999999, 11.7, 11.85, 12.0, 12.15, 12.299999999999999, 12.45, 12.6, 12.75, 12.9, 13.049999999999999, 13.2, 13.35, 13.5, 13.65, 13.799999999999999, 13.95, 14.1, 14.25, 14.399999999999999, 14.549999999999999, 14.7, 14.85, 15.0, 15.149999999999999",2007R_GLUT1_647_WGA_594_0002,2007,R,False,8.941701534170154,False
"34511, 37028, 39161, 41643, 47168, 52036, 57253, 78683, 110011, 201500, 307159, 328607, 291121, 230918, 211984, 198454, 193561, 182885, 175424, 171086, 164011, 157463, 152527, 150272, 149600, 147277, 147798, 147075, 145153, 143356, 136339, 118749, 106533, 89802, 77516, 72459, 70815, 69875, 66209, 67282, 64056, 64013, 65040, 66597, 69561, 71888, 75866, 77955, 81108, 82029, 84608, 87538, 92735, 100187, 103780, 115236, 123109, 127470, 126019, 126040, 123504, 121875, 117199, 110703, 108457, 103129, 95665, 89939, 84318, 83233, 84823, 83326, 82038, 79441, 78022, 74965, 71126, 69419, 65584, 63724, 62257, 60600, 60890, 59984, 59643, 58044, 56492, 54624, 52473, 50356, 49357, 47854, 47416, 46826, 46256, 45264, 44440, 43557, 42950, 42041, 41193, 40546",95,WGA,"0.0, 0.15, 0.3, 0.44999999999999996, 0.6, 0.75, 0.8999999999999999, 1.05, 1.2, 1.3499999999999999, 1.5, 1.65, 1.7999999999999998, 1.95, 2.1, 2.25, 2.4, 2.55, 2.6999999999999997, 2.85, 3.0, 3.15, 3.3, 3.4499999999999997, 3.5999999999999996, 3.75, 3.9, 4.05, 4.2, 4.35, 4.5, 4.6499999999999995, 4.8, 4.95, 5.1, 5.25, 5.3999999999999995, 5.55, 5.7, 5.85, 6.0, 6.1499999999999995, 6.3, 6.45, 6.6, 6.75, 6.8999999999999995, 7.05, 7.199999999999999, 7.35, 7.5, 7.6499999999999995, 7.8, 7.949999999999999, 8.1, 8.25, 8.4, 8.549999999999999, 8.7, 8.85, 9.0, 9.15, 9.299999999999999, 9.45, 9.6, 9.75, 9.9, 10.049999999999999, 10.2, 10.35, 10.5, 10.65, 10.799999999999999, 10.95, 11.1, 11.25, 11.4, 11.549999999999999, 11.7, 11.85, 12.0, 12.15, 12.299999999999999, 12.45, 12.6, 12.75, 12.9, 13.049999999999999, 13.2, 13.35, 13.5, 13.65, 13.799999999999999, 13.95, 14.1, 14.25, 14.399999999999999, 14.549999999999999, 14.7, 14.85, 15.0, 15.149999999999999",2007R_GLUT1_647_WGA_594_0002,2007,R,False,8.941701534170154,False
"4158, 4868, 5501, 6263, 7833, 9165, 10472, 15428, 22685, 40452, 58490, 62496, 60659, 56064, 54752, 53992, 53956, 53661, 53331, 53543, 52275, 48916, 46227, 43923, 42068, 40772, 39849, 39638, 39044, 38190, 36237, 32036, 29346, 24771, 21370, 19997, 19443, 19272, 17926, 18067, 16645, 16430, 15917, 15516, 15728, 16227, 16612, 17100, 17494, 17586, 18002, 18604, 19553, 20322, 20571, 21300, 21336, 20494, 19548, 19319, 18764, 18677, 17603, 16597, 16231, 15504, 14376, 13471, 12732, 12833, 12984, 12733, 12555, 12108, 11732, 11482, 10707, 10437, 9960, 9494, 9220, 9021, 9095, 8973, 8840, 8539, 8349, 7924, 7677, 7337, 7072, 6948, 6815, 6506, 6570, 6468, 6054, 5911, 5789, 5737, 5474, 5328",95,GluT1,"0.0, 0.15, 0.3, 0.44999999999999996, 0.6, 0.75, 0.8999999999999999, 1.05, 1.2, 1.3499999999999999, 1.5, 1.65, 1.7999999999999998, 1.95, 2.1, 2.25, 2.4, 2.55, 2.6999999999999997, 2.85, 3.0, 3.15, 3.3, 3.4499999999999997, 3.5999999999999996, 3.75, 3.9, 4.05, 4.2, 4.35, 4.5, 4.6499999999999995, 4.8, 4.95, 5.1, 5.25, 5.3999999999999995, 5.55, 5.7, 5.85, 6.0, 6.1499999999999995, 6.3, 6.45, 6.6, 6.75, 6.8999999999999995, 7.05, 7.199999999999999, 7.35, 7.5, 7.6499999999999995, 7.8, 7.949999999999999, 8.1, 8.25, 8.4, 8.549999999999999, 8.7, 8.85, 9.0, 9.15, 9.299999999999999, 9.45, 9.6, 9.75, 9.9, 10.049999999999999, 10.2, 10.35, 10.5, 10.65, 10.799999999999999, 10.95, 11.1, 11.25, 11.4, 11.549999999999999, 11.7, 11.85, 12.0, 12.15, 12.299999999999999, 12.45, 12.6, 12.75, 12.9, 13.049999999999999, 13.2, 13.35, 13.5, 13.65, 13.799999999999999, 13.95, 14.1, 14.25, 14.399999999999999, 14.549999999999999, 14.7, 14.85, 15.0, 15.149999999999999",2007R_GLUT1_647_WGA_594_0002,2007,R,False,8.941701534170154,False
"63784, 65176, 66622, 67851, 70491, 72314, 75319, 79952, 85226, 94028, 101999, 104821, 115617, 125377, 131051, 135917, 138282, 145954, 159738, 169568, 194679, 220894, 240563, 256778, 265655, 278013, 283669, 285593, 289458, 291883, 296481, 302530, 305868, 314866, 328022, 334535, 337637, 337969, 347468, 344067, 348564, 346537, 333432, 314521, 283525, 244171, 201259, 181649, 161656, 152640, 139244, 125835, 114734, 105534, 102307, 98375, 95422, 92748, 90962, 91060, 90488, 89811, 88841, 87859, 88186, 87647, 86823, 86318, 85054, 84443, 85331, 85545, 83542, 84370, 84640, 83573, 84176, 83741, 83989, 83318, 83507, 83173, 83444, 83820, 83031, 82935, 82090, 82169, 82252, 82398, 82886, 82242, 81633, 81987, 81532, 82114, 81758, 81906, 81250, 81025, 81250, 80936",96,DAPI,"0.0, 0.15, 0.3, 0.44999999999999996, 0.6, 0.75, 0.8999999999999999, 1.05, 1.2, 1.3499999999999999, 1.5, 1.65, 1.7999999999999998, 1.95, 2.1, 2.25, 2.4, 2.55, 2.6999999999999997, 2.85, 3.0, 3.15, 3.3, 3.4499999999999997, 3.5999999999999996, 3.75, 3.9, 4.05, 4.2, 4.35, 4.5, 4.6499999999999995, 4.8, 4.95, 5.1, 5.25, 5.3999999999999995, 5.55, 5.7, 5.85, 6.0, 6.1499999999999995, 6.3, 6.45, 6.6, 6.75, 6.8999999999999995, 7.05, 7.199999999999999, 7.35, 7.5, 7.6499999999999995, 7.8, 7.949999999999999, 8.1, 8.25, 8.4, 8.549999999999999, 8.7, 8.85, 9.0, 9.15, 9.299999999999999, 9.45, 9.6, 9.75, 9.9, 10.049999999999999, 10.2, 10.35, 10.5, 10.65, 10.799999999999999, 10.95, 11.1, 11.25, 11.4, 11.549999999999999, 11.7, 11.85, 12.0, 12.15, 12.299999999999999, 12.45, 12.6, 12.75, 12.9, 13.049999999999999, 13.2, 13.35, 13.5, 13.65, 13.799999999999999, 13.95, 14.1, 14.25, 14.399999999999999, 14.549999999999999, 14.7, 14.85, 15.0, 15.149999999999999",2007R_GLUT1_647_WGA_594_0002,2007,R,False,3.7303600654664484,False
"9168, 9320, 9495, 9595, 9685, 9990, 9887, 10679, 11819, 13508, 16486, 18681, 23291, 27650, 28837, 30118, 30767, 30928, 30909, 29804, 26555, 23662, 22130, 21602, 21036, 20574, 21003, 21201, 20978, 21315, 20929, 20673, 19990, 19569, 19564, 19421, 19338, 19520, 19060, 19206, 18234, 17950, 17366, 17527, 17883, 17944, 17766, 17942, 17621, 17607, 17669, 17853, 17675, 17562, 17302, 17201, 17449, 17509, 16724, 17269, 16820, 16783, 16556, 16710, 16751, 16769, 16688, 16660, 16778, 16803, 16825, 16850, 16724, 16650, 16586, 16652, 16508, 16371, 16810, 16546, 16463, 16663, 16700, 16658, 16862, 16687, 16699, 16797, 16863, 16550, 16883, 17011, 16839, 16613, 16719, 17190, 17344, 17790, 18532, 19609, 21279, 23641",96,eGFP,"0.0, 0.15, 0.3, 0.44999999999999996, 0.6, 0.75, 0.8999999999999999, 1.05, 1.2, 1.3499999999999999, 1.5, 1.65, 1.7999999999999998, 1.95, 2.1, 2.25, 2.4, 2.55, 2.6999999999999997, 2.85, 3.0, 3.15, 3.3, 3.4499999999999997, 3.5999999999999996, 3.75, 3.9, 4.05, 4.2, 4.35, 4.5, 4.6499999999999995, 4.8, 4.95, 5.1, 5.25, 5.3999999999999995, 5.55, 5.7, 5.85, 6.0, 6.1499999999999995, 6.3, 6.45, 6.6, 6.75, 6.8999999999999995, 7.05, 7.199999999999999, 7.35, 7.5, 7.6499999999999995, 7.8, 7.949999999999999, 8.1, 8.25, 8.4, 8.549999999999999, 8.7, 8.85, 9.0, 9.15, 9.299999999999999, 9.45, 9.6, 9.75, 9.9, 10.049999999999999, 10.2, 10.35, 10.5, 10.65, 10.799999999999999, 10.95, 11.1, 11.25, 11.4, 11.549999999999999, 11.7, 11.85, 12.0, 12.15, 12.299999999999999, 12.45, 12.6, 12.75, 12.9, 13.049999999999999, 13.2, 13.35, 13.5, 13.65, 13.799999999999999, 13.95, 14.1, 14.25, 14.399999999999999, 14.549999999999999, 14.7, 14.85, 15.0, 15.149999999999999",2007R_GLUT1_647_WGA_594_0002,2007,R,False,3.7303600654664484,False
"23740, 25677, 27111, 28883, 32854, 37211, 40983, 57451, 79616, 139101, 196994, 206218, 180904, 150218, 140798, 135912, 132983, 128531, 124481, 122589, 116033, 108802, 103617, 100072, 97717, 95130, 93930, 92918, 91325, 90844, 87720, 83030, 80369, 75741, 70698, 67657, 66698, 66286, 63173, 63594, 60487, 60383, 61509, 65013, 70498, 78544, 86770, 90549, 95475, 98165, 101766, 108062, 113957, 116372, 115873, 111798, 105968, 99794, 96587, 95983, 93766, 91925, 88227, 84161, 81915, 78912, 73826, 69752, 65417, 64918, 66020, 64970, 63496, 61095, 60470, 57362, 54114, 52581, 49803, 48230, 46875, 45981, 46088, 45225, 44727, 43356, 42236, 41263, 39001, 37611, 36729, 35456, 35146, 34537, 34236, 33047, 32515, 31754, 30992, 30348, 29807, 28816",96,WGA,"0.0, 0.15, 0.3, 0.44999999999999996, 0.6, 0.75, 0.8999999999999999, 1.05, 1.2, 1.3499999999999999, 1.5, 1.65, 1.7999999999999998, 1.95, 2.1, 2.25, 2.4, 2.55, 2.6999999999999997, 2.85, 3.0, 3.15, 3.3, 3.4499999999999997, 3.5999999999999996, 3.75, 3.9, 4.05, 4.2, 4.35, 4.5, 4.6499999999999995, 4.8, 4.95, 5.1, 5.25, 5.3999999999999995, 5.55, 5.7, 5.85, 6.0, 6.1499999999999995, 6.3, 6.45, 6.6, 6.75, 6.8999999999999995, 7.05, 7.199999999999999, 7.35, 7.5, 7.6499999999999995, 7.8, 7.949999999999999, 8.1, 8.25, 8.4, 8.549999999999999, 8.7, 8.85, 9.0, 9.15, 9.299999999999999, 9.45, 9.6, 9.75, 9.9, 10.049999999999999, 10.2, 10.35, 10.5, 10.65, 10.799999999999999, 10.95, 11.1, 11.25, 11.4, 11.549999999999999, 11.7, 11.85, 12.0, 12.15, 12.299999999999999, 12.45, 12.6, 12.75, 12.9, 13.049999999999999, 13.2, 13.35, 13.5, 13.65, 13.799999999999999, 13.95, 14.1, 14.25, 14.399999999999999, 14.549999999999999, 14.7, 14.85, 15.0, 15.149999999999999",2007R_GLUT1_647_WGA_594_0002,2007,R,False,3.7303600654664484,False
"2567, 3011, 3394, 3939, 4889, 5978, 6869, 10426, 15143, 26148, 36344, 39059, 37775, 34619, 33372, 32686, 32223, 31154, 30081, 29259, 27135, 25399, 24159, 22659, 22526, 21270, 21112, 20650, 20536, 20339, 19477, 18749, 18718, 18196, 17965, 17734, 17708, 17435, 17132, 16872, 16607, 16513, 16482, 16730, 17367, 17809, 18872, 19083, 19426, 19483, 19781, 19979, 19790, 19208, 18677, 17473, 16224, 15169, 14395, 14452, 14198, 14087, 13424, 12711, 12342, 11901, 11242, 10586, 9915, 9960, 9959, 9749, 9738, 9373, 9197, 8704, 8173, 8023, 7694, 7618, 7116, 7053, 7076, 6971, 6922, 6660, 6405, 6239, 5955, 5616, 5401, 5321, 5206, 4999, 4973, 4753, 4585, 4458, 4375, 4278, 4084, 3965",96,GluT1,"0.0, 0.15, 0.3, 0.44999999999999996, 0.6, 0.75, 0.8999999999999999, 1.05, 1.2, 1.3499999999999999, 1.5, 1.65, 1.7999999999999998, 1.95, 2.1, 2.25, 2.4, 2.55, 2.6999999999999997, 2.85, 3.0, 3.15, 3.3, 3.4499999999999997, 3.5999999999999996, 3.75, 3.9, 4.05, 4.2, 4.35, 4.5, 4.6499999999999995, 4.8, 4.95, 5.1, 5.25, 5.3999999999999995, 5.55, 5.7, 5.85, 6.0, 6.1499999999999995, 6.3, 6.45, 6.6, 6.75, 6.8999999999999995, 7.05, 7.199999999999999, 7.35, 7.5, 7.6499999999999995, 7.8, 7.949999999999999, 8.1, 8.25, 8.4, 8.549999999999999, 8.7, 8.85, 9.0, 9.15, 9.299999999999999, 9.45, 9.6, 9.75, 9.9, 10.049999999999999, 10.2, 10.35, 10.5, 10.65, 10.799999999999999, 10.95, 11.1, 11.25, 11.4, 11.549999999999999, 11.7, 11.85, 12.0, 12.15, 12.299999999999999, 12.45, 12.6, 12.75, 12.9, 13.049999999999999, 13.2, 13.35, 13.5, 13.65, 13.799999999999999, 13.95, 14.1, 14.25, 14.399999999999999, 14.549999999999999, 14.7, 14.85, 15.0, 15.149999999999999",2007R_GLUT1_647_WGA_594_0002,2007,R,False,3.7303600654664484,False
"74120, 74876, 76352, 76233, 79576, 80645, 82687, 86691, 93227, 99736, 104706, 106867, 107967, 109058, 109786, 110298, 109987, 110480, 110712, 111573, 114097, 115701, 120675, 122576, 126614, 133417, 138296, 139150, 145703, 148631, 159990, 180942, 195045, 218045, 247057, 266464, 272358, 276957, 301310, 294659, 339262, 364561, 399366, 426935, 444527, 446944, 429081, 414702, 389224, 374178, 346512, 298336, 238930, 182832, 167683, 144807, 131080, 123123, 119422, 118171, 116299, 114782, 114088, 111243, 110064, 109185, 107146, 106278, 105802, 104649, 105628, 105448, 104134, 103857, 103637, 102634, 102307, 101480, 101659, 100971, 101464, 100216, 100605, 100839, 99380, 100534, 99359, 98238, 97854, 99548, 99514, 99158, 100198, 97938, 97701, 99119, 99329, 97866, 98696, 97424, 97792, 97547",97,DAPI,"0.0, 0.15, 0.3, 0.44999999999999996, 0.6, 0.75, 0.8999999999999999, 1.05, 1.2, 1.3499999999999999, 1.5, 1.65, 1.7999999999999998, 1.95, 2.1, 2.25, 2.4, 2.55, 2.6999999999999997, 2.85, 3.0, 3.15, 3.3, 3.4499999999999997, 3.5999999999999996, 3.75, 3.9, 4.05, 4.2, 4.35, 4.5, 4.6499999999999995, 4.8, 4.95, 5.1, 5.25, 5.3999999999999995, 5.55, 5.7, 5.85, 6.0, 6.1499999999999995, 6.3, 6.45, 6.6, 6.75, 6.8999999999999995, 7.05, 7.199999999999999, 7.35, 7.5, 7.6499999999999995, 7.8, 7.949999999999999, 8.1, 8.25, 8.4, 8.549999999999999, 8.7, 8.85, 9.0, 9.15, 9.299999999999999, 9.45, 9.6, 9.75, 9.9, 10.049999999999999, 10.2, 10.35, 10.5, 10.65, 10.799999999999999, 10.95, 11.1, 11.25, 11.4, 11.549999999999999, 11.7, 11.85, 12.0, 12.15, 12.299999999999999, 12.45, 12.6, 12.75, 12.9, 13.049999999999999, 13.2, 13.35, 13.5, 13.65, 13.799999999999999, 13.95, 14.1, 14.25, 14.399999999999999, 14.549999999999999, 14.7, 14.85, 15.0, 15.149999999999999",2007R_GLUT1_647_WGA_594_0002,2007,R,False,4.68645227505987,False
"11559, 11521, 11900, 11994, 12305, 12558, 12539, 13429, 14661, 16464, 19503, 21480, 23702, 26161, 27382, 28755, 28978, 31953, 36185, 41010, 51217, 60672, 64363, 64230, 64028, 64595, 63566, 64179, 65034, 65627, 67484, 63424, 59035, 50021, 44472, 43310, 43185, 42579, 41227, 42168, 40531, 39694, 38288, 35443, 31267, 27397, 23253, 22499, 21116, 21072, 20849, 20668, 21282, 22511, 23049, 23292, 22987, 22535, 21675, 21976, 20965, 21215, 20697, 20957, 20954, 20976, 20992, 21051, 20937, 20998, 20696, 20895, 20695, 20792, 20314, 20535, 20313, 20572, 20875, 20713, 21010, 20789, 21048, 21048, 21021, 21027, 21064, 21189, 21196, 21289, 21263, 22083, 21576, 22416, 22445, 23518, 24681, 25464, 26690, 27888, 28854, 29022",97,eGFP,"0.0, 0.15, 0.3, 0.44999999999999996, 0.6, 0.75, 0.8999999999999999, 1.05, 1.2, 1.3499999999999999, 1.5, 1.65, 1.7999999999999998, 1.95, 2.1, 2.25, 2.4, 2.55, 2.6999999999999997, 2.85, 3.0, 3.15, 3.3, 3.4499999999999997, 3.5999999999999996, 3.75, 3.9, 4.05, 4.2, 4.35, 4.5, 4.6499999999999995, 4.8, 4.95, 5.1, 5.25, 5.3999999999999995, 5.55, 5.7, 5.85, 6.0, 6.1499999999999995, 6.3, 6.45, 6.6, 6.75, 6.8999999999999995, 7.05, 7.199999999999999, 7.35, 7.5, 7.6499999999999995, 7.8, 7.949999999999999, 8.1, 8.25, 8.4, 8.549999999999999, 8.7, 8.85, 9.0, 9.15, 9.299999999999999, 9.45, 9.6, 9.75, 9.9, 10.049999999999999, 10.2, 10.35, 10.5, 10.65, 10.799999999999999, 10.95, 11.1, 11.25, 11.4, 11.549999999999999, 11.7, 11.85, 12.0, 12.15, 12.299999999999999, 12.45, 12.6, 12.75, 12.9, 13.049999999999999, 13.2, 13.35, 13.5, 13.65, 13.799999999999999, 13.95, 14.1, 14.25, 14.399999999999999, 14.549999999999999, 14.7, 14.85, 15.0, 15.149999999999999",2007R_GLUT1_647_WGA_594_0002,2007,R,False,4.68645227505987,False
"28842, 30823, 32847, 34679, 40264, 45006, 49478, 70161, 100988, 189260, 276010, 285208, 230324, 173870, 160127, 150993, 149233, 142332, 139381, 138886, 137795, 134670, 129299, 125754, 122278, 117143, 115052, 114671, 112891, 112166, 109826, 106210, 102154, 95445, 88689, 85991, 85534, 85080, 81782, 82690, 77635, 74385, 68979, 63311, 59249, 55506, 54086, 54503, 57150, 58465, 62248, 68787, 80203, 94701, 99718, 109760, 112365, 109433, 106010, 105845, 103587, 100809, 96919, 91987, 90698, 86761, 81724, 76897, 72243, 71328, 72479, 71123, 69886, 67212, 66094, 62806, 60243, 58111, 55112, 53534, 51878, 51093, 51305, 50176, 50122, 48405, 46996, 46042, 44143, 42831, 42042, 41441, 40736, 40300, 40067, 39055, 38232, 36932, 36385, 35432, 34869, 33794",97,WGA,"0.0, 0.15, 0.3, 0.44999999999999996, 0.6, 0.75, 0.8999999999999999, 1.05, 1.2, 1.3499999999999999, 1.5, 1.65, 1.7999999999999998, 1.95, 2.1, 2.25, 2.4, 2.55, 2.6999999999999997, 2.85, 3.0, 3.15, 3.3, 3.4499999999999997, 3.5999999999999996, 3.75, 3.9, 4.05, 4.2, 4.35, 4.5, 4.6499999999999995, 4.8, 4.95, 5.1, 5.25, 5.3999999999999995, 5.55, 5.7, 5.85, 6.0, 6.1499999999999995, 6.3, 6.45, 6.6, 6.75, 6.8999999999999995, 7.05, 7.199999999999999, 7.35, 7.5, 7.6499999999999995, 7.8, 7.949999999999999, 8.1, 8.25, 8.4, 8.549999999999999, 8.7, 8.85, 9.0, 9.15, 9.299999999999999, 9.45, 9.6, 9.75, 9.9, 10.049999999999999, 10.2, 10.35, 10.5, 10.65, 10.799999999999999, 10.95, 11.1, 11.25, 11.4, 11.549999999999999, 11.7, 11.85, 12.0, 12.15, 12.299999999999999, 12.45, 12.6, 12.75, 12.9, 13.049999999999999, 13.2, 13.35, 13.5, 13.65, 13.799999999999999, 13.95, 14.1, 14.25, 14.399999999999999, 14.549999999999999, 14.7, 14.85, 15.0, 15.149999999999999",2007R_GLUT1_647_WGA_594_0002,2007,R,False,4.68645227505987,False
"2878, 3406, 3776, 4327, 5418, 6409, 7232, 11132, 16707, 30454, 43109, 44952, 40203, 34764, 33113, 31934, 31943, 31207, 31296, 31395, 31175, 31028, 30669, 30453, 30305, 29351, 29352, 29177, 28381, 28087, 26892, 24041, 22420, 20082, 18392, 17598, 17458, 17167, 16580, 16465, 15379, 14896, 13531, 12459, 11704, 11111, 10900, 11003, 11503, 11685, 12231, 13830, 15742, 17573, 18191, 18896, 18200, 17157, 16127, 16123, 15568, 15232, 14378, 13697, 13384, 12688, 12228, 11561, 10837, 10774, 10971, 10651, 10671, 10300, 9983, 9657, 9184, 8710, 8266, 7925, 7623, 7485, 7469, 7284, 7159, 6947, 6861, 6529, 6313, 6060, 5897, 5823, 5621, 5598, 5390, 5451, 5208, 4999, 4847, 4979, 4647, 4550",97,GluT1,"0.0, 0.15, 0.3, 0.44999999999999996, 0.6, 0.75, 0.8999999999999999, 1.05, 1.2, 1.3499999999999999, 1.5, 1.65, 1.7999999999999998, 1.95, 2.1, 2.25, 2.4, 2.55, 2.6999999999999997, 2.85, 3.0, 3.15, 3.3, 3.4499999999999997, 3.5999999999999996, 3.75, 3.9, 4.05, 4.2, 4.35, 4.5, 4.6499999999999995, 4.8, 4.95, 5.1, 5.25, 5.3999999999999995, 5.55, 5.7, 5.85, 6.0, 6.1499999999999995, 6.3, 6.45, 6.6, 6.75, 6.8999999999999995, 7.05, 7.199999999999999, 7.35, 7.5, 7.6499999999999995, 7.8, 7.949999999999999, 8.1, 8.25, 8.4, 8.549999999999999, 8.7, 8.85, 9.0, 9.15, 9.299999999999999, 9.45, 9.6, 9.75, 9.9, 10.049999999999999, 10.2, 10.35, 10.5, 10.65, 10.799999999999999, 10.95, 11.1, 11.25, 11.4, 11.549999999999999, 11.7, 11.85, 12.0, 12.15, 12.299999999999999, 12.45, 12.6, 12.75, 12.9, 13.049999999999999, 13.2, 13.35, 13.5, 13.65, 13.799999999999999, 13.95, 14.1, 14.25, 14.399999999999999, 14.549999999999999, 14.7, 14.85, 15.0, 15.149999999999999",2007R_GLUT1_647_WGA_594_0002,2007,R,False,4.68645227505987,False
"51653, 52636, 53414, 54400, 56137, 58817, 59299, 64625, 70033, 75784, 83352, 88290, 96996, 107766, 112071, 116857, 117656, 125310, 132195, 136100, 145505, 152034, 159838, 164463, 172622, 184322, 191886, 197445, 208831, 216400, 239699, 277340, 299707, 322656, 339603, 344864, 348307, 350717, 355102, 353644, 360211, 359896, 354675, 335046, 304448, 257723, 206215, 185326, 167278, 160568, 146633, 130063, 114903, 97947, 93999, 83943, 79124, 75043, 74143, 73512, 72257, 72297, 71638, 70369, 69328, 68930, 68524, 67719, 67485, 66257, 66076, 67268, 67303, 66676, 66404, 66006, 66503, 65771, 65518, 65472, 65099, 64654, 64333, 65042, 64527, 64723, 64676, 63844, 64276, 64328, 63149, 64359, 63320, 62897, 63761, 62928, 63496, 63238, 62749, 63150, 62892, 63027",98,DAPI,"0.0, 0.15, 0.3, 0.44999999999999996, 0.6, 0.75, 0.8999999999999999, 1.05, 1.2, 1.3499999999999999, 1.5, 1.65, 1.7999999999999998, 1.95, 2.1, 2.25, 2.4, 2.55, 2.6999999999999997, 2.85, 3.0, 3.15, 3.3, 3.4499999999999997, 3.5999999999999996, 3.75, 3.9, 4.05, 4.2, 4.35, 4.5, 4.6499999999999995, 4.8, 4.95, 5.1, 5.25, 5.3999999999999995, 5.55, 5.7, 5.85, 6.0, 6.1499999999999995, 6.3, 6.45, 6.6, 6.75, 6.8999999999999995, 7.05, 7.199999999999999, 7.35, 7.5, 7.6499999999999995, 7.8, 7.949999999999999, 8.1, 8.25, 8.4, 8.549999999999999, 8.7, 8.85, 9.0, 9.15, 9.299999999999999, 9.45, 9.6, 9.75, 9.9, 10.049999999999999, 10.2, 10.35, 10.5, 10.65, 10.799999999999999, 10.95, 11.1, 11.25, 11.4, 11.549999999999999, 11.7, 11.85, 12.0, 12.15, 12.299999999999999, 12.45, 12.6, 12.75, 12.9, 13.049999999999999, 13.2, 13.35, 13.5, 13.65, 13.799999999999999, 13.95, 14.1, 14.25, 14.399999999999999, 14.549999999999999, 14.7, 14.85, 15.0, 15.149999999999999",2007R_GLUT1_647_WGA_594_0002,2007,R,False,4.2101259181532,False
"7224, 7198, 7312, 7375, 7470, 7452, 7587, 7710, 8487, 9347, 10329, 11138, 11525, 11695, 11610, 11521, 11672, 11590, 11522, 11491, 11623, 11812, 12483, 12246, 12988, 13722, 14075, 14249, 14413, 14748, 15206, 15539, 15805, 15803, 15670, 15813, 15899, 15896, 16034, 15836, 16308, 16049, 15965, 16924, 17749, 19433, 20445, 20740, 20423, 20748, 20557, 20439, 19984, 20101, 19975, 19053, 18478, 16864, 16305, 15946, 15384, 15377, 14344, 13949, 13696, 13385, 13227, 13137, 13239, 13115, 13200, 13053, 13030, 13017, 12929, 12858, 12858, 12901, 13161, 13042, 13499, 13538, 13272, 13429, 13611, 13239, 13616, 13640, 13932, 14386, 14601, 14506, 14429, 14894, 14546, 14647, 14577, 14274, 14518, 15394, 15784, 17130",98,eGFP,"0.0, 0.15, 0.3, 0.44999999999999996, 0.6, 0.75, 0.8999999999999999, 1.05, 1.2, 1.3499999999999999, 1.5, 1.65, 1.7999999999999998, 1.95, 2.1, 2.25, 2.4, 2.55, 2.6999999999999997, 2.85, 3.0, 3.15, 3.3, 3.4499999999999997, 3.5999999999999996, 3.75, 3.9, 4.05, 4.2, 4.35, 4.5, 4.6499999999999995, 4.8, 4.95, 5.1, 5.25, 5.3999999999999995, 5.55, 5.7, 5.85, 6.0, 6.1499999999999995, 6.3, 6.45, 6.6, 6.75, 6.8999999999999995, 7.05, 7.199999999999999, 7.35, 7.5, 7.6499999999999995, 7.8, 7.949999999999999, 8.1, 8.25, 8.4, 8.549999999999999, 8.7, 8.85, 9.0, 9.15, 9.299999999999999, 9.45, 9.6, 9.75, 9.9, 10.049999999999999, 10.2, 10.35, 10.5, 10.65, 10.799999999999999, 10.95, 11.1, 11.25, 11.4, 11.549999999999999, 11.7, 11.85, 12.0, 12.15, 12.299999999999999, 12.45, 12.6, 12.75, 12.9, 13.049999999999999, 13.2, 13.35, 13.5, 13.65, 13.799999999999999, 13.95, 14.1, 14.25, 14.399999999999999, 14.549999999999999, 14.7, 14.85, 15.0, 15.149999999999999",2007R_GLUT1_647_WGA_594_0002,2007,R,False,4.2101259181532,False
"19025, 20588, 21869, 23395, 27655, 31393, 34413, 49156, 67956, 111277, 157844, 167504, 152494, 127479, 118285, 110748, 108830, 99527, 91497, 87448, 84436, 85569, 89418, 92120, 95268, 100053, 102631, 103242, 105275, 106729, 108488, 106418, 101685, 92895, 83139, 78509, 77235, 76597, 73159, 73460, 68888, 66641, 65607, 65941, 67279, 70948, 75358, 77251, 78942, 79198, 79806, 79427, 77414, 73583, 72219, 68859, 69387, 70636, 71299, 71621, 72764, 72424, 71351, 69614, 68493, 65533, 62424, 59220, 54963, 54696, 55557, 54406, 53531, 51540, 50729, 48360, 46266, 44509, 42523, 41100, 39814, 39129, 39060, 38250, 38044, 36656, 35784, 34813, 33168, 31947, 31113, 30321, 30011, 29607, 29105, 28264, 27900, 26633, 25850, 25289, 24529, 23740",98,WGA,"0.0, 0.15, 0.3, 0.44999999999999996, 0.6, 0.75, 0.8999999999999999, 1.05, 1.2, 1.3499999999999999, 1.5, 1.65, 1.7999999999999998, 1.95, 2.1, 2.25, 2.4, 2.55, 2.6999999999999997, 2.85, 3.0, 3.15, 3.3, 3.4499999999999997, 3.5999999999999996, 3.75, 3.9, 4.05, 4.2, 4.35, 4.5, 4.6499999999999995, 4.8, 4.95, 5.1, 5.25, 5.3999999999999995, 5.55, 5.7, 5.85, 6.0, 6.1499999999999995, 6.3, 6.45, 6.6, 6.75, 6.8999999999999995, 7.05, 7.199999999999999, 7.35, 7.5, 7.6499999999999995, 7.8, 7.949999999999999, 8.1, 8.25, 8.4, 8.549999999999999, 8.7, 8.85, 9.0, 9.15, 9.299999999999999, 9.45, 9.6, 9.75, 9.9, 10.049999999999999, 10.2, 10.35, 10.5, 10.65, 10.799999999999999, 10.95, 11.1, 11.25, 11.4, 11.549999999999999, 11.7, 11.85, 12.0, 12.15, 12.299999999999999, 12.45, 12.6, 12.75, 12.9, 13.049999999999999, 13.2, 13.35, 13.5, 13.65, 13.799999999999999, 13.95, 14.1, 14.25, 14.399999999999999, 14.549999999999999, 14.7, 14.85, 15.0, 15.149999999999999",2007R_GLUT1_647_WGA_594_0002,2007,R,False,4.2101259181532,False
"1906, 2266, 2659, 2939, 3865, 4610, 5073, 7833, 11103, 17646, 24393, 26347, 26171, 24619, 23768, 22797, 22511, 21694, 20686, 20339, 19480, 19751, 19999, 20322, 20774, 21107, 21153, 20902, 21215, 20971, 20621, 18843, 17872, 15923, 13929, 13304, 13157, 12961, 12060, 12314, 11304, 11024, 10817, 10790, 11105, 11294, 12114, 12442, 12879, 12747, 12900, 13047, 12971, 13091, 12796, 12566, 12369, 12393, 12194, 11943, 11894, 11843, 11347, 10722, 10708, 10139, 9557, 9103, 8691, 8652, 8845, 8677, 8560, 8149, 7861, 7706, 7184, 6952, 6436, 6137, 6042, 6007, 5919, 5818, 5630, 5435, 5297, 5097, 4832, 4714, 4585, 4482, 4491, 4280, 4135, 4126, 3990, 3801, 3669, 3688, 3434, 3327",98,GluT1,"0.0, 0.15, 0.3, 0.44999999999999996, 0.6, 0.75, 0.8999999999999999, 1.05, 1.2, 1.3499999999999999, 1.5, 1.65, 1.7999999999999998, 1.95, 2.1, 2.25, 2.4, 2.55, 2.6999999999999997, 2.85, 3.0, 3.15, 3.3, 3.4499999999999997, 3.5999999999999996, 3.75, 3.9, 4.05, 4.2, 4.35, 4.5, 4.6499999999999995, 4.8, 4.95, 5.1, 5.25, 5.3999999999999995, 5.55, 5.7, 5.85, 6.0, 6.1499999999999995, 6.3, 6.45, 6.6, 6.75, 6.8999999999999995, 7.05, 7.199999999999999, 7.35, 7.5, 7.6499999999999995, 7.8, 7.949999999999999, 8.1, 8.25, 8.4, 8.549999999999999, 8.7, 8.85, 9.0, 9.15, 9.299999999999999, 9.45, 9.6, 9.75, 9.9, 10.049999999999999, 10.2, 10.35, 10.5, 10.65, 10.799999999999999, 10.95, 11.1, 11.25, 11.4, 11.549999999999999, 11.7, 11.85, 12.0, 12.15, 12.299999999999999, 12.45, 12.6, 12.75, 12.9, 13.049999999999999, 13.2, 13.35, 13.5, 13.65, 13.799999999999999, 13.95, 14.1, 14.25, 14.399999999999999, 14.549999999999999, 14.7, 14.85, 15.0, 15.149999999999999",2007R_GLUT1_647_WGA_594_0002,2007,R,False,4.2101259181532,False
"12140, 12522, 12612, 12621, 13176, 13502, 13543, 14369, 15185, 16205, 17140, 17557, 17693, 18205, 18196, 18639, 17950, 18450, 19212, 19265, 20587, 21251, 22945, 24472, 26450, 28873, 30577, 31692, 33371, 34731, 38214, 44295, 47879, 52497, 57513, 61811, 63942, 64447, 67582, 65409, 71026, 73909, 74758, 73252, 69399, 65765, 63826, 61236, 59275, 57802, 55751, 52247, 45646, 36363, 32803, 25947, 22478, 21250, 20125, 20186, 19561, 19098, 18130, 17894, 17927, 17414, 17263, 17203, 17079, 16762, 17033, 16889, 16813, 16889, 16174, 16361, 16267, 16206, 16601, 15956, 16007, 16229, 16236, 16013, 16040, 16011, 15989, 15691, 15594, 15431, 15667, 15848, 15736, 15375, 15534, 15531, 15532, 15844, 15285, 15447, 15674, 15409",99,DAPI,"0.0, 0.15, 0.3, 0.44999999999999996, 0.6, 0.75, 0.8999999999999999, 1.05, 1.2, 1.3499999999999999, 1.5, 1.65, 1.7999999999999998, 1.95, 2.1, 2.25, 2.4, 2.55, 2.6999999999999997, 2.85, 3.0, 3.15, 3.3, 3.4499999999999997, 3.5999999999999996, 3.75, 3.9, 4.05, 4.2, 4.35, 4.5, 4.6499999999999995, 4.8, 4.95, 5.1, 5.25, 5.3999999999999995, 5.55, 5.7, 5.85, 6.0, 6.1499999999999995, 6.3, 6.45, 6.6, 6.75, 6.8999999999999995, 7.05, 7.199999999999999, 7.35, 7.5, 7.6499999999999995, 7.8, 7.949999999999999, 8.1, 8.25, 8.4, 8.549999999999999, 8.7, 8.85, 9.0, 9.15, 9.299999999999999, 9.45, 9.6, 9.75, 9.9, 10.049999999999999, 10.2, 10.35, 10.5, 10.65, 10.799999999999999, 10.95, 11.1, 11.25, 11.4, 11.549999999999999, 11.7, 11.85, 12.0, 12.15, 12.299999999999999, 12.45, 12.6, 12.75, 12.9, 13.049999999999999, 13.2, 13.35, 13.5, 13.65, 13.799999999999999, 13.95, 14.1, 14.25, 14.399999999999999, 14.549999999999999, 14.7, 14.85, 15.0, 15.149999999999999",2007R_GLUT1_647_WGA_594_0002,2007,R,True,41.08565310492505,False
"1878, 1991, 1922, 2055, 2041, 2035, 2120, 2199, 2336, 2686, 2914, 3276, 3373, 3604, 3643, 3682, 3787, 3758, 3800, 4046, 4257, 4563, 5143, 5813, 6347, 8199, 8437, 8957, 9808, 10524, 13032, 16391, 19095, 23193, 28313, 30996, 31890, 32169, 34959, 34075, 37289, 38426, 38374, 38207, 37666, 37275, 37186, 36942, 36712, 35807, 35205, 34534, 31864, 28081, 26643, 20165, 15372, 10542, 9047, 8508, 8037, 7672, 6893, 6031, 5715, 5187, 4764, 4393, 4201, 4137, 4010, 4039, 4028, 3871, 3804, 3630, 3612, 3511, 3410, 3456, 3482, 3355, 3413, 3321, 3235, 3262, 3398, 3416, 3364, 3520, 3391, 3447, 3383, 3392, 3348, 3651, 3570, 3754, 3745, 4114, 4734, 5763",99,eGFP,"0.0, 0.15, 0.3, 0.44999999999999996, 0.6, 0.75, 0.8999999999999999, 1.05, 1.2, 1.3499999999999999, 1.5, 1.65, 1.7999999999999998, 1.95, 2.1, 2.25, 2.4, 2.55, 2.6999999999999997, 2.85, 3.0, 3.15, 3.3, 3.4499999999999997, 3.5999999999999996, 3.75, 3.9, 4.05, 4.2, 4.35, 4.5, 4.6499999999999995, 4.8, 4.95, 5.1, 5.25, 5.3999999999999995, 5.55, 5.7, 5.85, 6.0, 6.1499999999999995, 6.3, 6.45, 6.6, 6.75, 6.8999999999999995, 7.05, 7.199999999999999, 7.35, 7.5, 7.6499999999999995, 7.8, 7.949999999999999, 8.1, 8.25, 8.4, 8.549999999999999, 8.7, 8.85, 9.0, 9.15, 9.299999999999999, 9.45, 9.6, 9.75, 9.9, 10.049999999999999, 10.2, 10.35, 10.5, 10.65, 10.799999999999999, 10.95, 11.1, 11.25, 11.4, 11.549999999999999, 11.7, 11.85, 12.0, 12.15, 12.299999999999999, 12.45, 12.6, 12.75, 12.9, 13.049999999999999, 13.2, 13.35, 13.5, 13.65, 13.799999999999999, 13.95, 14.1, 14.25, 14.399999999999999, 14.549999999999999, 14.7, 14.85, 15.0, 15.149999999999999",2007R_GLUT1_647_WGA_594_0002,2007,R,True,41.08565310492505,False
"4633, 4973, 5409, 5848, 6790, 7797, 8544, 11895, 16759, 27207, 38338, 40204, 35934, 28802, 26282, 24149, 23651, 21268, 19925, 19714, 19614, 20470, 21341, 21575, 21930, 21947, 22116, 21992, 21916, 21868, 21543, 20866, 20343, 19438, 17704, 16504, 15993, 15869, 14310, 14987, 11887, 10923, 9693, 9035, 8992, 9195, 9309, 9265, 9646, 9466, 9545, 9614, 10304, 11578, 12584, 15525, 18380, 20285, 20860, 20913, 20959, 20835, 20121, 19485, 18989, 18417, 17290, 16273, 15060, 14985, 15001, 14956, 14541, 13930, 13638, 12842, 12201, 11864, 11065, 10494, 10016, 9712, 9748, 9522, 9335, 8991, 8768, 8466, 8062, 7912, 7762, 7413, 7272, 7174, 7108, 6850, 6641, 6506, 6245, 6104, 5845, 5826",99,WGA,"0.0, 0.15, 0.3, 0.44999999999999996, 0.6, 0.75, 0.8999999999999999, 1.05, 1.2, 1.3499999999999999, 1.5, 1.65, 1.7999999999999998, 1.95, 2.1, 2.25, 2.4, 2.55, 2.6999999999999997, 2.85, 3.0, 3.15, 3.3, 3.4499999999999997, 3.5999999999999996, 3.75, 3.9, 4.05, 4.2, 4.35, 4.5, 4.6499999999999995, 4.8, 4.95, 5.1, 5.25, 5.3999999999999995, 5.55, 5.7, 5.85, 6.0, 6.1499999999999995, 6.3, 6.45, 6.6, 6.75, 6.8999999999999995, 7.05, 7.199999999999999, 7.35, 7.5, 7.6499999999999995, 7.8, 7.949999999999999, 8.1, 8.25, 8.4, 8.549999999999999, 8.7, 8.85, 9.0, 9.15, 9.299999999999999, 9.45, 9.6, 9.75, 9.9, 10.049999999999999, 10.2, 10.35, 10.5, 10.65, 10.799999999999999, 10.95, 11.1, 11.25, 11.4, 11.549999999999999, 11.7, 11.85, 12.0, 12.15, 12.299999999999999, 12.45, 12.6, 12.75, 12.9, 13.049999999999999, 13.2, 13.35, 13.5, 13.65, 13.799999999999999, 13.95, 14.1, 14.25, 14.399999999999999, 14.549999999999999, 14.7, 14.85, 15.0, 15.149999999999999",2007R_GLUT1_647_WGA_594_0002,2007,R,True,41.08565310492505,False
"448, 481, 577, 655, 842, 990, 1194, 1750, 2455, 3922, 5112, 5334, 4932, 4409, 4085, 3942, 3835, 3675, 3630, 3613, 3641, 3600, 3823, 3905, 4134, 4133, 4099, 4167, 4134, 4118, 4226, 4049, 3864, 3853, 3344, 3104, 3012, 2997, 2720, 2675, 2227, 1996, 1710, 1717, 1722, 1825, 1756, 1737, 1702, 1654, 1706, 1669, 1662, 1965, 2217, 2603, 2974, 2946, 2947, 2917, 2935, 2865, 2787, 2650, 2531, 2472, 2352, 2232, 2066, 1985, 2076, 1979, 1930, 1893, 1799, 1757, 1681, 1569, 1500, 1463, 1402, 1354, 1346, 1307, 1270, 1202, 1261, 1101, 1079, 1031, 1021, 954, 963, 964, 989, 888, 869, 839, 773, 766, 728, 744",99,GluT1,"0.0, 0.15, 0.3, 0.44999999999999996, 0.6, 0.75, 0.8999999999999999, 1.05, 1.2, 1.3499999999999999, 1.5, 1.65, 1.7999999999999998, 1.95, 2.1, 2.25, 2.4, 2.55, 2.6999999999999997, 2.85, 3.0, 3.15, 3.3, 3.4499999999999997, 3.5999999999999996, 3.75, 3.9, 4.05, 4.2, 4.35, 4.5, 4.6499999999999995, 4.8, 4.95, 5.1, 5.25, 5.3999999999999995, 5.55, 5.7, 5.85, 6.0, 6.1499999999999995, 6.3, 6.45, 6.6, 6.75, 6.8999999999999995, 7.05, 7.199999999999999, 7.35, 7.5, 7.6499999999999995, 7.8, 7.949999999999999, 8.1, 8.25, 8.4, 8.549999999999999, 8.7, 8.85, 9.0, 9.15, 9.299999999999999, 9.45, 9.6, 9.75, 9.9, 10.049999999999999, 10.2, 10.35, 10.5, 10.65, 10.799999999999999, 10.95, 11.1, 11.25, 11.4, 11.549999999999999, 11.7, 11.85, 12.0, 12.15, 12.299999999999999, 12.45, 12.6, 12.75, 12.9, 13.049999999999999, 13.2, 13.35, 13.5, 13.65, 13.799999999999999, 13.95, 14.1, 14.25, 14.399999999999999, 14.549999999999999, 14.7, 14.85, 15.0, 15.149999999999999",2007R_GLUT1_647_WGA_594_0002,2007,R,True,41.08565310492505,False
"63895, 66233, 68848, 70394, 75709, 78621, 82801, 95632, 108609, 128845, 138997, 139924, 137417, 135848, 136437, 136543, 136777, 138940, 140941, 144034, 148145, 157275, 165529, 170443, 177944, 185803, 189771, 192352, 195472, 196329, 202288, 205156, 204587, 192609, 178876, 168440, 165395, 162240, 149769, 152333, 133880, 126511, 117242, 107559, 99613, 93221, 87474, 85822, 84177, 83365, 82335, 80581, 79320, 79291, 78772, 76679, 75698, 75763, 75135, 75550, 75416, 74820, 74803, 74708, 74148, 74117, 73358, 73842, 73946, 73996, 73225, 73435, 73337, 72937, 73590, 73033, 73762, 72779, 72331, 73004, 72495, 72270, 72736, 72136, 72077, 72488, 72405, 71946, 72455, 72754, 72230, 72652, 71357, 71762, 72209, 72525, 71474, 72209, 71047, 70617, 70220, 71397",100,DAPI,"0.0, 0.15, 0.3, 0.44999999999999996, 0.6, 0.75, 0.8999999999999999, 1.05, 1.2, 1.3499999999999999, 1.5, 1.65, 1.7999999999999998, 1.95, 2.1, 2.25, 2.4, 2.55, 2.6999999999999997, 2.85, 3.0, 3.15, 3.3, 3.4499999999999997, 3.5999999999999996, 3.75, 3.9, 4.05, 4.2, 4.35, 4.5, 4.6499999999999995, 4.8, 4.95, 5.1, 5.25, 5.3999999999999995, 5.55, 5.7, 5.85, 6.0, 6.1499999999999995, 6.3, 6.45, 6.6, 6.75, 6.8999999999999995, 7.05, 7.199999999999999, 7.35, 7.5, 7.6499999999999995, 7.8, 7.949999999999999, 8.1, 8.25, 8.4, 8.549999999999999, 8.7, 8.85, 9.0, 9.15, 9.299999999999999, 9.45, 9.6, 9.75, 9.9, 10.049999999999999, 10.2, 10.35, 10.5, 10.65, 10.799999999999999, 10.95, 11.1, 11.25, 11.4, 11.549999999999999, 11.7, 11.85, 12.0, 12.15, 12.299999999999999, 12.45, 12.6, 12.75, 12.9, 13.049999999999999, 13.2, 13.35, 13.5, 13.65, 13.799999999999999, 13.95, 14.1, 14.25, 14.399999999999999, 14.549999999999999, 14.7, 14.85, 15.0, 15.149999999999999",2007R_GLUT1_647_WGA_594_0002,2007,R,False,2.975815158713021,False
"8610, 8854, 8912, 9048, 9257, 9726, 9704, 10945, 12755, 17567, 23131, 24568, 23020, 20573, 19352, 18590, 18354, 17462, 16750, 16305, 15430, 14704, 14155, 14107, 14393, 13895, 14058, 13846, 14066, 13521, 13460, 13781, 14061, 14700, 15454, 16259, 16355, 16537, 17580, 17406, 20248, 21400, 24515, 28876, 30496, 29892, 27440, 26145, 25360, 24384, 22966, 21434, 19247, 17652, 17433, 16784, 16191, 16237, 16201, 16251, 15683, 16033, 15853, 15538, 15567, 15516, 15348, 14966, 15205, 15038, 14910, 15314, 15034, 14942, 15040, 15112, 15005, 15024, 15177, 14885, 15179, 15012, 14914, 15016, 15021, 15146, 14802, 15186, 15353, 15326, 15228, 15334, 15125, 15601, 15562, 15590, 15694, 16056, 15917, 16462, 15970, 16552",100,eGFP,"0.0, 0.15, 0.3, 0.44999999999999996, 0.6, 0.75, 0.8999999999999999, 1.05, 1.2, 1.3499999999999999, 1.5, 1.65, 1.7999999999999998, 1.95, 2.1, 2.25, 2.4, 2.55, 2.6999999999999997, 2.85, 3.0, 3.15, 3.3, 3.4499999999999997, 3.5999999999999996, 3.75, 3.9, 4.05, 4.2, 4.35, 4.5, 4.6499999999999995, 4.8, 4.95, 5.1, 5.25, 5.3999999999999995, 5.55, 5.7, 5.85, 6.0, 6.1499999999999995, 6.3, 6.45, 6.6, 6.75, 6.8999999999999995, 7.05, 7.199999999999999, 7.35, 7.5, 7.6499999999999995, 7.8, 7.949999999999999, 8.1, 8.25, 8.4, 8.549999999999999, 8.7, 8.85, 9.0, 9.15, 9.299999999999999, 9.45, 9.6, 9.75, 9.9, 10.049999999999999, 10.2, 10.35, 10.5, 10.65, 10.799999999999999, 10.95, 11.1, 11.25, 11.4, 11.549999999999999, 11.7, 11.85, 12.0, 12.15, 12.299999999999999, 12.45, 12.6, 12.75, 12.9, 13.049999999999999, 13.2, 13.35, 13.5, 13.65, 13.799999999999999, 13.95, 14.1, 14.25, 14.399999999999999, 14.549999999999999, 14.7, 14.85, 15.0, 15.149999999999999",2007R_GLUT1_647_WGA_594_0002,2007,R,False,2.975815158713021,False
"22401, 24093, 25320, 26975, 30454, 33580, 36593, 48429, 65141, 109283, 178536, 213954, 241237, 225462, 211671, 193639, 190943, 162789, 136154, 121051, 97748, 81998, 72671, 68666, 65622, 61604, 60189, 58972, 57995, 57345, 54873, 52699, 51544, 51472, 51210, 51825, 52056, 52227, 53121, 53281, 56826, 58404, 62944, 68022, 70304, 71807, 70677, 70233, 70018, 69440, 68134, 66052, 64762, 67016, 68699, 72869, 74734, 75943, 74430, 74893, 74010, 73242, 70566, 67208, 64908, 61948, 57513, 53891, 50484, 49894, 50623, 50026, 49353, 47607, 46762, 45004, 42850, 41765, 40296, 38659, 37630, 37181, 37030, 36655, 36329, 35345, 34852, 33873, 32697, 31954, 31179, 30254, 29957, 29434, 29206, 28455, 27957, 27433, 27093, 26496, 26039, 25281",100,WGA,"0.0, 0.15, 0.3, 0.44999999999999996, 0.6, 0.75, 0.8999999999999999, 1.05, 1.2, 1.3499999999999999, 1.5, 1.65, 1.7999999999999998, 1.95, 2.1, 2.25, 2.4, 2.55, 2.6999999999999997, 2.85, 3.0, 3.15, 3.3, 3.4499999999999997, 3.5999999999999996, 3.75, 3.9, 4.05, 4.2, 4.35, 4.5, 4.6499999999999995, 4.8, 4.95, 5.1, 5.25, 5.3999999999999995, 5.55, 5.7, 5.85, 6.0, 6.1499999999999995, 6.3, 6.45, 6.6, 6.75, 6.8999999999999995, 7.05, 7.199999999999999, 7.35, 7.5, 7.6499999999999995, 7.8, 7.949999999999999, 8.1, 8.25, 8.4, 8.549999999999999, 8.7, 8.85, 9.0, 9.15, 9.299999999999999, 9.45, 9.6, 9.75, 9.9, 10.049999999999999, 10.2, 10.35, 10.5, 10.65, 10.799999999999999, 10.95, 11.1, 11.25, 11.4, 11.549999999999999, 11.7, 11.85, 12.0, 12.15, 12.299999999999999, 12.45, 12.6, 12.75, 12.9, 13.049999999999999, 13.2, 13.35, 13.5, 13.65, 13.799999999999999, 13.95, 14.1, 14.25, 14.399999999999999, 14.549999999999999, 14.7, 14.85, 15.0, 15.149999999999999",2007R_GLUT1_647_WGA_594_0002,2007,R,False,2.975815158713021,False
"4151, 5249, 6217, 7005, 9284, 11217, 12970, 20656, 30227, 50685, 75928, 85918, 88521, 77223, 71232, 63994, 63140, 54019, 45510, 40585, 32697, 27081, 23679, 22290, 21143, 19670, 19406, 19036, 18718, 18233, 17598, 16570, 15941, 15402, 15034, 14627, 14560, 14643, 14489, 14429, 14709, 14818, 15140, 15413, 15463, 15446, 15064, 14809, 14315, 13940, 13968, 13638, 13204, 13211, 13092, 12874, 12471, 11819, 11324, 11077, 10912, 10754, 10404, 9912, 9407, 9463, 8887, 8413, 7737, 7572, 7709, 7690, 7565, 6980, 6951, 6676, 6275, 6115, 5665, 5714, 5368, 5396, 5474, 5292, 5133, 5085, 5061, 4668, 4647, 4417, 4319, 4104, 4065, 3957, 4010, 3883, 3723, 3506, 3448, 3506, 3295, 3280",100,GluT1,"0.0, 0.15, 0.3, 0.44999999999999996, 0.6, 0.75, 0.8999999999999999, 1.05, 1.2, 1.3499999999999999, 1.5, 1.65, 1.7999999999999998, 1.95, 2.1, 2.25, 2.4, 2.55, 2.6999999999999997, 2.85, 3.0, 3.15, 3.3, 3.4499999999999997, 3.5999999999999996, 3.75, 3.9, 4.05, 4.2, 4.35, 4.5, 4.6499999999999995, 4.8, 4.95, 5.1, 5.25, 5.3999999999999995, 5.55, 5.7, 5.85, 6.0, 6.1499999999999995, 6.3, 6.45, 6.6, 6.75, 6.8999999999999995, 7.05, 7.199999999999999, 7.35, 7.5, 7.6499999999999995, 7.8, 7.949999999999999, 8.1, 8.25, 8.4, 8.549999999999999, 8.7, 8.85, 9.0, 9.15, 9.299999999999999, 9.45, 9.6, 9.75, 9.9, 10.049999999999999, 10.2, 10.35, 10.5, 10.65, 10.799999999999999, 10.95, 11.1, 11.25, 11.4, 11.549999999999999, 11.7, 11.85, 12.0, 12.15, 12.299999999999999, 12.45, 12.6, 12.75, 12.9, 13.049999999999999, 13.2, 13.35, 13.5, 13.65, 13.799999999999999, 13.95, 14.1, 14.25, 14.399999999999999, 14.549999999999999, 14.7, 14.85, 15.0, 15.149999999999999",2007R_GLUT1_647_WGA_594_0002,2007,R,False,2.975815158713021,False
"119776, 121701, 124143, 126261, 132707, 138528, 144221, 162271, 179096, 195928, 194103, 187582, 180447, 176484, 175620, 174066, 173863, 174078, 172235, 170742, 170285, 173360, 173355, 174622, 176733, 180751, 181952, 185411, 188063, 190833, 200351, 218983, 238462, 266641, 295419, 309557, 315650, 317229, 334652, 328862, 352773, 361779, 369179, 376945, 378825, 378257, 382596, 380722, 380278, 376219, 367955, 353716, 320710, 284474, 267017, 230136, 206701, 185638, 179358, 177782, 174603, 172545, 169978, 165325, 164560, 163341, 161441, 159636, 158676, 158771, 158759, 157904, 157089, 156474, 157042, 155278, 154943, 155235, 152093, 154438, 152556, 153054, 153108, 153062, 152119, 151911, 152685, 151971, 150397, 151009, 151034, 150170, 150435, 151510, 149650, 150848, 148480, 149564, 149349, 149356, 148709, 149003",101,DAPI,"0.0, 0.15, 0.3, 0.44999999999999996, 0.6, 0.75, 0.8999999999999999, 1.05, 1.2, 1.3499999999999999, 1.5, 1.65, 1.7999999999999998, 1.95, 2.1, 2.25, 2.4, 2.55, 2.6999999999999997, 2.85, 3.0, 3.15, 3.3, 3.4499999999999997, 3.5999999999999996, 3.75, 3.9, 4.05, 4.2, 4.35, 4.5, 4.6499999999999995, 4.8, 4.95, 5.1, 5.25, 5.3999999999999995, 5.55, 5.7, 5.85, 6.0, 6.1499999999999995, 6.3, 6.45, 6.6, 6.75, 6.8999999999999995, 7.05, 7.199999999999999, 7.35, 7.5, 7.6499999999999995, 7.8, 7.949999999999999, 8.1, 8.25, 8.4, 8.549999999999999, 8.7, 8.85, 9.0, 9.15, 9.299999999999999, 9.45, 9.6, 9.75, 9.9, 10.049999999999999, 10.2, 10.35, 10.5, 10.65, 10.799999999999999, 10.95, 11.1, 11.25, 11.4, 11.549999999999999, 11.7, 11.85, 12.0, 12.15, 12.299999999999999, 12.45, 12.6, 12.75, 12.9, 13.049999999999999, 13.2, 13.35, 13.5, 13.65, 13.799999999999999, 13.95, 14.1, 14.25, 14.399999999999999, 14.549999999999999, 14.7, 14.85, 15.0, 15.149999999999999",2007R_GLUT1_647_WGA_594_0002,2007,R,False,17.37147150370291,False
"18978, 19370, 19477, 20026, 20460, 20910, 21196, 22373, 24612, 28404, 33511, 35675, 39120, 42823, 43048, 45281, 45222, 48135, 51153, 53798, 58995, 67889, 77441, 84573, 93076, 102885, 106754, 109524, 114522, 116848, 123047, 132734, 138203, 144943, 148706, 150091, 149183, 149694, 152203, 151515, 154776, 155484, 157660, 159739, 161579, 163099, 161850, 159790, 156643, 154914, 150944, 145530, 136686, 124126, 118234, 103262, 89290, 71483, 64059, 62423, 57059, 54618, 49691, 46174, 44685, 42642, 41087, 40393, 39479, 39266, 39021, 39024, 38766, 38325, 37968, 37453, 36680, 35936, 35428, 35519, 35536, 35324, 35199, 34938, 34654, 34765, 34475, 35280, 35136, 35149, 35175, 35316, 34668, 34485, 34698, 34732, 35052, 35300, 36096, 37710, 40109, 43060",101,eGFP,"0.0, 0.15, 0.3, 0.44999999999999996, 0.6, 0.75, 0.8999999999999999, 1.05, 1.2, 1.3499999999999999, 1.5, 1.65, 1.7999999999999998, 1.95, 2.1, 2.25, 2.4, 2.55, 2.6999999999999997, 2.85, 3.0, 3.15, 3.3, 3.4499999999999997, 3.5999999999999996, 3.75, 3.9, 4.05, 4.2, 4.35, 4.5, 4.6499999999999995, 4.8, 4.95, 5.1, 5.25, 5.3999999999999995, 5.55, 5.7, 5.85, 6.0, 6.1499999999999995, 6.3, 6.45, 6.6, 6.75, 6.8999999999999995, 7.05, 7.199999999999999, 7.35, 7.5, 7.6499999999999995, 7.8, 7.949999999999999, 8.1, 8.25, 8.4, 8.549999999999999, 8.7, 8.85, 9.0, 9.15, 9.299999999999999, 9.45, 9.6, 9.75, 9.9, 10.049999999999999, 10.2, 10.35, 10.5, 10.65, 10.799999999999999, 10.95, 11.1, 11.25, 11.4, 11.549999999999999, 11.7, 11.85, 12.0, 12.15, 12.299999999999999, 12.45, 12.6, 12.75, 12.9, 13.049999999999999, 13.2, 13.35, 13.5, 13.65, 13.799999999999999, 13.95, 14.1, 14.25, 14.399999999999999, 14.549999999999999, 14.7, 14.85, 15.0, 15.149999999999999",2007R_GLUT1_647_WGA_594_0002,2007,R,False,17.37147150370291,False
"44333, 47257, 50258, 53040, 59726, 66146, 72605, 97805, 136230, 239169, 368133, 400898, 368745, 292264, 267097, 244571, 241191, 219955, 205946, 201608, 196628, 195897, 193907, 193735, 193286, 192843, 192709, 192380, 191042, 191151, 188526, 182329, 177043, 166208, 151326, 141406, 138716, 136650, 126634, 128796, 115550, 109990, 103356, 96805, 93610, 92083, 93428, 94013, 95801, 95662, 97193, 100185, 104873, 110154, 113340, 121112, 126587, 131236, 130322, 130623, 129510, 128075, 124143, 118997, 116874, 112724, 106949, 102057, 96560, 95456, 96704, 95195, 93383, 90163, 88961, 84810, 81154, 78360, 75448, 73264, 71680, 70021, 70459, 69257, 68848, 66832, 65718, 64069, 62106, 60452, 59351, 58608, 58019, 57027, 56732, 55566, 54844, 53716, 52812, 52086, 51168, 49800",101,WGA,"0.0, 0.15, 0.3, 0.44999999999999996, 0.6, 0.75, 0.8999999999999999, 1.05, 1.2, 1.3499999999999999, 1.5, 1.65, 1.7999999999999998, 1.95, 2.1, 2.25, 2.4, 2.55, 2.6999999999999997, 2.85, 3.0, 3.15, 3.3, 3.4499999999999997, 3.5999999999999996, 3.75, 3.9, 4.05, 4.2, 4.35, 4.5, 4.6499999999999995, 4.8, 4.95, 5.1, 5.25, 5.3999999999999995, 5.55, 5.7, 5.85, 6.0, 6.1499999999999995, 6.3, 6.45, 6.6, 6.75, 6.8999999999999995, 7.05, 7.199999999999999, 7.35, 7.5, 7.6499999999999995, 7.8, 7.949999999999999, 8.1, 8.25, 8.4, 8.549999999999999, 8.7, 8.85, 9.0, 9.15, 9.299999999999999, 9.45, 9.6, 9.75, 9.9, 10.049999999999999, 10.2, 10.35, 10.5, 10.65, 10.799999999999999, 10.95, 11.1, 11.25, 11.4, 11.549999999999999, 11.7, 11.85, 12.0, 12.15, 12.299999999999999, 12.45, 12.6, 12.75, 12.9, 13.049999999999999, 13.2, 13.35, 13.5, 13.65, 13.799999999999999, 13.95, 14.1, 14.25, 14.399999999999999, 14.549999999999999, 14.7, 14.85, 15.0, 15.149999999999999",2007R_GLUT1_647_WGA_594_0002,2007,R,False,17.37147150370291,False
"5319, 6234, 7154, 8139, 10113, 11917, 13288, 19802, 28483, 48427, 70682, 77592, 78779, 74037, 72298, 71078, 71305, 70060, 69212, 68433, 67432, 65947, 61816, 59783, 57997, 55820, 55769, 55759, 55882, 55364, 54685, 53280, 51752, 49821, 45746, 43330, 42160, 41849, 38985, 39206, 34573, 33175, 29748, 26505, 24399, 22757, 21723, 21441, 21365, 21169, 21190, 22026, 22201, 22844, 23188, 23859, 24055, 22623, 21723, 21858, 21000, 20434, 19070, 18099, 17297, 16848, 15557, 14837, 14270, 13857, 14102, 13739, 13829, 13176, 12777, 12295, 11700, 11297, 10900, 10567, 10211, 9991, 10115, 9918, 9856, 9543, 9120, 8803, 8562, 8305, 8117, 8131, 7882, 7655, 7619, 7321, 7256, 6928, 6664, 6843, 6365, 6106",101,GluT1,"0.0, 0.15, 0.3, 0.44999999999999996, 0.6, 0.75, 0.8999999999999999, 1.05, 1.2, 1.3499999999999999, 1.5, 1.65, 1.7999999999999998, 1.95, 2.1, 2.25, 2.4, 2.55, 2.6999999999999997, 2.85, 3.0, 3.15, 3.3, 3.4499999999999997, 3.5999999999999996, 3.75, 3.9, 4.05, 4.2, 4.35, 4.5, 4.6499999999999995, 4.8, 4.95, 5.1, 5.25, 5.3999999999999995, 5.55, 5.7, 5.85, 6.0, 6.1499999999999995, 6.3, 6.45, 6.6, 6.75, 6.8999999999999995, 7.05, 7.199999999999999, 7.35, 7.5, 7.6499999999999995, 7.8, 7.949999999999999, 8.1, 8.25, 8.4, 8.549999999999999, 8.7, 8.85, 9.0, 9.15, 9.299999999999999, 9.45, 9.6, 9.75, 9.9, 10.049999999999999, 10.2, 10.35, 10.5, 10.65, 10.799999999999999, 10.95, 11.1, 11.25, 11.4, 11.549999999999999, 11.7, 11.85, 12.0, 12.15, 12.299999999999999, 12.45, 12.6, 12.75, 12.9, 13.049999999999999, 13.2, 13.35, 13.5, 13.65, 13.799999999999999, 13.95, 14.1, 14.25, 14.399999999999999, 14.549999999999999, 14.7, 14.85, 15.0, 15.149999999999999",2007R_GLUT1_647_WGA_594_0002,2007,R,False,17.37147150370291,False
"59293, 59478, 60623, 59725, 62414, 63414, 64199, 67590, 72906, 77427, 80636, 82460, 82724, 84489, 85620, 85761, 85043, 85474, 86370, 86806, 88535, 89394, 91576, 92724, 94930, 98830, 100753, 102349, 104772, 107095, 113226, 131945, 147382, 173689, 202177, 222318, 227860, 231303, 251588, 248388, 289827, 307422, 326449, 341380, 349018, 348722, 346281, 344197, 333986, 330358, 316336, 292014, 256413, 223146, 209318, 175529, 149576, 122634, 112882, 111846, 106039, 103244, 98487, 94348, 92178, 90515, 88238, 87386, 83707, 83624, 83416, 84866, 83918, 82166, 82634, 81876, 81331, 81055, 80504, 80737, 79261, 78666, 79332, 79215, 77574, 77648, 78062, 77312, 77791, 77367, 77582, 77773, 76483, 76883, 76733, 76462, 77071, 76024, 76087, 75426, 76138, 76022",102,DAPI,"0.0, 0.15, 0.3, 0.44999999999999996, 0.6, 0.75, 0.8999999999999999, 1.05, 1.2, 1.3499999999999999, 1.5, 1.65, 1.7999999999999998, 1.95, 2.1, 2.25, 2.4, 2.55, 2.6999999999999997, 2.85, 3.0, 3.15, 3.3, 3.4499999999999997, 3.5999999999999996, 3.75, 3.9, 4.05, 4.2, 4.35, 4.5, 4.6499999999999995, 4.8, 4.95, 5.1, 5.25, 5.3999999999999995, 5.55, 5.7, 5.85, 6.0, 6.1499999999999995, 6.3, 6.45, 6.6, 6.75, 6.8999999999999995, 7.05, 7.199999999999999, 7.35, 7.5, 7.6499999999999995, 7.8, 7.949999999999999, 8.1, 8.25, 8.4, 8.549999999999999, 8.7, 8.85, 9.0, 9.15, 9.299999999999999, 9.45, 9.6, 9.75, 9.9, 10.049999999999999, 10.2, 10.35, 10.5, 10.65, 10.799999999999999, 10.95, 11.1, 11.25, 11.4, 11.549999999999999, 11.7, 11.85, 12.0, 12.15, 12.299999999999999, 12.45, 12.6, 12.75, 12.9, 13.049999999999999, 13.2, 13.35, 13.5, 13.65, 13.799999999999999, 13.95, 14.1, 14.25, 14.399999999999999, 14.549999999999999, 14.7, 14.85, 15.0, 15.149999999999999",2007R_GLUT1_647_WGA_594_0002,2007,R,False,3.7127240926978575,False
"8962, 8938, 9088, 9128, 9446, 9691, 9542, 10145, 11125, 12468, 14417, 15443, 16644, 17955, 18202, 19285, 19103, 20330, 22967, 24460, 29135, 33792, 38100, 40014, 41857, 43264, 43819, 43353, 43003, 42350, 41197, 41814, 42108, 41868, 37328, 35073, 33844, 33424, 29431, 30740, 25946, 24013, 21044, 18363, 16982, 15734, 15621, 15346, 15058, 15279, 15063, 15150, 15268, 15615, 16126, 17170, 17441, 17422, 17245, 17230, 16817, 17163, 16998, 16885, 16730, 16919, 17077, 17034, 16984, 17016, 17068, 16918, 16913, 17097, 16583, 16418, 16346, 16534, 16300, 16228, 16749, 16721, 16802, 16199, 16162, 16569, 16215, 16353, 16415, 16269, 16727, 16605, 16001, 16495, 16489, 16392, 16292, 16533, 16829, 17158, 17992, 18393",102,eGFP,"0.0, 0.15, 0.3, 0.44999999999999996, 0.6, 0.75, 0.8999999999999999, 1.05, 1.2, 1.3499999999999999, 1.5, 1.65, 1.7999999999999998, 1.95, 2.1, 2.25, 2.4, 2.55, 2.6999999999999997, 2.85, 3.0, 3.15, 3.3, 3.4499999999999997, 3.5999999999999996, 3.75, 3.9, 4.05, 4.2, 4.35, 4.5, 4.6499999999999995, 4.8, 4.95, 5.1, 5.25, 5.3999999999999995, 5.55, 5.7, 5.85, 6.0, 6.1499999999999995, 6.3, 6.45, 6.6, 6.75, 6.8999999999999995, 7.05, 7.199999999999999, 7.35, 7.5, 7.6499999999999995, 7.8, 7.949999999999999, 8.1, 8.25, 8.4, 8.549999999999999, 8.7, 8.85, 9.0, 9.15, 9.299999999999999, 9.45, 9.6, 9.75, 9.9, 10.049999999999999, 10.2, 10.35, 10.5, 10.65, 10.799999999999999, 10.95, 11.1, 11.25, 11.4, 11.549999999999999, 11.7, 11.85, 12.0, 12.15, 12.299999999999999, 12.45, 12.6, 12.75, 12.9, 13.049999999999999, 13.2, 13.35, 13.5, 13.65, 13.799999999999999, 13.95, 14.1, 14.25, 14.399999999999999, 14.549999999999999, 14.7, 14.85, 15.0, 15.149999999999999",2007R_GLUT1_647_WGA_594_0002,2007,R,False,3.7127240926978575,False
"22229, 23638, 25239, 26624, 30547, 33855, 37210, 51361, 73659, 134100, 195966, 205364, 179121, 146158, 136630, 129306, 128845, 121392, 116204, 113700, 110977, 108615, 106954, 104708, 102813, 98847, 98554, 97212, 96056, 95305, 93395, 90486, 88805, 83345, 77105, 72675, 71677, 71076, 65579, 66970, 58254, 54045, 49035, 43059, 39301, 36665, 35311, 34681, 34402, 34076, 34160, 34929, 37199, 41861, 44939, 53842, 60783, 68469, 70471, 70674, 71993, 71654, 71585, 70834, 69945, 68197, 64524, 61562, 58932, 58368, 58969, 57620, 57434, 55741, 55007, 52249, 50085, 48296, 45783, 44520, 43222, 42241, 42615, 41547, 40934, 39805, 38772, 37697, 35973, 34672, 33830, 32971, 32936, 32017, 31845, 30832, 30003, 29437, 28998, 28212, 27470, 26620",102,WGA,"0.0, 0.15, 0.3, 0.44999999999999996, 0.6, 0.75, 0.8999999999999999, 1.05, 1.2, 1.3499999999999999, 1.5, 1.65, 1.7999999999999998, 1.95, 2.1, 2.25, 2.4, 2.55, 2.6999999999999997, 2.85, 3.0, 3.15, 3.3, 3.4499999999999997, 3.5999999999999996, 3.75, 3.9, 4.05, 4.2, 4.35, 4.5, 4.6499999999999995, 4.8, 4.95, 5.1, 5.25, 5.3999999999999995, 5.55, 5.7, 5.85, 6.0, 6.1499999999999995, 6.3, 6.45, 6.6, 6.75, 6.8999999999999995, 7.05, 7.199999999999999, 7.35, 7.5, 7.6499999999999995, 7.8, 7.949999999999999, 8.1, 8.25, 8.4, 8.549999999999999, 8.7, 8.85, 9.0, 9.15, 9.299999999999999, 9.45, 9.6, 9.75, 9.9, 10.049999999999999, 10.2, 10.35, 10.5, 10.65, 10.799999999999999, 10.95, 11.1, 11.25, 11.4, 11.549999999999999, 11.7, 11.85, 12.0, 12.15, 12.299999999999999, 12.45, 12.6, 12.75, 12.9, 13.049999999999999, 13.2, 13.35, 13.5, 13.65, 13.799999999999999, 13.95, 14.1, 14.25, 14.399999999999999, 14.549999999999999, 14.7, 14.85, 15.0, 15.149999999999999",2007R_GLUT1_647_WGA_594_0002,2007,R,False,3.7127240926978575,False
"2321, 2656, 3053, 3442, 4283, 4982, 5597, 8656, 12953, 22875, 32562, 34810, 33724, 31110, 30001, 29414, 28794, 27628, 26633, 26047, 25544, 24547, 23898, 23452, 23069, 22591, 22357, 22228, 21848, 21770, 21220, 20486, 19798, 19116, 17906, 16996, 16718, 16666, 15470, 15620, 13794, 12814, 11434, 9943, 8998, 8182, 7843, 7594, 7583, 7466, 7602, 7841, 7891, 8554, 8761, 9787, 10679, 11402, 11336, 11571, 11430, 11504, 11321, 11087, 10625, 10318, 9771, 9367, 8876, 8994, 9118, 8754, 8766, 8648, 8360, 8182, 7690, 7460, 7018, 6998, 6688, 6470, 6537, 6380, 6437, 6293, 5989, 5776, 5688, 5319, 5253, 5140, 4998, 4825, 4956, 4605, 4552, 4442, 4160, 4132, 3761, 3785",102,GluT1,"0.0, 0.15, 0.3, 0.44999999999999996, 0.6, 0.75, 0.8999999999999999, 1.05, 1.2, 1.3499999999999999, 1.5, 1.65, 1.7999999999999998, 1.95, 2.1, 2.25, 2.4, 2.55, 2.6999999999999997, 2.85, 3.0, 3.15, 3.3, 3.4499999999999997, 3.5999999999999996, 3.75, 3.9, 4.05, 4.2, 4.35, 4.5, 4.6499999999999995, 4.8, 4.95, 5.1, 5.25, 5.3999999999999995, 5.55, 5.7, 5.85, 6.0, 6.1499999999999995, 6.3, 6.45, 6.6, 6.75, 6.8999999999999995, 7.05, 7.199999999999999, 7.35, 7.5, 7.6499999999999995, 7.8, 7.949999999999999, 8.1, 8.25, 8.4, 8.549999999999999, 8.7, 8.85, 9.0, 9.15, 9.299999999999999, 9.45, 9.6, 9.75, 9.9, 10.049999999999999, 10.2, 10.35, 10.5, 10.65, 10.799999999999999, 10.95, 11.1, 11.25, 11.4, 11.549999999999999, 11.7, 11.85, 12.0, 12.15, 12.299999999999999, 12.45, 12.6, 12.75, 12.9, 13.049999999999999, 13.2, 13.35, 13.5, 13.65, 13.799999999999999, 13.95, 14.1, 14.25, 14.399999999999999, 14.549999999999999, 14.7, 14.85, 15.0, 15.149999999999999",2007R_GLUT1_647_WGA_594_0002,2007,R,False,3.7127240926978575,False
"72332, 74003, 75061, 76282, 78244, 79886, 82457, 86712, 92415, 100577, 108541, 111674, 118648, 126446, 130729, 134075, 134470, 141800, 150791, 156185, 169369, 183549, 197640, 204953, 216208, 229870, 235437, 241362, 248353, 255570, 266308, 288649, 304671, 323757, 338438, 344859, 348392, 348883, 353472, 350350, 350674, 347930, 335456, 314757, 293586, 265953, 239642, 228590, 217471, 209287, 198106, 181062, 159073, 138704, 131220, 118485, 110879, 108120, 105152, 104756, 104097, 102612, 100745, 99660, 99892, 98479, 96639, 96872, 96850, 96048, 96188, 94912, 95592, 95897, 94798, 95617, 94838, 93298, 93772, 93120, 92644, 93681, 93669, 91479, 92791, 92799, 93171, 92613, 91778, 91770, 92934, 92356, 91846, 91691, 91117, 91273, 90815, 91003, 91440, 90612, 90489, 91101",103,DAPI,"0.0, 0.15, 0.3, 0.44999999999999996, 0.6, 0.75, 0.8999999999999999, 1.05, 1.2, 1.3499999999999999, 1.5, 1.65, 1.7999999999999998, 1.95, 2.1, 2.25, 2.4, 2.55, 2.6999999999999997, 2.85, 3.0, 3.15, 3.3, 3.4499999999999997, 3.5999999999999996, 3.75, 3.9, 4.05, 4.2, 4.35, 4.5, 4.6499999999999995, 4.8, 4.95, 5.1, 5.25, 5.3999999999999995, 5.55, 5.7, 5.85, 6.0, 6.1499999999999995, 6.3, 6.45, 6.6, 6.75, 6.8999999999999995, 7.05, 7.199999999999999, 7.35, 7.5, 7.6499999999999995, 7.8, 7.949999999999999, 8.1, 8.25, 8.4, 8.549999999999999, 8.7, 8.85, 9.0, 9.15, 9.299999999999999, 9.45, 9.6, 9.75, 9.9, 10.049999999999999, 10.2, 10.35, 10.5, 10.65, 10.799999999999999, 10.95, 11.1, 11.25, 11.4, 11.549999999999999, 11.7, 11.85, 12.0, 12.15, 12.299999999999999, 12.45, 12.6, 12.75, 12.9, 13.049999999999999, 13.2, 13.35, 13.5, 13.65, 13.799999999999999, 13.95, 14.1, 14.25, 14.399999999999999, 14.549999999999999, 14.7, 14.85, 15.0, 15.149999999999999",2007R_GLUT1_647_WGA_594_0002,2007,R,True,32.60090415913201,False
"11616, 12096, 12374, 12793, 13202, 13566, 13903, 14822, 16300, 18579, 22233, 23980, 27214, 31682, 33140, 36311, 36645, 41684, 47868, 53009, 65372, 81219, 95071, 101835, 109508, 120378, 122546, 127119, 130961, 134044, 140947, 150884, 157022, 166526, 174473, 176435, 177988, 178571, 180283, 180844, 183196, 183423, 179936, 176876, 173496, 166674, 156088, 152571, 147388, 143724, 138162, 129249, 114180, 98397, 90826, 70131, 56354, 42365, 37102, 35819, 33449, 32820, 30308, 28158, 27663, 25843, 24421, 23220, 22308, 22580, 22497, 22322, 22251, 21748, 21799, 21117, 20976, 20820, 20973, 20681, 20596, 20334, 20622, 20343, 20035, 19905, 19949, 20361, 20038, 19923, 19945, 20124, 20524, 20481, 20488, 20999, 20818, 21396, 21318, 22060, 23852, 25952",103,eGFP,"0.0, 0.15, 0.3, 0.44999999999999996, 0.6, 0.75, 0.8999999999999999, 1.05, 1.2, 1.3499999999999999, 1.5, 1.65, 1.7999999999999998, 1.95, 2.1, 2.25, 2.4, 2.55, 2.6999999999999997, 2.85, 3.0, 3.15, 3.3, 3.4499999999999997, 3.5999999999999996, 3.75, 3.9, 4.05, 4.2, 4.35, 4.5, 4.6499999999999995, 4.8, 4.95, 5.1, 5.25, 5.3999999999999995, 5.55, 5.7, 5.85, 6.0, 6.1499999999999995, 6.3, 6.45, 6.6, 6.75, 6.8999999999999995, 7.05, 7.199999999999999, 7.35, 7.5, 7.6499999999999995, 7.8, 7.949999999999999, 8.1, 8.25, 8.4, 8.549999999999999, 8.7, 8.85, 9.0, 9.15, 9.299999999999999, 9.45, 9.6, 9.75, 9.9, 10.049999999999999, 10.2, 10.35, 10.5, 10.65, 10.799999999999999, 10.95, 11.1, 11.25, 11.4, 11.549999999999999, 11.7, 11.85, 12.0, 12.15, 12.299999999999999, 12.45, 12.6, 12.75, 12.9, 13.049999999999999, 13.2, 13.35, 13.5, 13.65, 13.799999999999999, 13.95, 14.1, 14.25, 14.399999999999999, 14.549999999999999, 14.7, 14.85, 15.0, 15.149999999999999",2007R_GLUT1_647_WGA_594_0002,2007,R,True,32.60090415913201,False
"26802, 28616, 30691, 33026, 37769, 42554, 47093, 64437, 89332, 144789, 205625, 217892, 203226, 172204, 162415, 152083, 149600, 138482, 130313, 126559, 122295, 118397, 115001, 113262, 111264, 106875, 106397, 104003, 102006, 99922, 95955, 89236, 86440, 82821, 79070, 77547, 76608, 76357, 75021, 75438, 73189, 71727, 71884, 72747, 74354, 77662, 81287, 83127, 85186, 85883, 87584, 90130, 94136, 99273, 102531, 109752, 114647, 116324, 115040, 115314, 113433, 112406, 107812, 102681, 100459, 96592, 90515, 84887, 79689, 78651, 79512, 78480, 77367, 74051, 72329, 68045, 64681, 62864, 60019, 58174, 56339, 54831, 55250, 54155, 53557, 51649, 50072, 48983, 46660, 45263, 44254, 42678, 42324, 41678, 41058, 39851, 38373, 37333, 36270, 35364, 34087, 33060",103,WGA,"0.0, 0.15, 0.3, 0.44999999999999996, 0.6, 0.75, 0.8999999999999999, 1.05, 1.2, 1.3499999999999999, 1.5, 1.65, 1.7999999999999998, 1.95, 2.1, 2.25, 2.4, 2.55, 2.6999999999999997, 2.85, 3.0, 3.15, 3.3, 3.4499999999999997, 3.5999999999999996, 3.75, 3.9, 4.05, 4.2, 4.35, 4.5, 4.6499999999999995, 4.8, 4.95, 5.1, 5.25, 5.3999999999999995, 5.55, 5.7, 5.85, 6.0, 6.1499999999999995, 6.3, 6.45, 6.6, 6.75, 6.8999999999999995, 7.05, 7.199999999999999, 7.35, 7.5, 7.6499999999999995, 7.8, 7.949999999999999, 8.1, 8.25, 8.4, 8.549999999999999, 8.7, 8.85, 9.0, 9.15, 9.299999999999999, 9.45, 9.6, 9.75, 9.9, 10.049999999999999, 10.2, 10.35, 10.5, 10.65, 10.799999999999999, 10.95, 11.1, 11.25, 11.4, 11.549999999999999, 11.7, 11.85, 12.0, 12.15, 12.299999999999999, 12.45, 12.6, 12.75, 12.9, 13.049999999999999, 13.2, 13.35, 13.5, 13.65, 13.799999999999999, 13.95, 14.1, 14.25, 14.399999999999999, 14.549999999999999, 14.7, 14.85, 15.0, 15.149999999999999",2007R_GLUT1_647_WGA_594_0002,2007,R,True,32.60090415913201,False
"2673, 3014, 3542, 3948, 5105, 5899, 6857, 9930, 13994, 21969, 29901, 32156, 32037, 30278, 29224, 28894, 28659, 27876, 27441, 26968, 27196, 26499, 26002, 25239, 25151, 24482, 24384, 23978, 23380, 22896, 22345, 21053, 20211, 19071, 17837, 17258, 16935, 16902, 16421, 16460, 15716, 15504, 15311, 15326, 15714, 16265, 16672, 16974, 16966, 16932, 17268, 17626, 17133, 17535, 17879, 17986, 17911, 17206, 16857, 16737, 16423, 16291, 15317, 14655, 13919, 13718, 12506, 11956, 11221, 11057, 11183, 10949, 10850, 10389, 10130, 9635, 9227, 8933, 8549, 8322, 8088, 7835, 7857, 7586, 7509, 7251, 7084, 6756, 6349, 6170, 6085, 5923, 5785, 5572, 5772, 5300, 5073, 4800, 4622, 4694, 4304, 4230",103,GluT1,"0.0, 0.15, 0.3, 0.44999999999999996, 0.6, 0.75, 0.8999999999999999, 1.05, 1.2, 1.3499999999999999, 1.5, 1.65, 1.7999999999999998, 1.95, 2.1, 2.25, 2.4, 2.55, 2.6999999999999997, 2.85, 3.0, 3.15, 3.3, 3.4499999999999997, 3.5999999999999996, 3.75, 3.9, 4.05, 4.2, 4.35, 4.5, 4.6499999999999995, 4.8, 4.95, 5.1, 5.25, 5.3999999999999995, 5.55, 5.7, 5.85, 6.0, 6.1499999999999995, 6.3, 6.45, 6.6, 6.75, 6.8999999999999995, 7.05, 7.199999999999999, 7.35, 7.5, 7.6499999999999995, 7.8, 7.949999999999999, 8.1, 8.25, 8.4, 8.549999999999999, 8.7, 8.85, 9.0, 9.15, 9.299999999999999, 9.45, 9.6, 9.75, 9.9, 10.049999999999999, 10.2, 10.35, 10.5, 10.65, 10.799999999999999, 10.95, 11.1, 11.25, 11.4, 11.549999999999999, 11.7, 11.85, 12.0, 12.15, 12.299999999999999, 12.45, 12.6, 12.75, 12.9, 13.049999999999999, 13.2, 13.35, 13.5, 13.65, 13.799999999999999, 13.95, 14.1, 14.25, 14.399999999999999, 14.549999999999999, 14.7, 14.85, 15.0, 15.149999999999999",2007R_GLUT1_647_WGA_594_0002,2007,R,True,32.60090415913201,False
"57585, 57822, 59380, 60523, 62816, 65587, 67036, 73802, 81262, 90862, 102376, 108022, 122878, 138746, 143092, 152097, 154252, 162034, 172478, 178834, 191310, 208498, 221629, 229395, 240779, 254164, 259134, 265119, 273389, 278520, 289765, 303728, 308869, 311564, 309226, 304786, 301079, 301738, 293828, 296399, 279178, 270538, 256322, 236188, 214558, 180994, 147806, 135431, 123894, 120235, 111311, 102569, 94656, 89608, 86742, 84239, 81674, 79759, 80023, 79671, 78677, 78054, 76960, 76975, 76393, 75686, 75426, 75273, 75111, 75306, 74377, 74585, 74672, 74644, 74509, 74210, 72644, 74150, 73456, 73471, 73317, 73478, 73954, 73596, 73058, 73476, 72703, 72226, 72728, 72628, 72075, 73165, 72103, 72214, 72187, 71726, 71633, 71923, 71663, 70799, 71071, 71736",104,DAPI,"0.0, 0.15, 0.3, 0.44999999999999996, 0.6, 0.75, 0.8999999999999999, 1.05, 1.2, 1.3499999999999999, 1.5, 1.65, 1.7999999999999998, 1.95, 2.1, 2.25, 2.4, 2.55, 2.6999999999999997, 2.85, 3.0, 3.15, 3.3, 3.4499999999999997, 3.5999999999999996, 3.75, 3.9, 4.05, 4.2, 4.35, 4.5, 4.6499999999999995, 4.8, 4.95, 5.1, 5.25, 5.3999999999999995, 5.55, 5.7, 5.85, 6.0, 6.1499999999999995, 6.3, 6.45, 6.6, 6.75, 6.8999999999999995, 7.05, 7.199999999999999, 7.35, 7.5, 7.6499999999999995, 7.8, 7.949999999999999, 8.1, 8.25, 8.4, 8.549999999999999, 8.7, 8.85, 9.0, 9.15, 9.299999999999999, 9.45, 9.6, 9.75, 9.9, 10.049999999999999, 10.2, 10.35, 10.5, 10.65, 10.799999999999999, 10.95, 11.1, 11.25, 11.4, 11.549999999999999, 11.7, 11.85, 12.0, 12.15, 12.299999999999999, 12.45, 12.6, 12.75, 12.9, 13.049999999999999, 13.2, 13.35, 13.5, 13.65, 13.799999999999999, 13.95, 14.1, 14.25, 14.399999999999999, 14.549999999999999, 14.7, 14.85, 15.0, 15.149999999999999",2007R_GLUT1_647_WGA_594_0002,2007,R,True,47.85464302379842,False
"10183, 10959, 11202, 11838, 12164, 13052, 13345, 15224, 17053, 20985, 27244, 31130, 41365, 55834, 60586, 69336, 72062, 82370, 95664, 104294, 117288, 130404, 138123, 143377, 146584, 152454, 153522, 156010, 157630, 158886, 163417, 171122, 176911, 190255, 205105, 212134, 212939, 215215, 219187, 218890, 223926, 222012, 218384, 209095, 198890, 183350, 162073, 153108, 139594, 134289, 121402, 103787, 77722, 56299, 48677, 36748, 31124, 26147, 24458, 24461, 23439, 22879, 21053, 19978, 19640, 19202, 18522, 17965, 17379, 17151, 17224, 17273, 16912, 16558, 16612, 16445, 16267, 16044, 16018, 15730, 16180, 15754, 15846, 15714, 15584, 15383, 15026, 15132, 14873, 15276, 15011, 15203, 14923, 15190, 15132, 15081, 15306, 15052, 14951, 15259, 15219, 15491",104,eGFP,"0.0, 0.15, 0.3, 0.44999999999999996, 0.6, 0.75, 0.8999999999999999, 1.05, 1.2, 1.3499999999999999, 1.5, 1.65, 1.7999999999999998, 1.95, 2.1, 2.25, 2.4, 2.55, 2.6999999999999997, 2.85, 3.0, 3.15, 3.3, 3.4499999999999997, 3.5999999999999996, 3.75, 3.9, 4.05, 4.2, 4.35, 4.5, 4.6499999999999995, 4.8, 4.95, 5.1, 5.25, 5.3999999999999995, 5.55, 5.7, 5.85, 6.0, 6.1499999999999995, 6.3, 6.45, 6.6, 6.75, 6.8999999999999995, 7.05, 7.199999999999999, 7.35, 7.5, 7.6499999999999995, 7.8, 7.949999999999999, 8.1, 8.25, 8.4, 8.549999999999999, 8.7, 8.85, 9.0, 9.15, 9.299999999999999, 9.45, 9.6, 9.75, 9.9, 10.049999999999999, 10.2, 10.35, 10.5, 10.65, 10.799999999999999, 10.95, 11.1, 11.25, 11.4, 11.549999999999999, 11.7, 11.85, 12.0, 12.15, 12.299999999999999, 12.45, 12.6, 12.75, 12.9, 13.049999999999999, 13.2, 13.35, 13.5, 13.65, 13.799999999999999, 13.95, 14.1, 14.25, 14.399999999999999, 14.549999999999999, 14.7, 14.85, 15.0, 15.149999999999999",2007R_GLUT1_647_WGA_594_0002,2007,R,True,47.85464302379842,False
"21646, 23392, 25148, 26965, 31110, 35071, 39529, 55331, 81045, 145377, 205602, 211304, 186000, 156518, 149315, 142790, 141298, 133367, 125405, 119437, 107689, 97261, 92883, 91132, 89148, 86702, 86269, 85138, 84130, 82926, 81285, 79840, 79187, 76419, 71219, 67072, 65273, 64874, 60504, 61358, 56087, 54840, 55516, 58372, 62344, 68020, 75077, 78336, 82160, 83397, 87416, 92506, 100386, 106317, 107341, 106757, 102224, 94468, 90795, 90404, 87219, 86113, 81037, 76207, 73676, 69897, 64125, 60045, 56300, 55683, 56205, 54863, 54652, 52764, 52169, 49708, 47713, 46855, 44563, 43344, 42096, 41258, 41616, 40456, 39905, 38281, 37431, 36097, 34832, 33491, 32565, 31332, 31167, 30557, 30411, 29404, 29165, 28332, 27608, 27127, 26235, 25495",104,WGA,"0.0, 0.15, 0.3, 0.44999999999999996, 0.6, 0.75, 0.8999999999999999, 1.05, 1.2, 1.3499999999999999, 1.5, 1.65, 1.7999999999999998, 1.95, 2.1, 2.25, 2.4, 2.55, 2.6999999999999997, 2.85, 3.0, 3.15, 3.3, 3.4499999999999997, 3.5999999999999996, 3.75, 3.9, 4.05, 4.2, 4.35, 4.5, 4.6499999999999995, 4.8, 4.95, 5.1, 5.25, 5.3999999999999995, 5.55, 5.7, 5.85, 6.0, 6.1499999999999995, 6.3, 6.45, 6.6, 6.75, 6.8999999999999995, 7.05, 7.199999999999999, 7.35, 7.5, 7.6499999999999995, 7.8, 7.949999999999999, 8.1, 8.25, 8.4, 8.549999999999999, 8.7, 8.85, 9.0, 9.15, 9.299999999999999, 9.45, 9.6, 9.75, 9.9, 10.049999999999999, 10.2, 10.35, 10.5, 10.65, 10.799999999999999, 10.95, 11.1, 11.25, 11.4, 11.549999999999999, 11.7, 11.85, 12.0, 12.15, 12.299999999999999, 12.45, 12.6, 12.75, 12.9, 13.049999999999999, 13.2, 13.35, 13.5, 13.65, 13.799999999999999, 13.95, 14.1, 14.25, 14.399999999999999, 14.549999999999999, 14.7, 14.85, 15.0, 15.149999999999999",2007R_GLUT1_647_WGA_594_0002,2007,R,True,47.85464302379842,False
"2113, 2486, 2923, 3198, 4095, 4815, 5635, 8324, 12366, 22143, 30739, 32618, 31449, 29221, 28521, 27439, 27273, 26059, 24566, 23126, 20721, 18499, 17380, 16759, 16571, 16183, 16048, 16014, 15769, 15395, 15263, 14906, 14806, 14452, 13721, 12997, 12737, 12831, 12035, 12187, 11262, 11342, 11303, 12242, 13367, 14994, 16515, 17334, 17883, 17751, 18087, 18218, 18342, 17863, 17755, 16769, 15919, 14529, 13709, 13773, 13258, 13035, 12296, 11747, 11099, 10705, 9849, 9395, 8708, 8505, 8586, 8482, 8500, 8140, 8171, 7592, 7384, 7181, 6737, 6664, 6271, 6213, 6298, 6023, 6155, 5781, 5638, 5461, 5280, 5012, 4842, 4713, 4611, 4471, 4513, 4288, 4209, 4025, 3965, 3827, 3792, 3496",104,GluT1,"0.0, 0.15, 0.3, 0.44999999999999996, 0.6, 0.75, 0.8999999999999999, 1.05, 1.2, 1.3499999999999999, 1.5, 1.65, 1.7999999999999998, 1.95, 2.1, 2.25, 2.4, 2.55, 2.6999999999999997, 2.85, 3.0, 3.15, 3.3, 3.4499999999999997, 3.5999999999999996, 3.75, 3.9, 4.05, 4.2, 4.35, 4.5, 4.6499999999999995, 4.8, 4.95, 5.1, 5.25, 5.3999999999999995, 5.55, 5.7, 5.85, 6.0, 6.1499999999999995, 6.3, 6.45, 6.6, 6.75, 6.8999999999999995, 7.05, 7.199999999999999, 7.35, 7.5, 7.6499999999999995, 7.8, 7.949999999999999, 8.1, 8.25, 8.4, 8.549999999999999, 8.7, 8.85, 9.0, 9.15, 9.299999999999999, 9.45, 9.6, 9.75, 9.9, 10.049999999999999, 10.2, 10.35, 10.5, 10.65, 10.799999999999999, 10.95, 11.1, 11.25, 11.4, 11.549999999999999, 11.7, 11.85, 12.0, 12.15, 12.299999999999999, 12.45, 12.6, 12.75, 12.9, 13.049999999999999, 13.2, 13.35, 13.5, 13.65, 13.799999999999999, 13.95, 14.1, 14.25, 14.399999999999999, 14.549999999999999, 14.7, 14.85, 15.0, 15.149999999999999",2007R_GLUT1_647_WGA_594_0002,2007,R,True,47.85464302379842,False
"75320, 77498, 79875, 82047, 84106, 88036, 90780, 98577, 107750, 119104, 134252, 140577, 153791, 174561, 182269, 193567, 197384, 217572, 241652, 258065, 294515, 326723, 350977, 362241, 373570, 385322, 389457, 393292, 394223, 399515, 399578, 409653, 417295, 421715, 415139, 408078, 405515, 404350, 390631, 395154, 365291, 346303, 311007, 272643, 248134, 227460, 214272, 208234, 201315, 199944, 192449, 184669, 167438, 151486, 144222, 128000, 118153, 112511, 109465, 108654, 108056, 106089, 105814, 104638, 104805, 102209, 102100, 101279, 101474, 102003, 101104, 101368, 101752, 100880, 101269, 101259, 101740, 100754, 100710, 101242, 99577, 98856, 100143, 100433, 99179, 98789, 99032, 98932, 99282, 99243, 97976, 99771, 99487, 99550, 98947, 99569, 99164, 99720, 97670, 97741, 98358, 96688",105,DAPI,"0.0, 0.15, 0.3, 0.44999999999999996, 0.6, 0.75, 0.8999999999999999, 1.05, 1.2, 1.3499999999999999, 1.5, 1.65, 1.7999999999999998, 1.95, 2.1, 2.25, 2.4, 2.55, 2.6999999999999997, 2.85, 3.0, 3.15, 3.3, 3.4499999999999997, 3.5999999999999996, 3.75, 3.9, 4.05, 4.2, 4.35, 4.5, 4.6499999999999995, 4.8, 4.95, 5.1, 5.25, 5.3999999999999995, 5.55, 5.7, 5.85, 6.0, 6.1499999999999995, 6.3, 6.45, 6.6, 6.75, 6.8999999999999995, 7.05, 7.199999999999999, 7.35, 7.5, 7.6499999999999995, 7.8, 7.949999999999999, 8.1, 8.25, 8.4, 8.549999999999999, 8.7, 8.85, 9.0, 9.15, 9.299999999999999, 9.45, 9.6, 9.75, 9.9, 10.049999999999999, 10.2, 10.35, 10.5, 10.65, 10.799999999999999, 10.95, 11.1, 11.25, 11.4, 11.549999999999999, 11.7, 11.85, 12.0, 12.15, 12.299999999999999, 12.45, 12.6, 12.75, 12.9, 13.049999999999999, 13.2, 13.35, 13.5, 13.65, 13.799999999999999, 13.95, 14.1, 14.25, 14.399999999999999, 14.549999999999999, 14.7, 14.85, 15.0, 15.149999999999999",2007R_GLUT1_647_WGA_594_0002,2007,R,False,5.720917727191253,False
"10868, 11017, 11126, 11431, 11421, 11887, 11750, 12451, 13355, 15158, 17279, 18596, 19980, 21277, 21241, 21883, 21925, 22412, 22801, 23145, 23425, 24011, 25093, 25778, 26375, 27548, 27457, 28099, 28912, 29019, 29797, 31755, 32220, 31917, 32536, 32284, 32600, 33200, 34234, 33552, 39284, 41802, 46885, 54073, 59088, 64430, 69223, 70458, 70437, 71210, 71708, 69681, 66032, 60307, 58245, 51420, 45035, 36683, 33616, 32342, 30835, 30442, 27229, 26193, 25638, 24965, 24288, 23663, 23816, 23723, 23044, 23694, 23682, 23154, 23625, 23424, 23732, 24009, 23893, 23596, 24148, 24251, 24263, 23907, 23756, 23907, 24022, 23794, 24002, 24020, 24094, 23551, 23754, 23951, 24384, 24499, 24943, 25848, 25848, 26443, 27235, 27345",105,eGFP,"0.0, 0.15, 0.3, 0.44999999999999996, 0.6, 0.75, 0.8999999999999999, 1.05, 1.2, 1.3499999999999999, 1.5, 1.65, 1.7999999999999998, 1.95, 2.1, 2.25, 2.4, 2.55, 2.6999999999999997, 2.85, 3.0, 3.15, 3.3, 3.4499999999999997, 3.5999999999999996, 3.75, 3.9, 4.05, 4.2, 4.35, 4.5, 4.6499999999999995, 4.8, 4.95, 5.1, 5.25, 5.3999999999999995, 5.55, 5.7, 5.85, 6.0, 6.1499999999999995, 6.3, 6.45, 6.6, 6.75, 6.8999999999999995, 7.05, 7.199999999999999, 7.35, 7.5, 7.6499999999999995, 7.8, 7.949999999999999, 8.1, 8.25, 8.4, 8.549999999999999, 8.7, 8.85, 9.0, 9.15, 9.299999999999999, 9.45, 9.6, 9.75, 9.9, 10.049999999999999, 10.2, 10.35, 10.5, 10.65, 10.799999999999999, 10.95, 11.1, 11.25, 11.4, 11.549999999999999, 11.7, 11.85, 12.0, 12.15, 12.299999999999999, 12.45, 12.6, 12.75, 12.9, 13.049999999999999, 13.2, 13.35, 13.5, 13.65, 13.799999999999999, 13.95, 14.1, 14.25, 14.399999999999999, 14.549999999999999, 14.7, 14.85, 15.0, 15.149999999999999",2007R_GLUT1_647_WGA_594_0002,2007,R,False,5.720917727191253,False
"28179, 30617, 33036, 34995, 40301, 45780, 51221, 72391, 108060, 197687, 276840, 279363, 233805, 189631, 180547, 173703, 172565, 170670, 172200, 174297, 174281, 166130, 154328, 146613, 137983, 127963, 125497, 121634, 118252, 116578, 113444, 110201, 109282, 107180, 106014, 105618, 105976, 105568, 106806, 106151, 107985, 108517, 107302, 105311, 102172, 98501, 93288, 91203, 90146, 88949, 87672, 87191, 89033, 91661, 92647, 93047, 93874, 95690, 96874, 96540, 96555, 96301, 94499, 91358, 89566, 86653, 81607, 77876, 74443, 73647, 74290, 73301, 72943, 70633, 69748, 67098, 64211, 61804, 59239, 56272, 54592, 53406, 54049, 51869, 51586, 49832, 48326, 47280, 44853, 43051, 41978, 40724, 40365, 39874, 39490, 38582, 37756, 36973, 36384, 35758, 34883, 34137",105,WGA,"0.0, 0.15, 0.3, 0.44999999999999996, 0.6, 0.75, 0.8999999999999999, 1.05, 1.2, 1.3499999999999999, 1.5, 1.65, 1.7999999999999998, 1.95, 2.1, 2.25, 2.4, 2.55, 2.6999999999999997, 2.85, 3.0, 3.15, 3.3, 3.4499999999999997, 3.5999999999999996, 3.75, 3.9, 4.05, 4.2, 4.35, 4.5, 4.6499999999999995, 4.8, 4.95, 5.1, 5.25, 5.3999999999999995, 5.55, 5.7, 5.85, 6.0, 6.1499999999999995, 6.3, 6.45, 6.6, 6.75, 6.8999999999999995, 7.05, 7.199999999999999, 7.35, 7.5, 7.6499999999999995, 7.8, 7.949999999999999, 8.1, 8.25, 8.4, 8.549999999999999, 8.7, 8.85, 9.0, 9.15, 9.299999999999999, 9.45, 9.6, 9.75, 9.9, 10.049999999999999, 10.2, 10.35, 10.5, 10.65, 10.799999999999999, 10.95, 11.1, 11.25, 11.4, 11.549999999999999, 11.7, 11.85, 12.0, 12.15, 12.299999999999999, 12.45, 12.6, 12.75, 12.9, 13.049999999999999, 13.2, 13.35, 13.5, 13.65, 13.799999999999999, 13.95, 14.1, 14.25, 14.399999999999999, 14.549999999999999, 14.7, 14.85, 15.0, 15.149999999999999",2007R_GLUT1_647_WGA_594_0002,2007,R,False,5.720917727191253,False
"2736, 3263, 3772, 4213, 5363, 6194, 7242, 10774, 16582, 29510, 40494, 42438, 39372, 35747, 34527, 34135, 33695, 33236, 32563, 32369, 30992, 28086, 25460, 23968, 22296, 20465, 20125, 19564, 18841, 18785, 18069, 17450, 17264, 17076, 17146, 17176, 17290, 17480, 17824, 17643, 18474, 19031, 19017, 19309, 18992, 18865, 18361, 18284, 18186, 17870, 17910, 17643, 17815, 18120, 18125, 17894, 17733, 16846, 16628, 16312, 16136, 15785, 15299, 14466, 14294, 13632, 12864, 12287, 11743, 11548, 11588, 11336, 11391, 10869, 10928, 10467, 9929, 9503, 9068, 8589, 8239, 8127, 8056, 7851, 7850, 7425, 7333, 7006, 6625, 6530, 6269, 6022, 6051, 5780, 5916, 5618, 5437, 5224, 5266, 5121, 4753, 4817",105,GluT1,"0.0, 0.15, 0.3, 0.44999999999999996, 0.6, 0.75, 0.8999999999999999, 1.05, 1.2, 1.3499999999999999, 1.5, 1.65, 1.7999999999999998, 1.95, 2.1, 2.25, 2.4, 2.55, 2.6999999999999997, 2.85, 3.0, 3.15, 3.3, 3.4499999999999997, 3.5999999999999996, 3.75, 3.9, 4.05, 4.2, 4.35, 4.5, 4.6499999999999995, 4.8, 4.95, 5.1, 5.25, 5.3999999999999995, 5.55, 5.7, 5.85, 6.0, 6.1499999999999995, 6.3, 6.45, 6.6, 6.75, 6.8999999999999995, 7.05, 7.199999999999999, 7.35, 7.5, 7.6499999999999995, 7.8, 7.949999999999999, 8.1, 8.25, 8.4, 8.549999999999999, 8.7, 8.85, 9.0, 9.15, 9.299999999999999, 9.45, 9.6, 9.75, 9.9, 10.049999999999999, 10.2, 10.35, 10.5, 10.65, 10.799999999999999, 10.95, 11.1, 11.25, 11.4, 11.549999999999999, 11.7, 11.85, 12.0, 12.15, 12.299999999999999, 12.45, 12.6, 12.75, 12.9, 13.049999999999999, 13.2, 13.35, 13.5, 13.65, 13.799999999999999, 13.95, 14.1, 14.25, 14.399999999999999, 14.549999999999999, 14.7, 14.85, 15.0, 15.149999999999999",2007R_GLUT1_647_WGA_594_0002,2007,R,False,5.720917727191253,False
"75378, 76470, 77400, 78428, 79177, 81500, 82422, 87270, 92113, 98454, 104022, 105752, 107195, 107846, 108644, 109344, 108257, 107036, 109540, 110335, 109258, 112420, 115229, 116345, 117635, 122396, 122466, 125167, 126838, 129567, 136116, 155499, 169940, 200938, 238723, 263587, 273374, 280779, 309183, 299961, 349080, 368610, 387904, 398214, 389003, 361365, 332855, 325838, 314329, 309955, 298834, 280683, 242544, 200926, 182138, 150446, 135101, 124219, 120047, 119259, 117384, 115762, 113790, 110144, 109806, 108087, 106225, 106001, 104114, 103583, 104482, 105344, 104051, 103572, 102940, 102865, 102356, 101180, 101233, 101785, 100821, 101012, 100005, 100700, 100307, 99520, 99015, 99677, 99741, 99284, 99291, 99072, 97718, 99050, 98525, 99155, 98039, 97150, 98543, 98688, 98195, 97409",106,DAPI,"0.0, 0.15, 0.3, 0.44999999999999996, 0.6, 0.75, 0.8999999999999999, 1.05, 1.2, 1.3499999999999999, 1.5, 1.65, 1.7999999999999998, 1.95, 2.1, 2.25, 2.4, 2.55, 2.6999999999999997, 2.85, 3.0, 3.15, 3.3, 3.4499999999999997, 3.5999999999999996, 3.75, 3.9, 4.05, 4.2, 4.35, 4.5, 4.6499999999999995, 4.8, 4.95, 5.1, 5.25, 5.3999999999999995, 5.55, 5.7, 5.85, 6.0, 6.1499999999999995, 6.3, 6.45, 6.6, 6.75, 6.8999999999999995, 7.05, 7.199999999999999, 7.35, 7.5, 7.6499999999999995, 7.8, 7.949999999999999, 8.1, 8.25, 8.4, 8.549999999999999, 8.7, 8.85, 9.0, 9.15, 9.299999999999999, 9.45, 9.6, 9.75, 9.9, 10.049999999999999, 10.2, 10.35, 10.5, 10.65, 10.799999999999999, 10.95, 11.1, 11.25, 11.4, 11.549999999999999, 11.7, 11.85, 12.0, 12.15, 12.299999999999999, 12.45, 12.6, 12.75, 12.9, 13.049999999999999, 13.2, 13.35, 13.5, 13.65, 13.799999999999999, 13.95, 14.1, 14.25, 14.399999999999999, 14.549999999999999, 14.7, 14.85, 15.0, 15.149999999999999",2007R_GLUT1_647_WGA_594_0002,2007,R,False,5.647375504710633,False
"11430, 11548, 11810, 12314, 12235, 12669, 12582, 13377, 14403, 16594, 19342, 20681, 23375, 26027, 26861, 28500, 28864, 31032, 34030, 36109, 41871, 47608, 50680, 52790, 52935, 54874, 54514, 54189, 54868, 54596, 53525, 53050, 52625, 50757, 47044, 45220, 43677, 43112, 40938, 41515, 38217, 36660, 34770, 33568, 33133, 32298, 32690, 32145, 31816, 31707, 31592, 30901, 30848, 30510, 30159, 29326, 28075, 25608, 24569, 24521, 23688, 23491, 22925, 22256, 22173, 21669, 21395, 21310, 21437, 20993, 20955, 21045, 21207, 20867, 20845, 20905, 20669, 20765, 20941, 21001, 21165, 20764, 20953, 21068, 21071, 21120, 21099, 21536, 21648, 21189, 21578, 21477, 21180, 21561, 21750, 21681, 21673, 21635, 21511, 22271, 22767, 24491",106,eGFP,"0.0, 0.15, 0.3, 0.44999999999999996, 0.6, 0.75, 0.8999999999999999, 1.05, 1.2, 1.3499999999999999, 1.5, 1.65, 1.7999999999999998, 1.95, 2.1, 2.25, 2.4, 2.55, 2.6999999999999997, 2.85, 3.0, 3.15, 3.3, 3.4499999999999997, 3.5999999999999996, 3.75, 3.9, 4.05, 4.2, 4.35, 4.5, 4.6499999999999995, 4.8, 4.95, 5.1, 5.25, 5.3999999999999995, 5.55, 5.7, 5.85, 6.0, 6.1499999999999995, 6.3, 6.45, 6.6, 6.75, 6.8999999999999995, 7.05, 7.199999999999999, 7.35, 7.5, 7.6499999999999995, 7.8, 7.949999999999999, 8.1, 8.25, 8.4, 8.549999999999999, 8.7, 8.85, 9.0, 9.15, 9.299999999999999, 9.45, 9.6, 9.75, 9.9, 10.049999999999999, 10.2, 10.35, 10.5, 10.65, 10.799999999999999, 10.95, 11.1, 11.25, 11.4, 11.549999999999999, 11.7, 11.85, 12.0, 12.15, 12.299999999999999, 12.45, 12.6, 12.75, 12.9, 13.049999999999999, 13.2, 13.35, 13.5, 13.65, 13.799999999999999, 13.95, 14.1, 14.25, 14.399999999999999, 14.549999999999999, 14.7, 14.85, 15.0, 15.149999999999999",2007R_GLUT1_647_WGA_594_0002,2007,R,False,5.647375504710633,False
"28011, 29758, 31728, 33300, 37247, 41736, 45772, 61686, 88148, 157028, 228142, 236636, 204715, 163670, 153065, 142352, 141106, 132319, 128536, 127125, 127268, 129023, 130466, 130086, 128513, 125270, 124303, 122271, 121773, 121051, 117810, 113906, 110263, 102111, 92793, 87235, 85306, 83831, 78480, 79679, 69702, 65914, 59947, 53927, 49867, 46753, 45386, 45406, 46196, 46257, 47342, 49792, 55916, 64559, 69432, 79121, 84074, 86942, 86401, 87050, 85929, 85677, 83731, 81545, 80132, 77589, 73489, 69668, 66155, 65192, 65800, 64943, 64384, 61712, 60953, 57988, 55684, 54051, 51871, 50733, 49516, 49144, 49519, 48789, 47923, 46874, 45532, 44451, 42814, 41193, 40521, 39704, 39076, 38536, 38317, 37370, 36679, 36080, 35651, 35047, 34089, 33522",106,WGA,"0.0, 0.15, 0.3, 0.44999999999999996, 0.6, 0.75, 0.8999999999999999, 1.05, 1.2, 1.3499999999999999, 1.5, 1.65, 1.7999999999999998, 1.95, 2.1, 2.25, 2.4, 2.55, 2.6999999999999997, 2.85, 3.0, 3.15, 3.3, 3.4499999999999997, 3.5999999999999996, 3.75, 3.9, 4.05, 4.2, 4.35, 4.5, 4.6499999999999995, 4.8, 4.95, 5.1, 5.25, 5.3999999999999995, 5.55, 5.7, 5.85, 6.0, 6.1499999999999995, 6.3, 6.45, 6.6, 6.75, 6.8999999999999995, 7.05, 7.199999999999999, 7.35, 7.5, 7.6499999999999995, 7.8, 7.949999999999999, 8.1, 8.25, 8.4, 8.549999999999999, 8.7, 8.85, 9.0, 9.15, 9.299999999999999, 9.45, 9.6, 9.75, 9.9, 10.049999999999999, 10.2, 10.35, 10.5, 10.65, 10.799999999999999, 10.95, 11.1, 11.25, 11.4, 11.549999999999999, 11.7, 11.85, 12.0, 12.15, 12.299999999999999, 12.45, 12.6, 12.75, 12.9, 13.049999999999999, 13.2, 13.35, 13.5, 13.65, 13.799999999999999, 13.95, 14.1, 14.25, 14.399999999999999, 14.549999999999999, 14.7, 14.85, 15.0, 15.149999999999999",2007R_GLUT1_647_WGA_594_0002,2007,R,False,5.647375504710633,False
"2753, 3181, 3718, 3980, 4941, 5809, 6648, 9524, 14365, 25044, 35200, 37533, 36139, 33394, 32080, 30964, 30768, 29512, 29001, 28767, 28646, 28421, 27999, 27400, 26936, 25802, 25539, 25524, 25216, 24990, 24732, 23850, 23476, 22329, 20982, 19888, 19474, 19658, 18170, 18411, 16090, 15088, 13873, 12057, 10911, 9925, 9251, 9303, 9376, 9273, 9565, 10169, 11255, 12454, 13238, 14046, 14419, 13849, 13445, 13525, 13338, 12943, 12434, 12131, 11758, 11520, 10818, 10341, 9836, 9702, 9791, 9676, 9446, 9098, 9016, 8687, 8333, 8081, 7885, 7795, 7425, 7468, 7388, 7166, 7280, 6801, 6622, 6466, 6053, 5811, 5635, 5557, 5500, 5233, 5254, 4951, 4942, 4645, 4783, 4582, 4469, 4459",106,GluT1,"0.0, 0.15, 0.3, 0.44999999999999996, 0.6, 0.75, 0.8999999999999999, 1.05, 1.2, 1.3499999999999999, 1.5, 1.65, 1.7999999999999998, 1.95, 2.1, 2.25, 2.4, 2.55, 2.6999999999999997, 2.85, 3.0, 3.15, 3.3, 3.4499999999999997, 3.5999999999999996, 3.75, 3.9, 4.05, 4.2, 4.35, 4.5, 4.6499999999999995, 4.8, 4.95, 5.1, 5.25, 5.3999999999999995, 5.55, 5.7, 5.85, 6.0, 6.1499999999999995, 6.3, 6.45, 6.6, 6.75, 6.8999999999999995, 7.05, 7.199999999999999, 7.35, 7.5, 7.6499999999999995, 7.8, 7.949999999999999, 8.1, 8.25, 8.4, 8.549999999999999, 8.7, 8.85, 9.0, 9.15, 9.299999999999999, 9.45, 9.6, 9.75, 9.9, 10.049999999999999, 10.2, 10.35, 10.5, 10.65, 10.799999999999999, 10.95, 11.1, 11.25, 11.4, 11.549999999999999, 11.7, 11.85, 12.0, 12.15, 12.299999999999999, 12.45, 12.6, 12.75, 12.9, 13.049999999999999, 13.2, 13.35, 13.5, 13.65, 13.799999999999999, 13.95, 14.1, 14.25, 14.399999999999999, 14.549999999999999, 14.7, 14.85, 15.0, 15.149999999999999",2007R_GLUT1_647_WGA_594_0002,2007,R,False,5.647375504710633,False
"7049, 7312, 7385, 7450, 7581, 7800, 7760, 8109, 8883, 9404, 10060, 10459, 11003, 11149, 11804, 11482, 11490, 11435, 12543, 12733, 14275, 16294, 18887, 20371, 21128, 23560, 23709, 24488, 24556, 26080, 27510, 30456, 31617, 33440, 34771, 35263, 35775, 35041, 35047, 35135, 35419, 34181, 33139, 32673, 32299, 32378, 31511, 30887, 30544, 29726, 28383, 26330, 22890, 18781, 16625, 13584, 12627, 11489, 11116, 11418, 11127, 10440, 10125, 10116, 9990, 10076, 10002, 9663, 9806, 9725, 9760, 9687, 9708, 9722, 9864, 9547, 9860, 9949, 10084, 9723, 9703, 9895, 9639, 9521, 9649, 9663, 9397, 9400, 9451, 9128, 9174, 8992, 9083, 9056, 9441, 9180, 9025, 9026, 8913, 9005, 9251, 8996",107,DAPI,"0.0, 0.15, 0.3, 0.44999999999999996, 0.6, 0.75, 0.8999999999999999, 1.05, 1.2, 1.3499999999999999, 1.5, 1.65, 1.7999999999999998, 1.95, 2.1, 2.25, 2.4, 2.55, 2.6999999999999997, 2.85, 3.0, 3.15, 3.3, 3.4499999999999997, 3.5999999999999996, 3.75, 3.9, 4.05, 4.2, 4.35, 4.5, 4.6499999999999995, 4.8, 4.95, 5.1, 5.25, 5.3999999999999995, 5.55, 5.7, 5.85, 6.0, 6.1499999999999995, 6.3, 6.45, 6.6, 6.75, 6.8999999999999995, 7.05, 7.199999999999999, 7.35, 7.5, 7.6499999999999995, 7.8, 7.949999999999999, 8.1, 8.25, 8.4, 8.549999999999999, 8.7, 8.85, 9.0, 9.15, 9.299999999999999, 9.45, 9.6, 9.75, 9.9, 10.049999999999999, 10.2, 10.35, 10.5, 10.65, 10.799999999999999, 10.95, 11.1, 11.25, 11.4, 11.549999999999999, 11.7, 11.85, 12.0, 12.15, 12.299999999999999, 12.45, 12.6, 12.75, 12.9, 13.049999999999999, 13.2, 13.35, 13.5, 13.65, 13.799999999999999, 13.95, 14.1, 14.25, 14.399999999999999, 14.549999999999999, 14.7, 14.85, 15.0, 15.149999999999999",2007R_GLUT1_647_WGA_594_0002,2007,R,False,3.2884250474383303,False
"1036, 1041, 1099, 1142, 1062, 1105, 1116, 1136, 1257, 1402, 1746, 1730, 1888, 2052, 2015, 2149, 2201, 2144, 2203, 2267, 2154, 2201, 2163, 2013, 2076, 2027, 2019, 2058, 2110, 2026, 2093, 2138, 1953, 1983, 1998, 1929, 1912, 1895, 1953, 1935, 1915, 1784, 1733, 1632, 1646, 1598, 1606, 1656, 1693, 1723, 1650, 1781, 1897, 1980, 2094, 2082, 2194, 2397, 2449, 2438, 2355, 2391, 2161, 2189, 2077, 2092, 1864, 1886, 1962, 1972, 1965, 1918, 1947, 2054, 1951, 1961, 2070, 1989, 2089, 2076, 2255, 2178, 2136, 2209, 2256, 2062, 2158, 2068, 1942, 1877, 1902, 1872, 1981, 1858, 1816, 1880, 1881, 1905, 1793, 1843, 1915, 1843",107,eGFP,"0.0, 0.15, 0.3, 0.44999999999999996, 0.6, 0.75, 0.8999999999999999, 1.05, 1.2, 1.3499999999999999, 1.5, 1.65, 1.7999999999999998, 1.95, 2.1, 2.25, 2.4, 2.55, 2.6999999999999997, 2.85, 3.0, 3.15, 3.3, 3.4499999999999997, 3.5999999999999996, 3.75, 3.9, 4.05, 4.2, 4.35, 4.5, 4.6499999999999995, 4.8, 4.95, 5.1, 5.25, 5.3999999999999995, 5.55, 5.7, 5.85, 6.0, 6.1499999999999995, 6.3, 6.45, 6.6, 6.75, 6.8999999999999995, 7.05, 7.199999999999999, 7.35, 7.5, 7.6499999999999995, 7.8, 7.949999999999999, 8.1, 8.25, 8.4, 8.549999999999999, 8.7, 8.85, 9.0, 9.15, 9.299999999999999, 9.45, 9.6, 9.75, 9.9, 10.049999999999999, 10.2, 10.35, 10.5, 10.65, 10.799999999999999, 10.95, 11.1, 11.25, 11.4, 11.549999999999999, 11.7, 11.85, 12.0, 12.15, 12.299999999999999, 12.45, 12.6, 12.75, 12.9, 13.049999999999999, 13.2, 13.35, 13.5, 13.65, 13.799999999999999, 13.95, 14.1, 14.25, 14.399999999999999, 14.549999999999999, 14.7, 14.85, 15.0, 15.149999999999999",2007R_GLUT1_647_WGA_594_0002,2007,R,False,3.2884250474383303,False
"2567, 2742, 2864, 3113, 3414, 3955, 4472, 6130, 8991, 15718, 23489, 23757, 19507, 14914, 13493, 12367, 11680, 10954, 10239, 9770, 9179, 8470, 8004, 7562, 7356, 7013, 6938, 6908, 6783, 6770, 6475, 6160, 6042, 5649, 5525, 5223, 5162, 5253, 5152, 5165, 4817, 4492, 4167, 3876, 3755, 3798, 3942, 4067, 4193, 4269, 4524, 4817, 5675, 6356, 7023, 8041, 8844, 9842, 9836, 10024, 9620, 9719, 9131, 8688, 8575, 8217, 7699, 7244, 6955, 6828, 7033, 6704, 6630, 6418, 6344, 6109, 5864, 5558, 5517, 5322, 5294, 5132, 5252, 5169, 5054, 5052, 4867, 4825, 4633, 4368, 4305, 4133, 4096, 3943, 3947, 3722, 3625, 3501, 3411, 3303, 3259, 3182",107,WGA,"0.0, 0.15, 0.3, 0.44999999999999996, 0.6, 0.75, 0.8999999999999999, 1.05, 1.2, 1.3499999999999999, 1.5, 1.65, 1.7999999999999998, 1.95, 2.1, 2.25, 2.4, 2.55, 2.6999999999999997, 2.85, 3.0, 3.15, 3.3, 3.4499999999999997, 3.5999999999999996, 3.75, 3.9, 4.05, 4.2, 4.35, 4.5, 4.6499999999999995, 4.8, 4.95, 5.1, 5.25, 5.3999999999999995, 5.55, 5.7, 5.85, 6.0, 6.1499999999999995, 6.3, 6.45, 6.6, 6.75, 6.8999999999999995, 7.05, 7.199999999999999, 7.35, 7.5, 7.6499999999999995, 7.8, 7.949999999999999, 8.1, 8.25, 8.4, 8.549999999999999, 8.7, 8.85, 9.0, 9.15, 9.299999999999999, 9.45, 9.6, 9.75, 9.9, 10.049999999999999, 10.2, 10.35, 10.5, 10.65, 10.799999999999999, 10.95, 11.1, 11.25, 11.4, 11.549999999999999, 11.7, 11.85, 12.0, 12.15, 12.299999999999999, 12.45, 12.6, 12.75, 12.9, 13.049999999999999, 13.2, 13.35, 13.5, 13.65, 13.799999999999999, 13.95, 14.1, 14.25, 14.399999999999999, 14.549999999999999, 14.7, 14.85, 15.0, 15.149999999999999",2007R_GLUT1_647_WGA_594_0002,2007,R,False,3.2884250474383303,False
"282, 320, 356, 374, 522, 603, 720, 1052, 1483, 2555, 3702, 3802, 3710, 3428, 3625, 3443, 3528, 3591, 3689, 3668, 3781, 3690, 3807, 3860, 3745, 3412, 3335, 3318, 3031, 3044, 2675, 2221, 2037, 1625, 1481, 1358, 1386, 1329, 1341, 1310, 1150, 1134, 1029, 912, 915, 839, 851, 847, 855, 878, 912, 978, 1094, 1193, 1273, 1417, 1442, 1479, 1409, 1432, 1418, 1383, 1335, 1218, 1213, 1148, 1069, 1069, 969, 938, 1004, 931, 956, 905, 950, 868, 844, 850, 801, 806, 753, 762, 777, 741, 721, 739, 726, 706, 716, 681, 661, 619, 628, 577, 589, 512, 510, 513, 475, 507, 493, 489",107,GluT1,"0.0, 0.15, 0.3, 0.44999999999999996, 0.6, 0.75, 0.8999999999999999, 1.05, 1.2, 1.3499999999999999, 1.5, 1.65, 1.7999999999999998, 1.95, 2.1, 2.25, 2.4, 2.55, 2.6999999999999997, 2.85, 3.0, 3.15, 3.3, 3.4499999999999997, 3.5999999999999996, 3.75, 3.9, 4.05, 4.2, 4.35, 4.5, 4.6499999999999995, 4.8, 4.95, 5.1, 5.25, 5.3999999999999995, 5.55, 5.7, 5.85, 6.0, 6.1499999999999995, 6.3, 6.45, 6.6, 6.75, 6.8999999999999995, 7.05, 7.199999999999999, 7.35, 7.5, 7.6499999999999995, 7.8, 7.949999999999999, 8.1, 8.25, 8.4, 8.549999999999999, 8.7, 8.85, 9.0, 9.15, 9.299999999999999, 9.45, 9.6, 9.75, 9.9, 10.049999999999999, 10.2, 10.35, 10.5, 10.65, 10.799999999999999, 10.95, 11.1, 11.25, 11.4, 11.549999999999999, 11.7, 11.85, 12.0, 12.15, 12.299999999999999, 12.45, 12.6, 12.75, 12.9, 13.049999999999999, 13.2, 13.35, 13.5, 13.65, 13.799999999999999, 13.95, 14.1, 14.25, 14.399999999999999, 14.549999999999999, 14.7, 14.85, 15.0, 15.149999999999999",2007R_GLUT1_647_WGA_594_0002,2007,R,False,3.2884250474383303,False
"94220, 94641, 95921, 97100, 100437, 103614, 106272, 111666, 118864, 130185, 138531, 143755, 150526, 159297, 163385, 168802, 170724, 178621, 188170, 195744, 213420, 232093, 254279, 265752, 278486, 295028, 299297, 310395, 314563, 320227, 332507, 354718, 360616, 368614, 369209, 371330, 369679, 371124, 366396, 366525, 352908, 346114, 329827, 306639, 282787, 251968, 220259, 206530, 190236, 183066, 170621, 159115, 148185, 141732, 139545, 134687, 131417, 128821, 127416, 128484, 127659, 126030, 126172, 125211, 124828, 125584, 124420, 122629, 123303, 124102, 124023, 123149, 123140, 123269, 122056, 122036, 121743, 120281, 120781, 120921, 120060, 120542, 121464, 121141, 120489, 119803, 119810, 119004, 119981, 119808, 119855, 119993, 120791, 119007, 118828, 118125, 118360, 118036, 118191, 119783, 118517, 117916",108,DAPI,"0.0, 0.15, 0.3, 0.44999999999999996, 0.6, 0.75, 0.8999999999999999, 1.05, 1.2, 1.3499999999999999, 1.5, 1.65, 1.7999999999999998, 1.95, 2.1, 2.25, 2.4, 2.55, 2.6999999999999997, 2.85, 3.0, 3.15, 3.3, 3.4499999999999997, 3.5999999999999996, 3.75, 3.9, 4.05, 4.2, 4.35, 4.5, 4.6499999999999995, 4.8, 4.95, 5.1, 5.25, 5.3999999999999995, 5.55, 5.7, 5.85, 6.0, 6.1499999999999995, 6.3, 6.45, 6.6, 6.75, 6.8999999999999995, 7.05, 7.199999999999999, 7.35, 7.5, 7.6499999999999995, 7.8, 7.949999999999999, 8.1, 8.25, 8.4, 8.549999999999999, 8.7, 8.85, 9.0, 9.15, 9.299999999999999, 9.45, 9.6, 9.75, 9.9, 10.049999999999999, 10.2, 10.35, 10.5, 10.65, 10.799999999999999, 10.95, 11.1, 11.25, 11.4, 11.549999999999999, 11.7, 11.85, 12.0, 12.15, 12.299999999999999, 12.45, 12.6, 12.75, 12.9, 13.049999999999999, 13.2, 13.35, 13.5, 13.65, 13.799999999999999, 13.95, 14.1, 14.25, 14.399999999999999, 14.549999999999999, 14.7, 14.85, 15.0, 15.149999999999999",2007R_GLUT1_647_WGA_594_0002,2007,R,False,6.139627842866989,False
"13850, 14051, 14256, 14594, 14447, 15078, 14931, 15771, 17341, 19349, 22347, 23890, 26041, 28321, 29101, 29960, 30654, 31639, 33127, 34790, 36997, 41567, 45196, 46993, 48971, 50615, 50609, 50804, 50345, 50004, 48810, 47394, 46687, 46343, 45108, 44920, 44371, 44543, 43368, 44357, 43008, 41897, 41396, 40886, 40380, 38946, 37863, 37094, 35870, 35220, 34010, 32837, 30277, 28083, 27527, 26967, 26202, 26187, 26088, 25762, 25118, 25505, 25242, 25063, 25000, 24973, 24787, 24740, 24395, 24236, 24391, 24709, 24258, 24526, 24408, 24424, 24086, 24247, 24198, 23974, 24310, 24495, 24397, 24482, 24497, 24257, 24256, 24427, 24682, 24966, 24947, 25135, 24798, 25070, 25258, 25504, 25467, 26091, 26230, 27504, 28856, 30148",108,eGFP,"0.0, 0.15, 0.3, 0.44999999999999996, 0.6, 0.75, 0.8999999999999999, 1.05, 1.2, 1.3499999999999999, 1.5, 1.65, 1.7999999999999998, 1.95, 2.1, 2.25, 2.4, 2.55, 2.6999999999999997, 2.85, 3.0, 3.15, 3.3, 3.4499999999999997, 3.5999999999999996, 3.75, 3.9, 4.05, 4.2, 4.35, 4.5, 4.6499999999999995, 4.8, 4.95, 5.1, 5.25, 5.3999999999999995, 5.55, 5.7, 5.85, 6.0, 6.1499999999999995, 6.3, 6.45, 6.6, 6.75, 6.8999999999999995, 7.05, 7.199999999999999, 7.35, 7.5, 7.6499999999999995, 7.8, 7.949999999999999, 8.1, 8.25, 8.4, 8.549999999999999, 8.7, 8.85, 9.0, 9.15, 9.299999999999999, 9.45, 9.6, 9.75, 9.9, 10.049999999999999, 10.2, 10.35, 10.5, 10.65, 10.799999999999999, 10.95, 11.1, 11.25, 11.4, 11.549999999999999, 11.7, 11.85, 12.0, 12.15, 12.299999999999999, 12.45, 12.6, 12.75, 12.9, 13.049999999999999, 13.2, 13.35, 13.5, 13.65, 13.799999999999999, 13.95, 14.1, 14.25, 14.399999999999999, 14.549999999999999, 14.7, 14.85, 15.0, 15.149999999999999",2007R_GLUT1_647_WGA_594_0002,2007,R,False,6.139627842866989,False
"33986, 36500, 38679, 41172, 46510, 52488, 58442, 79589, 110576, 181244, 259017, 272979, 249496, 210527, 198513, 186088, 182719, 171240, 162733, 157478, 150592, 141682, 133470, 129252, 124324, 115886, 113488, 110267, 106574, 103794, 97925, 89639, 85863, 80153, 77515, 75731, 75680, 75272, 74431, 74582, 74714, 75810, 77524, 80859, 85206, 93160, 102773, 107154, 113142, 116520, 122954, 131071, 142886, 145774, 144353, 138815, 131871, 122982, 118743, 118242, 114943, 113605, 108585, 104247, 101365, 97809, 92578, 88509, 84353, 82682, 83879, 82304, 81969, 78127, 77078, 72446, 69550, 67491, 65090, 63287, 61701, 60595, 60817, 59831, 59294, 57440, 56446, 55417, 52453, 51285, 50420, 49097, 48553, 48048, 47666, 46788, 46164, 44988, 44055, 43351, 42135, 41325",108,WGA,"0.0, 0.15, 0.3, 0.44999999999999996, 0.6, 0.75, 0.8999999999999999, 1.05, 1.2, 1.3499999999999999, 1.5, 1.65, 1.7999999999999998, 1.95, 2.1, 2.25, 2.4, 2.55, 2.6999999999999997, 2.85, 3.0, 3.15, 3.3, 3.4499999999999997, 3.5999999999999996, 3.75, 3.9, 4.05, 4.2, 4.35, 4.5, 4.6499999999999995, 4.8, 4.95, 5.1, 5.25, 5.3999999999999995, 5.55, 5.7, 5.85, 6.0, 6.1499999999999995, 6.3, 6.45, 6.6, 6.75, 6.8999999999999995, 7.05, 7.199999999999999, 7.35, 7.5, 7.6499999999999995, 7.8, 7.949999999999999, 8.1, 8.25, 8.4, 8.549999999999999, 8.7, 8.85, 9.0, 9.15, 9.299999999999999, 9.45, 9.6, 9.75, 9.9, 10.049999999999999, 10.2, 10.35, 10.5, 10.65, 10.799999999999999, 10.95, 11.1, 11.25, 11.4, 11.549999999999999, 11.7, 11.85, 12.0, 12.15, 12.299999999999999, 12.45, 12.6, 12.75, 12.9, 13.049999999999999, 13.2, 13.35, 13.5, 13.65, 13.799999999999999, 13.95, 14.1, 14.25, 14.399999999999999, 14.549999999999999, 14.7, 14.85, 15.0, 15.149999999999999",2007R_GLUT1_647_WGA_594_0002,2007,R,False,6.139627842866989,False
"3807, 4568, 5247, 5855, 7270, 8471, 9760, 14275, 20333, 31923, 44955, 49259, 51277, 50868, 50602, 51011, 51016, 51544, 51694, 52008, 52566, 53744, 53909, 54151, 53277, 50893, 49369, 47981, 46339, 44545, 41497, 36386, 33813, 30997, 29314, 28728, 28451, 28017, 27615, 27653, 27311, 27922, 28102, 28667, 29537, 30589, 30272, 30384, 30149, 29865, 29540, 29071, 27352, 25196, 24597, 22354, 20788, 19003, 18285, 18286, 17553, 17310, 16303, 15693, 15139, 14809, 13898, 13527, 12904, 12666, 12836, 12698, 12470, 12085, 11939, 11451, 10906, 10513, 10325, 10047, 9496, 9521, 9671, 9265, 9332, 8854, 8584, 8477, 8183, 7773, 7601, 7359, 7227, 7014, 6949, 6660, 6521, 6199, 6130, 5900, 5623, 5548",108,GluT1,"0.0, 0.15, 0.3, 0.44999999999999996, 0.6, 0.75, 0.8999999999999999, 1.05, 1.2, 1.3499999999999999, 1.5, 1.65, 1.7999999999999998, 1.95, 2.1, 2.25, 2.4, 2.55, 2.6999999999999997, 2.85, 3.0, 3.15, 3.3, 3.4499999999999997, 3.5999999999999996, 3.75, 3.9, 4.05, 4.2, 4.35, 4.5, 4.6499999999999995, 4.8, 4.95, 5.1, 5.25, 5.3999999999999995, 5.55, 5.7, 5.85, 6.0, 6.1499999999999995, 6.3, 6.45, 6.6, 6.75, 6.8999999999999995, 7.05, 7.199999999999999, 7.35, 7.5, 7.6499999999999995, 7.8, 7.949999999999999, 8.1, 8.25, 8.4, 8.549999999999999, 8.7, 8.85, 9.0, 9.15, 9.299999999999999, 9.45, 9.6, 9.75, 9.9, 10.049999999999999, 10.2, 10.35, 10.5, 10.65, 10.799999999999999, 10.95, 11.1, 11.25, 11.4, 11.549999999999999, 11.7, 11.85, 12.0, 12.15, 12.299999999999999, 12.45, 12.6, 12.75, 12.9, 13.049999999999999, 13.2, 13.35, 13.5, 13.65, 13.799999999999999, 13.95, 14.1, 14.25, 14.399999999999999, 14.549999999999999, 14.7, 14.85, 15.0, 15.149999999999999",2007R_GLUT1_647_WGA_594_0002,2007,R,False,6.139627842866989,False
"79710, 80540, 81943, 83321, 85352, 88999, 91919, 100289, 108869, 120363, 133795, 141977, 160019, 178831, 188649, 197479, 201211, 214877, 231409, 243317, 266953, 287650, 305592, 315466, 326495, 341591, 346393, 348914, 353656, 360316, 364218, 366635, 358748, 341199, 323795, 313670, 312122, 308587, 298487, 301037, 278661, 269463, 251359, 228140, 208329, 186284, 166207, 158567, 148281, 143174, 135419, 127954, 119452, 115548, 112766, 111057, 108759, 107742, 105903, 106810, 106722, 105782, 105118, 103955, 103785, 103914, 103402, 103243, 102107, 101533, 101639, 101288, 102220, 101042, 101853, 100402, 101069, 100451, 99858, 100542, 100546, 99876, 98625, 99780, 99498, 99854, 100280, 99040, 99589, 99604, 99525, 98365, 100056, 99909, 98260, 99228, 98308, 98258, 98609, 97969, 98910, 97674",109,DAPI,"0.0, 0.15, 0.3, 0.44999999999999996, 0.6, 0.75, 0.8999999999999999, 1.05, 1.2, 1.3499999999999999, 1.5, 1.65, 1.7999999999999998, 1.95, 2.1, 2.25, 2.4, 2.55, 2.6999999999999997, 2.85, 3.0, 3.15, 3.3, 3.4499999999999997, 3.5999999999999996, 3.75, 3.9, 4.05, 4.2, 4.35, 4.5, 4.6499999999999995, 4.8, 4.95, 5.1, 5.25, 5.3999999999999995, 5.55, 5.7, 5.85, 6.0, 6.1499999999999995, 6.3, 6.45, 6.6, 6.75, 6.8999999999999995, 7.05, 7.199999999999999, 7.35, 7.5, 7.6499999999999995, 7.8, 7.949999999999999, 8.1, 8.25, 8.4, 8.549999999999999, 8.7, 8.85, 9.0, 9.15, 9.299999999999999, 9.45, 9.6, 9.75, 9.9, 10.049999999999999, 10.2, 10.35, 10.5, 10.65, 10.799999999999999, 10.95, 11.1, 11.25, 11.4, 11.549999999999999, 11.7, 11.85, 12.0, 12.15, 12.299999999999999, 12.45, 12.6, 12.75, 12.9, 13.049999999999999, 13.2, 13.35, 13.5, 13.65, 13.799999999999999, 13.95, 14.1, 14.25, 14.399999999999999, 14.549999999999999, 14.7, 14.85, 15.0, 15.149999999999999",2007R_GLUT1_647_WGA_594_0002,2007,R,False,9.785533209396654,False
"11875, 11963, 12254, 12605, 12707, 13130, 13257, 14123, 15576, 17885, 21768, 23881, 28777, 34472, 36462, 39336, 40880, 44987, 49236, 51893, 54416, 55042, 54967, 55770, 55940, 56285, 56224, 56932, 57119, 56389, 57251, 57901, 58588, 59557, 60082, 59839, 59731, 59754, 59215, 59078, 58196, 57460, 55838, 53897, 51929, 47369, 43155, 41638, 39262, 38124, 35960, 33664, 30768, 28513, 27041, 25070, 23844, 22952, 22737, 22677, 22198, 22000, 21623, 21512, 21255, 21321, 21263, 21229, 21107, 20926, 20710, 21091, 20816, 20750, 20715, 20517, 20363, 20482, 20245, 19874, 20110, 20222, 19797, 20118, 20167, 20330, 20307, 20479, 20791, 20915, 21735, 21496, 21732, 22032, 21950, 21975, 21823, 21871, 21255, 21554, 21998, 21693",109,eGFP,"0.0, 0.15, 0.3, 0.44999999999999996, 0.6, 0.75, 0.8999999999999999, 1.05, 1.2, 1.3499999999999999, 1.5, 1.65, 1.7999999999999998, 1.95, 2.1, 2.25, 2.4, 2.55, 2.6999999999999997, 2.85, 3.0, 3.15, 3.3, 3.4499999999999997, 3.5999999999999996, 3.75, 3.9, 4.05, 4.2, 4.35, 4.5, 4.6499999999999995, 4.8, 4.95, 5.1, 5.25, 5.3999999999999995, 5.55, 5.7, 5.85, 6.0, 6.1499999999999995, 6.3, 6.45, 6.6, 6.75, 6.8999999999999995, 7.05, 7.199999999999999, 7.35, 7.5, 7.6499999999999995, 7.8, 7.949999999999999, 8.1, 8.25, 8.4, 8.549999999999999, 8.7, 8.85, 9.0, 9.15, 9.299999999999999, 9.45, 9.6, 9.75, 9.9, 10.049999999999999, 10.2, 10.35, 10.5, 10.65, 10.799999999999999, 10.95, 11.1, 11.25, 11.4, 11.549999999999999, 11.7, 11.85, 12.0, 12.15, 12.299999999999999, 12.45, 12.6, 12.75, 12.9, 13.049999999999999, 13.2, 13.35, 13.5, 13.65, 13.799999999999999, 13.95, 14.1, 14.25, 14.399999999999999, 14.549999999999999, 14.7, 14.85, 15.0, 15.149999999999999",2007R_GLUT1_647_WGA_594_0002,2007,R,False,9.785533209396654,False
"28072, 29996, 32163, 33769, 38302, 43617, 49023, 67343, 96295, 164689, 240561, 247234, 213463, 169825, 157330, 144493, 140657, 128643, 118009, 111649, 100525, 90280, 83786, 80246, 76512, 71620, 70516, 68728, 67339, 66213, 63905, 60674, 59529, 59448, 61634, 63626, 64259, 64364, 67371, 66560, 72286, 75441, 81272, 90065, 97460, 107838, 115354, 117414, 119602, 121006, 123449, 126885, 130005, 130727, 130052, 126272, 121362, 112217, 108018, 107901, 103078, 101554, 96931, 91478, 88742, 84406, 78873, 74562, 70839, 69834, 70257, 69250, 68477, 66068, 65137, 62087, 59066, 57371, 54374, 52659, 51650, 50325, 51323, 49554, 49459, 47403, 46548, 45941, 43942, 42445, 41463, 40833, 40246, 39431, 39600, 37946, 37407, 36489, 35726, 35406, 34371, 33554",109,WGA,"0.0, 0.15, 0.3, 0.44999999999999996, 0.6, 0.75, 0.8999999999999999, 1.05, 1.2, 1.3499999999999999, 1.5, 1.65, 1.7999999999999998, 1.95, 2.1, 2.25, 2.4, 2.55, 2.6999999999999997, 2.85, 3.0, 3.15, 3.3, 3.4499999999999997, 3.5999999999999996, 3.75, 3.9, 4.05, 4.2, 4.35, 4.5, 4.6499999999999995, 4.8, 4.95, 5.1, 5.25, 5.3999999999999995, 5.55, 5.7, 5.85, 6.0, 6.1499999999999995, 6.3, 6.45, 6.6, 6.75, 6.8999999999999995, 7.05, 7.199999999999999, 7.35, 7.5, 7.6499999999999995, 7.8, 7.949999999999999, 8.1, 8.25, 8.4, 8.549999999999999, 8.7, 8.85, 9.0, 9.15, 9.299999999999999, 9.45, 9.6, 9.75, 9.9, 10.049999999999999, 10.2, 10.35, 10.5, 10.65, 10.799999999999999, 10.95, 11.1, 11.25, 11.4, 11.549999999999999, 11.7, 11.85, 12.0, 12.15, 12.299999999999999, 12.45, 12.6, 12.75, 12.9, 13.049999999999999, 13.2, 13.35, 13.5, 13.65, 13.799999999999999, 13.95, 14.1, 14.25, 14.399999999999999, 14.549999999999999, 14.7, 14.85, 15.0, 15.149999999999999",2007R_GLUT1_647_WGA_594_0002,2007,R,False,9.785533209396654,False
"3187, 3853, 4141, 4595, 5988, 6912, 7964, 11807, 16932, 27745, 39421, 42951, 43681, 43560, 43783, 44240, 44218, 44529, 44763, 44597, 42345, 39222, 36075, 34944, 32988, 30706, 30077, 29322, 28038, 27372, 25927, 24317, 23855, 22864, 22333, 22690, 23020, 22600, 23097, 22656, 24304, 25839, 27251, 27822, 27731, 27579, 26359, 26052, 25608, 25224, 24739, 24501, 23775, 23050, 22541, 21148, 19313, 17928, 16967, 17024, 16316, 16108, 15150, 14475, 13822, 13301, 12258, 11416, 10910, 10631, 10699, 10458, 10332, 10057, 9764, 9433, 8931, 8567, 8241, 7861, 7642, 7476, 7494, 7236, 7366, 6825, 6753, 6684, 6382, 6074, 6030, 5878, 5621, 5640, 5609, 5386, 5084, 4936, 4851, 4892, 4607, 4565",109,GluT1,"0.0, 0.15, 0.3, 0.44999999999999996, 0.6, 0.75, 0.8999999999999999, 1.05, 1.2, 1.3499999999999999, 1.5, 1.65, 1.7999999999999998, 1.95, 2.1, 2.25, 2.4, 2.55, 2.6999999999999997, 2.85, 3.0, 3.15, 3.3, 3.4499999999999997, 3.5999999999999996, 3.75, 3.9, 4.05, 4.2, 4.35, 4.5, 4.6499999999999995, 4.8, 4.95, 5.1, 5.25, 5.3999999999999995, 5.55, 5.7, 5.85, 6.0, 6.1499999999999995, 6.3, 6.45, 6.6, 6.75, 6.8999999999999995, 7.05, 7.199999999999999, 7.35, 7.5, 7.6499999999999995, 7.8, 7.949999999999999, 8.1, 8.25, 8.4, 8.549999999999999, 8.7, 8.85, 9.0, 9.15, 9.299999999999999, 9.45, 9.6, 9.75, 9.9, 10.049999999999999, 10.2, 10.35, 10.5, 10.65, 10.799999999999999, 10.95, 11.1, 11.25, 11.4, 11.549999999999999, 11.7, 11.85, 12.0, 12.15, 12.299999999999999, 12.45, 12.6, 12.75, 12.9, 13.049999999999999, 13.2, 13.35, 13.5, 13.65, 13.799999999999999, 13.95, 14.1, 14.25, 14.399999999999999, 14.549999999999999, 14.7, 14.85, 15.0, 15.149999999999999",2007R_GLUT1_647_WGA_594_0002,2007,R,False,9.785533209396654,False
"77254, 78208, 79683, 80276, 81777, 83471, 86933, 91254, 95387, 103910, 111331, 113687, 118103, 122068, 125720, 126576, 127725, 131874, 138757, 142914, 157464, 174817, 190442, 199619, 211770, 230716, 238934, 247693, 258477, 266515, 290806, 322997, 339037, 352289, 346403, 338876, 336691, 335024, 322690, 324903, 299671, 287562, 273615, 258488, 247225, 227594, 207376, 199033, 186989, 179777, 168250, 151670, 131882, 123599, 119032, 113489, 110678, 107525, 106808, 106579, 105631, 104748, 104068, 103462, 102228, 102067, 101998, 100881, 100331, 100469, 100192, 100517, 99818, 99776, 100603, 99200, 98935, 99540, 98848, 98306, 98644, 98506, 97809, 98182, 96895, 98261, 98365, 95966, 96635, 96599, 97630, 96805, 97214, 97235, 96881, 96324, 96664, 97047, 96819, 96825, 96261, 96554",110,DAPI,"0.0, 0.15, 0.3, 0.44999999999999996, 0.6, 0.75, 0.8999999999999999, 1.05, 1.2, 1.3499999999999999, 1.5, 1.65, 1.7999999999999998, 1.95, 2.1, 2.25, 2.4, 2.55, 2.6999999999999997, 2.85, 3.0, 3.15, 3.3, 3.4499999999999997, 3.5999999999999996, 3.75, 3.9, 4.05, 4.2, 4.35, 4.5, 4.6499999999999995, 4.8, 4.95, 5.1, 5.25, 5.3999999999999995, 5.55, 5.7, 5.85, 6.0, 6.1499999999999995, 6.3, 6.45, 6.6, 6.75, 6.8999999999999995, 7.05, 7.199999999999999, 7.35, 7.5, 7.6499999999999995, 7.8, 7.949999999999999, 8.1, 8.25, 8.4, 8.549999999999999, 8.7, 8.85, 9.0, 9.15, 9.299999999999999, 9.45, 9.6, 9.75, 9.9, 10.049999999999999, 10.2, 10.35, 10.5, 10.65, 10.799999999999999, 10.95, 11.1, 11.25, 11.4, 11.549999999999999, 11.7, 11.85, 12.0, 12.15, 12.299999999999999, 12.45, 12.6, 12.75, 12.9, 13.049999999999999, 13.2, 13.35, 13.5, 13.65, 13.799999999999999, 13.95, 14.1, 14.25, 14.399999999999999, 14.549999999999999, 14.7, 14.85, 15.0, 15.149999999999999",2007R_GLUT1_647_WGA_594_0002,2007,R,False,7.013872639144242,False
"11713, 11680, 11805, 12017, 12102, 12499, 12442, 13038, 14276, 16124, 18769, 20080, 21905, 23153, 24098, 24504, 24851, 26311, 28573, 29858, 33776, 38218, 42797, 44144, 46709, 49487, 50761, 52029, 53129, 52644, 51926, 48082, 44908, 41964, 40864, 40629, 41046, 41770, 41828, 41611, 43035, 42747, 42982, 43930, 44424, 44087, 44573, 43564, 43131, 42801, 41322, 40280, 38123, 35111, 34114, 31087, 27564, 25100, 24052, 23875, 22996, 23025, 22444, 22467, 21950, 21766, 21371, 21346, 21339, 21566, 21648, 21463, 21689, 21648, 21483, 21443, 21298, 21037, 20686, 20821, 21194, 20939, 20919, 20826, 20657, 20511, 20560, 20718, 20824, 20837, 20908, 20960, 21086, 21126, 21238, 21491, 21642, 21143, 21821, 22535, 23726, 25964",110,eGFP,"0.0, 0.15, 0.3, 0.44999999999999996, 0.6, 0.75, 0.8999999999999999, 1.05, 1.2, 1.3499999999999999, 1.5, 1.65, 1.7999999999999998, 1.95, 2.1, 2.25, 2.4, 2.55, 2.6999999999999997, 2.85, 3.0, 3.15, 3.3, 3.4499999999999997, 3.5999999999999996, 3.75, 3.9, 4.05, 4.2, 4.35, 4.5, 4.6499999999999995, 4.8, 4.95, 5.1, 5.25, 5.3999999999999995, 5.55, 5.7, 5.85, 6.0, 6.1499999999999995, 6.3, 6.45, 6.6, 6.75, 6.8999999999999995, 7.05, 7.199999999999999, 7.35, 7.5, 7.6499999999999995, 7.8, 7.949999999999999, 8.1, 8.25, 8.4, 8.549999999999999, 8.7, 8.85, 9.0, 9.15, 9.299999999999999, 9.45, 9.6, 9.75, 9.9, 10.049999999999999, 10.2, 10.35, 10.5, 10.65, 10.799999999999999, 10.95, 11.1, 11.25, 11.4, 11.549999999999999, 11.7, 11.85, 12.0, 12.15, 12.299999999999999, 12.45, 12.6, 12.75, 12.9, 13.049999999999999, 13.2, 13.35, 13.5, 13.65, 13.799999999999999, 13.95, 14.1, 14.25, 14.399999999999999, 14.549999999999999, 14.7, 14.85, 15.0, 15.149999999999999",2007R_GLUT1_647_WGA_594_0002,2007,R,False,7.013872639144242,False
"28703, 30940, 32910, 34904, 39214, 44487, 49693, 68307, 97971, 172253, 258949, 268007, 235823, 191846, 181035, 171075, 167550, 161620, 157018, 155152, 149635, 138999, 127450, 120921, 113824, 104973, 103088, 100247, 97188, 94878, 89994, 80770, 75414, 67375, 61837, 59913, 59076, 58925, 57945, 57768, 57852, 57993, 59774, 63624, 67013, 71964, 75963, 76856, 78410, 78569, 80904, 84345, 92497, 97313, 98207, 98042, 98681, 97233, 95607, 95130, 92675, 91614, 88411, 84528, 83114, 79941, 75303, 71346, 67878, 66586, 67585, 66653, 65425, 63407, 62261, 58715, 56509, 54525, 52256, 50822, 49318, 48250, 48746, 47554, 47036, 45326, 44271, 43244, 41809, 40840, 39881, 39153, 38835, 38247, 38099, 36839, 36348, 35298, 34705, 34125, 33393, 32500",110,WGA,"0.0, 0.15, 0.3, 0.44999999999999996, 0.6, 0.75, 0.8999999999999999, 1.05, 1.2, 1.3499999999999999, 1.5, 1.65, 1.7999999999999998, 1.95, 2.1, 2.25, 2.4, 2.55, 2.6999999999999997, 2.85, 3.0, 3.15, 3.3, 3.4499999999999997, 3.5999999999999996, 3.75, 3.9, 4.05, 4.2, 4.35, 4.5, 4.6499999999999995, 4.8, 4.95, 5.1, 5.25, 5.3999999999999995, 5.55, 5.7, 5.85, 6.0, 6.1499999999999995, 6.3, 6.45, 6.6, 6.75, 6.8999999999999995, 7.05, 7.199999999999999, 7.35, 7.5, 7.6499999999999995, 7.8, 7.949999999999999, 8.1, 8.25, 8.4, 8.549999999999999, 8.7, 8.85, 9.0, 9.15, 9.299999999999999, 9.45, 9.6, 9.75, 9.9, 10.049999999999999, 10.2, 10.35, 10.5, 10.65, 10.799999999999999, 10.95, 11.1, 11.25, 11.4, 11.549999999999999, 11.7, 11.85, 12.0, 12.15, 12.299999999999999, 12.45, 12.6, 12.75, 12.9, 13.049999999999999, 13.2, 13.35, 13.5, 13.65, 13.799999999999999, 13.95, 14.1, 14.25, 14.399999999999999, 14.549999999999999, 14.7, 14.85, 15.0, 15.149999999999999",2007R_GLUT1_647_WGA_594_0002,2007,R,False,7.013872639144242,False
"2945, 3419, 3964, 4489, 5435, 6517, 7638, 11036, 16262, 27266, 39950, 42664, 41439, 38575, 37498, 36699, 36399, 35841, 35465, 35628, 35234, 34687, 32929, 31869, 30163, 28003, 27455, 26692, 25928, 24776, 23066, 19727, 18323, 15988, 14484, 14143, 14006, 13898, 13787, 13599, 13369, 13580, 13594, 13772, 13944, 14491, 14775, 15086, 15192, 15257, 15516, 16115, 16471, 16526, 16454, 15824, 15522, 14481, 13917, 13988, 13497, 13224, 12689, 11859, 11404, 11012, 10530, 9858, 9451, 9352, 9375, 9351, 9184, 8977, 8779, 8320, 7872, 7597, 7269, 7176, 6810, 6846, 6787, 6702, 6574, 6291, 6213, 6044, 5760, 5664, 5425, 5488, 5330, 5083, 5143, 4885, 4896, 4590, 4587, 4588, 4307, 4163",110,GluT1,"0.0, 0.15, 0.3, 0.44999999999999996, 0.6, 0.75, 0.8999999999999999, 1.05, 1.2, 1.3499999999999999, 1.5, 1.65, 1.7999999999999998, 1.95, 2.1, 2.25, 2.4, 2.55, 2.6999999999999997, 2.85, 3.0, 3.15, 3.3, 3.4499999999999997, 3.5999999999999996, 3.75, 3.9, 4.05, 4.2, 4.35, 4.5, 4.6499999999999995, 4.8, 4.95, 5.1, 5.25, 5.3999999999999995, 5.55, 5.7, 5.85, 6.0, 6.1499999999999995, 6.3, 6.45, 6.6, 6.75, 6.8999999999999995, 7.05, 7.199999999999999, 7.35, 7.5, 7.6499999999999995, 7.8, 7.949999999999999, 8.1, 8.25, 8.4, 8.549999999999999, 8.7, 8.85, 9.0, 9.15, 9.299999999999999, 9.45, 9.6, 9.75, 9.9, 10.049999999999999, 10.2, 10.35, 10.5, 10.65, 10.799999999999999, 10.95, 11.1, 11.25, 11.4, 11.549999999999999, 11.7, 11.85, 12.0, 12.15, 12.299999999999999, 12.45, 12.6, 12.75, 12.9, 13.049999999999999, 13.2, 13.35, 13.5, 13.65, 13.799999999999999, 13.95, 14.1, 14.25, 14.399999999999999, 14.549999999999999, 14.7, 14.85, 15.0, 15.149999999999999",2007R_GLUT1_647_WGA_594_0002,2007,R,False,7.013872639144242,False
"64004, 65082, 66336, 67248, 67680, 68761, 70127, 72786, 75373, 81469, 86573, 87149, 89534, 90390, 90198, 91703, 91565, 93006, 94279, 93901, 95912, 97512, 98216, 98158, 98682, 99101, 99805, 100069, 99866, 99519, 98211, 98707, 98866, 97382, 100643, 100973, 100856, 102522, 104435, 102770, 109702, 115155, 122845, 144292, 166513, 207772, 252496, 262310, 275612, 279191, 289963, 298144, 309234, 315306, 317332, 309246, 287100, 242467, 219004, 215776, 187426, 177556, 150277, 131975, 125350, 118146, 109218, 102266, 98914, 98581, 98782, 98103, 96153, 94365, 93962, 90957, 90810, 89543, 87008, 87060, 85441, 85598, 86134, 85592, 85127, 84216, 83976, 83406, 83316, 82647, 81435, 82586, 82554, 81829, 82749, 81538, 82080, 81857, 81284, 81375, 80682, 79722",111,DAPI,"0.0, 0.15, 0.3, 0.44999999999999996, 0.6, 0.75, 0.8999999999999999, 1.05, 1.2, 1.3499999999999999, 1.5, 1.65, 1.7999999999999998, 1.95, 2.1, 2.25, 2.4, 2.55, 2.6999999999999997, 2.85, 3.0, 3.15, 3.3, 3.4499999999999997, 3.5999999999999996, 3.75, 3.9, 4.05, 4.2, 4.35, 4.5, 4.6499999999999995, 4.8, 4.95, 5.1, 5.25, 5.3999999999999995, 5.55, 5.7, 5.85, 6.0, 6.1499999999999995, 6.3, 6.45, 6.6, 6.75, 6.8999999999999995, 7.05, 7.199999999999999, 7.35, 7.5, 7.6499999999999995, 7.8, 7.949999999999999, 8.1, 8.25, 8.4, 8.549999999999999, 8.7, 8.85, 9.0, 9.15, 9.299999999999999, 9.45, 9.6, 9.75, 9.9, 10.049999999999999, 10.2, 10.35, 10.5, 10.65, 10.799999999999999, 10.95, 11.1, 11.25, 11.4, 11.549999999999999, 11.7, 11.85, 12.0, 12.15, 12.299999999999999, 12.45, 12.6, 12.75, 12.9, 13.049999999999999, 13.2, 13.35, 13.5, 13.65, 13.799999999999999, 13.95, 14.1, 14.25, 14.399999999999999, 14.549999999999999, 14.7, 14.85, 15.0, 15.149999999999999",2007R_GLUT1_647_WGA_594_0002,2007,R,False,4.69265250438511,False
"10018, 10186, 10283, 10555, 10592, 10869, 10823, 11436, 12374, 14059, 16738, 17854, 19329, 20329, 20526, 20962, 21107, 21929, 22852, 23637, 25298, 27654, 29289, 30813, 31948, 33850, 34246, 34589, 35430, 35698, 36155, 37158, 38490, 43026, 48217, 51510, 52449, 52747, 56266, 54768, 62424, 65546, 67975, 67082, 64930, 59535, 52356, 48588, 42981, 41175, 36697, 34138, 28970, 25750, 24078, 21852, 20381, 19333, 19495, 19031, 19759, 19666, 19686, 19936, 19872, 19887, 20238, 19868, 19814, 19739, 19535, 19602, 19721, 19161, 19300, 18419, 18368, 18208, 18120, 17741, 18282, 17825, 17864, 17688, 17506, 17106, 17426, 17660, 17661, 18079, 17733, 18016, 18206, 18200, 18438, 18995, 18450, 18505, 18313, 18218, 18375, 18673",111,eGFP,"0.0, 0.15, 0.3, 0.44999999999999996, 0.6, 0.75, 0.8999999999999999, 1.05, 1.2, 1.3499999999999999, 1.5, 1.65, 1.7999999999999998, 1.95, 2.1, 2.25, 2.4, 2.55, 2.6999999999999997, 2.85, 3.0, 3.15, 3.3, 3.4499999999999997, 3.5999999999999996, 3.75, 3.9, 4.05, 4.2, 4.35, 4.5, 4.6499999999999995, 4.8, 4.95, 5.1, 5.25, 5.3999999999999995, 5.55, 5.7, 5.85, 6.0, 6.1499999999999995, 6.3, 6.45, 6.6, 6.75, 6.8999999999999995, 7.05, 7.199999999999999, 7.35, 7.5, 7.6499999999999995, 7.8, 7.949999999999999, 8.1, 8.25, 8.4, 8.549999999999999, 8.7, 8.85, 9.0, 9.15, 9.299999999999999, 9.45, 9.6, 9.75, 9.9, 10.049999999999999, 10.2, 10.35, 10.5, 10.65, 10.799999999999999, 10.95, 11.1, 11.25, 11.4, 11.549999999999999, 11.7, 11.85, 12.0, 12.15, 12.299999999999999, 12.45, 12.6, 12.75, 12.9, 13.049999999999999, 13.2, 13.35, 13.5, 13.65, 13.799999999999999, 13.95, 14.1, 14.25, 14.399999999999999, 14.549999999999999, 14.7, 14.85, 15.0, 15.149999999999999",2007R_GLUT1_647_WGA_594_0002,2007,R,False,4.69265250438511,False
"26073, 28165, 29865, 32098, 36299, 41071, 46302, 63373, 89608, 156310, 245601, 263526, 245899, 207685, 196355, 183738, 181326, 170069, 159472, 154060, 146149, 138422, 131819, 128386, 124696, 121887, 121118, 120475, 120351, 119944, 121088, 122242, 121892, 119592, 114660, 111511, 110994, 110104, 106138, 107261, 100578, 97808, 93066, 87874, 84235, 77875, 66205, 61338, 55562, 52892, 48173, 44679, 40933, 39936, 40123, 42152, 46123, 54683, 59699, 60440, 65392, 66755, 72195, 73925, 73690, 72743, 68833, 66187, 62390, 61843, 62351, 61197, 60432, 58506, 57660, 54922, 52218, 50571, 47852, 46237, 44889, 43951, 44268, 43487, 43170, 41454, 40309, 39694, 38024, 36431, 35683, 34766, 34461, 33890, 33535, 32301, 31862, 30879, 30298, 29627, 29260, 28546",111,WGA,"0.0, 0.15, 0.3, 0.44999999999999996, 0.6, 0.75, 0.8999999999999999, 1.05, 1.2, 1.3499999999999999, 1.5, 1.65, 1.7999999999999998, 1.95, 2.1, 2.25, 2.4, 2.55, 2.6999999999999997, 2.85, 3.0, 3.15, 3.3, 3.4499999999999997, 3.5999999999999996, 3.75, 3.9, 4.05, 4.2, 4.35, 4.5, 4.6499999999999995, 4.8, 4.95, 5.1, 5.25, 5.3999999999999995, 5.55, 5.7, 5.85, 6.0, 6.1499999999999995, 6.3, 6.45, 6.6, 6.75, 6.8999999999999995, 7.05, 7.199999999999999, 7.35, 7.5, 7.6499999999999995, 7.8, 7.949999999999999, 8.1, 8.25, 8.4, 8.549999999999999, 8.7, 8.85, 9.0, 9.15, 9.299999999999999, 9.45, 9.6, 9.75, 9.9, 10.049999999999999, 10.2, 10.35, 10.5, 10.65, 10.799999999999999, 10.95, 11.1, 11.25, 11.4, 11.549999999999999, 11.7, 11.85, 12.0, 12.15, 12.299999999999999, 12.45, 12.6, 12.75, 12.9, 13.049999999999999, 13.2, 13.35, 13.5, 13.65, 13.799999999999999, 13.95, 14.1, 14.25, 14.399999999999999, 14.549999999999999, 14.7, 14.85, 15.0, 15.149999999999999",2007R_GLUT1_647_WGA_594_0002,2007,R,False,4.69265250438511,False
"2577, 2912, 3342, 3756, 4644, 5590, 6565, 9584, 13943, 23324, 34391, 37127, 35992, 32571, 31457, 29810, 29576, 27876, 26720, 25558, 24274, 22982, 21735, 21235, 20933, 20155, 19924, 19839, 19291, 19100, 18829, 18450, 18180, 17262, 16914, 16389, 16288, 16431, 16036, 15880, 15015, 14632, 14210, 13577, 13129, 12354, 10808, 10305, 9405, 8859, 8171, 7639, 6864, 6791, 6728, 6996, 7485, 8318, 8624, 8850, 9181, 9449, 9695, 10058, 10030, 9839, 9305, 8775, 8433, 8246, 8217, 8173, 8239, 7853, 7639, 7368, 7029, 6675, 6494, 6237, 6091, 6002, 5945, 5712, 5743, 5522, 5483, 5241, 5016, 4801, 4736, 4542, 4432, 4380, 4270, 4123, 4015, 3943, 3873, 3764, 3671, 3495",111,GluT1,"0.0, 0.15, 0.3, 0.44999999999999996, 0.6, 0.75, 0.8999999999999999, 1.05, 1.2, 1.3499999999999999, 1.5, 1.65, 1.7999999999999998, 1.95, 2.1, 2.25, 2.4, 2.55, 2.6999999999999997, 2.85, 3.0, 3.15, 3.3, 3.4499999999999997, 3.5999999999999996, 3.75, 3.9, 4.05, 4.2, 4.35, 4.5, 4.6499999999999995, 4.8, 4.95, 5.1, 5.25, 5.3999999999999995, 5.55, 5.7, 5.85, 6.0, 6.1499999999999995, 6.3, 6.45, 6.6, 6.75, 6.8999999999999995, 7.05, 7.199999999999999, 7.35, 7.5, 7.6499999999999995, 7.8, 7.949999999999999, 8.1, 8.25, 8.4, 8.549999999999999, 8.7, 8.85, 9.0, 9.15, 9.299999999999999, 9.45, 9.6, 9.75, 9.9, 10.049999999999999, 10.2, 10.35, 10.5, 10.65, 10.799999999999999, 10.95, 11.1, 11.25, 11.4, 11.549999999999999, 11.7, 11.85, 12.0, 12.15, 12.299999999999999, 12.45, 12.6, 12.75, 12.9, 13.049999999999999, 13.2, 13.35, 13.5, 13.65, 13.799999999999999, 13.95, 14.1, 14.25, 14.399999999999999, 14.549999999999999, 14.7, 14.85, 15.0, 15.149999999999999",2007R_GLUT1_647_WGA_594_0002,2007,R,False,4.69265250438511,False
"14114, 14536, 15243, 15747, 16935, 17594, 18353, 21246, 23690, 28190, 34084, 37421, 46918, 56412, 59928, 65114, 69665, 74976, 80320, 83321, 87445, 89559, 92340, 96087, 98832, 102677, 105313, 106998, 109241, 111770, 114292, 121493, 124958, 124679, 124191, 123970, 123536, 123302, 122761, 122887, 118440, 118064, 114438, 103918, 92386, 78280, 62501, 56617, 48922, 44546, 40071, 35661, 32189, 31797, 31683, 31720, 31823, 31861, 31674, 30957, 29511, 29211, 26896, 25441, 24203, 23092, 21778, 20451, 19872, 19362, 19565, 19451, 19670, 18984, 19051, 18651, 18619, 18322, 18268, 17889, 18196, 18231, 17993, 17872, 18197, 17567, 17924, 17429, 17370, 17642, 17539, 17083, 17892, 16947, 17624, 16956, 17287, 17312, 17048, 16543, 17044, 16677",112,DAPI,"0.0, 0.15, 0.3, 0.44999999999999996, 0.6, 0.75, 0.8999999999999999, 1.05, 1.2, 1.3499999999999999, 1.5, 1.65, 1.7999999999999998, 1.95, 2.1, 2.25, 2.4, 2.55, 2.6999999999999997, 2.85, 3.0, 3.15, 3.3, 3.4499999999999997, 3.5999999999999996, 3.75, 3.9, 4.05, 4.2, 4.35, 4.5, 4.6499999999999995, 4.8, 4.95, 5.1, 5.25, 5.3999999999999995, 5.55, 5.7, 5.85, 6.0, 6.1499999999999995, 6.3, 6.45, 6.6, 6.75, 6.8999999999999995, 7.05, 7.199999999999999, 7.35, 7.5, 7.6499999999999995, 7.8, 7.949999999999999, 8.1, 8.25, 8.4, 8.549999999999999, 8.7, 8.85, 9.0, 9.15, 9.299999999999999, 9.45, 9.6, 9.75, 9.9, 10.049999999999999, 10.2, 10.35, 10.5, 10.65, 10.799999999999999, 10.95, 11.1, 11.25, 11.4, 11.549999999999999, 11.7, 11.85, 12.0, 12.15, 12.299999999999999, 12.45, 12.6, 12.75, 12.9, 13.049999999999999, 13.2, 13.35, 13.5, 13.65, 13.799999999999999, 13.95, 14.1, 14.25, 14.399999999999999, 14.549999999999999, 14.7, 14.85, 15.0, 15.149999999999999",2007R_GLUT1_647_WGA_594_0002,2007,R,False,4.452,False
"2007, 2046, 2049, 2087, 2144, 2142, 2166, 2257, 2490, 2734, 3407, 3535, 3553, 3812, 4027, 3938, 3914, 4055, 4038, 3843, 3839, 3649, 3627, 3599, 3658, 3676, 3629, 3649, 3610, 3558, 3559, 3746, 3729, 3696, 3692, 3766, 3719, 3874, 3728, 3712, 4030, 4014, 4122, 4452, 4554, 5114, 5496, 5854, 6173, 6404, 7238, 8124, 11428, 14795, 17612, 23107, 26433, 28420, 30094, 29224, 29188, 28857, 28258, 27692, 27087, 24980, 20942, 16520, 13148, 12620, 12788, 11650, 10914, 9286, 9016, 7691, 7188, 6952, 6349, 5981, 6089, 5732, 5723, 5698, 5577, 5381, 5110, 5106, 4979, 4819, 4676, 4451, 4675, 4490, 4466, 4301, 4378, 4187, 4171, 4091, 4115, 4015",112,eGFP,"0.0, 0.15, 0.3, 0.44999999999999996, 0.6, 0.75, 0.8999999999999999, 1.05, 1.2, 1.3499999999999999, 1.5, 1.65, 1.7999999999999998, 1.95, 2.1, 2.25, 2.4, 2.55, 2.6999999999999997, 2.85, 3.0, 3.15, 3.3, 3.4499999999999997, 3.5999999999999996, 3.75, 3.9, 4.05, 4.2, 4.35, 4.5, 4.6499999999999995, 4.8, 4.95, 5.1, 5.25, 5.3999999999999995, 5.55, 5.7, 5.85, 6.0, 6.1499999999999995, 6.3, 6.45, 6.6, 6.75, 6.8999999999999995, 7.05, 7.199999999999999, 7.35, 7.5, 7.6499999999999995, 7.8, 7.949999999999999, 8.1, 8.25, 8.4, 8.549999999999999, 8.7, 8.85, 9.0, 9.15, 9.299999999999999, 9.45, 9.6, 9.75, 9.9, 10.049999999999999, 10.2, 10.35, 10.5, 10.65, 10.799999999999999, 10.95, 11.1, 11.25, 11.4, 11.549999999999999, 11.7, 11.85, 12.0, 12.15, 12.299999999999999, 12.45, 12.6, 12.75, 12.9, 13.049999999999999, 13.2, 13.35, 13.5, 13.65, 13.799999999999999, 13.95, 14.1, 14.25, 14.399999999999999, 14.549999999999999, 14.7, 14.85, 15.0, 15.149999999999999",2007R_GLUT1_647_WGA_594_0002,2007,R,False,4.452,False
"5081, 5602, 6024, 6500, 7393, 8444, 9615, 14169, 20445, 35110, 51872, 53443, 48186, 43439, 42109, 41438, 40714, 39848, 38196, 36313, 31298, 26149, 23301, 21619, 20741, 19725, 19574, 19135, 18877, 18635, 18216, 16665, 15626, 13966, 13136, 12642, 12663, 12663, 12802, 12593, 13165, 13567, 14507, 16661, 18235, 20029, 21618, 21910, 22094, 22207, 22255, 22132, 20978, 19726, 19141, 17824, 16407, 15075, 14513, 14508, 13915, 13926, 13038, 12737, 12686, 12628, 12450, 12511, 12461, 12334, 12453, 12286, 12172, 11920, 12066, 11738, 11326, 10860, 10458, 10014, 9765, 9565, 9587, 9255, 9253, 8718, 8553, 8347, 7941, 7662, 7495, 7227, 7187, 7066, 6993, 6847, 6606, 6410, 6208, 6192, 5975, 5857",112,WGA,"0.0, 0.15, 0.3, 0.44999999999999996, 0.6, 0.75, 0.8999999999999999, 1.05, 1.2, 1.3499999999999999, 1.5, 1.65, 1.7999999999999998, 1.95, 2.1, 2.25, 2.4, 2.55, 2.6999999999999997, 2.85, 3.0, 3.15, 3.3, 3.4499999999999997, 3.5999999999999996, 3.75, 3.9, 4.05, 4.2, 4.35, 4.5, 4.6499999999999995, 4.8, 4.95, 5.1, 5.25, 5.3999999999999995, 5.55, 5.7, 5.85, 6.0, 6.1499999999999995, 6.3, 6.45, 6.6, 6.75, 6.8999999999999995, 7.05, 7.199999999999999, 7.35, 7.5, 7.6499999999999995, 7.8, 7.949999999999999, 8.1, 8.25, 8.4, 8.549999999999999, 8.7, 8.85, 9.0, 9.15, 9.299999999999999, 9.45, 9.6, 9.75, 9.9, 10.049999999999999, 10.2, 10.35, 10.5, 10.65, 10.799999999999999, 10.95, 11.1, 11.25, 11.4, 11.549999999999999, 11.7, 11.85, 12.0, 12.15, 12.299999999999999, 12.45, 12.6, 12.75, 12.9, 13.049999999999999, 13.2, 13.35, 13.5, 13.65, 13.799999999999999, 13.95, 14.1, 14.25, 14.399999999999999, 14.549999999999999, 14.7, 14.85, 15.0, 15.149999999999999",2007R_GLUT1_647_WGA_594_0002,2007,R,False,4.452,False
"482, 555, 593, 706, 923, 1072, 1246, 1927, 2874, 4858, 6971, 7284, 7034, 6599, 6427, 6193, 6138, 6019, 5690, 5334, 4578, 3976, 3598, 3441, 3426, 3215, 3197, 3166, 3208, 3003, 3036, 2737, 2656, 2481, 2350, 2384, 2445, 2388, 2347, 2375, 2455, 2501, 2645, 2897, 3184, 3473, 3831, 3921, 3770, 3803, 3767, 3698, 3473, 3246, 3229, 2995, 2653, 2438, 2413, 2493, 2341, 2257, 2199, 2105, 2034, 1932, 1942, 1901, 1955, 1876, 1959, 1852, 1877, 1774, 1879, 1704, 1591, 1568, 1501, 1419, 1440, 1396, 1445, 1353, 1353, 1348, 1298, 1207, 1124, 1066, 1046, 1045, 957, 980, 978, 993, 914, 864, 882, 843, 850, 808",112,GluT1,"0.0, 0.15, 0.3, 0.44999999999999996, 0.6, 0.75, 0.8999999999999999, 1.05, 1.2, 1.3499999999999999, 1.5, 1.65, 1.7999999999999998, 1.95, 2.1, 2.25, 2.4, 2.55, 2.6999999999999997, 2.85, 3.0, 3.15, 3.3, 3.4499999999999997, 3.5999999999999996, 3.75, 3.9, 4.05, 4.2, 4.35, 4.5, 4.6499999999999995, 4.8, 4.95, 5.1, 5.25, 5.3999999999999995, 5.55, 5.7, 5.85, 6.0, 6.1499999999999995, 6.3, 6.45, 6.6, 6.75, 6.8999999999999995, 7.05, 7.199999999999999, 7.35, 7.5, 7.6499999999999995, 7.8, 7.949999999999999, 8.1, 8.25, 8.4, 8.549999999999999, 8.7, 8.85, 9.0, 9.15, 9.299999999999999, 9.45, 9.6, 9.75, 9.9, 10.049999999999999, 10.2, 10.35, 10.5, 10.65, 10.799999999999999, 10.95, 11.1, 11.25, 11.4, 11.549999999999999, 11.7, 11.85, 12.0, 12.15, 12.299999999999999, 12.45, 12.6, 12.75, 12.9, 13.049999999999999, 13.2, 13.35, 13.5, 13.65, 13.799999999999999, 13.95, 14.1, 14.25, 14.399999999999999, 14.549999999999999, 14.7, 14.85, 15.0, 15.149999999999999",2007R_GLUT1_647_WGA_594_0002,2007,R,False,4.452,False
"12966, 13036, 13036, 12872, 13359, 13326, 13909, 14682, 15332, 16696, 17218, 17629, 17483, 17968, 17353, 17704, 17332, 17720, 17909, 17607, 17984, 18043, 18466, 18639, 19453, 19835, 20374, 21032, 21385, 22379, 23385, 27035, 29764, 36617, 42078, 44436, 45642, 46503, 48051, 48192, 50776, 49871, 47948, 46437, 43479, 39300, 33924, 30808, 29396, 27706, 25475, 23318, 20848, 19762, 19328, 17952, 18265, 17997, 17810, 17517, 17587, 17298, 17410, 17304, 17538, 17086, 17101, 16914, 16879, 17002, 16819, 16898, 16926, 17082, 16991, 16649, 16541, 16899, 16688, 16870, 16523, 16660, 17018, 16844, 16867, 16487, 16682, 16781, 16366, 16677, 16354, 16471, 16770, 16369, 16274, 16745, 16397, 16735, 16412, 16322, 16504, 16345",113,DAPI,"0.0, 0.15, 0.3, 0.44999999999999996, 0.6, 0.75, 0.8999999999999999, 1.05, 1.2, 1.3499999999999999, 1.5, 1.65, 1.7999999999999998, 1.95, 2.1, 2.25, 2.4, 2.55, 2.6999999999999997, 2.85, 3.0, 3.15, 3.3, 3.4499999999999997, 3.5999999999999996, 3.75, 3.9, 4.05, 4.2, 4.35, 4.5, 4.6499999999999995, 4.8, 4.95, 5.1, 5.25, 5.3999999999999995, 5.55, 5.7, 5.85, 6.0, 6.1499999999999995, 6.3, 6.45, 6.6, 6.75, 6.8999999999999995, 7.05, 7.199999999999999, 7.35, 7.5, 7.6499999999999995, 7.8, 7.949999999999999, 8.1, 8.25, 8.4, 8.549999999999999, 8.7, 8.85, 9.0, 9.15, 9.299999999999999, 9.45, 9.6, 9.75, 9.9, 10.049999999999999, 10.2, 10.35, 10.5, 10.65, 10.799999999999999, 10.95, 11.1, 11.25, 11.4, 11.549999999999999, 11.7, 11.85, 12.0, 12.15, 12.299999999999999, 12.45, 12.6, 12.75, 12.9, 13.049999999999999, 13.2, 13.35, 13.5, 13.65, 13.799999999999999, 13.95, 14.1, 14.25, 14.399999999999999, 14.549999999999999, 14.7, 14.85, 15.0, 15.149999999999999",2007R_GLUT1_647_WGA_594_0002,2007,R,False,4.930186823992134,False
"2006, 2046, 2141, 2199, 2194, 2273, 2267, 2475, 2752, 3112, 3938, 4316, 5099, 6369, 6771, 7612, 8070, 9300, 11025, 12129, 13948, 15002, 15558, 15812, 15865, 15491, 15410, 15112, 15232, 15359, 14825, 15638, 16966, 15934, 12499, 10671, 9716, 9376, 7691, 7772, 5555, 5014, 4414, 3973, 3674, 3701, 3502, 3679, 3630, 3701, 3770, 3661, 3551, 3537, 3512, 3688, 3627, 3659, 3625, 3621, 3543, 3661, 3504, 3451, 3574, 3496, 3538, 3628, 3657, 3428, 3507, 3519, 3454, 3508, 3464, 3241, 3386, 3414, 3473, 3423, 3427, 3314, 3404, 3337, 3245, 3141, 3262, 3221, 3189, 3240, 3183, 3217, 3288, 3178, 3247, 3218, 3305, 3361, 3301, 3410, 3525, 3425",113,eGFP,"0.0, 0.15, 0.3, 0.44999999999999996, 0.6, 0.75, 0.8999999999999999, 1.05, 1.2, 1.3499999999999999, 1.5, 1.65, 1.7999999999999998, 1.95, 2.1, 2.25, 2.4, 2.55, 2.6999999999999997, 2.85, 3.0, 3.15, 3.3, 3.4499999999999997, 3.5999999999999996, 3.75, 3.9, 4.05, 4.2, 4.35, 4.5, 4.6499999999999995, 4.8, 4.95, 5.1, 5.25, 5.3999999999999995, 5.55, 5.7, 5.85, 6.0, 6.1499999999999995, 6.3, 6.45, 6.6, 6.75, 6.8999999999999995, 7.05, 7.199999999999999, 7.35, 7.5, 7.6499999999999995, 7.8, 7.949999999999999, 8.1, 8.25, 8.4, 8.549999999999999, 8.7, 8.85, 9.0, 9.15, 9.299999999999999, 9.45, 9.6, 9.75, 9.9, 10.049999999999999, 10.2, 10.35, 10.5, 10.65, 10.799999999999999, 10.95, 11.1, 11.25, 11.4, 11.549999999999999, 11.7, 11.85, 12.0, 12.15, 12.299999999999999, 12.45, 12.6, 12.75, 12.9, 13.049999999999999, 13.2, 13.35, 13.5, 13.65, 13.799999999999999, 13.95, 14.1, 14.25, 14.399999999999999, 14.549999999999999, 14.7, 14.85, 15.0, 15.149999999999999",2007R_GLUT1_647_WGA_594_0002,2007,R,False,4.930186823992134,False
"4870, 5212, 5514, 5881, 6682, 7597, 8554, 11513, 15716, 24016, 34573, 36303, 33732, 29441, 27963, 26312, 25569, 24475, 23543, 22868, 22450, 22156, 21888, 21533, 21229, 20579, 20560, 20121, 19803, 19693, 19168, 18605, 18253, 17392, 15826, 14470, 14114, 13806, 12465, 12667, 10254, 9671, 8682, 7902, 7870, 8532, 9982, 10783, 11702, 12632, 13826, 15466, 17686, 19539, 20154, 20633, 20284, 19197, 18782, 18662, 18119, 18152, 17531, 16933, 16361, 15650, 14202, 13169, 12368, 12156, 12217, 11977, 12016, 11645, 11312, 10936, 10662, 10344, 10037, 9754, 9565, 9335, 9398, 9220, 8995, 8609, 8292, 8134, 7853, 7456, 7285, 7157, 7105, 6943, 6845, 6646, 6485, 6275, 6065, 5970, 5782, 5572",113,WGA,"0.0, 0.15, 0.3, 0.44999999999999996, 0.6, 0.75, 0.8999999999999999, 1.05, 1.2, 1.3499999999999999, 1.5, 1.65, 1.7999999999999998, 1.95, 2.1, 2.25, 2.4, 2.55, 2.6999999999999997, 2.85, 3.0, 3.15, 3.3, 3.4499999999999997, 3.5999999999999996, 3.75, 3.9, 4.05, 4.2, 4.35, 4.5, 4.6499999999999995, 4.8, 4.95, 5.1, 5.25, 5.3999999999999995, 5.55, 5.7, 5.85, 6.0, 6.1499999999999995, 6.3, 6.45, 6.6, 6.75, 6.8999999999999995, 7.05, 7.199999999999999, 7.35, 7.5, 7.6499999999999995, 7.8, 7.949999999999999, 8.1, 8.25, 8.4, 8.549999999999999, 8.7, 8.85, 9.0, 9.15, 9.299999999999999, 9.45, 9.6, 9.75, 9.9, 10.049999999999999, 10.2, 10.35, 10.5, 10.65, 10.799999999999999, 10.95, 11.1, 11.25, 11.4, 11.549999999999999, 11.7, 11.85, 12.0, 12.15, 12.299999999999999, 12.45, 12.6, 12.75, 12.9, 13.049999999999999, 13.2, 13.35, 13.5, 13.65, 13.799999999999999, 13.95, 14.1, 14.25, 14.399999999999999, 14.549999999999999, 14.7, 14.85, 15.0, 15.149999999999999",2007R_GLUT1_647_WGA_594_0002,2007,R,False,4.930186823992134,False
"446, 513, 547, 646, 794, 975, 1136, 1603, 2261, 3310, 4547, 4736, 4668, 4472, 4454, 4340, 4323, 4165, 4191, 4161, 4204, 4373, 4519, 4607, 4649, 4717, 4656, 4738, 4832, 4746, 4785, 4622, 4609, 4268, 3640, 3296, 3127, 3013, 2696, 2714, 2030, 1948, 1635, 1489, 1455, 1514, 1769, 1894, 1985, 2149, 2234, 2533, 2697, 2903, 2904, 2921, 2826, 2655, 2538, 2564, 2467, 2494, 2370, 2296, 2219, 2021, 1950, 1795, 1665, 1676, 1720, 1698, 1685, 1619, 1595, 1574, 1529, 1442, 1477, 1371, 1360, 1261, 1314, 1275, 1280, 1187, 1202, 1138, 1104, 1013, 1053, 941, 967, 929, 963, 872, 924, 879, 843, 784, 765, 725",113,GluT1,"0.0, 0.15, 0.3, 0.44999999999999996, 0.6, 0.75, 0.8999999999999999, 1.05, 1.2, 1.3499999999999999, 1.5, 1.65, 1.7999999999999998, 1.95, 2.1, 2.25, 2.4, 2.55, 2.6999999999999997, 2.85, 3.0, 3.15, 3.3, 3.4499999999999997, 3.5999999999999996, 3.75, 3.9, 4.05, 4.2, 4.35, 4.5, 4.6499999999999995, 4.8, 4.95, 5.1, 5.25, 5.3999999999999995, 5.55, 5.7, 5.85, 6.0, 6.1499999999999995, 6.3, 6.45, 6.6, 6.75, 6.8999999999999995, 7.05, 7.199999999999999, 7.35, 7.5, 7.6499999999999995, 7.8, 7.949999999999999, 8.1, 8.25, 8.4, 8.549999999999999, 8.7, 8.85, 9.0, 9.15, 9.299999999999999, 9.45, 9.6, 9.75, 9.9, 10.049999999999999, 10.2, 10.35, 10.5, 10.65, 10.799999999999999, 10.95, 11.1, 11.25, 11.4, 11.549999999999999, 11.7, 11.85, 12.0, 12.15, 12.299999999999999, 12.45, 12.6, 12.75, 12.9, 13.049999999999999, 13.2, 13.35, 13.5, 13.65, 13.799999999999999, 13.95, 14.1, 14.25, 14.399999999999999, 14.549999999999999, 14.7, 14.85, 15.0, 15.149999999999999",2007R_GLUT1_647_WGA_594_0002,2007,R,False,4.930186823992134,False
"44651, 45964, 46980, 48241, 49736, 51043, 52420, 57720, 62091, 67972, 74472, 78892, 83160, 91727, 92923, 97081, 101602, 108406, 119772, 130298, 155104, 184327, 207787, 223288, 238631, 255846, 262683, 269092, 275086, 279053, 287557, 296550, 297858, 294802, 287400, 279533, 274747, 274049, 266034, 266604, 250476, 241027, 232130, 222553, 216373, 208905, 191358, 181263, 168344, 157436, 140015, 120598, 96139, 85165, 79808, 72919, 69978, 66366, 65317, 65080, 65152, 63388, 62958, 61762, 61823, 60845, 60587, 60056, 59657, 59606, 59353, 59774, 58845, 59058, 58724, 58397, 58426, 57689, 57649, 57602, 56788, 57294, 57806, 56927, 57291, 56219, 57487, 57185, 56833, 56467, 56390, 56734, 56057, 56479, 55980, 56828, 56905, 56217, 56939, 56037, 56310, 56101",114,DAPI,"0.0, 0.15, 0.3, 0.44999999999999996, 0.6, 0.75, 0.8999999999999999, 1.05, 1.2, 1.3499999999999999, 1.5, 1.65, 1.7999999999999998, 1.95, 2.1, 2.25, 2.4, 2.55, 2.6999999999999997, 2.85, 3.0, 3.15, 3.3, 3.4499999999999997, 3.5999999999999996, 3.75, 3.9, 4.05, 4.2, 4.35, 4.5, 4.6499999999999995, 4.8, 4.95, 5.1, 5.25, 5.3999999999999995, 5.55, 5.7, 5.85, 6.0, 6.1499999999999995, 6.3, 6.45, 6.6, 6.75, 6.8999999999999995, 7.05, 7.199999999999999, 7.35, 7.5, 7.6499999999999995, 7.8, 7.949999999999999, 8.1, 8.25, 8.4, 8.549999999999999, 8.7, 8.85, 9.0, 9.15, 9.299999999999999, 9.45, 9.6, 9.75, 9.9, 10.049999999999999, 10.2, 10.35, 10.5, 10.65, 10.799999999999999, 10.95, 11.1, 11.25, 11.4, 11.549999999999999, 11.7, 11.85, 12.0, 12.15, 12.299999999999999, 12.45, 12.6, 12.75, 12.9, 13.049999999999999, 13.2, 13.35, 13.5, 13.65, 13.799999999999999, 13.95, 14.1, 14.25, 14.399999999999999, 14.549999999999999, 14.7, 14.85, 15.0, 15.149999999999999",2007R_GLUT1_647_WGA_594_0002,2007,R,False,4.143850105772136,False
"6519, 6554, 6657, 6691, 6754, 6911, 6787, 7293, 7771, 8752, 10479, 11127, 11888, 12271, 12552, 12485, 12990, 12749, 13334, 13400, 14182, 14277, 15102, 14625, 14834, 15191, 15282, 15751, 15469, 15082, 15207, 14278, 13712, 12861, 12484, 12242, 12070, 12238, 11714, 11946, 11789, 11712, 11708, 11823, 12183, 12468, 12608, 12532, 12524, 12559, 12522, 12639, 12955, 13074, 13147, 13997, 14364, 13509, 13157, 13156, 12473, 12738, 12139, 11829, 12033, 11979, 11656, 11752, 11799, 11756, 11498, 11612, 11738, 11744, 11662, 11460, 11519, 11731, 11547, 11493, 11799, 11305, 11450, 11511, 11566, 11460, 11540, 11471, 11593, 11412, 11436, 11506, 11503, 11591, 11540, 11736, 11813, 11819, 11778, 11969, 12253, 12472",114,eGFP,"0.0, 0.15, 0.3, 0.44999999999999996, 0.6, 0.75, 0.8999999999999999, 1.05, 1.2, 1.3499999999999999, 1.5, 1.65, 1.7999999999999998, 1.95, 2.1, 2.25, 2.4, 2.55, 2.6999999999999997, 2.85, 3.0, 3.15, 3.3, 3.4499999999999997, 3.5999999999999996, 3.75, 3.9, 4.05, 4.2, 4.35, 4.5, 4.6499999999999995, 4.8, 4.95, 5.1, 5.25, 5.3999999999999995, 5.55, 5.7, 5.85, 6.0, 6.1499999999999995, 6.3, 6.45, 6.6, 6.75, 6.8999999999999995, 7.05, 7.199999999999999, 7.35, 7.5, 7.6499999999999995, 7.8, 7.949999999999999, 8.1, 8.25, 8.4, 8.549999999999999, 8.7, 8.85, 9.0, 9.15, 9.299999999999999, 9.45, 9.6, 9.75, 9.9, 10.049999999999999, 10.2, 10.35, 10.5, 10.65, 10.799999999999999, 10.95, 11.1, 11.25, 11.4, 11.549999999999999, 11.7, 11.85, 12.0, 12.15, 12.299999999999999, 12.45, 12.6, 12.75, 12.9, 13.049999999999999, 13.2, 13.35, 13.5, 13.65, 13.799999999999999, 13.95, 14.1, 14.25, 14.399999999999999, 14.549999999999999, 14.7, 14.85, 15.0, 15.149999999999999",2007R_GLUT1_647_WGA_594_0002,2007,R,False,4.143850105772136,False
"15793, 16853, 17900, 18969, 21537, 24747, 27475, 39686, 57921, 97996, 143220, 143257, 119085, 92433, 85741, 78175, 73692, 68456, 64503, 62548, 58931, 55764, 52536, 50250, 47602, 44224, 42888, 41864, 40593, 39414, 36909, 33276, 31268, 28591, 27165, 26522, 26508, 26287, 25964, 26003, 26318, 26753, 27759, 29723, 31445, 33967, 36690, 38460, 40706, 42166, 45559, 48990, 56933, 61551, 62688, 63276, 61874, 57812, 56676, 56457, 54594, 54127, 51959, 50010, 48879, 47168, 45089, 43296, 41211, 40415, 40818, 40163, 40006, 38763, 38052, 36198, 34835, 33902, 31906, 30791, 30267, 29395, 29973, 29228, 28698, 28078, 27206, 26830, 25586, 24881, 24080, 23384, 23344, 22848, 22678, 22007, 21480, 21034, 20630, 20451, 19899, 19410",114,WGA,"0.0, 0.15, 0.3, 0.44999999999999996, 0.6, 0.75, 0.8999999999999999, 1.05, 1.2, 1.3499999999999999, 1.5, 1.65, 1.7999999999999998, 1.95, 2.1, 2.25, 2.4, 2.55, 2.6999999999999997, 2.85, 3.0, 3.15, 3.3, 3.4499999999999997, 3.5999999999999996, 3.75, 3.9, 4.05, 4.2, 4.35, 4.5, 4.6499999999999995, 4.8, 4.95, 5.1, 5.25, 5.3999999999999995, 5.55, 5.7, 5.85, 6.0, 6.1499999999999995, 6.3, 6.45, 6.6, 6.75, 6.8999999999999995, 7.05, 7.199999999999999, 7.35, 7.5, 7.6499999999999995, 7.8, 7.949999999999999, 8.1, 8.25, 8.4, 8.549999999999999, 8.7, 8.85, 9.0, 9.15, 9.299999999999999, 9.45, 9.6, 9.75, 9.9, 10.049999999999999, 10.2, 10.35, 10.5, 10.65, 10.799999999999999, 10.95, 11.1, 11.25, 11.4, 11.549999999999999, 11.7, 11.85, 12.0, 12.15, 12.299999999999999, 12.45, 12.6, 12.75, 12.9, 13.049999999999999, 13.2, 13.35, 13.5, 13.65, 13.799999999999999, 13.95, 14.1, 14.25, 14.399999999999999, 14.549999999999999, 14.7, 14.85, 15.0, 15.149999999999999",2007R_GLUT1_647_WGA_594_0002,2007,R,False,4.143850105772136,False
"1546, 1853, 2022, 2309, 2944, 3601, 4059, 6298, 9205, 15258, 21682, 22575, 21122, 19035, 18272, 17693, 17345, 16782, 16367, 16068, 15747, 15256, 14266, 13737, 13082, 11937, 11484, 11321, 10773, 10534, 9576, 8842, 8453, 7919, 7582, 7461, 7439, 7350, 7154, 7207, 7155, 7138, 7326, 7455, 7613, 8103, 8341, 8370, 8672, 8875, 9452, 9971, 10737, 11233, 11000, 10535, 9937, 9238, 8862, 8771, 8458, 8424, 7959, 7632, 7410, 7115, 6892, 6437, 6522, 6401, 6311, 6412, 6215, 6100, 5985, 5853, 5608, 5233, 5066, 4885, 4784, 4698, 4603, 4620, 4594, 4347, 4324, 4091, 3862, 3760, 3680, 3580, 3470, 3439, 3457, 3295, 3298, 3054, 2941, 2861, 2843, 2712",114,GluT1,"0.0, 0.15, 0.3, 0.44999999999999996, 0.6, 0.75, 0.8999999999999999, 1.05, 1.2, 1.3499999999999999, 1.5, 1.65, 1.7999999999999998, 1.95, 2.1, 2.25, 2.4, 2.55, 2.6999999999999997, 2.85, 3.0, 3.15, 3.3, 3.4499999999999997, 3.5999999999999996, 3.75, 3.9, 4.05, 4.2, 4.35, 4.5, 4.6499999999999995, 4.8, 4.95, 5.1, 5.25, 5.3999999999999995, 5.55, 5.7, 5.85, 6.0, 6.1499999999999995, 6.3, 6.45, 6.6, 6.75, 6.8999999999999995, 7.05, 7.199999999999999, 7.35, 7.5, 7.6499999999999995, 7.8, 7.949999999999999, 8.1, 8.25, 8.4, 8.549999999999999, 8.7, 8.85, 9.0, 9.15, 9.299999999999999, 9.45, 9.6, 9.75, 9.9, 10.049999999999999, 10.2, 10.35, 10.5, 10.65, 10.799999999999999, 10.95, 11.1, 11.25, 11.4, 11.549999999999999, 11.7, 11.85, 12.0, 12.15, 12.299999999999999, 12.45, 12.6, 12.75, 12.9, 13.049999999999999, 13.2, 13.35, 13.5, 13.65, 13.799999999999999, 13.95, 14.1, 14.25, 14.399999999999999, 14.549999999999999, 14.7, 14.85, 15.0, 15.149999999999999",2007R_GLUT1_647_WGA_594_0002,2007,R,False,4.143850105772136,False
"61536, 62949, 62957, 63572, 64943, 65292, 67446, 70006, 72659, 76712, 81193, 82940, 84544, 85314, 85504, 87234, 87199, 87910, 89493, 90348, 93063, 94542, 94857, 96481, 97730, 99434, 99124, 100139, 101433, 103246, 105462, 113930, 118800, 133754, 147145, 157144, 160598, 162819, 170569, 172836, 191623, 203517, 223265, 248419, 261858, 275856, 284264, 285067, 282093, 281427, 275052, 266334, 243532, 222256, 206822, 174807, 148474, 124571, 115522, 114688, 107494, 105028, 100086, 96018, 93811, 92293, 90094, 87679, 87050, 85858, 86663, 86220, 85365, 84340, 84233, 81797, 82450, 81635, 81708, 80975, 79899, 80290, 81084, 80327, 79877, 79522, 78808, 79278, 78298, 79505, 78378, 77864, 78679, 77199, 78424, 78371, 78032, 77724, 77372, 78159, 76493, 76524",115,DAPI,"0.0, 0.15, 0.3, 0.44999999999999996, 0.6, 0.75, 0.8999999999999999, 1.05, 1.2, 1.3499999999999999, 1.5, 1.65, 1.7999999999999998, 1.95, 2.1, 2.25, 2.4, 2.55, 2.6999999999999997, 2.85, 3.0, 3.15, 3.3, 3.4499999999999997, 3.5999999999999996, 3.75, 3.9, 4.05, 4.2, 4.35, 4.5, 4.6499999999999995, 4.8, 4.95, 5.1, 5.25, 5.3999999999999995, 5.55, 5.7, 5.85, 6.0, 6.1499999999999995, 6.3, 6.45, 6.6, 6.75, 6.8999999999999995, 7.05, 7.199999999999999, 7.35, 7.5, 7.6499999999999995, 7.8, 7.949999999999999, 8.1, 8.25, 8.4, 8.549999999999999, 8.7, 8.85, 9.0, 9.15, 9.299999999999999, 9.45, 9.6, 9.75, 9.9, 10.049999999999999, 10.2, 10.35, 10.5, 10.65, 10.799999999999999, 10.95, 11.1, 11.25, 11.4, 11.549999999999999, 11.7, 11.85, 12.0, 12.15, 12.299999999999999, 12.45, 12.6, 12.75, 12.9, 13.049999999999999, 13.2, 13.35, 13.5, 13.65, 13.799999999999999, 13.95, 14.1, 14.25, 14.399999999999999, 14.549999999999999, 14.7, 14.85, 15.0, 15.149999999999999",2007R_GLUT1_647_WGA_594_0002,2007,R,True,56.97090163934426,False
"10175, 10211, 10520, 10522, 10788, 11106, 11271, 11922, 13010, 14177, 16961, 17944, 19611, 20392, 20492, 21070, 21352, 21869, 23157, 24001, 25209, 27494, 29092, 30290, 31646, 33336, 34159, 35172, 36004, 37208, 40971, 52361, 60881, 85175, 107000, 122564, 125906, 129118, 144020, 143605, 171546, 187968, 213705, 241758, 259480, 275168, 279216, 278018, 273717, 272726, 267455, 263541, 249266, 238088, 228603, 204442, 176291, 133794, 115652, 113301, 91513, 86203, 65742, 52968, 48218, 40640, 35394, 31217, 29177, 27944, 28320, 27640, 27489, 26026, 25383, 23478, 22821, 22252, 21288, 20646, 20555, 20296, 20509, 20161, 20173, 19448, 18994, 18901, 19109, 18586, 18416, 18285, 18408, 18345, 18100, 18154, 17844, 17868, 17772, 17999, 18780, 18815",115,eGFP,"0.0, 0.15, 0.3, 0.44999999999999996, 0.6, 0.75, 0.8999999999999999, 1.05, 1.2, 1.3499999999999999, 1.5, 1.65, 1.7999999999999998, 1.95, 2.1, 2.25, 2.4, 2.55, 2.6999999999999997, 2.85, 3.0, 3.15, 3.3, 3.4499999999999997, 3.5999999999999996, 3.75, 3.9, 4.05, 4.2, 4.35, 4.5, 4.6499999999999995, 4.8, 4.95, 5.1, 5.25, 5.3999999999999995, 5.55, 5.7, 5.85, 6.0, 6.1499999999999995, 6.3, 6.45, 6.6, 6.75, 6.8999999999999995, 7.05, 7.199999999999999, 7.35, 7.5, 7.6499999999999995, 7.8, 7.949999999999999, 8.1, 8.25, 8.4, 8.549999999999999, 8.7, 8.85, 9.0, 9.15, 9.299999999999999, 9.45, 9.6, 9.75, 9.9, 10.049999999999999, 10.2, 10.35, 10.5, 10.65, 10.799999999999999, 10.95, 11.1, 11.25, 11.4, 11.549999999999999, 11.7, 11.85, 12.0, 12.15, 12.299999999999999, 12.45, 12.6, 12.75, 12.9, 13.049999999999999, 13.2, 13.35, 13.5, 13.65, 13.799999999999999, 13.95, 14.1, 14.25, 14.399999999999999, 14.549999999999999, 14.7, 14.85, 15.0, 15.149999999999999",2007R_GLUT1_647_WGA_594_0002,2007,R,True,56.97090163934426,False
"24568, 26739, 28477, 30339, 34322, 39017, 43442, 61140, 85669, 143416, 230281, 248131, 235183, 208427, 200350, 191380, 185211, 175753, 166438, 160047, 150533, 141450, 136877, 134182, 130519, 126523, 125604, 124359, 123576, 124026, 122015, 121693, 121658, 118016, 113706, 109765, 108036, 107560, 102879, 101984, 90453, 83563, 72310, 61186, 55147, 48842, 45345, 44535, 44429, 43862, 43875, 44387, 46948, 50466, 52587, 59479, 66136, 75076, 78487, 79042, 81303, 81725, 81806, 80066, 77806, 75227, 70967, 67825, 64454, 63354, 63704, 62253, 62100, 59329, 58024, 54326, 51916, 49790, 47244, 45767, 44569, 43425, 44048, 42686, 42122, 40310, 38772, 38086, 35996, 35081, 34044, 32985, 32770, 32140, 31852, 30912, 30346, 29597, 28965, 28301, 27695, 27145",115,WGA,"0.0, 0.15, 0.3, 0.44999999999999996, 0.6, 0.75, 0.8999999999999999, 1.05, 1.2, 1.3499999999999999, 1.5, 1.65, 1.7999999999999998, 1.95, 2.1, 2.25, 2.4, 2.55, 2.6999999999999997, 2.85, 3.0, 3.15, 3.3, 3.4499999999999997, 3.5999999999999996, 3.75, 3.9, 4.05, 4.2, 4.35, 4.5, 4.6499999999999995, 4.8, 4.95, 5.1, 5.25, 5.3999999999999995, 5.55, 5.7, 5.85, 6.0, 6.1499999999999995, 6.3, 6.45, 6.6, 6.75, 6.8999999999999995, 7.05, 7.199999999999999, 7.35, 7.5, 7.6499999999999995, 7.8, 7.949999999999999, 8.1, 8.25, 8.4, 8.549999999999999, 8.7, 8.85, 9.0, 9.15, 9.299999999999999, 9.45, 9.6, 9.75, 9.9, 10.049999999999999, 10.2, 10.35, 10.5, 10.65, 10.799999999999999, 10.95, 11.1, 11.25, 11.4, 11.549999999999999, 11.7, 11.85, 12.0, 12.15, 12.299999999999999, 12.45, 12.6, 12.75, 12.9, 13.049999999999999, 13.2, 13.35, 13.5, 13.65, 13.799999999999999, 13.95, 14.1, 14.25, 14.399999999999999, 14.549999999999999, 14.7, 14.85, 15.0, 15.149999999999999",2007R_GLUT1_647_WGA_594_0002,2007,R,True,56.97090163934426,False
"2438, 2878, 3273, 3826, 4716, 5515, 6475, 10077, 14404, 23225, 34348, 36663, 36009, 32685, 31964, 30309, 29688, 27631, 26212, 24596, 23300, 22018, 21341, 20918, 20374, 20014, 19710, 19643, 19518, 19218, 19203, 19117, 18725, 18639, 17765, 17414, 17137, 17129, 16558, 16311, 15017, 14232, 12655, 11068, 9897, 8927, 8039, 7979, 7911, 7743, 7645, 7927, 8121, 8645, 9244, 10252, 11270, 11891, 11890, 12033, 11851, 11753, 11519, 10905, 10758, 10120, 9634, 8913, 8673, 8343, 8374, 8269, 7979, 7811, 7601, 7086, 6813, 6598, 6294, 5975, 5864, 5626, 5886, 5647, 5509, 5224, 5084, 5024, 4731, 4721, 4479, 4398, 4399, 4272, 4185, 3866, 3886, 3649, 3579, 3534, 3414, 3247",115,GluT1,"0.0, 0.15, 0.3, 0.44999999999999996, 0.6, 0.75, 0.8999999999999999, 1.05, 1.2, 1.3499999999999999, 1.5, 1.65, 1.7999999999999998, 1.95, 2.1, 2.25, 2.4, 2.55, 2.6999999999999997, 2.85, 3.0, 3.15, 3.3, 3.4499999999999997, 3.5999999999999996, 3.75, 3.9, 4.05, 4.2, 4.35, 4.5, 4.6499999999999995, 4.8, 4.95, 5.1, 5.25, 5.3999999999999995, 5.55, 5.7, 5.85, 6.0, 6.1499999999999995, 6.3, 6.45, 6.6, 6.75, 6.8999999999999995, 7.05, 7.199999999999999, 7.35, 7.5, 7.6499999999999995, 7.8, 7.949999999999999, 8.1, 8.25, 8.4, 8.549999999999999, 8.7, 8.85, 9.0, 9.15, 9.299999999999999, 9.45, 9.6, 9.75, 9.9, 10.049999999999999, 10.2, 10.35, 10.5, 10.65, 10.799999999999999, 10.95, 11.1, 11.25, 11.4, 11.549999999999999, 11.7, 11.85, 12.0, 12.15, 12.299999999999999, 12.45, 12.6, 12.75, 12.9, 13.049999999999999, 13.2, 13.35, 13.5, 13.65, 13.799999999999999, 13.95, 14.1, 14.25, 14.399999999999999, 14.549999999999999, 14.7, 14.85, 15.0, 15.149999999999999",2007R_GLUT1_647_WGA_594_0002,2007,R,True,56.97090163934426,False
"66158, 67233, 67628, 68582, 69318, 71486, 72970, 77172, 80943, 86707, 92691, 93279, 93724, 95867, 95116, 95306, 95556, 96204, 96706, 97914, 100347, 104554, 108813, 112618, 116698, 123442, 126936, 130127, 132952, 137261, 145150, 158895, 166652, 180562, 187616, 192230, 193717, 195221, 197578, 196642, 199534, 202723, 202817, 203029, 201520, 193844, 180569, 173563, 163890, 156715, 147322, 137964, 120631, 109674, 107208, 100427, 98511, 95260, 94510, 94734, 93662, 93947, 92735, 92364, 91236, 91402, 89942, 90172, 89041, 89699, 89019, 88303, 89324, 88693, 88124, 87679, 87494, 88886, 87498, 87784, 88678, 88574, 87544, 87270, 86905, 86965, 87539, 87154, 86976, 87191, 86369, 86062, 86294, 85305, 86948, 85503, 86099, 86293, 86167, 85155, 85834, 85759",116,DAPI,"0.0, 0.15, 0.3, 0.44999999999999996, 0.6, 0.75, 0.8999999999999999, 1.05, 1.2, 1.3499999999999999, 1.5, 1.65, 1.7999999999999998, 1.95, 2.1, 2.25, 2.4, 2.55, 2.6999999999999997, 2.85, 3.0, 3.15, 3.3, 3.4499999999999997, 3.5999999999999996, 3.75, 3.9, 4.05, 4.2, 4.35, 4.5, 4.6499999999999995, 4.8, 4.95, 5.1, 5.25, 5.3999999999999995, 5.55, 5.7, 5.85, 6.0, 6.1499999999999995, 6.3, 6.45, 6.6, 6.75, 6.8999999999999995, 7.05, 7.199999999999999, 7.35, 7.5, 7.6499999999999995, 7.8, 7.949999999999999, 8.1, 8.25, 8.4, 8.549999999999999, 8.7, 8.85, 9.0, 9.15, 9.299999999999999, 9.45, 9.6, 9.75, 9.9, 10.049999999999999, 10.2, 10.35, 10.5, 10.65, 10.799999999999999, 10.95, 11.1, 11.25, 11.4, 11.549999999999999, 11.7, 11.85, 12.0, 12.15, 12.299999999999999, 12.45, 12.6, 12.75, 12.9, 13.049999999999999, 13.2, 13.35, 13.5, 13.65, 13.799999999999999, 13.95, 14.1, 14.25, 14.399999999999999, 14.549999999999999, 14.7, 14.85, 15.0, 15.149999999999999",2007R_GLUT1_647_WGA_594_0002,2007,R,False,14.744088482074751,False
"10454, 10764, 10970, 11061, 11303, 11757, 11813, 12661, 13908, 16007, 19337, 21121, 24531, 28754, 31051, 33296, 34720, 38150, 42338, 45852, 50040, 53607, 54916, 55292, 55808, 56383, 56505, 56293, 56368, 57455, 58818, 63806, 64751, 68957, 70515, 72885, 73056, 73443, 74479, 74129, 75354, 76964, 78061, 77318, 75760, 72765, 68873, 67520, 65082, 64739, 62040, 58978, 53297, 48316, 45097, 39522, 35632, 31635, 30007, 29896, 28150, 27710, 26660, 25808, 25493, 25114, 24437, 24702, 23581, 23828, 23896, 23696, 24256, 23829, 22986, 22487, 21904, 21709, 20954, 20892, 20608, 20585, 20713, 20282, 20678, 20338, 20410, 20799, 20897, 20754, 20571, 20263, 20355, 19922, 19771, 19326, 19368, 19220, 18872, 18904, 19289, 19420",116,eGFP,"0.0, 0.15, 0.3, 0.44999999999999996, 0.6, 0.75, 0.8999999999999999, 1.05, 1.2, 1.3499999999999999, 1.5, 1.65, 1.7999999999999998, 1.95, 2.1, 2.25, 2.4, 2.55, 2.6999999999999997, 2.85, 3.0, 3.15, 3.3, 3.4499999999999997, 3.5999999999999996, 3.75, 3.9, 4.05, 4.2, 4.35, 4.5, 4.6499999999999995, 4.8, 4.95, 5.1, 5.25, 5.3999999999999995, 5.55, 5.7, 5.85, 6.0, 6.1499999999999995, 6.3, 6.45, 6.6, 6.75, 6.8999999999999995, 7.05, 7.199999999999999, 7.35, 7.5, 7.6499999999999995, 7.8, 7.949999999999999, 8.1, 8.25, 8.4, 8.549999999999999, 8.7, 8.85, 9.0, 9.15, 9.299999999999999, 9.45, 9.6, 9.75, 9.9, 10.049999999999999, 10.2, 10.35, 10.5, 10.65, 10.799999999999999, 10.95, 11.1, 11.25, 11.4, 11.549999999999999, 11.7, 11.85, 12.0, 12.15, 12.299999999999999, 12.45, 12.6, 12.75, 12.9, 13.049999999999999, 13.2, 13.35, 13.5, 13.65, 13.799999999999999, 13.95, 14.1, 14.25, 14.399999999999999, 14.549999999999999, 14.7, 14.85, 15.0, 15.149999999999999",2007R_GLUT1_647_WGA_594_0002,2007,R,False,14.744088482074751,False
"24721, 26794, 28448, 30403, 34221, 39022, 43070, 61433, 83425, 130062, 190771, 200757, 186991, 163820, 157389, 150002, 144167, 137060, 129916, 125394, 118267, 111177, 105395, 101737, 98163, 92957, 92230, 90082, 88335, 86804, 83634, 78581, 76062, 70772, 67215, 64574, 64488, 64024, 63195, 63420, 62079, 60988, 59921, 58659, 57973, 59860, 63473, 66349, 69673, 71591, 75263, 78536, 83597, 87585, 88991, 92314, 92976, 91853, 90738, 90880, 88695, 88251, 85397, 82437, 79363, 76601, 70696, 67282, 63614, 63248, 63597, 62325, 62094, 59504, 58682, 55733, 53737, 51727, 49664, 48334, 47118, 46243, 46731, 45415, 45078, 43671, 41808, 41238, 38930, 38005, 36936, 35765, 35583, 35313, 35031, 33843, 33553, 32649, 31951, 31107, 30291, 29640",116,WGA,"0.0, 0.15, 0.3, 0.44999999999999996, 0.6, 0.75, 0.8999999999999999, 1.05, 1.2, 1.3499999999999999, 1.5, 1.65, 1.7999999999999998, 1.95, 2.1, 2.25, 2.4, 2.55, 2.6999999999999997, 2.85, 3.0, 3.15, 3.3, 3.4499999999999997, 3.5999999999999996, 3.75, 3.9, 4.05, 4.2, 4.35, 4.5, 4.6499999999999995, 4.8, 4.95, 5.1, 5.25, 5.3999999999999995, 5.55, 5.7, 5.85, 6.0, 6.1499999999999995, 6.3, 6.45, 6.6, 6.75, 6.8999999999999995, 7.05, 7.199999999999999, 7.35, 7.5, 7.6499999999999995, 7.8, 7.949999999999999, 8.1, 8.25, 8.4, 8.549999999999999, 8.7, 8.85, 9.0, 9.15, 9.299999999999999, 9.45, 9.6, 9.75, 9.9, 10.049999999999999, 10.2, 10.35, 10.5, 10.65, 10.799999999999999, 10.95, 11.1, 11.25, 11.4, 11.549999999999999, 11.7, 11.85, 12.0, 12.15, 12.299999999999999, 12.45, 12.6, 12.75, 12.9, 13.049999999999999, 13.2, 13.35, 13.5, 13.65, 13.799999999999999, 13.95, 14.1, 14.25, 14.399999999999999, 14.549999999999999, 14.7, 14.85, 15.0, 15.149999999999999",2007R_GLUT1_647_WGA_594_0002,2007,R,False,14.744088482074751,False
"2548, 2961, 3389, 3828, 4899, 5442, 6526, 9730, 13579, 20445, 29220, 31622, 32691, 32198, 31797, 31424, 31469, 31051, 30452, 30033, 28534, 27271, 26355, 26154, 25596, 24852, 24495, 23919, 23788, 23398, 22360, 20855, 19871, 18098, 16757, 15875, 15687, 15511, 14896, 14744, 13950, 13274, 12857, 12321, 11968, 12183, 12871, 12814, 13364, 13684, 14186, 14330, 15010, 15065, 15208, 15103, 14776, 14372, 14027, 13932, 13830, 13731, 13143, 12559, 12225, 11441, 10838, 10279, 9685, 9617, 9551, 9510, 9334, 9110, 8795, 8405, 7794, 7551, 7336, 7120, 6926, 6783, 6909, 6680, 6680, 6373, 6175, 5972, 5482, 5329, 5109, 5039, 5024, 4741, 4805, 4542, 4473, 4300, 4040, 3953, 3942, 3648",116,GluT1,"0.0, 0.15, 0.3, 0.44999999999999996, 0.6, 0.75, 0.8999999999999999, 1.05, 1.2, 1.3499999999999999, 1.5, 1.65, 1.7999999999999998, 1.95, 2.1, 2.25, 2.4, 2.55, 2.6999999999999997, 2.85, 3.0, 3.15, 3.3, 3.4499999999999997, 3.5999999999999996, 3.75, 3.9, 4.05, 4.2, 4.35, 4.5, 4.6499999999999995, 4.8, 4.95, 5.1, 5.25, 5.3999999999999995, 5.55, 5.7, 5.85, 6.0, 6.1499999999999995, 6.3, 6.45, 6.6, 6.75, 6.8999999999999995, 7.05, 7.199999999999999, 7.35, 7.5, 7.6499999999999995, 7.8, 7.949999999999999, 8.1, 8.25, 8.4, 8.549999999999999, 8.7, 8.85, 9.0, 9.15, 9.299999999999999, 9.45, 9.6, 9.75, 9.9, 10.049999999999999, 10.2, 10.35, 10.5, 10.65, 10.799999999999999, 10.95, 11.1, 11.25, 11.4, 11.549999999999999, 11.7, 11.85, 12.0, 12.15, 12.299999999999999, 12.45, 12.6, 12.75, 12.9, 13.049999999999999, 13.2, 13.35, 13.5, 13.65, 13.799999999999999, 13.95, 14.1, 14.25, 14.399999999999999, 14.549999999999999, 14.7, 14.85, 15.0, 15.149999999999999",2007R_GLUT1_647_WGA_594_0002,2007,R,False,14.744088482074751,False
"22738, 23757, 24253, 24076, 25070, 25322, 25692, 27307, 29237, 31713, 32912, 33478, 34609, 35332, 35628, 35163, 35587, 37036, 37093, 37233, 38966, 41230, 43636, 46429, 49543, 55994, 59312, 61433, 66538, 71985, 86065, 110863, 123758, 143104, 148980, 150334, 152885, 150145, 150084, 149581, 146629, 148457, 146235, 143271, 138756, 127878, 115215, 107950, 101122, 94748, 84165, 73376, 57924, 48352, 44706, 40503, 38764, 36204, 35103, 36079, 34880, 34806, 34416, 33681, 33220, 33128, 32498, 32135, 32014, 31440, 32065, 31939, 31724, 31715, 31462, 31872, 32293, 31255, 31153, 30830, 30526, 31124, 30981, 31061, 30050, 31086, 30346, 30797, 31019, 31028, 30573, 30664, 30502, 30576, 30283, 30603, 30763, 30288, 30256, 30335, 30220, 30102",117,DAPI,"0.0, 0.15, 0.3, 0.44999999999999996, 0.6, 0.75, 0.8999999999999999, 1.05, 1.2, 1.3499999999999999, 1.5, 1.65, 1.7999999999999998, 1.95, 2.1, 2.25, 2.4, 2.55, 2.6999999999999997, 2.85, 3.0, 3.15, 3.3, 3.4499999999999997, 3.5999999999999996, 3.75, 3.9, 4.05, 4.2, 4.35, 4.5, 4.6499999999999995, 4.8, 4.95, 5.1, 5.25, 5.3999999999999995, 5.55, 5.7, 5.85, 6.0, 6.1499999999999995, 6.3, 6.45, 6.6, 6.75, 6.8999999999999995, 7.05, 7.199999999999999, 7.35, 7.5, 7.6499999999999995, 7.8, 7.949999999999999, 8.1, 8.25, 8.4, 8.549999999999999, 8.7, 8.85, 9.0, 9.15, 9.299999999999999, 9.45, 9.6, 9.75, 9.9, 10.049999999999999, 10.2, 10.35, 10.5, 10.65, 10.799999999999999, 10.95, 11.1, 11.25, 11.4, 11.549999999999999, 11.7, 11.85, 12.0, 12.15, 12.299999999999999, 12.45, 12.6, 12.75, 12.9, 13.049999999999999, 13.2, 13.35, 13.5, 13.65, 13.799999999999999, 13.95, 14.1, 14.25, 14.399999999999999, 14.549999999999999, 14.7, 14.85, 15.0, 15.149999999999999",2007R_GLUT1_647_WGA_594_0002,2007,R,False,3.53168044077135,False
"3515, 3632, 3700, 3676, 3823, 3914, 3918, 4310, 4770, 5532, 6998, 7910, 10000, 12016, 12683, 13278, 13811, 14393, 14537, 14479, 15543, 16749, 18044, 18467, 18802, 18875, 18811, 18530, 17736, 17513, 15653, 12700, 11259, 8352, 7204, 6482, 6410, 6365, 6238, 5917, 5628, 5421, 5206, 5294, 5183, 5167, 5276, 5356, 5557, 5636, 5793, 5672, 6137, 6338, 6254, 6094, 6201, 6136, 6020, 6093, 5931, 6164, 6150, 6030, 6096, 6015, 6030, 6065, 6163, 6069, 6020, 5988, 6009, 5988, 6002, 6151, 6007, 6074, 6082, 6020, 6105, 6029, 6030, 6001, 5896, 6049, 5959, 5968, 5998, 6127, 6109, 6202, 6281, 6229, 6275, 6618, 6713, 7139, 7103, 7131, 7115, 7049",117,eGFP,"0.0, 0.15, 0.3, 0.44999999999999996, 0.6, 0.75, 0.8999999999999999, 1.05, 1.2, 1.3499999999999999, 1.5, 1.65, 1.7999999999999998, 1.95, 2.1, 2.25, 2.4, 2.55, 2.6999999999999997, 2.85, 3.0, 3.15, 3.3, 3.4499999999999997, 3.5999999999999996, 3.75, 3.9, 4.05, 4.2, 4.35, 4.5, 4.6499999999999995, 4.8, 4.95, 5.1, 5.25, 5.3999999999999995, 5.55, 5.7, 5.85, 6.0, 6.1499999999999995, 6.3, 6.45, 6.6, 6.75, 6.8999999999999995, 7.05, 7.199999999999999, 7.35, 7.5, 7.6499999999999995, 7.8, 7.949999999999999, 8.1, 8.25, 8.4, 8.549999999999999, 8.7, 8.85, 9.0, 9.15, 9.299999999999999, 9.45, 9.6, 9.75, 9.9, 10.049999999999999, 10.2, 10.35, 10.5, 10.65, 10.799999999999999, 10.95, 11.1, 11.25, 11.4, 11.549999999999999, 11.7, 11.85, 12.0, 12.15, 12.299999999999999, 12.45, 12.6, 12.75, 12.9, 13.049999999999999, 13.2, 13.35, 13.5, 13.65, 13.799999999999999, 13.95, 14.1, 14.25, 14.399999999999999, 14.549999999999999, 14.7, 14.85, 15.0, 15.149999999999999",2007R_GLUT1_647_WGA_594_0002,2007,R,False,3.53168044077135,False
"8627, 9218, 9887, 10484, 11823, 13400, 14885, 21257, 29754, 47826, 69103, 70324, 62484, 52624, 50703, 47267, 45208, 42227, 40442, 39019, 37718, 36668, 35923, 36050, 35672, 35953, 35798, 35882, 35252, 35191, 34169, 31949, 29375, 23798, 19962, 17765, 17104, 16936, 15923, 15763, 14355, 13299, 12973, 13197, 13735, 15265, 17739, 19041, 20982, 21949, 24413, 26597, 31196, 34164, 35429, 36344, 35348, 32905, 31829, 31620, 30393, 30075, 28285, 27221, 26264, 25250, 24232, 23202, 22111, 21870, 21959, 21544, 20996, 20642, 20364, 19293, 18750, 18025, 17364, 16808, 16172, 15887, 16212, 15604, 15461, 14904, 14180, 14008, 13440, 13151, 12871, 12575, 12294, 12172, 12207, 11839, 11455, 11217, 10899, 10693, 10493, 10089",117,WGA,"0.0, 0.15, 0.3, 0.44999999999999996, 0.6, 0.75, 0.8999999999999999, 1.05, 1.2, 1.3499999999999999, 1.5, 1.65, 1.7999999999999998, 1.95, 2.1, 2.25, 2.4, 2.55, 2.6999999999999997, 2.85, 3.0, 3.15, 3.3, 3.4499999999999997, 3.5999999999999996, 3.75, 3.9, 4.05, 4.2, 4.35, 4.5, 4.6499999999999995, 4.8, 4.95, 5.1, 5.25, 5.3999999999999995, 5.55, 5.7, 5.85, 6.0, 6.1499999999999995, 6.3, 6.45, 6.6, 6.75, 6.8999999999999995, 7.05, 7.199999999999999, 7.35, 7.5, 7.6499999999999995, 7.8, 7.949999999999999, 8.1, 8.25, 8.4, 8.549999999999999, 8.7, 8.85, 9.0, 9.15, 9.299999999999999, 9.45, 9.6, 9.75, 9.9, 10.049999999999999, 10.2, 10.35, 10.5, 10.65, 10.799999999999999, 10.95, 11.1, 11.25, 11.4, 11.549999999999999, 11.7, 11.85, 12.0, 12.15, 12.299999999999999, 12.45, 12.6, 12.75, 12.9, 13.049999999999999, 13.2, 13.35, 13.5, 13.65, 13.799999999999999, 13.95, 14.1, 14.25, 14.399999999999999, 14.549999999999999, 14.7, 14.85, 15.0, 15.149999999999999",2007R_GLUT1_647_WGA_594_0002,2007,R,False,3.53168044077135,False
"909, 1016, 1147, 1333, 1709, 1955, 2268, 3328, 4718, 7342, 10352, 11163, 10914, 10472, 10199, 10105, 9833, 9412, 8986, 8809, 8073, 7652, 7292, 7151, 7006, 6879, 7010, 6938, 6874, 7021, 6901, 6736, 6487, 5298, 4365, 3832, 3797, 3759, 3450, 3361, 2967, 2812, 2580, 2533, 2541, 2678, 2990, 3248, 3342, 3562, 3890, 4218, 4660, 5045, 5097, 5040, 4890, 4620, 4537, 4557, 4358, 4353, 4049, 3798, 3684, 3577, 3278, 3228, 3069, 3015, 3145, 3011, 3055, 2933, 2792, 2602, 2587, 2578, 2522, 2424, 2286, 2272, 2297, 2165, 2150, 2026, 2067, 1927, 1854, 1833, 1766, 1808, 1721, 1715, 1682, 1683, 1616, 1500, 1500, 1463, 1346, 1337",117,GluT1,"0.0, 0.15, 0.3, 0.44999999999999996, 0.6, 0.75, 0.8999999999999999, 1.05, 1.2, 1.3499999999999999, 1.5, 1.65, 1.7999999999999998, 1.95, 2.1, 2.25, 2.4, 2.55, 2.6999999999999997, 2.85, 3.0, 3.15, 3.3, 3.4499999999999997, 3.5999999999999996, 3.75, 3.9, 4.05, 4.2, 4.35, 4.5, 4.6499999999999995, 4.8, 4.95, 5.1, 5.25, 5.3999999999999995, 5.55, 5.7, 5.85, 6.0, 6.1499999999999995, 6.3, 6.45, 6.6, 6.75, 6.8999999999999995, 7.05, 7.199999999999999, 7.35, 7.5, 7.6499999999999995, 7.8, 7.949999999999999, 8.1, 8.25, 8.4, 8.549999999999999, 8.7, 8.85, 9.0, 9.15, 9.299999999999999, 9.45, 9.6, 9.75, 9.9, 10.049999999999999, 10.2, 10.35, 10.5, 10.65, 10.799999999999999, 10.95, 11.1, 11.25, 11.4, 11.549999999999999, 11.7, 11.85, 12.0, 12.15, 12.299999999999999, 12.45, 12.6, 12.75, 12.9, 13.049999999999999, 13.2, 13.35, 13.5, 13.65, 13.799999999999999, 13.95, 14.1, 14.25, 14.399999999999999, 14.549999999999999, 14.7, 14.85, 15.0, 15.149999999999999",2007R_GLUT1_647_WGA_594_0002,2007,R,False,3.53168044077135,False
"26399, 26617, 27327, 28081, 28598, 29612, 31018, 33263, 36746, 41491, 47280, 51457, 56660, 60565, 60752, 61698, 62627, 64854, 65494, 66557, 65901, 65745, 64897, 64918, 63630, 61193, 60026, 57963, 56266, 55530, 52860, 49243, 48944, 51296, 56561, 59608, 59799, 60632, 62874, 63348, 66971, 68909, 71698, 75243, 77004, 76901, 79252, 78085, 78643, 78264, 77600, 76497, 73355, 67301, 64454, 56775, 50495, 43934, 40783, 41628, 38968, 38398, 37469, 36903, 36651, 35702, 35018, 34176, 33836, 33891, 33758, 33775, 34169, 33113, 33023, 33484, 32831, 32655, 32512, 32487, 32472, 32328, 32288, 32103, 31792, 32328, 31952, 32001, 32044, 31736, 31873, 32002, 31952, 31479, 31675, 31767, 31175, 31458, 31154, 31326, 31846, 31460",118,DAPI,"0.0, 0.15, 0.3, 0.44999999999999996, 0.6, 0.75, 0.8999999999999999, 1.05, 1.2, 1.3499999999999999, 1.5, 1.65, 1.7999999999999998, 1.95, 2.1, 2.25, 2.4, 2.55, 2.6999999999999997, 2.85, 3.0, 3.15, 3.3, 3.4499999999999997, 3.5999999999999996, 3.75, 3.9, 4.05, 4.2, 4.35, 4.5, 4.6499999999999995, 4.8, 4.95, 5.1, 5.25, 5.3999999999999995, 5.55, 5.7, 5.85, 6.0, 6.1499999999999995, 6.3, 6.45, 6.6, 6.75, 6.8999999999999995, 7.05, 7.199999999999999, 7.35, 7.5, 7.6499999999999995, 7.8, 7.949999999999999, 8.1, 8.25, 8.4, 8.549999999999999, 8.7, 8.85, 9.0, 9.15, 9.299999999999999, 9.45, 9.6, 9.75, 9.9, 10.049999999999999, 10.2, 10.35, 10.5, 10.65, 10.799999999999999, 10.95, 11.1, 11.25, 11.4, 11.549999999999999, 11.7, 11.85, 12.0, 12.15, 12.299999999999999, 12.45, 12.6, 12.75, 12.9, 13.049999999999999, 13.2, 13.35, 13.5, 13.65, 13.799999999999999, 13.95, 14.1, 14.25, 14.399999999999999, 14.549999999999999, 14.7, 14.85, 15.0, 15.149999999999999",2007R_GLUT1_647_WGA_594_0002,2007,R,False,4.333162743091095,False
"3725, 3814, 3836, 3897, 3839, 3999, 3922, 4277, 4560, 5126, 5675, 5961, 6555, 6843, 6710, 6844, 6942, 6919, 6961, 6980, 7369, 8008, 8673, 8990, 9804, 10122, 10031, 10299, 10431, 10573, 10849, 12688, 13622, 16585, 18307, 19159, 19403, 19095, 18875, 19031, 17171, 15785, 13313, 10841, 9420, 8353, 8467, 8527, 8369, 8572, 8860, 8839, 9061, 9467, 9058, 8862, 8288, 7711, 7537, 7524, 7251, 7148, 6951, 6941, 7095, 6995, 6983, 6986, 6786, 7034, 7102, 7144, 6962, 7170, 7248, 7099, 6879, 7218, 6958, 7110, 6871, 7045, 6984, 6794, 7022, 6905, 6811, 7097, 7211, 7284, 7431, 7356, 7319, 7364, 7370, 7490, 8012, 8205, 8175, 8149, 7872, 7562",118,eGFP,"0.0, 0.15, 0.3, 0.44999999999999996, 0.6, 0.75, 0.8999999999999999, 1.05, 1.2, 1.3499999999999999, 1.5, 1.65, 1.7999999999999998, 1.95, 2.1, 2.25, 2.4, 2.55, 2.6999999999999997, 2.85, 3.0, 3.15, 3.3, 3.4499999999999997, 3.5999999999999996, 3.75, 3.9, 4.05, 4.2, 4.35, 4.5, 4.6499999999999995, 4.8, 4.95, 5.1, 5.25, 5.3999999999999995, 5.55, 5.7, 5.85, 6.0, 6.1499999999999995, 6.3, 6.45, 6.6, 6.75, 6.8999999999999995, 7.05, 7.199999999999999, 7.35, 7.5, 7.6499999999999995, 7.8, 7.949999999999999, 8.1, 8.25, 8.4, 8.549999999999999, 8.7, 8.85, 9.0, 9.15, 9.299999999999999, 9.45, 9.6, 9.75, 9.9, 10.049999999999999, 10.2, 10.35, 10.5, 10.65, 10.799999999999999, 10.95, 11.1, 11.25, 11.4, 11.549999999999999, 11.7, 11.85, 12.0, 12.15, 12.299999999999999, 12.45, 12.6, 12.75, 12.9, 13.049999999999999, 13.2, 13.35, 13.5, 13.65, 13.799999999999999, 13.95, 14.1, 14.25, 14.399999999999999, 14.549999999999999, 14.7, 14.85, 15.0, 15.149999999999999",2007R_GLUT1_647_WGA_594_0002,2007,R,False,4.333162743091095,False
"9171, 9753, 10268, 10964, 12153, 13654, 14910, 20973, 28773, 48292, 74489, 77900, 69073, 56358, 53662, 48824, 45998, 42365, 39691, 38395, 36543, 34318, 32998, 32184, 31259, 31037, 31153, 31377, 31147, 31455, 32383, 33784, 34467, 35280, 35090, 34001, 33670, 33546, 32220, 32054, 29747, 28191, 25902, 23286, 22039, 20595, 19753, 19663, 19699, 19552, 20075, 20325, 21958, 23833, 25210, 27666, 30007, 32201, 32818, 32368, 32224, 32058, 30629, 29084, 28448, 26842, 25353, 24035, 22887, 22477, 22627, 22245, 22170, 21340, 21152, 19933, 19432, 18571, 17608, 16994, 16537, 16147, 16438, 15917, 15599, 15062, 14682, 14442, 13924, 13627, 13227, 13076, 12845, 12661, 12679, 12399, 12109, 11930, 11673, 11507, 11253, 11077",118,WGA,"0.0, 0.15, 0.3, 0.44999999999999996, 0.6, 0.75, 0.8999999999999999, 1.05, 1.2, 1.3499999999999999, 1.5, 1.65, 1.7999999999999998, 1.95, 2.1, 2.25, 2.4, 2.55, 2.6999999999999997, 2.85, 3.0, 3.15, 3.3, 3.4499999999999997, 3.5999999999999996, 3.75, 3.9, 4.05, 4.2, 4.35, 4.5, 4.6499999999999995, 4.8, 4.95, 5.1, 5.25, 5.3999999999999995, 5.55, 5.7, 5.85, 6.0, 6.1499999999999995, 6.3, 6.45, 6.6, 6.75, 6.8999999999999995, 7.05, 7.199999999999999, 7.35, 7.5, 7.6499999999999995, 7.8, 7.949999999999999, 8.1, 8.25, 8.4, 8.549999999999999, 8.7, 8.85, 9.0, 9.15, 9.299999999999999, 9.45, 9.6, 9.75, 9.9, 10.049999999999999, 10.2, 10.35, 10.5, 10.65, 10.799999999999999, 10.95, 11.1, 11.25, 11.4, 11.549999999999999, 11.7, 11.85, 12.0, 12.15, 12.299999999999999, 12.45, 12.6, 12.75, 12.9, 13.049999999999999, 13.2, 13.35, 13.5, 13.65, 13.799999999999999, 13.95, 14.1, 14.25, 14.399999999999999, 14.549999999999999, 14.7, 14.85, 15.0, 15.149999999999999",2007R_GLUT1_647_WGA_594_0002,2007,R,False,4.333162743091095,False
"917, 1125, 1260, 1440, 1781, 2061, 2316, 3643, 5046, 8097, 12105, 13230, 13202, 12440, 12231, 11695, 11426, 10937, 10449, 10269, 9771, 9579, 9435, 9240, 9285, 9241, 9170, 9230, 9344, 9452, 9613, 10128, 10352, 10459, 9830, 9450, 9313, 9114, 8639, 8671, 7726, 7381, 6667, 5909, 5337, 4694, 4287, 4113, 4099, 4021, 3982, 4011, 4039, 4187, 4325, 4525, 4553, 4630, 4526, 4633, 4521, 4487, 4121, 3962, 3855, 3666, 3369, 3190, 2946, 3012, 2967, 2973, 2958, 2848, 2734, 2662, 2548, 2575, 2474, 2483, 2308, 2301, 2254, 2291, 2165, 2089, 1939, 1909, 1896, 1823, 1851, 1707, 1712, 1735, 1669, 1542, 1575, 1474, 1436, 1439, 1418, 1332",118,GluT1,"0.0, 0.15, 0.3, 0.44999999999999996, 0.6, 0.75, 0.8999999999999999, 1.05, 1.2, 1.3499999999999999, 1.5, 1.65, 1.7999999999999998, 1.95, 2.1, 2.25, 2.4, 2.55, 2.6999999999999997, 2.85, 3.0, 3.15, 3.3, 3.4499999999999997, 3.5999999999999996, 3.75, 3.9, 4.05, 4.2, 4.35, 4.5, 4.6499999999999995, 4.8, 4.95, 5.1, 5.25, 5.3999999999999995, 5.55, 5.7, 5.85, 6.0, 6.1499999999999995, 6.3, 6.45, 6.6, 6.75, 6.8999999999999995, 7.05, 7.199999999999999, 7.35, 7.5, 7.6499999999999995, 7.8, 7.949999999999999, 8.1, 8.25, 8.4, 8.549999999999999, 8.7, 8.85, 9.0, 9.15, 9.299999999999999, 9.45, 9.6, 9.75, 9.9, 10.049999999999999, 10.2, 10.35, 10.5, 10.65, 10.799999999999999, 10.95, 11.1, 11.25, 11.4, 11.549999999999999, 11.7, 11.85, 12.0, 12.15, 12.299999999999999, 12.45, 12.6, 12.75, 12.9, 13.049999999999999, 13.2, 13.35, 13.5, 13.65, 13.799999999999999, 13.95, 14.1, 14.25, 14.399999999999999, 14.549999999999999, 14.7, 14.85, 15.0, 15.149999999999999",2007R_GLUT1_647_WGA_594_0002,2007,R,False,4.333162743091095,False
"7749, 7959, 8330, 8700, 9105, 8851, 9670, 10536, 12031, 13758, 15943, 17956, 21716, 23648, 24256, 25968, 25979, 28552, 29462, 31675, 33585, 35963, 37267, 38338, 39257, 41887, 42045, 42387, 42462, 43796, 46975, 48768, 49897, 48757, 47655, 45425, 44756, 43059, 40933, 40241, 34589, 31395, 27260, 22001, 18938, 15917, 14345, 13716, 12992, 12626, 12437, 12405, 12093, 11583, 11670, 11205, 10863, 10911, 10876, 10555, 10780, 10815, 10514, 10453, 10346, 10507, 10322, 10361, 10362, 10510, 9838, 10177, 10087, 10292, 10166, 10387, 9971, 10179, 9907, 9903, 9767, 10181, 9963, 10172, 9946, 10137, 10040, 10085, 9862, 9725, 9679, 10035, 9884, 9898, 9732, 10013, 9731, 9560, 9949, 9928, 9502, 9676",120,DAPI,"0.0, 0.15, 0.3, 0.44999999999999996, 0.6, 0.75, 0.8999999999999999, 1.05, 1.2, 1.3499999999999999, 1.5, 1.65, 1.7999999999999998, 1.95, 2.1, 2.25, 2.4, 2.55, 2.6999999999999997, 2.85, 3.0, 3.15, 3.3, 3.4499999999999997, 3.5999999999999996, 3.75, 3.9, 4.05, 4.2, 4.35, 4.5, 4.6499999999999995, 4.8, 4.95, 5.1, 5.25, 5.3999999999999995, 5.55, 5.7, 5.85, 6.0, 6.1499999999999995, 6.3, 6.45, 6.6, 6.75, 6.8999999999999995, 7.05, 7.199999999999999, 7.35, 7.5, 7.6499999999999995, 7.8, 7.949999999999999, 8.1, 8.25, 8.4, 8.549999999999999, 8.7, 8.85, 9.0, 9.15, 9.299999999999999, 9.45, 9.6, 9.75, 9.9, 10.049999999999999, 10.2, 10.35, 10.5, 10.65, 10.799999999999999, 10.95, 11.1, 11.25, 11.4, 11.549999999999999, 11.7, 11.85, 12.0, 12.15, 12.299999999999999, 12.45, 12.6, 12.75, 12.9, 13.049999999999999, 13.2, 13.35, 13.5, 13.65, 13.799999999999999, 13.95, 14.1, 14.25, 14.399999999999999, 14.549999999999999, 14.7, 14.85, 15.0, 15.149999999999999",2007R_GLUT1_647_WGA_594_0002,2007,R,False,3.0121951219512195,False
"1064, 1061, 1085, 1102, 1104, 1107, 1062, 1145, 1297, 1412, 1686, 1815, 1888, 2017, 2093, 2021, 1983, 2069, 2058, 1955, 2095, 1965, 1864, 1891, 1786, 1805, 1818, 1784, 1822, 1754, 1813, 1782, 1729, 1760, 1895, 1931, 1912, 1898, 1898, 1935, 1982, 2048, 2194, 2271, 2442, 2670, 2908, 2924, 3050, 3297, 3538, 3761, 4922, 5461, 5681, 4972, 3684, 2858, 2654, 2714, 2401, 2546, 2247, 2211, 2213, 2091, 2111, 2081, 2056, 2098, 2085, 2076, 2010, 1936, 2066, 2044, 1888, 1934, 1918, 1966, 1946, 1949, 1914, 1973, 2044, 1925, 1936, 2032, 2018, 2050, 2081, 2043, 2135, 2038, 2051, 2072, 2035, 2031, 1957, 2011, 2081, 2058",120,eGFP,"0.0, 0.15, 0.3, 0.44999999999999996, 0.6, 0.75, 0.8999999999999999, 1.05, 1.2, 1.3499999999999999, 1.5, 1.65, 1.7999999999999998, 1.95, 2.1, 2.25, 2.4, 2.55, 2.6999999999999997, 2.85, 3.0, 3.15, 3.3, 3.4499999999999997, 3.5999999999999996, 3.75, 3.9, 4.05, 4.2, 4.35, 4.5, 4.6499999999999995, 4.8, 4.95, 5.1, 5.25, 5.3999999999999995, 5.55, 5.7, 5.85, 6.0, 6.1499999999999995, 6.3, 6.45, 6.6, 6.75, 6.8999999999999995, 7.05, 7.199999999999999, 7.35, 7.5, 7.6499999999999995, 7.8, 7.949999999999999, 8.1, 8.25, 8.4, 8.549999999999999, 8.7, 8.85, 9.0, 9.15, 9.299999999999999, 9.45, 9.6, 9.75, 9.9, 10.049999999999999, 10.2, 10.35, 10.5, 10.65, 10.799999999999999, 10.95, 11.1, 11.25, 11.4, 11.549999999999999, 11.7, 11.85, 12.0, 12.15, 12.299999999999999, 12.45, 12.6, 12.75, 12.9, 13.049999999999999, 13.2, 13.35, 13.5, 13.65, 13.799999999999999, 13.95, 14.1, 14.25, 14.399999999999999, 14.549999999999999, 14.7, 14.85, 15.0, 15.149999999999999",2007R_GLUT1_647_WGA_594_0002,2007,R,False,3.0121951219512195,False
"2697, 2899, 3145, 3305, 3730, 4205, 4647, 6847, 9771, 16517, 24185, 24494, 20258, 16220, 15420, 14005, 13177, 11743, 10849, 9945, 8666, 7435, 6964, 6649, 6285, 5930, 5804, 5725, 5372, 5363, 5035, 4835, 4837, 5030, 5211, 5429, 5509, 5701, 5820, 5874, 6495, 6667, 7485, 8349, 8820, 8682, 8751, 8699, 8751, 8791, 8688, 8798, 8910, 9274, 9515, 10340, 11156, 11716, 11690, 11529, 11334, 11342, 10878, 10229, 9793, 9093, 8396, 7906, 7604, 7465, 7516, 7500, 7324, 7004, 6958, 6567, 6394, 6184, 6066, 5896, 5803, 5671, 5788, 5579, 5483, 5311, 5159, 4977, 4703, 4501, 4427, 4265, 4221, 4129, 4149, 3903, 3871, 3706, 3578, 3513, 3511, 3436",120,WGA,"0.0, 0.15, 0.3, 0.44999999999999996, 0.6, 0.75, 0.8999999999999999, 1.05, 1.2, 1.3499999999999999, 1.5, 1.65, 1.7999999999999998, 1.95, 2.1, 2.25, 2.4, 2.55, 2.6999999999999997, 2.85, 3.0, 3.15, 3.3, 3.4499999999999997, 3.5999999999999996, 3.75, 3.9, 4.05, 4.2, 4.35, 4.5, 4.6499999999999995, 4.8, 4.95, 5.1, 5.25, 5.3999999999999995, 5.55, 5.7, 5.85, 6.0, 6.1499999999999995, 6.3, 6.45, 6.6, 6.75, 6.8999999999999995, 7.05, 7.199999999999999, 7.35, 7.5, 7.6499999999999995, 7.8, 7.949999999999999, 8.1, 8.25, 8.4, 8.549999999999999, 8.7, 8.85, 9.0, 9.15, 9.299999999999999, 9.45, 9.6, 9.75, 9.9, 10.049999999999999, 10.2, 10.35, 10.5, 10.65, 10.799999999999999, 10.95, 11.1, 11.25, 11.4, 11.549999999999999, 11.7, 11.85, 12.0, 12.15, 12.299999999999999, 12.45, 12.6, 12.75, 12.9, 13.049999999999999, 13.2, 13.35, 13.5, 13.65, 13.799999999999999, 13.95, 14.1, 14.25, 14.399999999999999, 14.549999999999999, 14.7, 14.85, 15.0, 15.149999999999999",2007R_GLUT1_647_WGA_594_0002,2007,R,False,3.0121951219512195,False
"224, 326, 368, 378, 492, 577, 675, 1182, 1655, 2700, 3707, 3781, 3491, 2882, 2842, 2752, 2639, 2412, 2232, 2120, 1915, 1761, 1663, 1679, 1587, 1665, 1675, 1692, 1661, 1668, 1647, 1546, 1570, 1664, 1796, 1773, 1733, 1852, 1799, 1847, 1844, 1995, 2116, 2177, 2223, 2288, 2132, 2044, 1959, 1892, 1850, 1917, 1769, 1720, 1601, 1611, 1701, 1694, 1758, 1693, 1710, 1612, 1575, 1492, 1441, 1386, 1237, 1129, 1111, 1077, 1069, 1098, 1058, 1020, 1022, 945, 933, 905, 904, 887, 852, 850, 900, 843, 855, 858, 803, 763, 719, 683, 642, 661, 599, 589, 617, 602, 589, 550, 514, 511, 456, 454",120,GluT1,"0.0, 0.15, 0.3, 0.44999999999999996, 0.6, 0.75, 0.8999999999999999, 1.05, 1.2, 1.3499999999999999, 1.5, 1.65, 1.7999999999999998, 1.95, 2.1, 2.25, 2.4, 2.55, 2.6999999999999997, 2.85, 3.0, 3.15, 3.3, 3.4499999999999997, 3.5999999999999996, 3.75, 3.9, 4.05, 4.2, 4.35, 4.5, 4.6499999999999995, 4.8, 4.95, 5.1, 5.25, 5.3999999999999995, 5.55, 5.7, 5.85, 6.0, 6.1499999999999995, 6.3, 6.45, 6.6, 6.75, 6.8999999999999995, 7.05, 7.199999999999999, 7.35, 7.5, 7.6499999999999995, 7.8, 7.949999999999999, 8.1, 8.25, 8.4, 8.549999999999999, 8.7, 8.85, 9.0, 9.15, 9.299999999999999, 9.45, 9.6, 9.75, 9.9, 10.049999999999999, 10.2, 10.35, 10.5, 10.65, 10.799999999999999, 10.95, 11.1, 11.25, 11.4, 11.549999999999999, 11.7, 11.85, 12.0, 12.15, 12.299999999999999, 12.45, 12.6, 12.75, 12.9, 13.049999999999999, 13.2, 13.35, 13.5, 13.65, 13.799999999999999, 13.95, 14.1, 14.25, 14.399999999999999, 14.549999999999999, 14.7, 14.85, 15.0, 15.149999999999999",2007R_GLUT1_647_WGA_594_0002,2007,R,False,3.0121951219512195,False
"8277, 8424, 8736, 8879, 9123, 9533, 9321, 9968, 10728, 11594, 12398, 13306, 13534, 14301, 14578, 14851, 14639, 15806, 16461, 17824, 19357, 21094, 22462, 23731, 24813, 25814, 26815, 27430, 27908, 28255, 29662, 30094, 29477, 29309, 28715, 28079, 28185, 27589, 26634, 25776, 24439, 22808, 20189, 17515, 16619, 15452, 14284, 13716, 13793, 13109, 13157, 12827, 12659, 12107, 12007, 11541, 11663, 11483, 11246, 11471, 11272, 11231, 11018, 10949, 11091, 11200, 10921, 11528, 11128, 11031, 10603, 11103, 10894, 10895, 10672, 10913, 10629, 10765, 10564, 10762, 10491, 10562, 10615, 10626, 10663, 10581, 10502, 10391, 10624, 10473, 10271, 10432, 10775, 10430, 10286, 10596, 10323, 10087, 10515, 10283, 10491, 10331",121,DAPI,"0.0, 0.15, 0.3, 0.44999999999999996, 0.6, 0.75, 0.8999999999999999, 1.05, 1.2, 1.3499999999999999, 1.5, 1.65, 1.7999999999999998, 1.95, 2.1, 2.25, 2.4, 2.55, 2.6999999999999997, 2.85, 3.0, 3.15, 3.3, 3.4499999999999997, 3.5999999999999996, 3.75, 3.9, 4.05, 4.2, 4.35, 4.5, 4.6499999999999995, 4.8, 4.95, 5.1, 5.25, 5.3999999999999995, 5.55, 5.7, 5.85, 6.0, 6.1499999999999995, 6.3, 6.45, 6.6, 6.75, 6.8999999999999995, 7.05, 7.199999999999999, 7.35, 7.5, 7.6499999999999995, 7.8, 7.949999999999999, 8.1, 8.25, 8.4, 8.549999999999999, 8.7, 8.85, 9.0, 9.15, 9.299999999999999, 9.45, 9.6, 9.75, 9.9, 10.049999999999999, 10.2, 10.35, 10.5, 10.65, 10.799999999999999, 10.95, 11.1, 11.25, 11.4, 11.549999999999999, 11.7, 11.85, 12.0, 12.15, 12.299999999999999, 12.45, 12.6, 12.75, 12.9, 13.049999999999999, 13.2, 13.35, 13.5, 13.65, 13.799999999999999, 13.95, 14.1, 14.25, 14.399999999999999, 14.549999999999999, 14.7, 14.85, 15.0, 15.149999999999999",2007R_GLUT1_647_WGA_594_0002,2007,R,False,3.3944805194805197,False
"1114, 1135, 1153, 1182, 1146, 1186, 1185, 1275, 1345, 1474, 1710, 1869, 1969, 2156, 2103, 2144, 2164, 2107, 2257, 2218, 2138, 2093, 2193, 2160, 2162, 2235, 2172, 2111, 2096, 2032, 2091, 2012, 1959, 2053, 2039, 1982, 1989, 2077, 2080, 2085, 2086, 2020, 2169, 1977, 2161, 2093, 2157, 2079, 2086, 2077, 2109, 2106, 2182, 2214, 2332, 2522, 2510, 2440, 2321, 2216, 2245, 2175, 2205, 2108, 2086, 2144, 2105, 2247, 2153, 2211, 2144, 2196, 2152, 2280, 2135, 2090, 2172, 2051, 2067, 2071, 2139, 2133, 2139, 2128, 2097, 2232, 2154, 2123, 2080, 2047, 2101, 2039, 2082, 2084, 2129, 2140, 2078, 2086, 2107, 2155, 2298, 2237",121,eGFP,"0.0, 0.15, 0.3, 0.44999999999999996, 0.6, 0.75, 0.8999999999999999, 1.05, 1.2, 1.3499999999999999, 1.5, 1.65, 1.7999999999999998, 1.95, 2.1, 2.25, 2.4, 2.55, 2.6999999999999997, 2.85, 3.0, 3.15, 3.3, 3.4499999999999997, 3.5999999999999996, 3.75, 3.9, 4.05, 4.2, 4.35, 4.5, 4.6499999999999995, 4.8, 4.95, 5.1, 5.25, 5.3999999999999995, 5.55, 5.7, 5.85, 6.0, 6.1499999999999995, 6.3, 6.45, 6.6, 6.75, 6.8999999999999995, 7.05, 7.199999999999999, 7.35, 7.5, 7.6499999999999995, 7.8, 7.949999999999999, 8.1, 8.25, 8.4, 8.549999999999999, 8.7, 8.85, 9.0, 9.15, 9.299999999999999, 9.45, 9.6, 9.75, 9.9, 10.049999999999999, 10.2, 10.35, 10.5, 10.65, 10.799999999999999, 10.95, 11.1, 11.25, 11.4, 11.549999999999999, 11.7, 11.85, 12.0, 12.15, 12.299999999999999, 12.45, 12.6, 12.75, 12.9, 13.049999999999999, 13.2, 13.35, 13.5, 13.65, 13.799999999999999, 13.95, 14.1, 14.25, 14.399999999999999, 14.549999999999999, 14.7, 14.85, 15.0, 15.149999999999999",2007R_GLUT1_647_WGA_594_0002,2007,R,False,3.3944805194805197,False
"2948, 3221, 3379, 3621, 4078, 4739, 5160, 7687, 10952, 18518, 27098, 27930, 24469, 20881, 20116, 18684, 17783, 16978, 15914, 15720, 14898, 13748, 12821, 11811, 11221, 10208, 9833, 9775, 9495, 9226, 8708, 8277, 7918, 7483, 7439, 7501, 7556, 7576, 7540, 7714, 7915, 7934, 8173, 8795, 9321, 10341, 11512, 12091, 12886, 12784, 13225, 13181, 12797, 12123, 11635, 11010, 10312, 9694, 9340, 9304, 9009, 8876, 8551, 8249, 8165, 8003, 7695, 7458, 7042, 7142, 7062, 6999, 6871, 6769, 6646, 6244, 6122, 5955, 5630, 5587, 5365, 5301, 5268, 5186, 5237, 5028, 4932, 4831, 4652, 4594, 4502, 4424, 4313, 4287, 4275, 4114, 4019, 3920, 3879, 3776, 3692, 3564",121,WGA,"0.0, 0.15, 0.3, 0.44999999999999996, 0.6, 0.75, 0.8999999999999999, 1.05, 1.2, 1.3499999999999999, 1.5, 1.65, 1.7999999999999998, 1.95, 2.1, 2.25, 2.4, 2.55, 2.6999999999999997, 2.85, 3.0, 3.15, 3.3, 3.4499999999999997, 3.5999999999999996, 3.75, 3.9, 4.05, 4.2, 4.35, 4.5, 4.6499999999999995, 4.8, 4.95, 5.1, 5.25, 5.3999999999999995, 5.55, 5.7, 5.85, 6.0, 6.1499999999999995, 6.3, 6.45, 6.6, 6.75, 6.8999999999999995, 7.05, 7.199999999999999, 7.35, 7.5, 7.6499999999999995, 7.8, 7.949999999999999, 8.1, 8.25, 8.4, 8.549999999999999, 8.7, 8.85, 9.0, 9.15, 9.299999999999999, 9.45, 9.6, 9.75, 9.9, 10.049999999999999, 10.2, 10.35, 10.5, 10.65, 10.799999999999999, 10.95, 11.1, 11.25, 11.4, 11.549999999999999, 11.7, 11.85, 12.0, 12.15, 12.299999999999999, 12.45, 12.6, 12.75, 12.9, 13.049999999999999, 13.2, 13.35, 13.5, 13.65, 13.799999999999999, 13.95, 14.1, 14.25, 14.399999999999999, 14.549999999999999, 14.7, 14.85, 15.0, 15.149999999999999",2007R_GLUT1_647_WGA_594_0002,2007,R,False,3.3944805194805197,False
"270, 337, 355, 411, 543, 605, 726, 1105, 1636, 2650, 3693, 3870, 3671, 3549, 3469, 3347, 3334, 3448, 3521, 3542, 3702, 3746, 3631, 3544, 3517, 3281, 3171, 3169, 3096, 3071, 2765, 2529, 2440, 2363, 2250, 2346, 2299, 2347, 2391, 2416, 2463, 2475, 2509, 2570, 2651, 2475, 2428, 2419, 2355, 2251, 2227, 2160, 2011, 2004, 1903, 1743, 1569, 1477, 1416, 1379, 1394, 1396, 1364, 1356, 1345, 1308, 1301, 1358, 1282, 1278, 1282, 1331, 1307, 1224, 1245, 1161, 1012, 1028, 932, 903, 864, 825, 823, 863, 775, 794, 708, 764, 693, 706, 650, 652, 641, 600, 602, 558, 602, 544, 533, 541, 516, 477",121,GluT1,"0.0, 0.15, 0.3, 0.44999999999999996, 0.6, 0.75, 0.8999999999999999, 1.05, 1.2, 1.3499999999999999, 1.5, 1.65, 1.7999999999999998, 1.95, 2.1, 2.25, 2.4, 2.55, 2.6999999999999997, 2.85, 3.0, 3.15, 3.3, 3.4499999999999997, 3.5999999999999996, 3.75, 3.9, 4.05, 4.2, 4.35, 4.5, 4.6499999999999995, 4.8, 4.95, 5.1, 5.25, 5.3999999999999995, 5.55, 5.7, 5.85, 6.0, 6.1499999999999995, 6.3, 6.45, 6.6, 6.75, 6.8999999999999995, 7.05, 7.199999999999999, 7.35, 7.5, 7.6499999999999995, 7.8, 7.949999999999999, 8.1, 8.25, 8.4, 8.549999999999999, 8.7, 8.85, 9.0, 9.15, 9.299999999999999, 9.45, 9.6, 9.75, 9.9, 10.049999999999999, 10.2, 10.35, 10.5, 10.65, 10.799999999999999, 10.95, 11.1, 11.25, 11.4, 11.549999999999999, 11.7, 11.85, 12.0, 12.15, 12.299999999999999, 12.45, 12.6, 12.75, 12.9, 13.049999999999999, 13.2, 13.35, 13.5, 13.65, 13.799999999999999, 13.95, 14.1, 14.25, 14.399999999999999, 14.549999999999999, 14.7, 14.85, 15.0, 15.149999999999999",2007R_GLUT1_647_WGA_594_0002,2007,R,False,3.3944805194805197,False
