mask_id,Slice_Seperation,file_name,DJID,Sex,Eye,Age_Months,Genotype,Experimental_Condition,Time_Condition,eGFP_Value,eGFP_Raw_Intensity,In_Rip,Length_um,WGA_Middle_Integral,GLUT1_Middle_Integral,WGA_Top_Integral,GLUT1_Top_Integral,WGA_Bottom_Integral,GLUT1_Bottom_Integral,GLUT1_Top_Surface_Integral,GLUT1_Bot_Surface_Integral,WGA_Top_Surface_Integral,WGA_Bot_Surface_Integral,Top_Surface_Ratio,Bot_Surface_Ratio
1,0.15,3919L_GLUT3_WGA594_0001.nd2,3919,M,L,11.1,Homo,Control,0,False,6.439714867617108,False,3.0,2044.1535641547862,109.19429735234215,597.5354378818738,16.931466395112018,1285.0792260692465,43.16507128309572,67.25600814663952,102.03482688391037,1636.5567209775968,2290.211507128309,0.04109604469221461,0.044552578033219124
2,0.15,3919L_GLUT3_WGA594_0001.nd2,3919,M,L,11.1,Homo,Control,0,False,6.55564451561249,False,3.15,2184.508566853483,120.40352281825461,557.6653322658126,16.896076861489192,1349.9284227381904,42.995996797437954,70.74907926341072,103.42001601281025,1675.9527622097676,2341.02193755004,0.04221424425478857,0.04417729469081475
3,0.15,3919L_GLUT3_WGA594_0001.nd2,3919,M,L,11.1,Homo,Control,0,True,26.53731871241599,False,3.15,2162.5413866289355,113.82684824902724,559.9785992217899,16.206579412805095,1347.0196321188537,44.76158471878316,68.08277325787054,100.9276618323311,1644.7265652635303,2351.233639900955,0.04139458478738794,0.04292540737745767
4,0.15,3919L_GLUT3_WGA594_0001.nd2,3919,M,L,11.1,Homo,Control,0,False,6.447058823529412,False,2.6999999999999997,1490.7967545638944,100.5740365111562,352.9123732251521,26.212170385395538,1330.3740365111562,50.096551724137925,80.75578093306288,107.77484787018257,961.7277890466532,2347.084787018256,0.08396947852896598,0.045918600157218895
6,0.15,3919L_GLUT3_WGA594_0001.nd2,3919,M,L,11.1,Homo,Control,0,False,6.39032006245121,False,3.0,2072.4145199063228,121.83086130627115,576.8691126723913,18.668227946916474,1329.3989071038252,41.965912047879264,76.56023939630496,105.9047619047619,1581.328649492584,2397.353890189956,0.04841513459006234,0.044175689846262314
7,0.15,3919L_GLUT3_WGA594_0001.nd2,3919,M,L,11.1,Homo,Control,0,False,7.388656924147529,False,,,,1028.3013221990257,45.52870563674322,,,87.12821851078635,,2210.982602644398,,0.039407012251737546,
8,0.15,3919L_GLUT3_WGA594_0001.nd2,3919,M,L,11.1,Homo,Control,0,False,6.517241379310345,False,3.0,1888.8050202839756,110.20157200811359,665.9918864097363,22.72210953346856,1187.432555780933,42.26597363083164,75.79994929006085,99.38970588235291,1569.108519269777,2173.120943204868,0.04830765263153132,0.04573592932926011
9,0.15,3919L_GLUT3_WGA594_0001.nd2,3919,M,L,11.1,Homo,Control,0,False,6.347999115631218,False,2.85,2062.813619279239,96.26398408136193,689.5843466725626,19.741764315719653,1337.3789520229936,45.90050851204953,67.74618615962858,99.11961087773601,1731.1392880831306,2440.785098386027,0.03913387364378005,0.040609724691976774
10,0.15,3919L_GLUT3_WGA594_0001.nd2,3919,M,L,11.1,Homo,Control,0,False,6.955550783766373,False,2.6999999999999997,1868.204423448572,74.63216663087825,606.4616706033927,16.372986901438694,1267.502684131415,41.8733089972085,55.79965643117886,84.82971870302771,1579.726003865149,2313.323384152888,0.03532236368500149,0.03667006493088788
11,0.15,3919L_GLUT3_WGA594_0001.nd2,3919,M,L,11.1,Homo,Control,0,False,5.860796374231143,False,,,,1373.1388798964063,45.988345742958884,,,84.85076076400131,,2601.5066364519266,,0.03261600780681663,
13,0.15,3919L_GLUT3_WGA594_0001.nd2,3919,M,L,11.1,Homo,Control,0,False,6.559564207894267,False,,,,1237.5527772816574,50.381496695838536,,,93.0605465261654,,2519.8571173423825,,0.036930882265385566,
14,0.15,3919L_GLUT3_WGA594_0001.nd2,3919,M,L,11.1,Homo,Control,0,False,6.8783269961977185,False,2.85,2318.38897338403,72.6422053231939,631.9429657794676,13.247908745247148,1295.9703422053233,39.451711026615975,46.7574144486692,82.47376425855514,1728.6376425855512,2625.7817490494303,0.02704870777818617,0.03140922290605904
15,0.15,3919L_GLUT3_WGA594_0001.nd2,3919,M,L,11.1,Homo,Control,0,False,7.109649970992071,False,2.85,2149.4780506671823,102.58847418294334,636.7772191065558,19.18410365499903,1188.538580545349,41.77760587894025,71.30961129375363,97.62753819377296,1726.8363952813768,2344.1717269386972,0.041294943451857344,0.04164692248091687
18,0.15,3919L_GLUT3_WGA594_0001.nd2,3919,M,L,11.1,Homo,Control,0,False,7.188067647979956,False,2.6999999999999997,2324.9599123081744,67.74804259317257,521.9735358596931,13.777168806764799,1354.0447854682116,33.78077043532728,53.949420607579086,69.07344190416536,1762.84732226746,2671.74444096461,0.030603569535554966,0.025853311733373345
19,0.15,3919L_GLUT3_WGA594_0001.nd2,3919,M,L,11.1,Homo,Control,0,True,16.712465769734493,False,2.6999999999999997,2430.9599952375283,102.59709489224906,508.85807834265984,15.314799380878675,1226.2437194904153,39.24193356351947,71.36992499107036,97.94213596856768,1814.2202643171806,2591.8083105131564,0.03933917308432883,0.03778911255561796
20,0.15,3919L_GLUT3_WGA594_0001.nd2,3919,M,L,11.1,Homo,Control,0,False,6.564915758176412,False,1.7999999999999998,1196.219028741328,23.425173439048564,1222.8209448298644,38.84737363726462,847.4641559299637,21.502477700693756,58.92831185992733,39.18764453254047,2251.537165510407,1782.285100759828,0.026172480189359307,0.02198730411640309
21,0.15,3919L_GLUT3_WGA594_0001.nd2,3919,M,L,11.1,Homo,Control,0,False,6.241151769646071,False,3.0,2104.879124175165,138.62057588482304,569.9127174565087,22.908518296340734,1256.3437312537494,41.068086382723465,93.877024595081,108.72015596880622,1597.7483503299345,2333.387222555489,0.05875582633253567,0.04659327646859127
22,0.15,3919L_GLUT3_WGA594_0001.nd2,3919,M,L,11.1,Homo,Control,0,False,6.722920696324952,False,2.6999999999999997,1768.3916827852997,79.13902321083174,558.3053675048355,15.092359767891683,1217.4105415860736,39.572050290135394,54.79206963249516,87.37862669245648,1495.779497098646,2192.289651837524,0.03663111423760988,0.03985724542339459
23,0.15,3919L_GLUT3_WGA594_0001.nd2,3919,M,L,11.1,Homo,Control,0,False,5.922628304821151,False,5.25,2420.4968895800935,62.847200622083975,1214.9700622083978,69.07659409020218,256.45723172628306,3.6104199066874023,107.4381804043546,8.781881804043545,2472.3631415241057,568.2258942457232,0.04345566336914551,0.015454913077660472
24,0.15,3919L_GLUT3_WGA594_0001.nd2,3919,M,L,11.1,Homo,Control,0,False,6.948996783580947,False,2.55,1963.8482156532395,66.68862000306325,480.7616786644203,12.903354265584316,1107.2263746362382,26.231429009036606,51.393628427017916,66.1134936437433,1609.5402052381683,2247.7840404349827,0.03193062730571123,0.0294127427076799
27,0.15,3919L_GLUT3_WGA594_0001.nd2,3919,M,L,11.1,Homo,Control,0,False,7.313137755102041,False,3.3,1952.8112244897961,76.77465986394559,1367.3945578231292,50.66794217687075,510.342899659864,19.70344387755102,92.67984693877553,47.58694727891156,2654.2412840136053,1033.0771683673468,0.0349176420007415,0.046063303629211905
28,0.15,3919L_GLUT3_WGA594_0001.nd2,3919,M,L,11.1,Homo,Control,0,False,7.242087729039422,False,3.0,1880.6318711826764,79.6224319822321,569.9850083287063,17.63076068850639,1267.8353692393116,36.395058300943916,56.00499722376457,77.64325374791783,1460.4553026096614,2257.9969461410324,0.03834762838937299,0.034385898475466005
29,0.15,3919L_GLUT3_WGA594_0001.nd2,3919,M,L,11.1,Homo,Control,0,False,6.937085582112568,False,2.85,2070.244410177332,79.25628373168851,693.3488049344642,20.764070932922127,1164.133538936006,40.77070161912104,62.6491904394757,82.17301464919045,1702.0504240555128,2320.89097918273,0.03680806958127604,0.035405805523069656
30,0.15,3919L_GLUT3_WGA594_0001.nd2,3919,M,L,11.1,Homo,Control,0,False,6.184026675134963,False,2.85,2243.863289933312,121.76309939663385,682.6878374087012,26.594315655763737,1231.4072721498887,43.257700857415045,93.157669101302,105.01794220387424,1799.6095585900287,2463.0614480787553,0.05176548916215463,0.04263715884384072
31,0.15,3919L_GLUT3_WGA594_0001.nd2,3919,M,L,11.1,Homo,Control,0,False,5.601559961000975,False,2.6999999999999997,2009.5612609684756,75.67143321416965,554.1972700682484,14.96685082872928,1246.5593110172244,39.84205394865129,53.6555086122847,84.73318167045822,1573.2265193370165,2401.2759181020474,0.034105392931525216,0.03528673278722204
32,0.15,3919L_GLUT3_WGA594_0001.nd2,3919,M,L,11.1,Homo,Control,0,False,7.113080014614542,False,3.15,2263.833394227256,75.98776032151991,812.9165144318598,15.64029959810011,1126.0195469492144,39.3290098648155,49.29064669345998,78.03964194373401,1938.4377055169894,2176.2597734746073,0.025428027195908247,0.03585952508745601
34,0.15,3919L_GLUT3_WGA594_0001.nd2,3919,M,L,11.1,Homo,Control,0,False,7.138853503184714,False,,,,1019.5898089171974,44.7375796178344,,,75.84713375796177,,2105.2777070063694,,0.03602713955766611,
36,0.15,3919L_GLUT3_WGA594_0001.nd2,3919,M,L,11.1,Homo,Control,0,False,6.346588836191171,False,,,,1147.2911346224005,43.33637358628237,,,76.01787668734039,,2321.9711784020433,,0.032738510018739814,
37,0.15,3919L_GLUT3_WGA594_0001.nd2,3919,M,L,11.1,Homo,Control,0,False,6.869379927551672,False,2.85,1965.3818453015128,78.74856168761985,582.1977413168548,15.05604091199659,1196.4634562113786,39.71553377370552,54.07415299382059,83.54613253782229,1559.5018112081825,2263.5940762838272,0.03467399178711314,0.03690861953260679
38,0.15,3919L_GLUT3_WGA594_0001.nd2,3919,M,L,11.1,Homo,Control,0,False,6.061093247588424,False,3.75,2930.2475884244373,41.742765273311896,891.7106109324759,12.440514469453376,1069.9549839228296,30.019292604501608,25.305466237942124,53.926045016077175,2251.4565916398715,2158.5819935691316,0.011239597659535878,0.0249821619826044
40,0.15,3919L_GLUT3_WGA594_0001.nd2,3919,M,L,11.1,Homo,Control,0,False,7.13314121037464,False,2.25,1730.1867435158501,24.538040345821322,625.4043227665707,11.903170028818444,1274.3489913544668,32.00749279538905,28.773198847262247,45.80345821325649,1838.1968299711816,2255.6331412103746,0.015652947702947208,0.020306253431211035
43,0.15,3919L_GLUT3_WGA594_0001.nd2,3919,M,L,11.1,Homo,Control,0,False,8.24163372859025,False,3.3,3142.652042160738,65.65111989459815,646.3770750988142,12.09631093544137,1108.3812911725954,28.903425559947298,36.21304347826087,64.89802371541502,2257.8418972332015,2369.420816864295,0.016038786206703383,0.02738982592433768
45,0.15,3919L_GLUT3_WGA594_0001.nd2,3919,M,L,11.1,Homo,Control,0,False,6.815315315315315,False,2.85,1989.7590090090089,73.254095004095,650.6158886158886,16.89189189189189,1222.3642506142505,34.404791154791155,56.52211302211302,71.40315315315317,1709.2254299754297,2230.9909909909907,0.03306884629192858,0.03200512841221129
47,0.15,3919L_GLUT3_WGA594_0001.nd2,3919,M,L,11.1,Homo,Control,0,False,6.475811390079608,False,3.15,1650.8444580526636,76.50459277403552,648.0955296999387,14.803429271279853,1111.748928352725,39.91120636864666,50.54929577464789,77.20698101653399,1502.3968156766687,1860.49785670545,0.03364576871249614,0.041498022015059616
48,0.15,3919L_GLUT3_WGA594_0001.nd2,3919,M,L,11.1,Homo,Control,0,False,7.538989252229591,False,3.3,1665.343471301166,81.99108163731992,616.7040932997942,16.236679624971416,994.0903270066316,36.60347587468557,52.294305968442714,75.49554081865995,1402.9099016693344,1769.7329064715298,0.03727559831619784,0.04265928521902323
49,0.15,3919L_GLUT3_WGA594_0001.nd2,3919,M,L,11.1,Homo,Control,0,False,6.416457811194653,False,3.15,1752.1077694235587,66.26482873851295,661.5329991645781,19.115705931495405,1001.1658312447786,33.40810359231412,53.33959899749373,62.96616541353383,1499.1789891395156,1856.1812865497077,0.03557920660835107,0.03392242227082038
50,0.15,3919L_GLUT3_WGA594_0001.nd2,3919,M,L,11.1,Homo,Control,0,False,6.266590909090909,False,2.85,2580.505227272727,88.48409090909091,677.2759090909092,17.396818181818183,1336.6840909090909,32.905454545454546,65.56590909090909,78.00795454545454,2003.166590909091,2717.216136363637,0.03273113149373838,0.02870877789274801
52,0.15,3919L_GLUT3_WGA594_0001.nd2,3919,M,L,11.1,Homo,Control,0,False,5.542638888888889,False,3.3,1878.3659722222221,94.26999999999998,678.4620833333333,20.619166666666665,1022.9393055555556,34.23638888888889,65.57013888888889,75.28833333333333,1565.1290277777778,1889.9988888888888,0.041894398305287045,0.03983512042041177
53,0.15,3919L_GLUT3_WGA594_0001.nd2,3919,M,L,11.1,Homo,Control,0,False,7.034422981674096,False,3.15,1656.5532441802873,91.40094105993064,736.652798415057,18.71669143140168,1086.8561168895494,39.155027241208515,63.40985636453689,81.77736503219414,1546.5445765230313,1880.3754333828629,0.041000988479165626,0.04348991354618675
55,0.15,3919L_GLUT3_WGA594_0001.nd2,3919,M,L,11.1,Homo,Control,0,False,7.002293577981652,False,3.9,2027.6009174311926,49.62155963302753,1142.2785423037715,58.086646279306834,625.8876146788991,13.607543323139652,89.40596330275228,25.855759429153924,2195.3440366972472,1258.4844546381244,0.04072526301492943,0.02054515598811168
58,0.15,3919L_GLUT3_WGA594_0001.nd2,3919,M,L,11.1,Homo,Control,0,False,6.0966069745523095,False,3.4499999999999997,2796.7676720075406,38.508953817153625,1064.1222902921772,14.106267672007538,1040.200754005655,29.078934967012252,28.90810556079171,49.19863336475023,2479.2198397737984,2117.6368991517443,0.011660162240162315,0.023232799440006727
59,0.15,3919L_GLUT3_WGA594_0001.nd2,3919,M,L,11.1,Homo,Control,0,False,6.647571900047147,False,2.85,1995.278877887789,78.66478076379066,523.2852428099953,12.913484205563414,1232.2751060820367,36.07802923149458,51.14969354078264,80.6987270155587,1560.7293729372936,2268.247524752475,0.032772942207475016,0.03557756644057841
60,0.15,3919L_GLUT3_WGA594_0001.nd2,3919,M,L,11.1,Homo,Control,0,False,6.2076696165191745,False,3.15,2527.848377581121,26.10658800393314,1033.8088495575223,14.743362831858407,998.0263520157325,22.304424778761057,29.71425762045231,32.568534906588006,2465.857030481809,1994.9590953785646,0.012050275929682094,0.01632541488295918
61,0.15,3919L_GLUT3_WGA594_0001.nd2,3919,M,L,11.1,Homo,Control,0,False,6.0389167211210335,False,2.55,1881.453786393669,87.28621215421478,560.7466782835984,17.457344078995135,1078.474261235751,33.84963334059392,70.89588324983664,83.6273869164307,1626.9798155812096,2182.3016771945113,0.043575146151712,0.0383207270517883
63,0.15,3919L_GLUT3_WGA594_0001.nd2,3919,M,L,11.1,Homo,Control,0,False,6.1956241956241955,False,2.6999999999999997,1569.4152724152725,66.33033033033033,501.49377949377947,13.072501072501073,1093.6263406263406,30.217503217503218,49.542256542256546,67.72458172458172,1359.5838695838695,1931.3226083226084,0.03643927943733257,0.03506642620592623
64,0.15,3919L_GLUT3_WGA594_0001.nd2,3919,M,L,11.1,Homo,Control,0,False,6.505152329749104,False,3.15,1948.976254480287,80.31070788530465,452.3250448028674,12.982302867383511,1160.9224910394264,31.740367383512545,51.68413978494624,69.68167562724015,1393.7491039426523,2107.8351254480285,0.03708281471804473,0.03305840897419766
65,0.15,3919L_GLUT3_WGA594_0001.nd2,3919,M,L,11.1,Homo,Control,0,True,19.08411433926898,False,3.3,1957.6211340206182,118.11644798500468,530.5145267104031,17.105670103092784,1166.6026241799436,34.09629803186505,71.90112464854734,86.35449859418931,1507.2014995313966,2033.213448922212,0.04770505116329972,0.04247192966383586
66,0.15,3919L_GLUT3_WGA594_0001.nd2,3919,M,L,11.1,Homo,Control,0,False,6.575059770982761,False,2.85,2760.1275953189884,34.20850635459922,895.103686925884,11.826727066817668,1214.2921857304643,38.63621492387064,28.89341890021392,57.06694350069208,2509.2867748836043,2475.5157921228138,0.01151459418246612,0.023052546738857933
67,0.15,3919L_GLUT3_WGA594_0001.nd2,3919,M,L,11.1,Homo,Control,0,False,7.0733171127331715,False,3.15,2026.8786699107866,117.06618004866178,562.9724249797243,16.30462287104623,1108.0452554744525,33.600486618004865,71.95036496350365,89.05125709651257,1529.4246553122466,2096.948580697486,0.04704407288949732,0.04246706758393303
68,0.15,3919L_GLUT3_WGA594_0001.nd2,3919,M,L,11.1,Homo,Control,0,False,6.387823185988323,False,3.0,2811.624687239366,31.935223797609112,1156.9491242702252,13.022240756185711,1301.2966360856271,35.998053933833745,26.986655546288574,53.96886294133999,2840.1476230191824,2429.7228245760352,0.009501849596677216,0.02221194219993265
69,0.15,3919L_GLUT3_WGA594_0001.nd2,3919,M,L,11.1,Homo,Control,0,False,7.502949852507375,False,3.5999999999999996,3686.3742098609355,60.70227560050569,1191.9833544037083,21.55183312262958,1092.7161820480405,29.293721028234305,45.60998735777497,58.9913611462284,3134.3881163084698,2283.030341340076,0.014551480437429746,0.025839061390485984
70,0.15,3919L_GLUT3_WGA594_0001.nd2,3919,M,L,11.1,Homo,Control,0,False,6.474064759509588,False,3.15,1881.656397359321,114.38887142408046,591.6846903489469,16.70292360892801,1180.6070418107515,33.5903803835272,70.90097453630935,87.9779943414021,1559.767368751965,2035.2536938069788,0.04545612118622547,0.04322704074146042
71,0.15,3919L_GLUT3_WGA594_0001.nd2,3919,M,L,11.1,Homo,Control,0,False,5.356619443087445,False,,,,938.4367366878358,35.539325842696634,,,65.57449926722033,,1899.1919882755253,,0.03452757787103044,
72,0.15,3919L_GLUT3_WGA594_0002.nd2,3919,M,L,11.1,Homo,Control,0,False,6.650121065375303,False,4.2,1904.2328490718323,86.15334947538337,422.23284907183216,12.27037933817595,617.1464891041162,21.02623083131558,42.7861178369653,52.14527845036319,1139.9697336561744,1394.169895076675,0.037532678784145686,0.03740238448305855
73,0.15,3919L_GLUT3_WGA594_0002.nd2,3919,M,L,11.1,Homo,Control,0,False,7.77219863393022,False,2.85,1542.7681373453943,49.73287797673989,494.0140299058519,11.11150083071811,890.2385083994832,21.947203249030828,38.262322318626545,46.85951633745615,1302.0827026029172,1680.8286874653866,0.02938547777505882,0.027878817565946103
74,0.15,3919L_GLUT3_WGA594_0002.nd2,3919,M,L,11.1,Homo,Control,0,False,7.9447470817120625,False,2.1,1121.6505836575875,35.77665369649806,401.8171206225681,8.740856031128406,860.0887159533073,24.02023346303502,33.636575875486386,50.62256809338522,1178.2443579766536,1616.0894941634242,0.02854804748078656,0.031324111861509386
75,0.15,3919L_GLUT3_WGA594_0002.nd2,3919,M,L,11.1,Homo,Control,0,False,6.488304479978855,False,,,,649.2425003303819,12.548169684154882,,,31.33104268534425,,1960.9939209726444,,0.015977123819845493,
76,0.15,3919L_GLUT3_WGA594_0002.nd2,3919,M,L,11.1,Homo,Control,0,False,7.597865768042684,False,2.1,1238.025086586165,36.28053917438922,451.2990732940186,12.180099223064682,775.0251801928297,19.549377515679115,39.49190302349527,43.54778620237761,1368.1610034634464,1557.1822521763554,0.02886495297229131,0.02796576068184323
77,0.15,3919L_GLUT3_WGA594_0002.nd2,3919,M,L,11.1,Homo,Control,0,False,8.050646469283146,False,1.95,1232.2892663147425,32.779052865121265,509.963813021192,10.142529263254534,811.5038635146508,20.544411292173514,35.69107183842093,45.66689618238849,1473.3292785555811,1676.5854946063805,0.024224776061880515,0.02723803607349586
78,0.15,3919L_GLUT3_WGA594_0002.nd2,3919,M,L,11.1,Homo,Control,0,False,7.60525235945835,False,2.25,1166.458623991246,35.902202161127065,422.96949801668717,13.021064149911092,805.2125564218302,17.810422650800163,39.59882369032964,37.900560798796334,1195.5856927916839,1502.9322938038572,0.033120857776297634,0.02521774331089236
79,0.15,3919L_GLUT3_WGA594_0002.nd2,3919,M,L,11.1,Homo,Control,0,False,5.7258522727272725,False,,,,,,1016.1216856060606,32.52462121212122,,64.35085227272727,,1795.3446969696972,,0.03584317394946104
80,0.15,3919L_GLUT3_WGA594_0002.nd2,3919,M,L,11.1,Homo,Control,0,False,6.52919863597613,False,3.5999999999999996,1735.9386189258312,66.81606990622336,412.4147485080989,12.511082693947143,715.4273231031543,22.705029838022163,44.008098891730604,47.96760443307758,1305.4030264279625,1374.126811594203,0.03371226969815758,0.034907698495037456
81,0.15,3919L_GLUT3_WGA594_0002.nd2,3919,M,L,11.1,Homo,Control,0,False,6.9573744769874475,False,2.1,1266.7144351464435,43.27588912133891,429.972280334728,12.814592050209203,903.12839958159,24.110094142259413,45.74084728033473,53.04105648535565,1309.3263598326357,1742.9589435146445,0.03493464172384152,0.03043161554821213
82,0.15,3919L_GLUT3_WGA594_0002.nd2,3919,M,L,11.1,Homo,Control,0,False,6.674718729318332,False,2.85,1189.1045665122438,36.78524156187956,456.2273328921244,12.935804103242887,703.1637988087359,17.71674387822634,31.922236929185967,37.28391793514229,1104.4493712772996,1286.618795499669,0.02890330490411506,0.02897821644262765
83,0.15,3919L_GLUT3_WGA594_0002.nd2,3919,M,L,11.1,Homo,Control,0,False,6.465182500647165,False,3.15,1673.3445508672016,43.479679005953926,465.96479420139786,9.69867978255242,848.0183794977996,20.059798084390373,29.409008542583486,41.898006730520315,1338.4035723530935,1598.4369660885325,0.02197319937728386,0.02621186047332674
84,0.15,3919L_GLUT3_WGA594_0002.nd2,3919,M,L,11.1,Homo,Control,0,False,6.572403524010423,False,2.85,1307.5563965752574,47.252140464077435,409.98895644620916,9.110559622781983,702.112793150515,20.794143193944656,32.76721677627497,46.923687802456875,1118.682094552674,1358.1137858295076,0.029290910202131693,0.03455063065558742
85,0.15,3919L_GLUT3_WGA594_0002.nd2,3919,M,L,11.1,Homo,Control,0,False,7.1329436168206675,False,3.5999999999999996,1860.2411842353386,60.01131435036771,446.97209126909297,13.432208184046766,785.9715255515746,15.877616443522536,45.69055251744296,35.36205921176692,1353.2176126720726,1522.9217424099568,0.033764379128366565,0.023219879411405613
86,0.15,3919L_GLUT3_WGA594_0002.nd2,3919,M,L,11.1,Homo,Control,0,False,7.440660149269421,False,2.85,1443.6560496163147,45.00840954483339,525.2280037842952,9.880269105434667,758.9264164827077,20.55755282245348,33.93125197098707,43.94964785031011,1325.7857668453696,1459.5981288762744,0.02559331440985712,0.03011078664792916
87,0.15,3919L_GLUT3_WGA594_0002.nd2,3919,M,L,11.1,Homo,Control,0,False,6.466124661246613,False,3.15,1492.9444444444446,52.1539295392954,401.74363143631433,13.087804878048782,839.3433604336044,17.346070460704606,43.16504065040651,37.43523035230353,1213.820867208672,1481.851490514905,0.035561293940900636,0.025262471031625277
88,0.15,3919L_GLUT3_WGA594_0002.nd2,3919,M,L,11.1,Homo,Control,0,False,7.175409836065573,False,2.85,1596.3634873323397,43.1575260804769,450.6023845007452,8.611624441132637,785.586736214605,17.90953800298063,31.54023845007452,40.47719821162444,1320.8953800298063,1586.235618479881,0.02387792320794006,0.025517771597144245
89,0.15,3919L_GLUT3_WGA594_0002.nd2,3919,M,L,11.1,Homo,Control,0,False,6.63264834911106,False,2.85,1337.8801662433616,29.22004156084045,325.9411221426922,6.646040175479104,795.3151697067652,14.93327176171785,21.858231355345186,30.277303163241747,1045.3202493650429,1460.1770953590396,0.020910559580781578,0.020735363716821574
90,0.15,3919L_GLUT3_WGA594_0002.nd2,3919,M,L,11.1,Homo,Control,0,False,7.132623754012502,False,3.0,1454.7991214732217,46.431153911133634,434.06048318972796,10.11877006251056,834.947964183139,18.610407163372194,33.94610576110829,41.21422537590808,1194.8122993748943,1528.9952694711942,0.028411245665003887,0.026955103262132456
91,0.15,3919L_GLUT3_WGA594_0002.nd2,3919,M,L,11.1,Homo,Control,0,False,7.290361445783133,False,3.0,1622.0628514056223,27.493775100401614,353.50602409638554,4.9339357429718875,839.2463855421687,16.07570281124498,17.45401606425703,31.049397590361444,1240.0722891566265,1574.7429718875503,0.014074998866499556,0.019717120917291275
92,0.15,3919L_GLUT3_WGA594_0002.nd2,3919,M,L,11.1,Homo,Control,0,False,7.807237064592492,False,2.6999999999999997,1545.575132454064,39.144064930672975,428.10573779731715,7.7917934843873295,894.4956600157818,18.152519445383835,29.096043287115318,40.20178108443241,1299.0905196708372,1691.8758877240446,0.02239724087470645,0.023761660873666622
93,0.15,3919L_GLUT3_WGA594_0002.nd2,3919,M,L,11.1,Homo,Control,0,False,7.025232135647961,False,3.0,1610.477997577715,40.32882519176423,365.32620104965685,9.006257569640695,809.4796124343965,15.377472749293501,32.24121921679451,32.47133629390392,1306.8647557529268,1478.4190553088415,0.024670662419248812,0.02196355368750348
94,0.15,3919L_GLUT3_WGA594_0002.nd2,3919,M,L,11.1,Homo,Control,0,False,8.56374269005848,False,3.3,1261.975828460039,38.44444444444444,1059.316179337232,42.51267056530214,513.3267056530215,11.92514619883041,64.54230019493177,25.555555555555554,1758.9037037037037,995.7512670565303,0.03669461839157299,0.02566459757676083
95,0.15,3919L_GLUT3_WGA594_0002.nd2,3919,M,L,11.1,Homo,Control,0,False,7.743682719546742,False,2.1,1212.4035127478753,43.91206798866856,394.8620963172804,9.399433427762037,810.778923512748,22.48985835694051,41.14028328611897,54.914107648725206,1266.0554107648727,1589.5499150141643,0.03249485207070404,0.03454695390816706
96,0.15,3919L_GLUT3_WGA594_0002.nd2,3919,M,L,11.1,Homo,Control,0,False,7.488585496866607,False,2.85,1332.1953894359892,76.98679498657116,430.06602506714415,18.66383169203223,867.8838406445838,25.169203222918533,63.43487018800358,60.92927484333035,1091.110340196956,1585.7336615935542,0.058137905811206016,0.03842339752193983
97,0.15,3919L_GLUT3_WGA594_0002.nd2,3919,M,L,11.1,Homo,Control,0,False,7.677506390230048,False,2.4,1327.276199943198,29.994177790400457,439.70817949446183,6.53095711445612,849.0259869355297,18.751633058790116,25.01732462368645,37.511644419199094,1285.9094007384265,1576.5641863107073,0.019454966741296383,0.02379328716516103
98,0.15,3919L_GLUT3_WGA594_0002.nd2,3919,M,L,11.1,Homo,Control,0,False,9.309316403366308,False,2.1,1117.370884393917,37.56562822973572,452.81263841724495,9.870662926325114,859.9588070279049,20.78502879078695,36.832718145578035,47.86564299424184,1224.2747674590285,1599.5192676804961,0.030085336335097405,0.02992501807349469
99,0.15,3919L_GLUT3_WGA594_0002.nd2,3919,M,L,11.1,Homo,Control,0,False,8.755112540192926,False,2.6999999999999997,1576.9641157556268,74.82315112540194,382.0753054662379,12.948167202572348,848.2891318327974,23.705337620578778,58.21877813504824,61.83762057877813,1285.5093890675241,1664.779035369775,0.04528848924026814,0.03714464158004186
100,0.15,3919L_GLUT3_WGA594_0002.nd2,3919,M,L,11.1,Homo,Control,0,False,7.477403913839223,False,2.1,1110.2974799380545,24.02013233844854,363.8520343516824,6.808672391947065,855.6799943685767,19.148951147402506,23.48725890468816,35.90933408418978,1137.4016612698858,1569.7425031676757,0.020649924916115486,0.02287593921405977
101,0.15,3919L_GLUT3_WGA594_0002.nd2,3919,M,L,11.1,Homo,Control,0,True,15.066887030915808,False,2.85,1344.9702508263658,38.93641843282131,396.4322379933891,7.556873420182773,865.8086719813339,19.715924557651178,26.708341434960143,41.50923585455959,1114.396072331324,1534.3546568150884,0.0239666507250749,0.027053221150787725
102,0.15,3919L_GLUT3_WGA594_0002.nd2,3919,M,L,11.1,Homo,Control,0,False,7.541795069337442,False,2.85,1389.2798536209552,65.67469183359013,344.027157164869,12.492103235747305,884.6775808936825,21.241140215716484,52.94125577812019,49.5918721109399,1069.6122881355932,1595.2526964560861,0.04949574379927926,0.031087157677971718
103,0.15,3919L_GLUT3_WGA594_0002.nd2,3919,M,L,11.1,Homo,Control,0,False,8.425846760933903,False,2.6999999999999997,1386.9260111805327,43.85563959223939,414.2964485366656,8.002795133179875,814.6782308451167,19.366326866162446,32.70799079250247,43.56478132193357,1165.3671489641565,1572.4368628740544,0.02806668338092005,0.02770526585233262
104,0.15,3919L_GLUT3_WGA594_0002.nd2,3919,M,L,11.1,Homo,Control,0,False,7.424693685202639,False,1.5,783.4454288407162,32.32214891611687,342.8286522148916,6.928369462770972,632.0571159283694,31.754948162111212,39.25051837888784,64.07709707822808,1126.274081055608,1415.5025447690855,0.034849881604396,0.04526809034361795
105,0.15,3919L_GLUT3_WGA594_0002.nd2,3919,M,L,11.1,Homo,Control,0,False,7.031578947368421,False,3.0,1441.074619883041,45.515321637426894,406.35064327485384,8.7693567251462,802.9363742690058,18.192280701754388,32.640701754385965,39.83625730994152,1125.2163742690059,1525.145263157895,0.029008377855850986,0.02611964792616437
106,0.15,3919L_GLUT3_WGA594_0002.nd2,3919,M,L,11.1,Homo,Control,0,False,7.41206313416009,False,2.6999999999999997,1297.8126644118754,51.56576475009395,399.5174746335964,11.178504321683578,845.5659526493798,18.888199924840286,42.272829763246904,44.665351371664784,1092.2226606538898,1553.4449455092074,0.03870349085958268,0.02875245209093897
107,0.15,3919L_GLUT3_WGA594_0002.nd2,3919,M,L,11.1,Homo,Control,0,True,25.666271312083026,False,2.4,1189.8373610081542,55.79584877687176,358.5835433654559,8.198369162342475,835.8723498888065,21.987101556708673,43.10363232023722,58.22935507783543,1091.3375833951075,1511.4591549295776,0.039496149473880984,0.03852525877918843
108,0.15,3919L_GLUT3_WGA594_0002.nd2,3919,M,L,11.1,Homo,Control,0,False,7.175418011146964,False,2.4,1254.0796421237899,24.047521267233794,357.9118509826929,5.973012613669698,765.7472865943091,17.42534467585802,19.24596655910824,33.7887943678498,1155.598415957759,1475.859636256967,0.01665454563915891,0.022894314295053137
109,0.15,3919L_GLUT3_WGA594_0002.nd2,3919,M,L,11.1,Homo,Control,0,False,6.498948575798127,False,2.1,1252.2613267061747,49.1343911298031,526.2242401070541,12.967883769833684,781.3158095966354,25.89887210858344,49.11431848594915,61.15637545402409,1439.0720703498375,1589.3016631619191,0.034129158294351085,0.038480029859374425
110,0.15,3919L_GLUT3_WGA594_0002.nd2,3919,M,L,11.1,Homo,Control,0,False,8.223326199938857,False,2.55,1295.2818709874657,39.86533170284317,416.85081014980125,7.50183430143687,823.1652399877713,20.056863344542958,30.27652094160807,44.09568939162336,1179.7395291959647,1510.1786915316418,0.025663733555018383,0.02919898793360736
111,0.15,3919L_GLUT3_WGA594_0002.nd2,3919,M,L,11.1,Homo,Control,0,False,6.809469610744366,False,2.6999999999999997,1188.81106305486,31.136580924197588,368.42499430912824,6.523560209424083,724.5970862736172,17.514227179603914,22.382426587753244,36.075347143182334,1036.3712724789439,1331.6865467789667,0.021596919156409742,0.027089968904799727
112,0.15,3919L_GLUT3_WGA594_0002.nd2,3919,M,L,11.1,Homo,Control,0,False,7.446927374301676,False,2.6999999999999997,1303.4713687150838,34.933310055865924,398.8465432960894,6.875872905027933,757.6593924581006,16.45233938547486,26.062150837988828,36.03788407821229,1139.3971717877096,1419.980097765363,0.022873631323042008,0.025379147309828824
113,0.15,3919L_GLUT3_WGA594_0002.nd2,3919,M,L,11.1,Homo,Control,0,False,6.712928232058014,False,3.15,1250.0897724431109,41.23280820205052,398.19354838709677,8.006001500375094,725.8869717429357,20.084271067766945,27.0415103775944,40.423355838959736,1061.5218804701176,1279.7896974243563,0.02547428449201489,0.0315859362833705
114,0.15,3919L_GLUT3_WGA594_0002.nd2,3919,M,L,11.1,Homo,Control,0,False,8.708823013506402,False,2.6999999999999997,1334.2227679354496,59.772846868970355,422.30345553411684,9.37168917733731,750.0533239782495,21.68794948254692,42.663392387300476,55.163480091212065,1179.6162076828625,1440.5655148219614,0.036167180570623736,0.03829293393714876
115,0.15,3919R_GLUT3_WGA594_0001.nd2,3919,M,R,11.1,Homo,Experimental,30,False,7.121095890410959,False,3.15,3007.976438356164,19.129863013698632,859.3249315068493,5.6975342465753425,1660.7413698630137,9.566027397260275,14.363287671232875,19.224657534246578,2249.706849315068,3168.610958904109,0.006384515242777446,0.006067219290592743
116,0.15,3919R_GLUT3_WGA594_0001.nd2,3919,M,R,11.1,Homo,Experimental,30,False,7.311427280939476,False,3.9,3795.77935862692,36.13279132791328,889.3254290876241,9.401761517615176,1653.5228093947608,9.93112014453478,27.40672990063234,21.69354110207769,2540.394083107498,3211.3803071364046,0.010788377316289243,0.006755207738513496
117,0.15,3919R_GLUT3_WGA594_0001.nd2,3919,M,R,11.1,Homo,Experimental,30,False,11.56283883686545,False,4.6499999999999995,5436.708230655495,152.60325283390833,1103.6461310990635,18.48250369640217,2116.1015278462296,20.842779694430753,75.24889107934943,61.076392311483495,3123.048792508625,4105.96796451454,0.024094689541787433,0.0148750289430728
118,0.15,3919R_GLUT3_WGA594_0001.nd2,3919,M,R,11.1,Homo,Experimental,30,False,7.641457440293937,False,4.2,5749.724433557868,65.43570116350276,1238.304347826087,16.724127372933253,2414.702694427434,24.283221065523577,42.1558481322719,51.442743417023884,3545.9947948560934,4581.861298224127,0.011888299495933891,0.011227477234407436
119,0.15,3919R_GLUT3_WGA594_0001.nd2,3919,M,R,11.1,Homo,Experimental,30,False,8.68146417445483,False,4.5,3451.971767912773,39.60085669781932,1014.7246884735202,12.007204049844237,1377.8070482866044,8.772001557632398,30.762850467289717,19.351246105919007,2463.7398753894086,2620.0798286604363,0.012486241252407975,0.007385746760171306
120,0.15,3919R_GLUT3_WGA594_0001.nd2,3919,M,R,11.1,Homo,Experimental,30,False,8.923664889872272,False,4.5,5748.239163230413,146.65091018807203,1231.5570753293773,29.176405511415066,2071.486875188575,20.0600422407724,91.52096952629991,56.84059137081364,3337.141104294479,4126.239364376949,0.02742496246518434,0.01377539845640933
121,0.15,3919R_GLUT3_WGA594_0001.nd2,3919,M,R,11.1,Homo,Experimental,30,False,8.584966859399238,False,3.75,4623.961077422085,73.53010858835144,1044.0093075729799,16.667888873219574,2096.756733888027,17.177266958115922,51.24354815963898,42.278945141728954,2850.0397687209143,4143.526865040192,0.017979941445742307,0.010203613134126223
122,0.15,3919R_GLUT3_WGA594_0001.nd2,3919,M,R,11.1,Homo,Experimental,30,False,8.091454272863569,False,4.05,3590.8050974512744,30.147676161919048,847.7781109445278,12.87406296851574,1562.160419790105,8.213643178410795,26.658920539730133,17.616191904047977,2226.153673163418,3136.1319340329833,0.011975328056237541,0.005617171813748925
123,0.15,3919R_GLUT3_WGA594_0001.nd2,3919,M,R,11.1,Homo,Experimental,30,False,7.271822980105562,False,1.65,2548.607998375964,41.86175395858709,1132.68574908648,13.755176613885505,2345.2200568412504,49.57693869265124,51.35099472188388,87.8710921640276,3445.262281770199,4644.415550142103,0.014904814357268438,0.018919730849953565
124,0.15,3919R_GLUT3_WGA594_0001.nd2,3919,M,R,11.1,Homo,Experimental,30,True,27.25991325898389,False,4.8,4327.72320322181,53.913258983890955,989.5593246592316,14.398543990086742,1470.2617719950433,9.305607187112765,41.60207558859976,20.736679058240398,2697.2551115241636,2901.053748451054,0.01542385642754099,0.007147981684004385
125,0.15,3919R_GLUT3_WGA594_0001.nd2,3919,M,R,11.1,Homo,Experimental,30,False,7.134934889986529,False,5.1,4034.5107768298153,47.13156713066906,1044.718006286484,13.458239784463403,1470.0121239335426,8.649303996407724,38.09968567579704,18.370229007633586,2549.5166142792996,2905.4095195330037,0.01494388601447381,0.006322767542451742
126,0.15,3919R_GLUT3_WGA594_0001.nd2,3919,M,R,11.1,Homo,Experimental,30,False,7.607355327203894,False,5.1,6425.814494321255,56.05246078961601,1128.5530016224986,16.66333153055706,1831.444023796647,11.81584640346133,43.041644131963224,26.901027582477013,3447.7612222823145,3711.879664683613,0.012483939970608217,0.007247279010261222
127,0.15,3919R_GLUT3_WGA594_0001.nd2,3919,M,R,11.1,Homo,Experimental,30,False,7.36797385620915,False,7.05,6476.974183006538,69.00849673202616,956.4049019607844,12.60359477124183,941.0581699346405,6.924183006535948,42.36045751633987,14.896732026143793,3246.7408496732023,1821.4741830065361,0.013047070732671388,0.008178393174673032
128,0.15,3919R_GLUT3_WGA594_0001.nd2,3919,M,R,11.1,Homo,Experimental,30,False,7.394407894736842,False,2.4,2480.6118421052633,20.280921052631577,772.9763157894737,7.0042763157894745,1526.5743421052632,10.323355263157895,21.007894736842104,20.823026315789473,2374.3973684210528,2839.274671052631,0.008847674368343878,0.007333924585770899
129,0.15,3919R_GLUT3_WGA594_0001.nd2,3919,M,R,11.1,Homo,Experimental,30,False,8.193909866017052,False,6.3,6807.170523751523,146.5756394640682,1045.35712545676,22.477710109622414,1354.8742996345918,10.800487210718636,85.16735688185139,24.977101096224114,3057.3505481120583,2802.595371498174,0.02785658874951157,0.008912132429189088
130,0.15,3919R_GLUT3_WGA594_0001.nd2,3919,M,R,11.1,Homo,Experimental,30,False,7.436423841059603,False,5.25,4563.216556291391,52.513245033112575,1016.3476821192053,12.603973509933775,1514.8145695364237,10.270860927152317,36.573178807947016,22.19635761589404,2880.3549668874175,2916.93642384106,0.012697455427679073,0.007609475967482893
131,0.15,3919R_GLUT3_WGA594_0001.nd2,3919,M,R,11.1,Homo,Experimental,30,False,6.79513247073321,False,3.75,3521.882932840419,47.12045594577942,1049.0492914356132,13.348428835489834,1887.14078866297,13.207024029574862,36.044362292051765,29.787122612446087,2497.755699322243,3488.4097350585334,0.01443069964842129,0.008538883008233055
132,0.15,3919R_GLUT3_WGA594_0001.nd2,3919,M,R,11.1,Homo,Experimental,30,False,7.553511928561909,False,3.15,4153.54431560709,36.419298947087825,1188.3375982940158,16.741570038651208,1964.7752898840465,9.574703451952553,43.07783553245369,18.643609222977474,3342.071304811409,3795.3670531787284,0.012889562072011071,0.004912201892927041
133,0.15,3919R_GLUT3_WGA594_0001.nd2,3919,M,R,11.1,Homo,Experimental,30,False,7.64989235737352,False,3.9,3556.037944025834,35.80974165769645,1045.2922497308934,10.152314316469322,1617.8366523143163,10.090419806243272,26.368137782561895,22.392088266953714,2423.938105489774,3161.416307857912,0.010878222394723245,0.007082929322309332
134,0.15,3919R_GLUT3_WGA594_0001.nd2,3919,M,R,11.1,Homo,Experimental,30,False,7.011398717644265,False,3.9,3546.8679648539537,39.792210876276414,946.9031109000238,12.093327000712419,1691.8306815483256,9.70505818095464,34.415103300878656,20.82023272381857,2503.905723106151,3196.8408928995486,0.013744568329108633,0.006512752251781454
135,0.15,3919R_GLUT3_WGA594_0001.nd2,3919,M,R,11.1,Homo,Experimental,30,False,6.853051058530511,False,3.9,3316.439601494396,42.99950186799502,971.2361145703611,13.97708592777086,1515.8209215442093,9.563138231631381,39.522540473225405,20.479950186799503,2498.8271481942716,2819.237858032379,0.015816436323651116,0.007264356970962714
136,0.15,3919R_GLUT3_WGA594_0001.nd2,3919,M,R,11.1,Homo,Experimental,30,False,8.641050119331743,False,3.75,4149.36062052506,80.48878281622912,952.3856801909308,14.150119331742243,2028.533412887828,16.19689737470167,57.01169451073986,39.81551312649164,2800.4250596658712,3759.696181384248,0.020358228945980838,0.010590087923496076
137,0.15,3919R_GLUT3_WGA594_0001.nd2,3919,M,R,11.1,Homo,Experimental,30,False,6.8336906584992345,False,3.9,4122.751607963247,74.26217457886676,1101.098315467075,24.432771822358347,1985.5145482388975,14.869831546707504,64.95773353751913,35.847473200612555,2722.9411944869835,3796.7053598774883,0.023855723975617298,0.009441731660148967
138,0.15,3919R_GLUT3_WGA594_0001.nd2,3919,M,R,11.1,Homo,Experimental,30,False,12.335555555555555,False,3.9,3653.8944444444437,56.092222222222226,1042.5966666666668,14.603333333333335,1778.778888888889,12.357777777777777,42.67444444444445,29.488888888888887,2731.617777777778,3219.346666666667,0.01562240690905186,0.009159898557747397
139,0.15,3919R_GLUT3_WGA594_0001.nd2,3919,M,R,11.1,Homo,Experimental,30,False,9.820905242591989,False,3.9,4019.7173559101266,70.01693259524585,940.5861282969717,12.682188212308695,2033.5897101921198,15.369586453923805,48.25626831650928,36.1553239986975,2626.835884076848,3764.99609247802,0.018370492275145707,0.00960301766871185
140,0.15,3919R_GLUT3_WGA594_0001.nd2,3919,M,R,11.1,Homo,Experimental,30,False,7.184165599658558,False,3.5999999999999996,3885.2106274007683,49.63145539906104,1114.679043960734,14.184592402902263,2076.53691848058,14.199530516431924,36.147673922321815,34.60584720443875,2645.2262057191638,3957.016645326504,0.013665248682387925,0.008745438876359169
141,0.15,3919R_GLUT3_WGA594_0001.nd2,3919,M,R,11.1,Homo,Experimental,30,False,7.423406862745098,False,4.8,4146.871629901961,63.02022058823529,857.4160539215686,11.73468137254902,1741.6004901960785,12.382352941176467,38.26317401960784,29.366727941176467,2487.409007352941,3269.031556372549,0.015382743210505163,0.008983311245169805
142,0.15,3919R_GLUT3_WGA594_0001.nd2,3919,M,R,11.1,Homo,Experimental,30,False,6.598501404932875,False,3.5999999999999996,3437.546674992195,47.7542928504527,1127.120512019981,16.598813612238523,1883.5120199812675,13.419606618794878,40.35903840149859,30.778957227599122,2498.3790196690607,3552.4879800187323,0.016154089545166214,0.008664056683855923
143,0.15,3919R_GLUT3_WGA594_0001.nd2,3919,M,R,11.1,Homo,Experimental,30,False,7.25006825006825,False,4.6499999999999995,3947.4378924378925,52.31422331422331,953.1498771498772,16.348894348894348,1476.040404040404,9.274092274092276,42.21184821184821,21.53316953316953,2597.5435435435434,2912.3510783510787,0.0162506797303822,0.0073937409858433785
144,0.15,3919R_GLUT3_WGA594_0001.nd2,3919,M,R,11.1,Homo,Experimental,30,True,14.743268511593119,False,4.35,4206.454936424831,48.092557965594615,853.4857890800299,8.040762902019447,1844.4867240089754,12.188668661181751,27.298429319371728,27.87696335078534,2620.915856394914,3432.4734480179504,0.010415606915714144,0.00812153794427241
146,0.15,3919R_GLUT3_WGA594_0001.nd2,3919,M,R,11.1,Homo,Experimental,30,False,7.563459145582746,False,4.6499999999999995,4269.26669431771,70.58875985068435,972.5837826627956,16.023226876814597,1849.2586063873912,12.01721277478225,49.14475321443384,28.59850684363335,2541.506014102033,3511.1808378266282,0.019336862845000077,0.008144982604010628
147,0.15,3919R_GLUT3_WGA594_0001.nd2,3919,M,R,11.1,Homo,Experimental,30,False,7.82258064516129,False,5.1,5029.304554079697,57.55471220746363,838.6397849462365,10.691018342821,1781.3225806451615,10.579063883617964,37.45224541429475,23.411764705882355,2823.699873497786,3448.988614800759,0.013263536173163382,0.0067880086949010715
148,0.15,3919R_GLUT3_WGA594_0001.nd2,3919,M,R,11.1,Homo,Experimental,30,False,7.085289066971952,False,4.5,3820.4988551803094,54.872638809387524,980.9902690326273,13.188895248998282,1874.2080709788208,11.633085289066972,39.17086433886663,26.296222095020035,2376.8915283342876,3489.3311390955923,0.01647987039876294,0.007536178438437291
149,0.15,3919R_GLUT3_WGA594_0001.nd2,3919,M,R,11.1,Homo,Experimental,30,False,7.505252100840337,False,4.2,3788.534663865546,40.908613445378144,826.2752100840336,7.03046218487395,1649.2563025210086,11.450630252100838,26.83928571428572,24.115546218487395,2529.3004201680674,3090.4086134453783,0.010611347509483391,0.007803351994803657
150,0.15,3919R_GLUT3_WGA594_0001.nd2,3919,M,R,11.1,Homo,Experimental,30,False,6.738517179023508,False,4.6499999999999995,4429.878481012659,62.01066907775768,945.8566003616636,12.351175406871608,1736.459855334539,12.87884267631103,35.73887884267631,31.667450271247738,2452.287341772152,3463.015189873418,0.014573691359043394,0.009144473395279927
151,0.15,3919R_GLUT3_WGA594_0001.nd2,3919,M,R,11.1,Homo,Experimental,30,False,12.522130177514793,False,4.6499999999999995,4365.708875739645,74.14248520710058,1067.760946745562,17.41278106508876,1803.3048520710058,11.605680473372782,52.248757396449705,29.3992899408284,2739.5912426035497,3492.1192899408284,0.019071734711341642,0.008418753055061458
152,0.15,3919R_GLUT3_WGA594_0001.nd2,3919,M,R,11.1,Homo,Experimental,30,True,13.524896265560166,False,3.9,3698.691793453205,42.898801290917476,1006.7457353619178,10.24043337943753,1749.1931765790687,10.864684186260948,32.09243891194099,24.54310742277547,2567.985477178423,3327.5548639926237,0.012497126326120267,0.007375718335512882
153,0.15,3919R_GLUT3_WGA594_0001.nd2,3919,M,R,11.1,Homo,Experimental,30,False,7.086526576019778,False,4.6499999999999995,3458.630407911001,54.42398022249691,1060.7948084054387,16.433868974042028,1980.9381953028428,11.594561186650184,42.66131025957973,26.40543881334981,2249.6477132262053,3580.0642768850425,0.018963551496869444,0.007375688471248558
154,0.15,3919R_GLUT3_WGA594_0001.nd2,3919,M,R,11.1,Homo,Experimental,30,False,7.137735024048973,False,3.9,3337.411018801924,48.84258854394404,1002.220813292523,11.75120244862265,1750.0113686051595,10.537385220813292,38.923480542195016,23.629208570179276,2516.91823349366,3105.166156536948,0.015464737798878147,0.0076096438576838885
155,0.15,3919R_GLUT3_WGA594_0001.nd2,3919,M,R,11.1,Homo,Experimental,30,False,7.339952343129468,False,4.2,3511.220413026211,37.339555202541696,1004.441620333598,9.062351072279586,1622.7899126290706,11.095313741064338,24.849483717235902,24.305798252581415,2412.1572676727565,3093.4042891183476,0.010301767654316596,0.007857297650385304
156,0.15,3919R_GLUT3_WGA594_0001.nd2,3919,M,R,11.1,Homo,Experimental,30,False,7.846883195481138,False,4.5,4233.998184385718,60.89872907000202,1208.272947347186,16.601371797458143,1889.3875327819246,12.274359491628001,43.223724026629,28.463183377042565,2662.7833366955824,3655.9112366350614,0.01623253511878592,0.007785523645054461
157,0.15,3919R_GLUT3_WGA594_0001.nd2,3919,M,R,11.1,Homo,Experimental,30,True,31.50065934065934,False,4.5,3806.58,65.76879120879121,1032.3327472527471,13.615604395604397,1732.4789010989014,11.15824175824176,46.401318681318685,26.315824175824176,2462.7901098901098,3290.3694505494504,0.01884095542489779,0.00799783263591563
158,0.15,3919R_GLUT3_WGA594_0001.nd2,3919,M,R,11.1,Homo,Experimental,30,False,7.613228473482557,False,3.3,3667.5956846138333,34.089735833837466,941.6856221012301,11.045775357935067,1815.1302681992338,11.375680580762252,29.327888687235326,24.56402500504134,2683.3123613631774,3480.9663238556163,0.010929733380848796,0.007056668384494319
159,0.15,3919R_GLUT3_WGA594_0001.nd2,3919,M,R,11.1,Homo,Experimental,30,False,7.577668577668578,False,3.75,3825.6672126672124,44.53235053235053,1032.957138957139,10.765219765219765,1834.013923013923,11.411684411684412,31.811629811629807,26.527436527436528,2557.3786513786517,3553.3800163800165,0.012439155146024443,0.007465409386317534
160,0.15,3919R_GLUT3_WGA594_0001.nd2,3919,M,R,11.1,Homo,Experimental,30,False,7.134031146285422,False,4.05,3452.0273168241006,47.47485320398264,1025.9137094715343,12.612969109012,1750.2532550421238,10.491702833801378,38.59892775082971,23.164922134286446,2533.912177687005,3182.796272657646,0.015232938256788132,0.00727816679103487
161,0.15,3919R_GLUT3_WGA594_0001.nd2,3919,M,R,11.1,Homo,Experimental,30,False,8.862439188055696,False,3.75,3912.913940613991,33.709276966951855,953.9469887602751,9.426270759939609,1953.3328300620701,11.190907565844656,24.293407146451937,24.345747357825868,2571.758262036571,3687.135715483979,0.009446224983530928,0.006602888864542435
162,0.15,3919R_GLUT3_WGA594_0001.nd2,3919,M,R,11.1,Homo,Experimental,30,False,8.542839657282741,False,3.5999999999999996,3591.1676866585067,32.72582619339045,1163.24847001224,10.831701346389229,1972.8941248470012,11.77845777233782,26.32864137086903,24.745410036719708,2720.137698898409,3612.4602203182376,0.00967915755938808,0.006850015924753844
163,0.15,3919R_GLUT3_WGA594_0001.nd2,3919,M,R,11.1,Homo,Experimental,30,False,7.665581076448406,False,3.3,3340.347103188207,31.284710318820707,1120.2290023997257,10.553136784367501,1863.3791566678092,11.130785053136785,25.53685293109359,24.954405210833045,2603.5666780939323,3496.003942406582,0.009808411340472788,0.0071379797111026455
164,0.15,3919R_GLUT3_WGA594_0001.nd2,3919,M,R,11.1,Homo,Experimental,30,False,7.259411011523688,False,4.2,3894.265300896287,50.1157490396927,1018.3405889884764,14.354929577464787,1930.8166453265044,11.7741357234315,39.45966709346991,26.54391805377721,2581.5044814340586,3609.18642765685,0.015285531122359147,0.00735454335369703
165,0.15,3919R_GLUT3_WGA594_0001.nd2,3919,M,R,11.1,Homo,Experimental,30,False,8.205204291257704,False,3.3,3455.4005934718098,33.426158411321616,911.6884272997032,17.97146770143803,1752.0591189226204,10.460397169595984,36.29125770372062,23.072129650764662,2544.03789089249,3342.414517233508,0.014265219018019049,0.00690283312611426
166,0.15,3919R_GLUT3_WGA594_0001.nd2,3919,M,R,11.1,Homo,Experimental,30,False,6.982769230769231,False,3.4499999999999997,3357.3538461538465,27.193538461538466,780.1455384615385,6.890153846153846,1890.3923076923077,10.248923076923077,19.909846153846157,21.334153846153846,2189.223076923077,3524.8381538461535,0.009094480303866143,0.006052520120072726
167,0.15,3919R_GLUT3_WGA594_0001.nd2,3919,M,R,11.1,Homo,Experimental,30,False,7.159156030216202,False,4.2,4010.8020317791093,55.96275071633237,1096.7853607710342,16.055743683250846,1919.6006772597032,11.583485282625684,45.446470435009125,26.53920291742642,2544.549101328471,3693.7210210992444,0.017860323627192812,0.00718495055956565
168,0.15,3919R_GLUT3_WGA594_0001.nd2,3919,M,R,11.1,Homo,Experimental,30,False,11.588064574641756,False,3.15,3461.3732994739703,33.49238164338835,1026.0557772537638,12.153001995283873,1809.7106838382006,10.995918737529475,30.20451659713405,25.043805550516957,2694.4646290585883,3476.194268093597,0.011209839710416657,0.007204374559955591
169,0.15,3919R_GLUT3_WGA594_0001.nd2,3919,M,R,11.1,Homo,Experimental,30,False,7.914646814404432,False,4.6499999999999995,4399.744806094182,81.32894736842105,1049.7418628808864,17.135907202216067,1816.1783240997229,12.82496537396122,59.09297091412742,30.61340027700831,2558.445810249307,3562.9954986149583,0.023097214206139124,0.008592040121551837
170,0.15,3919R_GLUT3_WGA594_0001.nd2,3919,M,R,11.1,Homo,Experimental,30,False,10.594954128440367,False,4.5,4385.222247706422,74.55229357798166,1175.8509174311928,18.995871559633027,1777.0197247706421,12.052752293577981,53.71834862385321,30.384633027522938,2741.0408256880737,3497.5266055045877,0.01959779224024089,0.008687463014492023
171,0.15,3919R_GLUT3_WGA594_0001.nd2,3919,M,R,11.1,Homo,Experimental,30,False,7.42532637075718,False,3.9,3913.5702349869453,55.275456919060055,1085.5830287206268,13.949869451697129,2024.0148825065273,12.419060052219322,41.95874673629242,29.68981723237598,2623.995300261096,3816.045953002611,0.015990404682553125,0.0077802567364302555
172,0.15,3919R_GLUT3_WGA594_0001.nd2,3919,M,R,11.1,Homo,Experimental,30,False,6.3272394881170015,False,4.2,3009.529250457039,27.017367458866545,827.382084095064,9.609689213893967,1618.0329067641683,8.954296160877513,22.52925045703839,18.28793418647166,2167.061243144424,2896.3957952468004,0.010396222316425289,0.006314031465065483
173,0.15,3919R_GLUT3_WGA594_0001.nd2,3919,M,R,11.1,Homo,Experimental,30,False,6.724070925431139,False,4.05,3115.912800582949,29.880495506436723,836.8902113189215,8.13237794510566,1425.7328151566674,8.177070682535826,23.10371629827544,17.625455428710225,2229.0046150109306,2656.5161525382564,0.010365037444376106,0.006634800775395022
174,0.15,3919R_GLUT3_WGA594_0001.nd2,3919,M,R,11.1,Homo,Experimental,30,True,16.53819394115089,False,4.2,4014.864907957675,76.572981591535,1183.297434410784,18.3983185968981,1918.5596463255542,12.971010291346573,57.40295695028264,32.57472097405421,2626.5302217712715,3662.305551529207,0.021855052903815973,0.008894593997066283
175,0.15,3919R_GLUT3_WGA594_0001.nd2,3919,M,R,11.1,Homo,Experimental,30,False,7.404996214988645,False,4.05,3789.291193540247,40.61645218268988,983.8710572798384,11.279838506182186,1644.8470855412565,10.186474892758012,31.19354024728741,22.442341660358316,2634.080494574817,3160.0398687862726,0.011842288157683104,0.007101917251752304
176,0.15,3919R_GLUT3_WGA594_0001.nd2,3919,M,R,11.1,Homo,Experimental,30,False,7.088763216129825,False,3.4499999999999997,3653.6238013277602,39.56896975657733,1094.7005163511187,15.103761986722402,1897.4445537251045,11.275387263339072,36.10228669781165,25.728300958937794,2674.590115564298,3632.9987705925746,0.013498250250653685,0.00708183585615177
177,0.15,3919R_GLUT3_WGA594_0001.nd2,3919,M,R,11.1,Homo,Experimental,30,True,13.497221070095396,False,3.75,3570.9000414765655,40.17519701368727,903.1376192451265,11.065781833264204,1678.185483201991,11.04197428452924,31.28809622563252,24.177934467026127,2438.493737038573,3180.9030277892984,0.012830911045779566,0.007600965592412163
178,0.15,3919R_GLUT3_WGA594_0001.nd2,3919,M,R,11.1,Homo,Experimental,30,False,7.100848256361923,False,4.2,5161.460885956644,34.71253534401508,1509.123468426013,28.870876531573987,1987.7747408105558,11.85579641847314,46.31385485391141,23.296889726672955,3562.501413760603,3935.8124410933087,0.013000375150734931,0.005919207298455877
179,0.15,3919R_GLUT3_WGA594_0001.nd2,3919,M,R,11.1,Homo,Experimental,30,False,7.576093653727665,False,4.35,3971.3040665434382,62.71287738755392,1190.7751078250155,16.782809611829943,1886.2455329636477,11.711645101663589,49.703019100431305,27.768022181146023,2599.0227972889707,3646.3746149106596,0.0191237334094477,0.007615241195349966
180,0.15,3919R_GLUT3_WGA594_0001.nd2,3919,M,R,11.1,Homo,Experimental,30,False,7.41794731064764,False,3.4499999999999997,3506.076289791438,42.60400658616905,1049.3756860592755,15.798298572996707,1830.6372118551044,10.970911086717893,41.443194291986835,23.953073545554336,2666.4064215148182,3404.904774972558,0.015542714703050575,0.007034873257431227
181,0.15,3919R_GLUT3_WGA594_0001.nd2,3919,M,R,11.1,Homo,Experimental,30,True,24.433307024467247,False,4.95,4989.132202052092,79.23539857932124,1083.3632596685084,15.4465272296764,1812.6860694554064,11.853196527229677,50.80110497237568,29.866614048934487,2853.933109707971,3584.0807024467254,0.017800383898126437,0.008333131011404293
182,0.15,3919R_GLUT3_WGA594_0001.nd2,3919,M,R,11.1,Homo,Experimental,30,True,22.51810766721044,False,4.8,3755.244371941272,45.61566068515498,907.3964110929853,9.3115823817292,1400.201305057096,9.056117455138663,29.217944535073414,20.5931484502447,2419.4929853181075,2759.0362153344213,0.012076060857532071,0.007463892041644918
183,0.15,3919R_GLUT3_WGA594_0001.nd2,3919,M,R,11.1,Homo,Experimental,30,False,7.592621259029928,False,4.05,3725.188080495356,52.15815273477812,1196.2146542827659,18.130546955624354,1668.203044375645,10.980392156862745,47.271671826625386,24.347265221878228,2774.6310629514965,3178.050309597523,0.017037101781863725,0.007661069791233616
184,0.15,3919R_GLUT3_WGA594_0001.nd2,3919,M,R,11.1,Homo,Experimental,30,False,7.818478533768516,False,4.5,4256.264875721818,53.82174240522219,934.6013055485814,15.376349485312577,1612.5423047953805,10.254330906351996,43.455435601305545,23.48481044438865,2682.2616118503643,3225.3467235751946,0.016201042959164493,0.0072813289413909835
185,0.15,3919R_GLUT3_WGA594_0001.nd2,3919,M,R,11.1,Homo,Experimental,30,True,44.93638525564804,False,3.9,3487.2427665477608,54.17399920729291,1017.521799445105,15.978795085216014,1707.3283789139914,11.456599286563616,44.657550535077284,27.181133571145462,2521.041617122473,3170.723939754261,0.017713928334927527,0.008572532357784534
186,0.15,3919R_GLUT3_WGA594_0001.nd2,3919,M,R,11.1,Homo,Experimental,30,False,7.376901798063624,False,3.5999999999999996,3355.1562932226834,39.65122176118027,845.8759797141539,11.219455970493316,1702.9412171507606,10.578146611341634,32.65053019824804,23.63093591516828,2390.174965421853,3154.269940064546,0.013660309672135404,0.007491729105050761
187,0.15,3919R_GLUT3_WGA594_0001.nd2,3919,M,R,11.1,Homo,Experimental,30,False,6.986828052687789,False,4.5,3882.766820932716,55.452118191527234,1181.12032751869,14.182627269490922,1874.8949804200784,11.423282306870775,43.153079387682446,25.1812032751869,2610.8287646849412,3493.7753648985404,0.016528498525597443,0.007207447716352584
188,0.15,3919R_GLUT3_WGA594_0001.nd2,3919,M,R,11.1,Homo,Experimental,30,False,7.170289043244455,False,4.8,3892.63970423482,58.35021286130406,885.2711180820077,11.168496526999775,1541.6901187542012,10.607663006945998,37.77100604974233,25.166928075285682,2459.258570468295,2951.336993054,0.015358696520695637,0.00852729733490831
189,0.15,3919R_GLUT3_WGA594_0001.nd2,3919,M,R,11.1,Homo,Experimental,30,False,7.631540565177757,False,5.1,6525.255970829535,54.75587967183227,1311.4628988149498,18.675113947128533,1690.6348222424792,10.392160437556972,40.73892433910665,25.0003646308113,3425.6207839562444,3643.4546946216956,0.01189242093868234,0.006861719638703266
190,0.15,3919R_GLUT3_WGA594_0001.nd2,3919,M,R,11.1,Homo,Experimental,30,False,7.573522458628841,False,,,,,,1475.5243498817968,21.39290780141844,,40.55933806146572,,2830.512056737589,,0.014329328845259852
191,0.15,3919R_GLUT3_WGA594_0001.nd2,3919,M,R,11.1,Homo,Experimental,30,False,7.539201399009035,False,5.1,5449.908772952492,58.499562809676476,1263.1774992713495,17.17749927134946,1656.854852812591,10.331098805013117,44.570679102302535,23.24861556397552,3536.9288837073736,3145.7828621393173,0.012601519727358497,0.007390406961580652
192,0.15,3919R_GLUT3_WGA594_0001.nd2,3919,M,R,11.1,Homo,Experimental,30,False,7.389409221902017,False,3.75,3696.7175792507205,54.58789625360231,827.1044668587896,11.930835734870318,1902.7154178674352,11.937319884726225,39.747118155619596,29.268731988472624,2373.898414985591,3535.5774495677233,0.01674339470666054,0.008278345590209362
193,0.15,3919R_GLUT3_WGA594_0001.nd2,3919,M,R,11.1,Homo,Experimental,30,False,6.743027888446215,False,3.5999999999999996,2992.962151394422,41.6593625498008,957.5152722443561,14.97941567065073,1258.941567065073,8.410358565737052,41.86321381142099,18.855245683930942,2486.416334661354,2392.890438247012,0.01683676753077746,0.007879694524478084
194,0.15,3919R_GLUT3_WGA594_0001.nd2,3919,M,R,11.1,Homo,Experimental,30,False,7.718295218295219,False,3.4499999999999997,3343.6124740124746,52.078586278586286,944.0802494802494,14.192931392931394,1833.935966735967,12.703326403326404,43.37318087318087,29.98835758835759,2505.5303534303534,3312.2671517671515,0.017310978018605164,0.00905372550410322
195,0.15,3919R_GLUT3_WGA594_0001.nd2,3919,M,R,11.1,Homo,Experimental,30,False,6.91989247311828,False,4.2,3654.747580645161,48.97016129032259,852.5790322580646,12.901075268817204,1634.4532258064514,10.344892473118279,39.45080645161291,22.858064516129033,2303.1228494623656,3179.0709677419354,0.017129267099591408,0.007190171200350681
196,0.15,3919R_GLUT3_WGA594_0001.nd2,3919,M,R,11.1,Homo,Experimental,30,False,8.246796471958728,False,3.5999999999999996,3491.0725578299216,49.73256781494425,953.6265601597604,11.400565817939757,1769.9707106007654,11.613080379430853,35.91778998169413,28.878349142952242,2430.059410883675,3361.9535696455323,0.014780622161263482,0.008589752518800262
197,0.15,3919R_GLUT3_WGA594_0001.nd2,3919,M,R,11.1,Homo,Experimental,30,False,6.076981132075471,False,,,,,,1552.9264150943397,22.239245283018867,,43.86415094339623,,2848.301509433962,,0.015400108028631168
198,0.15,3919R_GLUT3_WGA594_0001.nd2,3919,M,R,11.1,Homo,Experimental,30,False,6.882491494373201,False,4.5,3289.4661083486,47.8270086364826,892.725464538079,10.324260664747449,1398.3760795603246,9.794556398848469,35.18293640408271,21.692750588851084,2199.760010468464,2697.9220099450413,0.01599398854268203,0.008040540278365193
199,0.15,3919R_GLUT3_WGA594_0001.nd2,3919,M,R,11.1,Homo,Experimental,30,False,7.592878673700075,False,3.5999999999999996,3540.6840617935195,41.55783722682743,1118.1778447626225,12.799359457422758,1743.3472117558401,11.467219291635267,34.353051996985684,25.653918613413715,2638.2675207234365,3332.315749811605,0.01302106466730325,0.007698525751908137
200,0.15,3919R_GLUT3_WGA594_0001.nd2,3919,M,R,11.1,Homo,Experimental,30,False,7.876947040498442,False,4.35,3611.192367601246,57.82762201453791,880.0272585669783,14.750778816199379,1509.3953790238836,10.174714434060228,44.490394600207686,23.932502596053997,2288.775700934579,2973.3058151609553,0.019438512293730163,0.00804912245286765
201,0.15,3919R_GLUT3_WGA594_0001.nd2,3919,M,R,11.1,Homo,Experimental,30,False,7.671303451828954,False,4.5,3736.520607934054,44.52163833075734,934.6692426584236,11.351365275631117,1402.051004636785,8.74214322514168,33.57727975270479,19.389489953632154,2522.227975270479,2703.112570839773,0.013312547510343123,0.00717302348514788
202,0.15,3919R_GLUT3_WGA594_0001.nd2,3919,M,R,11.1,Homo,Experimental,30,False,7.5,False,4.35,4066.6223958333335,21.871527777777775,2410.4201388888887,27.813368055555554,1026.834201388889,6.084201388888888,38.87065972222222,11.745659722222223,4482.6171875,2019.8706597222222,0.008671420756297232,0.005815055367870692
203,0.15,3919R_GLUT3_WGA594_0001.nd2,3919,M,R,11.1,Homo,Experimental,30,False,6.658109684947491,False,4.35,3518.416861143524,40.46207701283547,1144.5895565927653,11.635939323220537,1554.4868728121353,10.327596266044342,29.62952158693115,23.245915985997666,2527.0805134189027,3007.9296966161023,0.011724803159059301,0.007728211205251619
204,0.15,3919R_GLUT3_WGA594_0001.nd2,3919,M,R,11.1,Homo,Experimental,30,False,6.833860304685254,False,4.5,3216.714573153205,41.634090255820645,1022.5556194308708,13.842483472262144,1252.989939637827,8.460189709686691,37.398965219890776,17.67174475423972,2474.3670594998566,2368.994538660534,0.015114558317572423,0.007459597084690452
205,0.15,3919R_GLUT3_WGA594_0001.nd2,3919,M,R,11.1,Homo,Experimental,30,False,6.886868686868687,False,3.9,3189.4897546897546,51.28831168831169,876.433189033189,13.663203463203462,1573.3411255411256,11.340836940836942,43.66320346320346,25.124675324675323,2317.423665223665,2869.3388167388166,0.018841269345106704,0.008756259518083365
206,0.15,3919R_GLUT3_WGA594_0001.nd2,3919,M,R,11.1,Homo,Experimental,30,False,6.3922542204568025,False,2.1,1816.3816617014236,22.830188679245285,830.30652101953,7.8824892419728565,1164.2509102946044,11.004303210857332,24.92717643164515,25.788149619331353,2195.480304534922,2181.688844753393,0.011353860191847897,0.01182026927503785
207,0.15,3919R_GLUT3_WGA594_0001.nd2,3919,M,R,11.1,Homo,Experimental,30,False,7.688955422488356,False,6.3,4375.009314703925,31.643712574850298,2175.328343313373,25.11909514304724,372.3409846972721,3.1673320026613436,38.48137059214904,7.592814371257484,4091.225548902196,897.0139720558882,0.009405829654753402,0.008464544151809953
208,0.15,3919R_GLUT3_WGA594_0001.nd2,3919,M,R,11.1,Homo,Experimental,30,False,7.8838592860838075,False,4.35,4180.8530781169175,62.61226073460943,1217.648732540093,18.369115364718056,1705.5719089498189,10.919555095706155,54.674857734092086,24.53129849974134,3044.6647697878943,3227.6745990688055,0.017957595291484583,0.007600301005193862
209,0.15,3919R_GLUT3_WGA594_0001.nd2,3919,M,R,11.1,Homo,Experimental,30,False,7.615478615071283,False,,,,1162.956415478615,18.69205702647658,,,47.6887983706721,,3259.461507128309,,0.014630882514298343,
210,0.15,3919R_GLUT3_WGA594_0001.nd2,3919,M,R,11.1,Homo,Experimental,30,False,8.089468302658487,False,3.5999999999999996,3395.299335378323,38.10352760736196,1289.8560838445808,17.167689161554193,1816.3519938650304,11.16947852760736,39.37704498977505,23.299591002044988,2887.084867075664,3283.0046012269936,0.013639032727728633,0.007097032697833251
211,0.15,3919R_GLUT3_WGA594_0001.nd2,3919,M,R,11.1,Homo,Experimental,30,False,6.976349302607641,False,4.35,3682.8878107944215,41.478775015160714,841.1243177683446,7.135839902971498,1498.1115827774408,9.736203759854458,27.723771983020008,21.000606428138266,2468.687083080655,2850.8917525773195,0.01123016852683643,0.007366328942217074
212,0.15,3919R_GLUT3_WGA594_0001.nd2,3919,M,R,11.1,Homo,Experimental,30,False,6.834530460228784,False,4.5,3177.761904761904,39.18861399308327,987.5424314977387,18.18701782388933,929.2649640861931,6.457302474062251,39.111465815376434,14.961691939345572,2435.1880819366856,1889.976589518489,0.016060963054759778,0.007916337177042694
213,0.15,3919R_GLUT3_WGA594_0001.nd2,3919,M,R,11.1,Homo,Experimental,30,False,7.393238876460353,False,3.5999999999999996,3300.3912503107135,41.10241113596818,829.2739249316431,9.276907780263484,1513.8707432264478,10.133731046482724,33.162068108376836,22.592095451155856,2385.719363658961,2913.964702957992,0.013900238483002631,0.007753043620680243
214,0.15,3919R_GLUT3_WGA594_0001.nd2,3919,M,R,11.1,Homo,Experimental,30,True,32.42504679258125,False,4.5,5242.722647609324,55.24757529351711,1083.5443253360559,12.03283988429471,1620.5555555555554,10.094095627020588,39.22834779649481,22.935000850774202,3475.9867279224095,3216.57699506551,0.011285528647556579,0.007130250849259431
215,0.15,3919R_GLUT3_WGA594_0001.nd2,3919,M,R,11.1,Homo,Experimental,30,True,20.84851571594878,False,4.35,3622.9164726426075,43.16428987194412,979.6084109429569,12.73311990686845,1257.3664144353902,7.8879511059371366,34.047002328288706,18.69412107101281,2572.6172875436555,2493.2210419091966,0.013234382934896977,0.007497979824804339
216,0.15,3919R_GLUT3_WGA594_0001.nd2,3919,M,R,11.1,Homo,Experimental,30,False,8.092842898293817,False,3.75,3359.2554841568804,38.38333702636827,1173.730113006869,18.12940394416131,1531.5116330600488,9.905162862840683,40.30733436738311,20.837801905606028,2798.412585863062,2850.216485707955,0.014403642468950617,0.007310954101239156
217,0.15,3919R_GLUT3_WGA594_0001.nd2,3919,M,R,11.1,Homo,Experimental,30,False,7.74639175257732,False,4.35,3841.724005891016,46.97849779086893,851.8379970544918,10.870692194403535,1570.9213549337258,9.514285714285714,37.357584683357885,20.51958762886598,2485.864212076583,3027.778792341679,0.015028006961068473,0.006777109239541296
218,0.15,3919R_GLUT3_WGA594_0001.nd2,3919,M,R,11.1,Homo,Experimental,30,False,7.954442486785804,False,4.35,3881.9443745280646,49.335263025421604,1132.573873647118,14.239617417568589,1563.2904606091113,9.287188522527059,42.36496350364963,20.31009312861817,2874.5293229297763,2980.6717845456833,0.014738052301540079,0.006813931421071862
219,0.15,3919R_GLUT3_WGA594_0001.nd2,3919,M,R,11.1,Homo,Experimental,30,False,7.627187864644108,False,3.5999999999999996,3493.221314663555,45.31544146246597,794.4856087125631,7.709451575262543,1777.6997277323999,11.55503695060288,30.204784130688445,27.86639439906651,2362.0750680669,3316.6044340723456,0.01278739382123353,0.00840208561285987
220,0.15,3919R_GLUT3_WGA594_0001.nd2,3919,M,R,11.1,Homo,Experimental,30,False,7.2303030303030305,False,4.05,3378.3824242424243,43.46757575757575,951.5763636363636,11.762121212121214,1550.8821212121213,9.852121212121212,37.345757575757574,20.96969696969697,2482.8630303030304,2909.6515151515155,0.01504140869631442,0.007206944495071262
221,0.15,3919R_GLUT3_WGA594_0001.nd2,3919,M,R,11.1,Homo,Experimental,30,False,11.205172413793104,False,3.9,3357.1808189655176,29.42241379310345,841.6071120689654,7.915948275862069,1358.6133620689654,8.048060344827586,24.11443965517241,16.648275862068964,2512.0480603448277,2574.5230603448276,0.009599513654154464,0.0064665475786568095
222,0.15,3919R_GLUT3_WGA594_0001.nd2,3919,M,R,11.1,Homo,Experimental,30,False,6.933895009721322,False,4.95,4195.736228127025,25.638366817887235,959.0142579390797,8.372650680492548,1225.2449773169153,6.798444588464031,22.367465975372653,13.397278029812053,2756.0797148412184,2445.2041477640955,0.008115681797926978,0.005479001842059927
223,0.15,3919R_GLUT3_WGA594_0001.nd2,3919,M,R,11.1,Homo,Experimental,30,False,6.831409331409332,False,3.9,3183.581048581048,32.87830687830688,786.4170274170274,8.518037518037518,1382.411014911015,9.140933140933141,25.581048581048584,19.427368927368924,2272.50986050986,2609.0375180375177,0.011256738210724078,0.007446182277203099
224,0.15,3919R_GLUT3_WGA594_0001.nd2,3919,M,R,11.1,Homo,Experimental,30,False,7.932897603485839,False,4.05,3748.442047930283,43.83551198257081,1021.6411764705881,11.38888888888889,1556.6793028322443,9.430936819172112,36.61851851851852,20.35119825708061,2728.8871459694983,2986.9429193899778,0.013418846789836365,0.006813387067080923
225,0.15,3919R_GLUT3_WGA594_0001.nd2,3919,M,R,11.1,Homo,Experimental,30,False,7.728504672897197,False,4.6499999999999995,3614.481308411215,42.34018691588784,970.2345794392523,10.478504672897195,1307.116355140187,8.077570093457945,31.37897196261682,17.795794392523366,2426.8537383177577,2579.6971962616826,0.012929898274120154,0.006898404362462304
226,0.15,3919R_GLUT3_WGA594_0001.nd2,3919,M,R,11.1,Homo,Experimental,30,False,7.082615306639635,False,3.15,3081.077040040547,30.110238215914855,987.7192093258997,9.26229092752154,1624.0377597567156,9.516218955904714,26.937404967055244,20.864673086670045,2465.6469842878864,3128.911302584896,0.010925085845099252,0.00666834916970419
227,0.15,3919R_GLUT3_WGA594_0001.nd2,3919,M,R,11.1,Homo,Experimental,30,False,7.833333333333333,False,3.5999999999999996,3220.632967032967,40.47802197802198,862.0318681318681,9.41025641025641,1571.0637362637362,10.136446886446885,31.03644688644689,23.454578754578755,2420.9051282051287,2883.191758241758,0.012820183048419361,0.008134935419238968
228,0.15,3919R_GLUT3_WGA594_0001.nd2,3919,M,R,11.1,Homo,Experimental,30,False,6.7701453104359315,False,4.05,2796.603434610304,29.58203434610304,797.6383091149273,7.210303830911492,1097.1537648612946,6.848612945838838,24.794980184940556,14.097225891677674,2183.888507265522,2081.215323645971,0.011353592503669843,0.006773554726178689
229,0.15,3919R_GLUT3_WGA594_0001.nd2,3919,M,R,11.1,Homo,Experimental,30,False,7.474485228290063,False,4.05,3280.3930170098474,40.15398388540734,786.1280214861235,9.603401969561325,1477.9247985675918,9.196956132497762,29.744852282900627,20.793196060877353,2257.483437779767,2776.6436884512086,0.013176110967243535,0.007488607972049754
230,0.15,3919R_GLUT3_WGA594_0001.nd2,3919,M,R,11.1,Homo,Experimental,30,False,6.5866323907455016,False,3.9,4080.9413881748073,38.4668380462725,1087.9064267352187,11.468894601542416,1449.0293059125966,11.00102827763496,30.85089974293059,24.11311053984576,3168.811825192802,2829.53264781491,0.009735794185586741,0.008521941091037408
231,0.15,3919R_GLUT3_WGA594_0002.nd2,3919,M,R,11.1,Homo,Experimental,30,False,6.888957816377172,False,6.1499999999999995,4531.994416873449,72.35918114143921,763.2425558312655,13.279156327543426,1657.463399503722,11.477667493796526,42.767990074441684,26.465260545905707,2336.8678660049623,3092.148263027295,0.018301415624134766,0.008558858856268269
232,0.15,3919R_GLUT3_WGA594_0002.nd2,3919,M,R,11.1,Homo,Experimental,30,False,6.959809624537282,False,6.45,4355.896351136965,66.61872025383394,1182.4627181385508,37.29402432575357,1318.039132734003,9.48492860920148,62.837652035959806,21.350608143839242,2581.7736647276574,2562.7905869910096,0.024338946862171335,0.00833099990776349
233,0.15,3919R_GLUT3_WGA594_0002.nd2,3919,M,R,11.1,Homo,Experimental,30,False,6.081208053691276,False,,,,,,1774.0295302013421,21.81476510067114,,43.38187919463087,,2933.564429530201,,0.01478811194938654
234,0.15,3919R_GLUT3_WGA594_0002.nd2,3919,M,R,11.1,Homo,Experimental,30,True,29.228933034283884,False,4.6499999999999995,5333.543415571932,145.55398910605578,1060.1837552066645,20.935437359820572,2143.1736622877283,23.47981416212752,73.74110861903236,63.99727651393784,2848.0128164049984,4170.479653957064,0.025892126676632935,0.015345303615907942
235,0.15,3919R_GLUT3_WGA594_0002.nd2,3919,M,R,11.1,Homo,Experimental,30,False,7.250134192163178,False,,,,,,2413.5743424584,30.31186258722491,,80.78690284487384,,4875.625335480407,,0.01656954693728814
236,0.15,3919R_GLUT3_WGA594_0002.nd2,3919,M,R,11.1,Homo,Experimental,30,True,17.36091386230318,False,6.6,4844.768138314295,87.29083050324175,1009.006792219821,18.414634146341463,1420.0129669651126,10.349490583513429,50.4643408459401,24.848410003087373,2661.885149737573,2843.407224451991,0.018958121033477052,0.00873895578143099
238,0.15,3919R_GLUT3_WGA594_0002.nd2,3919,M,R,11.1,Homo,Experimental,30,False,6.875130289764436,False,5.85,5220.6539503856575,70.51782363977486,971.3264540337711,18.948926412341045,1692.9091098603294,10.973316656243485,48.90535751511361,23.616635397123197,2444.9412132582866,3404.063998332291,0.020002672150116512,0.0069377765543460375
239,0.15,3919R_GLUT3_WGA594_0002.nd2,3919,M,R,11.1,Homo,Experimental,30,False,6.817193675889328,False,5.3999999999999995,4419.259222661397,117.88636363636365,762.5922266139657,12.93280632411067,1721.064558629776,16.808300395256918,53.87351778656126,44.12220026350462,2376.317193675889,3221.355401844532,0.022671012914410274,0.013696781248737865
240,0.15,3919R_GLUT3_WGA594_0002.nd2,3919,M,R,11.1,Homo,Experimental,30,False,6.497808219178082,False,,,,,,2332.989315068493,33.58712328767123,,83.38273972602741,,4657.665205479452,,0.017902261336416543
241,0.15,3919R_GLUT3_WGA594_0002.nd2,3919,M,R,11.1,Homo,Experimental,30,False,6.389839572192513,False,4.5,4895.207486631016,108.96042780748664,570.8411764705883,18.024064171122994,2365.535294117647,26.187700534759358,55.047058823529404,63.45775401069519,1793.968449197861,4642.422459893048,0.03068451892124561,0.013669103697244549
242,0.15,3919R_GLUT3_WGA594_0002.nd2,3919,M,R,11.1,Homo,Experimental,30,True,16.407220351664797,False,6.45,4950.438271604939,86.51477740366629,1023.6402918069584,18.05144032921811,1436.3380097268987,10.339693228582117,50.19229330340441,24.411148522259634,2648.885521885522,2908.4307893752343,0.018948456959996023,0.00839323686554131
243,0.15,3919R_GLUT3_WGA594_0002.nd2,3919,M,R,11.1,Homo,Experimental,30,False,6.571799870045484,False,5.7,4943.775178687459,70.83885640025991,948.4437946718648,20.728395061728396,1671.2540610786225,10.860298895386615,51.65172189733594,23.5679012345679,2388.415204678362,3404.874593892138,0.02162593915671026,0.0069218118273270245
244,0.15,3919R_GLUT3_WGA594_0002.nd2,3919,M,R,11.1,Homo,Experimental,30,True,14.94051896207585,False,4.8,5773.635928143713,179.3880239520958,1146.5724550898203,37.146506986027944,2311.7487025948103,24.374650698602796,106.94071856287425,68.71237524950101,2873.0111776447106,4545.59620758483,0.03722252088505415,0.015116251446806209
245,0.15,3919R_GLUT3_WGA594_0002.nd2,3919,M,R,11.1,Homo,Experimental,30,False,6.838496098368409,False,3.9,5055.627335067391,101.71648143769214,1027.7595176164577,30.992669661858596,2395.5258926460156,23.114684322534877,80.74296524000944,55.85055568692362,2911.314258689997,4600.606053440529,0.027734197707787588,0.012139825718212973
246,0.15,3919R_GLUT3_WGA594_0002.nd2,3919,M,R,11.1,Homo,Experimental,30,False,9.31746765249538,False,6.0,4456.892637091805,64.56176833025262,776.2804990757857,12.084719654959951,1425.1030499075787,10.537276648182377,40.40218730745533,23.49214417744917,2371.7655576093657,2752.617683302526,0.017034646269245488,0.008534474046269966
247,0.15,3919R_GLUT3_WGA594_0002.nd2,3919,M,R,11.1,Homo,Experimental,30,False,6.541133455210238,False,4.2,4070.328284147297,126.64873335074431,865.710368242361,27.725254635675107,1999.1190911465133,21.023504831548703,83.68294593888744,57.89004962131104,2103.221990075738,3864.6550013058236,0.039787975940606235,0.014979357692148625
248,0.15,3919R_GLUT3_WGA594_0002.nd2,3919,M,R,11.1,Homo,Experimental,30,False,6.937394816560081,False,5.55,4458.2891282396495,73.08784920902052,860.117132278694,12.98148771457422,1877.6893301918544,12.923258162234937,41.27162571524739,30.236957253450015,2445.408953214406,3456.5213732749917,0.016877187621725704,0.00874779987973893
249,0.15,3919R_GLUT3_WGA594_0002.nd2,3919,M,R,11.1,Homo,Experimental,30,False,6.8690074274139095,False,4.05,4633.244091829844,83.3251181634031,1071.9773801485483,17.76401080351114,2242.092842673869,23.07427413909521,48.43990546927751,55.884875084402424,2705.9169480081027,4357.132005401756,0.017901475322417197,0.012826068848756275
250,0.15,3919R_GLUT3_WGA594_0002.nd2,3919,M,R,11.1,Homo,Experimental,30,True,28.963227513227512,False,6.3,4772.016137566137,97.98465608465608,813.0830687830688,14.731216931216931,1458.6539682539683,10.993650793650794,49.43042328042328,27.32698412698413,2418.712962962963,2885.1714285714293,0.020436663646053396,0.009471528747432133
251,0.15,3919R_GLUT3_WGA594_0002.nd2,3919,M,R,11.1,Homo,Experimental,30,False,8.247899159663865,False,5.25,4409.109243697479,70.67551566080978,1044.7450343773874,20.08842627960275,1763.970015278839,11.934491978609627,51.174751718869366,27.70550038197097,2556.0324675324673,3332.9965622612676,0.020021166541860185,0.00831248993643552
252,0.15,3919R_GLUT3_WGA594_0002.nd2,3919,M,R,11.1,Homo,Experimental,30,False,6.631648496861579,False,4.2,5384.605880409647,95.9937231582425,982.2804757185332,13.66798810703667,2360.523620746614,23.90056161215725,45.10736703006277,61.15923356458539,2724.3577799801787,4725.190287413281,0.01655706433330168,0.012943231879464879
253,0.15,3919R_GLUT3_WGA594_0002.nd2,3919,M,R,11.1,Homo,Experimental,30,False,7.440626883664859,False,5.1,4813.0407876230665,89.4197307615029,991.7848101265822,17.648382559774966,1695.606188466948,13.939320876029736,51.09403254972875,34.71207554751858,2606.017279485634,3329.658428772353,0.019606175658134356,0.010425116056218698
254,0.15,3919R_GLUT3_WGA594_0002.nd2,3919,M,R,11.1,Homo,Experimental,30,True,37.87152664269369,False,4.35,5206.755475645636,236.32167374959138,1060.0,45.20137299771167,2380.06570774763,29.043805165086628,143.47597254004577,93.76266753841122,2757.020268061458,4609.65805818895,0.05204023133312979,0.02034048216913704
255,0.15,3919R_GLUT3_WGA594_0002.nd2,3919,M,R,11.1,Homo,Experimental,30,False,7.747846624062239,False,3.5999999999999996,5231.731869963878,118.11503195332037,1059.0245901639344,21.0680744651292,2462.823006390664,29.922061683801054,75.48499583217561,73.87329813837177,3146.2129758266183,4832.644067796611,0.023992335042844044,0.015286310579056044
256,0.15,3919R_GLUT3_WGA594_0002.nd2,3919,M,R,11.1,Homo,Experimental,30,False,6.751211005619066,False,5.7,4068.3778337531485,88.27998449912809,933.8322030614222,15.859523348188336,1308.5390428211585,13.237744623135052,50.404766518116645,28.730866111218752,2393.2049990311953,2517.9854679325717,0.021061616760169412,0.011410258906223412
257,0.15,3919R_GLUT3_WGA594_0002.nd2,3919,M,R,11.1,Homo,Experimental,30,False,5.870376654224636,False,5.3999999999999995,6236.81099423142,44.820495419070234,1104.8062436375974,23.39599592806244,1884.1075670173059,9.435357991177467,49.28266033254157,16.992195453003056,3361.2636579572445,3601.8900576857823,0.014661944241081146,0.004717577488725616
258,0.15,3919R_GLUT3_WGA594_0002.nd2,3919,M,R,11.1,Homo,Experimental,30,False,7.894697720515362,False,3.75,4151.798810703667,110.94747274529237,735.325817641229,31.75123885034688,2270.996531219029,23.827304261645192,77.9635777998018,66.80104063429138,1958.0450941526262,4452.873389494549,0.03981704917451951,0.015001783071553726
259,0.15,3919R_GLUT3_WGA594_0002.nd2,3919,M,R,11.1,Homo,Experimental,30,False,6.840450310559007,False,5.7,4399.826086956521,77.22457298136648,856.7067158385092,14.280085403726709,1589.0073757763978,11.00892857142857,44.26805124223603,26.490683229813662,2378.65275621118,3034.5318322981366,0.018610556386022513,0.008729743068719606
260,0.15,3919R_GLUT3_WGA594_0002.nd2,3919,M,R,11.1,Homo,Experimental,30,False,6.760670032124828,False,4.95,4208.581918311152,66.78545204222121,948.2700780174392,16.779715465810003,1705.5936209270308,11.859568609453877,42.256310234052314,29.886415787058286,2397.558742542451,3236.813905461221,0.0176247236341923,0.009233282066860036
261,0.15,3919R_GLUT3_WGA594_0002.nd2,3919,M,R,11.1,Homo,Experimental,30,False,7.979009466319111,False,5.25,5382.30031554397,78.97311016600356,968.2293867471532,16.312800109754424,1910.45959665249,12.098367402935933,49.07353546439841,29.300452737000963,2829.93757717108,3740.9482782274663,0.017340854392079663,0.007832359754218277
262,0.15,3919R_GLUT3_WGA594_0002.nd2,3919,M,R,11.1,Homo,Experimental,30,False,9.31578947368421,False,3.4499999999999997,4439.947368421053,97.10526315789474,1008.8421052631579,37.21052631578947,2424.315789473684,26.052631578947363,78.89473684210527,68.47368421052633,2555.5263157894738,4763.947368421053,0.030872206775821236,0.014373308291443407
263,0.15,3919R_GLUT3_WGA594_0002.nd2,3919,M,R,11.1,Homo,Experimental,30,False,7.802772373540856,False,3.75,4590.639105058365,157.81906614785993,1075.8560311284048,37.66439688715953,2280.105058365759,28.3852140077821,107.7930447470817,83.27845330739301,2631.9151264591437,4505.116974708171,0.04095612493861132,0.018485303217412586
264,0.15,3919R_GLUT3_WGA594_0002.nd2,3919,M,R,11.1,Homo,Experimental,30,False,7.096451774112944,False,3.5999999999999996,5150.022738630684,99.68440779610195,1130.2568715642178,22.463268365817093,2424.3820589705147,27.400049975012493,67.62818590704647,66.16416791604198,3154.7768615692153,4783.427036481759,0.02143675729680849,0.01383195926506828
265,0.15,3919R_GLUT3_WGA594_0002.nd2,3919,M,R,11.1,Homo,Experimental,30,True,18.503296146044626,False,6.45,4653.818711967546,84.15238336713996,855.4221602434078,13.683062880324544,1271.2071501014198,9.914046653144016,44.433316430020284,23.04868154158215,2361.317697768763,2545.346855983773,0.018817169952186377,0.00905522227251573
266,0.15,3919R_GLUT3_WGA594_0002.nd2,3919,M,R,11.1,Homo,Experimental,30,False,7.229226361031519,False,5.25,4493.581441481156,68.25611637646021,914.7681287194181,15.996253030636986,1611.0454044522814,10.46903240026449,47.67357284549261,24.375358166189113,2669.568878113291,3080.7848798765704,0.017858154264663795,0.007912061087227128
267,0.15,3919R_GLUT3_WGA594_0002.nd2,3919,M,R,11.1,Homo,Experimental,30,False,7.15625,False,5.1,4248.646507352942,66.91470588235295,887.574080882353,16.11488970588235,1650.424632352941,11.073345588235295,46.50569852941177,25.408088235294123,2469.5187499999997,3125.311213235294,0.0188318871964069,0.008129778604989518
268,0.15,3919R_GLUT3_WGA594_0002.nd2,3919,M,R,11.1,Homo,Experimental,30,False,7.04765784114053,False,3.15,4046.243584521385,91.36069246435845,945.1307535641548,40.44032586558045,2339.2244399185333,25.219551934826885,86.94195519348268,65.7122199592668,2485.938085539715,4650.6608961303455,0.03497349982254565,0.014129651984289733
269,0.15,3919R_GLUT3_WGA594_0002.nd2,3919,M,R,11.1,Homo,Experimental,30,False,7.582970297029703,False,3.9,4257.5920792079205,62.96653465346536,1008.2091089108911,15.629108910891091,1824.4687128712872,13.318415841584159,48.28673267326732,31.85287128712871,2732.493861386138,3586.8629702970297,0.017671305087131085,0.008880426029905169
270,0.15,3919R_GLUT3_WGA594_0002.nd2,3919,M,R,11.1,Homo,Experimental,30,False,7.199592148865664,False,4.5,4117.032628090747,68.96864644404792,913.3428498598012,15.143767524853427,1736.4050471577873,12.040785113433595,51.301554932449655,28.381340810604126,2558.3336732092785,3294.908233494775,0.020052722391014337,0.00861369689209863
271,0.15,3919R_GLUT3_WGA594_0002.nd2,3919,M,R,11.1,Homo,Experimental,30,False,6.730781010719755,False,4.8,3881.7433384379783,47.97427258805513,803.9981623277181,15.54364471669219,1604.4698315467074,11.047166921898928,37.89770290964778,23.56967840735069,2402.222358346095,3001.8753445635525,0.01577610114982859,0.007851651285265986
272,0.15,3919R_GLUT3_WGA594_0002.nd2,3919,M,R,11.1,Homo,Experimental,30,False,6.94688486936549,False,5.55,4278.440568475453,55.665948894631065,907.7120298593167,14.181883433821419,1288.0400516795862,9.096755670399082,36.46985357450473,19.608240022968705,2425.2407407407413,2567.0282802182032,0.015037622023191704,0.007638497859206272
274,0.15,3919R_GLUT3_WGA594_0002.nd2,3919,M,R,11.1,Homo,Experimental,30,False,6.802060568217296,False,5.1,4138.182016859195,67.48641898220419,927.2688104901654,15.770215423040899,1579.536684358414,11.282235404308459,46.240711832656885,26.942241648454573,2469.2797377458633,3073.1579768966594,0.018726396659646486,0.008766956287636546
275,0.15,3919R_GLUT3_WGA594_0002.nd2,3919,M,R,11.1,Homo,Experimental,30,False,6.523796932839767,False,4.8,3517.9095716552088,45.89317821258594,864.0682178741406,14.132205182443153,1392.7083553675304,9.926758328926494,35.54970914859863,21.355896351136966,2085.2432575356956,2700.9423585404547,0.0170482311932329,0.007906831585505343
276,0.15,3919R_GLUT3_WGA594_0002.nd2,3919,M,R,11.1,Homo,Experimental,30,False,7.358192996524993,False,3.9,4148.6752205292705,72.10237904303663,937.6728147554129,17.790964982624967,1846.0831328521786,14.06361935311414,55.53889334402567,34.95535952953756,2551.2087677091686,3657.52018176958,0.02176963878730169,0.009557120068336976
277,0.15,3919R_GLUT3_WGA594_0002.nd2,3919,M,R,11.1,Homo,Experimental,30,False,7.249101181304571,False,4.5,3709.099640472522,39.58628659476117,852.8926553672317,9.841807909604519,1483.9401643554186,10.586800205444275,25.459424756034927,23.2568053415511,2442.199024139702,2774.3502824858756,0.010424795237563964,0.008382793437572892
278,0.15,3919R_GLUT3_WGA594_0002.nd2,3919,M,R,11.1,Homo,Experimental,30,False,8.475436963491571,False,3.9,5646.672768642052,154.0860481952632,1239.4477195159789,37.68807529217085,2393.7234460647433,30.807839487020374,106.59851070431276,80.79542868962665,3230.251939187093,4782.916330540904,0.033000060896531416,0.016892503047505628
279,0.15,3919R_GLUT3_WGA594_0002.nd2,3919,M,R,11.1,Homo,Experimental,30,False,7.0499666888740835,False,4.5,4606.390739506996,92.78714190539641,1093.458361092605,19.41705529646902,1890.516988674217,15.342438374417055,61.64556962025316,39.80079946702198,2819.440039973351,3683.7511658894073,0.02186447264217608,0.01080442127458749
280,0.15,3919R_GLUT3_WGA594_0002.nd2,3919,M,R,11.1,Homo,Experimental,30,True,23.905073649754502,False,4.5,4452.784165302782,78.30339607201309,877.5092062193127,14.347381342062192,1740.8921849427168,12.898527004909983,48.5392798690671,32.73261047463175,2531.835924713584,3433.5110474631747,0.019171574032609617,0.009533276585440436
281,0.15,3919R_GLUT3_WGA594_0002.nd2,3919,M,R,11.1,Homo,Experimental,30,False,7.140674545978668,False,4.8,4071.3787835110984,51.128567310464106,924.9602190833093,12.405880657249927,1721.9809743441915,10.627558374171231,36.406745459786684,23.629864514269244,2440.2084174113575,3296.701931392332,0.014919522939113534,0.007167728537802441
282,0.15,3919R_GLUT3_WGA594_0002.nd2,3919,M,R,11.1,Homo,Experimental,30,True,30.460164271047226,False,4.2,4528.107802874743,65.84147843942505,870.047227926078,13.479055441478438,1945.9219712525667,12.951129363449692,45.13737166324435,31.69404517453799,2501.255646817249,3909.843531827516,0.018045884962090905,0.008106218296598623
283,0.15,3919R_GLUT3_WGA594_0002.nd2,3919,M,R,11.1,Homo,Experimental,30,False,7.227968556061233,False,4.05,5155.953247827887,135.76934215970212,1158.8568473314026,32.274100124120814,2289.9762101779065,33.898427803061644,86.34153909805543,83.14770376499793,2917.448489863467,4508.816301199835,0.02959488038882089,0.01844113803058945
284,0.15,3919R_GLUT3_WGA594_0002.nd2,3919,M,R,11.1,Homo,Experimental,30,False,8.172056320594152,False,4.5,5253.758780751972,123.57078755995668,956.0656042085718,16.885502088813247,2089.287482593223,17.781216153489094,66.288101500851,49.82330187219558,2908.1126411883024,4055.9726133374593,0.022794200115221326,0.012283934489192334
285,0.15,3919R_GLUT3_WGA594_0002.nd2,3919,M,R,11.1,Homo,Experimental,30,False,6.838329764453961,False,4.5,5659.6777301927195,179.38865096359746,1178.6059957173447,29.054603854389722,2327.1370449678802,33.555674518201286,90.97537473233405,96.89721627408993,3005.7441113490368,4640.10278372591,0.03026717224158597,0.020882558165292064
286,0.15,3919R_GLUT3_WGA594_0002.nd2,3919,M,R,11.1,Homo,Experimental,30,False,6.9553286534779835,False,4.5,4269.2042118698155,55.13369495851946,765.317485641353,12.975430759412891,1667.4706445437141,10.067645181876197,43.26707083599234,22.722080408423736,2423.780472239949,3323.9840459476713,0.01785106833376162,0.0068357970719277765
287,0.15,3919R_GLUT3_WGA594_0002.nd2,3919,M,R,11.1,Homo,Experimental,30,False,7.012536162005786,False,4.05,3555.457087753134,40.86692381870781,977.50337512054,10.970106075216972,1620.3162970106075,10.178399228543878,30.12729026036644,23.52073288331726,2379.670202507232,3145.1764705882347,0.012660279659183102,0.007478350770860955
288,0.15,3919R_GLUT3_WGA594_0002.nd2,3919,M,R,11.1,Homo,Experimental,30,False,6.907112407448957,False,5.1,3794.037693515818,45.60332061925061,814.4904644379627,10.908458604442451,1203.0646174556875,8.761274399820508,30.382319946152123,18.99865380300651,2501.5813327350234,2276.884451424725,0.012145245708615275,0.008344144908679225
289,0.15,3919R_GLUT3_WGA594_0002.nd2,3919,M,R,11.1,Homo,Experimental,30,False,7.307541412380122,False,3.75,3881.156495204882,40.046643417611165,797.25,12.229511769834351,1849.4012641673935,11.181778552746295,34.005231037489104,23.516129032258068,2408.2617698343506,3601.0758500435923,0.014120238698066495,0.0065303065004791265
290,0.15,3919R_GLUT3_WGA594_0002.nd2,3919,M,R,11.1,Homo,Experimental,30,True,26.58745644599303,False,3.75,4712.982578397213,134.8815331010453,787.6660278745644,30.843379790940766,2267.0881533101046,24.158188153310103,91.66933797909407,69.56550522648082,2274.9923344947733,4571.81550522648,0.040294350266218304,0.0152161663450666
291,0.15,3919R_GLUT3_WGA594_0002.nd2,3919,M,R,11.1,Homo,Experimental,30,False,7.257072232903049,False,3.3,3400.977478714639,28.92337269980775,831.252403185938,7.964570173029388,1857.2609173304036,11.320516341664378,22.110958527876956,23.914034605877507,2390.3342488327385,3493.0417467728653,0.009250153420457539,0.006846192041068817
292,0.15,3919R_GLUT3_WGA594_0002.nd2,3919,M,R,11.1,Homo,Experimental,30,False,10.110838646395292,False,4.2,4109.766307013241,68.2184894556155,947.8803334968122,14.246444335458559,1942.7216772927904,13.543158410985779,45.676557135850906,32.87518391368318,2520.9217753800885,3716.7910740559096,0.018118990276469044,0.008845044894548909
293,0.15,3919R_GLUT3_WGA594_0002.nd2,3919,M,R,11.1,Homo,Experimental,30,False,6.506896551724138,False,3.5999999999999996,2936.170114942529,28.010344827586206,907.3402298850574,8.15632183908046,1368.0402298850577,10.501149425287355,19.748275862068965,22.640229885057472,2145.6057471264367,2724.973563218391,0.009204056191831796,0.008308421846969305
294,0.15,3919R_GLUT3_WGA594_0002.nd2,3919,M,R,11.1,Homo,Experimental,30,False,6.625821287779238,False,3.9,3287.1241787122212,32.30256241787122,912.1764126149803,9.040078843626807,1528.5144546649146,10.221419185282523,22.841655716162943,22.235545335085412,2247.6376478318,2975.351839684625,0.010162516960061294,0.007473249058653275
295,0.15,3919R_GLUT3_WGA594_0002.nd2,3919,M,R,11.1,Homo,Experimental,30,False,6.773379052369077,False,4.2,3749.849750623442,40.749376558603494,991.8322942643391,10.544576059850375,1636.293952618454,10.420199501246882,29.248753117206984,23.293640897755612,2476.168640897756,3190.929551122194,0.011812100611452134,0.007299954613402119
296,0.15,3919R_GLUT3_WGA594_0002.nd2,3919,M,R,11.1,Homo,Experimental,30,False,8.317018633540373,False,5.25,3651.331428571428,39.003478260869564,899.5050931677018,17.41217391304348,1241.0409937888198,8.534906832298137,35.20173913043478,18.05366459627329,2478.3142857142857,2311.840745341615,0.01420390437699839,0.007809216371262436
297,0.15,3919R_GLUT3_WGA594_0002.nd2,3919,M,R,11.1,Homo,Experimental,30,False,7.526715328467153,False,3.9,4393.775474452555,98.03124087591242,852.5810218978102,26.794160583941604,2022.6645255474452,19.334598540145983,76.02948905109488,48.731970802919705,2353.0645255474456,4065.4356204379555,0.03231083900404578,0.01198690013880234
298,0.15,3919R_GLUT3_WGA594_0002.nd2,3919,M,R,11.1,Homo,Experimental,30,False,8.380713342140027,False,3.4499999999999997,4673.139233817702,116.74425363276092,1023.4274768824307,31.80634081902246,2366.100264200793,28.122721268163804,88.29749009247028,73.2891677675033,2846.3161162483484,4663.100924702774,0.031021673800889268,0.015716830699343
299,0.15,3919R_GLUT3_WGA594_0002.nd2,3919,M,R,11.1,Homo,Experimental,30,False,7.230847029077117,False,5.3999999999999995,3885.5347661188366,43.13274336283186,851.2396965865993,9.503160556257901,1277.4212389380532,8.965865992414663,28.03489254108723,18.927686472819218,2447.2159292035394,2445.2391908975983,0.011455831178007797,0.0077406278057694814
300,0.15,3919R_GLUT3_WGA594_0002.nd2,3919,M,R,11.1,Homo,Experimental,30,False,6.593818984547461,False,3.75,3597.353200883002,37.16556291390729,990.0353200883002,10.565121412803531,1801.0993377483444,11.097130242825607,29.483443708609272,23.909492273730685,2592.9735099337745,3406.3002207505524,0.01137051481461617,0.007019196995050075
301,0.15,3919R_GLUT3_WGA594_0002.nd2,3919,M,R,11.1,Homo,Experimental,30,False,7.192396555345516,False,4.2,3995.0714135685776,56.7918504515858,901.7433312329342,10.410838059231253,1735.1934467548836,13.049149338374292,34.558496114261715,31.213820625918924,2517.4362528880492,3373.980256248687,0.01372765490074101,0.009251334701236093
302,0.15,3919R_GLUT3_WGA594_0002.nd2,3919,M,R,11.1,Homo,Experimental,30,False,6.747013352073085,False,4.2,3570.5713281799012,35.40899508081518,936.8988053408292,13.42234715390021,1621.673225579761,10.873858046380885,28.36507378777231,23.31271960646522,2325.3070976809554,3139.5966268446946,0.012198420508009884,0.007425386881592678
303,0.15,3919R_GLUT3_WGA594_0002.nd2,3919,M,R,11.1,Homo,Experimental,30,False,6.336448598130841,False,4.95,2863.973297730307,34.987983978638184,813.2069425901202,9.443257676902537,1162.9866488651535,9.23898531375167,25.13751668891856,18.449933244325766,2190.761014686248,2052.368491321762,0.011474330846862661,0.00898958121913267
304,0.15,3919R_GLUT3_WGA594_0002.nd2,3919,M,R,11.1,Homo,Experimental,30,False,6.667900092506938,False,3.9,3405.750231267345,27.862164662349677,811.3404255319149,6.837187789084183,1581.395929694727,10.04717853839038,19.069380203515262,20.39222941720629,2264.4606845513413,3008.0675300647554,0.008421157555797216,0.0067791793945421504
305,0.15,3919R_GLUT3_WGA594_0002.nd2,3919,M,R,11.1,Homo,Experimental,30,False,7.061038093116507,False,3.4499999999999997,3832.689908665627,89.09556694141234,758.8166629538873,31.050790822009358,2069.33147694364,21.411895745154823,73.53931833370461,55.60904433058587,1918.2479394074405,4221.804188015149,0.03833671175813769,0.013171867252500422
306,0.15,3919R_GLUT3_WGA594_0002.nd2,3919,M,R,11.1,Homo,Experimental,30,False,9.982314752630401,False,4.6499999999999995,3652.4586971121566,46.36870382807254,862.8923214685472,12.402283411685696,1413.6277143496752,9.474815312290126,32.47951645399597,21.868591896127157,2486.1623013207964,2649.789567942691,0.01306411751024498,0.008252954181982849
307,0.15,3919R_GLUT3_WGA594_0002.nd2,3919,M,R,11.1,Homo,Experimental,30,False,7.089170100058858,False,4.2,3885.1403766921717,50.120364920541505,984.0226603884638,14.568569746909947,1628.59270158917,10.2021777516186,42.300765155974105,22.708063566804004,2534.1854031783396,3229.429958799294,0.01669205619404211,0.007031601197892797
308,0.15,3919R_GLUT3_WGA594_0002.nd2,3919,M,R,11.1,Homo,Experimental,30,False,6.531566265060241,False,,,,,,2161.581686746988,26.613012048192772,,64.29734939759037,,4124.533493975904,,0.015588999214456615
309,0.15,3919R_GLUT3_WGA594_0002.nd2,3919,M,R,11.1,Homo,Experimental,30,True,18.496744030722994,False,4.35,3464.01703122391,38.567707463683426,866.8577391885124,9.975955919185173,1298.571046919352,8.861078644181,27.768575722157284,19.60460844882284,2373.9609283686764,2515.8169978293536,0.011697149430862419,0.007792541534514511
310,0.15,3919R_GLUT3_WGA594_0002.nd2,3919,M,R,11.1,Homo,Experimental,30,False,6.2762141280353205,False,4.95,3169.4475717439295,43.524282560706396,1100.3606512141282,15.629966887417218,1218.1572847682119,8.207229580573951,37.674116997792495,17.443156732891833,2490.1123068432676,2254.995033112583,0.015129485081559327,0.007735341531468892
311,0.15,3919R_GLUT3_WGA594_0002.nd2,3919,M,R,11.1,Homo,Experimental,30,False,6.5194067529189015,False,3.9,3339.868728305459,29.915115178289682,786.1842852634902,7.8122436099716,1580.226569895866,11.16724518775639,19.891763963395395,23.349952666456293,2171.6620384979487,3049.5755758914484,0.00915969594290727,0.007656787669422052
312,0.15,3919R_GLUT3_WGA594_0002.nd2,3919,M,R,11.1,Homo,Experimental,30,False,6.578268876611418,False,4.95,2984.2173112338855,39.20515653775322,907.8703499079189,13.219889502762431,1211.187476979742,9.104235727440146,31.503867403314917,18.855248618784525,2228.814732965009,2201.9348066298344,0.014134807589594978,0.008563036726615616
313,0.15,3919R_GLUT3_WGA594_0002.nd2,3919,M,R,11.1,Homo,Experimental,30,False,7.082471804511278,False,3.9,3538.6907894736846,42.09750939849625,773.5664943609022,10.467575187969926,1547.1459116541353,10.09797932330827,34.80380639097744,21.235902255639097,2364.396381578947,2954.7429511278197,0.014719954176099446,0.0071870557293430195
314,0.15,3919R_GLUT3_WGA594_0002.nd2,3919,M,R,11.1,Homo,Experimental,30,False,6.906988694758479,False,4.05,3940.7261048304213,39.16649537512848,853.1359198355601,8.087872559095581,1645.879496402878,11.34403905447071,24.312178828365877,25.194501541623843,2548.5901849948614,3225.8111510791364,0.009539461845025859,0.007810284099611808
315,0.15,3919R_GLUT3_WGA594_0002.nd2,3919,M,R,11.1,Homo,Experimental,30,False,9.244467318579517,False,4.95,5119.304683479156,149.90916109109622,1069.4616572310858,21.875193000514667,1863.018013381369,17.47529593412249,78.12815234173958,54.10138960370561,2969.082861554298,3644.8157488419965,0.026313900953522037,0.014843381210941678
316,0.15,3919R_GLUT3_WGA594_0002.nd2,3919,M,R,11.1,Homo,Experimental,30,False,6.342342342342342,False,4.05,2654.029029029029,30.9009009009009,1000.7227227227227,11.211211211211213,1148.2302302302303,8.764764764764765,24.65965965965966,19.637637637637635,2327.5915915915916,2083.097097097097,0.010594495936805455,0.00942713504089833
317,0.15,3919R_GLUT3_WGA594_0002.nd2,3919,M,R,11.1,Homo,Experimental,30,False,7.561293984108967,False,4.35,3755.3164964056,33.98808172531215,870.583995459705,10.328225501324255,1454.8443057132047,9.099129776768823,26.68785471055618,19.043321982595536,2557.6899356791528,2763.6507756337496,0.010434358887004674,0.006890639783613252
318,0.15,3919R_GLUT3_WGA594_0002.nd2,3919,M,R,11.1,Homo,Experimental,30,False,6.736132315521629,False,4.2,3347.884732824428,30.139185750636134,877.5211195928754,9.012977099236641,1379.8384223918576,9.064885496183207,22.288040712468195,19.15674300254453,2371.9832061068705,2650.3895674300256,0.009396373741216109,0.007227897075191116
319,0.15,3919R_GLUT3_WGA594_0002.nd2,3919,M,R,11.1,Homo,Experimental,30,False,6.950318159569261,False,3.5999999999999996,3288.057513460597,25.38497307880568,757.8064121390113,6.725403817914831,1564.8874204601075,9.961576113558491,17.80518844836025,20.70974057758199,2168.09789525208,3080.2420460107683,0.00821235447317755,0.006723413377336123
320,0.15,3919R_GLUT3_WGA594_0002.nd2,3919,M,R,11.1,Homo,Experimental,30,False,7.9983967017865325,False,,,,1543.4377004122766,18.16422354557948,,,32.71690334402199,,3080.603985341273,,0.010620288586167486,
321,0.15,3919R_GLUT3_WGA594_0002.nd2,3919,M,R,11.1,Homo,Experimental,30,False,7.295676925813912,False,4.05,3966.3442447963,40.79665539939513,966.2488880982031,12.633161359188756,1504.6922255826364,9.939512542252269,33.11972958548301,21.8318804483188,2631.562177548479,3053.218288560755,0.012585577444473233,0.007150448603728902
322,0.15,3919R_GLUT3_WGA594_0002.nd2,3919,M,R,11.1,Homo,Experimental,30,False,6.604382657869934,False,4.2,3016.685909519321,34.33812441093308,1125.2664938737041,17.220075400565502,1177.837888784166,8.59990574929312,32.1882657869934,19.35556079170594,2432.3711121583415,2292.4750235626766,0.013233287316272822,0.008443084697876429
323,0.15,3919R_GLUT3_WGA594_0002.nd2,3919,M,R,11.1,Homo,Experimental,30,False,6.691340382966562,False,4.8,3875.6418976850528,40.734495570162906,790.8945412975136,10.587596456130322,1393.4675621606173,8.9399828522435,31.355815947413543,18.688196627607887,2591.240925978851,2642.1286081737644,0.012100694934635909,0.007073159334406943
324,0.15,3919R_GLUT3_WGA594_0002.nd2,3919,M,R,11.1,Homo,Experimental,30,False,8.498467989034026,False,4.6499999999999995,3945.39154975004,49.63957426221577,884.1628769553297,13.29640380583777,1421.8222867279471,9.746815029833899,38.12675374939526,21.40299951620706,2636.0311240122564,2665.416545718432,0.014463696350960835,0.00802988919333737
325,0.15,3919R_GLUT3_WGA594_0002.nd2,3919,M,R,11.1,Homo,Experimental,30,False,7.433899332929048,False,4.6499999999999995,3560.336062259956,37.18920557913887,1306.6728320194056,13.993127147766321,1085.0004042854255,9.558419243986254,28.544572468162528,20.878916515059633,2932.119466343239,2116.036385688296,0.009735132826549385,0.009866993146371735
326,0.15,3919R_GLUT3_WGA594_0002.nd2,3919,M,R,11.1,Homo,Experimental,30,False,6.846197610468424,False,4.2,3534.0265503508444,26.957709084012894,984.9791390100512,9.453821354067893,1421.0991845249384,8.855300587900626,19.850938744547694,18.55964346671724,2423.296984638725,2804.161577849421,0.008191706947346016,0.006618607006573094
327,0.15,3919R_GLUT3_WGA594_0002.nd2,3919,M,R,11.1,Homo,Experimental,30,False,6.566014290152221,False,1.7999999999999998,2512.872009940975,41.91239515377446,981.3833488661073,14.483690587138863,2219.3395464429946,38.27275551413482,49.689965827896856,72.88132960546754,3049.0186393289837,4288.135756446101,0.01629703576978868,0.01699604064444773
328,0.15,3919R_GLUT3_WGA594_0002.nd2,3919,M,R,11.1,Homo,Experimental,30,True,19.78923504461021,False,4.6499999999999995,4531.833991516747,57.08015211350007,1044.8255082638584,16.099312563990054,1484.2303641948224,9.780459265759838,46.339622641509436,21.73775047535469,2862.497586660816,2933.8676320023405,0.016188528108268523,0.007409247178789336
329,0.15,3919R_GLUT3_WGA594_0002.nd2,3919,M,R,11.1,Homo,Experimental,30,False,7.174513354459031,False,4.95,4078.209597102761,51.6403349932096,1093.5504753282028,15.288139429606156,1554.1242643730195,9.651652331371661,42.44522408329561,20.121774558623816,2679.5058850158443,2976.5778632865545,0.01584069074849023,0.006760036351411479
330,0.15,3919R_GLUT3_WGA594_0002.nd2,3919,M,R,11.1,Homo,Experimental,30,False,6.849831271091114,False,5.1,5767.318897637796,51.35798650168729,1044.0298087739031,15.905511811023624,1611.9547244094488,10.71962879640045,40.38104611923509,23.9814398200225,3256.149325084365,3204.1870078740158,0.012401472441129166,0.007484407046495776
331,0.15,3919R_GLUT3_WGA594_0002.nd2,3919,M,R,11.1,Homo,Experimental,30,False,8.486071910663885,False,4.05,4007.5871886120995,64.58817032764756,885.5833844643514,15.397349368020615,1384.1997791140018,11.770155847343233,50.84452080009817,27.863541538839115,2629.0103080132535,2785.11007485581,0.019339795148434178,0.010004466893568527
332,0.15,3919R_GLUT3_WGA594_0002.nd2,3919,M,R,11.1,Homo,Experimental,30,False,7.130663856691254,False,4.35,3835.0547945205485,37.46301369863013,1096.9258166491043,16.59304531085353,1423.077133825079,9.172181243414121,34.43414120126449,19.71190727081138,2754.133614330875,2804.6920969441517,0.012502712657835363,0.007028189401713101
333,0.15,3919R_GLUT3_WGA594_0002.nd2,3919,M,R,11.1,Homo,Experimental,30,False,7.056156076983918,False,5.1,4216.06195623517,46.69074611125758,896.1083575006592,11.213287635117322,1321.1397310835748,9.65304508304772,32.10150276825731,20.44634853677827,2706.4745583970475,2480.1489586079624,0.011861002967369454,0.008244000210476965
334,0.15,3919R_GLUT3_WGA594_0002.nd2,3919,M,R,11.1,Homo,Experimental,30,False,12.894584419345497,False,4.2,3259.81190269331,30.864610483637414,883.0094121054155,12.273240660295397,1238.9116710107153,8.480886185925282,28.10005792064871,17.339559803069793,2433.8176947581815,2360.6943237764267,0.011545670812226003,0.007345110134941792
335,0.15,3919R_GLUT3_WGA594_0002.nd2,3919,M,R,11.1,Homo,Experimental,30,False,6.4362944851942405,False,4.05,3383.395816354252,44.9491985873404,858.3575115457757,11.774246128769354,1488.9543602281992,10.860092366204835,32.475142624286875,24.999456669383317,2185.0124966041835,2917.6104319478404,0.014862680499428635,0.008568469729762142
336,0.15,3919R_GLUT3_WGA594_0002.nd2,3919,M,R,11.1,Homo,Experimental,30,False,8.547096774193548,False,3.5999999999999996,4765.617096774194,44.237258064516126,997.6348387096773,13.85290322580645,1821.211935483871,9.563064516129034,42.430645161290315,19.999354838709678,3199.579516129032,3687.213870967742,0.013261319166283592,0.005423974724162304
337,0.15,3919R_GLUT3_WGA594_0002.nd2,3919,M,R,11.1,Homo,Experimental,30,False,6.587310499719258,False,3.5999999999999996,4466.607243121842,49.792532285233015,1177.8798427849524,20.233295901179112,1919.0920830993823,11.185569904548007,55.52470522178551,21.32172936552499,3360.357944974733,3652.339696799551,0.01652344962381768,0.005837827566863143
338,0.15,3919R_GLUT3_WGA594_0002.nd2,3919,M,R,11.1,Homo,Experimental,30,False,6.92845870594424,False,4.2,3476.5657548658596,36.156496580746975,918.9258285113098,9.622567069963178,1354.8661230931089,9.289847448711203,25.245397159389793,20.569963177275117,2217.7982640715413,2754.9360862703834,0.011383089962854904,0.007466584535223325
339,0.15,3919R_GLUT3_WGA594_0002.nd2,3919,M,R,11.1,Homo,Experimental,30,False,6.731420765027322,False,4.2,3844.1,45.12267759562842,978.163387978142,12.858196721311476,1602.9497267759564,9.949180327868852,37.0224043715847,21.73114754098361,2609.7562841530053,3136.3112021857924,0.0141861539318413,0.0069288875178708355
340,0.15,3919R_GLUT3_WGA594_0002.nd2,3919,M,R,11.1,Homo,Experimental,30,False,6.810594702648675,False,4.2,3162.408795602199,58.07246376811593,653.7341329335333,10.71464267866067,1283.7636181909047,9.878560719640179,42.03798100949526,25.17241379310345,2027.7221389305348,2489.7811094452773,0.020731627969336575,0.010110291903817946
341,0.15,3919R_GLUT3_WGA594_0002.nd2,3919,M,R,11.1,Homo,Experimental,30,False,7.7073040696641195,False,4.5,3972.7575972987374,49.18713346365737,1142.6035187488892,19.259107872756353,1449.6157810556247,9.73556068953261,43.13843966589657,21.80398080682424,2856.2530655766836,2785.8132219655226,0.015103157414795397,0.007826792060180008
342,0.15,3919R_GLUT3_WGA594_0002.nd2,3919,M,R,11.1,Homo,Experimental,30,False,7.350620067643743,False,3.9,3374.578354002255,49.87824126268321,984.7745208568208,12.870349492671927,1441.5039458850056,11.518602029312289,37.184892897406996,27.919954904171366,2551.821871476888,2728.821871476889,0.014571899909254218,0.010231505103358237
343,0.15,3919R_GLUT3_WGA594_0002.nd2,3919,M,R,11.1,Homo,Experimental,30,True,31.572645290581164,False,4.95,4065.887775551102,71.13401803607215,861.627755511022,13.197144288577155,1579.4526553106214,10.644789579158317,48.32339679358717,24.92610220440882,2593.531563126253,2896.7660320641285,0.018632276344976485,0.008604803400931694
344,0.15,3919R_GLUT3_WGA594_0002.nd2,3919,M,R,11.1,Homo,Experimental,30,False,6.604922688545282,False,4.8,3444.5067844745977,53.54338908172925,915.0325023666771,12.671189649731778,1450.0716314294732,10.77847901546229,34.57778479015463,25.41685074155885,2261.4386241716625,2702.932155254023,0.015290171672388435,0.009403436446657745
345,0.15,3919R_GLUT3_WGA594_0002.nd2,3919,M,R,11.1,Homo,Experimental,30,False,7.339618080734832,False,4.35,3694.5956006768192,51.9364273628233,1132.2397872854726,18.971235194585446,1404.3425187333817,9.872129562484893,46.13318830070098,22.134638627024408,2766.7227459511723,2665.9398114575774,0.016674308391837374,0.008302752572242996
346,0.15,3919R_GLUT3_WGA594_0002.nd2,3919,M,R,11.1,Homo,Experimental,30,False,11.601251840942563,False,4.6499999999999995,3556.6277614138444,43.211340206185575,893.0474963181148,8.343888070692193,1418.2978645066273,10.057437407952872,25.30817378497791,22.925257731958762,2379.5611192930783,2660.019882179676,0.010635647716624518,0.00861845352568317
347,0.15,3919R_GLUT3_WGA594_0002.nd2,3919,M,R,11.1,Homo,Experimental,30,False,7.68717277486911,False,4.05,3426.4886561954627,49.62870855148343,1011.020942408377,13.520506108202444,1450.946335078534,10.814572425828972,38.13787085514835,25.433246073298427,2579.573734729494,2708.6278359511343,0.014784563178670938,0.0093897159793337
