mask_id,Slice_Seperation,file_name,DJID,Sex,Eye,Age_Months,Genotype,Experimental_Condition,Time_Condition,eGFP_Value,eGFP_Raw_Intensity,In_Rip,Length_um,WGA_Middle_Integral,GLUT1_Middle_Integral,WGA_Top_Integral,GLUT1_Top_Integral,WGA_Bottom_Integral,GLUT1_Bottom_Integral,GLUT1_Top_Surface_Integral,GLUT1_Bot_Surface_Integral,WGA_Top_Surface_Integral,WGA_Bot_Surface_Integral,Top_Surface_Ratio,Bot_Surface_Ratio
0,0.15,3919L_GLUT1647_WGA594_0001.nd2,3919,M,L,11.1,Homo,Control,0,False,6.5852941176470585,False,,,,168.58823529411765,3.164705882352941,,,5.21764705882353,,315.55588235294124,,0.01653477989355852,
1,0.15,3919L_GLUT1647_WGA594_0001.nd2,3919,M,L,11.1,Homo,Control,0,False,6.003521126760563,False,,,,,,,,,,,,,
2,0.15,3919L_GLUT1647_WGA594_0001.nd2,3919,M,L,11.1,Homo,Control,0,False,6.355777460770328,False,,,,,,,,,,,,,
3,0.15,3919L_GLUT1647_WGA594_0001.nd2,3919,M,L,11.1,Homo,Control,0,False,6.407442521924627,False,,,,,,,,,,,,,
4,0.15,3919L_GLUT1647_WGA594_0001.nd2,3919,M,L,11.1,Homo,Control,0,False,6.090420168067227,False,,,,,,,,,,,,,
5,0.15,3919L_GLUT1647_WGA594_0001.nd2,3919,M,L,11.1,Homo,Control,0,False,6.25633089476646,False,,,,,,,,,,,,,
6,0.15,3919L_GLUT1647_WGA594_0001.nd2,3919,M,L,11.1,Homo,Control,0,False,6.356179567707371,False,,,,,,,,,,,,,
7,0.15,3919L_GLUT1647_WGA594_0001.nd2,3919,M,L,11.1,Homo,Control,0,False,5.864586488942745,False,,,,154.6810057558316,1.889124507724932,,,3.6101181460163585,,294.438352014541,,0.012261032305458872,
8,0.15,3919L_GLUT1647_WGA594_0001.nd2,3919,M,L,11.1,Homo,Control,0,False,5.922485800200468,False,,,,,,,,,,,,,
9,0.15,3919L_GLUT1647_WGA594_0001.nd2,3919,M,L,11.1,Homo,Control,0,False,5.717860647693818,False,,,,,,100.9170755642787,1.2320902845927382,,2.4072620215897937,,209.34592737978411,,0.01149896753053461
10,0.15,3919L_GLUT1647_WGA594_0001.nd2,3919,M,L,11.1,Homo,Control,0,False,7.357849196538937,False,,,,,,148.3794808405439,1.6282447466007417,,3.3457972805933247,,298.5562422744129,,0.011206589603033962
11,0.15,3919L_GLUT1647_WGA594_0001.nd2,3919,M,L,11.1,Homo,Control,0,False,6.495991778006166,False,,,,,,,,,,,,,
12,0.15,3919L_GLUT1647_WGA594_0001.nd2,3919,M,L,11.1,Homo,Control,0,False,6.1819221967963385,False,,,,147.13478260869564,1.8693363844393591,,,3.2958810068649886,,291.8926773455377,,0.01129141380605235,
13,0.15,3919L_GLUT1647_WGA594_0001.nd2,3919,M,L,11.1,Homo,Control,0,False,6.4636575545666455,False,,,,163.53295189658826,1.9805043441407075,,,3.675990675990676,,317.08688281415556,,0.011593007706172356,
14,0.15,3919L_GLUT1647_WGA594_0001.nd2,3919,M,L,11.1,Homo,Control,0,False,5.428483732351135,False,,,,80.93615715162676,4.373235113566605,,,13.246163290362185,,319.78084714548805,,0.041422628680246404,
15,0.15,3919L_GLUT1647_WGA594_0001.nd2,3919,M,L,11.1,Homo,Control,0,False,6.435766423357665,False,,,,,,,,,,,,,
17,0.15,3919L_GLUT1647_WGA594_0001.nd2,3919,M,L,11.1,Homo,Control,0,False,6.25713227121156,False,,,,,,114.40755835494627,1.2689885142645425,,2.3668025194516487,,231.04112634309,,0.010244074537348857
18,0.15,3919L_GLUT1647_WGA594_0001.nd2,3919,M,L,11.1,Homo,Control,0,False,6.928187134502924,False,,,,,,119.83298245614034,1.4273684210526318,,2.6327485380116955,,241.7578947368421,,0.01089002094793012
19,0.15,3919L_GLUT1647_WGA594_0001.nd2,3919,M,L,11.1,Homo,Control,0,False,6.34691771988651,False,,,,52.33582667010575,1.3819963889605367,,,6.061129739489296,,286.9362909466082,,0.0211236080298296,
20,0.15,3919L_GLUT1647_WGA594_0001.nd2,3919,M,L,11.1,Homo,Control,0,False,6.10814859197124,False,,,,162.07549430796885,2.3529059316956262,,,4.08478130617136,,304.97633313361297,,0.013393764900379267,
21,0.15,3919L_GLUT1647_WGA594_0001.nd2,3919,M,L,11.1,Homo,Control,0,False,6.445048966267683,False,,,,192.25716358360535,5.964454116793616,,,11.290533188248094,,399.848023213638,,0.028237061415245724,
22,0.15,3919L_GLUT1647_WGA594_0001.nd2,3919,M,L,11.1,Homo,Control,0,False,6.046304957904583,False,,,,151.24368568755847,4.007015902712816,,,7.6033676333021525,,342.4242282507016,,0.02220452586589592,
23,0.15,3919L_GLUT1647_WGA594_0001.nd2,3919,M,L,11.1,Homo,Control,0,False,6.152225219150371,False,,,,151.32451112609576,2.3708698583951446,,,4.089177343223197,,297.5682737693864,,0.013741980256915039,
24,0.15,3919L_GLUT1647_WGA594_0001.nd2,3919,M,L,11.1,Homo,Control,0,False,6.29421768707483,False,,,,,,,,,,,,,
25,0.15,3919L_GLUT1647_WGA594_0001.nd2,3919,M,L,11.1,Homo,Control,0,False,6.857519788918206,False,,,,131.9598358252712,1.585458809733216,,,3.1506889475227204,,265.2955145118733,,0.011876148578387334,
26,0.15,3919L_GLUT1647_WGA594_0001.nd2,3919,M,L,11.1,Homo,Control,0,False,5.891784292435759,False,,,,51.19326818675353,1.7799493304379297,,,7.978646398841839,,291.0401737242128,,0.027414244214966476,
27,0.15,3919L_GLUT1647_WGA594_0001.nd2,3919,M,L,11.1,Homo,Control,0,False,7.248904267589388,False,,,,138.6717416378316,1.8666666666666667,,,3.51764705882353,,277.73310265282583,,0.01266556642050943,
28,0.15,3919L_GLUT1647_WGA594_0001.nd2,3919,M,L,11.1,Homo,Control,0,False,5.871825876662636,False,,,,104.50362756952842,1.2835550181378477,,,2.4836759371221286,,218.57920193470375,,0.011362819129809423,
29,0.15,3919L_GLUT1647_WGA594_0001.nd2,3919,M,L,11.1,Homo,Control,0,False,6.897365044902793,False,,,,103.09918089410836,4.028915424849502,,,9.609296358432841,,302.24967926576534,,0.03179257751993667,
30,0.15,3919L_GLUT1647_WGA594_0001.nd2,3919,M,L,11.1,Homo,Control,0,False,6.395529197080292,False,,,,187.53877737226279,4.805656934306569,,,8.494525547445257,,402.3686131386862,,0.02111130259684895,
31,0.15,3919L_GLUT1647_WGA594_0001.nd2,3919,M,L,11.1,Homo,Control,0,False,6.957122536069904,False,,,,176.383255435887,2.653728916886812,,,4.491769965454176,,335.5232676285309,,0.013387357595799185,
32,0.15,3919L_GLUT1647_WGA594_0001.nd2,3919,M,L,11.1,Homo,Control,0,False,6.08029689608637,False,,,,168.70546558704453,6.101889338731445,,,10.539136302294198,,350.7108636977058,,0.03005078368880633,
33,0.15,3919L_GLUT1647_WGA594_0001.nd2,3919,M,L,11.1,Homo,Control,0,False,6.323867996930161,False,,,,,,,,,,,,,
34,0.15,3919L_GLUT1647_WGA594_0001.nd2,3919,M,L,11.1,Homo,Control,0,False,6.8157449891330595,False,,,,116.24704177734847,4.038396522579087,,,8.1142236174837,,314.336392175803,,0.025813821814642302,
35,0.15,3919L_GLUT1647_WGA594_0001.nd2,3919,M,L,11.1,Homo,Control,0,False,6.009034907597536,False,,,,169.7987679671458,2.489938398357289,,,4.412320328542095,,325.7030800821355,,0.013547063563013897,
36,0.15,3919L_GLUT1647_WGA594_0001.nd2,3919,M,L,11.1,Homo,Control,0,False,6.76175362031343,False,,,,165.83356476889506,2.728228526086094,,,4.431065264828407,,309.42689942471725,,0.014320232898518486,
37,0.15,3919L_GLUT1647_WGA594_0001.nd2,3919,M,L,11.1,Homo,Control,0,False,6.403971119133574,False,,,,171.84765342960293,2.3505415162454875,,,4.1389891696750905,,326.7451263537906,,0.01266733253488074,
38,0.15,3919L_GLUT1647_WGA594_0001.nd2,3919,M,L,11.1,Homo,Control,0,False,6.127167630057803,False,,,,163.83754183145723,2.835108001216915,,,4.653483419531487,,308.9607544873745,,0.015061729853853166,
39,0.15,3919L_GLUT1647_WGA594_0001.nd2,3919,M,L,11.1,Homo,Control,0,False,5.7328165374677,False,,,,152.06356589147288,2.965374677002584,,,4.962790697674418,,303.2558139534883,,0.016365030674846626,
40,0.15,3919L_GLUT1647_WGA594_0001.nd2,3919,M,L,11.1,Homo,Control,0,False,6.095185512367491,False,,,,158.45075088339223,2.7897526501766783,,,4.801457597173145,,308.93661660777383,,0.015541885743084573,
41,0.15,3919L_GLUT1647_WGA594_0001.nd2,3919,M,L,11.1,Homo,Control,0,False,6.205384203957925,False,,,,,,,,,,,,,
42,0.15,3919L_GLUT1647_WGA594_0001.nd2,3919,M,L,11.1,Homo,Control,0,False,6.154108689944867,False,,,,161.50511945392492,3.427408768705697,,,5.520084011551588,,313.9884484116566,,0.01758053214847715,
43,0.15,3919L_GLUT1647_WGA594_0001.nd2,3919,M,L,11.1,Homo,Control,0,False,6.202498006909381,False,,,,80.75498272654796,2.110815838426787,,,5.685091682168482,,261.6377889981398,,0.02172886303594662,
44,0.15,3919L_GLUT1647_WGA594_0001.nd2,3919,M,L,11.1,Homo,Control,0,False,6.109113607990013,False,,,,163.01997503121098,2.5985018726591758,,,4.5545568039950055,,319.4302122347066,,0.014258378292183804,
45,0.15,3919L_GLUT1647_WGA594_0001.nd2,3919,M,L,11.1,Homo,Control,0,False,6.039940828402367,False,,,,152.58321005917162,2.4193786982248517,,,3.8535502958579877,,287.8380177514793,,0.013387912847513983,
46,0.15,3919L_GLUT1647_WGA594_0001.nd2,3919,M,L,11.1,Homo,Control,0,False,6.073827851644507,False,,,,163.1592022393282,2.531140657802659,,,4.2872638208537435,,313.56508047585714,,0.01367264433382543,
47,0.15,3919L_GLUT1647_WGA594_0001.nd2,3919,M,L,11.1,Homo,Control,0,False,6.282206632653061,False,,,,75.99011479591837,3.5366709183673466,,,9.397959183673468,,251.71524234693877,,0.037335677792289884,
48,0.15,3919L_GLUT1647_WGA594_0001.nd2,3919,M,L,11.1,Homo,Control,0,False,6.235069075451647,False,,,,43.26695005313496,1.4425079702444208,,,6.602337938363443,,237.67013815090334,,0.02777941726179936,
49,0.15,3919L_GLUT1647_WGA594_0001.nd2,3919,M,L,11.1,Homo,Control,0,False,6.033891702376315,False,,,,178.33580054538373,3.480716790027269,,,5.960654460459679,,334.19867549668874,,0.017835661531575214,
50,0.15,3919L_GLUT1647_WGA594_0001.nd2,3919,M,L,11.1,Homo,Control,0,False,6.274477142328336,False,,,,163.63779381824915,3.9418841384416066,,,6.136220618175087,,311.8099204145845,,0.019679363023525128,
51,0.15,3919L_GLUT1647_WGA594_0001.nd2,3919,M,L,11.1,Homo,Control,0,False,6.090755830289407,False,,,,164.63866254565892,4.560550716493397,,,7.048328182073616,,312.9050295026694,,0.02252545506627431,
52,0.15,3919L_GLUT1647_WGA594_0001.nd2,3919,M,L,11.1,Homo,Control,0,False,5.950381679389313,False,,,,157.5,2.6360574764256848,,,4.243601257296812,,295.554557700943,,0.014358097842601033,
53,0.15,3919L_GLUT1647_WGA594_0001.nd2,3919,M,L,11.1,Homo,Control,0,False,6.075488454706927,False,,,,148.4298401420959,1.7104795737122558,,,3.112788632326821,,284.2895204262877,,0.010949361157102247,
54,0.15,3919L_GLUT1647_WGA594_0001.nd2,3919,M,L,11.1,Homo,Control,0,False,6.3247347618057,False,,,,159.75223632203037,2.727688787185355,,,4.29103390888288,,295.05637611816104,,0.014543098391354377,
55,0.15,3919L_GLUT1647_WGA594_0001.nd2,3919,M,L,11.1,Homo,Control,0,False,6.1432271432271435,False,,,,,,,,,,,,,
56,0.15,3919L_GLUT1647_WGA594_0001.nd2,3919,M,L,11.1,Homo,Control,0,False,6.175714285714286,False,,,,181.63071428571433,2.508571428571429,,,4.382142857142857,,344.25928571428574,,0.012729192904849541,
57,0.15,3919L_GLUT1647_WGA594_0001.nd2,3919,M,L,11.1,Homo,Control,0,False,5.650738916256158,False,,,,,,,,,,,,,
58,0.15,3919L_GLUT1647_WGA594_0001.nd2,3919,M,L,11.1,Homo,Control,0,False,5.9390642002176275,False,,,,,,,,,,,,,
59,0.15,3919L_GLUT1647_WGA594_0001.nd2,3919,M,L,11.1,Homo,Control,0,False,6.298969072164948,False,,,,151.9015932521087,2.623867541393314,,,4.270852858481724,,287.7853795688847,,0.014840409422047954,
60,0.15,3919L_GLUT1647_WGA594_0002.nd2,3919,M,L,11.1,Homo,Control,0,False,7.608946608946609,False,5.55,1585.321067821068,39.9033189033189,103.5952380952381,3.025252525252525,497.05844155844153,6.029581529581529,23.363636363636363,12.378066378066375,827.465367965368,900.1320346320347,0.028235183329889165,0.01375138968709897
61,0.15,3919L_GLUT1647_WGA594_0002.nd2,3919,M,L,11.1,Homo,Control,0,True,8.87080103359173,False,6.45,1601.967700258398,31.270025839793284,68.50904392764858,1.2700258397932818,518.5671834625323,6.217054263565891,11.492248062015504,13.618863049095607,564.9728682170542,1015.9689922480621,0.020341238860341792,0.013404801871916169
62,0.15,3919L_GLUT1647_WGA594_0002.nd2,3919,M,L,11.1,Homo,Control,0,True,9.04339908952959,False,6.45,1719.3183611532627,40.132018209408194,81.93839150227618,2.447040971168437,482.75811836115327,6.031259484066768,18.304704097116844,13.767223065250382,641.1799696509863,977.5553869499242,0.028548465272676325,0.014083317681063134
63,0.15,3919L_GLUT1647_WGA594_0002.nd2,3919,M,L,11.1,Homo,Control,0,False,7.3501423342822285,False,,,,,,547.1167141114274,15.695811305408704,,54.77836518910126,,1147.9845465636438,,0.047716988310577725
64,0.15,3919L_GLUT1647_WGA594_0002.nd2,3919,M,L,11.1,Homo,Control,0,True,9.246158224245873,False,5.25,1464.0264655663061,35.85828116107,61.60643141718839,1.2376209447922595,511.00711439954466,10.368810472396131,12.322424587364825,21.523619806488327,518.9308480364257,1000.2037564029597,0.023745793170692114,0.021519235124544907
65,0.15,3919L_GLUT1647_WGA594_0002.nd2,3919,M,L,11.1,Homo,Control,0,True,9.359408033826638,False,5.25,1736.7732077647509,197.4618489333077,62.771093599846246,15.120315202767634,529.2071881606765,14.459158177974244,120.62079569479147,40.47126657697482,597.3361522198732,1057.394195656352,0.20193118271266497,0.03827453067477191
66,0.15,3919L_GLUT1647_WGA594_0002.nd2,3919,M,L,11.1,Homo,Control,0,False,8.083270440251573,False,5.85,1842.5454088050312,89.70364779874214,90.6,5.968805031446541,495.84930817610064,12.75496855345912,46.34037735849056,29.091572327044023,804.2820125786163,966.7162264150944,0.05761707539612657,0.03009318715475094
67,0.15,3919L_GLUT1647_WGA594_0002.nd2,3919,M,L,11.1,Homo,Control,0,True,12.985077519379844,False,,,,,,571.1709302325582,12.119767441860466,,31.24108527131783,,1097.836046511628,,0.028456968024129215
68,0.15,3919L_GLUT1647_WGA594_0002.nd2,3919,M,L,11.1,Homo,Control,0,False,7.210353535353535,False,4.2,1433.1280303030305,69.3570707070707,72.46489898989898,6.836868686868687,619.7244949494949,12.107070707070706,46.92070707070707,27.006313131313128,578.755808080808,1205.740404040404,0.08107168241870295,0.022398115747648245
69,0.15,3919L_GLUT1647_WGA594_0002.nd2,3919,M,L,11.1,Homo,Control,0,True,15.688248789191945,False,,,,,,489.72648483303595,10.160336477185826,,21.1929645679327,,927.0430792760643,,0.02286081956890554
70,0.15,3919L_GLUT1647_WGA594_0002.nd2,3919,M,L,11.1,Homo,Control,0,False,7.400745077168707,False,,,,,,539.0761043108035,9.053751995742415,,20.3113358169239,,1052.2559872272486,,0.019302656448119026
71,0.15,3919L_GLUT1647_WGA594_0002.nd2,3919,M,L,11.1,Homo,Control,0,False,8.049546044098573,False,,,,,,505.862775616083,7.834500648508431,,15.9431906614786,,960.4363164721142,,0.016599945658074773
72,0.15,3919L_GLUT1647_WGA594_0002.nd2,3919,M,L,11.1,Homo,Control,0,True,8.315458207452165,False,,,,,,435.8559919436052,9.90281973816717,,22.721299093655592,,887.301863041289,,0.02560718064512651
73,0.15,3919L_GLUT1647_WGA594_0002.nd2,3919,M,L,11.1,Homo,Control,0,False,7.472924187725631,False,,,,,,494.5334629269648,7.28714246042766,,15.133574007220215,,951.1313524021105,,0.015911129381867103
74,0.15,3919L_GLUT1647_WGA594_0002.nd2,3919,M,L,11.1,Homo,Control,0,True,8.453274806514958,False,,,,,,530.7504909321935,13.582880905625505,,35.679103615571215,,1018.8077856070232,,0.035020446564719754
75,0.15,3919L_GLUT1647_WGA594_0002.nd2,3919,M,L,11.1,Homo,Control,0,False,6.989289587852495,False,,,,,,546.6527928416485,8.593275488069414,,19.185601952277654,,1090.8284978308027,,0.0175881011455327
76,0.15,3919L_GLUT1647_WGA594_0002.nd2,3919,M,L,11.1,Homo,Control,0,False,7.162628028978267,False,,,,,,524.7319510367224,5.300274793904571,,11.637771671246565,,1020.3782163377466,,0.011405350961936301
77,0.15,3919L_GLUT1647_WGA594_0002.nd2,3919,M,L,11.1,Homo,Control,0,True,8.290076335877863,False,,,,,,431.3250636132315,8.135496183206106,,17.877544529262085,,861.0817430025445,,0.020761727529983478
78,0.15,3919L_GLUT1647_WGA594_0002.nd2,3919,M,L,11.1,Homo,Control,0,False,7.464301168325401,False,,,,,,440.92903504976204,7.851146689744699,,15.84941583729987,,878.7421029857204,,0.018036481674712047
80,0.15,3919L_GLUT1647_WGA594_0002.nd2,3919,M,L,11.1,Homo,Control,0,True,8.143358531317494,False,,,,,,432.47192224622034,6.733261339092873,,15.607721382289416,,865.7170626349891,,0.018028663238753878
81,0.15,3919L_GLUT1647_WGA594_0002.nd2,3919,M,L,11.1,Homo,Control,0,False,8.055330634278002,False,,,,,,429.7940620782726,6.674493927125507,,15.415654520917677,,832.7562753036439,,0.018511604148881065
82,0.15,3919L_GLUT1647_WGA594_0002.nd2,3919,M,L,11.1,Homo,Control,0,False,7.926865671641791,False,,,,,,536.7208955223881,6.328358208955224,,14.402985074626866,,996.7716417910449,,0.014449633668095657
83,0.15,3919L_GLUT1647_WGA594_0002.nd2,3919,M,L,11.1,Homo,Control,0,True,8.436318174714799,False,,,,,,529.423347398031,8.591498671667448,,18.105954055321146,,1055.4541334583528,,0.01715465739472192
84,0.15,3919L_GLUT1647_WGA594_0002.nd2,3919,M,L,11.1,Homo,Control,0,True,13.01271288078676,False,,,,,,545.4531062604941,9.0076757016071,,18.221156152554567,,1050.4372751259293,,0.017346258157461297
85,0.15,3919L_GLUT1647_WGA594_0002.nd2,3919,M,L,11.1,Homo,Control,0,False,6.925911634188694,False,,,,,,513.7792784101871,8.47790854717345,,17.72853559714451,,1008.9965271078526,,0.017570462455367294
86,0.15,3919L_GLUT1647_WGA594_0002.nd2,3919,M,L,11.1,Homo,Control,0,True,10.890977443609023,False,,,,,,500.10416666666663,5.738721804511278,,13.810620300751879,,1003.0689223057645,,0.013768366254439692
87,0.15,3919L_GLUT1647_WGA594_0002.nd2,3919,M,L,11.1,Homo,Control,0,True,15.337150407399252,False,,,,,,450.31358731556924,6.277251706672539,,13.921603171107684,,919.5368861484253,,0.01513979850163461
88,0.15,3919L_GLUT1647_WGA594_0002.nd2,3919,M,L,11.1,Homo,Control,0,True,8.178795811518325,False,,,,,,474.45366492146593,5.089005235602094,,11.73193717277487,,917.0554973821991,,0.0127930503729213
89,0.15,3919L_GLUT1647_WGA594_0002.nd2,3919,M,L,11.1,Homo,Control,0,False,6.883520688830424,False,,,,,,,,,,,,,
90,0.15,3919L_GLUT1647_WGA594_0002.nd2,3919,M,L,11.1,Homo,Control,0,True,8.333475116971501,False,,,,,,475.59464057847725,6.224159931943854,,14.85793279455551,,914.5231816248404,,0.01624664425472223
91,0.15,3919L_GLUT1647_WGA594_0002.nd2,3919,M,L,11.1,Homo,Control,0,True,8.77255216693419,False,,,,,,513.595345104334,9.015569823434992,,19.564205457463885,,995.5598715890852,,0.01965146046539224
92,0.15,3919L_GLUT1647_WGA594_0002.nd2,3919,M,L,11.1,Homo,Control,0,False,7.62496644295302,False,,,,,,453.573422818792,6.812885906040268,,14.453959731543625,,895.7753020134227,,0.016135697980348022
93,0.15,3919L_GLUT1647_WGA594_0002.nd2,3919,M,L,11.1,Homo,Control,0,False,7.4786103189007,False,,,,,,572.609022556391,11.85662431941924,,27.326938034742028,,1074.8918848846254,,0.02542296431763944
94,0.15,3919L_GLUT1647_WGA594_0002.nd2,3919,M,L,11.1,Homo,Control,0,True,8.915276202818728,False,,,,,,479.4961930989794,5.782439656568928,,13.093147578162968,,941.773691884011,,0.01390264740987851
95,0.15,3919L_GLUT1647_WGA594_0002.nd2,3919,M,L,11.1,Homo,Control,0,False,6.4802826532938225,False,,,,,,550.4527011625256,11.72167768406656,,27.962160930020517,,1068.3888762252109,,0.02617226887349793
97,0.15,3919L_GLUT1647_WGA594_0002.nd2,3919,M,L,11.1,Homo,Control,0,False,7.142709142709143,False,3.75,2317.8098938098938,113.61901061901062,133.01295001295,8.03004403004403,769.053613053613,25.62962962962963,71.57523957523958,57.84175084175085,1274.6741776741778,1559.4382284382284,0.056151792221788524,0.037091402395386414
98,0.15,3919L_GLUT1647_WGA594_0002.nd2,3919,M,L,11.1,Homo,Control,0,False,7.337741607324517,False,,,,,,453.42658528314684,6.7480501865038995,,14.62767039674466,,892.005425567989,,0.016398633884351563
99,0.15,3919L_GLUT1647_WGA594_0002.nd2,3919,M,L,11.1,Homo,Control,0,False,7.738669238187078,False,4.8,1708.4429443908712,150.60623593699776,104.52876888460302,14.408228865316618,499.46833815493414,10.006750241080038,119.73706203792992,22.487303117968494,908.303117968499,964.1260045001608,0.13182500386625617,0.023324029237886554
100,0.15,3919L_GLUT1647_WGA594_0002.nd2,3919,M,L,11.1,Homo,Control,0,True,8.413985413985413,False,,,,,,486.83926783926785,5.425997425997426,,11.298298298298299,,901.4560274560275,,0.012533388156694558
101,0.15,3919L_GLUT1647_WGA594_0002.nd2,3919,M,L,11.1,Homo,Control,0,False,6.626552053486151,False,,,,,,542.3767908309455,10.378223495702006,,22.5702005730659,,1096.0420248328558,,0.02059245910439229
102,0.15,3919L_GLUT1647_WGA594_0002.nd2,3919,M,L,11.1,Homo,Control,0,False,6.687560896394934,False,,,,,,529.2348164988632,9.59240012991231,,24.143553101656384,,999.0194868463786,,0.024167249407587372
103,0.15,3919L_GLUT1647_WGA594_0002.nd2,3919,M,L,11.1,Homo,Control,0,True,8.284879725085911,False,4.95,1587.3743986254296,37.39604810996563,412.77938144329903,9.862027491408936,415.3764604810997,5.2982817869415815,28.075257731958764,11.720103092783505,1080.706357388316,812.7101374570447,0.025978618095489604,0.014421012551234437
104,0.15,3919L_GLUT1647_WGA594_0002.nd2,3919,M,L,11.1,Homo,Control,0,False,7.560967636482511,False,,,,,,524.3739784243216,7.762340634194182,,17.216737495913698,,1005.3631905851586,,0.01712489342870502
105,0.15,3919L_GLUT1647_WGA594_0002.nd2,3919,M,L,11.1,Homo,Control,0,False,7.75525876460768,False,,,,,,390.50517529215364,4.282470784641069,,9.22136894824708,,758.4647746243741,,0.0121579396390741
106,0.15,3919L_GLUT1647_WGA594_0002.nd2,3919,M,L,11.1,Homo,Control,0,False,7.232694106641722,False,,,,,,605.3716089803555,15.486202057998128,,46.133536014967255,,1168.6945743685687,,0.03947441617917379
107,0.15,3919L_GLUT1647_WGA594_0002.nd2,3919,M,L,11.1,Homo,Control,0,False,6.547309180443194,False,5.3999999999999995,1897.234963067183,124.85684136475555,102.22265212803377,6.55750967288076,555.4667604642983,15.008090045726345,70.86950404502288,31.780513542033063,863.5694688709111,1061.9634189236722,0.08206578231359017,0.02992618481552166
108,0.15,3919L_GLUT1647_WGA594_0002.nd2,3919,M,L,11.1,Homo,Control,0,False,6.695855406668744,False,6.0,2834.722031785603,145.8441882206295,240.08538485509507,22.92521034590215,543.4122779682144,11.531006544094735,104.49174197569337,27.47553755063883,1289.2097226550325,1121.8248675599875,0.08105100368037896,0.02449182429909865
109,0.15,3919L_GLUT1647_WGA594_0002.nd2,3919,M,L,11.1,Homo,Control,0,True,10.249763481551561,False,,,,,,303.3415326395459,6.292336802270578,,13.372753074739828,,587.4881740775782,,0.022762591086597683
110,0.15,3919L_GLUT1647_WGA594_0002.nd2,3919,M,L,11.1,Homo,Control,0,True,9.02249732174741,False,7.5,2178.0338054993454,47.420902273538864,97.87120580883229,2.1714081656945603,399.74562552077134,4.76062373526961,21.34864897036067,11.322104511367693,889.7827639566718,806.8594214974408,0.023993102401116243,0.014032313696424506
111,0.15,3919L_GLUT1647_WGA594_0002.nd2,3919,M,L,11.1,Homo,Control,0,False,7.338628541170241,False,,,,,,387.29361927455653,6.212867355043686,,13.760921366163624,,752.9682287529786,,0.018275567070012565
112,0.15,3919L_GLUT1647_WGA594_0002.nd2,3919,M,L,11.1,Homo,Control,0,False,7.35923402688271,False,,,,,,463.114527711287,14.02633032590683,,30.69821395691401,,949.8801325722703,,0.0323179871904294
113,0.15,3919L_GLUT1647_WGA594_0002.nd2,3919,M,L,11.1,Homo,Control,0,False,7.469487622337363,False,7.199999999999999,2649.69142199194,187.7469775474957,418.92746113989637,49.41738629821531,397.57772020725383,7.823258491652274,157.51669545192863,16.961139896373055,1405.2049510650545,795.8603914795625,0.112095175392416,0.021311702502044436
114,0.15,3919L_GLUT1647_WGA594_0002.nd2,3919,M,L,11.1,Homo,Control,0,True,8.28888888888889,False,7.05,2012.5425287356325,46.4544061302682,105.62758620689655,1.3272030651340996,381.32030651341,6.171647509578543,16.022222222222222,14.40383141762452,934.6957854406131,746.5272030651341,0.017141643807315754,0.019294449496929843
115,0.15,3919L_GLUT1647_WGA594_0002.nd2,3919,M,L,11.1,Homo,Control,0,True,8.667107001321003,False,6.3,2302.5255394099518,116.18009687362398,234.14619110523998,15.876045794804051,494.4495816820784,9.969176574196391,84.3335535006605,20.555041831792167,1159.1754733597534,981.0660501981505,0.07275305200879396,0.020951741044999538
116,0.15,3919L_GLUT1647_WGA594_0002.nd2,3919,M,L,11.1,Homo,Control,0,False,8.08815336719646,False,6.3,2414.9903326232998,141.8225462887105,226.12305423562182,17.394396198590854,525.2770768474521,10.118302474193019,98.18712108798952,21.22415205636572,1130.4574799279044,1028.2182533180403,0.08685609395432677,0.02064167990392681
117,0.15,3919L_GLUT1647_WGA594_0002.nd2,3919,M,L,11.1,Homo,Control,0,False,8.093811074918566,False,7.6499999999999995,1918.5273615635178,33.465472312703575,105.20130293159609,1.1856677524429968,401.72736156351795,5.358631921824105,11.233224755700327,12.027361563517916,859.3459283387623,774.4530944625408,0.013071831011541237,0.015530135587959307
118,0.15,3919L_GLUT1647_WGA594_0002.nd2,3919,M,L,11.1,Homo,Control,0,True,8.552463211772233,False,8.85,3719.1541906589896,124.72008957133717,519.2117722328854,41.92098528470889,437.3573256557902,7.770953294945618,103.47184900831735,16.59277031349968,1826.411708253359,893.2898272552784,0.05665308021227588,0.018574901232764077
119,0.15,3919L_GLUT1647_WGA594_0002.nd2,3919,M,L,11.1,Homo,Control,0,False,6.4526315789473685,False,4.6499999999999995,2598.686666666667,244.9459649122807,375.55298245614034,42.81999999999999,807.5817543859648,66.23473684210526,138.42526315789473,153.13543859649124,1363.615438596491,1659.5919298245615,0.10151341737548068,0.09227294724955638
120,0.15,3919L_GLUT1647_WGA594_0002.nd2,3919,M,L,11.1,Homo,Control,0,True,8.858620689655172,False,7.35,1938.737931034483,48.461083743842366,106.4871921182266,2.1438423645320195,372.7790640394088,5.475369458128078,22.102216748768473,12.074630541871922,893.3354679802956,703.8628078817734,0.024741228285426124,0.017154806883758627
121,0.15,3919L_GLUT1647_WGA594_0002.nd2,3919,M,L,11.1,Homo,Control,0,False,8.100429184549355,False,6.45,3281.9340772532187,158.75742489270385,250.09012875536482,22.883776824034335,588.5629184549357,12.311931330472103,117.73905579399143,25.15536480686695,1357.2345064377682,1143.8139055793993,0.08674923547516657,0.021992532774922413
122,0.15,3919L_GLUT1647_WGA594_0002.nd2,3919,M,L,11.1,Homo,Control,0,False,7.421262549855591,False,4.05,2426.5579700178787,113.41507357997524,537.3343419062028,50.6571310686288,600.1263925182232,26.341356072067114,124.41039746939899,48.16242607619309,1777.4794388667312,1244.981433090359,0.06999259442838866,0.038685256499481895
123,0.15,3919L_GLUT1647_WGA594_0002.nd2,3919,M,L,11.1,Homo,Control,0,False,7.575148319050758,False,6.3,1922.0059327620302,181.32762030323008,268.2000659195781,47.79499011206328,481.1186552406065,11.073829927488465,161.83618984838495,25.81806196440343,917.2537903757417,1009.4060646011866,0.17643556401341307,0.0255774785488376
124,0.15,3919L_GLUT1647_WGA594_0002.nd2,3919,M,L,11.1,Homo,Control,0,False,6.50947306098283,False,4.2,1320.2018946121968,151.24126702190648,254.92747187685023,85.49200710479573,660.2089994079338,20.026050917702783,175.06956779159265,49.71758436944938,669.4221432800474,1250.5293072824154,0.261523419189248,0.0397572324614231
125,0.15,3919L_GLUT1647_WGA594_0002.nd2,3919,M,L,11.1,Homo,Control,0,True,8.878962536023055,False,7.8,2345.892061828661,89.10086455331412,299.0068116321719,12.836651820801677,418.7395860623526,7.630468954676448,56.96738276133088,16.727534713125493,1170.9799580822635,847.5385119203563,0.04864932347315958,0.01973660721944561
126,0.15,3919L_GLUT1647_WGA594_0002.nd2,3919,M,L,11.1,Homo,Control,0,False,6.80865081638499,False,3.4499999999999997,1961.715840733314,96.8602119736465,455.6538241191635,35.452592380406756,791.0558579203666,53.239616155829275,87.21741621311945,89.22285877971929,1402.7824405614438,1573.5290747636777,0.06217458508976768,0.05670238968613867
127,0.15,3919L_GLUT1647_WGA594_0002.nd2,3919,M,L,11.1,Homo,Control,0,False,6.665308079597219,False,4.05,1526.8798849196835,77.06401342603694,500.9340685686886,47.81898825221769,611.2872212898585,18.64924478542316,84.46631503236632,42.221769359865746,1144.5638935507072,1176.808678973867,0.07379781548964635,0.035878193383721085
128,0.15,3919L_GLUT1647_WGA594_0002.nd2,3919,M,L,11.1,Homo,Control,0,False,7.116306599585676,False,5.55,1668.398342704942,37.883693400414316,259.9067771530039,3.585972181118674,485.7443030482391,6.965078425569695,18.095294465818288,15.204202426753476,943.6904409588635,941.1891092039066,0.019175032066057647,0.01615424815063337
129,0.15,3919L_GLUT1647_WGA594_0002.nd2,3919,M,L,11.1,Homo,Control,0,True,10.973119903352462,False,5.1,1854.5776200543644,40.28209000302023,381.9700996677741,5.509362730292963,527.4643612201751,8.274841437632135,21.4098459679855,18.754152823920265,1209.7846572032618,1011.3254303835698,0.017697237140930553,0.01854413254179448
130,0.15,3919L_GLUT1647_WGA594_0002.nd2,3919,M,L,11.1,Homo,Control,0,False,6.836281762624638,False,4.2,1373.4274686394342,178.6825345770344,396.308137664844,117.70504985525892,676.9430685107752,21.406883242200067,216.8867803152139,58.87970408491476,890.0061112898038,1267.0569314892248,0.24369133825485748,0.046469659430149676
131,0.15,3919L_GLUT1647_WGA594_0002.nd2,3919,M,L,11.1,Homo,Control,0,False,7.6524636510500805,False,6.1499999999999995,2017.3747980613894,60.639741518578354,261.8533925686591,7.102180936995153,447.70415993537966,6.951130856219709,31.634087237479804,14.728392568659128,1004.1906300484652,864.5529079159935,0.0315020737008401,0.01703584874193755
132,0.15,3919L_GLUT1647_WGA594_0002.nd2,3919,M,L,11.1,Homo,Control,0,True,8.166804067051388,False,4.95,1886.1239351470183,159.54273151964827,301.3891178895301,54.410140148392415,660.5307776861775,15.50109920307777,143.68933773014564,40.85820280296785,899.2640835394338,1340.8884308876063,0.159785473878369,0.03047099360527826
133,0.15,3919L_GLUT1647_WGA594_0002.nd2,3919,M,L,11.1,Homo,Control,0,False,7.433377896613191,False,3.4499999999999997,1603.288770053476,130.2366310160428,825.3999554367201,34.882798573975045,659.8257575757576,23.645499108734402,102.05414438502672,69.48284313725492,1593.348707664884,1318.7052139037435,0.06405010020348348,0.052690201270658425
134,0.15,3919L_GLUT1647_WGA594_0002.nd2,3919,M,L,11.1,Homo,Control,0,False,7.50077399380805,False,6.1499999999999995,1630.6486068111453,18.448142414860683,235.18808049535602,1.6431888544891642,400.5348297213622,4.8614551083591335,7.775541795665634,9.838235294117645,966.438854489164,792.3939628482971,0.008045560005734243,0.012415838276649218
135,0.15,3919L_GLUT1647_WGA594_0002.nd2,3919,M,L,11.1,Homo,Control,0,False,6.25670372792675,False,,,,,,552.1422498364944,20.389470241988224,,51.651079136690655,,1098.8842380640942,,0.04700320320153507
136,0.15,3919L_GLUT1647_WGA594_0002.nd2,3919,M,L,11.1,Homo,Control,0,False,6.091,False,4.05,1209.2725,40.816,254.17049999999998,5.5335,611.22325,30.653750000000002,12.654250000000001,56.77925,642.6779999999999,1162.0072499999999,0.019689875800945424,0.048863077231230706
137,0.15,3919L_GLUT1647_WGA594_0002.nd2,3919,M,L,11.1,Homo,Control,0,False,6.701659221442246,False,4.95,2090.1167836630502,71.60689215060624,342.56253988513083,14.012444160816846,703.9524569240588,22.75462667517549,29.597638800255265,57.415762603701346,1054.1659221442246,1415.9811742182515,0.02807683133984471,0.04054839403878374
138,0.15,3919L_GLUT1647_WGA594_0002.nd2,3919,M,L,11.1,Homo,Control,0,True,12.289793931526853,False,5.55,2073.6972253772515,85.52636702904431,237.9313645951647,12.030829141651793,526.5510303423657,9.121044945643355,56.319811779977286,21.010384552977442,1024.6233976959275,1047.776894369625,0.054966353400306645,0.020052345748297815
139,0.15,3919L_GLUT1647_WGA594_0002.nd2,3919,M,L,11.1,Homo,Control,0,False,7.136286201022147,False,3.75,829.6964792731403,25.19250425894378,524.3801817149347,27.826519023282227,218.0448608745031,4.839579784213514,42.12549687677456,11.228563316297558,1024.9585462805223,417.1076093128904,0.04109970791467031,0.026920063469459576
141,0.15,3919L_GLUT1647_WGA594_0002.nd2,3919,M,L,11.1,Homo,Control,0,True,10.737513007284079,False,6.3,2360.4646201873047,181.62539021852237,346.8946409989594,40.6732570239334,517.3730489073881,10.190426638917794,153.44979188345474,24.721644120707598,1275.54604578564,1040.5574921956295,0.12030125638384247,0.023758076133346236
142,0.15,3919L_GLUT1647_WGA594_0002.nd2,3919,M,L,11.1,Homo,Control,0,False,7.523246650906225,False,6.0,1692.3275545048596,25.156291042815866,307.3480430785395,3.0015760441292354,403.608878381928,5.615970580509588,11.79879169950092,11.725505647491465,1018.445757814552,804.093511951668,0.011585095827606513,0.014582266208107715
143,0.15,3919L_GLUT1647_WGA594_0002.nd2,3919,M,L,11.1,Homo,Control,0,False,6.341136168998002,False,,,,,,594.4818726805595,23.942049671709963,,57.117613474165,,1183.4065087068227,,0.04826542109911221
145,0.15,3919L_GLUT1647_WGA594_0002.nd2,3919,M,L,11.1,Homo,Control,0,False,7.265881708652793,False,6.1499999999999995,1870.513143483023,47.00903614457831,285.79299014238774,6.317360350492881,413.46467688937565,6.1319824753559695,26.894852135815988,13.003833515881707,999.3693866374591,812.6960569550931,0.02691182309106755,0.016000857152676275
146,0.15,3919L_GLUT1647_WGA594_0002.nd2,3919,M,L,11.1,Homo,Control,0,False,5.795698924731183,False,,,,,,472.10309930423784,13.391524351676154,,30.771663504111324,,924.6502213788741,,0.03327924743069161
148,0.15,3919L_GLUT1647_WGA594_0002.nd2,3919,M,L,11.1,Homo,Control,0,False,7.797375444839858,False,4.35,1669.7497775800714,122.78847864768682,394.31272241992883,54.75889679715303,654.984653024911,21.818727758007118,104.18750000000001,60.245996441281136,881.2055160142351,1370.1209964412812,0.11823291854918094,0.0439712964021153
149,0.15,3919L_GLUT1647_WGA594_0002.nd2,3919,M,L,11.1,Homo,Control,0,False,6.418054338299737,False,,,,,,669.2559158632778,22.508618171194858,,51.01840490797546,,1299.5600350569678,,0.03925821318884972
150,0.15,3919L_GLUT1647_WGA594_0002.nd2,3919,M,L,11.1,Homo,Control,0,False,6.551124744376278,False,5.25,1702.8449216087254,98.35514655760055,610.9914792092706,42.76755282890252,456.71745057941376,8.600886162235856,102.8807089297887,19.02044989775051,1385.8081117927745,886.7218813905931,0.07423878389389373,0.02145029946472266
151,0.15,3919L_GLUT1647_WGA594_0002.nd2,3919,M,L,11.1,Homo,Control,0,True,8.791023339317773,False,,,,,,551.6624775583483,20.00861759425494,,45.25314183123877,,1143.611490125673,,0.0395703805199315
153,0.15,3919L_GLUT1647_WGA594_0002.nd2,3919,M,L,11.1,Homo,Control,0,False,5.854947166186359,False,5.25,1530.2403458213255,45.66493756003842,517.502785782901,11.78770413064361,402.44341978866476,7.258981748318924,30.229202689721422,16.66685878962536,1176.5688760806918,798.5640730067242,0.025692675800178345,0.020871035090361516
154,0.15,3919L_GLUT1647_WGA594_0002.nd2,3919,M,L,11.1,Homo,Control,0,False,6.950143472022956,False,5.55,1634.6527977044475,159.61621233859398,279.5025107604017,33.97776183644189,522.254662840746,24.83357245337159,65.35473457675754,81.77761836441896,625.4232424677188,1122.5932568149212,0.10449681134153058,0.07284706002639155
155,0.15,3919L_GLUT1647_WGA594_0002.nd2,3919,M,L,11.1,Homo,Control,0,True,8.629757785467127,False,4.2,1200.0209919261822,70.78685121107264,292.98085351787773,44.00853517877739,451.6507497116494,14.527566320645906,80.28650519031142,34.17139561707036,698.1074971164937,967.5711649365628,0.11500593464750307,0.03531667422035128
156,0.15,3919L_GLUT1647_WGA594_0002.nd2,3919,M,L,11.1,Homo,Control,0,False,7.663877054169203,False,4.95,2037.0774497869752,213.26354230066949,833.6774193548388,58.12355447352404,510.08825319537425,20.98813146682897,151.2892574558734,57.943091905051745,1671.1104686548995,1063.6646378575776,0.09053217025062878,0.054474963106567235
157,0.15,3919L_GLUT1647_WGA594_0002.nd2,3919,M,L,11.1,Homo,Control,0,True,10.61565523306948,False,4.5,1759.5721196130169,107.75219876868954,887.7302110817942,52.41842568161829,535.1816182937555,19.01187335092348,108.39973614775727,40.63170624450308,1733.5822339489887,999.3665347405451,0.0625293303224674,0.040657461333795664
159,0.15,3919L_GLUT1647_WGA594_0002.nd2,3919,M,L,11.1,Homo,Control,0,False,5.702418986764035,False,,,,,,317.6910086718394,8.888178913738018,,21.069831127339114,,641.481058877225,,0.03284560134046254
160,0.15,3919L_GLUT1647_WGA594_0002.nd2,3919,M,L,11.1,Homo,Control,0,False,7.5517377567140604,False,,,,,,545.8382701421801,17.296800947867304,,48.93068720379147,,1110.6516587677727,,0.04405583588474381
161,0.15,3919L_GLUT1647_WGA594_0002.nd2,3919,M,L,11.1,Homo,Control,0,True,22.827222368768137,False,4.5,1391.4558164072803,81.89105776839884,333.0931152730151,48.85069902400422,616.6354523872329,18.301239778422577,88.607227644421,40.74729622790821,748.4450013189133,1210.776839883936,0.11838842865979053,0.03365384510643118
162,0.15,3919L_GLUT1647_WGA594_0002.nd2,3919,M,L,11.1,Homo,Control,0,False,5.949293966623877,False,3.3,1376.6931964056485,87.50673940949936,408.3372913992298,33.70474967907573,677.4704749679075,73.21309370988446,67.8433889602054,120.35430038510911,970.0160462130938,1375.4560333761233,0.0699404811137542,0.08750137951679464
163,0.15,3919L_GLUT1647_WGA594_0002.nd2,3919,M,L,11.1,Homo,Control,0,False,6.160940325497288,False,5.3999999999999995,1470.1528028933094,47.02893309222423,402.1374321880651,9.376582278481013,410.1867088607595,8.492766726943943,25.662296564195298,19.341772151898734,1060.2789330922244,762.8955696202532,0.024203344764526374,0.025353105879912886
164,0.15,3919L_GLUT1647_WGA594_0002.nd2,3919,M,L,11.1,Homo,Control,0,False,6.539104915627293,False,2.25,1201.006896551724,52.69038884812913,621.775788701394,40.94409391049157,729.305502567865,49.47542186353632,74.17666911225238,84.53851797505503,1410.9790168745415,1532.320469552458,0.05257106464741132,0.05517025952132979
165,0.15,3919L_GLUT1647_WGA594_0002.nd2,3919,M,L,11.1,Homo,Control,0,False,6.790205562273277,False,,,,,,561.3778718258766,15.464328899637241,,35.091898428053206,,1171.0380894800483,,0.029966487634603186
166,0.15,3919R_GLUT1647_WGA594_0001.nd2,3919,M,R,11.1,Homo,Experimental,30,False,6.949384404924761,False,5.55,2692.03830369357,206.01367989056087,484.640902872777,67.64911080711354,1016.358413132695,19.259917920656633,204.35225718194255,45.4343365253078,1519.5184678522571,1929.908344733242,0.13448487893061378,0.023542225022913133
167,0.15,3919R_GLUT1647_WGA594_0001.nd2,3919,M,R,11.1,Homo,Experimental,30,True,8.288590604026846,False,7.5,3722.441694630873,304.04362416107375,637.603187919463,62.315016778523486,729.3083053691274,13.920721476510066,227.5713087248322,38.02684563758389,1982.119966442953,1520.9710570469801,0.11481207625047243,0.025001689191518458
168,0.15,3919R_GLUT1647_WGA594_0001.nd2,3919,M,R,11.1,Homo,Experimental,30,False,7.525646286417727,False,5.85,3406.2724661469024,441.0073861304883,916.9257283545343,126.62125564218302,989.331965531391,24.036109971276158,393.1743947476405,57.34755847353303,2335.8063192449736,1806.0631924497332,0.16832491268999147,0.03175279730702398
169,0.15,3919R_GLUT1647_WGA594_0001.nd2,3919,M,R,11.1,Homo,Experimental,30,False,7.059885931558935,False,2.1,2328.0114068441067,266.59125475285174,1009.985741444867,166.9439163498099,1403.1349809885933,89.26045627376426,394.037072243346,229.7471482889734,2715.3336501901135,2973.7766159695816,0.14511552648999787,0.07725770222793475
170,0.15,3919R_GLUT1647_WGA594_0001.nd2,3919,M,R,11.1,Homo,Experimental,30,False,6.825481891261129,False,5.85,3270.580862650186,134.57576281441783,543.360446019535,23.44394502549918,840.4153340824618,13.576800069150318,83.85089463220677,36.38724176679056,1705.002074509465,1689.8128619586828,0.049179350503917106,0.021533296725303453
171,0.15,3919R_GLUT1647_WGA594_0001.nd2,3919,M,R,11.1,Homo,Experimental,30,True,10.48286937901499,False,6.1499999999999995,2825.0985010706636,275.07173447537474,552.4389721627409,87.83083511777302,931.7259100642399,23.384368308351178,242.73447537473234,64.88008565310493,1565.051391862955,1804.0171306209852,0.15509680808998483,0.035964229248073534
172,0.15,3919R_GLUT1647_WGA594_0001.nd2,3919,M,R,11.1,Homo,Experimental,30,False,7.756169345709758,False,5.7,3324.3891781752322,406.8034865293186,891.3513697079466,124.63617840163008,996.5309033280507,24.16685533167308,377.52343219379674,58.39166855331673,2277.8304278922346,1769.101879103464,0.16573816363632207,0.033006391120283106
173,0.15,3919R_GLUT1647_WGA594_0001.nd2,3919,M,R,11.1,Homo,Experimental,30,False,7.522461538461538,False,2.55,1655.434769230769,130.452,790.2489230769231,35.817846153846155,606.6486153846153,41.409230769230774,129.5196923076923,99.80246153846153,1993.2396923076922,1273.4030769230772,0.0649794868161288,0.07837460372690015
174,0.15,3919R_GLUT1647_WGA594_0001.nd2,3919,M,R,11.1,Homo,Experimental,30,False,6.696969696969697,False,3.75,1519.0968948746724,38.27946127946127,928.1638608305275,40.34904601571268,773.3449307893752,10.621399176954732,60.07407407407407,22.520763187429854,1606.0722035166482,1417.62177328844,0.037404342060423035,0.015886298878711996
175,0.15,3919R_GLUT1647_WGA594_0001.nd2,3919,M,R,11.1,Homo,Experimental,30,False,7.512662559890486,False,6.1499999999999995,2969.461327857632,342.0114077116131,563.9425051334703,88.20807665982204,920.728952772074,19.238649326945012,290.86310746064345,56.064111339265345,1576.126853753137,1806.4346338124574,0.18454295526278766,0.03103578191530947
176,0.15,3919R_GLUT1647_WGA594_0001.nd2,3919,M,R,11.1,Homo,Experimental,30,True,9.181287813310286,False,6.3,3416.2955920484014,404.77636127917026,915.5017286084701,121.46564390665515,946.5689282627485,23.096153846153843,365.58988764044943,55.04235090751944,2261.5538029386344,1784.4001728608469,0.16165429589400285,0.030846416484746564
177,0.15,3919R_GLUT1647_WGA594_0001.nd2,3919,M,R,11.1,Homo,Experimental,30,True,8.33100414078675,False,7.199999999999999,3716.82582815735,227.20186335403727,637.2264492753624,41.90527950310559,789.4469461697722,15.37189440993789,155.8913043478261,41.55952380952382,2013.1265527950309,1545.0892857142856,0.07743740905477907,0.02689781373398826
178,0.15,3919R_GLUT1647_WGA594_0001.nd2,3919,M,R,11.1,Homo,Experimental,30,False,6.771029954862536,False,5.1,3859.2544111612638,236.24661469019284,1134.1604431678293,118.50389823553549,806.5954041854739,88.77061961427985,262.31021748050887,137.4308576118178,2949.45876077144,1588.2675420599096,0.08893503478309384,0.08652878307490709
179,0.15,3919R_GLUT1647_WGA594_0001.nd2,3919,M,R,11.1,Homo,Experimental,30,True,9.320131072802393,False,6.6,3818.038894429406,461.12608633708504,707.7171961817924,95.17880039891722,928.8580994443653,19.273258298902977,343.5163128650805,49.129505627582276,2099.97877190483,1783.7432682718336,0.16358085017854102,0.027542924198492438
180,0.15,3919R_GLUT1647_WGA594_0001.nd2,3919,M,R,11.1,Homo,Experimental,30,False,7.542675470775251,False,6.45,3012.0696991929576,213.17657128882365,564.3475177304964,45.252873563218394,793.939349474199,12.083883590119834,173.47493274639277,32.369528001956475,1799.50892638787,1460.8297872340427,0.09640126270148971,0.022158315968656028
181,0.15,3919R_GLUT1647_WGA594_0001.nd2,3919,M,R,11.1,Homo,Experimental,30,False,7.448292924294903,False,2.6999999999999997,1677.2765957446807,82.1622958931222,827.678871845621,20.946066303809992,543.6234537357744,26.535873330034637,72.44285007422067,65.62493814943096,2012.9905987135082,1167.0049480455218,0.03598767431925341,0.05623364173334345
182,0.15,3919R_GLUT1647_WGA594_0001.nd2,3919,M,R,11.1,Homo,Experimental,30,False,7.556608933454877,False,6.75,3577.0528714676393,387.2038286235187,866.0293527803099,81.81257976298997,897.9135824977211,20.60218778486782,258.1042844120328,51.47274384685506,2122.651777575205,1705.2180492251593,0.12159520800292373,0.030185432220966674
183,0.15,3919R_GLUT1647_WGA594_0001.nd2,3919,M,R,11.1,Homo,Experimental,30,False,6.720138796209795,False,7.05,4681.008140931535,180.72107300146803,803.7688509275324,36.9464833844922,912.4340050714,18.572133991725607,111.05511811023621,43.738555985586544,2310.8443880955556,1704.37181369278,0.048058241689636426,0.02566256707262738
184,0.15,3919R_GLUT1647_WGA594_0001.nd2,3919,M,R,11.1,Homo,Experimental,30,False,6.251153039832285,False,6.3,4260.085534591195,88.95345911949684,998.521174004193,25.480922431865825,888.5689727463313,11.870440251572326,64.8587002096436,30.541719077568132,2690.927044025157,1762.3287211740042,0.024102734540371006,0.01733031908895082
185,0.15,3919R_GLUT1647_WGA594_0001.nd2,3919,M,R,11.1,Homo,Experimental,30,False,6.335540367364374,False,3.4499999999999997,3039.049765057668,42.46390431439556,969.6315677061084,19.206962836394702,1055.5222127296026,27.014096539940194,46.24455360956856,39.37184963690731,2679.9901751388293,2080.879538658693,0.01725549370985026,0.01892077311802771
186,0.15,3919R_GLUT1647_WGA594_0001.nd2,3919,M,R,11.1,Homo,Experimental,30,False,7.681818181818182,False,6.75,3184.790909090909,340.7314049586777,822.7462809917355,95.34214876033056,753.8454545454546,13.350413223140496,337.3867768595041,31.24793388429752,2198.087603305785,1412.2396694214876,0.15349105119927692,0.02212650909112189
187,0.15,3919R_GLUT1647_WGA594_0001.nd2,3919,M,R,11.1,Homo,Experimental,30,False,7.227558348294434,False,6.8999999999999995,4043.7486535008975,493.09156193895876,724.169658886894,95.23339317773788,959.6970377019749,24.45107719928187,356.4385098743267,54.21723518850987,2079.500448833034,1765.3137342908437,0.17140583454759603,0.030712521029747634
188,0.15,3919R_GLUT1647_WGA594_0001.nd2,3919,M,R,11.1,Homo,Experimental,30,False,7.457391304347826,False,4.2,2324.2539130434784,139.64289855072465,1074.7208695652175,99.57304347826086,742.2518840579711,14.10463768115942,180.07797101449276,39.040579710144925,2020.6678260869564,1601.036231884058,0.08911804735527241,0.024384569775915053
189,0.15,3919R_GLUT1647_WGA594_0001.nd2,3919,M,R,11.1,Homo,Experimental,30,True,8.24924506387921,False,7.199999999999999,3574.1607433217187,259.5707317073171,641.6155632984902,51.84274099883856,761.106387921022,10.334030197444832,206.34750290360046,23.282926829268295,2066.7173054587693,1413.6376306620211,0.0998431195009496,0.01647022286635413
190,0.15,3919R_GLUT1647_WGA594_0001.nd2,3919,M,R,11.1,Homo,Experimental,30,False,6.115175481957489,False,4.8,5253.300543746911,391.79856648541767,1183.6013346515076,237.71255561047946,1127.735294117647,120.2137913989125,508.38952051408796,181.81660899653977,3497.165595650024,2333.283984181908,0.145371875197003,0.07792305189986892
191,0.15,3919R_GLUT1647_WGA594_0001.nd2,3919,M,R,11.1,Homo,Experimental,30,True,8.576523702031603,False,2.55,2039.8632054176073,108.89954853273137,810.7975169300225,27.766139954853273,809.8957110609481,43.32279909706546,103.47110609480812,95.32234762979684,2193.5963882618507,1776.5356659142215,0.047169619100620404,0.05365630955725456
192,0.15,3919R_GLUT1647_WGA594_0001.nd2,3919,M,R,11.1,Homo,Experimental,30,False,8.02842377260982,False,6.0,3761.8881352282515,483.40105512489237,780.1298449612402,103.0452196382429,962.1144487510767,25.20036606373816,369.45887166236,63.83688630490956,2122.172265288544,1854.0512489233415,0.17409466597289924,0.03443102575615427
193,0.15,3919R_GLUT1647_WGA594_0001.nd2,3919,M,R,11.1,Homo,Experimental,30,True,8.578429443023026,False,6.8999999999999995,3895.242078331037,311.3404841566621,801.8860460539264,85.33772879354458,735.810076756544,11.808108640031488,285.2690415272584,26.518205077740603,2253.6048022042905,1459.6955323755164,0.12658343701088662,0.018166942687414225
194,0.15,3919R_GLUT1647_WGA594_0001.nd2,3919,M,R,11.1,Homo,Experimental,30,False,6.907720301533662,False,6.45,5776.376397192618,354.6100857811282,985.8983623602808,120.19417728099818,1021.2919157785286,25.403951130751235,326.3049129191578,66.58617104237068,2890.827657915259,2022.6342604626982,0.11287594818242293,0.032920519712317346
195,0.15,3919R_GLUT1647_WGA594_0001.nd2,3919,M,R,11.1,Homo,Experimental,30,False,6.769106674732809,False,3.3,3656.209518047994,175.7209114740875,1015.8050010082677,93.85158298043962,1702.8076225045372,57.09860859044162,215.95644283121595,100.15144182294817,2727.279290179472,3366.494252873563,0.0791838384901917,0.029749476547438387
196,0.15,3919R_GLUT1647_WGA594_0001.nd2,3919,M,R,11.1,Homo,Experimental,30,False,6.461627906976744,False,4.35,3112.643023255814,225.66395348837204,998.9401162790698,96.72732558139535,821.9494186046512,69.24767441860466,226.2139534883721,125.43197674418604,2508.18488372093,1679.318023255814,0.09019030253973156,0.07469221136625574
197,0.15,3919R_GLUT1647_WGA594_0001.nd2,3919,M,R,11.1,Homo,Experimental,30,True,15.776666666666667,False,7.05,3644.493888888889,345.8377777777778,700.7549999999999,45.10888888888889,903.3311111111111,16.761666666666667,220.1072222222222,38.88888888888888,2080.1983333333333,1662.36,0.10581069059387231,0.023393782868264924
198,0.15,3919R_GLUT1647_WGA594_0001.nd2,3919,M,R,11.1,Homo,Experimental,30,True,10.640461792193513,False,4.2,1960.0582737768004,139.76415612974165,792.8757559098404,125.74491478834524,905.4029686641011,24.96646509070918,209.22210005497527,54.46069268829027,1561.660252886201,1713.860912589335,0.1339741468531961,0.031776611677320994
199,0.15,3919R_GLUT1647_WGA594_0001.nd2,3919,M,R,11.1,Homo,Experimental,30,True,8.764015645371577,False,3.5999999999999996,1359.960886571056,52.94350282485876,512.9571200927134,27.22801680428799,592.7990728668694,12.004201071997683,52.554396639142404,31.535564247428653,1003.9369839200348,1277.3468057366363,0.05234830221508051,0.024688333744446428
200,0.15,3919R_GLUT1647_WGA594_0001.nd2,3919,M,R,11.1,Homo,Experimental,30,False,7.596305652036627,False,6.75,4285.413009156931,262.1937164508999,858.9995263656458,67.09646353015472,863.5009472687086,19.669718976949795,191.53299652668142,44.87717082412377,2358.896274076413,1603.777549731607,0.08119602317048595,0.0279821667485207
201,0.15,3919R_GLUT1647_WGA594_0001.nd2,3919,M,R,11.1,Homo,Experimental,30,False,5.9015990159901595,False,4.35,4599.9553095530955,245.77121771217713,1374.310373103731,213.8671586715867,1081.7380073800737,97.87453874538747,384.7548175481755,138.9339893398934,3618.5617056170563,2185.051660516605,0.10632810736678182,0.063583846483083
202,0.15,3919R_GLUT1647_WGA594_0001.nd2,3919,M,R,11.1,Homo,Experimental,30,True,9.460516921319435,False,4.2,2046.1400828216476,186.54333856918464,722.716692845923,143.79922890189917,912.1288019420249,29.845351992003426,238.3528487790947,72.35470512637441,1429.7222618877622,1751.7456804226758,0.166712693180269,0.041304343395849596
203,0.15,3919R_GLUT1647_WGA594_0001.nd2,3919,M,R,11.1,Homo,Experimental,30,False,7.348968105065666,False,6.75,2712.8724202626645,867.0994371482176,534.368980612883,276.5284552845528,956.4546591619762,43.24577861163227,835.8868042526578,99.95934959349592,1431.2107567229518,1719.1313320825518,0.584041728533812,0.05814526658205071
204,0.15,3919R_GLUT1647_WGA594_0001.nd2,3919,M,R,11.1,Homo,Experimental,30,False,6.624434389140271,False,2.6999999999999997,3268.7133766968327,187.18127828054295,1089.872737556561,136.91091628959276,1552.3470022624435,50.832579185520366,289.8598699095023,97.35619343891403,3089.8038744343894,3147.4298642533936,0.09381173747235437,0.03093196596519174
205,0.15,3919R_GLUT1647_WGA594_0001.nd2,3919,M,R,11.1,Homo,Experimental,30,False,6.634990560100692,False,6.0,2295.0497168030206,52.71617369414726,633.1919446192574,8.188168659534298,807.5462555066078,12.421019509125236,29.402139710509758,24.889238514789177,1619.855884203902,1462.9748269351794,0.01815108368418824,0.017012759246808253
206,0.15,3919R_GLUT1647_WGA594_0001.nd2,3919,M,R,11.1,Homo,Experimental,30,True,8.426844014510278,False,6.1499999999999995,2402.586457073761,740.7049576783555,325.8234582829504,326.7787182587666,1129.4377267230955,44.40145102781136,623.0133010882707,152.41596130592504,776.446191051995,2106.235792019347,0.8023908266510518,0.07236414929583772
207,0.15,3919R_GLUT1647_WGA594_0001.nd2,3919,M,R,11.1,Homo,Experimental,30,False,7.5705961452263555,False,7.199999999999999,5387.879874495742,386.90811295383236,1042.5679067682654,125.23935454952935,833.8780815777678,22.96324518153294,303.1770506499327,55.16718960107575,3038.1600179291795,1550.7454056476918,0.09978969141216573,0.03557462714392783
208,0.15,3919R_GLUT1647_WGA594_0001.nd2,3919,M,R,11.1,Homo,Experimental,30,True,8.263008514664143,False,6.8999999999999995,3101.8259224219496,117.28981393882054,697.2125512456639,17.25764742983286,758.3147272153894,13.113213497319459,62.84326710816777,29.8962472406181,1829.6988331756543,1477.8773257647429,0.034346235549101815,0.020229180541184617
209,0.15,3919R_GLUT1647_WGA594_0001.nd2,3919,M,R,11.1,Homo,Experimental,30,False,7.444137931034483,False,3.9,2316.4620689655176,127.57820689655172,1086.3517241379311,86.4935172413793,930.1765517241379,26.05655172413793,148.5575172413793,63.448,2131.127724137931,1793.336551724138,0.06970840628591266,0.03537986215638121
210,0.15,3919R_GLUT1647_WGA594_0001.nd2,3919,M,R,11.1,Homo,Experimental,30,False,7.98868258178603,False,3.75,1452.2194518125552,95.99628647214854,606.2585322723254,70.49938107869143,532.9244916003537,11.977011494252874,128.15066312997345,35.59717064544651,1175.6885941644562,1196.474801061008,0.10900051575395962,0.029751709450027454
211,0.15,3919R_GLUT1647_WGA594_0001.nd2,3919,M,R,11.1,Homo,Experimental,30,False,6.879032258064516,False,5.85,2768.2786738351256,675.2458183990441,614.4017323775388,123.80436081242533,962.5827359617681,28.061827956989244,444.7625448028674,84.08124253285546,1572.8189964157707,1745.2992831541221,0.282780501644765,0.0481758305549195
212,0.15,3919R_GLUT1647_WGA594_0001.nd2,3919,M,R,11.1,Homo,Experimental,30,False,7.536952256376717,False,6.75,3053.083060824068,830.1896664486592,546.8273381294964,232.50752125572268,1043.4578155657293,44.41857423152387,751.5219097449315,100.32504905166775,1594.6769130150426,1813.3309352517986,0.471269072507004,0.05532638698282431
213,0.15,3919R_GLUT1647_WGA594_0001.nd2,3919,M,R,11.1,Homo,Experimental,30,True,8.313151474828121,False,8.1,4831.414504324684,337.9427811044578,762.531825238412,67.6569084054114,432.49323575072077,10.742958527389666,237.44111776447104,37.85850521179862,2332.7944111776446,1179.336438234642,0.10178398774738391,0.032101530983363255
214,0.15,3919R_GLUT1647_WGA594_0001.nd2,3919,M,R,11.1,Homo,Experimental,30,False,6.761953904368765,False,6.45,6528.416752665979,339.1479188166495,1122.1628826969384,119.91812865497076,1022.8837289301686,32.702786377708975,263.2421740626075,103.74131406948743,3265.1174750601995,2064.7552459580324,0.08062257363580894,0.05024387964267027
215,0.15,3919R_GLUT1647_WGA594_0001.nd2,3919,M,R,11.1,Homo,Experimental,30,False,6.5442073170731705,False,5.7,2186.9690040650407,399.0884146341464,516.0243902439024,282.7693089430894,968.667174796748,39.2505081300813,490.0630081300813,104.64024390243904,1129.3079268292684,1849.6326219512198,0.43394985237199196,0.056573528527006436
216,0.15,3919R_GLUT1647_WGA594_0001.nd2,3919,M,R,11.1,Homo,Experimental,30,False,7.712926692781197,False,6.0,2677.5886961387805,859.6306659205372,357.3995523223279,379.7655288192501,1151.1757134862899,47.67039731393397,787.2361499720201,143.3777280358142,914.8393956351425,2173.1527700055963,0.8605184185640238,0.06597682869550169
217,0.15,3919R_GLUT1647_WGA594_0001.nd2,3919,M,R,11.1,Homo,Experimental,30,True,11.264261744966444,False,3.15,1560.6107382550335,128.18372483221478,556.0125838926175,94.91673657718121,1046.621015100671,30.434773489932883,169.53942953020132,78.09605704697987,1147.0079697986578,1956.3668204697985,0.1478101582502184,0.03991892329692343
218,0.15,3919R_GLUT1647_WGA594_0001.nd2,3919,M,R,11.1,Homo,Experimental,30,False,7.929903668784587,False,6.8999999999999995,6747.378356220537,454.78766140602585,1118.9368723098996,185.05656896905103,921.9319532691125,23.865136298421806,406.5458085673294,57.56179544988727,3396.7876614060256,1736.0862881738062,0.11968537603526525,0.03315606824499298
219,0.15,3919R_GLUT1647_WGA594_0001.nd2,3919,M,R,11.1,Homo,Experimental,30,False,7.215551410585218,False,7.199999999999999,6253.8796922359525,460.65761249708555,1025.1630916297504,201.77080904639774,871.3203543949638,26.758335276288182,449.0880158545116,72.58078806248542,2912.8443693168574,1702.0595709955703,0.15417508075099637,0.04264291879045773
220,0.15,3919R_GLUT1647_WGA594_0001.nd2,3919,M,R,11.1,Homo,Experimental,30,False,7.535808243203742,False,3.75,2428.5472084185913,121.8626132709734,1197.168371821105,74.80298158433207,975.5393159894767,27.083601286173636,132.4118678748904,67.31686641332945,2400.4995615317157,1827.0543700672317,0.05516012999827451,0.03684447902382474
221,0.15,3919R_GLUT1647_WGA594_0001.nd2,3919,M,R,11.1,Homo,Experimental,30,False,6.1295418641390205,False,2.6999999999999997,1987.1857819905213,420.3143759873617,643.340916271722,100.49194312796207,1215.0110584518166,102.84960505529226,372.1778830963665,300.80157977883096,1661.309636650869,2360.443917851501,0.22402680083567178,0.12743432601975288
222,0.15,3919R_GLUT1647_WGA594_0001.nd2,3919,M,R,11.1,Homo,Experimental,30,False,6.730488888888889,False,3.75,3592.9237333333335,373.2273777777778,950.7959111111111,203.87804444444444,1068.8103111111109,124.69297777777777,482.2291555555555,179.9393777777778,2872.4417777777776,2103.814933333333,0.16788126369914624,0.08553004112993802
223,0.15,3919R_GLUT1647_WGA594_0001.nd2,3919,M,R,11.1,Homo,Experimental,30,False,5.883299798792756,False,3.4499999999999997,1915.6713615023473,1016.9865861837693,535.5050301810866,345.4600938967136,649.5134138162307,107.85278336686787,1081.5861837692823,302.9909456740443,1617.2498323272973,1286.3232729711603,0.6687811382937847,0.23554805548545607
224,0.15,3919R_GLUT1647_WGA594_0001.nd2,3919,M,R,11.1,Homo,Experimental,30,False,7.268765133171913,False,6.0,3039.354317998386,885.6023675006726,525.4748453053537,320.7277374226527,1121.3112725316116,42.185095507129404,838.138821630347,114.80010761366692,1377.5870325531341,2034.28921172989,0.6084107949804033,0.05643254014803767
225,0.15,3919R_GLUT1647_WGA594_0001.nd2,3919,M,R,11.1,Homo,Experimental,30,True,8.693830419003628,False,6.6,4383.543385021445,723.6413724843285,1008.4853183767733,707.970966677664,719.4031672715275,24.387660838007257,1066.0098977235236,67.6862421643022,2280.989772352359,1609.0936984493567,0.4673453211603661,0.042064823340946356
226,0.15,3919R_GLUT1647_WGA594_0001.nd2,3919,M,R,11.1,Homo,Experimental,30,False,7.9620211360634086,False,4.8,2282.7357992073976,312.8243064729194,734.6433289299868,484.1245046235139,1104.7764200792603,40.38738441215324,670.3414795244387,90.37780713342141,1531.9887714663146,1953.4732496697488,0.4375629195263839,0.046265187992054944
227,0.15,3919R_GLUT1647_WGA594_0001.nd2,3919,M,R,11.1,Homo,Experimental,30,False,6.804588607594937,False,3.0,1847.7555379746834,81.04272151898735,1475.0806962025315,32.96518987341772,791.068829113924,24.666139240506332,75.5767405063291,63.097310126582286,2513.6400316455697,1600.26503164557,0.030066652167714057,0.039429287573508144
228,0.15,3919R_GLUT1647_WGA594_0001.nd2,3919,M,R,11.1,Homo,Experimental,30,False,6.383086515978176,False,3.0,2679.7755261106786,423.9914263445051,781.4571317225253,326.9228371005456,1435.8787996882306,38.343725643024165,687.0931410756041,102.16484801247077,2134.776305533905,2762.335151987529,0.3218572078463101,0.036984957433192744
229,0.15,3919R_GLUT1647_WGA594_0001.nd2,3919,M,R,11.1,Homo,Experimental,30,False,5.551810054228345,False,3.5999999999999996,3050.6239190971714,448.4609409350726,811.1470027846988,212.98285211783673,1071.490546680346,145.30587718012606,559.7018906639308,211.08823098343834,2446.296204015829,2039.5811226733108,0.22879563388322588,0.103495874048276
230,0.15,3919R_GLUT1647_WGA594_0001.nd2,3919,M,R,11.1,Homo,Experimental,30,False,5.065759637188209,False,2.85,2085.0266439909296,315.624716553288,844.6292517006802,321.7171201814059,801.731292517007,30.051020408163268,596.3492063492063,79.13321995464854,2093.2800453514737,1724.5714285714284,0.2848874462227417,0.045885730590004954
231,0.15,3919R_GLUT1647_WGA594_0001.nd2,3919,M,R,11.1,Homo,Experimental,30,False,6.751032669921141,False,2.6999999999999997,1576.9463011641005,765.9793466015773,571.4611340593316,237.35110777318815,600.941794968081,152.40893728877205,770.7251220428088,463.45137063462266,1631.8317686819378,1258.0600826135935,0.4723067272218499,0.3683857210315521
232,0.15,3919R_GLUT1647_WGA594_0001.nd2,3919,M,R,11.1,Homo,Experimental,30,False,6.526083112290009,False,3.5999999999999996,1881.845269672856,327.816091954023,1198.8337754199824,168.79575596816977,748.105216622458,29.446507515473034,396.5729442970822,88.60123784261715,2200.5419982316535,1401.1900972590627,0.18021603069415015,0.06323284614695353
233,0.15,3919R_GLUT1647_WGA594_0001.nd2,3919,M,R,11.1,Homo,Experimental,30,False,5.677486910994764,False,4.95,3635.8230366492144,290.248167539267,1231.9528795811518,476.8293193717277,750.5612565445027,46.74450261780105,702.6219895287958,64.92251308900524,2881.9047120418845,1380.6366492146599,0.2438047262954002,0.047023605469212165
234,0.15,3919R_GLUT1647_WGA594_0001.nd2,3919,M,R,11.1,Homo,Experimental,30,False,7.132618362542506,False,4.35,4344.802249542245,569.74993460633,1125.7685064085795,749.7331938268376,1074.7957101752552,84.96521056761705,1165.7781846717235,155.82866858488097,2914.621239863981,2262.5022233847762,0.39997587635988263,0.0688744819670304
235,0.15,3919R_GLUT1647_WGA594_0001.nd2,3919,M,R,11.1,Homo,Experimental,30,False,6.283574760618708,False,3.0,1863.8055487355757,860.4839184876013,649.8242082003437,441.4284311318438,760.2835747606186,115.80407561993616,1096.717161797201,320.9992634421802,1726.2609869874784,1547.6523447090594,0.6353136461196965,0.2074104462410932
236,0.15,3919R_GLUT1647_WGA594_0001.nd2,3919,M,R,11.1,Homo,Experimental,30,False,7.5371134020618555,False,4.95,3070.4623711340205,723.9757731958762,765.240206185567,272.3407216494845,1122.189175257732,55.38762886597938,751.2175257731958,139.52525773195876,1902.6984536082473,2241.0690721649485,0.3948169108712937,0.06225834779700594
237,0.15,3919R_GLUT1647_WGA594_0001.nd2,3919,M,R,11.1,Homo,Experimental,30,False,5.520544835414302,False,5.1,3497.9337116912598,264.42905788876277,1006.2742338251986,335.0753688989784,884.3986379114642,49.23087400681045,534.5021566401816,68.18183881952326,2600.2517593643583,1665.7589103291714,0.20555784827959994,0.04093139673258588
238,0.15,3919R_GLUT1647_WGA594_0001.nd2,3919,M,R,11.1,Homo,Experimental,30,True,9.157756354075373,False,6.6,4973.282792871751,822.7408705813614,1230.1565877884896,827.8740870581362,762.4878761320479,27.415425065731817,1214.0987437919953,77.09406952965236,2746.7309377738825,1692.7434998539293,0.4420158986434888,0.04554385796566638
239,0.15,3919R_GLUT1647_WGA594_0001.nd2,3919,M,R,11.1,Homo,Experimental,30,False,8.121351766513056,False,4.2,1897.7142857142856,243.49400921658986,663.7786482334868,232.2858678955453,937.8729646697388,32.71536098310292,354.3566820276498,93.51597542242703,1317.3079877112139,1804.1933947772657,0.26900063260326446,0.05183256722540652
240,0.15,3919R_GLUT1647_WGA594_0001.nd2,3919,M,R,11.1,Homo,Experimental,30,False,6.729002896152255,False,5.55,3166.9695904013242,991.9393876706661,662.8599503516757,298.0608191973521,1032.1694249069096,45.754861398427806,850.653702937526,126.55792304509723,1652.3336781133637,2013.7600330988826,0.51481956350899,0.06284657603932235
241,0.15,3919R_GLUT1647_WGA594_0001.nd2,3919,M,R,11.1,Homo,Experimental,30,False,7.069831631244825,False,4.8,2190.110681755451,456.0013800717637,470.7836047474469,229.26166160640352,1109.97184653602,51.99365166988684,493.7565553408777,134.57604195418162,1148.0518906983164,2053.162296439415,0.4300820889206884,0.06554573994835322
242,0.15,3919R_GLUT1647_WGA594_0001.nd2,3919,M,R,11.1,Homo,Experimental,30,False,5.858677080790822,False,3.3,2125.5494264095682,295.6824505735904,627.8418354893824,179.95582133268246,1107.8391505979985,47.55918965096413,422.95142787405416,88.25433243836952,1822.96265560166,1921.4203075421042,0.23201321572572814,0.04593182037888688
243,0.15,3919R_GLUT1647_WGA594_0001.nd2,3919,M,R,11.1,Homo,Experimental,30,False,6.395889186773905,False,4.5,2109.8668453976766,543.4110813226096,388.42001787310096,427.64789991063446,924.2113494191243,89.13092046470062,726.1630920464701,222.766309204647,1009.9235924932976,1777.4611260053618,0.7190277536280937,0.12532837199387223
244,0.15,3919R_GLUT1647_WGA594_0001.nd2,3919,M,R,11.1,Homo,Experimental,30,False,6.981352718078382,False,2.55,1079.9405815423515,90.61472819216182,597.6615044247787,141.64317319848294,427.3539823008849,15.99336283185841,208.32522123893804,52.51485461441213,1205.5872313527182,1077.2841340075852,0.17279979069219953,0.048747450144886635
245,0.15,3919R_GLUT1647_WGA594_0001.nd2,3919,M,R,11.1,Homo,Experimental,30,False,6.974246575342466,False,3.3,1404.5520547945205,202.16273972602738,587.4917808219178,171.20876712328763,896.8635616438356,30.301369863013697,287.7460273972603,97.0676712328767,1181.4016438356164,1616.9509589041097,0.24356325293660935,0.06003130193797864
246,0.15,3919R_GLUT1647_WGA594_0001.nd2,3919,M,R,11.1,Homo,Experimental,30,False,7.626311372219891,False,4.95,3210.366974402014,779.7085606378515,745.9315988250105,258.5461603021402,1137.0442719261434,56.292698279479644,753.6172891313471,149.47817876626104,1923.4242551405791,2271.4569869911875,0.3918102244563131,0.06580717998286312
247,0.15,3919R_GLUT1647_WGA594_0001.nd2,3919,M,R,11.1,Homo,Experimental,30,False,6.887270765911542,False,3.0,1805.629180151025,403.64023732470326,667.1841963322546,396.1154261057174,1160.7880258899677,65.85248112189859,632.8166127292341,232.7915318230852,1388.2381337648328,2245.363268608414,0.4558415428432778,0.10367655651878552
248,0.15,3919R_GLUT1647_WGA594_0001.nd2,3919,M,R,11.1,Homo,Experimental,30,False,7.2896028558679165,False,4.6499999999999995,2023.4502454261492,210.03257474341814,542.6595269968765,91.6537260151718,1096.3556448014278,62.722891566265055,154.62293618920123,152.71039714413206,1090.8259705488622,2019.1521642124053,0.14174849184366306,0.07563095038144318
249,0.15,3919R_GLUT1647_WGA594_0001.nd2,3919,M,R,11.1,Homo,Experimental,30,False,4.457197059520986,False,7.5,1796.7275314204412,911.837799383448,326.2245672278871,220.86910125681766,571.5207493478777,22.171211761916055,731.1342186388428,89.457197059521,806.8747925065212,1255.07967749585,0.9061309455059394,0.0712761099263491
250,0.15,3919R_GLUT1647_WGA594_0001.nd2,3919,M,R,11.1,Homo,Experimental,30,True,8.567156740593072,False,4.2,2014.190630451034,236.672564166459,733.9202591577374,182.70122103164715,1011.313231996013,40.545477199102926,297.7807126837777,108.00199352105658,1452.937204086718,1905.3643159730875,0.2049508484235942,0.05668311966150103
251,0.15,3919R_GLUT1647_WGA594_0001.nd2,3919,M,R,11.1,Homo,Experimental,30,False,6.843381609969687,False,3.5999999999999996,3844.5991916470193,313.77635567531155,1917.7854496463456,207.48366453351298,1296.1118221623442,89.23779050185249,334.8935668575278,231.74738969349946,3850.7790501852473,2604.832940383968,0.0869677440572492,0.08896823519873735
252,0.15,3919R_GLUT1647_WGA594_0001.nd2,3919,M,R,11.1,Homo,Experimental,30,False,6.138127090301003,False,6.6,3007.8692307692304,657.3829431438128,377.87959866220734,468.48060200668897,948.4371237458195,34.29531772575251,801.224414715719,94.07692307692308,917.5364548494983,1908.3999999999999,0.8732344208025415,0.049296228818341586
253,0.15,3919R_GLUT1647_WGA594_0001.nd2,3919,M,R,11.1,Homo,Experimental,30,False,6.613644930267622,False,3.4499999999999997,1843.3249151903508,407.6969468526196,389.09875612514134,213.48888051262722,1348.1775348661893,210.2819449679608,392.1051639653223,402.1168488503581,945.5620052770449,2449.0655861289106,0.41467948349980227,0.16419194778934434
254,0.15,3919R_GLUT1647_WGA594_0001.nd2,3919,M,R,11.1,Homo,Experimental,30,False,6.593364928909953,False,,,,961.9417061611375,76.16113744075828,,,123.59194312796208,,2024.8042654028436,,0.06103895830314884,
255,0.15,3919R_GLUT1647_WGA594_0001.nd2,3919,M,R,11.1,Homo,Experimental,30,False,6.385654885654886,False,3.4499999999999997,1725.7619542619543,481.2723492723492,369.8222453222453,255.6351351351351,1372.5384615384617,302.90852390852393,465.1621621621622,533.6299376299377,905.1476091476093,2401.516632016632,0.5139075190180441,0.22220538909273813
256,0.15,3919R_GLUT1647_WGA594_0001.nd2,3919,M,R,11.1,Homo,Experimental,30,False,6.893219434063001,False,5.25,2985.0373731980776,492.8902829684997,623.1081153230112,131.06994127068873,1151.7383876134543,49.0603310197544,427.6620395088093,105.33956219967966,1693.0953016550989,2183.0056059797116,0.25259182934991603,0.04825437090547658
257,0.15,3919R_GLUT1647_WGA594_0001.nd2,3919,M,R,11.1,Homo,Experimental,30,False,6.852911477616964,False,6.0,3331.5708515651295,892.8815213732751,556.7280376977449,210.81891618983508,1182.629081117469,56.94749242679233,686.0703466846181,185.6529787950185,1567.0222147425109,2249.981487714574,0.4378178817314032,0.08251311391170427
258,0.15,3919R_GLUT1647_WGA594_0001.nd2,3919,M,R,11.1,Homo,Experimental,30,False,6.063740228502706,False,5.55,3877.7251954299463,462.720986169573,733.9891761876128,159.34155141310885,1264.4594107035477,41.96091401082381,441.08959711365,103.44978953698137,2076.016837041491,2383.472038484666,0.21246918100252116,0.043402980134288206
259,0.15,3919R_GLUT1647_WGA594_0001.nd2,3919,M,R,11.1,Homo,Experimental,30,False,6.9345707656612525,False,3.15,2328.011600928074,304.54408352668213,618.5457076566125,135.83294663573085,1234.5976798143852,174.79489559164733,276.6037122969837,324.6925754060325,1586.4276102088165,2487.5375870069606,0.17435634031897315,0.13052770623526821
260,0.15,3919R_GLUT1647_WGA594_0001.nd2,3919,M,R,11.1,Homo,Experimental,30,False,5.661581137309293,False,2.25,2390.891816920943,79.69764216366158,1696.3009708737866,280.50762829403607,1749.5977808599166,24.011095700416085,345.7045769764216,60.43689320388351,3280.7434119278782,3246.944521497919,0.10537385390138561,0.018613466538689748
261,0.15,3919R_GLUT1647_WGA594_0001.nd2,3919,M,R,11.1,Homo,Experimental,30,False,7.1720507298396745,False,6.0,3473.4618329743957,952.7836803062933,542.4501076812635,219.73247188322566,1156.0495333811916,53.4618329743958,737.1765972720746,185.6463268724575,1590.2890643694661,2260.73151471644,0.4635488061815716,0.08211781260356467
262,0.15,3919R_GLUT1647_WGA594_0001.nd2,3919,M,R,11.1,Homo,Experimental,30,True,10.661438408569243,False,4.5,2164.3530986993114,386.84774292272374,789.7127008416221,205.92081101759754,1137.9827850038257,59.049349655700084,403.0585309869931,162.33741392501912,1512.9498852333588,2102.3967100229534,0.26640573816813834,0.07721540523303366
263,0.15,3919R_GLUT1647_WGA594_0001.nd2,3919,M,R,11.1,Homo,Experimental,30,False,6.597163865546219,False,,,,,,729.8314075630253,226.00052521008405,,516.6228991596638,,1454.7074579831933,,0.35513868876145716
264,0.15,3919R_GLUT1647_WGA594_0001.nd2,3919,M,R,11.1,Homo,Experimental,30,True,9.185567010309278,False,5.25,3678.80117820324,1179.887334315169,888.3755522827688,384.3357879234168,1272.7695139911634,65.86082474226804,1070.10088365243,196.30706921944034,2322.61413843888,2279.778350515464,0.46073123638680963,0.08610796272148773
265,0.15,3919R_GLUT1647_WGA594_0001.nd2,3919,M,R,11.1,Homo,Experimental,30,True,10.983141557398984,False,5.85,3192.346802247792,578.8868075996788,605.2464543751672,153.47230398715547,1060.8795825528498,31.360984747123364,497.2951565426813,75.72678619213274,1705.4664169119615,2039.4134332352155,0.2915889469363573,0.037131650188262144
266,0.15,3919R_GLUT1647_WGA594_0001.nd2,3919,M,R,11.1,Homo,Experimental,30,False,6.970220941402498,False,5.85,3452.8876080691643,453.4985590778097,793.788664745437,169.80019212295872,1238.7723342939482,43.44092219020173,437.56292026897216,109.5100864553314,1899.3784822286264,2356.668587896253,0.2303716317537513,0.0464681741920652
267,0.15,3919R_GLUT1647_WGA594_0001.nd2,3919,M,R,11.1,Homo,Experimental,30,False,6.22507273208146,False,,,,,,740.6823591642423,252.67997884157631,,614.5675747156836,,1485.0462840518383,,0.41383732030148024
268,0.15,3919R_GLUT1647_WGA594_0001.nd2,3919,M,R,11.1,Homo,Experimental,30,True,10.226398408136193,False,5.85,3542.685606898076,1081.3411452575722,526.630333849215,295.69312403272164,1254.8518682290517,54.235684280344906,959.5162502763651,151.30444395312844,1620.858500994915,2295.6513376077824,0.5919802682883145,0.06590915679329488
269,0.15,3919R_GLUT1647_WGA594_0001.nd2,3919,M,R,11.1,Homo,Experimental,30,False,8.055189349877214,False,5.25,3001.5739950885363,655.3496187152643,720.8593770195166,185.70996510275302,1109.158330102107,37.10068502003361,547.963034767998,104.70828486493474,1787.6390073671964,2087.807031149024,0.30652890908608466,0.05015228098322313
270,0.15,3919R_GLUT1647_WGA594_0001.nd2,3919,M,R,11.1,Homo,Experimental,30,False,6.276160145586897,False,5.55,3747.1769790718845,460.56733393994534,701.0959963603275,149.38898999090082,1280.6251137397635,43.248862602365776,418.075068243858,101.50181983621474,1986.0991810737034,2334.453594176525,0.21050059948055705,0.04347990471492725
271,0.15,3919R_GLUT1647_WGA594_0001.nd2,3919,M,R,11.1,Homo,Experimental,30,False,6.194644023514043,False,,,,,,450.66427171783147,172.66340082734595,,331.14892227302414,,924.9690833877639,,0.35801080081527487
272,0.15,3919R_GLUT1647_WGA594_0001.nd2,3919,M,R,11.1,Homo,Experimental,30,True,9.971877584780811,False,6.1499999999999995,2964.1199338296115,387.132340777502,300.3291976840364,92.08105872622002,1063.656741108354,42.50537634408602,164.06699751861038,144.4954507857734,815.8618693134822,2065.897435897436,0.20109653813906847,0.06994318705033091
273,0.15,3919R_GLUT1647_WGA594_0001.nd2,3919,M,R,11.1,Homo,Experimental,30,False,7.332602339181286,False,5.7,3781.5712719298244,663.2043128654971,815.343567251462,189.35087719298244,1257.2792397660821,44.69919590643275,555.2481725146199,123.45650584795322,2069.816520467836,2404.3077485380118,0.26825960998181536,0.05134804640671456
274,0.15,3919R_GLUT1647_WGA594_0001.nd2,3919,M,R,11.1,Homo,Experimental,30,False,7.159834065397755,False,4.8,2919.3040507564665,623.9607125427037,736.5292825768668,227.4053196681308,1160.9436310395313,52.54441190824793,609.121522693997,153.00561249389946,1933.554904831625,2199.011713030747,0.3150267526264219,0.06957926216910519
275,0.15,3919R_GLUT1647_WGA594_0001.nd2,3919,M,R,11.1,Homo,Experimental,30,False,7.438232421875,False,4.95,3505.040283203125,1111.558349609375,866.330078125,221.887451171875,1232.450927734375,54.927734375,844.50146484375,166.483154296875,2290.09423828125,2352.94482421875,0.3687627568887999,0.07075523088483493
276,0.15,3919R_GLUT1647_WGA594_0001.nd2,3919,M,R,11.1,Homo,Experimental,30,False,7.283018867924528,False,5.3999999999999995,2851.731132075471,788.9591194968554,571.9819182389938,227.49056603773587,1030.8922955974845,44.46462264150944,730.1029874213837,137.09433962264148,1747.8333333333335,1941.6234276729558,0.417718882857662,0.07060809921672075
277,0.15,3919R_GLUT1647_WGA594_0001.nd2,3919,M,R,11.1,Homo,Experimental,30,False,7.457103637611531,False,6.3,2687.843857240906,382.25497597803707,261.5494166094715,48.911805078929305,956.3874399450926,34.905971173644474,105.70006863417983,121.74639670555938,786.7035003431708,1865.506177076184,0.13435820304355073,0.06526185664867272
278,0.15,3919R_GLUT1647_WGA594_0001.nd2,3919,M,R,11.1,Homo,Experimental,30,True,12.615548455804047,False,5.85,3204.997870074548,859.3461128860489,831.3720269790558,418.66560170394035,947.8906638267661,37.42563010294639,991.9882854100107,97.46574369897054,1942.459353922613,1871.3028044018458,0.5106867659324681,0.05208443201693649
279,0.15,3919R_GLUT1647_WGA594_0001.nd2,3919,M,R,11.1,Homo,Experimental,30,False,7.338326278085314,False,5.55,3137.0117225659396,689.1953760989906,744.3695864539238,298.2139368283947,1137.8642136112016,48.01856072940409,743.9876261803972,97.52588733311624,1976.1690003256265,1984.0696841419735,0.3764797575803514,0.04915446675719562
280,0.15,3919R_GLUT1647_WGA594_0001.nd2,3919,M,R,11.1,Homo,Experimental,30,False,6.704419222410046,False,4.95,3056.0101424776626,609.9311760444338,750.622071963294,233.93165901956047,1243.241970538517,49.0763100700314,611.8140545761894,142.91644530306687,1946.0598889157209,2352.5735329630525,0.3143860361445873,0.06074898119042615
281,0.15,3919R_GLUT1647_WGA594_0001.nd2,3919,M,R,11.1,Homo,Experimental,30,True,11.605946201038225,False,5.3999999999999995,3089.370457763096,939.2897593204342,659.8867390278433,583.5379896177442,1166.8617272298254,44.32420953279849,1249.9098631429922,116.10051911278907,1679.0108541764982,2273.586125530911,0.744432270961127,0.051064931215516696
282,0.15,3919R_GLUT1647_WGA594_0001.nd2,3919,M,R,11.1,Homo,Experimental,30,False,7.04248595505618,False,3.5999999999999996,1737.7050561797755,84.93890449438203,879.844452247191,100.70014044943822,515.9073033707865,16.678370786516854,147.8627106741573,42.07338483146067,1828.9943820224719,1061.872893258427,0.08084372053163617,0.03962186538386503
283,0.15,3919R_GLUT1647_WGA594_0001.nd2,3919,M,R,11.1,Homo,Experimental,30,False,6.526009457984721,False,,,,,,1027.8617679156057,52.09385230993089,,179.77519097853767,,2023.4747180793017,,0.08884479226366698
284,0.15,3919R_GLUT1647_WGA594_0001.nd2,3919,M,R,11.1,Homo,Experimental,30,True,10.255415944540728,False,,,,,,841.497183708839,126.59510398613519,,241.33817157712303,,1557.6520797227035,,0.15493714849344697
285,0.15,3919R_GLUT1647_WGA594_0001.nd2,3919,M,R,11.1,Homo,Experimental,30,False,6.965874233128834,False,4.95,3327.6273006134966,871.5977760736197,637.1664110429447,256.09164110429447,1266.7745398773004,55.09854294478527,833.4474693251534,147.6890337423313,2033.96740797546,2300.392254601227,0.40976441709788153,0.06420167406098888
286,0.15,3919R_GLUT1647_WGA594_0001.nd2,3919,M,R,11.1,Homo,Experimental,30,True,9.285901639344262,False,5.25,2822.9042622950824,676.135737704918,505.72393442622945,213.09180327868853,1083.5324590163934,83.95213114754098,596.3704918032788,210.67868852459017,1369.9862295081966,2171.004590163934,0.43531130383505123,0.09704202813715915
287,0.15,3919R_GLUT1647_WGA594_0001.nd2,3919,M,R,11.1,Homo,Experimental,30,False,7.08080808080808,False,5.25,2859.5179380006966,829.7652385928249,547.1222570532915,226.9327760362243,1135.4817136886104,49.88679902473005,755.5555555555557,144.292232671543,1631.9017763845352,2109.9940787182168,0.4629908285469746,0.06838513630294067
288,0.15,3919R_GLUT1647_WGA594_0001.nd2,3919,M,R,11.1,Homo,Experimental,30,False,7.267318982387476,False,4.05,2001.4050880626226,275.7099804305284,586.8399217221134,247.62661448140898,1145.2430528375735,42.41996086105675,396.4469667318982,113.00313111545988,1241.5526418786694,2100.9001956947163,0.3193154710959416,0.053787957822571626
289,0.15,3919R_GLUT1647_WGA594_0001.nd2,3919,M,R,11.1,Homo,Experimental,30,False,6.6942397856664435,False,4.8,2522.5555927662426,433.979906229069,610.3988613529806,290.36470194239786,1102.0341594105826,41.07870060281312,537.1028131279303,110.12290689886133,1363.606162089752,2181.5354989953116,0.39388411996086187,0.05047953927386354
290,0.15,3919R_GLUT1647_WGA594_0001.nd2,3919,M,R,11.1,Homo,Experimental,30,False,6.576414401175606,False,4.2,2596.067964731815,815.2020573108009,689.3295371050698,223.90521675238796,1245.2387950036737,70.09147685525349,724.8229243203527,222.99853049228508,1730.2814107274064,2357.3556208670097,0.4189046474328351,0.09459689854103076
291,0.15,3919R_GLUT1647_WGA594_0001.nd2,3919,M,R,11.1,Homo,Experimental,30,False,7.407454603376872,False,5.1,3540.874800892004,908.2029308697037,867.0098757566104,251.8079006052883,1231.852182223638,53.317617075501744,705.1178719337368,174.02580439630455,2302.0780503345013,2326.720611659765,0.30629624909167624,0.07479445685236928
292,0.15,3919R_GLUT1647_WGA594_0001.nd2,3919,M,R,11.1,Homo,Experimental,30,False,6.9874826147426985,False,3.0,1378.3424895688454,134.3960361613352,771.1022253129346,158.54276773296243,845.519471488178,26.47287899860918,241.730528511822,77.68115438108484,1460.2322670375522,1534.7319193324063,0.16554251948029683,0.05061545498765374
293,0.15,3919R_GLUT1647_WGA594_0001.nd2,3919,M,R,11.1,Homo,Experimental,30,False,6.769604316546762,False,,,,,,1216.5276978417266,70.57230215827339,,214.8178057553957,,2349.605395683453,,0.09142718439021524
294,0.15,3919R_GLUT1647_WGA594_0001.nd2,3919,M,R,11.1,Homo,Experimental,30,False,6.47145421903052,False,,,,,,712.2251346499104,355.2689407540395,,594.4032315978455,,1303.4933572710952,,0.4560078716797204
295,0.15,3919R_GLUT1647_WGA594_0001.nd2,3919,M,R,11.1,Homo,Experimental,30,False,7.042594385285576,False,6.1499999999999995,3331.656534365925,1249.4749273959342,630.6575024201355,293.1961277831559,887.1723136495643,34.97115198451113,966.6795740561472,108.58141335914812,1691.155082284608,1616.9204259438527,0.5716090642321487,0.06715322016899215
296,0.15,3919R_GLUT1647_WGA594_0001.nd2,3919,M,R,11.1,Homo,Experimental,30,False,7.213161659513591,False,,,,,,1295.06008583691,53.321888412017174,,125.74592274678112,,2454.359084406294,,0.051233710480957956
297,0.15,3919R_GLUT1647_WGA594_0001.nd2,3919,M,R,11.1,Homo,Experimental,30,False,7.831642358909321,False,6.3,3629.4120164870005,989.6295180722892,653.9960367786938,233.1650285351934,954.0573874445149,29.524889029803422,833.4338934686114,72.69514901712112,1870.8387761572606,1788.782181357007,0.4454867539043107,0.04063946397429624
298,0.15,3919R_GLUT1647_WGA594_0001.nd2,3919,M,R,11.1,Homo,Experimental,30,True,12.085496183206107,False,5.3999999999999995,3434.7201017811703,961.5404580152671,950.6783715012723,315.3979643765903,1127.534351145038,39.75368956743002,900.827989821883,92.71297709923664,2505.833078880407,2068.652417302799,0.359492416878928,0.04481805465420814
299,0.15,3919R_GLUT1647_WGA594_0001.nd2,3919,M,R,11.1,Homo,Experimental,30,False,6.872761293771719,False,4.05,1920.5196471531674,327.7372360331462,332.82491312483296,138.40336808340018,1235.3961507618285,68.59288960171078,243.66880513231754,212.36193531141407,786.6762897620956,2329.144346431435,0.30974469207150906,0.09117594434916897
300,0.15,3919R_GLUT1647_WGA594_0001.nd2,3919,M,R,11.1,Homo,Experimental,30,False,7.098993288590604,False,3.15,1129.5243288590607,475.88003355704694,345.60989932885906,312.59144295302013,529.859899328859,157.01174496644296,630.0746644295301,303.15604026845637,929.508389261745,1029.6208053691275,0.6778579641760545,0.2944346488412037
301,0.15,3919R_GLUT1647_WGA594_0001.nd2,3919,M,R,11.1,Homo,Experimental,30,False,7.02940580004056,False,2.85,1692.3778138308658,568.2824984790103,643.0075035489758,208.94139119853986,767.2697221658893,160.97302778341108,606.3133238693977,352.54512269316564,1688.6767389981746,1479.2157777327116,0.35904641182485847,0.23833245155993
302,0.15,3919R_GLUT1647_WGA594_0001.nd2,3919,M,R,11.1,Homo,Experimental,30,True,11.2473209249859,False,5.25,3588.327129159617,1191.3970671178793,910.8683023124648,341.9892836999436,1133.2233502538072,44.984207557811615,1062.5166384658771,118.9692611393119,2530.3017484489565,2093.5428652002256,0.4199169680522043,0.05682676152319132
303,0.15,3919R_GLUT1647_WGA594_0001.nd2,3919,M,R,11.1,Homo,Experimental,30,True,8.44357272178636,False,4.5,2317.4133977066995,791.3548581774289,412.8996177831422,509.29853148259906,1151.3890565278616,71.78957956145645,892.363709515188,234.7539730436532,1045.0380205190102,2203.4427680547174,0.8539054962536219,0.10653962809794369
304,0.15,3919R_GLUT1647_WGA594_0001.nd2,3919,M,R,11.1,Homo,Experimental,30,False,6.419058553386912,False,4.6499999999999995,2015.5591274397243,308.955223880597,257.97588978185996,105.11251435132033,1161.5752009184844,45.11481056257176,205.052812858783,137.53157290470728,651.4374282433985,2201.2663605051666,0.3147697752210954,0.062478387610096074
305,0.15,3919R_GLUT1647_WGA594_0001.nd2,3919,M,R,11.1,Homo,Experimental,30,False,7.371216617210682,False,4.6499999999999995,2292.3296735905046,510.66528189910974,325.23827893175076,257.79080118694367,1276.593768545994,80.52136498516322,477.839465875371,247.99406528189908,848.8863501483679,2429.7154302670624,0.5629015778046784,0.10206712366091399
306,0.15,3919R_GLUT1647_WGA594_0001.nd2,3919,M,R,11.1,Homo,Experimental,30,False,6.815426997245179,False,4.35,1670.280991735537,508.4531680440771,400.82920110192833,487.91322314049586,1096.0915977961433,52.216942148760324,811.8980716253443,157.03030303030303,893.9001377410469,1937.2341597796144,0.9082648467613753,0.08105902027257628
307,0.15,3919R_GLUT1647_WGA594_0001.nd2,3919,M,R,11.1,Homo,Experimental,30,True,9.144608456342256,False,4.35,2285.6875156367273,497.33675256442336,437.06780085063804,473.2179134350763,1315.865148861646,60.725794345759326,755.3412559419565,171.12184138103578,1053.5806855141357,2458.966224668502,0.7169277743292707,0.06959096862101269
308,0.15,3919R_GLUT1647_WGA594_0001.nd2,3919,M,R,11.1,Homo,Experimental,30,True,12.26242650988776,False,6.3,2192.745056119722,1052.865312667023,508.8262960983431,171.06306787814003,769.3757349011224,18.484767504008552,740.0053447354355,47.46819882415821,1354.5809727418493,1340.6397648316408,0.5462983458549309,0.035407124321811624
309,0.15,3919R_GLUT1647_WGA594_0001.nd2,3919,M,R,11.1,Homo,Experimental,30,False,7.148688915375447,False,3.4499999999999997,1653.7890345649582,92.59862932061978,747.1632896305126,128.28784266984505,919.3384982121573,21.615911799761623,184.90584028605483,47.85429082240763,1410.6418355184744,1754.150178784267,0.13107922622902615,0.027280612231031193
310,0.15,3919R_GLUT1647_WGA594_0001.nd2,3919,M,R,11.1,Homo,Experimental,30,False,6.714823175319789,False,6.45,2878.9194883370956,564.4582392776525,769.0105342362679,168.55831452219715,815.9465763732129,25.60195635816403,579.227238525207,56.50489089541008,2089.4492099322797,1451.088788562829,0.2772152755720634,0.038939650930232196
311,0.15,3919R_GLUT1647_WGA594_0001.nd2,3919,M,R,11.1,Homo,Experimental,30,False,6.996864384635485,False,5.1,2383.2759341520778,800.251371831722,410.84949046250324,482.51476352234124,1097.7786778155214,41.61222889992161,961.5868826757251,118.10608831983278,1082.9574078912988,2046.014632871701,0.8879267787161614,0.057724948014699184
312,0.15,3919R_GLUT1647_WGA594_0001.nd2,3919,M,R,11.1,Homo,Experimental,30,False,6.624504361617763,False,4.05,1808.2470261697067,497.6233148295004,453.1958762886598,531.4857256145916,1140.8314829500396,66.72323552735924,830.4643140364789,188.15900079302142,1011.043219666931,2040.7260111022997,0.8213934853448298,0.09220199074710043
313,0.15,3919R_GLUT1647_WGA594_0001.nd2,3919,M,R,11.1,Homo,Experimental,30,False,6.88218151540383,False,6.6,3063.4025811823485,513.3547044129891,578.9034138218152,111.65278934221482,810.0278934221482,26.493755203996667,459.4071606994171,65.63863447127395,1873.9800166527891,1511.4325562031643,0.24515051207428964,0.04342809356718059
315,0.15,3919R_GLUT1647_WGA594_0001.nd2,3919,M,R,11.1,Homo,Experimental,30,False,6.9520353423792995,False,3.4499999999999997,1659.2379299463553,144.4771221205428,870.2410855159355,195.64657620700535,926.1880719469865,27.33417481855475,283.1969075418113,69.05206689807511,1609.6058693594196,1693.105080467024,0.17594177117067555,0.04078427718085157
316,0.15,3919R_GLUT1647_WGA594_0001.nd2,3919,M,R,11.1,Homo,Experimental,30,False,7.550817757009346,False,3.75,1833.1991822429904,453.2307242990654,752.1620911214953,399.701226635514,969.4129672897197,46.73598130841122,709.0619158878504,127.10747663551402,1452.4135514018694,1824.2946845794393,0.48819560737605616,0.06967485993898871
318,0.15,3919R_GLUT1647_WGA594_0001.nd2,3919,M,R,11.1,Homo,Experimental,30,True,9.418098510882016,False,5.55,4495.230813287514,717.8482245131729,1924.3018327605957,498.20389461626576,933.1758304696448,24.237686139747996,939.9026345933561,62.513745704467354,4099.330469644903,1733.5916380297822,0.22928198679107065,0.03606024875357261
319,0.15,3919R_GLUT1647_WGA594_0001.nd2,3919,M,R,11.1,Homo,Experimental,30,True,12.954454454454455,False,4.05,2045.6411411411414,478.3248248248249,587.7142142142142,468.4994994994995,1087.9594594594596,65.22022022022021,722.1761761761762,188.52902902902903,1226.976976976977,2080.573823823824,0.5885816846828472,0.0906139579717182
320,0.15,3919R_GLUT1647_WGA594_0001.nd2,3919,M,R,11.1,Homo,Experimental,30,True,8.473922902494332,False,4.2,2083.173091458806,497.74452003023424,645.3786848072561,464.13378684807253,1055.9266817838245,58.648526077097515,736.2260015117158,153.4829931972789,1331.8881330309903,1954.0710506424791,0.5527686471958267,0.07854524693296859
321,0.15,3919R_GLUT1647_WGA594_0001.nd2,3919,M,R,11.1,Homo,Experimental,30,False,6.822018348623853,False,4.2,1356.3027522935781,69.8348623853211,422.8091743119266,104.00091743119265,844.0045871559633,18.32201834862385,138.2697247706422,40.47339449541284,837.865137614679,1531.8816513761467,0.16502622983489051,0.02642070584176922
322,0.15,3919R_GLUT1647_WGA594_0001.nd2,3919,M,R,11.1,Homo,Experimental,30,False,7.608476821192053,False,3.15,1567.5801324503311,342.49509933774834,682.7724503311259,304.6405298013245,942.2333774834437,41.82543046357616,534.7472847682119,139.91205298013244,1320.066225165563,1816.3774834437083,0.4050912557066171,0.07702807057202131
323,0.15,3919R_GLUT1647_WGA594_0001.nd2,3919,M,R,11.1,Homo,Experimental,30,True,9.473776994270604,False,6.45,3222.4618774790656,573.1260467166152,640.3190832966064,102.14896430145438,872.251652710445,30.248126928162183,360.71132657558394,123.51167915381225,1838.7457029528425,1688.1132657558394,0.19617249193094916,0.07316551659139464
324,0.15,3919R_GLUT1647_WGA594_0001.nd2,3919,M,R,11.1,Homo,Experimental,30,True,8.890658174097664,False,6.6,3123.1730360934184,402.26114649681523,694.1411889596602,107.97452229299363,910.9044585987261,27.234607218683653,352.55838641188956,89.15392781316348,1873.3503184713375,1700.1093418259027,0.18819672056830183,0.0524401140678475
325,0.15,3919R_GLUT1647_WGA594_0001.nd2,3919,M,R,11.1,Homo,Experimental,30,False,6.393103448275862,False,6.0,2411.70316091954,403.17356321839077,604.2974137931035,125.61609195402299,815.182183908046,20.270114942528735,358.8882183908046,60.39913793103449,1424.3502873563218,1503.2402298850575,0.2519662624963711,0.040179298511491275
326,0.15,3919R_GLUT1647_WGA594_0001.nd2,3919,M,R,11.1,Homo,Experimental,30,False,7.297413793103448,False,4.05,1770.9767241379313,264.7342672413793,642.1859913793104,197.19439655172414,946.0021551724138,48.69806034482759,333.3924568965517,117.14331896551724,1302.1073275862075,1706.921551724138,0.2560406886846884,0.06862841402827938
327,0.15,3919R_GLUT1647_WGA594_0001.nd2,3919,M,R,11.1,Homo,Experimental,30,False,7.7817891373801915,False,6.0,3591.5632587859427,504.00255591054304,1027.8361022364218,198.1923322683706,938.417571884984,19.072843450479233,548.5210862619808,52.36485623003195,2700.8460063897764,1769.1124600638977,0.2030923218000087,0.0295995067651836
328,0.15,3919R_GLUT1647_WGA594_0001.nd2,3919,M,R,11.1,Homo,Experimental,30,False,6.448020375086825,False,5.85,3448.9881917110442,1191.8404723315584,543.0203750868257,257.43134984950217,1023.4237091919426,48.95670294049548,839.6533919888863,151.48159296133363,1389.66635795323,2097.183838851586,0.6042122176905611,0.07223095570118672
329,0.15,3919R_GLUT1647_WGA594_0001.nd2,3919,M,R,11.1,Homo,Experimental,30,False,7.652086330935251,False,5.7,2848.8123741007194,730.2992805755395,635.3208633093525,236.5139568345324,946.9061870503597,28.807194244604315,683.9792805755396,75.89237410071944,1667.0823021582735,1716.1341007194244,0.4102852508781551,0.04422286933690347
330,0.15,3919R_GLUT1647_WGA594_0001.nd2,3919,M,R,11.1,Homo,Experimental,30,True,15.030821917808218,False,6.1499999999999995,4389.251522070015,509.5357686453577,1406.683789954338,238.43683409436832,931.6925418569253,30.89535768645358,591.7092846270929,76.53310502283107,3523.793378995434,1725.2359208523594,0.1679182690319311,0.04436095034760208
331,0.15,3919R_GLUT1647_WGA594_0001.nd2,3919,M,R,11.1,Homo,Experimental,30,True,10.049339819318972,False,6.3,5640.292216817234,803.685892981237,1191.4760250173733,306.6890201528839,967.6421125781793,21.026754690757468,872.9819318971507,47.49617790132036,3486.537526059764,1768.1487143849895,0.2503865010406851,0.02686209452570896
332,0.15,3919R_GLUT1647_WGA594_0001.nd2,3919,M,R,11.1,Homo,Experimental,30,False,7.098844672657253,False,3.5999999999999996,1645.3632862644417,311.3132220795892,525.0930680359436,116.38125802310657,643.0006418485237,62.281129653401806,335.2888318356868,130.38703465982027,1461.744544287548,1179.990372272144,0.2293758051952272,0.11049838856629993
333,0.15,3919R_GLUT1647_WGA594_0001.nd2,3919,M,R,11.1,Homo,Experimental,30,False,5.874198717948718,False,5.85,2945.56891025641,233.34695512820514,1011.6842948717948,111.375,275.9975961538462,10.174679487179487,162.3413461538462,69.86298076923077,1974.2604166666665,1095.0416666666667,0.08222894243503229,0.06379938124354242
334,0.15,3919R_GLUT1647_WGA594_0001.nd2,3919,M,R,11.1,Homo,Experimental,30,False,6.562729658792651,False,5.3999999999999995,2371.642519685039,851.5889763779526,588.4619422572177,279.5727034120735,1006.6041994750656,27.172178477690288,869.8787401574803,75.25249343832022,1535.7123359580053,1780.1191601049868,0.5664333871583014,0.04227385173129759
335,0.15,3919R_GLUT1647_WGA594_0001.nd2,3919,M,R,11.1,Homo,Experimental,30,False,6.878429517502365,False,5.3999999999999995,2477.46357615894,804.3368022705771,577.7081362346263,292.96121097445604,1103.6929990539263,31.538315988647117,873.449858088931,87.64049195837276,1489.0028382213814,2011.1556291390727,0.5866005326976205,0.04357718054663405
336,0.15,3919R_GLUT1647_WGA594_0001.nd2,3919,M,R,11.1,Homo,Experimental,30,True,13.932355135538423,False,6.1499999999999995,4606.392688385974,495.79855757274305,1592.96568017906,286.29718975379257,921.8594876896295,25.89480228798806,623.1166376523254,64.11912459587167,3686.4546132802784,1708.9773688137284,0.16902870183389135,0.03751900157717091
337,0.15,3919R_GLUT1647_WGA594_0001.nd2,3919,M,R,11.1,Homo,Experimental,30,False,6.0074859638178415,False,6.1499999999999995,2552.0430442919524,361.3917654398004,608.9263880224579,112.02776044915782,813.780723643169,18.250467872738614,309.8602620087337,55.90798502807237,1457.8814722395507,1563.0358702432936,0.21254146369851062,0.035768843244378026
338,0.15,3919R_GLUT1647_WGA594_0001.nd2,3919,M,R,11.1,Homo,Experimental,30,False,5.481351161154117,False,,,,,,953.6917663617171,159.8282899366643,,304.36593947923996,,1764.2540464461647,,0.17251820399241324
339,0.15,3919R_GLUT1647_WGA594_0001.nd2,3919,M,R,11.1,Homo,Experimental,30,False,6.998176014591883,False,2.85,1058.499544003648,60.63611491108071,484.93661650706804,59.91792065663475,725.2578659370724,15.619015047879616,97.34974920200641,41.639078887368896,945.3333333333335,1366.235750113999,0.10297928335896303,0.03047722831428948
340,0.15,3919R_GLUT1647_WGA594_0001.nd2,3919,M,R,11.1,Homo,Experimental,30,True,13.69838890970401,False,4.8,2568.171974522293,1053.412514050206,675.2918696140877,411.6766579243162,1135.7523417010116,43.0494567253653,1162.8430123641815,136.19445485200447,1683.4986886474337,2102.2742600224806,0.6907299781138764,0.06478434210127658
341,0.15,3919R_GLUT1647_WGA594_0001.nd2,3919,M,R,11.1,Homo,Experimental,30,True,8.323901564212415,False,5.85,4235.631862110193,738.0549965129022,1086.8912025505629,317.2652186908439,935.8452724917804,20.78997708478629,818.9338447743348,53.408090066753005,2851.985254558135,1791.5424927767262,0.2871451889400509,0.02981123265682377
342,0.15,3919R_GLUT1647_WGA594_0001.nd2,3919,M,R,11.1,Homo,Experimental,30,False,7.256410256410256,False,3.4499999999999997,1441.4604847207588,178.01088865472425,565.7650158061117,205.0927291886196,938.0284510010538,29.352300667369164,304.1945907973306,87.01440112399017,1078.5609413417633,1737.0432033719703,0.2820374622679207,0.05009340064488708
343,0.15,3919R_GLUT1647_WGA594_0001.nd2,3919,M,R,11.1,Homo,Experimental,30,True,11.252620545073375,False,6.45,4544.264150943397,625.166142557652,1434.4475890985327,364.45911949685535,823.5545073375262,19.07599580712788,812.7552410901468,41.71488469601676,3662.627882599581,1503.1766247379458,0.22190494561333568,0.027751153130982906
344,0.15,3919R_GLUT1647_WGA594_0001.nd2,3919,M,R,11.1,Homo,Experimental,30,True,13.47640791476408,False,4.8,2654.1911719939117,1101.7089802130897,673.3330289193303,420.09558599695583,1141.4325722983258,43.10289193302892,1204.8103500761038,134.2779299847793,1702.759208523592,2109.5013698630137,0.7075635498226178,0.06365387190694216
345,0.15,3919R_GLUT1647_WGA594_0001.nd2,3919,M,R,11.1,Homo,Experimental,30,False,7.360542797494781,False,4.2,2864.300208768267,1318.7194154488516,826.3569937369521,477.94697286012524,1159.2352818371608,64.9446764091858,1373.1805845511485,207.77453027139873,2001.6680584551148,2241.4311064718163,0.6860181331019329,0.09269726366850137
346,0.15,3919R_GLUT1647_WGA594_0001.nd2,3919,M,R,11.1,Homo,Experimental,30,False,6.933173509139946,False,4.8,2756.3458195984417,837.443212466287,631.6610728198982,279.733293377285,1141.6442912795926,36.98261911896913,840.2727000299669,111.28318849265807,1580.801018879233,2197.9604435121364,0.5315486832275128,0.050630205298343715
347,0.15,3919R_GLUT1647_WGA594_0001.nd2,3919,M,R,11.1,Homo,Experimental,30,True,8.471232876712328,False,5.55,2929.1305936073063,980.0234398782344,599.5211567732115,282.75190258751906,1003.6127853881279,22.495890410958904,972.0584474885845,61.219178082191775,1797.4727549467277,1779.6885844748856,0.5407917559881978,0.034398814835492744
348,0.15,3919R_GLUT1647_WGA594_0001.nd2,3919,M,R,11.1,Homo,Experimental,30,False,7.872522159548751,False,6.0,3135.052538275584,761.3240934730056,521.1508460918615,205.61595487510073,1039.528605962933,33.88074133763094,666.4067687348913,97.71571313456889,1507.132312651088,1993.3732473811442,0.4421687221095162,0.04902027919906416
349,0.15,3919R_GLUT1647_WGA594_0001.nd2,3919,M,R,11.1,Homo,Experimental,30,True,11.957827019299499,False,6.0,3832.928520371694,569.4403145103646,1398.6826304503215,460.31879914224453,834.6454610436025,20.82844889206576,875.8999285203718,49.94210150107218,3300.9857040743386,1466.2358827734095,0.2653449626998586,0.03406143724064771
350,0.15,3919R_GLUT1647_WGA594_0001.nd2,3919,M,R,11.1,Homo,Experimental,30,True,8.444260789715335,False,5.7,2740.107438016529,632.4286501377411,566.6200183654729,205.98145087235997,825.0852157943066,19.600367309458218,644.9206611570248,52.048117539026634,1618.8543617998162,1552.5908172635447,0.39838090218320343,0.033523396480446735
351,0.15,3919R_GLUT1647_WGA594_0001.nd2,3919,M,R,11.1,Homo,Experimental,30,False,6.837912087912088,False,4.5,3016.853021978022,195.37190934065933,1286.673076923077,202.00858516483518,813.1171016483516,68.67032967032966,289.47630494505495,129.24278846153845,2493.252060439561,1700.9227335164835,0.11610390683644727,0.07598392679151406
352,0.15,3919R_GLUT1647_WGA594_0001.nd2,3919,M,R,11.1,Homo,Experimental,30,False,7.098481362172112,False,5.25,2852.6277036355273,610.1194201564656,640.4065807639208,240.91900598251266,880.8094799815922,34.74965485503912,618.9330418775886,83.45881270133455,1512.783709157846,1763.8368614818226,0.40913518444890146,0.04731662804190389
353,0.15,3919R_GLUT1647_WGA594_0001.nd2,3919,M,R,11.1,Homo,Experimental,30,False,6.910597536870914,False,3.3,1085.1693781359284,98.42329329481527,358.6778166337236,97.57320967006233,487.8978257564239,12.47012315645431,158.84461000456133,41.574273985099595,761.6232324768131,1081.8546449749126,0.20856061531631023,0.038428705906294526
354,0.15,3919R_GLUT1647_WGA594_0001.nd2,3919,M,R,11.1,Homo,Experimental,30,True,12.101439931227166,False,6.0,3747.843971631206,765.8495594240275,1058.0986460348163,442.6787019127444,873.9101654846335,20.617666021921337,1016.2753062540297,49.41650548033527,2801.4201590371804,1565.653341929938,0.36277146895498646,0.03156286526327782
356,0.15,3919R_GLUT1647_WGA594_0001.nd2,3919,M,R,11.1,Homo,Experimental,30,False,7.268619662363456,False,4.95,2614.7264150943397,726.5297914597816,502.9344587884806,216.87686196623633,1101.4443892750746,41.40615690168818,662.3570009930487,152.19761668321746,1380.5009930486592,2161.7691161866933,0.4797946573948624,0.07040419605572415
357,0.15,3919R_GLUT1647_WGA594_0001.nd2,3919,M,R,11.1,Homo,Experimental,30,True,8.217887563884156,False,3.75,1922.9761499148212,173.1621805792163,678.0420783645657,171.85110732538328,972.3250425894378,23.299148211243608,270.89233390119256,69.75281090289609,1339.5936967632026,1909.8219761499147,0.20221977346992376,0.03652320047312133
358,0.15,3919R_GLUT1647_WGA594_0001.nd2,3919,M,R,11.1,Homo,Experimental,30,True,8.428604759682688,False,5.55,2514.219318712086,512.4608026131592,640.8483434437704,227.67265515632292,884.9225384974336,19.92230517965469,584.3616425571628,50.85627624825012,1593.0445636957538,1573.1705552963135,0.3668206501401844,0.03232724899219279
359,0.15,3919R_GLUT1647_WGA594_0001.nd2,3919,M,R,11.1,Homo,Experimental,30,True,13.984649943841259,False,5.55,2411.9490827405466,657.1407712467241,500.21602396106323,218.65855484837138,990.7480344440285,26.859603144889554,674.0958442530887,60.193934855859226,1306.7356795207788,1775.2287532759265,0.5158624309548974,0.03390770611662304
360,0.15,3919R_GLUT1647_WGA594_0001.nd2,3919,M,R,11.1,Homo,Experimental,30,True,14.416666666666666,False,2.4,992.9166666666667,48.29166666666667,624.2083333333334,62.12499999999999,670.6250000000001,20.833333333333336,93.45833333333333,46.666666666666664,1177.958333333333,1300.0416666666665,0.07933925223727496,0.03589628537546874
361,0.15,3919R_GLUT1647_WGA594_0001.nd2,3919,M,R,11.1,Homo,Experimental,30,False,6.787744555186416,False,3.9,1733.9431524547804,712.8128460686601,620.4713916574382,174.67404946474713,629.2163159837578,175.9545957918051,501.12661498708,428.1336286452565,1425.029162052418,1251.7884828349945,0.3516606033979862,0.34201754890382013
362,0.15,3919R_GLUT1647_WGA594_0001.nd2,3919,M,R,11.1,Homo,Experimental,30,False,5.814907872696818,False,2.85,1351.9568676716922,79.03726968174205,929.5464824120604,93.66373534338359,503.18802345058623,12.595896147403685,155.26675041876047,32.78266331658292,1787.1323283082077,1055.5808207705195,0.08688038818353426,0.031056516631908174
363,0.15,3919R_GLUT1647_WGA594_0001.nd2,3919,M,R,11.1,Homo,Experimental,30,False,7.375973636908328,False,5.3999999999999995,3815.6629718394247,441.24236069502706,1821.7935889754344,327.5356500898742,850.4062312762132,19.183043738765726,620.2935889754343,47.45626123427201,3881.815458358298,1576.6390053924506,0.15979471348639782,0.03009963667774374
364,0.15,3919R_GLUT1647_WGA594_0001.nd2,3919,M,R,11.1,Homo,Experimental,30,False,5.85042735042735,False,4.8,1632.8055555555554,504.64957264957263,573.1410256410256,200.94871794871796,794.7371794871794,27.643162393162395,574.7393162393163,75.52350427350426,1293.5833333333335,1368.1581196581194,0.44430018648919634,0.05520085959974887
365,0.15,3919R_GLUT1647_WGA594_0001.nd2,3919,M,R,11.1,Homo,Experimental,30,False,6.020901371652514,False,5.55,4200.101894186805,1245.4598301763556,838.514043109079,393.2344872632267,1135.3109079033313,102.95166557805356,1117.5662965382103,307.8060091443501,2315.5284128020903,2199.9862834748533,0.4826398546264478,0.1399126946637931
366,0.15,3919R_GLUT1647_WGA594_0002.nd2,3919,M,R,11.1,Homo,Experimental,30,True,8.78374792703151,False,3.15,2030.6888888888886,157.64975124378108,817.7383084577114,123.32703150912106,905.9860696517413,16.284577114427858,247.78308457711447,45.52470978441128,1886.332006633499,1789.6769485903812,0.13135709074847765,0.02543738959160663
367,0.15,3919R_GLUT1647_WGA594_0002.nd2,3919,M,R,11.1,Homo,Experimental,30,True,8.64667322189446,False,2.55,1742.013438216978,136.04883644706655,740.0239265814487,95.97935103244836,1125.239265814487,21.508030154047855,204.83644706653556,66.03375942313995,1665.1622418879053,2203.430350704687,0.12301290643865359,0.02996861661727654
368,0.15,3919R_GLUT1647_WGA594_0002.nd2,3919,M,R,11.1,Homo,Experimental,30,True,9.227555555555556,False,3.0,1771.0642962962963,245.3028148148148,648.8118518518518,133.86992592592594,1049.909037037037,21.617185185185186,330.6844444444444,70.10548148148149,1560.000888888889,1909.7842962962964,0.21197708719254288,0.0367085862091542
369,0.15,3919R_GLUT1647_WGA594_0002.nd2,3919,M,R,11.1,Homo,Experimental,30,True,9.491867469879518,False,3.3,1904.046987951807,174.77921686746987,773.3740963855423,103.40451807228915,1068.7105421686747,18.329216867469878,237.35,50.90361445783133,1706.7219879518075,1923.3090361445784,0.1390677577692882,0.02646668502107782
370,0.15,3919R_GLUT1647_WGA594_0002.nd2,3919,M,R,11.1,Homo,Experimental,30,True,9.257429801188769,False,2.6999999999999997,1754.8079524492723,68.68661610985858,772.7114162738267,35.058208649313386,1100.4753023160483,18.543349046935848,81.09776593564254,47.47161303545808,1694.4982578397214,2083.5257224841152,0.047859456662429564,0.02278427020275004
371,0.15,3919R_GLUT1647_WGA594_0002.nd2,3919,M,R,11.1,Homo,Experimental,30,False,7.651762402088773,False,,,,1070.3325718015667,31.442232375979113,,,47.95234986945171,,1940.0825718015665,,0.02471665410865632,
372,0.15,3919R_GLUT1647_WGA594_0002.nd2,3919,M,R,11.1,Homo,Experimental,30,False,7.735354927636113,False,3.3,2562.723983459683,110.47450034458993,1165.6519641626464,102.43246037215712,913.9910406616127,16.025844245348036,184.85492763611302,38.36664369400413,2647.70227429359,1798.3483804272917,0.06981711253219833,0.021334377761047685
373,0.15,3919R_GLUT1647_WGA594_0002.nd2,3919,M,R,11.1,Homo,Experimental,30,True,8.208688906128781,False,3.5999999999999996,2049.4864235841737,184.97750193948798,666.9736229635377,82.83630721489527,1090.3917765709853,24.747090768037243,200.15671062839414,68.24282389449185,1583.6726144297904,1969.3708301008533,0.1263876819013263,0.0346520943904694
374,0.15,3919R_GLUT1647_WGA594_0002.nd2,3919,M,R,11.1,Homo,Experimental,30,False,7.542887029288703,False,3.3,1691.3514644351467,96.03294979079499,742.9680962343095,46.07897489539749,1060.060669456067,14.85826359832636,109.96966527196653,40.31537656903765,1551.8614016736406,1851.4984309623428,0.07086307137568292,0.021774458943550474
375,0.15,3919R_GLUT1647_WGA594_0002.nd2,3919,M,R,11.1,Homo,Experimental,30,False,7.8604651162790695,False,1.65,1138.9089032613183,104.75849731663685,748.880555937801,89.57107472134305,810.2710884821797,31.99477088206963,189.82853997523046,121.21150405944681,1800.2644832805836,1820.4069079400024,0.10544480643716858,0.06658484074673801
376,0.15,3919R_GLUT1647_WGA594_0002.nd2,3919,M,R,11.1,Homo,Experimental,30,True,8.233183856502242,False,3.75,2126.9058295964123,188.69955156950675,847.4110612855009,83.69955156950674,1039.796711509716,20.64424514200299,217.13602391629294,54.73094170403588,1878.8893871449925,1876.6875934230193,0.11556615594398305,0.029163586894187517
377,0.15,3919R_GLUT1647_WGA594_0002.nd2,3919,M,R,11.1,Homo,Experimental,30,True,8.19250551065393,False,3.9,1972.7242223855008,176.5456771981386,708.9390154298311,80.04359539554248,985.6977712466323,20.292921871173156,205.6073965221651,47.61009061964242,1622.2236100906193,1741.8021062943915,0.1267441770932428,0.027333811600980796
378,0.15,3919R_GLUT1647_WGA594_0002.nd2,3919,M,R,11.1,Homo,Experimental,30,True,8.243591949079649,False,3.0,1855.3867194219852,129.20591777051436,657.1384827111646,80.97109926027868,989.8276277309479,16.379666265267502,176.99655943574749,49.560123860313105,1541.913813865474,1960.4390159986237,0.11479017688545708,0.025280115043552008
379,0.15,3919R_GLUT1647_WGA594_0002.nd2,3919,M,R,11.1,Homo,Experimental,30,False,7.770975056689342,False,,,,1047.0435878054925,34.851851851851855,,,54.72965482489292,,2142.2214663643235,,0.025548084399405018,
380,0.15,3919R_GLUT1647_WGA594_0002.nd2,3919,M,R,11.1,Homo,Experimental,30,False,7.932453021838497,False,3.5999999999999996,2388.9443033688844,144.50871846961232,875.4064669036735,98.77416624343999,1013.4623328254613,14.708481462671408,194.04909429490434,45.746063991874045,2004.1846961232436,1949.93905535805,0.09682196190314171,0.023460253214669883
381,0.15,3919R_GLUT1647_WGA594_0002.nd2,3919,M,R,11.1,Homo,Experimental,30,True,12.603367375103506,False,4.05,2100.2412365443,115.61799613579906,705.6508418437759,54.90229091912779,963.749654982059,17.463152083908362,130.95694176097157,40.27380623792437,1617.926856196522,1805.2012144631524,0.08094120031410422,0.022309871007870647
382,0.15,3919R_GLUT1647_WGA594_0002.nd2,3919,M,R,11.1,Homo,Experimental,30,False,7.448684210526316,False,3.0,1754.8756578947368,121.94605263157897,662.1756578947368,78.20789473684209,963.0210526315789,16.60986842105263,167.40592105263156,49.3578947368421,1541.8980263157894,1838.1743421052631,0.1085713310449143,0.026851585078873665
383,0.15,3919R_GLUT1647_WGA594_0002.nd2,3919,M,R,11.1,Homo,Experimental,30,True,8.771541831838098,False,3.3,1797.7091591904862,166.5674942624661,701.5313999582725,81.81347798873358,1034.1508449822659,18.754850824118506,201.99561861047357,55.74149801794284,1565.3578134779887,1866.0943041936157,0.12904117951260602,0.029870675824194257
384,0.15,3919R_GLUT1647_WGA594_0002.nd2,3919,M,R,11.1,Homo,Experimental,30,True,8.30077619663648,False,3.4499999999999997,1632.6034928848642,125.80142302716689,752.2341526520052,85.48059508408798,1108.1423027166882,19.83182406209573,177.39391979301422,46.089909443725745,1539.861578266494,1839.8835705045278,0.1152012117821111,0.025050448942857344
385,0.15,3919R_GLUT1647_WGA594_0002.nd2,3919,M,R,11.1,Homo,Experimental,30,False,8.101609657947686,False,3.9,2236.283366867874,149.3098591549296,752.1847753185781,78.03386988598257,1008.0251509054325,14.219651240778003,165.60295103957077,47.96042924211938,1634.9366197183099,1949.8893360160964,0.10129013506841825,0.024596487788434915
386,0.15,3919R_GLUT1647_WGA594_0002.nd2,3919,M,R,11.1,Homo,Experimental,30,True,9.512049318139361,False,3.15,1891.4823463478424,183.32224920605267,823.9178031010648,154.57874089295723,1013.2860078460676,17.73547543433589,302.2450962077339,49.161591630861196,1769.2641509433963,1898.0898561554268,0.17083096158737665,0.025900560751342824
387,0.15,3919R_GLUT1647_WGA594_0002.nd2,3919,M,R,11.1,Homo,Experimental,30,False,8.129640542133176,False,3.3,1693.2578078962877,131.3011196228639,755.3517972893342,87.0612846199175,929.8411903358868,17.338538597525044,184.6219799646435,44.32027106658809,1651.8865645256337,1636.2958161461402,0.11176432082529875,0.02708573268308704
388,0.15,3919R_GLUT1647_WGA594_0002.nd2,3919,M,R,11.1,Homo,Experimental,30,True,8.185048454083987,False,3.3,1672.3936317489615,160.69266266728198,750.5274573142593,82.45269958467928,1040.9843101061376,19.72127365020766,192.58052607291188,61.35302261190586,1540.7535763728654,1837.7780341485925,0.12499112708618307,0.03338434863834334
389,0.15,3919R_GLUT1647_WGA594_0002.nd2,3919,M,R,11.1,Homo,Experimental,30,False,8.04801804705124,False,,,,,,1004.2149532710281,21.42039961327747,,91.53303254914599,,2082.916048984853,,0.04394465758413848
390,0.15,3919R_GLUT1647_WGA594_0002.nd2,3919,M,R,11.1,Homo,Experimental,30,True,13.449055723944976,False,3.4499999999999997,1751.7813010025648,49.49848449522034,643.2494754021916,24.097458615061782,1014.2870132898112,14.082303567265097,53.61366285847517,30.173700163208203,1478.2159011424578,1801.0953602238283,0.03626916935275772,0.01675297201335215
391,0.15,3919R_GLUT1647_WGA594_0002.nd2,3919,M,R,11.1,Homo,Experimental,30,True,11.935075885328837,False,3.0,1667.7639123102865,94.5370994940978,544.822934232715,40.07504215851602,1081.7824620573356,18.51433389544688,102.36087689713324,50.76559865092749,1284.7133220910623,2009.6559865092747,0.07967604533790126,0.02526084015956688
392,0.15,3919R_GLUT1647_WGA594_0002.nd2,3919,M,R,11.1,Homo,Experimental,30,True,15.961917146572544,False,3.0,1689.526286457366,116.05963217536689,626.1865130967861,68.67973249117593,1018.2006316180568,15.558796210291659,156.37822775404047,43.91993312279398,1408.610811814973,1925.3026193572355,0.11101592181629613,0.022811963522626225
393,0.15,3919R_GLUT1647_WGA594_0002.nd2,3919,M,R,11.1,Homo,Experimental,30,True,8.263643553915108,False,3.15,1574.9831268125497,54.9406802003691,708.7730029000792,40.74057474294754,928.5009227524387,14.669127339836542,73.41102030055364,35.00738201950962,1515.6105984708674,1646.8924334300025,0.048436597351997686,0.021256629339536967
394,0.15,3919R_GLUT1647_WGA594_0002.nd2,3919,M,R,11.1,Homo,Experimental,30,True,8.920700308959836,False,3.15,1726.1145211122553,130.5709577754892,637.5258496395468,59.73511843460351,1048.0236869207006,19.869618949536562,153.0527291452111,52.35097837281154,1476.7682801235842,1875.9672502574667,0.10364031460128788,0.02790612595482498
395,0.15,3919R_GLUT1647_WGA594_0002.nd2,3919,M,R,11.1,Homo,Experimental,30,True,13.332233883058471,False,3.4499999999999997,1683.3772113943028,44.74572713643179,661.3598200899551,20.191004497751123,1025.8092953523237,13.373013493253373,46.04227886056971,28.452473763118437,1457.880059970015,1795.9304347826087,0.03158166444880019,0.01584274825575998
396,0.15,3919R_GLUT1647_WGA594_0002.nd2,3919,M,R,11.1,Homo,Experimental,30,True,8.912297426120114,False,3.15,1681.351763584366,110.07530981887511,704.3493803622498,64.25977121067685,1082.2793136320306,20.516682554814107,142.7502383222116,48.88417540514775,1519.65204957102,1896.567683508103,0.09393613384228866,0.025775075590619645
397,0.15,3919R_GLUT1647_WGA594_0002.nd2,3919,M,R,11.1,Homo,Experimental,30,True,11.378172588832488,False,3.15,1521.5902601522841,41.494130710659896,672.2455583756345,13.737151015228426,894.6763959390863,13.861992385786802,34.70843908629441,32.74032360406091,1433.213197969543,1609.1196065989852,0.024217219835448372,0.020346730889234794
398,0.15,3919R_GLUT1647_WGA594_0002.nd2,3919,M,R,11.1,Homo,Experimental,30,True,8.38888888888889,False,3.0,1422.2671394799054,218.7754137115839,577.5650118203309,136.63475177304966,938.8215130023641,21.016548463356973,306.27541371158395,70.15130023640661,1296.6134751773052,1642.040189125296,0.23621180835692177,0.042722036099357444
399,0.15,3919R_GLUT1647_WGA594_0002.nd2,3919,M,R,11.1,Homo,Experimental,30,True,9.074593944255064,False,3.0,1897.8235412071385,260.110888309605,738.201523962302,176.1654301183076,877.9181872869461,20.518548225386002,380.80890314818527,75.9859635051133,1715.5225586524962,1798.4206938038903,0.22197837109603616,0.042251495307470716
400,0.15,3919R_GLUT1647_WGA594_0002.nd2,3919,M,R,11.1,Homo,Experimental,30,True,8.382245205774618,False,2.85,1788.6479207067441,98.4201680672269,671.4621848739495,56.663003663003664,1131.9028226675287,15.287438052143933,131.33548804137038,42.53135100193924,1561.7138547726784,2094.753285929756,0.08409702433003481,0.020303751896520693
401,0.15,3919R_GLUT1647_WGA594_0002.nd2,3919,M,R,11.1,Homo,Experimental,30,True,8.62485113140135,False,3.15,1690.0857483128225,132.0518062723303,619.0218340611353,72.75784041286225,932.2955537911869,14.532155617308456,174.61830091306072,40.715164747915836,1476.4934497816594,1709.341603811036,0.11826554390666813,0.02381920890308875
402,0.15,3919R_GLUT1647_WGA594_0002.nd2,3919,M,R,11.1,Homo,Experimental,30,True,8.544912559618442,False,3.3,1593.4487281399045,35.59578696343402,622.64586645469,10.28656597774245,939.7571542130365,12.996422893481718,25.971780604133546,30.468998410174876,1429.0242448330685,1644.77027027027,0.01817448563104501,0.01852477452986075
403,0.15,3919R_GLUT1647_WGA594_0002.nd2,3919,M,R,11.1,Homo,Experimental,30,True,8.493408662900189,False,2.55,1700.751950497713,105.98426150121064,594.1112456281948,61.55716976055959,1132.865617433414,19.448479956954532,145.65146623621197,55.24132364810331,1508.4113532418617,2162.0457358084473,0.09655951337357638,0.02555048800919426
404,0.15,3919R_GLUT1647_WGA594_0002.nd2,3919,M,R,11.1,Homo,Experimental,30,True,9.601336302895323,False,3.0,1893.2934917099726,83.25851686876186,706.504578074734,51.563804338860024,1038.7849542192525,14.43603068547389,109.63532129010972,39.62303060298606,1578.3725975418624,2060.210426462097,0.06946098878101051,0.019232516297390475
405,0.15,3919R_GLUT1647_WGA594_0002.nd2,3919,M,R,11.1,Homo,Experimental,30,False,7.414512471655329,False,3.15,1454.1124716553288,53.7061224489796,673.7006802721089,17.374149659863942,934.2657596371882,18.168707482993195,40.0108843537415,47.463945578231304,1381.4621315192742,1643.5836734693878,0.02896270801845231,0.0288783262722738
406,0.15,3919R_GLUT1647_WGA594_0002.nd2,3919,M,R,11.1,Homo,Experimental,30,True,9.08272097417594,False,3.0,1880.7936174679826,206.89775351669115,681.7302120512281,119.90468192315765,1038.424312408146,21.844425782070125,275.77787108964935,72.86899013226957,1615.0128070543772,1985.9353348729794,0.17075893756696628,0.03669252913359854
407,0.15,3919R_GLUT1647_WGA594_0002.nd2,3919,M,R,11.1,Homo,Experimental,30,False,8.06271870794078,False,3.0,1602.1039030955585,40.67698519515478,740.6091520861371,14.758277254374159,1061.157200538358,14.327052489905787,33.33728129205922,36.42503364737551,1484.2600269179002,1919.6102288021532,0.022460539721793116,0.01897522377243474
408,0.15,3919R_GLUT1647_WGA594_0002.nd2,3919,M,R,11.1,Homo,Experimental,30,True,8.715313463514903,False,2.85,1699.1312093182596,97.82733812949638,725.51901336074,63.24820143884892,858.7228502911956,15.476019184652278,131.87632750942103,47.92771497088043,1583.7875984926345,1765.900479616307,0.08326642261559186,0.027140665923197502
409,0.15,3919R_GLUT1647_WGA594_0002.nd2,3919,M,R,11.1,Homo,Experimental,30,False,7.6030341340075855,False,2.6999999999999997,1414.396713021492,121.14032869785082,567.6541087231353,63.77016434892541,918.6245259165612,15.151201011378001,156.9347661188369,52.7787610619469,1285.0490518331226,1725.7835651074593,0.12212356088273008,0.030582491413783126
410,0.15,3919R_GLUT1647_WGA594_0002.nd2,3919,M,R,11.1,Homo,Experimental,30,True,8.553721174004194,False,3.15,1901.3752620545072,54.91823899371069,659.6601153039833,25.01808176100629,1053.321540880503,12.331236897274632,57.48742138364779,32.63731656184486,1454.1771488469603,2092.388888888889,0.039532612260638575,0.015598112155516222
411,0.15,3919R_GLUT1647_WGA594_0002.nd2,3919,M,R,11.1,Homo,Experimental,30,False,7.973668461998803,False,3.0,1437.4859365649315,50.47217235188512,615.1047277079593,19.417115499700778,921.1801316576899,17.760622381807302,46.1346499102334,41.515260323159794,1342.3500897666067,1631.4207061639738,0.0343685676798776,0.025447305018443906
412,0.15,3919R_GLUT1647_WGA594_0002.nd2,3919,M,R,11.1,Homo,Experimental,30,False,7.780297256097561,False,2.6999999999999997,1812.3591844512193,107.6968368902439,703.2715320121952,67.71341463414635,1082.3024009146343,19.37576219512195,149.20426829268294,54.61852134146341,1674.4373094512196,2081.5102896341464,0.08910710926620667,0.02623985171414327
413,0.15,3919R_GLUT1647_WGA594_0002.nd2,3919,M,R,11.1,Homo,Experimental,30,False,8.110776640577965,False,3.3,1352.723058398555,86.50933172787478,569.6195063214931,50.7326911499097,881.441300421433,12.328115593016257,116.80192655027092,29.125225767609876,1260.3263094521371,1475.3040337146297,0.09267594088474168,0.0197418464953805
414,0.15,3919R_GLUT1647_WGA594_0002.nd2,3919,M,R,11.1,Homo,Experimental,30,True,9.21980628582724,False,3.0,1842.0780786716743,127.73650919153982,692.0565329116426,89.934374382289,1009.4083811029848,16.21624827040917,188.83336627792056,45.05376556631746,1617.9505831191934,1925.5924095671082,0.11671145475523421,0.023397353117135512
415,0.15,3919R_GLUT1647_WGA594_0002.nd2,3919,M,R,11.1,Homo,Experimental,30,False,7.472630173564753,False,3.15,1481.1455273698264,154.6622162883845,526.5240320427237,62.3351134846462,931.0934579439253,16.43991989319092,166.45260347129505,59.94859813084112,1214.435914552737,1673.9392523364488,0.13706166087207464,0.035812887503035816
416,0.15,3919R_GLUT1647_WGA594_0002.nd2,3919,M,R,11.1,Homo,Experimental,30,True,8.754040404040405,False,2.6999999999999997,1550.0660353535354,68.99078282828283,676.407196969697,42.869823232323235,905.5015151515152,12.532828282828282,94.60833333333333,35.587878787878786,1505.845454545455,1756.1532828282827,0.06282738580360574,0.020264676857002225
417,0.15,3919R_GLUT1647_WGA594_0002.nd2,3919,M,R,11.1,Homo,Experimental,30,True,9.449331848552339,False,2.85,1694.883444691908,51.04324424647365,567.6505196733482,23.96566443949518,976.9042316258351,12.631588715664439,56.93207126948776,32.82720861172977,1387.5946547884187,1920.1338158871565,0.04102932443060527,0.017096312944503124
418,0.15,3919R_GLUT1647_WGA594_0002.nd2,3919,M,R,11.1,Homo,Experimental,30,False,7.567302985805188,False,3.0,1609.8871757219774,142.55212922173274,607.5433186490455,78.3886441507587,927.0376896720509,15.813020068526676,179.7413117963779,57.012481644640246,1345.29295154185,1799.1752325012237,0.13360756227138115,0.03168812054253391
419,0.15,3919R_GLUT1647_WGA594_0002.nd2,3919,M,R,11.1,Homo,Experimental,30,True,14.097838452787258,False,2.85,1459.388193654405,59.36834787005436,597.9512071798761,28.372645683225887,918.4607508532424,15.887751232461131,67.66843635444317,38.31121223612691,1316.4612564783213,1717.0144103147516,0.05140176820354264,0.022312691149228014
420,0.15,3919R_GLUT1647_WGA594_0002.nd2,3919,M,R,11.1,Homo,Experimental,30,False,7.331491712707182,False,3.0,1849.2099447513813,217.6243093922652,870.4441988950275,151.3546961325967,1062.232044198895,17.677348066298343,339.3049723756907,47.35138121546961,1950.2011049723758,1831.6850828729282,0.17398460677238559,0.025851267588640713
421,0.15,3919R_GLUT1647_WGA594_0002.nd2,3919,M,R,11.1,Homo,Experimental,30,False,7.9629101283880175,False,3.15,1902.2724679029955,145.82025677603423,861.3815977175464,104.36804564907274,944.4679029957204,16.952211126961483,216.94721825962912,46.694721825962915,1892.5534950071326,1757.5049928673325,0.11463201374860556,0.026568756285455245
422,0.15,3919R_GLUT1647_WGA594_0002.nd2,3919,M,R,11.1,Homo,Experimental,30,True,8.92029520295203,False,3.0,1770.392324723247,87.72103321033211,761.8422140221403,52.876162361623614,1047.2867896678965,13.785535055350554,118.0740959409594,36.308634686346856,1610.1126199261992,1969.4087084870848,0.07333281813937426,0.01843631265053125
423,0.15,3919R_GLUT1647_WGA594_0002.nd2,3919,M,R,11.1,Homo,Experimental,30,False,8.023025009924574,False,1.7999999999999998,1228.47757046447,113.96585946804288,636.7633981738785,78.52123858674076,1102.5097260817784,29.559745930924972,182.8233425962684,114.22548630408895,1635.2064311234617,2112.8308852719333,0.11180444200593094,0.05406276815637683
424,0.15,3919R_GLUT1647_WGA594_0002.nd2,3919,M,R,11.1,Homo,Experimental,30,False,7.840728631480617,False,3.5999999999999996,1910.4595983185427,109.6394208313872,815.8276506305465,87.88510042036431,789.8598785614199,12.67351704810836,168.74404483886036,31.01214385801028,1830.797758056983,1473.8019617001403,0.09216968072866094,0.021042273428809568
425,0.15,3919R_GLUT1647_WGA594_0002.nd2,3919,M,R,11.1,Homo,Experimental,30,True,10.292164674634794,False,3.15,1588.5922974767593,39.76069057104914,586.7402390438247,15.287383798140771,922.3118193891103,11.066932270916336,39.084462151394426,25.6796812749004,1374.5282868525894,1675.8573705179283,0.028434818348402616,0.015323309564801463
426,0.15,3919R_GLUT1647_WGA594_0002.nd2,3919,M,R,11.1,Homo,Experimental,30,False,7.080607476635514,False,3.4499999999999997,1895.8037383177568,68.25292056074767,864.6507009345794,59.436331775700936,1074.1174065420562,16.526285046728972,107.29380841121494,32.66004672897196,1803.3434579439254,1879.4334112149534,0.05949715676100078,0.017377602491305603
427,0.15,3919R_GLUT1647_WGA594_0002.nd2,3919,M,R,11.1,Homo,Experimental,30,True,8.247586354859472,False,3.0,1639.2415790602877,87.17464063505683,797.1192877065008,69.08603304012014,828.307873846814,13.545805621111352,129.35807766573697,40.44840163055138,1718.3720231709935,1546.296717442609,0.07527943653727925,0.026158240636666573
428,0.15,3919R_GLUT1647_WGA594_0002.nd2,3919,M,R,11.1,Homo,Experimental,30,False,7.552287581699346,False,3.4499999999999997,1840.5224673202617,104.30514705882351,987.9718137254903,87.9734477124183,824.940359477124,16.504901960784316,164.85253267973857,36.96854575163398,2038.4513888888887,1461.0629084967322,0.0808714564292827,0.025302501033080373
429,0.15,3919R_GLUT1647_WGA594_0002.nd2,3919,M,R,11.1,Homo,Experimental,30,True,19.275738396624472,False,3.15,1617.817510548523,48.02299578059072,592.2200421940928,18.41054852320675,826.8672995780591,12.336497890295359,45.97869198312236,31.07721518987342,1357.4883966244727,1626.0031645569622,0.03387041251877575,0.019112641271114034
430,0.15,3919R_GLUT1647_WGA594_0002.nd2,3919,M,R,11.1,Homo,Experimental,30,True,9.983043009095113,False,3.15,1760.4361029751813,74.40450131031292,619.388931709573,33.72205950362263,861.9007245259751,12.941112995221213,83.61831355017728,35.07969785725297,1503.7599815014642,1680.765068598736,0.05560615695244571,0.020871267800977755
431,0.15,3919R_GLUT1647_WGA594_0002.nd2,3919,M,R,11.1,Homo,Experimental,30,True,8.840348123840776,False,2.6999999999999997,1323.4024825224712,99.51861891853332,597.008417748609,62.80525039235269,772.3934940790413,14.020402339848765,144.8656013696676,38.4020545013554,1361.8553288628905,1437.6421743472677,0.10637370820484005,0.02671183079252045
432,0.15,3919R_GLUT1647_WGA594_0002.nd2,3919,M,R,11.1,Homo,Experimental,30,True,8.520888219796763,False,2.85,1778.0430937147157,90.36469702672187,646.3560406473466,53.00508091832894,954.1080165600301,13.233345878810688,120.32047421904404,39.72205494919082,1516.4471208129469,1932.657884832518,0.07934366623647375,0.020553071115653295
433,0.15,3919R_GLUT1647_WGA594_0002.nd2,3919,M,R,11.1,Homo,Experimental,30,True,10.79577623006066,False,2.85,1479.544596719838,105.22983599191191,698.7697146708605,69.91462592675803,851.5686362615143,15.53695798696922,150.26173893507075,44.0002246686138,1437.479218153224,1646.3920467310716,0.10453141655022802,0.02672524126679104
434,0.15,3919R_GLUT1647_WGA594_0002.nd2,3919,M,R,11.1,Homo,Experimental,30,True,8.634169884169884,False,2.85,1516.5127091377092,83.35472972972973,616.8046975546976,46.90363577863578,833.5752895752896,11.575450450450454,112.65395752895753,32.33638996138996,1385.4798906048907,1644.0307271557272,0.08131042413020778,0.019668969336925884
435,0.15,3919R_GLUT1647_WGA594_0002.nd2,3919,M,R,11.1,Homo,Experimental,30,True,8.575192802056556,False,3.0,1530.2326478149103,46.47750642673522,639.8650385604112,19.83611825192802,847.9704370179949,12.363753213367607,48.53020565552699,30.147172236503852,1422.0919023136246,1595.9762210796914,0.03412592785077561,0.018889487097814676
436,0.15,3919R_GLUT1647_WGA594_0002.nd2,3919,M,R,11.1,Homo,Experimental,30,False,8.026951672862454,False,2.6999999999999997,1228.9934944237918,39.3224907063197,572.9014869888476,17.54832713754647,800.0185873605948,13.149628252788103,44.36802973977696,28.883828996282528,1260.3894052044607,1436.2964684014871,0.035201842824582906,0.020109935261783746
437,0.15,3919R_GLUT1647_WGA594_0002.nd2,3919,M,R,11.1,Homo,Experimental,30,True,13.140056417489422,False,3.3,1650.0535966149507,49.56375176304655,554.3485190409027,25.092101551480958,806.8874471086036,10.980535966149507,58.255712270803954,24.285472496473908,1392.5942172073342,1513.5083215796897,0.04183251054110233,0.01604581365705773
438,0.15,3919R_GLUT1647_WGA594_0002.nd2,3919,M,R,11.1,Homo,Experimental,30,True,8.492762244695617,False,2.6999999999999997,1490.9865159627207,75.78266904620264,638.4550862581797,40.8235177473726,855.474915724767,16.106682530239937,94.78385881419788,44.347015665278605,1468.1399960341066,1641.0428316478285,0.06456050449564617,0.027023679583517157
439,0.15,3919R_GLUT1647_WGA594_0002.nd2,3919,M,R,11.1,Homo,Experimental,30,True,8.632235528942116,False,2.85,1416.4842814371257,68.25723552894212,576.1791417165668,30.116516966067863,836.4493512974051,17.777694610778443,74.14595808383234,44.71756487025948,1299.7482534930143,1580.3483033932137,0.057046399473566094,0.028296018525944593
440,0.15,3919R_GLUT1647_WGA594_0002.nd2,3919,M,R,11.1,Homo,Experimental,30,True,8.147300822797511,False,3.0,1304.1424844471203,72.67589805338152,521.6871362632952,22.159341761990767,772.2775436484045,14.084687938992575,73.55187637969095,35.36805137467389,1166.223158739715,1431.8840056191048,0.06306844091415159,0.024700360668797175
441,0.15,3919R_GLUT1647_WGA594_0002.nd2,3919,M,R,11.1,Homo,Experimental,30,True,16.65429141716567,False,3.0,1630.8744510978045,121.7944111776447,602.8027944111776,59.15209580838324,934.8215568862275,15.407984031936127,154.57105788423152,41.78343313373254,1466.6572854291417,1701.8415169660677,0.10539003175442194,0.024551894355134385
442,0.15,3919R_GLUT1647_WGA594_0002.nd2,3919,M,R,11.1,Homo,Experimental,30,True,8.633333333333333,False,3.3,1375.018309859155,44.55680751173709,501.6943661971831,14.199530516431926,741.7023474178404,16.579812206572768,35.120657276995296,37.2037558685446,1123.4657276995306,1411.2150234741785,0.03126099569491119,0.026362925032469602
443,0.15,3919R_GLUT1647_WGA594_0002.nd2,3919,M,R,11.1,Homo,Experimental,30,False,8.027366020524516,False,2.55,1426.8155074116305,40.54663625997719,693.5099201824402,21.205929304446975,864.7167616875713,11.326795895096922,49.51060433295325,29.92177879133409,1484.9128848346636,1692.546408209806,0.033342430278976244,0.01767855737733191
444,0.15,3919R_GLUT1647_WGA594_0002.nd2,3919,M,R,11.1,Homo,Experimental,30,True,9.288511076764554,False,3.15,1705.989696032973,249.10922205048945,577.4435857805255,136.57753735188047,975.4147346728491,18.475012879958786,337.62442040185476,59.6053580628542,1416.2529623905205,1791.719216898506,0.2383927372917703,0.03326713108878299
445,0.15,3919R_GLUT1647_WGA594_0002.nd2,3919,M,R,11.1,Homo,Experimental,30,False,6.8358471225655295,False,,,,,,823.4753258163712,88.84624395958413,,200.78034851369162,,1399.263288914922,,0.14349004229889395
446,0.15,3919R_GLUT1647_WGA594_0002.nd2,3919,M,R,11.1,Homo,Experimental,30,True,8.359335443037974,False,2.55,1403.2322784810126,76.20775316455696,595.3612341772152,32.857278481012656,795.1598101265823,13.505696202531647,87.49462025316456,47.46392405063291,1400.9924050632912,1600.540506329114,0.0624518876311909,0.029654934606742817
447,0.15,3919R_GLUT1647_WGA594_0002.nd2,3919,M,R,11.1,Homo,Experimental,30,False,7.9926124916051045,False,2.6999999999999997,1586.2601298410566,60.37206178643385,669.3387060667114,33.98746362211775,911.9950749944035,11.751958809044101,79.70203716140587,31.04141481978957,1555.111036489814,1737.5484665323484,0.05125166968225546,0.01786506415083741
448,0.15,3919R_GLUT1647_WGA594_0002.nd2,3919,M,R,11.1,Homo,Experimental,30,False,7.984913391693053,False,2.6999999999999997,1569.7938163531385,67.10616502141926,600.901471409946,24.596572918606817,951.2462283479233,12.66883963494133,73.24715962004099,37.863661761966846,1426.7330974110632,1824.0921959396533,0.051339076490868975,0.020757537281421216
449,0.15,3919R_GLUT1647_WGA594_0002.nd2,3919,M,R,11.1,Homo,Experimental,30,True,15.2081589958159,False,4.05,1879.7782426778242,108.39121338912135,663.8859832635983,36.60041841004185,772.7133891213388,12.55020920502092,108.63284518828452,31.97907949790795,1594.915271966527,1392.2866108786611,0.06811198506760831,0.02296874741740582
450,0.15,3919R_GLUT1647_WGA594_0002.nd2,3919,M,R,11.1,Homo,Experimental,30,True,8.79380445304937,False,3.5999999999999996,1541.5147628267182,135.6604549854792,525.912633107454,46.8484995159729,870.79211035818,14.866892545982575,142.71272991287512,39.213697967086155,1226.3172797676668,1542.6962729912875,0.11637504605652536,0.02541893608846984
451,0.15,3919R_GLUT1647_WGA594_0002.nd2,3919,M,R,11.1,Homo,Experimental,30,True,8.367130919220056,False,3.5999999999999996,1547.7532033426182,46.34150417827298,522.0050139275766,9.381058495821728,868.9181058495822,14.798885793871868,26.806685236768804,38.035097493036204,1216.8440111420614,1558.3844011142062,0.022029680872250466,0.024406749365459543
452,0.15,3919R_GLUT1647_WGA594_0002.nd2,3919,M,R,11.1,Homo,Experimental,30,False,7.634187457855698,False,2.6999999999999997,1236.3961564396493,36.40593391773432,555.244436952124,18.722859069453808,812.9072825354012,13.731962238705329,40.79265003371545,30.983142279163857,1211.4268374915712,1488.7063385030344,0.033673226290893754,0.020812124915326746
453,0.15,3919R_GLUT1647_WGA594_0002.nd2,3919,M,R,11.1,Homo,Experimental,30,False,7.995689655172414,False,2.6999999999999997,1335.510129310345,85.73318965517242,519.9060344827586,38.66056034482759,884.8342672413792,13.657543103448276,101.89116379310344,44.17974137931034,1213.6006465517244,1635.5661637931034,0.08395773690679291,0.027011894937256118
454,0.15,3919R_GLUT1647_WGA594_0002.nd2,3919,M,R,11.1,Homo,Experimental,30,True,8.329904306220095,False,2.85,1386.2727272727273,22.982296650717704,616.0507177033493,8.527511961722487,952.902870813397,12.83444976076555,18.675119617224876,26.623684210526314,1284.2040669856463,1717.933971291866,0.014542174485601914,0.015497501449666088
455,0.15,3919R_GLUT1647_WGA594_0002.nd2,3919,M,R,11.1,Homo,Experimental,30,True,8.361313868613138,False,3.75,1781.2140250260688,195.68222106360795,647.5430135557873,104.65771637122003,905.0385818561002,17.455422314911367,242.63373305526588,52.628258602711156,1477.6830031282589,1616.2124608967677,0.16419877100948554,0.03256271058169541
456,0.15,3919R_GLUT1647_WGA594_0002.nd2,3919,M,R,11.1,Homo,Experimental,30,True,8.860520577814118,False,4.2,2441.539111474517,100.79367675115833,707.7076178795311,40.069501226492235,772.1456800218042,13.406037067320796,96.01873807576996,37.79565276642138,1693.8432815481056,1575.4885527391664,0.056686907886786694,0.02398979840298384
457,0.15,3919R_GLUT1647_WGA594_0002.nd2,3919,M,R,11.1,Homo,Experimental,30,True,8.773237997957098,False,1.95,1192.1251276813075,67.57252298263535,528.7105890364317,44.27408920667348,821.5108954715697,13.583929179434799,104.27902621722845,55.63687436159346,1434.0716717739188,1720.9256043581886,0.07271535186817916,0.03232962204798097
458,0.15,3919R_GLUT1647_WGA594_0002.nd2,3919,M,R,11.1,Homo,Experimental,30,False,7.909115795236792,False,1.3499999999999999,1222.2679989050098,30.75855461264714,686.3104297837394,17.10265535176567,1371.8866684916507,36.91787571858746,50.61593211059403,70.60717218724336,2066.32439091158,2717.594579797427,0.024495636954788257,0.025981495809616503
459,0.15,3919R_GLUT1647_WGA594_0002.nd2,3919,M,R,11.1,Homo,Experimental,30,True,9.511890366787586,False,4.05,1794.1608222490931,97.45183393792826,565.5574365175332,34.49697702539299,820.1039903264814,14.75453446191052,85.50463522773076,45.208786779524395,1368.8790810157195,1445.4635227730753,0.06246324924790699,0.03127632490703936
460,0.15,3919R_GLUT1647_WGA594_0002.nd2,3919,M,R,11.1,Homo,Experimental,30,True,13.011407430245105,False,2.85,1477.8296593186371,78.45429320178819,524.8930168028364,40.30090951133035,868.3721288731308,12.15985817789425,100.82673038384462,32.99815014644674,1269.1043625712962,1662.3069215353785,0.07944715451104624,0.019850816788976745
461,0.15,3919R_GLUT1647_WGA594_0002.nd2,3919,M,R,11.1,Homo,Experimental,30,True,8.14394336654431,False,3.0,1374.4315679077083,25.645516518091245,596.2739905610908,10.897482957524907,848.0351337178815,10.820398531725223,25.04902988987939,22.31436811746198,1283.5034084950182,1535.2372836916622,0.019516138191834505,0.01453480081190082
462,0.15,3919R_GLUT1647_WGA594_0002.nd2,3919,M,R,11.1,Homo,Experimental,30,True,14.674887453513408,False,3.15,1519.568212957526,115.93638676844782,603.8075944411822,66.3458602466236,895.078097475044,14.194362889019377,156.35036210608732,37.03836367195146,1388.6535525543159,1585.1219416715596,0.11259133843606527,0.023366255111511088
463,0.15,3919R_GLUT1647_WGA594_0002.nd2,3919,M,R,11.1,Homo,Experimental,30,True,16.342826437399246,False,3.15,1622.6276195593769,64.57352677771806,659.5837363424681,31.253985312555972,918.397456564571,12.14794913129142,75.11033494536989,30.91384560272255,1445.6913845602721,1702.7977789718789,0.05195461199225156,0.018154736859821264
464,0.15,3919R_GLUT1647_WGA594_0002.nd2,3919,M,R,11.1,Homo,Experimental,30,False,7.741629464285714,False,3.15,1424.7818080357144,45.79157366071429,556.4556361607143,16.565569196428573,839.2977120535714,12.806082589285714,38.951171875,34.59988839285714,1228.9642857142858,1550.1529017857144,0.03169430741623318,0.022320306824571593
465,0.15,3919R_GLUT1647_WGA594_0002.nd2,3919,M,R,11.1,Homo,Experimental,30,True,8.8527649375107,False,2.85,1407.9077212806028,48.11282314672145,639.8120184899846,28.10683102208526,946.6401301147065,16.618216058894024,59.459167950693384,35.04365690806368,1373.5851737716146,1669.2186269474405,0.0432875726136657,0.020994048558006607
466,0.15,3919R_GLUT1647_WGA594_0002.nd2,3919,M,R,11.1,Homo,Experimental,30,False,6.780444871179388,False,4.35,2855.815490478477,97.08737397983676,769.0302448391742,42.15394463114099,874.526484237478,14.359897583613378,94.08641382621221,41.57369179068652,1944.3234117458796,1796.6706673067692,0.04839031061284632,0.02313929455586091
467,0.15,3919R_GLUT1647_WGA594_0002.nd2,3919,M,R,11.1,Homo,Experimental,30,False,6.9921450151057405,False,4.35,2008.771601208459,41.02598187311179,736.5172205438067,37.09365558912386,291.8906344410876,4.019939577039275,66.19758308157101,8.732930513595166,1849.5637462235647,649.3619335347431,0.03579091729967842,0.013448479288057811
468,0.15,3919R_GLUT1647_WGA594_0002.nd2,3919,M,R,11.1,Homo,Experimental,30,True,8.460222855662089,False,2.85,1344.4249805649129,54.35397771443378,589.7626328064265,35.50272091215341,674.7286861881316,11.397512308888313,74.93936252915262,28.145115314848404,1292.1699922259654,1366.6221819124123,0.05799497200833291,0.020594657168130352
469,0.15,3919R_GLUT1647_WGA594_0002.nd2,3919,M,R,11.1,Homo,Experimental,30,True,8.872585669781932,False,3.9,2412.6954828660437,113.0404984423676,774.1180685358255,61.13395638629284,821.0654205607477,14.285514018691588,135.5727414330218,35.24595015576323,2001.3043613707164,1488.1014018691587,0.06774219056823844,0.02368518039932754
470,0.15,3919R_GLUT1647_WGA594_0002.nd2,3919,M,R,11.1,Homo,Experimental,30,True,15.777209642074506,False,2.85,1384.7311906501093,47.59775992208425,523.0169223277331,25.930606281957633,812.7718529340151,14.434015096177259,59.11626491356222,30.663988312636963,1224.799732164597,1554.1611882152422,0.04826606616665864,0.019730249696848164
471,0.15,3919R_GLUT1647_WGA594_0002.nd2,3919,M,R,11.1,Homo,Experimental,30,False,7.786031042128603,False,3.3,1393.2084257206209,81.50554323725056,651.5243902439025,31.55986696230599,747.359201773836,15.9079822616408,80.82261640798225,43.32150776053215,1346.321507760532,1373.6873614190688,0.060032180977649535,0.03153665745004705
472,0.15,3919R_GLUT1647_WGA594_0002.nd2,3919,M,R,11.1,Homo,Experimental,30,True,8.6734394124847,False,3.0,1471.3265605875154,55.347858017135856,603.1877600979192,26.708200734394126,823.6320685434516,11.129498164014688,65.92264381884945,27.262913096695225,1378.619583843329,1519.5268053855568,0.04781786403691558,0.0179417125121249
473,0.15,3919R_GLUT1647_WGA594_0002.nd2,3919,M,R,11.1,Homo,Experimental,30,True,13.372669974520585,False,2.25,1276.5947431943143,33.64677484242994,537.549818962049,19.600375486120424,889.792543918466,10.6422153681105,46.15032855035537,27.56899557462787,1357.9836395333243,1714.9733136650125,0.03398445106909762,0.016075466221518682
474,0.15,3919R_GLUT1647_WGA594_0002.nd2,3919,M,R,11.1,Homo,Experimental,30,True,12.401273885350319,False,3.4499999999999997,1965.2439115773698,84.61895841139005,683.0573248407643,44.35443986511802,986.4128887223679,16.835144248782317,106.22255526414388,33.71187710753092,1618.2203072311727,1853.0502060696888,0.06564159082016101,0.018192640974921914
475,0.15,3919R_GLUT1647_WGA594_0002.nd2,3919,M,R,11.1,Homo,Experimental,30,False,7.731693989071038,False,2.85,1401.3327868852462,69.91065573770491,475.75027322404367,20.685245901639345,889.9147540983607,17.64426229508197,61.806010928961754,49.15765027322404,1153.9639344262296,1665.1169398907102,0.05355974228058761,0.02952204082222027
476,0.15,3919R_GLUT1647_WGA594_0002.nd2,3919,M,R,11.1,Homo,Experimental,30,True,8.486233040702315,False,3.3,1630.587589784517,32.91959297685554,658.877893056664,12.679768555466877,789.3333998403831,12.063248204309657,29.73583399840383,25.63926576217079,1499.6466480446927,1464.883878691141,0.019828560305972583,0.017502592618521554
477,0.15,3919R_GLUT1647_WGA594_0002.nd2,3919,M,R,11.1,Homo,Experimental,30,False,7.9944358578052555,False,2.6999999999999997,1153.567542503864,23.021329211746522,1043.2723338485316,57.92457496136012,575.5619783616693,9.3629057187017,73.34899536321481,18.981143740340034,1760.5990726429677,1110.280680061824,0.0416613847541707,0.01709580656603257
478,0.15,3919R_GLUT1647_WGA594_0002.nd2,3919,M,R,11.1,Homo,Experimental,30,False,7.964954066008847,False,3.4499999999999997,2616.556992174209,121.57332425995239,1340.6471588975842,140.99829874106837,760.7982306907112,12.345015311330384,225.07281388227287,37.10717931269139,2989.5498468866963,1445.534875808098,0.07528652319233368,0.025670206878922484
479,0.15,3919R_GLUT1647_WGA594_0002.nd2,3919,M,R,11.1,Homo,Experimental,30,True,8.431131019036954,False,2.6999999999999997,1407.2181410974244,46.31825307950728,569.3164613661814,21.77267637178052,825.036954087346,11.689137737961923,57.064053751399776,26.59350503919373,1387.4734602463607,1533.3464725643898,0.04112803263369625,0.017343441625895798
480,0.15,3919R_GLUT1647_WGA594_0002.nd2,3919,M,R,11.1,Homo,Experimental,30,False,7.255048287971905,False,,,,,,1468.965320456541,30.39991220368745,,117.34240561896401,,2818.2559262510968,,0.04163653290886727
481,0.15,3919R_GLUT1647_WGA594_0002.nd2,3919,M,R,11.1,Homo,Experimental,30,True,8.25896478987506,False,3.75,1876.9068635404833,122.60295310725296,644.2867110173618,51.363297095570346,891.3465844556223,16.870842122343014,130.97403861755637,43.47687814376115,1467.9149764724973,1686.4832062307319,0.08922454005632954,0.025779609297700276
482,0.15,3919R_GLUT1647_WGA594_0002.nd2,3919,M,R,11.1,Homo,Experimental,30,False,7.9035087719298245,False,3.15,1759.4566885964914,51.7127192982456,603.3190789473684,22.984923245614034,941.5386513157895,13.279331140350877,55.48684210526316,30.70175438596491,1403.2554824561403,1837.7817982456143,0.03954151100706456,0.01670587575482218
483,0.15,3919R_GLUT1647_WGA594_0002.nd2,3919,M,R,11.1,Homo,Experimental,30,False,7.748291571753986,False,3.4499999999999997,1670.5919703872435,114.1372437357631,577.9994305239179,44.39664009111618,980.6503416856492,19.246867881548972,121.54271070615036,46.853644646924835,1440.2884396355353,1664.7562642369016,0.08438775689743558,0.028144447120252655
484,0.15,3919R_GLUT1647_WGA594_0002.nd2,3919,M,R,11.1,Homo,Experimental,30,True,9.290971718636694,False,3.3,2034.492023205221,115.11294416243656,639.405910079768,46.27211747643219,1066.1854604786076,26.581943437273388,113.3984771573604,66.0540246555475,1490.0148658448152,2103.184554024656,0.07610560119684795,0.0314066706743098
485,0.15,3919R_GLUT1647_WGA594_0002.nd2,3919,M,R,11.1,Homo,Experimental,30,True,8.175010697475395,False,3.9,1877.0629011553274,134.8382541720154,672.362002567394,46.52545999144202,936.2156611039794,15.993581514762516,130.8403936670946,40.28925973470261,1531.3611467693622,1666.9178433889606,0.0854405859408946,0.024169913289062723
486,0.15,3919R_GLUT1647_WGA594_0002.nd2,3919,M,R,11.1,Homo,Experimental,30,True,13.20483944605083,False,3.9,2061.1252472987367,43.89925429919342,631.5854512250799,15.61527925734287,830.5221427484402,12.53036067569624,36.50540252625171,28.094658347283517,1541.5751027240906,1577.35839293867,0.023680586474018453,0.017811207949350212
487,0.15,3919R_GLUT1647_WGA594_0002.nd2,3919,M,R,11.1,Homo,Experimental,30,False,7.5040110016044,False,2.55,1525.8242035296817,56.97478798991519,598.6837038734815,27.638551455420583,942.6795782718314,15.00664680265872,67.1881732752693,41.36190694476278,1430.269080907632,1870.7914279165711,0.046975897173581124,0.02210930963631042
488,0.15,3919R_GLUT1647_WGA594_0002.nd2,3919,M,R,11.1,Homo,Experimental,30,False,7.768714011516315,False,3.15,1853.98349328215,56.516122840690976,615.2892514395394,24.89481765834933,922.4644913627639,13.116698656429945,61.00518234165067,31.547792706333972,1487.0589251439535,1836.21669865643,0.04102405177773646,0.017180865814703496
489,0.15,3919R_GLUT1647_WGA594_0002.nd2,3919,M,R,11.1,Homo,Experimental,30,False,7.612757731958763,False,3.75,1806.6092139175257,136.08344072164948,646.1855670103093,47.33859536082474,952.448131443299,16.142396907216494,139.5786082474227,39.90431701030928,1486.019007731959,1684.2454896907218,0.09392787543172477,0.023692696376249114
490,0.15,3919R_GLUT1647_WGA594_0002.nd2,3919,M,R,11.1,Homo,Experimental,30,False,7.645705929274129,False,3.15,2113.9690241956923,123.32105822919436,779.3888593459186,97.47407604360542,842.4490826907738,17.726003722414248,186.34738101568735,48.93818133475139,1929.9286094123904,1723.6672427545866,0.09655661878209316,0.02839189613915471
491,0.15,3919R_GLUT1647_WGA594_0002.nd2,3919,M,R,11.1,Homo,Experimental,30,False,7.728043912175648,False,3.15,1631.324351297405,55.196107784431135,595.9021956087824,28.56187624750499,927.6037924151697,12.701097804391217,65.53792415169661,29.181137724550897,1369.7829341317365,1732.0618762475049,0.04784548158591208,0.016847630055671883
492,0.15,3919R_GLUT1647_WGA594_0002.nd2,3919,M,R,11.1,Homo,Experimental,30,True,8.254090233019335,False,3.4499999999999997,1714.7878036688148,45.119732275656915,628.8237481408032,12.874814080317304,921.9395141298958,17.711948438274668,33.030986613782844,38.11403073872087,1508.3698562221116,1614.6222112047594,0.021898466399025505,0.02360554095826656
493,0.15,3919R_GLUT1647_WGA594_0002.nd2,3919,M,R,11.1,Homo,Experimental,30,True,9.561429270680373,False,4.2,2268.045521292218,294.1331375428292,689.4694077337249,117.00832109642683,993.3348017621145,18.272148800783164,342.2026431718062,48.039647577092516,1673.6397454723447,1809.0538423886444,0.2044661308370325,0.026555123154135517
494,0.15,3919R_GLUT1647_WGA594_0002.nd2,3919,M,R,11.1,Homo,Experimental,30,True,17.131687242798353,False,3.4499999999999997,2009.1358024691358,269.83584819387283,598.738149672306,108.31153787532388,991.1655235482397,25.19067215363512,293.65477823502516,85.05974698978814,1532.2976680384088,1874.074074074074,0.19164342827131703,0.04538761203012411
495,0.15,3919R_GLUT1647_WGA594_0002.nd2,3919,M,R,11.1,Homo,Experimental,30,True,9.16255110384301,False,3.9,2152.5411283728536,120.53000817661488,635.1702371218315,38.19133278822568,964.5609157808668,17.16680294358136,120.55159443990189,40.40997547015535,1607.5825020441534,1820.8369582992643,0.07498936713146113,0.02219307735707425
496,0.15,3919R_GLUT1647_WGA594_0002.nd2,3919,M,R,11.1,Homo,Experimental,30,False,7.475930971843779,False,3.15,1782.501059642749,206.55918861640933,633.3893430214956,71.54586739327884,1039.8574023614894,28.792310021192854,197.63518013926736,100.88888888888887,1499.0929458068422,1896.9518619436876,0.13183650866484206,0.05318473858662621
497,0.15,3919R_GLUT1647_WGA594_0002.nd2,3919,M,R,11.1,Homo,Experimental,30,False,7.713912475506205,False,3.0,1534.5538863487918,52.42521227955584,529.5395166557806,9.577400391900717,911.7638798171131,18.56368386675376,27.568256041802734,52.99804049640758,1240.9330502939258,1734.9242325277594,0.02221574808993358,0.03054775505624831
498,0.15,3919R_GLUT1647_WGA594_0002.nd2,3919,M,R,11.1,Homo,Experimental,30,False,7.041642484039466,False,2.6999999999999997,2177.8707196749856,27.76813697040047,896.9756239117817,16.033372025536856,1010.2263493905978,27.78932095182821,32.595182820661634,41.324289030760305,2273.7930934416718,2027.3401044689494,0.014335157809510595,0.020383500992096723
499,0.15,3919R_GLUT1647_WGA594_0002.nd2,3919,M,R,11.1,Homo,Experimental,30,True,8.61038961038961,False,4.2,2177.3912337662337,334.51055194805195,681.1396103896104,154.48376623376623,1008.2053571428571,19.525974025974026,424.27597402597394,47.95048701298702,1694.8108766233768,1748.607142857143,0.2503382412032143,0.02742210404941967
500,0.15,3919R_GLUT1647_WGA594_0002.nd2,3919,M,R,11.1,Homo,Experimental,30,False,7.162548050521691,False,3.0,1893.2690829214719,128.9719934102142,758.2545304777594,106.19522240527183,939.0584843492585,19.942064799560683,201.13179571663923,53.97748489840747,1792.197693574959,1798.384404173531,0.11222634446952928,0.03001443116006862
