mask_id,Slice_Seperation,file_name,DJID,Sex,Eye,Age_Months,Genotype,Experimental_Condition,Time_Condition,eGFP_Value,eGFP_Raw_Intensity,In_Rip,Length_um,WGA_Middle_Integral,GLUT1_Middle_Integral,WGA_Top_Integral,GLUT1_Top_Integral,WGA_Bottom_Integral,GLUT1_Bottom_Integral,GLUT1_Top_Surface_Integral,GLUT1_Bot_Surface_Integral,WGA_Top_Surface_Integral,WGA_Bot_Surface_Integral,Top_Surface_Ratio,Bot_Surface_Ratio
0,0.15,3920L_GLUT3_WGA594_0001.nd2,3920,M,L,10.5,Homo,Control,0,False,12.036290322580646,False,4.35,2843.854502688172,733.6337365591397,623.5793010752689,113.85819892473118,752.5725806451611,94.29637096774195,586.3175403225806,208.5154569892473,2054.510080645161,1557.847110215054,0.2853807074718583,0.1338484730767082
1,0.15,3920L_GLUT3_WGA594_0001.nd2,3920,M,L,10.5,Homo,Control,0,False,12.16795466254508,False,5.1,3798.472694487378,1188.6540443070583,697.6756826378155,127.5164863472437,1007.6651210716126,140.61154044307057,655.7851622874806,373.27099433281825,2280.5517774343125,2046.0432766615145,0.2875554805535957,0.18243553232259907
2,0.15,3920L_GLUT3_WGA594_0001.nd2,3920,M,L,10.5,Homo,Control,0,False,25.972927241962775,False,4.05,3314.336040609137,781.3370558375634,838.727241962775,159.07343485617596,1044.1884940778343,136.7218274111675,579.5939086294416,340.482233502538,2291.2426395939087,2273.2010152284265,0.2529605108659145,0.1497809613939153
3,0.15,3920L_GLUT3_WGA594_0001.nd2,3920,M,L,10.5,Homo,Control,0,False,11.286795626576955,False,3.75,2840.1589571068125,691.2410989627137,749.583403420241,123.6560134566863,1012.103448275862,174.73423044575273,523.5982618446874,364.96944210821425,2212.057471264368,2030.442668909448,0.23670192508398485,0.1797487058840423
4,0.15,3920L_GLUT3_WGA594_0001.nd2,3920,M,L,10.5,Homo,Control,0,False,11.194115399312189,False,4.6499999999999995,2548.9709591134892,452.3167749331294,696.4627435995415,54.07374856706152,506.0756591517004,111.47153228888038,219.54795567443634,245.39052350019105,2122.5670615208255,1043.0940007642341,0.10343510914426872,0.23525254993356592
5,0.15,3920L_GLUT3_WGA594_0001.nd2,3920,M,L,10.5,Homo,Control,0,False,11.83879173290938,False,3.0,2695.063751987281,635.5739268680445,770.0739268680445,126.42368839427661,1153.9656597774247,166.6193958664547,536.3392686804452,392.27774244833074,2354.7777424483306,2264.3255961844197,0.22776640827375824,0.1732426392694372
6,0.15,3920L_GLUT3_WGA594_0001.nd2,3920,M,L,10.5,Homo,Control,0,False,10.779129984464008,False,4.2,3598.996116002071,1065.0642154324185,801.9893837389955,190.33039875712063,1287.3915069911964,162.16468151216986,738.5761263593992,407.79052304505444,2146.036768513724,2735.7105126877264,0.3441581883384567,0.1490620155728453
7,0.15,3920L_GLUT3_WGA594_0001.nd2,3920,M,L,10.5,Homo,Control,0,False,11.8389731621937,False,4.6499999999999995,3490.4763710618436,761.2992998833139,854.9749124854143,128.99270711785297,803.0105017502917,124.53267211201866,530.2415402567094,277.2946324387398,2566.286756126021,1660.7710035005834,0.20661819611193566,0.16696740962736975
8,0.15,3920L_GLUT3_WGA594_0001.nd2,3920,M,L,10.5,Homo,Control,0,False,10.906235912847484,False,3.3,3004.855146506386,648.2464312546958,606.8390683696468,87.87377911344853,1214.6518407212625,164.86070623591286,483.0574004507888,368.44012021036815,2170.2787377911345,2437.160781367393,0.22257850664031975,0.1511759597590649
9,0.15,3920L_GLUT3_WGA594_0001.nd2,3920,M,L,10.5,Homo,Control,0,False,11.7926267281106,False,4.5,3352.0291858678956,1008.126574500768,733.8344086021505,149.93824884792627,833.0304147465438,126.74162826420891,716.7450076804917,298.458064516129,2247.9493087557603,1793.3010752688174,0.31884393695568247,0.16642942372149636
10,0.15,3920L_GLUT3_WGA594_0001.nd2,3920,M,L,10.5,Homo,Control,0,False,10.912574510360487,False,3.5999999999999996,2908.96962815782,553.1703093954017,632.089412432586,91.14334374112971,1192.1779733181947,175.70366165200113,365.8330967925064,378.0703945500994,2028.8949758728356,2358.1842179960263,0.18031150017271058,0.16032267185274518
11,0.15,3920L_GLUT3_WGA594_0001.nd2,3920,M,L,10.5,Homo,Control,0,False,12.377421307506053,False,4.8,3067.537832929782,838.5735472154963,739.889225181598,128.24424939467312,702.3913438256659,127.4476392251816,592.2730024213075,271.1746368038741,2132.826876513317,1519.6746368038741,0.277693894869488,0.17844256279370363
12,0.15,3920L_GLUT3_WGA594_0001.nd2,3920,M,L,10.5,Homo,Control,0,False,10.149637442320369,False,3.4499999999999997,3513.5263678312463,665.6588661832564,773.6285431773236,145.05075807514834,1289.8918918918916,183.35332893869477,597.2274225444957,347.84014502307184,2705.3368490441662,2519.5438365194464,0.2207589870945293,0.1380567942423998
14,0.15,3920L_GLUT3_WGA594_0001.nd2,3920,M,L,10.5,Homo,Control,0,False,12.441117984975696,False,2.1,1638.917918692002,230.24569155987624,703.9850861688025,68.99072028281043,1043.5259611135662,145.90245249668584,242.8903004860804,296.0980998674326,1924.5577772867878,2044.0835174547065,0.12620577223122054,0.1448561652882628
15,0.15,3920L_GLUT3_WGA594_0001.nd2,3920,M,L,10.5,Homo,Control,0,False,8.807531380753138,False,3.15,3265.493723849373,262.58158995815893,689.2594142259414,53.68828451882845,1326.112970711297,62.43933054393306,244.0857740585774,126.98535564853557,2709.8430962343095,2439.7928870292885,0.09007376641022771,0.052047596467564905
16,0.15,3920L_GLUT3_WGA594_0001.nd2,3920,M,L,10.5,Homo,Control,0,False,11.048091839900714,False,4.5,3250.3592925845487,1191.7080359913125,637.146757679181,194.114799875892,1173.5392491467578,146.27086565311822,898.3834936394662,369.68879925535214,2012.4762643499844,2326.0651566863176,0.44640700094400254,0.1589331228287715
17,0.15,3920L_GLUT3_WGA594_0001.nd2,3920,M,L,10.5,Homo,Control,0,False,25.498597081930416,False,4.05,3441.297138047138,636.878787878788,824.4618406285074,78.6489898989899,1146.016835016835,135.9208754208754,363.62261503928164,334.4840067340067,2429.7149270482605,2333.5592031425367,0.14965649302777614,0.14333641344242168
18,0.15,3920L_GLUT3_WGA594_0001.nd2,3920,M,L,10.5,Homo,Control,0,True,58.782464702806344,False,2.25,1872.060484573819,645.2461216663762,766.9691476381385,93.88704898030329,1063.1610597873453,261.8478298762419,527.2255534251351,699.812271221893,2112.545755621405,2071.353843472198,0.24956882094610622,0.3378525950200772
19,0.15,3920L_GLUT3_WGA594_0001.nd2,3920,M,L,10.5,Homo,Control,0,False,10.053779616397142,False,4.05,2660.3798420458816,812.996615268898,590.5114704776232,88.49003384731103,947.1071831515608,187.33809702895826,440.52989845806695,459.36442271530655,1826.1417826250472,1947.3448664911623,0.24123532063584507,0.23589269195189638
20,0.15,3920L_GLUT3_WGA594_0001.nd2,3920,M,L,10.5,Homo,Control,0,False,12.781712626995645,False,2.6999999999999997,1953.0391872278663,258.85631349782295,528.1808417997097,54.49840348330915,1098.978809869376,140.86850507982584,217.53933236574747,261.71291727140783,1665.7370101596516,2055.9753265602326,0.13059644532055967,0.12729380255222658
21,0.15,3920L_GLUT3_WGA594_0001.nd2,3920,M,L,10.5,Homo,Control,0,False,10.129274708756107,False,4.2,2781.336715520481,1025.6587748966554,828.2476512589252,84.39534009770763,816.4171364148816,146.6031567080045,476.206313416009,462.2589252160842,2317.5148440435923,1650.8308906426155,0.20548145123641398,0.28001591673399184
22,0.15,3920L_GLUT3_WGA594_0001.nd2,3920,M,L,10.5,Homo,Control,0,True,27.652018395503323,False,4.05,3490.212740589338,648.9448134900357,842.8351217850452,91.04871401805484,1075.2641798671434,136.4890137966275,391.6618974621019,333.4067450178845,2529.558507920286,2214.938511326861,0.15483409307820775,0.15052641114545293
23,0.15,3920L_GLUT3_WGA594_0001.nd2,3920,M,L,10.5,Homo,Control,0,False,10.97126213592233,False,4.6499999999999995,3090.914174757281,785.6955339805826,738.4097087378641,115.3759223300971,745.9001941747572,159.92466019417478,538.3619417475728,314.39223300970883,2336.651262135922,1508.8085436893205,0.23039892622036318,0.2083711908476875
24,0.15,3920L_GLUT3_WGA594_0001.nd2,3920,M,L,10.5,Homo,Control,0,False,26.566966108615762,False,3.9,3073.7121273989383,870.3440179665168,736.1586361780319,124.3856676194365,808.2060024499796,157.95549203756636,570.955900367497,395.35095957533684,2363.760514495713,1693.7155982033482,0.24154557827077727,0.23342228175421859
25,0.15,3920L_GLUT3_WGA594_0001.nd2,3920,M,L,10.5,Homo,Control,0,True,47.35127230184264,False,3.5999999999999996,2722.0535244223456,573.5323193916349,746.2579701667155,41.9432582626499,867.0734132787366,116.10763381105586,282.219654869845,331.73471775372917,2214.2421760748753,1800.1339572974553,0.12745654378697086,0.18428335091893003
26,0.15,3920L_GLUT3_WGA594_0001.nd2,3920,M,L,10.5,Homo,Control,0,False,10.84660766961652,False,4.2,3267.8805309734507,759.0884955752214,721.2949852507375,64.66224188790561,960.0058997050148,134.0457227138643,335.9469026548673,419.6253687315634,2382.3761061946902,1986.622418879056,0.14101337810656056,0.2112255276814682
27,0.15,3920L_GLUT3_WGA594_0001.nd2,3920,M,L,10.5,Homo,Control,0,False,10.45920138888889,False,4.5,2995.3689236111113,930.8159722222222,754.4036458333334,95.59635416666667,942.0763888888889,161.43836805555557,453.36979166666663,430.27777777777777,2173.6414930555557,1904.9565972222222,0.20857615808085747,0.22587274607999053
28,0.15,3920L_GLUT3_WGA594_0001.nd2,3920,M,L,10.5,Homo,Control,0,False,11.257766272189349,False,4.35,3050.16050295858,553.2751479289941,644.0669378698225,80.91678994082841,726.3158284023668,88.7766272189349,387.7511094674556,207.05917159763314,2186.2000739644973,1600.8258136094676,0.17736304837109454,0.12934522284518
29,0.15,3920L_GLUT3_WGA594_0001.nd2,3920,M,L,10.5,Homo,Control,0,False,12.216788321167883,False,4.2,3444.2386861313867,716.2240875912408,670.0153284671533,59.730656934306566,1042.9416058394158,142.53503649635036,351.56277372262775,364.6591240875913,2388.8540145985403,2075.322627737226,0.14716796069336607,0.17571201663482458
30,0.15,3920L_GLUT3_WGA594_0001.nd2,3920,M,L,10.5,Homo,Control,0,False,16.556217537427436,False,4.05,3902.6263366941644,769.304155209288,718.3617476321418,125.00274977085243,907.6625420103879,148.3762603116407,577.8516651390162,329.2140238313474,2639.3553315001527,1957.3253895508708,0.21893666920951402,0.16819585828133005
31,0.15,3920L_GLUT3_WGA594_0001.nd2,3920,M,L,10.5,Homo,Control,0,False,12.414814814814815,False,2.55,2896.9387654320985,498.17827160493823,836.0251851851851,102.7432098765432,1332.753580246914,306.1930864197531,419.9674074074074,554.3012345679012,2815.7066666666665,2676.5244444444443,0.1491516898330108,0.2070973929337512
32,0.15,3920L_GLUT3_WGA594_0001.nd2,3920,M,L,10.5,Homo,Control,0,False,11.05765062852189,False,2.1,2760.846770697876,369.4284785435631,1045.433680104031,143.95296922410057,1608.767446900737,204.74208929345468,446.4900303424361,408.6322063285652,3102.832899869961,3416.741439098396,0.14389754290704743,0.11959705280958995
33,0.15,3920L_GLUT3_WGA594_0001.nd2,3920,M,L,10.5,Homo,Control,0,False,15.245746691871455,False,4.05,2769.077032136106,488.5434782608696,774.0968809073725,58.76606805293006,646.6890359168242,109.60491493383742,276.23156899810965,258.9692816635161,2342.585066162571,1401.1006616257089,0.11791741225884675,0.18483274525260152
34,0.15,3920L_GLUT3_WGA594_0001.nd2,3920,M,L,10.5,Homo,Control,0,False,12.528748916498122,False,4.5,3356.9774631609357,415.3120485408841,662.4536261196185,63.086391216411435,661.167292689974,82.67003756139843,303.50621207743427,173.6469228546663,2418.863045362612,1482.9321005489742,0.12547474015087764,0.11709701529178784
35,0.15,3920L_GLUT3_WGA594_0001.nd2,3920,M,L,10.5,Homo,Control,0,False,11.802807304442627,False,3.3,2626.7726901062956,661.3477786862904,813.2497955846279,135.44630689561188,1086.325429272281,188.882801853366,495.7563368765331,439.6747070046334,2218.3192968111202,2137.742164077405,0.22348285821125619,0.20567246808007164
36,0.15,3920L_GLUT3_WGA594_0001.nd2,3920,M,L,10.5,Homo,Control,0,False,11.329585675619404,False,4.5,4434.986883198002,969.0818238600874,776.2048719550281,119.05996252342285,934.382469290027,151.07953362481783,500.6318967312096,447.8076202373516,2798.56610451801,2088.799292109098,0.17888871587595828,0.2143851838369747
37,0.15,3920L_GLUT3_WGA594_0001.nd2,3920,M,L,10.5,Homo,Control,0,False,13.941044608832101,False,3.5999999999999996,2706.998430845102,492.90943734588654,760.7269670477472,67.47904057386236,770.4877830082941,114.46021071508632,319.7359336471643,281.1690203990137,2352.466935664649,1573.9500112082492,0.13591516582010044,0.1786391044167744
38,0.15,3920L_GLUT3_WGA594_0001.nd2,3920,M,L,10.5,Homo,Control,0,False,12.935213158778113,False,4.6499999999999995,3395.2410204766697,809.1681772406848,742.7143336690165,84.96710305471635,822.8227593152064,150.16616314199396,448.4236320913059,351.9479691171534,2425.8442430345754,1744.981873111782,0.18485260683116106,0.20169147573409085
39,0.15,3920L_GLUT3_WGA594_0001.nd2,3920,M,L,10.5,Homo,Control,0,True,60.16345298131118,False,3.4499999999999997,2710.226045683773,541.5461287451794,626.7073568673984,88.84351824384456,879.8070305547316,131.37748442598635,423.540789083358,289.3767428062889,2185.7680213586473,1783.5180955206172,0.19377206773301134,0.16225052245506852
40,0.15,3920L_GLUT3_WGA594_0001.nd2,3920,M,L,10.5,Homo,Control,0,False,11.485018726591761,False,3.75,2954.3626716604244,907.7315855181024,696.2940074906368,161.5374531835206,1194.887640449438,164.48314606741573,665.6928838951311,432.9138576779026,2126.0393258426966,2332.649188514357,0.3131140970928517,0.1855889260200423
41,0.15,3920L_GLUT3_WGA594_0001.nd2,3920,M,L,10.5,Homo,Control,0,True,30.665106117353307,False,4.2,3091.931335830212,876.9709737827715,697.0600811485642,127.45021847690387,797.0802122347067,142.58286516853934,597.0279338327092,348.9188514357054,2294.5070224719107,1666.2003745318352,0.2601987825644225,0.20940989857461995
42,0.15,3920L_GLUT3_WGA594_0001.nd2,3920,M,L,10.5,Homo,Control,0,False,21.12822867638618,False,4.6499999999999995,4208.896223166111,1258.9610836872919,733.1571576168064,116.56273676960166,814.4267018711973,177.8862357938239,590.4899552290208,509.087246010791,2709.299047181724,1786.7201239811732,0.21794934591781673,0.2849283663277054
43,0.15,3920L_GLUT3_WGA594_0001.nd2,3920,M,L,10.5,Homo,Control,0,False,27.145706371191135,False,3.0,2284.187534626039,440.1648199445983,637.7379501385042,114.07936288088644,844.3340720221607,113.58795013850416,465.8531855955679,201.97894736842105,2035.0975069252079,1731.162049861496,0.22890951613390606,0.11667246713534453
44,0.15,3920L_GLUT3_WGA594_0001.nd2,3920,M,L,10.5,Homo,Control,0,False,10.954659949622167,False,4.5,3260.382151853185,1031.7146455559555,768.4627563871896,98.31666066930549,906.5692695214105,163.3278157610651,595.0521770421014,396.6948542641238,2357.214105793451,1850.6923353724362,0.25243874774871317,0.2143494338210961
45,0.15,3920L_GLUT3_WGA594_0001.nd2,3920,M,L,10.5,Homo,Control,0,False,12.802056827820186,False,2.25,2203.309372349449,677.3059796437658,818.570610687023,141.7313401187447,1167.423027989822,203.84276929601359,669.270780322307,573.3246395250212,2418.0099660729434,2370.497455470738,0.27678578240488416,0.24185836529875934
46,0.15,3920L_GLUT3_WGA594_0001.nd2,3920,M,L,10.5,Homo,Control,0,False,11.360966236618172,False,3.5999999999999996,2633.3873181443864,685.9258852594016,762.7370299203952,114.54103760636838,894.4814713148505,168.89569036508374,487.2292066977766,385.7705188031842,2216.2407356574254,1770.6964040625858,0.2198448926863737,0.21786372746795787
47,0.15,3920L_GLUT3_WGA594_0001.nd2,3920,M,L,10.5,Homo,Control,0,False,10.649887060342046,False,4.2,3424.247176508551,739.5072604065828,720.4578896418199,109.14972571797354,1000.8596321393997,155.76476282671828,505.31978057437885,339.6182639561149,2265.7576637625043,2178.886414972572,0.22302463703697584,0.1558678146884449
48,0.15,3920L_GLUT3_WGA594_0001.nd2,3920,M,L,10.5,Homo,Control,0,False,12.455221824193993,False,4.8,3811.0829429594933,938.3637365665472,690.3138605676495,115.29291815927252,790.4516395701295,155.6585836318545,551.5775695783963,369.97657756957835,2552.321025075779,1670.6169743731054,0.21610822626123993,0.22146104298288427
49,0.15,3920L_GLUT3_WGA594_0001.nd2,3920,M,L,10.5,Homo,Control,0,False,10.248271092669432,False,4.5,3310.202627939143,832.374827109267,739.8118948824342,125.4764868603043,902.3499308437068,131.86652835408023,607.2019363762101,291.70401106500685,2342.6680497925313,1887.536652835408,0.2591924777520163,0.15454217041391846
50,0.15,3920L_GLUT3_WGA594_0001.nd2,3920,M,L,10.5,Homo,Control,0,False,11.030068728522338,False,3.5999999999999996,2632.4936998854528,446.2342497136312,702.6841351660939,52.338487972508595,887.8402061855669,122.20475372279495,281.774627720504,275.59163802978236,2150.0787514318445,1809.8777205040092,0.13105316609117515,0.1522708605711973
51,0.15,3920L_GLUT3_WGA594_0001.nd2,3920,M,L,10.5,Homo,Control,0,False,11.919795451487014,False,2.85,2558.5027587134978,580.2437087875119,849.7155160812811,117.73825864621182,1174.943883730319,171.8597766114924,485.36495761001214,412.6694926658592,2375.3419459023016,2301.5923832593194,0.2043347731249029,0.1792973837015709
52,0.15,3920L_GLUT3_WGA594_0001.nd2,3920,M,L,10.5,Homo,Control,0,False,12.264499681325685,False,4.35,3397.27597195666,948.6845124282981,776.9602719354154,146.38665816868493,785.491395793499,144.3979179944763,607.8051837688549,381.87720416401095,2385.249415763756,1719.990014871468,0.254818292691725,0.22202291923918407
53,0.15,3920L_GLUT3_WGA594_0001.nd2,3920,M,L,10.5,Homo,Control,0,False,11.538428262436915,False,3.0,2462.6953136265324,526.3945205479451,675.6647440519107,94.00331651045423,1137.6510454217737,123.47772170151406,424.4451333813986,319.4304253785147,2064.8428262436914,2211.1682768565247,0.20555808315615876,0.14446228662100216
54,0.15,3920L_GLUT3_WGA594_0001.nd2,3920,M,L,10.5,Homo,Control,0,False,10.77940686437854,False,3.5999999999999996,2692.9116961012996,934.22125958014,768.2909030323226,121.68043985338221,916.6297900699766,196.76741086304568,612.5011662779073,502.21626124625124,2244.503832055981,1833.677440853049,0.2728893386280619,0.27388473569954275
55,0.15,3920L_GLUT3_WGA594_0001.nd2,3920,M,L,10.5,Homo,Control,0,False,11.862706433325117,False,3.15,2777.125462164161,828.6324870594036,639.3317722455016,106.53758935173772,1148.14197683017,187.33596253389203,607.3228986936159,477.49987675622384,2211.145181168351,2257.5358639388714,0.2746644154648911,0.2115137501838391
56,0.15,3920L_GLUT3_WGA594_0001.nd2,3920,M,L,10.5,Homo,Control,0,False,11.145211930926216,False,4.2,3132.222527472527,1347.9529042386187,613.3928571428571,123.89481946624804,847.5082417582418,165.60557299843015,789.0204081632653,485.1589481946625,2172.3489010989015,1777.1836734693877,0.36321071986370723,0.27299313820925636
57,0.15,3920L_GLUT3_WGA594_0001.nd2,3920,M,L,10.5,Homo,Control,0,False,11.17479035639413,False,4.35,3023.3168238993712,825.1381027253669,802.8105345911949,131.04638364779873,898.3846960167714,177.04166666666666,564.030398322851,382.3883647798743,2191.7091194968552,1860.6996855345913,0.257347288153062,0.2055078354409522
58,0.15,3920L_GLUT3_WGA594_0001.nd2,3920,M,L,10.5,Homo,Control,0,False,9.90687601515972,False,1.5,1432.3113156469951,297.43502977801836,611.8042772062804,71.17379534380076,1290.4149972929074,253.98077964266378,368.6088251218191,551.4158094206821,2044.1155928532755,2722.7263129399025,0.18032680070078477,0.20252340707181948
59,0.15,3920L_GLUT3_WGA594_0001.nd2,3920,M,L,10.5,Homo,Control,0,False,11.38888888888889,False,4.6499999999999995,3237.4373522458627,1107.736997635934,759.5026595744681,105.38682033096927,631.0183215130023,153.46690307328606,500.987293144208,449.6947399527187,2480.214539007092,1317.8374704491728,0.20199353131151673,0.3412368748321023
60,0.15,3920L_GLUT3_WGA594_0001.nd2,3920,M,L,10.5,Homo,Control,0,True,45.071121351766514,False,2.6999999999999997,3039.1807987711213,979.6705069124423,805.6167434715823,152.43287250384023,1450.590168970814,323.82304147465436,800.6116743471581,764.536559139785,2645.4930875576038,2950.033794162827,0.30263230628446136,0.25916196643325184
61,0.15,3920L_GLUT3_WGA594_0001.nd2,3920,M,L,10.5,Homo,Control,0,False,13.60586011342155,False,3.75,2913.258034026465,677.6862003780718,661.4092627599243,90.50094517958412,905.18809073724,135.031190926276,447.15879017013236,335.1436672967864,2221.878071833649,1831.6672967863892,0.2012526231023585,0.1829719119213336
62,0.15,3920L_GLUT3_WGA594_0001.nd2,3920,M,L,10.5,Homo,Control,0,False,15.782091167320438,False,3.0,2737.381171378331,910.6058433653455,720.4187745164345,142.6811849046395,1293.2936561612337,186.09901257946706,715.3069119437306,524.0791289057216,2214.399837684296,2536.693764371703,0.3230251826118996,0.2065992893058289
63,0.15,3920L_GLUT3_WGA594_0001.nd2,3920,M,L,10.5,Homo,Control,0,False,10.82,False,3.3,2481.988275862069,733.9172413793103,555.6045977011495,106.91034482758621,1071.1864367816092,131.26827586206895,604.2354022988505,315.40091954022984,1867.0094252873564,2091.6772413793105,0.3236381102928021,0.15078852190993178
64,0.15,3920L_GLUT3_WGA594_0001.nd2,3920,M,L,10.5,Homo,Control,0,False,16.143553299492385,False,4.5,3316.8422335025375,349.2282233502538,575.0154314720812,53.299289340101524,1096.4365482233504,112.12893401015228,217.64345177664975,218.25989847715738,1898.1139086294413,2310.9045685279184,0.1146630087831779,0.09444781989253337
65,0.15,3920L_GLUT3_WGA594_0001.nd2,3920,M,L,10.5,Homo,Control,0,False,11.297808012093727,False,3.5999999999999996,2748.9521289997483,756.8324514991182,642.7127739984883,115.59964726631392,975.5036533131771,198.75888133030992,584.5371630133535,396.8316956412195,2123.1347946586043,1942.9816074577977,0.2753179706177562,0.20423852398707731
66,0.15,3920L_GLUT3_WGA594_0001.nd2,3920,M,L,10.5,Homo,Control,0,False,11.354154561301568,False,4.5,2887.993898895991,976.5705984892504,650.7173155142359,157.21005229517723,908.8399186519466,155.27338756536898,653.0392213829168,362.96106914584544,1792.4944799535156,1893.4770482277745,0.3643186791849155,0.19169023964962437
67,0.15,3920L_GLUT3_WGA594_0001.nd2,3920,M,L,10.5,Homo,Control,0,False,10.011194029850746,False,3.3,2308.8704206241523,418.5613975576661,620.3537991858888,57.66383989145183,923.5132293080053,151.9131614654003,257.1685888738127,337.39620081411124,1913.569877883311,1816.2394843962009,0.1343920553130147,0.18576636160196508
68,0.15,3920L_GLUT3_WGA594_0001.nd2,3920,M,L,10.5,Homo,Control,0,True,48.80792037272342,False,2.85,2394.3915713680644,745.4968233799236,767.0982634476916,119.5129182549767,1155.9557390936043,223.98072850487083,581.3096145700973,546.1124523506988,2129.005294366794,2289.6713257094452,0.273042822443046,0.23851128597310278
69,0.15,3920L_GLUT3_WGA594_0001.nd2,3920,M,L,10.5,Homo,Control,0,False,12.077613350125944,False,3.5999999999999996,3389.8501259445843,768.8402078085642,824.8422544080604,133.805258186398,963.4858312342569,205.22811712846348,539.4778022670025,451.1298803526449,2731.9367128463473,1944.0522670025184,0.1974708270986746,0.23205645651093004
70,0.15,3920L_GLUT3_WGA594_0001.nd2,3920,M,L,10.5,Homo,Control,0,False,12.05105105105105,False,2.85,2620.778778778779,761.8568568568569,637.4474474474475,136.65265265265265,1235.3143143143143,173.89189189189187,677.4994994994995,426.14114114114113,2141.256256256256,2467.8908908908907,0.31640281144305005,0.17267422263846813
71,0.15,3920L_GLUT3_WGA594_0001.nd2,3920,M,L,10.5,Homo,Control,0,False,11.228754940711463,False,3.5999999999999996,3312.366600790514,681.1403162055336,668.6017786561265,105.22727272727273,1219.6961462450593,164.391057312253,493.98542490118575,371.42761857707507,2265.483448616601,2514.8530138339925,0.21804856936952416,0.14769356957797666
72,0.15,3920L_GLUT3_WGA594_0001.nd2,3920,M,L,10.5,Homo,Control,0,False,10.608326703792098,False,3.5999999999999996,2585.437814903209,714.2954123574649,643.5531689207107,125.3436754176611,1003.71625563511,164.50039777247414,559.5189604879342,367.9387430389817,1919.6361707769825,2048.220100769027,0.2914713574403352,0.17963828345441735
73,0.15,3920L_GLUT3_WGA594_0001.nd2,3920,M,L,10.5,Homo,Control,0,False,11.260019236934916,False,5.1,3916.893235011222,1011.4421288874639,734.2760500160308,129.53959602436677,935.4462968900289,167.0650849631292,564.6248797691568,409.2484770759859,2381.2532863097144,1983.4280218018594,0.23711248316812597,0.20633391914277846
74,0.15,3920L_GLUT3_WGA594_0001.nd2,3920,M,L,10.5,Homo,Control,0,False,10.919210897134805,False,2.25,2554.028417097229,347.334429309535,800.4001878816346,98.92273367778299,1574.2980272428372,223.99929544387038,337.63151714419917,428.8381869422264,2574.660403945514,3097.433067167684,0.13113633030080352,0.13844954116614996
75,0.15,3920L_GLUT3_WGA594_0001.nd2,3920,M,L,10.5,Homo,Control,0,False,12.91228213730464,False,2.55,2402.4797479747976,568.7729318386384,681.72244497177,118.4501268308649,1283.691514606006,158.92791097291547,529.1647164716472,401.12609442762454,2207.255298257098,2475.91751902463,0.23973879092712497,0.1620110893619935
76,0.15,3920L_GLUT3_WGA594_0001.nd2,3920,M,L,10.5,Homo,Control,0,False,10.579275418776783,False,,,,869.1115439553305,123.69159849370213,,,400.3274899363719,,2899.375535644722,,0.13807369380570866,
77,0.15,3920L_GLUT3_WGA594_0001.nd2,3920,M,L,10.5,Homo,Control,0,False,11.224577340398687,False,3.3,3012.607368155438,565.4953318193288,713.7347968710574,99.6818067120868,1377.6502649507947,154.63689124400705,435.4852384557154,343.63840524854913,2168.4728740852893,2744.551854655564,0.20082577174935282,0.1252074740965953
78,0.15,3920L_GLUT3_WGA594_0001.nd2,3920,M,L,10.5,Homo,Control,0,False,11.274122159929183,False,4.5,3823.0566538802004,799.0926526999114,894.6246680436707,140.61109471820595,1069.581587488935,153.1153732664503,537.5104750663912,344.32516966656834,2626.874299203305,2249.372381233402,0.20461979289584234,0.15307610804653163
79,0.15,3920L_GLUT3_WGA594_0001.nd2,3920,M,L,10.5,Homo,Control,0,False,11.180685358255452,False,4.05,3394.740186915888,1075.3230529595016,833.8897196261681,124.76292834890965,1110.7376947040498,205.1619937694704,630.4426791277258,512.8666666666667,2366.5934579439254,2360.111214953271,0.2663924710057504,0.21730614363307502
80,0.15,3920L_GLUT3_WGA594_0001.nd2,3920,M,L,10.5,Homo,Control,0,False,14.174642738451313,False,3.4499999999999997,2594.7215021601855,428.7394483217015,531.2821535393819,46.31073446327684,1029.0649717514125,123.96294449983382,292.4365237620472,262.9091060152875,1983.3207045530078,1952.0004985044866,0.1474479256384082,0.13468700761947228
81,0.15,3920L_GLUT3_WGA594_0001.nd2,3920,M,L,10.5,Homo,Control,0,False,11.521385353640726,False,4.2,4482.19945754225,603.5829334446067,1101.2864594199875,157.7423325683288,1037.6736907990821,140.4938451909034,468.32464010014604,291.3847277279366,3457.8587523471733,2128.3525975380767,0.13543775892588156,0.13690622881988126
82,0.15,3920L_GLUT3_WGA594_0001.nd2,3920,M,L,10.5,Homo,Control,0,False,12.357194609476887,False,3.4499999999999997,3115.8590059411677,604.318649471091,685.2217069989856,108.77698884219679,1267.0965077524997,136.55789016084626,489.78829155194893,302.5793363280684,2146.735835386176,2607.96464280539,0.22815489613506218,0.1160212570990163
83,0.15,3920L_GLUT3_WGA594_0001.nd2,3920,M,L,10.5,Homo,Control,0,False,10.599349593495935,False,4.2,4072.5658536585365,722.5590243902441,855.5339837398375,148.4708943089431,1048.588292682927,142.24845528455285,540.5281300813008,311.23447154471546,3006.227967479675,2070.230894308943,0.17980277474913595,0.15033804799276151
84,0.15,3920L_GLUT3_WGA594_0001.nd2,3920,M,L,10.5,Homo,Control,0,False,10.787730268717254,False,3.0,2238.401723846544,353.4331586952848,552.0319418624304,41.57748859219199,1071.4585093797532,128.4623964847051,224.09329051884404,299.37975325333787,1764.084840290688,2097.8073347980394,0.12703090316331822,0.14271079535631417
85,0.15,3920L_GLUT3_WGA594_0001.nd2,3920,M,L,10.5,Homo,Control,0,False,10.74103685196752,False,3.4499999999999997,4430.610743285447,668.4763272954403,885.2704559650218,107.15265459088069,1572.7128044971894,230.9738913179263,415.90043722673323,522.7862585883822,3128.4012492192383,3215.8071205496562,0.13294344430099253,0.162567666215947
86,0.15,3920L_GLUT3_WGA594_0001.nd2,3920,M,L,10.5,Homo,Control,0,False,13.16816223977028,False,3.5999999999999996,3211.7946877243357,565.8205312275663,552.8077889447236,60.05958363244795,1049.9456209619525,129.85606604450825,335.5812993539124,327.20190236898776,2276.7844580043075,2146.503589375449,0.14739265202471682,0.15243482656564813
87,0.15,3920L_GLUT3_WGA594_0001.nd2,3920,M,L,10.5,Homo,Control,0,False,11.186261558784677,False,2.6999999999999997,2049.0097424042274,524.6098084544253,704.5353368560106,129.86245046235138,992.9088507265523,164.5343461030383,493.61822985468956,371.63639365918095,1941.5594451783356,1972.6928665786,0.2542380204121692,0.18839039769213536
88,0.15,3920L_GLUT3_WGA594_0001.nd2,3920,M,L,10.5,Homo,Control,0,False,10.511845178511845,False,3.4499999999999997,2437.123456790124,847.5802469135803,623.9836503169836,150.8381715048382,1013.1441441441441,182.95962629295965,654.1741741741743,443.29963296629967,1915.3503503503503,1983.0046713380045,0.3415428274281594,0.22354946479636353
89,0.15,3920L_GLUT3_WGA594_0001.nd2,3920,M,L,10.5,Homo,Control,0,False,10.630958230958232,False,3.15,2326.5987714987714,374.6167076167076,593.9513513513514,52.73685503685503,1042.8056511056511,121.38574938574939,258.93292383292385,271.63194103194104,1801.4732186732188,2072.1024570024574,0.14373398457936964,0.13109001445077623
90,0.15,3920L_GLUT3_WGA594_0001.nd2,3920,M,L,10.5,Homo,Control,0,False,12.190371991247265,False,1.95,2131.2421590080235,392.72137126185265,649.3610503282275,72.53683442742525,1423.5222465353756,151.74033552151715,391.17870167760765,451.4325309992706,2325.847556528082,2887.434719183078,0.16818759276792036,0.15634380510842902
91,0.15,3920L_GLUT3_WGA594_0002.nd2,3920,M,L,10.5,Homo,Control,0,False,10.63973063973064,False,2.85,1544.7016835016836,189.1824915824916,646.9959595959596,31.562289562289564,722.9306397306397,91.60673400673402,130.78787878787878,190.6949494949495,1639.500336700337,1321.8127946127947,0.07977301124018239,0.1442677437169238
92,0.15,3920L_GLUT3_WGA594_0002.nd2,3920,M,L,10.5,Homo,Control,0,False,11.478751311647429,False,,,,1859.7127492130116,121.22901364113328,,,201.22875131164741,,3476.2667890870935,,0.05788645219732756,
93,0.15,3920L_GLUT3_WGA594_0002.nd2,3920,M,L,10.5,Homo,Control,0,True,102.59812050856827,False,3.3,2150.92730790492,1044.2070204532893,605.3037589828635,91.55859590934217,739.7202874516308,209.25981205085685,601.8562741846324,643.9441680486457,1856.2788833609732,1505.739358761747,0.3242272912650459,0.42765978341576766
94,0.15,3920L_GLUT3_WGA594_0002.nd2,3920,M,L,10.5,Homo,Control,0,False,11.623474968447622,False,6.0,2878.3277240218763,270.43752629364747,733.4295330248211,39.11274716028608,713.8552797644089,56.570887673538074,161.8397139251157,114.10685738325621,1978.3782078249894,1389.4795961295752,0.08180423403624161,0.08212201006844813
95,0.15,3920L_GLUT3_WGA594_0002.nd2,3920,M,L,10.5,Homo,Control,0,False,11.384922901199314,False,4.95,3326.2421473443746,380.72215876641917,738.0248429468875,25.870930896630497,916.820102798401,69.64791547687035,130.9825813820674,182.62992575671043,2218.089377498572,1842.8123929183323,0.059051985330627964,0.09910391663227978
96,0.15,3920L_GLUT3_WGA594_0002.nd2,3920,M,L,10.5,Homo,Control,0,False,12.973888091822095,False,4.5,3520.445911047346,394.0166427546629,706.4694404591105,34.71506456241033,1095.2338593974175,103.62926829268292,157.8835007173601,275.6011477761836,2262.741176470588,2266.857962697274,0.0697753248843184,0.12157848101265821
97,0.15,3920L_GLUT3_WGA594_0002.nd2,3920,M,L,10.5,Homo,Control,0,False,11.958630527817403,False,4.35,3541.901569186876,276.9914407988587,649.1669044222539,23.942938659058488,974.3437945791727,53.54778887303851,109.44793152639087,149.73466476462198,2353.7246790299573,1956.8102710413693,0.04649988696702528,0.07651976636699512
98,0.15,3920L_GLUT3_WGA594_0002.nd2,3920,M,L,10.5,Homo,Control,0,False,13.971785670090336,False,4.05,3060.0535824774165,315.3175349585447,602.8823165449821,32.56168790991214,823.3656725652766,77.23227323351071,157.52419255042693,187.94282885781462,2087.597327063482,1772.1604999381266,0.07545717294628283,0.10605293869509927
99,0.15,3920L_GLUT3_WGA594_0002.nd2,3920,M,L,10.5,Homo,Control,0,False,12.824631860776439,False,3.75,2914.5421686746986,216.38955823293173,811.9183400267738,32.43239625167336,835.4578313253013,79.24765729585006,126.66131191432397,161.25568942436414,2386.2931726907636,1676.5194109772422,0.053078688471250066,0.09618480309176276
100,0.15,3920L_GLUT3_WGA594_0002.nd2,3920,M,L,10.5,Homo,Control,0,False,11.98378509196515,False,5.25,3387.458857696031,435.4300580832526,767.9048886737658,74.75895450145208,830.1212487899323,69.47652468538239,300.73620522749275,134.0801064859632,2273.334462729913,1658.2272507260404,0.13228858760463977,0.08085749792572604
101,0.15,3920L_GLUT3_WGA594_0002.nd2,3920,M,L,10.5,Homo,Control,0,False,12.01143674052895,False,3.9,2193.961937097927,132.0157255182273,1330.0178699070766,75.33220157255182,437.4664045746962,33.130629020729096,135.57594710507507,79.15707648320229,2648.134917798428,949.1508220157255,0.05119676727717047,0.08339778531202792
102,0.15,3920L_GLUT3_WGA594_0002.nd2,3920,M,L,10.5,Homo,Control,0,False,11.268073003081298,False,2.6999999999999997,2146.852571699455,187.51362882199575,761.1846409101682,32.64588765110216,1194.7399857786206,51.32187722209054,148.54136051196966,145.7862052619104,2002.0820099549655,2276.0272576439916,0.07419344451095233,0.06405292589194192
103,0.15,3920L_GLUT3_WGA594_0002.nd2,3920,M,L,10.5,Homo,Control,0,False,11.326231691078561,False,4.5,2650.013315579227,170.79061251664453,1581.5099866844207,219.26930758988019,425.3262316910786,31.66844207723036,296.1757656458056,73.09753661784288,3116.6181757656454,874.6108521970706,0.09503113597579063,0.08357721200716621
104,0.15,3920L_GLUT3_WGA594_0002.nd2,3920,M,L,10.5,Homo,Control,0,False,11.741515692778771,False,4.95,3948.29318703751,279.7305435059964,715.5003827507016,37.64965552436846,889.1214595560091,47.40367440673641,149.56749170706811,121.11457004337841,2542.6539933656545,1808.4337841286042,0.05882337592819263,0.0669720788819136
105,0.15,3920L_GLUT3_WGA594_0002.nd2,3920,M,L,10.5,Homo,Control,0,False,12.352142355420277,False,4.35,3235.548583469913,281.92788574104424,644.5354717864669,26.227113088269725,884.6977288691173,61.45282135331304,125.49543432451418,160.90166237415124,2285.7944275345353,1745.9047061578085,0.0549023275290219,0.09215947571860643
106,0.15,3920L_GLUT3_WGA594_0002.nd2,3920,M,L,10.5,Homo,Control,0,False,13.99155446756426,False,5.55,4412.201223990208,679.8243574051406,627.6933904528763,27.305752753977966,671.727417380661,166.05361077111385,131.4798041615667,450.16389228886163,2450.325581395349,1356.7665850673195,0.05365809554446839,0.3317917003878199
107,0.15,3920L_GLUT3_WGA594_0002.nd2,3920,M,L,10.5,Homo,Control,0,False,11.780152671755726,False,4.6499999999999995,3248.7201017811703,233.4287531806616,756.547582697201,23.5824427480916,791.5404580152672,63.28575063613231,103.00203562340965,135.6086513994911,2431.37048346056,1482.1666666666667,0.0423637764479263,0.09149352393983431
108,0.15,3920L_GLUT3_WGA594_0002.nd2,3920,M,L,10.5,Homo,Control,0,False,11.717697729052468,False,4.2,3103.6945967110423,210.9943226311668,762.7740798747064,23.38410336726703,995.0117462803446,62.19166014095536,101.87764291307752,140.56851996867655,2326.166014095537,1891.464173844949,0.04379637665400667,0.07431730503408389
109,0.15,3920L_GLUT3_WGA594_0002.nd2,3920,M,L,10.5,Homo,Control,0,False,10.739589275527667,False,3.15,4026.3143183114666,298.07900741585854,974.1166571591558,148.0128351397604,1677.497718197376,56.45778665145465,384.8171705647461,111.08300057045065,3221.863091842556,3297.132059326868,0.11943933047281424,0.03369079508241748
110,0.15,3920L_GLUT3_WGA594_0002.nd2,3920,M,L,10.5,Homo,Control,0,False,13.125153374233129,False,3.5999999999999996,2763.772699386503,252.7829754601227,751.3699386503068,36.48052147239264,1133.9684049079754,72.41763803680982,148.89539877300612,177.77653374233128,2131.1029141104295,2216.0090490797547,0.06986776555329259,0.08022373997802798
111,0.15,3920L_GLUT3_WGA594_0002.nd2,3920,M,L,10.5,Homo,Control,0,True,68.0,False,3.9,2746.357201309329,353.60433715220955,712.4155073649754,30.583878887070373,932.81178396072,92.96256137479541,154.27618657937805,238.8778641571195,2078.2260638297876,1879.434124386252,0.07423455477941387,0.12710095079024247
112,0.15,3920L_GLUT3_WGA594_0002.nd2,3920,M,L,10.5,Homo,Control,0,False,12.030113944655453,False,5.85,3880.6394465545304,306.66006511123163,645.2023874118286,18.4877916440586,545.0480195333696,46.12371134020618,89.26071622354857,109.7680412371134,2198.9782962561044,1144.8814432989689,0.04059190414726713,0.0958772123345955
113,0.15,3920L_GLUT3_WGA594_0002.nd2,3920,M,L,10.5,Homo,Control,0,False,15.225242718446601,False,6.8999999999999995,5505.851317614423,383.36366158113725,699.2091539528433,41.15922330097088,387.4987517337032,39.5259361997226,158.49348127600553,108.11789181692095,2618.347572815534,917.279334257975,0.06053187243799569,0.11786801226082559
114,0.15,3920L_GLUT3_WGA594_0002.nd2,3920,M,L,10.5,Homo,Control,0,False,9.228562892142216,False,4.5,4561.671048700328,115.2025694651927,938.8906483417986,20.568568867642664,1311.180758888557,42.463400059755,71.7388706304153,79.10666268299968,3025.185838063938,2601.81266806095,0.023713872294313938,0.030404442123788806
115,0.15,3920L_GLUT3_WGA594_0002.nd2,3920,M,L,10.5,Homo,Control,0,False,10.167198177676537,False,6.3,6648.647380410022,247.86605922551252,850.6710706150342,45.78132118451025,1117.0410022779042,49.40501138952165,195.7302961275626,80.92801822323463,2993.4888382687923,2326.289749430524,0.06538534355810667,0.03478845154308307
116,0.15,3920L_GLUT3_WGA594_0002.nd2,3920,M,L,10.5,Homo,Control,0,False,11.023686607956272,False,3.3,2092.9954448830854,200.06043121773462,694.3577285150319,38.726996659580934,1160.301548739751,73.41846340722745,121.22532645004556,173.39325842696627,1661.4518675979352,2168.383844518676,0.07296348983332787,0.07996428255323725
117,0.15,3920L_GLUT3_WGA594_0002.nd2,3920,M,L,10.5,Homo,Control,0,False,11.879365932294466,False,3.9,2767.672756582482,293.2337452982268,735.9266523374531,41.50644814615798,1073.128694250403,75.38312735088662,162.00241805480923,182.81004836109622,2092.2950026867275,2077.784524449221,0.07742809586926368,0.08798316004858853
118,0.15,3920L_GLUT3_WGA594_0002.nd2,3920,M,L,10.5,Homo,Control,0,False,14.19047619047619,False,4.2,4153.329739442946,186.76909254267744,1783.1293800539083,42.54806828391734,786.7187780772687,47.36028751123091,87.99101527403414,132.92991913746633,3710.9631626235396,1771.7493261455527,0.02371109909154343,0.07502749806410587
119,0.15,3920L_GLUT3_WGA594_0002.nd2,3920,M,L,10.5,Homo,Control,0,False,13.428660630658758,False,3.9,2688.919762722448,339.84389634717456,684.5654074305339,30.699968779269437,926.8089291289416,80.43990009366219,143.7302528879176,226.62472681860754,1933.234311582891,1928.3623165782078,0.07434704217008974,0.11752186032173816
120,0.15,3920L_GLUT3_WGA594_0002.nd2,3920,M,L,10.5,Homo,Control,0,False,12.91131892937762,False,,,,1517.4413092550792,99.97823282811996,,,180.90873911641404,,2934.570138664947,,0.06164744087483853,
121,0.15,3920L_GLUT3_WGA594_0002.nd2,3920,M,L,10.5,Homo,Control,0,False,12.499175888862727,False,5.1,4023.300682834942,410.0515658111608,663.8507181539911,23.947492347539438,851.1156110195433,60.9004002825524,125.0941841299741,178.47869084059337,2391.641158464799,1662.3319990581585,0.05230474634007068,0.1073664532366071
122,0.15,3920L_GLUT3_WGA594_0002.nd2,3920,M,L,10.5,Homo,Control,0,False,13.194052044609666,False,5.7,3362.513011152416,252.62379182156135,658.7182156133829,17.944981412639404,735.4267657992565,41.51970260223048,75.15539033457249,121.27881040892194,2073.5204460966547,1572.8453531598514,0.03624530950541165,0.07710790521475772
123,0.15,3920L_GLUT3_WGA594_0002.nd2,3920,M,L,10.5,Homo,Control,0,False,12.796703296703297,False,5.7,4118.233058608059,398.7655677655677,654.643772893773,27.300137362637365,570.9507783882784,47.18887362637363,159.75503663003664,137.86309523809524,2414.5238095238096,1182.984661172161,0.06616420016232658,0.11653836246827877
124,0.15,3920L_GLUT3_WGA594_0002.nd2,3920,M,L,10.5,Homo,Control,0,False,12.27353926311872,False,4.5,2723.621510978787,359.8823967249721,698.1522143654634,35.92742835876442,840.9616672869372,70.5954596203945,185.63342017119464,162.7625604763677,2049.675846669148,1609.2087830294008,0.0905672086992978,0.10114446440564448
125,0.15,3920L_GLUT3_WGA594_0002.nd2,3920,M,L,10.5,Homo,Control,0,False,12.616733870967742,False,4.35,2738.3316532258063,266.64395161290327,1640.5681451612904,100.12600806451613,716.123185483871,53.87258064516129,196.60987903225808,142.04354838709676,3014.7885080645165,1454.5334677419353,0.06521514809623609,0.09765574429002981
126,0.15,3920L_GLUT3_WGA594_0002.nd2,3920,M,L,10.5,Homo,Control,0,True,31.342419080068144,False,5.7,3044.804656445202,415.46280522430436,588.0124929017603,19.00624645088018,755.2952867688814,64.04315729699034,94.58830210107895,179.02952867688813,1924.0437251561614,1473.7183418512207,0.04916120193339259,0.12148150945315579
127,0.15,3920L_GLUT3_WGA594_0002.nd2,3920,M,L,10.5,Homo,Control,0,False,11.530139593908629,False,3.75,1789.6538705583757,215.21288071065987,1180.352157360406,75.99175126903552,803.1075507614213,47.58248730964467,174.94765228426397,118.00602791878173,2020.9359137055837,1511.631345177665,0.0865676398236104,0.07806534860185255
128,0.15,3920L_GLUT3_WGA594_0002.nd2,3920,M,L,10.5,Homo,Control,0,False,11.194329703342095,False,3.3,2841.7992865189635,175.4153210664664,635.1744273375892,19.307547878332706,1146.3336462636125,64.94723995493804,103.99267743146827,136.54224558768308,2120.846413819001,2303.772061584679,0.04903357298947876,0.05926899100154933
129,0.15,3920L_GLUT3_WGA594_0002.nd2,3920,M,L,10.5,Homo,Control,0,False,13.894160583941606,False,7.35,4452.866456536164,437.3024220305242,722.1322163238223,42.523888520238884,363.3538487060385,28.528699402786994,192.9039482415395,63.43297942932979,2480.0333443928334,906.0839416058394,0.07778280428272492,0.07000783980003933
130,0.15,3920L_GLUT3_WGA594_0002.nd2,3920,M,L,10.5,Homo,Control,0,True,30.00465881063305,False,6.1499999999999995,3468.005206906001,173.24746505892026,744.4606741573034,19.10578240613867,647.234310770074,38.00630309673883,77.29788983283092,78.09180597423953,2177.5475472732255,1385.8706494930116,0.03549768175194387,0.056348553166060335
131,0.15,3920L_GLUT3_WGA594_0002.nd2,3920,M,L,10.5,Homo,Control,0,True,31.244874971840506,False,3.75,2059.6113989637306,344.8166253660734,1483.6963280018022,75.82293309303898,808.5778328452354,69.14552827213336,215.26762784410903,198.80378463617933,2408.842532101825,1612.3390403243973,0.08936558740362252,0.1233014767143396
132,0.15,3920L_GLUT3_WGA594_0002.nd2,3920,M,L,10.5,Homo,Control,0,True,57.971876440756105,False,5.55,3769.882895343476,1110.0161364684186,726.9993084370678,66.95020746887967,792.3197325956662,72.6728907330567,467.12309820193644,209.6689718764408,2332.417934532042,1684.788842784693,0.20027418383560677,0.12444821959402977
133,0.15,3920L_GLUT3_WGA594_0002.nd2,3920,M,L,10.5,Homo,Control,0,True,30.916515126467186,False,6.0,3367.299223012068,392.0734005620764,828.7536782939328,32.57993056703587,693.1213423706398,65.32451644899983,190.28665895189286,124.133906430815,2285.3779137047445,1356.715324847082,0.0832626664547685,0.09149591233872616
134,0.15,3920L_GLUT3_WGA594_0002.nd2,3920,M,L,10.5,Homo,Control,0,False,11.446041412911084,False,4.95,3032.574177831912,337.9963459196102,602.8998781973203,16.705481120584654,887.1395858708892,66.9456760048721,82.14031668696711,196.652862362972,1875.5305724725943,1808.0808769792939,0.043795775922051715,0.10876331079365985
135,0.15,3920L_GLUT3_WGA594_0002.nd2,3920,M,L,10.5,Homo,Control,0,True,82.20699413786133,False,2.85,2082.8617343844753,358.8985243581969,748.3806347281179,40.34849403678997,667.6743480897513,131.0582171012735,251.0317364059026,298.7133616333132,2155.6880937942187,1425.0723670911661,0.11645086185175452,0.20961276671376478
136,0.15,3920L_GLUT3_WGA594_0002.nd2,3920,M,L,10.5,Homo,Control,0,True,96.14533443435178,False,4.5,3630.7332782824114,491.81275805119736,780.9841040462428,46.42072667217176,954.5807184145335,87.51610239471512,195.43435177539226,252.19549958711806,2559.692196531792,1864.2877786952931,0.07635072374725073,0.13527712967341077
137,0.15,3920L_GLUT3_WGA594_0002.nd2,3920,M,L,10.5,Homo,Control,0,False,12.345569620253164,False,4.35,3507.141265822784,363.91569620253165,789.7387341772153,34.872151898734174,865.6987341772151,65.71518987341773,160.63164556962025,183.48936708860765,2625.035443037975,1611.4696202531647,0.06119218161249661,0.1138646145000122
138,0.15,3920L_GLUT3_WGA594_0002.nd2,3920,M,L,10.5,Homo,Control,0,False,17.461771232600363,False,4.35,3612.4468428484965,440.10490215856373,830.8702844462376,74.81198305426669,953.0207786967924,92.5733306435344,286.70708089570303,203.80532580189632,2648.280008069397,1841.1117611458544,0.10826161887039779,0.11069687897439415
139,0.15,3920L_GLUT3_WGA594_0002.nd2,3920,M,L,10.5,Homo,Control,0,False,13.699083423955258,False,3.4499999999999997,2817.3267826627307,259.90352648749416,781.8016933354047,40.5515768215007,1111.298120242349,78.25734037595153,158.0671896846357,190.2477085598881,2190.638030138263,2245.4888146652165,0.07215577722562373,0.08472440713905424
140,0.15,3920L_GLUT3_WGA594_0002.nd2,3920,M,L,10.5,Homo,Control,0,True,36.198628179479854,False,4.95,3298.100171477565,343.6443269505573,540.2766504715632,21.797799371248928,859.5400114318376,48.47770791654759,109.59845670191484,157.48685338668187,1922.1404687053443,1803.2060588739641,0.05701896322683158,0.08733713632541065
141,0.15,3920L_GLUT3_WGA594_0002.nd2,3920,M,L,10.5,Homo,Control,0,False,13.365352412848226,False,5.3999999999999995,3174.369767087837,609.9211447708936,679.5283909270818,30.430659156644847,705.3044603440402,85.74120870756585,164.70924037144164,238.53158776069415,1927.203531739991,1470.4104125437664,0.08546541019605365,0.16222109536618526
142,0.15,3920L_GLUT3_WGA594_0002.nd2,3920,M,L,10.5,Homo,Control,0,False,12.535862785862786,False,4.6499999999999995,3101.742073804574,366.64488045738045,573.2481808731809,19.16995841995842,846.5947245322245,68.81587837837839,119.76078482328482,203.61993243243242,1964.5987525987528,1651.8011954261951,0.060959412024906554,0.12327145239769288
143,0.15,3920L_GLUT3_WGA594_0002.nd2,3920,M,L,10.5,Homo,Control,0,False,13.283078131134669,False,5.3999999999999995,3244.459363957598,536.3800549666273,754.088731841382,48.01727522575578,810.5971731448763,61.3647428347075,279.48017275225754,161.16568511974867,2318.3510011778567,1589.8665096191596,0.12055127657989037,0.10137057680292585
144,0.15,3920L_GLUT3_WGA594_0002.nd2,3920,M,L,10.5,Homo,Control,0,False,14.100547536087605,False,3.15,2401.274763563962,346.6627675460428,844.408412145346,38.2536087605774,756.7075659532106,142.77351916376307,216.30662020905925,294.26231956197114,2415.843703334993,1505.1928820308613,0.08953667818429441,0.19549808072766173
145,0.15,3920L_GLUT3_WGA594_0002.nd2,3920,M,L,10.5,Homo,Control,0,False,18.604951005673026,False,6.1499999999999995,4092.160649819494,321.6529138731305,635.9809179989686,29.706807632800412,552.7300154718928,57.37055183084064,152.58586900464158,118.52707581227438,2310.6967509025267,1084.4432697266632,0.06603457115047381,0.10929762682943243
146,0.15,3920L_GLUT3_WGA594_0002.nd2,3920,M,L,10.5,Homo,Control,0,False,18.55816091954023,False,5.7,3366.8427586206894,258.79356321839083,737.076091954023,46.312183908045974,702.582988505747,49.605287356321845,182.46758620689656,92.82827586206895,2320.671724137931,1397.3625287356324,0.07862705625660109,0.06643106134101237
147,0.15,3920L_GLUT3_WGA594_0002.nd2,3920,M,L,10.5,Homo,Control,0,False,13.665283203125,False,5.85,3402.63525390625,295.611572265625,668.3681640625,41.048095703125,941.319580078125,69.168212890625,146.95849609375,149.683349609375,1969.87158203125,1979.288818359375,0.0746030845027027,0.07562481443887858
148,0.15,3920L_GLUT3_WGA594_0002.nd2,3920,M,L,10.5,Homo,Control,0,False,10.513484358144552,False,5.25,2843.7925206760156,503.3696512046027,678.9956850053936,79.90219345559152,857.6346637900036,59.93275800071916,302.3667745415318,163.2247393024092,1731.235167206041,1807.8655160014384,0.17465378492137917,0.09028588567993867
149,0.15,3920L_GLUT3_WGA594_0002.nd2,3920,M,L,10.5,Homo,Control,0,False,9.855874795608504,False,3.75,3957.117028731605,226.4403176827844,685.2515767344079,37.62812427003037,1267.2627890679748,144.19855174024758,177.2497080121467,200.61480962391963,2664.5286148096243,2558.0009343611305,0.0665219757922588,0.07842640201146911
150,0.15,3920L_GLUT3_WGA594_0002.nd2,3920,M,L,10.5,Homo,Control,0,False,22.530653556969348,False,6.3,3599.2116830537884,270.3617698091382,793.1304222093695,25.91497975708502,619.5075187969924,43.0052053209948,100.6283979178716,100.88374783111627,2169.335454019664,1376.8013302486986,0.04638673918845169,0.07327400519935082
151,0.15,3920L_GLUT3_WGA594_0002.nd2,3920,M,L,10.5,Homo,Control,0,False,12.92621359223301,False,5.3999999999999995,2741.029126213592,315.2058252427184,702.5087378640777,38.67961165048544,440.5223300970874,58.421359223300975,162.83689320388345,160.33398058252425,2044.304854368932,861.4116504854369,0.07965391896217479,0.18612933838562573
152,0.15,3920L_GLUT3_WGA594_0002.nd2,3920,M,L,10.5,Homo,Control,0,False,12.149937655860349,False,4.95,2360.9753740648375,552.5408354114713,1249.2749376558604,144.7172693266833,415.5533042394014,64.60224438902743,315.0757481296758,214.4781795511222,2232.6839152119705,966.6502493765586,0.1411197285844927,0.22187774708530822
153,0.15,3920L_GLUT3_WGA594_0002.nd2,3920,M,L,10.5,Homo,Control,0,False,10.526248806872415,False,3.75,2536.080178173719,337.08240534521155,781.2869869551384,38.23671651288578,1248.3016226535158,80.47693286668789,169.09290486796053,220.43525294304803,1866.897231944003,2382.369074132994,0.09057429727499453,0.09252775119374405
154,0.15,3920L_GLUT3_WGA594_0002.nd2,3920,M,L,10.5,Homo,Control,0,False,10.2376298106292,False,5.25,2687.715332926084,433.7025045815516,617.599266951741,55.02687843616372,887.4331093463652,54.72693952351863,229.63775198533907,154.25595601710444,1634.0213805742214,1837.2125839951127,0.1405353410398098,0.08396195266726672
155,0.15,3920L_GLUT3_WGA594_0002.nd2,3920,M,L,10.5,Homo,Control,0,False,12.090909090909092,False,5.55,3041.711143695015,163.39296187683283,620.5909090909091,21.321114369501466,899.9868035190616,61.12903225806451,71.39736070381231,119.18035190615836,1879.1275659824046,1888.4222873900292,0.037994951485098294,0.06311107039033965
156,0.15,3920L_GLUT3_WGA594_0002.nd2,3920,M,L,10.5,Homo,Control,0,False,13.256860242501595,False,5.3999999999999995,3031.0229738353546,333.9017230376515,807.6346522016592,27.28876834716018,996.1630504148053,100.30089342693044,99.24792597319718,233.6869814932993,2003.8414167198466,1973.7169751116785,0.04952883254387433,0.11839943844029442
157,0.15,3920L_GLUT3_WGA594_0002.nd2,3920,M,L,10.5,Homo,Control,0,False,11.711717296962183,False,3.5999999999999996,2443.39904939037,297.39801611903283,759.5319280843149,46.59991733829304,1017.6922917958256,92.52448853068816,196.43087414755115,197.71729696218227,2103.412068609217,1857.6263690845217,0.09338677716983525,0.10643544915849877
158,0.15,3920L_GLUT3_WGA594_0002.nd2,3920,M,L,10.5,Homo,Control,0,False,13.191931794551882,False,5.3999999999999995,3967.3788729465587,271.6783114992722,614.2256186317321,17.517779164067374,685.4580993969639,46.0991890205864,87.47556664587232,114.93137866500312,2302.267415263049,1399.3643169058016,0.03799539795679108,0.082131134313281
159,0.15,3920L_GLUT3_WGA594_0002.nd2,3920,M,L,10.5,Homo,Control,0,False,12.538779342723005,False,4.2,3207.014460093897,580.4758685446009,708.8257276995305,40.64544600938967,1081.451455399061,90.16488262910798,241.38441314553992,280.47830985915493,2224.3025352112672,2124.202629107981,0.10852139460543883,0.13203933843963678
160,0.15,3920L_GLUT3_WGA594_0002.nd2,3920,M,L,10.5,Homo,Control,0,True,51.39583771284423,False,4.35,2769.5181837292407,381.7157872608787,1669.1490435148203,119.57998738700863,670.29178053395,52.023754467101114,241.15366827832665,173.67521547193607,3090.0416228715576,1423.6996005886058,0.07804220709953542,0.12198866628896492
161,0.15,3920L_GLUT3_WGA594_0002.nd2,3920,M,L,10.5,Homo,Control,0,False,13.504903786468033,False,3.5999999999999996,3116.7545623836127,204.06554934823092,1842.3000620732464,210.40732464307885,686.4684047175667,59.26604593420236,312.7739292364991,126.38870266914961,3713.9422718808196,1462.71756672874,0.08421615263236273,0.08640677157642171
162,0.15,3920L_GLUT3_WGA594_0002.nd2,3920,M,L,10.5,Homo,Control,0,False,10.787631831255993,False,3.5999999999999996,2732.3533077660595,320.4647651006712,667.6651486097795,36.20637583892617,1226.491610738255,94.01198465963567,167.676414189837,232.27301054650044,1905.6591562799615,2414.441754554171,0.08798866976671643,0.09620153814370638
163,0.15,3920L_GLUT3_WGA594_0002.nd2,3920,M,L,10.5,Homo,Control,0,False,10.364575645756458,False,4.05,3924.8457564575647,326.53062730627306,771.5712177121773,64.41033210332104,1296.808856088561,112.98302583025831,294.7594095940959,164.48191881918822,2770.2036900369003,2486.8605166051657,0.10640351489466451,0.0661403877382411
164,0.15,3920L_GLUT3_WGA594_0002.nd2,3920,M,L,10.5,Homo,Control,0,False,12.73551637279597,False,3.5999999999999996,2797.264063811923,268.73355723481666,717.0841029946823,27.809263923873495,943.5547159249929,62.89056815001399,139.97942905121747,173.88734956619086,2190.141757626644,1909.5629722921915,0.06391341042823946,0.09106133292763886
165,0.15,3920L_GLUT3_WGA594_0002.nd2,3920,M,L,10.5,Homo,Control,0,False,11.632210972451142,False,4.05,3019.914763362374,271.79726866023077,765.5425005886508,27.74381916647045,1027.5627501765953,59.40098893336473,144.81351542265128,147.8410642806687,2204.664469036967,2060.298092771368,0.0656850588633599,0.07175712330141669
166,0.15,3920L_GLUT3_WGA594_0002.nd2,3920,M,L,10.5,Homo,Control,0,False,13.913410064239828,False,4.6499999999999995,3595.7450481798724,233.41287473233402,633.6065310492505,22.814908993576015,731.9126070663812,54.948474304068526,104.49826017130621,121.74986616702357,2431.0989025695935,1416.7983137044966,0.042983960899679936,0.0859330964678273
167,0.15,3920L_GLUT3_WGA594_0002.nd2,3920,M,L,10.5,Homo,Control,0,False,12.66204287515763,False,3.3,2768.472414880202,221.70507566204287,780.1399747793191,30.31431273644388,963.2112232030265,67.50094577553594,140.9561790668348,159.02585119798238,2450.7481084489277,1882.1755989911726,0.05751557191083404,0.08449044355012288
168,0.15,3920L_GLUT3_WGA594_0002.nd2,3920,M,L,10.5,Homo,Control,0,False,11.243706202958734,False,5.3999999999999995,3605.634830002595,277.08253309109784,553.3459641837529,17.618479107189202,694.2429275888917,41.089540617700486,103.93900856475473,104.93018427199586,2111.2896444329094,1427.568907344926,0.04923010390299748,0.0735027106097113
169,0.15,3920L_GLUT3_WGA594_0002.nd2,3920,M,L,10.5,Homo,Control,0,False,11.543769968051118,False,5.7,4102.634504792332,691.6651757188499,640.8258785942493,57.93226837060703,652.5453674121405,51.364217252396166,314.2239616613419,176.91309904153354,2428.8364217252397,1421.7757188498401,0.12937222072705243,0.12443108761531614
170,0.15,3920L_GLUT3_WGA594_0002.nd2,3920,M,L,10.5,Homo,Control,0,False,14.234019501625136,False,4.2,3635.5691069493882,320.7258938244854,695.7017489552701,28.544033431357377,816.2672960841975,62.99411855749884,134.2881906825569,175.2713202290667,2566.3877108806687,1690.7009750812567,0.05232576126873489,0.10366784121635879
171,0.15,3920L_GLUT3_WGA594_0002.nd2,3920,M,L,10.5,Homo,Control,0,False,25.33156199677939,False,3.75,2818.435587761675,337.1829307568438,711.6830917874397,36.67906602254428,986.0186795491144,84.58389694041868,181.7487922705314,211.88647342995168,2148.8463768115944,1964.3547504025764,0.08457970482757628,0.1078656863718366
172,0.15,3920L_GLUT3_WGA594_0002.nd2,3920,M,L,10.5,Homo,Control,0,True,43.81365705614567,False,4.95,4016.176783004552,467.844157814871,719.0012139605462,61.20971168437026,663.880273141123,55.47875569044007,281.6802731411229,145.57147192716235,2504.9216995447646,1387.614871016692,0.11245072977423384,0.10490769086418304
173,0.15,3920L_GLUT3_WGA594_0002.nd2,3920,M,L,10.5,Homo,Control,0,False,12.393060718711276,False,5.85,4937.554894671623,327.32812887236673,1991.9752168525406,153.5551425030979,449.59132589838913,46.931102850061954,235.22081784386617,124.92292441140025,3960.1521685254024,1052.939776951673,0.05939691401592094,0.11864204121251834
174,0.15,3920L_GLUT3_WGA594_0002.nd2,3920,M,L,10.5,Homo,Control,0,False,10.812087912087913,False,3.75,2476.972527472528,274.96923076923076,676.678021978022,30.052747252747253,1002.3879120879121,51.107692307692304,170.04395604395606,130.35714285714286,1954.2978021978022,1910.2560439560439,0.08701025803371662,0.06824066505094249
175,0.15,3920L_GLUT3_WGA594_0002.nd2,3920,M,L,10.5,Homo,Control,0,False,11.19693094629156,False,4.35,2493.044757033248,239.2352941176471,482.7902813299233,17.0460358056266,1042.304347826087,61.547314578005114,108.23273657289003,137.40409207161125,1827.4347826086957,1851.1035805626598,0.059226593256797855,0.0742282028485116
176,0.15,3920L_GLUT3_WGA594_0002.nd2,3920,M,L,10.5,Homo,Control,0,False,10.596816976127322,False,6.0,3629.4190981432357,493.24175824175825,761.7832512315271,37.388404698749525,758.5869647593787,57.70026525198939,232.3190602500947,127.95718075028421,2366.6949602122013,1415.2383478590375,0.09816180967794204,0.09041387335487122
177,0.15,3920L_GLUT3_WGA594_0002.nd2,3920,M,L,10.5,Homo,Control,0,False,11.065794006200482,False,4.35,2865.1360661384774,517.159145711333,564.0897347571478,27.620220461591458,1111.1849810540818,88.04254219772649,192.3866689631416,290.27850499483293,1833.8033069238716,2129.8205304857042,0.10491128914248836,0.13629247198994512
178,0.15,3920L_GLUT3_WGA594_0002.nd2,3920,M,L,10.5,Homo,Control,0,False,11.6686902133922,False,4.2,2859.1620676968355,287.78237674760857,494.5597866077999,19.050404709345106,1044.094922737307,57.026122148638706,124.42420897718912,151.01232523914638,1876.791390728477,2002.460632818249,0.06629623813912203,0.07541338030032216
179,0.15,3920L_GLUT3_WGA594_0002.nd2,3920,M,L,10.5,Homo,Control,0,False,12.293886891140895,False,4.5,3037.0653808434126,246.441647597254,765.8555083360575,25.855181431840467,830.8401438378554,64.96567505720824,109.07322654462241,146.66165413533832,2314.8496240601503,1653.1860084995096,0.047118925312009036,0.08871455080148764
180,0.15,3920L_GLUT3_WGA594_0002.nd2,3920,M,L,10.5,Homo,Control,0,False,15.128556375131717,False,4.6499999999999995,3585.5334035827186,254.9812434141201,744.3293993677555,29.66722866174921,685.4149631190728,48.147734457323494,124.27481559536353,110.39135932560589,2504.8427818756586,1401.6120126448895,0.04961381867739617,0.07876028339489874
181,0.15,3920L_GLUT3_WGA594_0002.nd2,3920,M,L,10.5,Homo,Control,0,False,12.452094090648307,False,5.1,3229.806081468732,604.5243832472748,564.8359150889271,27.819277108433738,991.738382099828,126.16580608146872,143.0390131956397,376.13023522662075,1807.7458405048767,2055.664945496271,0.0791256215285723,0.18297253939688932
182,0.15,3920L_GLUT3_WGA594_0002.nd2,3920,M,L,10.5,Homo,Control,0,False,11.31953125,False,5.1,3293.87578125,424.84609374999997,627.1265625,22.23046875,796.99609375,53.53671875,144.596875,157.41718749999998,2017.61953125,1701.5281249999998,0.07166706743288521,0.0925151839614758
183,0.15,3920L_GLUT3_WGA594_0002.nd2,3920,M,L,10.5,Homo,Control,0,False,12.848860333486309,False,6.3,2882.5554535719752,330.4546428025088,692.0723573504666,76.55713630105554,432.25898730304425,27.663148233134464,274.25990515527,55.85788588037326,1968.3691295701392,890.4684105858958,0.13933357368552313,0.06272865518454586
184,0.15,3920L_GLUT3_WGA594_0002.nd2,3920,M,L,10.5,Homo,Control,0,False,12.402221830365015,False,5.1,3118.281079174749,484.50044083935813,526.7973902309998,20.64521248457062,861.9361664609415,112.90830541350732,111.34244401340152,303.1317228002116,1836.6270499030154,1726.076000705343,0.06062332797465934,0.17561898935871884
185,0.15,3920L_GLUT3_WGA594_0002.nd2,3920,M,L,10.5,Homo,Control,0,False,13.224386541866936,False,1.5,1260.2307108525172,259.3830002529724,677.4505438907158,42.847457627118644,682.7776372375412,280.44750822160387,302.2304578800911,539.8305084745763,1937.6812547432332,1943.008348090058,0.15597532212290527,0.27783231554574633
186,0.15,3920L_GLUT3_WGA594_0002.nd2,3920,M,L,10.5,Homo,Control,0,False,26.49520054850874,False,5.1,3714.6438121357564,599.3186492972231,539.9000685635928,19.60541652382585,874.3008227631128,77.86081590675352,117.76448405896467,274.95611930065144,2068.9981145012,1823.0443949262942,0.05691860385641564,0.15082250331691344
187,0.15,3920L_GLUT3_WGA594_0002.nd2,3920,M,L,10.5,Homo,Control,0,False,19.35058162855997,False,4.2,3569.070597673486,280.83807995721355,756.7641395908544,31.88153496456746,786.797700227303,55.55248027811205,137.0478673619468,140.98863484423052,2532.0212595266753,1664.725631768953,0.054125875462659394,0.08469181476734679
188,0.15,3920L_GLUT3_WGA594_0002.nd2,3920,M,L,10.5,Homo,Control,0,False,11.113180515759312,False,5.85,3835.4047277936966,431.78008595988535,589.1038681948423,33.22313753581662,649.8363180515759,49.95594555873925,196.0702005730659,110.17514326647566,2141.8531518624645,1423.4591690544412,0.09154231717640006,0.07739958100776541
189,0.15,3920L_GLUT3_WGA594_0002.nd2,3920,M,L,10.5,Homo,Control,0,False,11.316120906801007,False,3.0,1841.4214105793453,316.93098236775825,703.6211586901763,49.76221662468514,571.1803526448364,57.31536523929471,240.64181360201508,183.3667506297229,1935.6921914357679,1180.5307304785892,0.12431822304532983,0.15532569029811338
190,0.15,3920L_GLUT3_WGA594_0002.nd2,3920,M,L,10.5,Homo,Control,0,False,11.101172529313233,False,5.55,4492.834170854271,440.73433835845896,712.6616415410385,84.3041876046901,859.8281407035174,62.73869346733669,298.06499162479065,135.4750418760469,2535.299162479062,1630.4827470686769,0.11756600405821033,0.08308891469082232
191,0.15,3920L_GLUT3_WGA594_0002.nd2,3920,M,L,10.5,Homo,Control,0,False,13.304851267718107,False,,,,2005.2671191854663,112.63785186664003,,,172.44499900179676,,3837.8121381513274,,0.04493315274281858,
192,0.15,3920L_GLUT3_WGA594_0002.nd2,3920,M,L,10.5,Homo,Control,0,False,10.785059657617154,False,3.15,1965.4597959536572,310.99913539685286,1453.877572194363,100.21355697734741,774.3041673871692,76.45460833477433,254.11862355178974,219.21009856475877,2573.4236555421057,1558.6221684246932,0.09874729448628554,0.1406435138711747
193,0.15,3920L_GLUT3_WGA594_0002.nd2,3920,M,L,10.5,Homo,Control,0,True,36.08020202020202,False,4.35,3043.711313131313,544.5842424242425,634.659797979798,24.95858585858586,1056.5923232323235,83.38565656565657,152.51616161616164,287.0894949494949,1966.6840404040406,2030.918787878788,0.07754990556837403,0.14135941656699538
194,0.15,3920L_GLUT3_WGA594_0002.nd2,3920,M,L,10.5,Homo,Control,0,False,12.043812233285918,False,3.5999999999999996,2175.143669985775,269.0102418207681,1420.8483641536272,97.83044096728308,733.9217638691324,68.26230440967282,201.13570412517782,185.18150782361306,2622.6355618776674,1438.066571834993,0.0766922049898444,0.12877116501450894
195,0.15,3920L_GLUT3_WGA594_0002.nd2,3920,M,L,10.5,Homo,Control,0,False,24.578771778079822,False,4.6499999999999995,3085.7848758186087,428.4035586309156,609.2000494254294,45.32855554182626,912.5152601013222,68.43716792289632,202.04608921290006,184.53997281601383,1889.920795749413,1880.6311627332263,0.10690717286529589,0.09812661646412983
196,0.15,3920L_GLUT3_WGA594_0002.nd2,3920,M,L,10.5,Homo,Control,0,False,11.697778952934955,False,5.3999999999999995,3503.2017451084084,479.0801163405605,628.0991538868325,40.244315177154945,748.5893707033316,70.51295610787945,243.36197778952936,170.14727657324167,2207.2435219460604,1482.05790586991,0.11025606163064618,0.1148047427157523
197,0.15,3920L_GLUT3_WGA594_0002.nd2,3920,M,L,10.5,Homo,Control,0,False,13.782297336006875,False,6.0,3448.4995703236896,736.8441707247207,778.6230306502435,115.53480378115152,773.749641936408,45.772844457175594,578.0008593526211,100.57232884560298,2146.5210541392153,1617.252936121455,0.26927332403194504,0.062187136346648776
198,0.15,3920L_GLUT3_WGA594_0002.nd2,3920,M,L,10.5,Homo,Control,0,False,9.349068322981367,False,4.2,1459.2037267080748,179.14534161490684,1258.0956521739133,101.65341614906833,596.1018633540373,34.61614906832298,194.76397515527952,87.20745341614908,1937.4049689440994,1137.7242236024845,0.10052827275519345,0.07665078373739448
199,0.15,3920L_GLUT3_WGA594_0002.nd2,3920,M,L,10.5,Homo,Control,0,False,10.140645161290323,False,3.9,2295.600774193548,242.5032258064516,575.0745806451613,19.646967741935484,890.5029677419354,55.806451612903224,100.11225806451614,151.94167741935485,1699.5150967741936,1732.688,0.05890636585372891,0.0876913081982185
200,0.15,3920L_GLUT3_WGA594_0002.nd2,3920,M,L,10.5,Homo,Control,0,False,12.943741527338455,False,3.75,2513.0171712607316,438.9107546317216,1727.193628558518,142.72977858111162,652.4640759150475,80.6518300948938,290.9487121554451,269.5817894261184,3165.194532309082,1377.2135110709444,0.09192127345904118,0.1957443687990594
201,0.15,3920L_GLUT3_WGA594_0002.nd2,3920,M,L,10.5,Homo,Control,0,False,14.403204072465938,False,4.35,2891.5081599041773,264.45276238957933,694.2100613864352,23.094475220841442,975.6911214253631,50.53780506063782,107.40185656535408,131.61326545890103,2048.6450067375354,1844.1166342266806,0.05242580154791747,0.0713692740557553
202,0.15,3920L_GLUT3_WGA594_0002.nd2,3920,M,L,10.5,Homo,Control,0,False,10.949609652235628,False,3.3,2182.9341731724626,220.86710432931153,754.5864088005678,29.125443577004965,949.2295954577713,65.81689141234918,129.49946770759405,166.97019162526615,1922.8789921930447,1830.0289212207242,0.06734665479906243,0.09123909993394441
203,0.15,3920L_GLUT3_WGA594_0002.nd2,3920,M,L,10.5,Homo,Control,0,False,13.54338210275604,False,6.0,3551.521946240218,685.1946240217761,788.1047975501871,112.33684926845868,764.7853011228309,46.38516502211637,548.3589656345696,101.85437223545424,2177.9020074855393,1662.024157876829,0.25178312143973286,0.06128332837566527
204,0.15,3920L_GLUT3_WGA594_0002.nd2,3920,M,L,10.5,Homo,Control,0,False,13.227202947497696,False,5.3999999999999995,5070.794442738717,346.288609149524,692.4499539453485,27.3053423395763,775.3186981885169,56.76112987411728,127.38256063862451,134.43199263125575,2680.2024869511824,1665.148295977894,0.047527215297649514,0.08073274491885883
205,0.15,3920L_GLUT3_WGA594_0002.nd2,3920,M,L,10.5,Homo,Control,0,True,48.56719773238198,False,4.2,2924.90528785065,387.34258625745287,629.3678037337504,34.91066366924054,830.3855928061772,74.77059915941746,179.48470335255598,194.93412178672665,1900.6342488515295,1747.6796012120028,0.09443410980361465,0.11153882076070538
206,0.15,3920L_GLUT3_WGA594_0002.nd2,3920,M,L,10.5,Homo,Control,0,False,10.474800330487469,False,5.3999999999999995,3146.2789865050954,285.61222803635366,534.3561002478657,16.890388322776094,674.4293583034977,40.050674745249246,105.20435141834204,97.88185072982651,1894.5301569815476,1353.077664555219,0.055530576291252305,0.07234015703156407
207,0.15,3920L_GLUT3_WGA594_0002.nd2,3920,M,L,10.5,Homo,Control,0,False,10.078424414478354,False,6.1499999999999995,3568.545422285308,303.861958836054,632.8974449964514,20.111781405251953,470.15010645848116,34.22924059616749,113.47267565649396,92.48225691980127,2197.0621007806953,969.2955997161106,0.051647459403251744,0.09541181962126691
208,0.15,3920L_GLUT3_WGA594_0002.nd2,3920,M,L,10.5,Homo,Control,0,False,13.47667259543029,False,4.5,3309.550417293747,325.04255028047606,654.9009440415925,29.961554248187163,936.7761663702285,75.30031468053086,116.56738267888905,214.7061157477083,2103.904090846901,1905.6643863729646,0.055405274026520034,0.11266732866659522
209,0.15,3920L_GLUT3_WGA594_0002.nd2,3920,M,L,10.5,Homo,Control,0,False,11.097995991983968,False,4.05,2682.5394789579154,199.52605210420842,1641.8951903807615,76.41643286573148,732.2062124248497,39.33867735470942,162.73587174348697,100.48376753507013,3052.4024048096185,1449.3761523046094,0.05331402946317525,0.06932897810916366
210,0.15,3920L_GLUT3_WGA594_0002.nd2,3920,M,L,10.5,Homo,Control,0,True,53.740821458507966,False,3.5999999999999996,2174.319530595138,403.0588432523051,1450.5917854149202,107.30058675607712,869.0984073763622,87.45347862531433,269.9359597652976,249.13227158424144,2472.216764459346,1730.7882648784578,0.10918782027769738,0.14394150725405827
211,0.15,3920L_GLUT3_WGA594_0002.nd2,3920,M,L,10.5,Homo,Control,0,False,11.775257108287962,False,3.4499999999999997,1906.2202056866304,206.49637023593468,1178.952208106473,189.15124016938898,582.1385359951604,46.46491228070175,297.8953418027828,117.64307320024197,2290.852692075015,1179.310344827586,0.13003688226367552,0.09975582230429876
212,0.15,3920L_GLUT3_WGA594_0002.nd2,3920,M,L,10.5,Homo,Control,0,False,11.122359154929578,False,3.9,2069.600058685446,224.77699530516432,1639.799002347418,64.40874413145539,587.4210680751174,46.86473004694836,161.8732394366197,121.137617370892,2772.4336854460093,1219.1525821596242,0.058386694796841894,0.09936214641510016
213,0.15,3920L_GLUT3_WGA594_0002.nd2,3920,M,L,10.5,Homo,Control,0,False,9.210538167079486,False,3.0,3179.5530285971636,341.43481197928395,752.8606169781581,101.64422427381221,1381.0851159648728,118.97005179013736,356.420175636118,205.62891240711554,2615.3100653006077,2698.188696239586,0.1362821870970586,0.07620998216088319
214,0.15,3920L_GLUT3_WGA594_0002.nd2,3920,M,L,10.5,Homo,Control,0,False,11.466930171277998,False,4.6499999999999995,3581.286693017127,286.68221343873523,788.5277997364956,20.363636363636363,812.2437417654809,51.943346508563906,98.01317523056655,135.74598155467723,2583.5870882740446,1643.4276679841898,0.037936857509240716,0.0825993040029451
215,0.15,3920L_GLUT3_WGA594_0002.nd2,3920,M,L,10.5,Homo,Control,0,False,10.782680822826809,False,3.3,3502.3370935633707,278.2236230922362,772.2883211678832,79.66887856668879,1161.8020902455207,94.16290643662906,274.80507631055076,161.9852355673524,2715.35301924353,2455.7443596549433,0.1012041802163568,0.06596176630946754
216,0.15,3920L_GLUT3_WGA594_0002.nd2,3920,M,L,10.5,Homo,Control,0,False,11.516906595246066,False,3.4499999999999997,2254.946099765651,156.8423167057248,1610.2129226648813,84.69635085369936,808.6558419819215,48.2340140609307,157.7311683963843,112.52527619685301,2842.00703046535,1612.8995647807162,0.05549992195851726,0.06976582959903739
217,0.15,3920L_GLUT3_WGA594_0002.nd2,3920,M,L,10.5,Homo,Control,0,False,11.861775435751925,False,4.5,3050.256451830833,539.7694906093772,768.5324956087015,48.855019591947034,941.6261316038373,77.67707066612618,240.10093230644512,223.48804215646538,2013.1913254965546,1899.7801648425889,0.11926384207284627,0.11763889648515362
218,0.15,3920L_GLUT3_WGA594_0002.nd2,3920,M,L,10.5,Homo,Control,0,False,11.315188762071992,False,3.75,2595.947322212467,293.7813871817384,522.3055311676909,24.55355575065847,970.459174714662,75.3441615452151,139.69973661106232,206.8630377524144,1763.478050921861,1961.6527655838454,0.07921830188815453,0.10545344282215303
219,0.15,3920L_GLUT3_WGA594_0002.nd2,3920,M,L,10.5,Homo,Control,0,False,11.073550212164074,False,4.8,2803.605728429986,254.70898161244696,705.0459688826024,21.62942008486563,758.3857850070722,64.3083451202263,100.81152758132957,147.8546676096181,2057.6290664780763,1549.6760961810467,0.04899402386159075,0.0954100459921816
220,0.15,3920L_GLUT3_WGA594_0002.nd2,3920,M,L,10.5,Homo,Control,0,False,10.74087591240876,False,2.85,2925.9172109104884,138.15386092969652,807.3250096043027,31.748175182481752,1194.9554360353438,90.26527084133693,99.20015366884365,166.89819439108717,2568.9796388782174,2496.6062235881673,0.03861461265304573,0.06685002737484892
221,0.15,3920L_GLUT3_WGA594_0002.nd2,3920,M,L,10.5,Homo,Control,0,False,10.09858226178701,False,4.95,2592.3432245301683,254.38147049126277,1472.5944609297726,227.1424332344214,509.08506429277946,33.73920211012199,369.6623804813716,71.68414111440819,2729.5677546983184,1098.1206726013847,0.13542890805516128,0.0652789287215517
222,0.15,3920L_GLUT3_WGA594_0002.nd2,3920,M,L,10.5,Homo,Control,0,False,9.130685920577617,False,2.85,3353.9138387484954,327.6851985559567,921.8178098676293,118.77496991576413,1601.4223826714801,128.57689530685923,357.92707581227444,228.8904933814681,2786.072442839952,3245.8134777376654,0.1284701252948848,0.07051868351381822
223,0.15,3920L_GLUT3_WGA594_0002.nd2,3920,M,L,10.5,Homo,Control,0,False,12.117452082432628,False,5.25,3724.2279867416055,206.06023922755438,795.6825190949704,16.74146130566364,604.1501657299323,43.078397463611466,66.133448623721,100.31791324398328,2395.5179420665804,1316.497333909785,0.02760716063210471,0.07620062013042991
224,0.15,3920L_GLUT3_WGA594_0002.nd2,3920,M,L,10.5,Homo,Control,0,False,10.84812925170068,False,3.9,2651.037414965986,313.5790816326531,536.7510204081633,25.53486394557823,934.3780612244898,95.99353741496599,147.08860544217686,225.89591836734695,1850.3042517006802,1810.13962585034,0.07949428063356744,0.12479474795278789
225,0.15,3920L_GLUT3_WGA594_0002.nd2,3920,M,L,10.5,Homo,Control,0,False,11.974365547295566,False,4.6499999999999995,2897.397334016919,239.3029992309664,663.4955139707768,19.09792360933094,819.9905152524993,55.83568315816457,94.03101768777238,142.16867469879517,1970.8718277364776,1645.3340169187386,0.04771036673438367,0.08640718129990303
226,0.15,3920L_GLUT3_WGA594_0002.nd2,3920,M,L,10.5,Homo,Control,0,False,17.43703277745831,False,5.1,2714.618171362852,947.1489361702128,510.48073605520415,32.952271420356524,769.6359976998275,119.40195514663598,227.1575618171363,442.46923519263953,1635.7820586543992,1642.9798734905119,0.1388678648327987,0.2693089807926943
227,0.15,3920L_GLUT3_WGA594_0002.nd2,3920,M,L,10.5,Homo,Control,0,False,12.224147414741473,False,,,,723.5310781078108,19.795929592959297,,,81.06875687568757,,2321.4224422442244,,0.034922018242106216,
228,0.15,3920L_GLUT3_WGA594_0002.nd2,3920,M,L,10.5,Homo,Control,0,False,9.256948085998951,False,3.15,2924.0356581017304,172.5700052438385,1659.679601468275,347.39486103828,1015.2045097011013,57.93917147351861,453.2422653382275,118.2768746722601,3348.7498689040376,2126.7388568432093,0.13534670640735624,0.05561419743269396
229,0.15,3920L_GLUT3_WGA594_0002.nd2,3920,M,L,10.5,Homo,Control,0,True,32.52361396303901,False,4.6499999999999995,2743.387063655031,792.6375770020534,565.1909650924025,38.80698151950719,591.4845995893224,96.347022587269,273.10677618069815,319.6355236139631,1851.5780287474333,1205.2453798767967,0.14749946906933814,0.2652036912571588
230,0.15,3920L_GLUT3_WGA594_0002.nd2,3920,M,L,10.5,Homo,Control,0,True,33.109243697478995,False,6.6,4677.563025210084,260.0636254501801,837.5990396158463,18.332533013205282,615.3061224489796,62.38055222088836,78.34453781512605,136.1080432172869,2977.5318127250903,1449.2917166866748,0.026311906217191254,0.09391349005185294
231,0.15,3920L_GLUT3_WGA594_0002.nd2,3920,M,L,10.5,Homo,Control,0,False,8.860283687943262,False,1.05,1408.658865248227,174.20921985815605,860.6808510638298,90.53900709219857,1978.227659574468,118.79503546099292,304.0758865248227,346.0758865248227,2853.9659574468087,3918.2546099290776,0.10654502928859479,0.08832399141389305
232,0.15,3920L_GLUT3_WGA594_0002.nd2,3920,M,L,10.5,Homo,Control,0,True,28.798107255520506,False,2.85,2742.693217665615,274.9818611987382,1925.1443217665615,80.05914826498423,887.8044164037855,66.00078864353313,215.87933753943219,223.11829652996843,3720.944794952681,1957.6987381703473,0.05801734490451571,0.11396967887842302
233,0.15,3920R_GLUT3_WGA594_0001.nd2,3920,M,R,10.5,Homo,Experimental,30,False,10.96002190580504,False,,,,,,165.6538882803943,63.461117196056954,,115.65662650602411,,311.2393209200438,,0.37160030475627426
234,0.15,3920R_GLUT3_WGA594_0001.nd2,3920,M,R,10.5,Homo,Experimental,30,False,11.250965250965251,False,,,,,,219.88168781025922,69.94153337010479,,142.95421952564809,,459.7095973524545,,0.31096635865108246
235,0.15,3920R_GLUT3_WGA594_0001.nd2,3920,M,R,10.5,Homo,Experimental,30,False,11.322919795734455,False,4.95,1320.0246320216283,273.8693301291679,130.6593571643136,11.955241814358667,179.9945929708621,66.39140883148093,134.06037849203966,130.2901772303995,966.3205166716733,360.659056773806,0.13873282847578133,0.36125580318398437
236,0.15,3920R_GLUT3_WGA594_0001.nd2,3920,M,R,10.5,Homo,Experimental,30,True,39.744905660377356,False,,,,,,179.51264150943396,67.64811320754717,,136.14867924528303,,364.7949056603773,,0.37321979318438436
237,0.15,3920R_GLUT3_WGA594_0001.nd2,3920,M,R,10.5,Homo,Experimental,30,False,10.6515444015444,False,,,,,,196.41087516087518,73.51898326898326,,154.8330115830116,,379.0270270270271,,0.4085012427675006
238,0.15,3920R_GLUT3_WGA594_0001.nd2,3920,M,R,10.5,Homo,Experimental,30,False,11.98278190411884,False,,,,,,190.0175557056043,78.14280891289671,,175.5462525320729,,383.08676569885205,,0.45824149579229106
239,0.15,3920R_GLUT3_WGA594_0001.nd2,3920,M,R,10.5,Homo,Experimental,30,False,20.30454106280193,False,,,,,,210.63323671497585,66.41777777777779,,125.87516908212562,,434.12772946859906,,0.28994961744601094
240,0.15,3920R_GLUT3_WGA594_0001.nd2,3920,M,R,10.5,Homo,Experimental,30,False,12.067909454061251,False,,,,,,232.19627163781627,71.5757656458056,,148.4929427430093,,469.84394141145134,,0.31604737159518076
241,0.15,3920R_GLUT3_WGA594_0001.nd2,3920,M,R,10.5,Homo,Experimental,30,False,13.657935285053929,False,,,,,,,,,,,,,
242,0.15,3920R_GLUT3_WGA594_0001.nd2,3920,M,R,10.5,Homo,Experimental,30,True,46.004108650992926,False,4.8,1252.5412006391234,371.6436886555581,141.0324126911664,17.81465418854143,189.77151335311572,69.23647569048163,205.42341931065965,144.11161835197444,901.9173704633645,385.72997032640944,0.22776301470402147,0.37360752194086816
243,0.15,3920R_GLUT3_WGA594_0001.nd2,3920,M,R,10.5,Homo,Experimental,30,False,10.611710963455149,False,,,,,,172.00539867109634,80.04152823920265,,184.93687707641197,,332.8754152823921,,0.5555738531171559
244,0.15,3920R_GLUT3_WGA594_0001.nd2,3920,M,R,10.5,Homo,Experimental,30,False,12.14749262536873,False,,,,,,222.91717721806216,78.91195824824143,,155.4903562514182,,461.68436578171094,,0.33678930406955915
245,0.15,3920R_GLUT3_WGA594_0001.nd2,3920,M,R,10.5,Homo,Experimental,30,False,12.451612903225806,False,,,,,,209.50885277710407,78.94033470773708,,173.9272374484599,,428.47198641765704,,0.405924408040349
246,0.15,3920R_GLUT3_WGA594_0001.nd2,3920,M,R,10.5,Homo,Experimental,30,False,10.981713511683035,False,,,,,,171.98205215035554,69.35692516085338,,132.21164917033525,,347.6278360988825,,0.3803252658188389
247,0.15,3920R_GLUT3_WGA594_0001.nd2,3920,M,R,10.5,Homo,Experimental,30,False,11.92032292032292,False,,,,,,187.59880659880662,68.04914004914005,,134.98525798525796,,370.62442962442964,,0.36421036282482666
248,0.15,3920R_GLUT3_WGA594_0001.nd2,3920,M,R,10.5,Homo,Experimental,30,True,66.85135135135135,False,,,,,,193.46768507638075,70.86985898942422,,154.3942420681551,,392.5940070505288,,0.39326693555025105
249,0.15,3920R_GLUT3_WGA594_0001.nd2,3920,M,R,10.5,Homo,Experimental,30,False,17.46358543417367,False,,,,,,183.6064425770308,70.29467787114847,,144.04425770308123,,366.5607843137255,,0.3929614510530925
250,0.15,3920R_GLUT3_WGA594_0001.nd2,3920,M,R,10.5,Homo,Experimental,30,False,13.866666666666667,False,1.7999999999999998,395.53333333333336,120.33333333333333,733.8000000000001,166.53333333333333,354.73333333333335,106.06666666666666,273.8666666666666,200.60000000000002,1061.3999999999999,682.9333333333333,0.258023993467747,0.2937329168293636
251,0.15,3920R_GLUT3_WGA594_0001.nd2,3920,M,R,10.5,Homo,Experimental,30,True,74.26567699001792,False,,,,,,185.69874584079858,69.10545175326337,,135.77962631174816,,372.66112106475555,,0.36435146742381636
252,0.15,3920R_GLUT3_WGA594_0001.nd2,3920,M,R,10.5,Homo,Experimental,30,True,40.51503299926668,False,,,,,,202.16621852847717,74.87289171351748,,168.2214617452946,,418.75531654852114,,0.4017177934164874
253,0.15,3920R_GLUT3_WGA594_0001.nd2,3920,M,R,10.5,Homo,Experimental,30,False,17.002903811252267,False,,,,,,186.27803992740473,70.27586206896552,,140.21161524500909,,384.86914700544463,,0.3643098344877864
254,0.15,3920R_GLUT3_WGA594_0001.nd2,3920,M,R,10.5,Homo,Experimental,30,False,17.284352476168333,False,,,,,,194.44501278772375,74.53010927691234,,149.68449197860963,,387.8795628923506,,0.3859045598134595
255,0.15,3920R_GLUT3_WGA594_0001.nd2,3920,M,R,10.5,Homo,Experimental,30,True,52.847848187055234,False,,,,,,157.17316164012198,65.82921043713995,,151.6492714334124,,311.3778380210098,,0.4870265411219795
256,0.15,3920R_GLUT3_WGA594_0001.nd2,3920,M,R,10.5,Homo,Experimental,30,False,11.733682373472949,False,,,,,,177.58150087260037,66.89005235602095,,134.048167539267,,349.5567190226876,,0.3834804489355753
257,0.15,3920R_GLUT3_WGA594_0001.nd2,3920,M,R,10.5,Homo,Experimental,30,False,10.310523831996225,False,,,,,,187.18924020764516,71.07550731477112,,141.2689948088721,,363.74091552619154,,0.38837807015609127
258,0.15,3920R_GLUT3_WGA594_0001.nd2,3920,M,R,10.5,Homo,Experimental,30,False,19.121812596006144,False,,,,,,186.29231950844854,71.07972350230415,,149.47726574500768,,373.3364055299539,,0.4003822384608422
259,0.15,3920R_GLUT3_WGA594_0001.nd2,3920,M,R,10.5,Homo,Experimental,30,False,13.948582729070534,False,,,,,,194.59173807954295,68.93342122610416,,138.67062184135355,,381.82707097341245,,0.36317650680930774
260,0.15,3920R_GLUT3_WGA594_0001.nd2,3920,M,R,10.5,Homo,Experimental,30,True,90.24814740636891,False,,,,,,179.44842779891852,77.87262167033846,,188.6879631484078,,356.9689565391548,,0.5285836756724004
261,0.15,3920R_GLUT3_WGA594_0001.nd2,3920,M,R,10.5,Homo,Experimental,30,False,23.552547770700638,False,,,,,,254.3579263977353,92.83227176220805,,193.22841472045292,,509.242745930644,,0.3794426455055867
262,0.15,3920R_GLUT3_WGA594_0001.nd2,3920,M,R,10.5,Homo,Experimental,30,False,13.626118067978533,False,,,,,,186.37895050685748,67.56261180679785,,138.3422778771616,,386.7996422182469,,0.3576587534667462
263,0.15,3920R_GLUT3_WGA594_0001.nd2,3920,M,R,10.5,Homo,Experimental,30,False,10.834853090172238,False,,,,,,185.62462006079028,73.78723404255318,,160.95339412360687,,358.64690982776085,,0.44877953695712663
264,0.15,3920R_GLUT3_WGA594_0001.nd2,3920,M,R,10.5,Homo,Experimental,30,False,18.44130127298444,False,,,,,,177.3268898318403,70.15684425585415,,146.55744145843153,,364.6470218450416,,0.4019159150591165
265,0.15,3920R_GLUT3_WGA594_0001.nd2,3920,M,R,10.5,Homo,Experimental,30,False,13.373922817534657,False,5.1,1358.235294117647,290.9430498313975,149.3298988385163,14.777257399775197,166.7823154739603,64.5018733608093,137.54702135631322,132.48538778568752,950.1545522667664,330.4321843387036,0.14476278730462303,0.4009457736413646
266,0.15,3920R_GLUT3_WGA594_0001.nd2,3920,M,R,10.5,Homo,Experimental,30,False,23.415730337078653,False,,,,,,162.67799397095092,62.36174294327213,,117.78596875856398,,318.6670320635791,,0.3696208170510209
267,0.15,3920R_GLUT3_WGA594_0001.nd2,3920,M,R,10.5,Homo,Experimental,30,False,21.06108515989939,False,,,,,,240.6503772906935,80.91484010061085,,175.82177506288176,,475.23751347466765,,0.3699661118445227
268,0.15,3920R_GLUT3_WGA594_0001.nd2,3920,M,R,10.5,Homo,Experimental,30,False,13.874812695818008,False,,,,,,173.4226944557962,70.70467238795806,,150.44203786950007,,348.776733415066,,0.43134195448314117
269,0.15,3920R_GLUT3_WGA594_0001.nd2,3920,M,R,10.5,Homo,Experimental,30,False,13.258069474331386,False,2.1,877.3751921303412,114.5889947740547,145.96295727021212,11.770673224715647,335.6400245926837,75.7348601291116,97.5173685828466,146.32877343990162,869.0620965262833,747.2777436212726,0.11220989728194566,0.19581577892417792
270,0.15,3920R_GLUT3_WGA594_0001.nd2,3920,M,R,10.5,Homo,Experimental,30,False,10.670506912442397,False,,,,,,206.17215273206057,75.19091507570771,,159.46675444371294,,412.2024358130349,,0.38686514340745726
271,0.15,3920R_GLUT3_WGA594_0001.nd2,3920,M,R,10.5,Homo,Experimental,30,True,99.25881953867028,False,,,,,,193.9806648575305,69.87890094979647,,140.66519674355496,,373.0234056987788,,0.37709482728047344
272,0.15,3920R_GLUT3_WGA594_0001.nd2,3920,M,R,10.5,Homo,Experimental,30,False,13.589838492597577,False,,,,,,151.12752355316286,60.98452220726783,,121.78903095558545,,299.73183041722746,,0.40632665134715523
273,0.15,3920R_GLUT3_WGA594_0001.nd2,3920,M,R,10.5,Homo,Experimental,30,False,22.91523428302331,False,,,,,,166.988933364728,72.98775606310336,,156.6611725924182,,344.3795620437956,,0.45490844945233777
274,0.15,3920R_GLUT3_WGA594_0001.nd2,3920,M,R,10.5,Homo,Experimental,30,True,93.96433599249178,False,,,,,,149.5016424213984,57.992022524636326,,115.14500234631628,,307.22900046926327,,0.37478559045677057
275,0.15,3920R_GLUT3_WGA594_0001.nd2,3920,M,R,10.5,Homo,Experimental,30,False,13.062467599792638,False,,,,,,172.9582685329186,68.11586314152412,,139.95204769310524,,344.34473820632456,,0.4064300457213571
276,0.15,3920R_GLUT3_WGA594_0001.nd2,3920,M,R,10.5,Homo,Experimental,30,False,12.047036432843937,False,,,,,,197.72648178357804,75.4021207177814,,155.2857531266993,,399.8303425774878,,0.3883791113142061
277,0.15,3920R_GLUT3_WGA594_0001.nd2,3920,M,R,10.5,Homo,Experimental,30,False,12.565955117679255,False,,,,,,149.89792008757524,65.34455391351943,,122.95621237000547,,290.40311986863713,,0.42339838644166183
278,0.15,3920R_GLUT3_WGA594_0001.nd2,3920,M,R,10.5,Homo,Experimental,30,False,22.076043956043957,False,,,,,,192.3076923076923,77.71736263736263,,159.22857142857143,,382.1736263736264,,0.4166393503901914
279,0.15,3920R_GLUT3_WGA594_0001.nd2,3920,M,R,10.5,Homo,Experimental,30,True,44.220117395944506,False,,,,,,173.52001067235858,68.43249733191035,,137.70357524012806,,343.85112059765214,,0.40047441171860565
280,0.15,3920R_GLUT3_WGA594_0001.nd2,3920,M,R,10.5,Homo,Experimental,30,False,17.951321279554936,False,,,,,,195.66258692628648,77.11321279554936,,159.95104311543813,,389.265090403338,,0.410905182762997
281,0.15,3920R_GLUT3_WGA594_0001.nd2,3920,M,R,10.5,Homo,Experimental,30,False,10.91642167156657,False,,,,,,143.0852582948341,59.12389752204956,,114.74716505669888,,286.1511969760605,,0.4010018698831397
282,0.15,3920R_GLUT3_WGA594_0001.nd2,3920,M,R,10.5,Homo,Experimental,30,True,58.2542662116041,False,,,,,,162.34613196814564,65.69681456200227,,135.0836177474403,,316.362912400455,,0.42698942402088597
283,0.15,3920R_GLUT3_WGA594_0001.nd2,3920,M,R,10.5,Homo,Experimental,30,False,17.48282406528753,False,,,,,,160.52002277472005,62.74606187132283,,127.19719111785919,,319.3019548301385,,0.39836020166404945
284,0.15,3920R_GLUT3_WGA594_0001.nd2,3920,M,R,10.5,Homo,Experimental,30,False,12.782608695652174,False,,,,,,,,,,,,,
285,0.15,3920R_GLUT3_WGA594_0001.nd2,3920,M,R,10.5,Homo,Experimental,30,True,44.71935987509758,False,,,,,,,,,,,,,
286,0.15,3920R_GLUT3_WGA594_0001.nd2,3920,M,R,10.5,Homo,Experimental,30,False,11.935215345638799,False,,,,,,153.0821570756424,67.15454216431415,,134.06587043069126,,300.0622511762577,,0.44679352336105904
287,0.15,3920R_GLUT3_WGA594_0001.nd2,3920,M,R,10.5,Homo,Experimental,30,False,17.48992747784045,False,,,,,,170.40128928283642,70.99597099113619,,148.23207091055602,,336.6438356164383,,0.44032314044641263
288,0.15,3920R_GLUT3_WGA594_0001.nd2,3920,M,R,10.5,Homo,Experimental,30,False,11.676494023904382,False,,,,,,136.75179282868527,58.320717131474105,,115.84621513944224,,269.92788844621515,,0.4291746799720746
289,0.15,3920R_GLUT3_WGA594_0001.nd2,3920,M,R,10.5,Homo,Experimental,30,False,10.632789070309897,False,,,,,,146.5724758413862,62.03265578140619,,124.80873042319229,,296.2875708097301,,0.4212418701267153
290,0.15,3920R_GLUT3_WGA594_0001.nd2,3920,M,R,10.5,Homo,Experimental,30,False,14.952229299363058,False,,,,,,148.4190846897853,57.677400330266565,,116.5744279311158,,300.51108752064164,,0.3879205552544163
291,0.15,3920R_GLUT3_WGA594_0001.nd2,3920,M,R,10.5,Homo,Experimental,30,False,11.410583359897991,False,,,,,,148.35766656040803,64.19445329933058,,135.81574752948677,,302.45457443417274,,0.4490451096121417
292,0.15,3920R_GLUT3_WGA594_0001.nd2,3920,M,R,10.5,Homo,Experimental,30,False,14.05342923195479,False,,,,,,,,,,,,,
293,0.15,3920R_GLUT3_WGA594_0001.nd2,3920,M,R,10.5,Homo,Experimental,30,False,11.987562189054726,False,,,,,,147.17274737423992,65.89331122166944,,153.50746268656718,,290.1658374792703,,0.529033548608333
294,0.15,3920R_GLUT3_WGA594_0001.nd2,3920,M,R,10.5,Homo,Experimental,30,False,14.11366090712743,False,,,,,,141.77402807775377,63.828833693304546,,144.3625809935205,,285.8474622030238,,0.5050336283587037
295,0.15,3920R_GLUT3_WGA594_0001.nd2,3920,M,R,10.5,Homo,Experimental,30,False,18.248235812996178,False,,,,,,149.28116730373418,69.79145839458982,,146.6456189356072,,292.6835489561893,,0.5010381330231786
296,0.15,3920R_GLUT3_WGA594_0001.nd2,3920,M,R,10.5,Homo,Experimental,30,False,11.52061855670103,False,,,,,,130.85373711340208,56.62274484536083,,119.52963917525771,,257.1224226804124,,0.4648744280222726
297,0.15,3920R_GLUT3_WGA594_0001.nd2,3920,M,R,10.5,Homo,Experimental,30,False,12.576516220028209,False,,,,,,139.41748942172075,62.61671368124119,,126.59943582510576,,267.87870239774327,,0.47259985468024385
298,0.15,3920R_GLUT3_WGA594_0001.nd2,3920,M,R,10.5,Homo,Experimental,30,False,10.596397767630645,False,,,,,,144.06341958396754,62.285641806189744,,156.05986808726536,,284.29249112125825,,0.5489412241306848
299,0.15,3920R_GLUT3_WGA594_0001.nd2,3920,M,R,10.5,Homo,Experimental,30,False,12.617791842475388,False,,,,,,157.6923347398031,67.78023909985936,,138.0773558368495,,301.3744725738396,,0.4581587639378423
300,0.15,3920R_GLUT3_WGA594_0001.nd2,3920,M,R,10.5,Homo,Experimental,30,False,15.187694704049845,False,,,,,,147.81386292834893,71.37071651090343,,164.47196261682242,,299.25856697819313,,0.5495981761778851
301,0.15,3920R_GLUT3_WGA594_0002.nd2,3920,M,R,10.5,Homo,Experimental,30,False,12.49247311827957,False,6.3,1745.7279569892473,479.0268817204301,364.8822580645161,60.55564516129033,164.5798387096774,67.44784946236558,288.75322580645155,137.63494623655913,1419.6083333333331,323.5083333333333,0.20340344518015058,0.4254448249243218
302,0.15,3920R_GLUT3_WGA594_0002.nd2,3920,M,R,10.5,Homo,Experimental,30,False,14.212265471856623,False,4.8,1685.3643237188462,404.05264631755813,342.0918510221227,49.878745449453945,213.87538504620554,71.30663679641557,285.17194063287593,139.88462615513862,1425.027163259591,428.7051246149537,0.20011684547863418,0.32629567066821874
303,0.15,3920R_GLUT3_WGA594_0002.nd2,3920,M,R,10.5,Homo,Experimental,30,False,11.573414422241528,False,5.25,1613.5907906168547,306.48740225890526,428.9304952215465,40.99131190269331,205.3544743701129,67.02693310165074,194.70460469157254,129.40225890529973,1537.4587315377933,408.1172893136404,0.12664054045653997,0.31707124959818445
304,0.15,3920R_GLUT3_WGA594_0002.nd2,3920,M,R,10.5,Homo,Experimental,30,False,21.726090993500463,False,4.2,1427.968198700093,292.2453574744661,503.34749303621174,55.51346332404828,244.07845868152273,72.838904363974,203.66736304549673,151.84563602599815,1467.9078458681524,483.5034818941504,0.13874669559044658,0.3140528283915037
305,0.15,3920R_GLUT3_WGA594_0002.nd2,3920,M,R,10.5,Homo,Experimental,30,False,12.451460481099657,False,,,,708.120704467354,59.03092783505154,,,163.68943298969072,,1707.7173539518901,,0.09585276662492836,
306,0.15,3920R_GLUT3_WGA594_0002.nd2,3920,M,R,10.5,Homo,Experimental,30,False,16.09260254343543,False,4.5,1593.5133440802435,327.6055883933369,538.0279419666846,58.64660576750851,230.95522120723624,85.96543077198638,222.7114454594304,168.0139709833423,1598.4169801182163,446.95754970445995,0.13933250724285914,0.3759058798636191
307,0.15,3920R_GLUT3_WGA594_0002.nd2,3920,M,R,10.5,Homo,Experimental,30,False,25.43217477656405,False,4.2,1518.156305858987,299.18470705064556,339.7477656405164,39.905064548162855,265.95332671300895,77.85461767626614,177.2139026812314,169.909632571996,1337.348560079444,533.0417080436941,0.1325113795843203,0.31875485540442605
308,0.15,3920R_GLUT3_WGA594_0002.nd2,3920,M,R,10.5,Homo,Experimental,30,False,15.630118443316412,False,1.65,1122.5952622673435,117.67862380146644,456.0379018612521,43.62188381274676,506.33062605752957,79.68415115623237,153.11460800902427,181.41725888324873,1521.5372814438806,1436.0619289340102,0.10063151910660012,0.12632969040403075
309,0.15,3920R_GLUT3_WGA594_0002.nd2,3920,M,R,10.5,Homo,Experimental,30,False,21.836768149882904,False,4.2,1588.4466042154565,332.5414519906323,485.82599531615915,58.39086651053864,222.3480093676815,70.81100702576113,236.07728337236534,149.35784543325528,1562.4498829039812,466.04918032786884,0.151094307699387,0.32047657573001415
310,0.15,3920R_GLUT3_WGA594_0002.nd2,3920,M,R,10.5,Homo,Experimental,30,False,17.69463142341159,False,,,,429.9417172878017,46.48891807584961,,,205.4880971925792,,1535.6393038909866,,0.13381273627987747,
311,0.15,3920R_GLUT3_WGA594_0002.nd2,3920,M,R,10.5,Homo,Experimental,30,False,15.731390360837748,False,1.7999999999999998,1250.1776431995963,142.42354277062833,407.8672722684835,38.477416098914965,455.1208680292708,90.20792329043654,163.36197325258644,196.90764572293713,1551.6379005803683,1295.8441836992179,0.10528356724947438,0.15195318094558963
312,0.15,3920R_GLUT3_WGA594_0002.nd2,3920,M,R,10.5,Homo,Experimental,30,False,12.664607413312076,False,3.3,1472.4123156636113,288.2263850139498,400.4673176564369,59.64149063371862,300.52132323634913,90.16580310880829,256.0470306895177,168.0777202072539,1491.7680350737346,619.7134316460742,0.17163997663809838,0.27121845618354307
313,0.15,3920R_GLUT3_WGA594_0002.nd2,3920,M,R,10.5,Homo,Experimental,30,False,11.517084282460136,False,2.6999999999999997,1268.8587699316627,189.41913439635536,487.90261958997723,57.73974943052392,323.46640091116177,121.25740318906607,183.33086560364464,197.20330296127568,1486.9105922551253,655.5671981776765,0.12329649580718609,0.3008132553145654
314,0.15,3920R_GLUT3_WGA594_0002.nd2,3920,M,R,10.5,Homo,Experimental,30,False,13.783421626674977,False,4.35,835.1343097538174,215.7441570582736,881.2664381427236,130.03147397943286,182.52072296665628,70.6749766282331,211.6095356808975,143.53692739171083,1322.9139918977874,380.46650046743537,0.15995713778590614,0.3772656126501638
315,0.15,3920R_GLUT3_WGA594_0002.nd2,3920,M,R,10.5,Homo,Experimental,30,False,19.859408684939943,False,6.75,1815.2811826301202,395.7671696951031,556.2958115183246,50.591931013243,167.28102864182324,66.70911610717586,208.36726208808133,131.35124730520482,1631.1019402525405,333.20588235294116,0.12774631489667668,0.39420446715305535
316,0.15,3920R_GLUT3_WGA594_0002.nd2,3920,M,R,10.5,Homo,Experimental,30,False,12.836942992282799,False,4.95,1654.781926811053,388.16778690565104,419.92531740104556,46.19815782922579,240.17874035349766,80.30370923574807,241.58028379387605,160.1107791884491,1420.4020413243716,461.3980582524272,0.17007880639810155,0.34701225183928663
317,0.15,3920R_GLUT3_WGA594_0002.nd2,3920,M,R,10.5,Homo,Experimental,30,False,12.627818387727787,False,,,,,,742.6345104499125,230.29743642540924,,445.68598785133327,,1302.6258622464736,,0.34214428007955805
318,0.15,3920R_GLUT3_WGA594_0002.nd2,3920,M,R,10.5,Homo,Experimental,30,False,11.639183673469388,False,4.6499999999999995,1651.6836734693875,307.06326530612233,502.1726530612244,46.462040816326535,242.8416326530612,75.41265306122449,203.35265306122446,147.87061224489796,1671.0481632653061,466.4563265306122,0.12169167683585126,0.31700848254052705
319,0.15,3920R_GLUT3_WGA594_0002.nd2,3920,M,R,10.5,Homo,Experimental,30,False,12.812641083521445,False,6.0,1872.6977990970656,411.0189051918736,477.4638826185102,51.13882618510158,196.4176072234763,75.01439051918736,225.45090293453725,147.92579006772007,1501.0395033860045,404.19808126410834,0.15019651543211965,0.3659735088427187
320,0.15,3920R_GLUT3_WGA594_0002.nd2,3920,M,R,10.5,Homo,Experimental,30,False,15.597727272727273,False,5.1,1749.8386363636364,354.72477272727275,547.9122727272727,51.59136363636364,233.12022727272725,73.085,220.58909090909094,139.89613636363637,1668.0493181818183,447.2704545454545,0.13224374633571032,0.3127775039507315
321,0.15,3920R_GLUT3_WGA594_0002.nd2,3920,M,R,10.5,Homo,Experimental,30,False,13.215351149782473,False,2.55,1262.3882846488502,190.60379117464265,471.84477936606584,50.47607209446861,375.07582349285275,112.6858297078931,174.7125543816035,203.18132380360473,1447.0099440646363,783.8620261031696,0.12074039649709503,0.2592054686124859
322,0.15,3920R_GLUT3_WGA594_0002.nd2,3920,M,R,10.5,Homo,Experimental,30,False,13.546894031668696,False,5.25,1744.9444579780754,339.2411693057248,427.2543239951279,42.25018270401949,215.5196102314251,74.91181485992692,198.55493300852623,147.73788063337392,1497.569549330085,418.46991473812426,0.13258478252135053,0.3530430155912817
323,0.15,3920R_GLUT3_WGA594_0002.nd2,3920,M,R,10.5,Homo,Experimental,30,False,12.240280619701842,False,5.25,1742.3545746857644,285.54866997953815,455.372405729319,42.06781642794505,214.75065770242617,68.06781642794505,169.62700964630224,128.95089155217772,1551.7725811166324,423.61327097339955,0.10931177139645114,0.30440710994692866
324,0.15,3920R_GLUT3_WGA594_0002.nd2,3920,M,R,10.5,Homo,Experimental,30,False,12.004257130693912,False,6.3,1881.6406981694338,439.89399744572154,387.4699872286079,45.51213282247765,169.97062579821198,67.81949765857811,229.87526607066835,140.84333759046402,1539.4150702426564,351.6547467007237,0.14932637110953664,0.40051595751764146
325,0.15,3920R_GLUT3_WGA594_0002.nd2,3920,M,R,10.5,Homo,Experimental,30,False,12.388284250960307,False,5.3999999999999995,1812.1366837387964,409.82554417413564,401.75640204865556,46.206466069142124,180.86235595390525,72.44878361075544,238.03201024327788,146.52272727272728,1566.4487836107558,353.5829065300896,0.15195645892398743,0.41439426105361893
326,0.15,3920R_GLUT3_WGA594_0002.nd2,3920,M,R,10.5,Homo,Experimental,30,False,12.611650485436893,False,,,,275.5376213592233,41.44781553398058,,,278.84708737864077,,1174.4247572815534,,0.2374329097285802,
327,0.15,3920R_GLUT3_WGA594_0002.nd2,3920,M,R,10.5,Homo,Experimental,30,False,17.912964090079125,False,1.7999999999999998,888.2483262325015,152.26455670521403,429.39277743964294,54.81984175289106,425.4660174477581,80.95536620004057,190.57313856766078,192.0178535199838,1227.566443497667,990.7967133292757,0.15524466278555696,0.19380146394992095
328,0.15,3920R_GLUT3_WGA594_0002.nd2,3920,M,R,10.5,Homo,Experimental,30,False,12.696041308089502,False,5.1,1758.4609294320142,342.1493975903615,521.5834767641998,53.54216867469879,213.8344234079174,71.70327022375216,210.17693631669542,138.95903614457828,1651.1235800344234,428.50189328743534,0.12729328007799,0.3242903667904351
329,0.15,3920R_GLUT3_WGA594_0002.nd2,3920,M,R,10.5,Homo,Experimental,30,False,15.622372074573581,False,,,,286.768107893693,88.25529551765172,,,367.6083300277668,,1196.88322094407,,0.3071380094524234,
330,0.15,3920R_GLUT3_WGA594_0002.nd2,3920,M,R,10.5,Homo,Experimental,30,True,55.686155913978496,False,5.25,1579.9181787634411,321.9966397849462,587.4815188172043,56.44153225806451,225.12415994623655,73.20715725806451,193.17187499999997,149.70967741935485,1536.877184139785,472.2841061827957,0.12569115931545397,0.3169907169423362
331,0.15,3920R_GLUT3_WGA594_0002.nd2,3920,M,R,10.5,Homo,Experimental,30,False,15.220079410096426,False,5.25,1679.1435053885423,304.23057288712414,438.5796937039138,50.29750425411231,190.98525241066363,64.67073170731706,212.43278502552465,121.5850822461713,1555.1066364152011,378.15910380034035,0.1366033557127762,0.321518326609864
332,0.15,3920R_GLUT3_WGA594_0002.nd2,3920,M,R,10.5,Homo,Experimental,30,False,13.469068808335143,False,5.1,1765.9003690036902,436.59366181897116,463.80507922726287,48.78576079878446,229.38354677664424,97.72802257434338,227.15346212285652,211.83590188843064,1549.0813978728022,434.6108096375081,0.14663752494528923,0.48741517051799677
333,0.15,3920R_GLUT3_WGA594_0002.nd2,3920,M,R,10.5,Homo,Experimental,30,False,14.215657847046032,False,5.55,1539.6440739398333,391.0420442189199,565.558173251178,68.2529902138456,187.18267488220368,70.68648060891627,268.82058716926423,137.56723450525556,1521.4041319318594,383.6208771293947,0.17669242611292196,0.3586020540244329
334,0.15,3920R_GLUT3_WGA594_0002.nd2,3920,M,R,10.5,Homo,Experimental,30,False,16.208704771893025,False,,,,426.56895647614056,50.154431043523864,,,212.77530152071319,,1440.02045097011,,0.14775852758019592,
335,0.15,3920R_GLUT3_WGA594_0002.nd2,3920,M,R,10.5,Homo,Experimental,30,True,30.648130081300813,False,4.5,1621.5964227642278,315.1330081300813,468.3717073170732,49.16715447154471,218.2513821138211,78.0611382113821,213.63772357723573,152.93528455284553,1576.7131707317074,440.25463414634146,0.13549561679509065,0.3473791589937235
336,0.15,3920R_GLUT3_WGA594_0002.nd2,3920,M,R,10.5,Homo,Experimental,30,False,13.844008074876124,False,4.2,1528.9867865663425,284.4729308129932,469.0829510001835,48.68966782895944,207.620847861993,68.11011194714627,197.75408331804002,141.3162048082217,1543.569829326482,430.2411451642504,0.1281147632979634,0.3284581365510087
337,0.15,3920R_GLUT3_WGA594_0002.nd2,3920,M,R,10.5,Homo,Experimental,30,True,41.4392539069064,False,4.35,1559.2550831792973,338.3308687615527,484.9144681566123,69.22029910939338,250.08469164846244,75.41068727944884,233.03259956309864,165.58057469332886,1520.2876827423966,527.0500756175434,0.1532819098703338,0.314164786902494
338,0.15,3920R_GLUT3_WGA594_0002.nd2,3920,M,R,10.5,Homo,Experimental,30,False,12.654761904761905,False,5.25,1616.8869047619046,292.42291666666665,381.5389880952381,38.913988095238096,191.21845238095239,69.02053571428571,163.99583333333334,133.42380952380952,1377.2017857142857,388.8083333333333,0.11907901589619048,0.34316087924335353
339,0.15,3920R_GLUT3_WGA594_0002.nd2,3920,M,R,10.5,Homo,Experimental,30,False,13.250190597204574,False,4.05,1390.9918678526049,399.57700127064805,295.09631512071155,47.65184243964422,270.07115628970774,83.12490470139771,292.5978398983481,168.44904701397712,1194.5241423125794,542.5144853875476,0.24494928945670652,0.3104968651549365
340,0.15,3920R_GLUT3_WGA594_0002.nd2,3920,M,R,10.5,Homo,Experimental,30,False,14.864746945898778,False,1.65,1115.956369982548,132.0048865619546,472.50855148342055,47.81169284467714,482.5849912739965,91.00785340314137,171.33001745200696,202.7340314136126,1538.3352530541013,1388.0645724258288,0.11137365350749165,0.14605518751862365
341,0.15,3920R_GLUT3_WGA594_0002.nd2,3920,M,R,10.5,Homo,Experimental,30,True,61.52133664484082,False,5.3999999999999995,1925.3544818243395,467.4574396026191,498.99729058478215,49.448182433958,202.45044027997295,83.49695190787989,233.82772634906294,187.0158049221043,1658.4368932038835,406.82185594942433,0.1409928392857556,0.4596995028343657
342,0.15,3920R_GLUT3_WGA594_0002.nd2,3920,M,R,10.5,Homo,Experimental,30,False,12.245033112582782,False,2.6999999999999997,1085.6152089518155,311.94382279059147,302.6471797213976,50.178122859100256,348.97213975793557,104.89540991093857,263.82416076729845,233.08403745147297,1091.180178122859,716.7033569308062,0.24177873284057563,0.32521689091791983
343,0.15,3920R_GLUT3_WGA594_0002.nd2,3920,M,R,10.5,Homo,Experimental,30,False,13.865295629820052,False,4.5,1729.9722365038565,310.22724935732646,366.42647814910026,40.99562982005142,257.29125964010285,76.32442159383034,192.78277634961438,150.2917737789203,1520.523650385604,509.28868894601544,0.12678709489373924,0.2951013384765182
344,0.15,3920R_GLUT3_WGA594_0002.nd2,3920,M,R,10.5,Homo,Experimental,30,False,14.17705735660848,False,5.25,1527.2897302199049,353.110632509635,235.1126728632963,30.795511221945134,199.02153706642486,71.0949897982317,194.39809566991613,144.83291770573567,1097.4218997959647,394.99365223305375,0.1771407110665999,0.36667150696457645
345,0.15,3920R_GLUT3_WGA594_0002.nd2,3920,M,R,10.5,Homo,Experimental,30,False,11.79584055459272,False,3.5999999999999996,1279.4242634315426,250.72478336221837,486.34072790294636,57.33379549393415,297.0124783362218,90.89740034662046,187.20901213171578,180.69774696707103,1344.1493934142113,602.3275563258231,0.1392769382993916,0.29999913679746104
346,0.15,3920R_GLUT3_WGA594_0002.nd2,3920,M,R,10.5,Homo,Experimental,30,False,14.604088112720778,False,3.15,1386.6721571740425,194.15518952173048,464.4205199444334,47.78388569160548,362.2198848977972,93.3891645167692,160.53939273665412,168.14844215122054,1421.9085135939672,756.3891645167691,0.11290416450976881,0.2223041392437777
347,0.15,3920R_GLUT3_WGA594_0002.nd2,3920,M,R,10.5,Homo,Experimental,30,False,12.591004184100418,False,4.35,1484.3797071129707,420.33368200836816,437.5389644351464,58.98012552301256,248.23797071129707,76.08132845188285,316.0818514644352,153.92520920502093,1413.2123430962347,506.8676778242678,0.22366196630573243,0.30367927555717444
348,0.15,3920R_GLUT3_WGA594_0002.nd2,3920,M,R,10.5,Homo,Experimental,30,False,14.506043413912186,False,,,,484.6757523433646,52.89146521953626,,,299.0368771583621,,1369.1978293043908,,0.21840297344780718,
349,0.15,3920R_GLUT3_WGA594_0002.nd2,3920,M,R,10.5,Homo,Experimental,30,False,13.829042784626541,False,3.15,1301.6337926033357,188.22035895576505,486.11167512690355,46.48087382160986,333.9372733865119,87.83348440899202,156.18500725163162,160.2141044234953,1413.1129441624366,677.1253625815808,0.11052549472201156,0.23660922079874466
350,0.15,3920R_GLUT3_WGA594_0002.nd2,3920,M,R,10.5,Homo,Experimental,30,False,11.923561699532426,False,5.7,1433.2876600935151,496.80971742224034,343.2045131124212,122.68143931693434,167.07867452734294,67.75787761740192,381.78064647286044,141.35332384631025,1168.738768042285,339.8499695059972,0.32666037690558375,0.41592860535423953
351,0.15,3920R_GLUT3_WGA594_0002.nd2,3920,M,R,10.5,Homo,Experimental,30,False,13.34878165312948,False,3.15,1289.8326564739607,179.93979933110367,502.2336359292881,46.42068800764453,335.2994505494506,85.76803631151456,152.92080745341616,153.26385570950788,1433.1470377448638,663.0726230291448,0.10670280398726255,0.23114188459379553
352,0.15,3920R_GLUT3_WGA594_0002.nd2,3920,M,R,10.5,Homo,Experimental,30,True,48.089602205592755,False,4.5,1605.1971248523043,324.7077589602206,401.2701851122489,48.22489168964159,268.40744387554156,76.8245372193777,221.283182355258,152.99054745962977,1451.4210319023239,536.4659314690823,0.15245967744123862,0.2851822240429576
353,0.15,3920R_GLUT3_WGA594_0002.nd2,3920,M,R,10.5,Homo,Experimental,30,False,11.905692729766804,False,5.55,1592.270576131687,325.429012345679,415.7139917695473,50.411865569272976,169.0236625514403,63.819615912208505,204.66426611796982,127.20919067215362,1462.134087791495,337.9307270233196,0.1399764001310635,0.37643570264439224
354,0.15,3920R_GLUT3_WGA594_0002.nd2,3920,M,R,10.5,Homo,Experimental,30,False,12.340784479122734,False,5.55,1518.3711514129054,421.44074230282587,315.41754533951917,40.389287220582034,206.25347954449603,70.27203711514129,275.73344580345844,136.44242935470265,1300.1501476170392,391.31336988612406,0.21207815597977847,0.34867816909605903
355,0.15,3920R_GLUT3_WGA594_0002.nd2,3920,M,R,10.5,Homo,Experimental,30,False,12.410237014624306,False,5.7,1656.0559757942515,355.9641956631367,352.6137165910237,37.260968229954614,166.0100857286939,64.29904185577408,187.53756933938476,130.5042864346949,1361.12455874937,332.32022188603133,0.13778134273890277,0.3927064254291788
356,0.15,3920R_GLUT3_WGA594_0002.nd2,3920,M,R,10.5,Homo,Experimental,30,False,21.02450156137401,False,4.6499999999999995,1389.2282008167185,290.5676195051646,418.011770357915,46.243814556809994,241.33317319240933,77.10905596925295,198.07446552966607,147.5570502041797,1311.2969012731205,457.8114340619746,0.1510523401201957,0.3223096655646322
357,0.15,3920R_GLUT3_WGA594_0002.nd2,3920,M,R,10.5,Homo,Experimental,30,False,11.905049786628734,False,5.3999999999999995,1445.887624466572,428.9359886201991,351.9235419630156,44.93598862019915,193.68812233285917,71.72190611664296,260.72119487908964,148.1593172119488,1227.5835704125177,385.34708392603125,0.21238569915975397,0.3844827777142035
358,0.15,3920R_GLUT3_WGA594_0002.nd2,3920,M,R,10.5,Homo,Experimental,30,False,12.2524705132292,False,5.3999999999999995,1720.1020082881735,394.42620337902457,395.69620656678353,39.55562639464456,191.81479120178517,72.41695887790883,240.69684411858464,138.3127191584316,1471.4306662416323,369.444692381256,0.16358014661566012,0.37438004120978674
359,0.15,3920R_GLUT3_WGA594_0002.nd2,3920,M,R,10.5,Homo,Experimental,30,False,15.476470588235294,False,,,,525.3513368983957,43.65668449197861,,,186.5850267379679,,1451.1994652406418,,0.12857297098509327,
360,0.15,3920R_GLUT3_WGA594_0002.nd2,3920,M,R,10.5,Homo,Experimental,30,False,13.077027485578554,False,4.95,1623.431625381744,365.54665761791654,337.53104852392266,29.897862232779097,229.79368849677638,80.90329148286392,173.4092297251442,171.61316593145574,1390.1303020020362,478.4645402103835,0.12474314780089601,0.35867478466846564
361,0.15,3920R_GLUT3_WGA594_0002.nd2,3920,M,R,10.5,Homo,Experimental,30,False,13.212250712250713,False,4.05,1243.6339031339032,290.7488807488807,389.85897435897436,48.03520553520553,204.74318274318273,71.12739112739112,208.64713064713064,146.68864468864467,1250.056573056573,424.4562474562474,0.1669101504237985,0.34559190863073636
362,0.15,3920R_GLUT3_WGA594_0002.nd2,3920,M,R,10.5,Homo,Experimental,30,False,13.782127659574469,False,5.7,1437.3262411347519,403.85304964539006,309.2295035460993,44.26269503546099,189.749219858156,70.51262411347518,238.64709219858156,138.66921985815603,1064.8814184397163,384.8873758865248,0.2241067296941397,0.3602851861242637
363,0.15,3920R_GLUT3_WGA594_0002.nd2,3920,M,R,10.5,Homo,Experimental,30,False,12.742518703241895,False,5.55,1384.6443266832914,297.2602867830424,345.0601620947631,34.14214463840399,160.90928927680798,58.63248129675811,167.71477556109724,118.40274314214463,1177.8023690773068,327.10193266832914,0.1423963645891504,0.36197506439743726
364,0.15,3920R_GLUT3_WGA594_0002.nd2,3920,M,R,10.5,Homo,Experimental,30,False,12.866809881847475,False,5.1,1359.4124597207303,348.67346938775506,379.95345506623704,35.36269244539921,188.20587182241317,74.61976369495166,179.64983888292159,161.2137486573577,1255.8800572860723,372.593268886502,0.14304697159626908,0.43268024980469
365,0.15,3920R_GLUT3_WGA594_0002.nd2,3920,M,R,10.5,Homo,Experimental,30,True,57.56688075956437,False,,,,377.4079865959229,39.38843898352415,,,219.5978776877967,,1351.369170622731,,0.16250028671780542,
366,0.15,3920R_GLUT3_WGA594_0002.nd2,3920,M,R,10.5,Homo,Experimental,30,False,12.65034606511151,False,3.75,1105.253781081774,243.42219943604204,383.18969495001284,48.627275057677515,218.37708279928225,72.2496795693412,186.04870546013842,143.45808766982827,1132.0951038195333,452.9592412202,0.16434017321728153,0.31671301656938283
367,0.15,3920R_GLUT3_WGA594_0002.nd2,3920,M,R,10.5,Homo,Experimental,30,False,15.202302507005983,False,,,,316.6553813527229,30.182988714686054,,,192.28894948117852,,1304.74664848898,,0.147376465541312,
368,0.15,3920R_GLUT3_WGA594_0002.nd2,3920,M,R,10.5,Homo,Experimental,30,False,14.091152815013405,False,2.85,1158.1204372035472,173.31119818519278,382.1796246648794,36.692926376572494,304.646731284801,70.66013611053826,150.18127448958546,137.44070942462363,1252.2056094040008,627.9952567539699,0.11993339860621266,0.218856285850052
369,0.15,3920R_GLUT3_WGA594_0002.nd2,3920,M,R,10.5,Homo,Experimental,30,False,12.859579100145138,False,5.55,1653.3798984034834,362.0319303338172,327.8000725689405,31.538824383164005,195.54390420899853,72.62808417997097,196.8621190130624,140.8686502177068,1318.2706821480406,399.05769230769226,0.1493336093102577,0.35300321966752224
370,0.15,3920R_GLUT3_WGA594_0002.nd2,3920,M,R,10.5,Homo,Experimental,30,True,30.144489247311828,False,4.95,1278.731182795699,307.8850806451613,371.63541666666663,41.356518817204304,193.4872311827957,66.63474462365592,170.37331989247312,143.53057795698925,1200.4002016129034,381.8716397849462,0.14193043258702642,0.375860794579612
371,0.15,3920R_GLUT3_WGA594_0002.nd2,3920,M,R,10.5,Homo,Experimental,30,True,46.437734836285564,False,2.6999999999999997,1008.6591519055287,173.15163714439075,216.97369833601718,19.062533548040793,210.8070316693505,70.23242082662372,134.88432635534085,143.04804079441763,1051.1009125067096,439.7211486849167,0.12832671416264213,0.32531535320107846
372,0.15,3920R_GLUT3_WGA594_0002.nd2,3920,M,R,10.5,Homo,Experimental,30,False,14.218218623481782,False,5.55,1707.931781376518,322.2548582995951,419.818016194332,37.426518218623485,163.88502024291498,63.353643724696354,168.90283400809716,129.6923076923077,1439.3566801619431,329.6362348178138,0.11734605906653643,0.3934406900503131
373,0.15,3920R_GLUT3_WGA594_0002.nd2,3920,M,R,10.5,Homo,Experimental,30,True,41.142330723169046,False,3.0,1252.3750959619224,233.47489636112388,374.6482419775833,34.906034085674804,299.7395977276217,87.38476892369108,182.67787501919238,173.08782435129737,1332.5309381237525,594.2319975433747,0.13709090707973268,0.291279879015036
374,0.15,3920R_GLUT3_WGA594_0002.nd2,3920,M,R,10.5,Homo,Experimental,30,False,12.45943129373232,False,,,,436.6223016227483,42.11895191305642,,,139.35938663093643,,1344.7216019056125,,0.10363437787676606,
375,0.15,3920R_GLUT3_WGA594_0002.nd2,3920,M,R,10.5,Homo,Experimental,30,False,12.849850597609562,False,4.5,1479.4394920318725,298.6409362549801,468.8403884462151,41.9828187250996,219.5590139442231,76.37898406374501,183.04780876494024,151.75348605577688,1460.3433764940241,429.6190239043826,0.12534573149802572,0.35322804068739666
376,0.15,3920R_GLUT3_WGA594_0002.nd2,3920,M,R,10.5,Homo,Experimental,30,True,39.24591857821864,False,,,,398.54928704277745,34.48481091134532,,,154.16842322793966,,1256.1837156437282,,0.12272760847638949,
377,0.15,3920R_GLUT3_WGA594_0002.nd2,3920,M,R,10.5,Homo,Experimental,30,True,54.14216666666667,False,,,,467.5853333333333,73.17916666666667,,,265.4651666666667,,1252.8718333333334,,0.21188533384167654,
378,0.15,3920R_GLUT3_WGA594_0002.nd2,3920,M,R,10.5,Homo,Experimental,30,False,13.55625,False,3.75,1267.6017045454546,303.5446022727273,312.01420454545456,28.144886363636367,238.11562500000002,86.31761363636365,182.6272727272727,183.0215909090909,1227.7892045454546,474.1267045454546,0.14874481063293268,0.38601831357411887
379,0.15,3920R_GLUT3_WGA594_0002.nd2,3920,M,R,10.5,Homo,Experimental,30,False,14.514851485148515,False,5.1,1502.6202679091439,335.1485148514851,409.0774606872452,41.552125800815375,172.7897495631916,74.74490390215493,191.24140943506114,152.2178217821782,1402.898660454281,343.10454280722195,0.1363187625919709,0.4436485175531584
380,0.15,3920R_GLUT3_WGA594_0002.nd2,3920,M,R,10.5,Homo,Experimental,30,False,12.60965180207697,False,5.1,1699.2788637751985,311.82193036041537,339.19761759315827,29.202199144777033,217.15638362858886,72.31307269395235,176.33109346365305,140.0855222968845,1476.5018326206475,435.40317654245564,0.11942490660555596,0.321737483426984
381,0.15,3920R_GLUT3_WGA594_0002.nd2,3920,M,R,10.5,Homo,Experimental,30,False,11.820333041191937,False,5.25,1365.3729184925503,329.522787028922,351.9697633654689,31.795354951796668,171.26950043821205,69.0048203330412,188.31463628396145,135.37905346187554,1302.9553023663452,332.0157756354075,0.14452885370814816,0.40774885832695407
382,0.15,3920R_GLUT3_WGA594_0002.nd2,3920,M,R,10.5,Homo,Experimental,30,False,13.196144578313254,False,4.6499999999999995,1533.887951807229,313.51831325301214,384.4698795180723,38.307469879518074,187.48722891566268,68.22722891566265,190.70168674698795,138.36313253012048,1448.3657831325302,369.28530120481923,0.131666799207682,0.3746781474342495
383,0.15,3920R_GLUT3_WGA594_0002.nd2,3920,M,R,10.5,Homo,Experimental,30,False,13.920140927774515,False,5.25,1357.3784497944803,307.1702877275397,196.07046388725777,24.084850264239577,152.18056371109807,60.66294773928362,163.3496770405167,118.30152671755725,1076.48766881973,296.63564298297126,0.15174319388127747,0.39881089651909596
384,0.15,3920R_GLUT3_WGA594_0002.nd2,3920,M,R,10.5,Homo,Experimental,30,False,13.438613384689456,False,3.5999999999999996,1172.740972556572,270.6531054405392,362.29248916706786,43.51396244583534,228.58473760231104,72.49879634087627,210.5597014925373,144.03731343283582,1204.3890226287915,455.6047183437651,0.1748269849163467,0.31614535063738314
385,0.15,3920R_GLUT3_WGA594_0002.nd2,3920,M,R,10.5,Homo,Experimental,30,False,12.930795847750865,False,4.6499999999999995,1239.7185697808538,297.6523644752018,377.8359861591696,34.78754325259516,179.34994232987313,68.24221453287197,168.98615916955015,141.0322952710496,1214.4841983852364,371.4705882352941,0.13914232840100524,0.3796593855277662
386,0.15,3920R_GLUT3_WGA594_0002.nd2,3920,M,R,10.5,Homo,Experimental,30,False,12.293154761904763,False,4.8,1361.8104166666667,255.71875,390.01250000000005,45.62916666666666,194.6657738095238,63.258630952380955,169.8139880952381,122.02857142857144,1267.8080357142862,385.5755952380952,0.1339429813596066,0.3164841679184028
387,0.15,3920R_GLUT3_WGA594_0002.nd2,3920,M,R,10.5,Homo,Experimental,30,False,12.251439144736842,False,4.8,1203.3840460526317,306.5189144736842,344.37808388157896,35.23869243421053,171.4488075657895,64.48211348684211,181.20847039473685,135.34991776315792,1125.9708059210525,343.6274671052632,0.1609353186084669,0.3938856195150904
388,0.15,3920R_GLUT3_WGA594_0002.nd2,3920,M,R,10.5,Homo,Experimental,30,False,16.200135226504393,False,3.9,1331.1316204642776,269.91075050709935,319.6928104575163,32.29817444219067,220.762677484787,78.98242055442867,170.94838855082264,162.54924498535047,1283.693937345053,438.28217263917065,0.13316911732432077,0.3708780669917281
389,0.15,3920R_GLUT3_WGA594_0002.nd2,3920,M,R,10.5,Homo,Experimental,30,False,13.791698113207547,False,6.3,1249.1169811320754,284.0181132075472,387.17471698113206,39.243773584905654,141.90867924528303,59.5222641509434,163.15886792452832,113.54490566037737,1143.9935849056606,288.5283018867925,0.1426221878140892,0.3935312581742087
390,0.15,3920R_GLUT3_WGA594_0002.nd2,3920,M,R,10.5,Homo,Experimental,30,False,13.959881129271917,False,5.25,1212.9732540861814,310.3224368499257,313.27191679049037,35.263001485884104,166.20950965824665,60.89301634472511,183.03120356612183,122.13075780089153,1024.1783060921248,328.2436849925706,0.1787102914379229,0.37207344233798684
391,0.15,3920R_GLUT3_WGA594_0002.nd2,3920,M,R,10.5,Homo,Experimental,30,False,11.515774027879678,False,5.1,1258.8481291269259,214.07923697725607,445.4739545121056,34.0498899486427,153.36720469552455,57.91856199559795,123.49266324284665,110.57043286867204,1316.6548055759356,304.91782831988263,0.09379274105852525,0.3626237057961564
392,0.15,3920R_GLUT3_WGA594_0002.nd2,3920,M,R,10.5,Homo,Experimental,30,False,22.08034779808389,False,4.05,1205.8745672651155,250.63505353836248,368.2296111424201,34.76732952258273,184.23106030110299,71.56927783592303,160.53320988648255,144.56605748329443,1228.7534014974642,372.52451493438537,0.13064721504806662,0.38807125890428334
393,0.15,3920R_GLUT3_WGA594_0002.nd2,3920,M,R,10.5,Homo,Experimental,30,True,38.929532006455084,False,4.5,1200.1632598171057,229.86793975255515,471.15330823023135,37.273803119956966,173.80231307154384,65.16030123722432,135.7132867132867,130.4252286175363,1303.401559978483,341.66998386229153,0.10412239088890388,0.38172867028935026
394,0.15,3920R_GLUT3_WGA594_0002.nd2,3920,M,R,10.5,Homo,Experimental,30,False,9.431155778894473,False,4.35,1082.142713567839,236.30552763819094,379.8522613065327,37.72361809045226,198.73165829145728,60.50854271356784,156.73768844221107,129.05226130653267,1121.9145728643216,394.10452261306534,0.13970554642324456,0.32745694073964515
395,0.15,3920R_GLUT3_WGA594_0002.nd2,3920,M,R,10.5,Homo,Experimental,30,False,10.817843866171003,False,4.5,1190.1087360594795,314.35594795539026,423.51579925650555,49.87484510532838,157.8389095415118,64.00495662949194,195.11028500619577,143.57094175960347,1234.0387236679057,326.64745972738535,0.1581071009070719,0.4395287257994458
396,0.15,3920R_GLUT3_WGA594_0002.nd2,3920,M,R,10.5,Homo,Experimental,30,False,10.760644104803493,False,3.5999999999999996,1073.4727074235807,228.71124454148472,374.52019650655023,37.74863537117904,213.5417576419214,64.76746724890829,172.09033842794761,131.1118995633188,1152.9312227074236,418.8089519650655,0.14926331687316838,0.3130589710371218
397,0.15,3920R_GLUT3_WGA594_0002.nd2,3920,M,R,10.5,Homo,Experimental,30,False,11.105985512771635,False,4.6499999999999995,1049.9348074723596,295.566526877621,317.4357605794891,34.965688143347315,151.39153640869233,59.8131910026687,172.26648875333586,120.18833396873808,1029.795272588639,285.910789172703,0.16728226797963683,0.4203700542973875
398,0.15,3920R_GLUT3_WGA594_0002.nd2,3920,M,R,10.5,Homo,Experimental,30,False,10.629260450160771,False,4.35,1197.6041800643086,228.68810289389063,322.43183279742766,30.582636655948555,214.96977491961414,67.14340836012862,143.15016077170418,130.29999999999998,1100.5083601286174,441.67041800643085,0.13007639556229642,0.295016362173712
399,0.15,3920R_GLUT3_WGA594_0002.nd2,3920,M,R,10.5,Homo,Experimental,30,False,11.370179948586118,False,3.75,1091.390378259273,228.78699963275795,437.2335659199412,57.84428938670584,218.50679397723098,71.78442893867057,192.85126698494307,135.6239441792141,1213.2438486962908,429.46125596768275,0.1589550750182449,0.31580018521954845
400,0.15,3920R_GLUT3_WGA594_0002.nd2,3920,M,R,10.5,Homo,Experimental,30,False,10.335501540568298,False,4.2,1072.7771311194797,230.11263266004792,404.43204382060935,40.81444710715509,164.957206436152,60.37761040739473,156.70968846285518,123.4149263950702,1147.106128038343,336.6306059568641,0.13661306886298583,0.3666182581475809
401,0.15,3920R_GLUT3_WGA594_0002.nd2,3920,M,R,10.5,Homo,Experimental,30,False,16.193154996066088,False,5.3999999999999995,1137.7409520062938,230.98111723052713,344.59579071597165,27.112116443745084,143.58988985051138,55.22423288749016,103.44531864673483,110.21498819826907,1012.8869000786781,283.993115656963,0.10212918998034183,0.38809035192035574
402,0.15,3920R_GLUT3_WGA594_0002.nd2,3920,M,R,10.5,Homo,Experimental,30,False,16.16697804764129,False,4.6499999999999995,1094.770901447922,255.42269967304992,390.53432975245215,39.21531994395143,162.11863615133115,61.28935077066791,170.68752919196635,121.91616067258292,1131.647828117702,322.3414292386735,0.15083096079093367,0.3782205748746981
403,0.15,3920R_GLUT3_WGA594_0002.nd2,3920,M,R,10.5,Homo,Experimental,30,False,14.122108660570198,False,4.35,869.5433028509952,203.13071543840772,345.50726196880044,41.41204948897257,154.22512103281335,57.17186659494352,150.70225927918236,109.9090909090909,919.5809575040341,313.56724045185575,0.16388144844606706,0.3505120329238157
404,0.15,3920R_GLUT3_WGA594_0002.nd2,3920,M,R,10.5,Homo,Experimental,30,False,10.999459313327927,False,,,,340.1081373344147,26.464449851311166,,,112.40200054068666,,959.7150581238174,,0.11712018019225988,
405,0.15,3920R_GLUT3_WGA594_0002.nd2,3920,M,R,10.5,Homo,Experimental,30,True,36.96348955590662,False,,,,325.17254695453744,38.81727224855187,,,168.53817798841496,,1145.8862559241707,,0.14708107119452876,
406,0.15,3920R_GLUT3_WGA594_0002.nd2,3920,M,R,10.5,Homo,Experimental,30,False,11.344365312107248,False,4.95,1118.4608294930877,296.5320485965647,253.7670716380394,29.748219522413066,160.6099706744868,60.01340594888981,185.84499371596144,117.12442396313365,991.5136154168412,315.51193967323,0.18743564468131943,0.3712202590001421
407,0.15,3920R_GLUT3_WGA594_0002.nd2,3920,M,R,10.5,Homo,Experimental,30,True,67.83788484953905,False,5.3999999999999995,1203.0022612628281,271.9909549486867,285.3278831101061,29.122630022612626,154.3998956340233,60.75630544442512,143.02400417463906,117.40285267002957,1027.2264741694207,308.5013045747086,0.13923317571257424,0.3805586910949304
408,0.15,3920R_GLUT3_WGA594_0002.nd2,3920,M,R,10.5,Homo,Experimental,30,False,24.14453125,False,,,,386.50078124999993,34.78984375,,,142.4921875,,1138.59765625,,0.12514709363560575,
