mask_id,Slice_Seperation,file_name,DJID,Sex,Eye,Age_Months,Genotype,Experimental_Condition,Time_Condition,eGFP_Value,eGFP_Raw_Intensity,In_Rip,Length_um,WGA_Middle_Integral,GLUT1_Middle_Integral,WGA_Top_Integral,GLUT1_Top_Integral,WGA_Bottom_Integral,GLUT1_Bottom_Integral,GLUT1_Top_Surface_Integral,GLUT1_Bot_Surface_Integral,WGA_Top_Surface_Integral,WGA_Bot_Surface_Integral,Top_Surface_Ratio,Bot_Surface_Ratio
0,0.15,3920L_GLUT1_WGA594_0001.nd2,3920,M,L,10.5,Homo,Control,0,False,8.132075471698114,False,4.2,1135.754716981132,549.9745283018867,273.7424528301887,183.94905660377358,407.45566037735847,57.64433962264151,530.2066037735849,133.57830188679245,743.1981132075472,818.816037735849,0.7134122037598852,0.1631359129898784
1,0.15,3920L_GLUT1_WGA594_0001.nd2,3920,M,L,10.5,Homo,Control,0,False,9.11111111111111,False,5.85,1384.0687382297554,607.9416195856875,335.59792843691145,165.59604519774012,161.5894538606403,25.758003766478343,490.86064030131826,64.00564971751412,911.2551789077213,340.728813559322,0.5386643079380792,0.18784924306488252
2,0.15,3920L_GLUT1_WGA594_0001.nd2,3920,M,L,10.5,Homo,Control,0,True,73.20779639175258,False,4.6499999999999995,986.3527706185566,450.9175257731959,270.61050257731955,129.96423969072166,260.572487113402,40.02770618556701,384.2980025773196,112.88466494845362,719.0869845360826,545.8237757731958,0.5344249177660316,0.20681522124708648
3,0.15,3920L_GLUT1_WGA594_0001.nd2,3920,M,L,10.5,Homo,Control,0,False,9.210884353741497,False,3.9,993.3537414965984,375.8352229780801,320.21390778533635,132.9992441421013,282.848828420257,46.21768707482993,349.6492819349962,128.0793650793651,815.5857898715041,594.8133030990174,0.42870938444143764,0.21532700161893314
4,0.15,3920L_GLUT1_WGA594_0001.nd2,3920,M,L,10.5,Homo,Control,0,False,8.325358851674642,False,4.35,1022.2258373205741,352.5301435406699,274.3741626794258,112.57511961722486,297.33875598086127,41.17799043062201,332.36267942583726,99.27655502392342,753.4966507177033,603.580861244019,0.4410937714311839,0.16447929581350218
5,0.15,3920L_GLUT1_WGA594_0001.nd2,3920,M,L,10.5,Homo,Control,0,False,11.394123606889565,False,4.05,1056.565856129686,498.33029381965554,370.8966565349544,197.46859169199598,236.40070921985816,38.25785207700101,507.5096251266464,108.85460992907802,879.8318135764946,521.5759878419452,0.5768257265711185,0.20870326178064885
6,0.15,3920L_GLUT1_WGA594_0001.nd2,3920,M,L,10.5,Homo,Control,0,False,6.3710217755443885,False,4.2,702.36013400335,435.3450586264657,272.05527638190955,98.66666666666666,239.61892797319933,66.62730318257957,313.31658291457285,165.36264656616416,647.1155778894472,435.5460636515913,0.48417406970242904,0.3796674114783037
7,0.15,3920L_GLUT1_WGA594_0001.nd2,3920,M,L,10.5,Homo,Control,0,False,8.994514285714287,False,4.2,822.4098285714285,354.64982857142854,346.79794285714286,159.66514285714288,208.80502857142858,34.93508571428571,387.8411428571429,89.25942857142857,769.2233142857143,434.56662857142857,0.504198372116795,0.20539871840793508
8,0.15,3920L_GLUT1_WGA594_0001.nd2,3920,M,L,10.5,Homo,Control,0,False,7.061449579831932,False,1.95,470.4750525210084,319.6662289915966,306.04332983193274,147.06276260504205,219.15546218487395,150.9968487394958,402.8794642857143,382.0023634453782,703.250787815126,521.3873424369748,0.5728816394751415,0.7326652036850215
9,0.15,3920L_GLUT1_WGA594_0001.nd2,3920,M,L,10.5,Homo,Control,0,False,8.119047619047619,False,4.6499999999999995,893.3930202217872,472.4680365296804,310.37997390737115,179.87769080234833,238.04240052185258,32.724396607958255,483.89171559034577,81.8160469667319,730.3623613829093,476.01337247227656,0.6625364903444886,0.17187762297895726
10,0.15,3920L_GLUT1_WGA594_0001.nd2,3920,M,L,10.5,Homo,Control,0,False,7.59562109025916,False,4.8,959.7605004468276,473.8176943699732,349.2024128686327,208.38025022341378,193.20330652368185,29.06478999106345,525.0192135835567,75.10545129579981,802.1443252904379,412.478999106345,0.6545196382128109,0.1820830914022757
11,0.15,3920L_GLUT1_WGA594_0001.nd2,3920,M,L,10.5,Homo,Control,0,True,67.1233314532807,False,4.5,1042.6931754089114,722.6388418875729,326.0744500846024,246.3299492385787,215.05696559503667,36.88118067305884,707.1972175220906,104.73152848279753,816.6888512878361,461.73434856175976,0.865932253644594,0.22682204347374657
12,0.15,3920L_GLUT1_WGA594_0001.nd2,3920,M,L,10.5,Homo,Control,0,True,40.58677298311444,False,4.5,1107.938789868668,490.9939024390244,263.0750469043152,123.39516885553472,283.80534709193245,39.78330206378987,422.79549718574106,102.69793621013135,765.8327861163227,589.0968574108817,0.5520728608784352,0.1743311561047793
13,0.15,3920L_GLUT1_WGA594_0001.nd2,3920,M,L,10.5,Homo,Control,0,False,8.199482609945386,False,4.95,1058.2862891635525,308.39177924691006,337.0994538660535,100.47628628916355,265.28169014084506,31.794481172750793,278.97326818051164,80.12216154067261,808.8137395803392,566.2989364759989,0.34491657909429135,0.14148386369796473
14,0.15,3920L_GLUT1_WGA594_0001.nd2,3920,M,L,10.5,Homo,Control,0,False,8.717475192943771,False,3.5999999999999996,1149.1678610804852,374.39691289966925,450.0529217199559,195.94818081587653,308.88699007717753,59.273153252480704,439.62238147739805,149.91786108048515,1100.1471885336273,643.4476295479602,0.39960324042037076,0.23299155082101491
15,0.15,3920L_GLUT1_WGA594_0001.nd2,3920,M,L,10.5,Homo,Control,0,False,7.463508569227806,False,4.5,886.5388022337762,720.8709801656075,295.9326015790487,180.27768149431927,216.8157134604275,51.17812439822839,614.4440593106104,137.60023108030043,717.0121317157711,457.0288850375506,0.8569507155203624,0.301075567836363
16,0.15,3920L_GLUT1_WGA594_0001.nd2,3920,M,L,10.5,Homo,Control,0,False,9.230478589420654,False,4.95,1040.6847187237615,460.12678421494536,287.8702770780856,113.5671704450042,254.1435768261965,40.358942065491185,374.3396305625525,103.43324937027707,762.4945424013433,525.4617968094037,0.49094073432137,0.1968425678104902
17,0.15,3920L_GLUT1_WGA594_0001.nd2,3920,M,L,10.5,Homo,Control,0,False,9.644723092998955,False,4.95,1021.6948798328108,412.92267502612333,284.03814002089865,104.64158829676072,258.8960292580982,40.77481713688611,332.6347962382445,104.12695924764888,740.997910135841,535.889237199582,0.44890112601972837,0.19430686794866292
18,0.15,3920L_GLUT1_WGA594_0001.nd2,3920,M,L,10.5,Homo,Control,0,True,81.43600867678958,False,4.2,934.6973969631235,467.24403470715833,346.261388286334,202.99349240780913,239.77982646420824,45.94902386117137,521.91431670282,115.95119305856834,805.3438177874185,521.3665943600868,0.6480639761247741,0.2223985853962971
19,0.15,3920L_GLUT1_WGA594_0001.nd2,3920,M,L,10.5,Homo,Control,0,False,11.395720546532612,False,4.35,1004.3005929363239,345.6651198762567,337.45630317092036,114.13250837844807,282.3591131734984,44.32585717968549,329.2469708687806,97.5387986594483,826.7605052848672,549.3488012374323,0.3982374203462172,0.17755349322641256
20,0.15,3920L_GLUT1_WGA594_0001.nd2,3920,M,L,10.5,Homo,Control,0,False,8.40748189863234,False,4.6499999999999995,1041.6134352373292,636.0929203539823,424.20555108608204,171.44650040225264,252.4288012872084,36.25583266291231,546.5193081255029,101.23491552695093,990.8290426387772,494.0929203539823,0.5515778046533759,0.20489043934169981
21,0.15,3920L_GLUT1_WGA594_0001.nd2,3920,M,L,10.5,Homo,Control,0,False,7.869661266568483,False,4.95,941.9329896907217,436.1432253313696,317.970913107511,129.65500736377024,220.31701030927834,30.596833578792342,406.46759941089834,81.78350515463919,760.6715758468337,474.9318851251841,0.5343536058362504,0.17220049383098887
22,0.15,3920L_GLUT1_WGA594_0001.nd2,3920,M,L,10.5,Homo,Control,0,False,8.978513107004726,False,4.8,1066.0893854748601,504.8461538461539,294.46927374301674,124.83841856467555,262.2552642887838,45.37816931671681,415.6261280618823,117.95573700042974,815.131499785131,522.5719810915342,0.5098884390695753,0.22572151065973148
23,0.15,3920L_GLUT1_WGA594_0001.nd2,3920,M,L,10.5,Homo,Control,0,False,7.600790513833992,False,4.5,883.304347826087,466.9319279754062,318.09661835748796,167.44356609574,295.62933684672817,51.44927536231884,433.1756697408871,157.04303908651735,724.725955204216,588.1585419411507,0.5977096123441932,0.2670080053045129
24,0.15,3920L_GLUT1_WGA594_0001.nd2,3920,M,L,10.5,Homo,Control,0,False,11.616067592725189,False,4.05,1085.1419160819135,435.88242875554926,275.9099241013891,95.83230703136188,304.6299584705714,39.97751682657884,340.4909064871832,123.06587426607473,786.0300730345124,656.7628526421308,0.4331779637548718,0.18738251375056553
25,0.15,3920L_GLUT1_WGA594_0001.nd2,3920,M,L,10.5,Homo,Control,0,False,7.887703537338574,False,5.25,978.1218416619876,790.9062324536777,345.57664233576645,259.257720381808,158.77540707467716,36.431779898933186,756.9410443571028,87.11791128579449,808.1953958450309,312.2610892756878,0.9365817328935192,0.27899060842921797
26,0.15,3920L_GLUT1_WGA594_0001.nd2,3920,M,L,10.5,Homo,Control,0,False,8.045486111111112,False,4.6499999999999995,941.1600694444444,573.1190972222223,296.16805555555555,193.02777777777777,248.9354166666667,41.19270833333333,548.6996527777778,111.91770833333334,744.4791666666666,489.3149305555555,0.7370248589151627,0.2287232645982514
27,0.15,3920L_GLUT1_WGA594_0001.nd2,3920,M,L,10.5,Homo,Control,0,False,9.157245632065775,False,5.1,1215.1493662213088,414.49297704693396,314.1897910243234,114.4741349777321,213.52929085303185,27.257965056526206,367.72113737581367,68.85919835560124,888.4028776978419,461.21171634121276,0.41391259146830534,0.14930062683979597
28,0.15,3920L_GLUT1_WGA594_0001.nd2,3920,M,L,10.5,Homo,Control,0,False,8.49418777943368,False,4.8,1553.8611028315945,493.5538002980626,382.1344262295082,176.02831594634873,354.2602086438152,63.27868852459017,464.2304023845008,151.2011922503726,1087.3597615499255,723.2417287630402,0.4269335861047365,0.20906038221684456
29,0.15,3920L_GLUT1_WGA594_0001.nd2,3920,M,L,10.5,Homo,Control,0,False,8.667008196721312,False,5.1,1267.039275956284,604.182718579235,286.8435792349727,163.64617486338798,242.47062841530055,31.402322404371585,534.6420765027323,77.66700819672134,836.0170765027323,503.6359289617486,0.6395109520241778,0.15421260424535793
30,0.15,3920L_GLUT1_WGA594_0001.nd2,3920,M,L,10.5,Homo,Control,0,False,8.098285714285714,False,5.7,1127.182857142857,432.71771428571424,306.17485714285715,109.58514285714286,226.10628571428572,31.158857142857148,358.3188571428571,68.03085714285714,842.1851428571429,431.2,0.4254632846255726,0.1577710045056984
31,0.15,3920L_GLUT1_WGA594_0001.nd2,3920,M,L,10.5,Homo,Control,0,False,8.067443120260021,False,5.1,1047.092091007584,502.010292524377,287.91955579631633,156.3732394366197,237.89192849404117,34.62567713976165,475.87838569880824,95.00243770314194,752.4791440953413,526.807963163597,0.6324140535096519,0.18033599403591305
32,0.15,3920L_GLUT1_WGA594_0001.nd2,3920,M,L,10.5,Homo,Control,0,False,8.0625,False,5.25,1040.0341312056737,713.9747340425532,360.2788120567376,255.46365248226954,175.90514184397162,38.25265957446808,737.8590425531916,86.87234042553192,854.7579787234042,331.78812056737587,0.8632373852247589,0.26183077404029853
33,0.15,3920L_GLUT1_WGA594_0001.nd2,3920,M,L,10.5,Homo,Control,0,False,8.463472113118618,False,5.25,1114.5604870384916,411.15278868813823,329.44933228593874,106.76472898664572,281.6221523959151,38.70816967792616,324.51963864886096,97.10487038491752,807.2678711704634,580.5263157894738,0.40199746606827996,0.16727040229496215
34,0.15,3920L_GLUT1_WGA594_0001.nd2,3920,M,L,10.5,Homo,Control,0,False,8.39278350515464,False,4.8,1426.181443298969,441.3948453608247,407.02989690721654,173.2103092783505,408.7350515463918,71.13917525773196,440.32061855670116,147.4546391752577,1060.516494845361,786.4154639175258,0.415194502581411,0.1875022121776611
35,0.15,3920L_GLUT1_WGA594_0001.nd2,3920,M,L,10.5,Homo,Control,0,True,33.05195599022005,False,4.6499999999999995,1120.158312958435,522.4752444987776,359.2619193154035,179.06509779951097,289.79645476772623,40.30776283618582,531.0693765281173,89.34993887530563,937.6693154034231,552.9416259168703,0.5663717131445535,0.16159018364216726
36,0.15,3920L_GLUT1_WGA594_0001.nd2,3920,M,L,10.5,Homo,Control,0,False,8.429697525206233,False,4.05,1232.8802933088912,781.782951420715,352.08322639780016,426.11274060494964,381.3710357470211,97.43263061411551,976.0493125572867,209.09312557286893,905.7792850595783,766.5083409715855,1.0775796362941623,0.27278649741480115
37,0.15,3920L_GLUT1_WGA594_0001.nd2,3920,M,L,10.5,Homo,Control,0,False,9.535815804434337,False,4.2,1173.2279704377488,538.7484366117112,355.93689596361565,178.70636725412166,268.56225127913586,40.921830585559974,530.4638999431494,113.27202956225128,952.6293348493462,567.4019329164299,0.5568418696943022,0.19963278760795938
38,0.15,3920L_GLUT1_WGA594_0001.nd2,3920,M,L,10.5,Homo,Control,0,False,12.768355739400207,False,3.9,1149.0961737331957,798.282316442606,272.49638055842814,137.73629782833507,346.6049638055843,60.630816959669076,597.5915201654602,199.07032057911067,824.4819027921405,721.567735263702,0.7248085350832965,0.2758858397491387
39,0.15,3920L_GLUT1_WGA594_0001.nd2,3920,M,L,10.5,Homo,Control,0,False,6.803004291845493,False,4.95,849.6957081545063,713.6497854077255,335.17424892703866,258.4296137339056,241.54935622317598,59.19442060085837,662.5206008583691,185.1334763948498,746.8502145922748,479.3008583690987,0.8870863098299524,0.3862573437168408
40,0.15,3920L_GLUT1_WGA594_0001.nd2,3920,M,L,10.5,Homo,Control,0,False,11.345164609053498,False,4.6499999999999995,1148.1386316872429,339.6077674897119,343.0380658436214,107.77057613168725,306.84182098765433,43.2227366255144,311.3261316872428,102.25668724279835,885.125,625.6550925925927,0.35173126020307055,0.16343939089357776
41,0.15,3920L_GLUT1_WGA594_0001.nd2,3920,M,L,10.5,Homo,Control,0,False,13.55780089153046,False,5.1,990.1726597325409,604.2936106983655,340.08231797919757,193.1260029717682,263.890044576523,47.108766716196136,584.5690936106982,115.29747399702822,774.388707280832,539.0228826151559,0.7548781227238432,0.21390088939757815
42,0.15,3920L_GLUT1_WGA594_0001.nd2,3920,M,L,10.5,Homo,Control,0,False,10.609145059565522,False,3.9,1097.0665732305538,339.3279607568325,301.1026629292221,100.19971969166083,333.9306236860546,41.795024526979674,299.54029432375614,117.51401541695866,831.0029782761036,705.0935529081992,0.36045634270185833,0.16666443046070312
43,0.15,3920L_GLUT1_WGA594_0001.nd2,3920,M,L,10.5,Homo,Control,0,True,46.12992700729927,False,4.8,1302.4960583941606,576.0732846715329,343.34218978102183,186.0922627737226,309.47240875912405,37.76408759124087,584.0756204379562,89.0578102189781,926.1716788321169,624.7646715328467,0.6306342914463368,0.14254616862454256
44,0.15,3920L_GLUT1_WGA594_0001.nd2,3920,M,L,10.5,Homo,Control,0,False,10.406433823529412,False,2.85,491.6731617647058,216.10036764705882,273.9196691176471,472.5726102941176,214.08658088235293,52.18492647058824,613.790625,136.41084558823528,533.9643382352941,470.0981617647059,1.1494974121839763,0.29017523718059507
45,0.15,3920L_GLUT1_WGA594_0001.nd2,3920,M,L,10.5,Homo,Control,0,True,39.823110893032386,False,4.5,1221.0186457311088,774.3891069676154,285.5085868498528,146.65578999018646,316.12021589793915,45.94627085377822,603.779685966634,118.1162904808636,829.4016192345437,624.5375368007851,0.7279702281312923,0.18912600687849498
46,0.15,3920L_GLUT1_WGA594_0001.nd2,3920,M,L,10.5,Homo,Control,0,False,8.118051404662284,False,4.5,892.5406455469216,643.3687985654512,283.9264793783622,198.12940824865512,269.5842797369994,62.55827854154214,614.5842797369994,152.10908547519426,736.0744172145845,509.5514046622834,0.8349485668346932,0.2985156827818147
47,0.15,3920L_GLUT1_WGA594_0001.nd2,3920,M,L,10.5,Homo,Control,0,True,81.34756282167726,False,4.8,989.6742355434454,350.37087496215565,310.65364819860736,113.5806842264608,290.4613987284287,43.004844081138366,313.8670905237663,103.5028761731759,759.3490765970331,567.1153496821071,0.4133370279849928,0.18250762606089535
48,0.15,3920L_GLUT1_WGA594_0001.nd2,3920,M,L,10.5,Homo,Control,0,False,11.713271671327167,False,5.25,1068.7569369756936,556.788771778877,349.8939556893955,165.73972897397292,245.3293181329318,39.5442030544203,529.409980640998,95.42503764250377,839.9617121961712,491.93030759303076,0.6302787055100382,0.19398080616217692
49,0.15,3920L_GLUT1_WGA594_0001.nd2,3920,M,L,10.5,Homo,Control,0,False,7.556750298685783,False,4.95,810.605734767025,1235.3405017921145,230.99402628434885,266.68697729988054,176.38829151732378,43.41338112305854,992.4922341696534,121.55913978494625,618.7419354838711,352.61290322580646,1.604048759671511,0.3447382063245205
50,0.15,3920L_GLUT1_WGA594_0001.nd2,3920,M,L,10.5,Homo,Control,0,False,8.778775079197466,False,4.5,1406.895459345301,382.2038014783527,323.05913410770853,115.6422914466737,308.7294086589229,40.380939809926076,346.26795142555443,97.9244984160507,977.2740232312567,630.8236536430833,0.35432022461894036,0.15523276251694879
51,0.15,3920L_GLUT1_WGA594_0001.nd2,3920,M,L,10.5,Homo,Control,0,True,91.51707684580613,False,4.05,1082.6838272225011,418.2506278252134,327.63485685585135,135.07759919638372,339.9331993972878,51.9171270718232,380.80914113510806,149.36614766449023,824.7739829231541,727.0160723254646,0.4617133287660807,0.20545095679483577
52,0.15,3920L_GLUT1_WGA594_0001.nd2,3920,M,L,10.5,Homo,Control,0,False,10.076540136901057,False,2.4,601.6530802738022,353.5976975731176,276.86465463596767,126.13316739265713,303.27815805849406,136.72993154947108,359.43995021779705,338.102053515868,688.8120721841942,612.2657125077785,0.5218258574911848,0.5522145803837948
53,0.15,3920L_GLUT1_WGA594_0001.nd2,3920,M,L,10.5,Homo,Control,0,True,47.205280685061844,False,3.0,683.6829210275928,228.49524262607045,423.64581351094193,303.9731208372978,294.16674595623215,44.076593720266416,457.7545195052332,118.79043767840152,776.3044719314938,625.191008563273,0.5896584858854561,0.19000663165548265
54,0.15,3920L_GLUT1_WGA594_0001.nd2,3920,M,L,10.5,Homo,Control,0,False,7.537437603993345,False,4.6499999999999995,735.1691625069328,1054.6051026067666,263.28175263449805,281.34054353854685,167.4792013311148,40.364392678868555,920.216306156406,117.78924015529672,616.6605657237936,350.96394897393236,1.4922574221627412,0.3356163517639399
56,0.15,3920L_GLUT1_WGA594_0001.nd2,3920,M,L,10.5,Homo,Control,0,False,10.187191011235955,False,4.35,1133.1802247191008,499.44089887640445,246.96314606741572,155.19617977528088,264.51955056179776,37.40876404494382,484.10337078651685,97.29842696629211,788.1617977528091,571.2923595505617,0.6142182635174435,0.17031284479777958
57,0.15,3920L_GLUT1_WGA594_0001.nd2,3920,M,L,10.5,Homo,Control,0,False,8.899062327633755,False,4.6499999999999995,1056.7644787644786,483.8552123552123,309.4145063430778,187.4972421400993,343.9180915609487,47.41947049089906,504.7173193601765,114.46800882515168,766.8356315499173,684.1359624931054,0.6581818822634116,0.16731763143690212
58,0.15,3920L_GLUT1_WGA594_0001.nd2,3920,M,L,10.5,Homo,Control,0,False,8.902578796561604,False,4.6499999999999995,1028.2898076135898,469.22677036430616,275.0925092099877,135.41997544003274,306.5403192795743,40.65575112566517,435.56815390912817,98.46950470732708,780.6794924273435,598.7908309455587,0.5579346686241611,0.1644472487192774
59,0.15,3920L_GLUT1_WGA594_0001.nd2,3920,M,L,10.5,Homo,Control,0,False,10.680187873612297,False,3.15,1384.112724167378,326.9116140051238,876.7177625960717,400.93509820666094,343.6763450042698,60.32963279248506,610.7980358667805,164.93894107600343,1780.904782237404,765.5029888983775,0.3429706304114792,0.21546479042931538
60,0.15,3920L_GLUT1_WGA594_0001.nd2,3920,M,L,10.5,Homo,Control,0,False,7.728323699421965,False,5.1,907.6211649622054,740.4375277901289,340.70253445975993,216.6184971098266,234.04090706980884,42.98265895953757,705.3912850155625,113.68341485104492,783.3681636282793,473.4966651845264,0.9004594745699699,0.24009338018619697
61,0.15,3920L_GLUT1_WGA594_0001.nd2,3920,M,L,10.5,Homo,Control,0,False,12.550348321722609,False,3.3,681.0677644078531,169.87713742875235,377.4946168461052,297.95799028921255,293.9943001899937,43.976778551826044,404.0519316022799,96.31961156850325,698.8644711842938,600.8494827950179,0.5781549188179141,0.1603057243561996
62,0.15,3920L_GLUT1_WGA594_0001.nd2,3920,M,L,10.5,Homo,Control,0,False,9.561733931240658,False,5.1,1107.0884902840057,870.2029895366218,377.39192825112104,296.2630792227205,258.49626307922273,53.91270553064275,829.9100149476832,151.77548579970102,868.4400597907323,532.4394618834082,0.9556330406357191,0.2850567936171048
63,0.15,3920L_GLUT1_WGA594_0001.nd2,3920,M,L,10.5,Homo,Control,0,False,11.8989898989899,False,3.5999999999999996,658.3968253968254,168.60606060606062,341.9249639249639,306.9134199134199,279.73737373737373,39.34632034632034,406.07792207792204,88.01731601731603,632.89898989899,556.948051948052,0.6416156899582534,0.15803505499203296
64,0.15,3920L_GLUT1_WGA594_0001.nd2,3920,M,L,10.5,Homo,Control,0,False,7.815184815184815,False,4.95,864.8951048951049,992.8071928071929,365.4775224775224,433.29570429570424,209.60939060939063,59.350649350649356,1159.7362637362637,141.26373626373626,811.4895104895106,398.6153846153846,1.4291451075401849,0.3543860616419474
65,0.15,3920L_GLUT1_WGA594_0001.nd2,3920,M,L,10.5,Homo,Control,0,False,9.75706106870229,False,3.9,1143.8772900763358,440.17290076335877,306.5935114503817,132.68587786259542,338.1001908396946,53.665267175572524,428.01545801526714,127.41870229007634,894.1068702290077,701.1784351145038,0.47870726897069865,0.18172079446406336
66,0.15,3920L_GLUT1_WGA594_0001.nd2,3920,M,L,10.5,Homo,Control,0,False,9.057545367717287,False,4.05,1009.2201528175741,304.18194842406876,308.7650429799427,106.37535816618912,307.8118433619867,38.622254059216814,302.87010506208213,92.50692454632284,786.1112702960841,659.893505253104,0.38527638071898895,0.14018462647369373
68,0.15,3920L_GLUT1_WGA594_0001.nd2,3920,M,L,10.5,Homo,Control,0,False,7.506113375324194,False,5.1,958.832901074472,1122.058169692479,308.02593553167844,386.6472767691738,235.47610226009633,57.014079288625425,1174.625416821045,146.05075954057057,779.9522045201926,461.312337902927,1.5060223049739896,0.31659842484270106
69,0.15,3920L_GLUT1_WGA594_0001.nd2,3920,M,L,10.5,Homo,Control,0,False,9.669363839285714,False,4.6499999999999995,1161.826450892857,405.6409040178571,295.1919642857143,93.02092633928572,367.595703125,51.50083705357142,314.7502790178571,119.947265625,819.0491071428572,716.892578125,0.384287433162367,0.16731553552795403
70,0.15,3920L_GLUT1_WGA594_0001.nd2,3920,M,L,10.5,Homo,Control,0,False,10.93860894251242,False,4.6499999999999995,1239.0466643009224,517.4453513129878,246.06973030518097,93.19889992902768,330.3103264726757,47.518630234208665,380.0731014904187,130.166252661462,804.3337473385379,692.0913768630235,0.4725315862327592,0.18807668613276785
71,0.15,3920L_GLUT1_WGA594_0001.nd2,3920,M,L,10.5,Homo,Control,0,False,9.393411466582199,False,4.35,1062.189737092176,502.6854608805828,276.0098194488438,113.66423820082358,270.75292999683245,40.54957237884067,422.5752296484004,103.4206525182135,796.3515996198923,547.7915742793791,0.5306390165475907,0.18879562478532746
72,0.15,3920L_GLUT1_WGA594_0001.nd2,3920,M,L,10.5,Homo,Control,0,True,38.949739082669595,False,4.6499999999999995,1341.7885196374623,593.5311727547378,359.8390552046141,143.69980774512496,314.4951936281242,49.239219994507,510.37269980774516,121.33726998077451,1007.0274649821479,653.2320790991485,0.5068111025321368,0.1857490987706955
73,0.15,3920L_GLUT1_WGA594_0001.nd2,3920,M,L,10.5,Homo,Control,0,False,7.4033412887828165,False,5.1,1124.9382884418683,1577.5830207978179,337.1520627344016,431.4101602454824,238.86089328332764,51.14558472553699,1400.4988066825774,146.37470167064436,825.1206955335832,518.0941016024549,1.697325996382763,0.28252531966279926
74,0.15,3920L_GLUT1_WGA594_0001.nd2,3920,M,L,10.5,Homo,Control,0,False,9.058980339886704,False,4.35,1087.5658113962013,609.76107964012,250.56214595134955,134.27790736421193,334.75741419526827,43.43718760413195,528.0799733422193,109.32989003665445,773.6664445184937,658.0569810063312,0.6825680202155855,0.16614046076900837
75,0.15,3920L_GLUT1_WGA594_0001.nd2,3920,M,L,10.5,Homo,Control,0,False,9.753201104694954,False,4.8,730.918403213658,202.09515440622647,520.916143610344,295.0050213406979,194.70223449661063,34.4022093899071,411.8737132814461,72.31810193321617,865.856891790108,380.925935224705,0.4756833573616554,0.18984819684319035
76,0.15,3920L_GLUT1_WGA594_0001.nd2,3920,M,L,10.5,Homo,Control,0,False,9.068564432200796,False,4.05,1066.993265993266,396.76124885215796,292.68778696051425,115.84358738904194,318.1285583103765,44.754820936639106,357.7138047138047,112.11662075298442,815.2304866850322,668.8120599938782,0.43878855189576454,0.16763546511707736
77,0.15,3920L_GLUT1_WGA594_0001.nd2,3920,M,L,10.5,Homo,Control,0,True,37.539177424196936,False,4.6499999999999995,1235.7123986790752,567.4500150105075,344.34794356049235,133.2722906034224,351.9150405283699,45.851696187331136,503.3263284299009,106.4842389672771,941.9606724707294,683.0054037826478,0.5343390049498498,0.15590541213516296
78,0.15,3920L_GLUT1_WGA594_0001.nd2,3920,M,L,10.5,Homo,Control,0,False,8.155844155844155,False,3.9,891.270040304523,539.2772055530676,478.10389610389615,1028.373040752351,244.36229287953424,49.69682042095835,1412.881773399015,127.12091356918941,957.7460815047021,505.25660546350207,1.4752154048798145,0.2515967375677826
79,0.15,3920L_GLUT1_WGA594_0001.nd2,3920,M,L,10.5,Homo,Control,0,False,9.564087418783226,False,4.95,1321.0454813939753,546.3298877731837,364.9459539279386,132.70673360897814,302.05699940933255,47.62994683992912,480.16715888954525,106.59627879503842,1010.2079149438866,607.1464855286473,0.475315181940756,0.17556929231373905
80,0.15,3920L_GLUT1_WGA594_0001.nd2,3920,M,L,10.5,Homo,Control,0,False,9.098821396192204,False,2.85,733.8984587488667,616.1202780296161,261.12662435781203,460.3922635237232,376.2713810818979,214.38410395889997,872.1550317316412,442.71169537624655,630.348745844666,775.0175279540647,1.3836071499800562,0.5712279779593399
81,0.15,3920L_GLUT1_WGA594_0001.nd2,3920,M,L,10.5,Homo,Control,0,True,31.971470836855453,False,4.05,1105.796703296703,384.8112848689772,307.2341504649197,103.14940828402366,328.71618765849536,42.896872358410825,330.98816568047334,113.4435756551141,816.8347421808961,704.7064666103128,0.4052082368543192,0.16097989876662494
82,0.15,3920L_GLUT1_WGA594_0001.nd2,3920,M,L,10.5,Homo,Control,0,False,10.017927527018436,False,3.5999999999999996,1174.659249841068,377.5977113795296,292.5327399872854,89.08404322949777,386.6863318499682,61.98080101716466,315.5054036872219,164.067895740623,915.3080737444373,795.3191354100445,0.3446985913677344,0.20629190023956123
83,0.15,3920L_GLUT1_WGA594_0001.nd2,3920,M,L,10.5,Homo,Control,0,False,15.20258064516129,False,,,,356.27870967741933,129.62967741935483,,,181.55741935483866,,673.7109677419355,,0.26948859087653165,
84,0.15,3920L_GLUT1_WGA594_0001.nd2,3920,M,L,10.5,Homo,Control,0,False,14.39848297759746,False,4.35,1286.3921326512611,742.1307108837536,362.553007585112,217.65478920444525,335.1980949020991,52.43164579290881,700.5981654612806,145.24095960486855,963.2794143587935,686.3425648262481,0.7273052398069084,0.2116158417795889
85,0.15,3920L_GLUT1_WGA594_0001.nd2,3920,M,L,10.5,Homo,Control,0,False,9.026256869529819,False,2.4,728.2076124567474,490.97353958884594,323.0238143700387,485.5809077956442,453.6999796458375,191.83940565845717,879.9108487685733,379.52595155709344,771.1597801750459,900.2926928556891,1.1410227444289716,0.4215584049152434
87,0.15,3920L_GLUT1_WGA594_0001.nd2,3920,M,L,10.5,Homo,Control,0,True,38.344245168030646,False,3.5999999999999996,1223.02664112833,406.02054675256835,272.9510708688839,80.14365314295664,445.5671251958907,60.88786348598293,316.6230193278774,168.1511405188926,887.1231063903883,900.5408323176042,0.35690990015600377,0.1867223944594983
88,0.15,3920L_GLUT1_WGA594_0001.nd2,3920,M,L,10.5,Homo,Control,0,True,41.407685098406745,False,3.4499999999999997,928.9653233364573,388.6822867853795,294.89409559512654,133.05529522024366,327.02577319587624,46.86035613870665,416.0402999062793,116.88566073102155,820.0023430178071,648.5342080599813,0.5073647696848649,0.1802305248950123
89,0.15,3920L_GLUT1_WGA594_0001.nd2,3920,M,L,10.5,Homo,Control,0,False,9.684922244759973,False,4.6499999999999995,1291.2244759972957,570.5365111561866,393.0740365111561,150.2782285327924,288.4408384043272,38.1656524678837,535.4276538201487,97.03515889114264,1056.951318458418,605.3613928329953,0.5065774028278609,0.16029294243069167
90,0.15,3920L_GLUT1_WGA594_0001.nd2,3920,M,L,10.5,Homo,Control,0,False,9.310173697270471,False,3.5999999999999996,921.5109181141438,326.2560794044665,317.84267990074443,83.4377171215881,315.32605459057066,52.22431761786601,286.65707196029774,125.61538461538463,820.520347394541,619.5076923076924,0.3493601016361644,0.20276646468659976
91,0.15,3920L_GLUT1_WGA594_0001.nd2,3920,M,L,10.5,Homo,Control,0,False,11.199661112680033,False,4.2,1348.8455238633153,419.79243151652076,424.65546455803445,137.16520756848348,299.33549844676645,40.554645580344534,414.94521321660557,102.73030217452697,1131.9943518780008,654.5521039254447,0.36656120459276437,0.15694747837252118
93,0.15,3920L_GLUT1_WGA594_0001.nd2,3920,M,L,10.5,Homo,Control,0,False,12.502658206139598,False,2.85,563.2917166866747,135.3477962613617,445.12742239753044,280.82421540044595,205.01028983021777,37.72080260675699,368.74978562853715,90.85645686846166,793.4688732635913,443.9480363574001,0.4647312554452757,0.20465561153043985
94,0.15,3920L_GLUT1_WGA594_0001.nd2,3920,M,L,10.5,Homo,Control,0,False,9.142589703588143,False,3.0,790.3429017160686,501.2102964118565,245.32293291731668,131.4808112324493,297.4751950078003,104.65647425897036,471.86957878315127,265.4780031201248,688.013104524181,645.1279251170048,0.6858438824497228,0.4115121866286844
95,0.15,3920L_GLUT1_WGA594_0001.nd2,3920,M,L,10.5,Homo,Control,0,False,9.603003284842798,False,4.6499999999999995,1081.2792116377288,487.5710933833881,277.3758798686063,94.06194274988269,273.7770999530736,55.7006100422337,354.4819333646176,145.41952135147815,813.9854528390426,569.863444392304,0.4354892733380492,0.2551831018158252
96,0.15,3920L_GLUT1_WGA594_0001.nd2,3920,M,L,10.5,Homo,Control,0,False,15.638724911452185,False,4.5,1168.5224321133412,378.2018890200708,377.702479338843,100.07556080283354,291.7473435655254,61.51298701298702,285.5554899645809,168.21900826446284,945.953364817001,623.8972845336481,0.30187057902143294,0.26962612666314695
98,0.15,3920L_GLUT1_WGA594_0001.nd2,3920,M,L,10.5,Homo,Control,0,False,9.518075356415478,False,3.5999999999999996,992.0654276985745,260.0845213849287,318.11507128309574,77.40122199592669,333.7925152749491,41.0112016293279,249.454684317719,96.22708757637477,854.9322810590631,671.0621181262729,0.2917829749143434,0.14339520139366269
99,0.15,3920L_GLUT1_WGA594_0001.nd2,3920,M,L,10.5,Homo,Control,0,False,11.603369434416367,False,4.2,1267.7160048134776,447.19590854392294,303.6336943441637,94.19975932611311,343.79903730445244,47.03056558363417,390.9516245487364,111.851504211793,952.7817087845968,719.420697954272,0.41032654273710667,0.15547440396120288
100,0.15,3920L_GLUT1_WGA594_0001.nd2,3920,M,L,10.5,Homo,Control,0,True,83.1415592028136,False,4.5,1277.2505861664713,432.10932004689334,325.7825322391559,93.41324736225087,312.8953692848769,44.11195779601407,333.6872801875733,118.62368112543962,903.7998241500586,678.7951348182884,0.36920485186128,0.17475623356846076
101,0.15,3920L_GLUT1_WGA594_0001.nd2,3920,M,L,10.5,Homo,Control,0,False,18.95572450805009,False,4.2,1238.5476296958855,395.5648479427549,439.38014311270126,128.77951699463327,378.1109123434705,82.04449910554561,362.99686940966006,170.8144007155635,1087.6706171735243,738.326923076923,0.33373786482617507,0.23135334142185562
102,0.15,3920L_GLUT1_WGA594_0001.nd2,3920,M,L,10.5,Homo,Control,0,False,16.647673810768428,False,4.2,1279.4553058024044,339.62388917929957,328.2720857292211,93.15473078933611,311.6685833768949,35.60742289597491,310.3988499738631,94.82174594877156,962.1126502875067,693.4482488238369,0.3226221481248657,0.13673946990218733
103,0.15,3920L_GLUT1_WGA594_0001.nd2,3920,M,L,10.5,Homo,Control,0,False,8.9917435648373,False,4.6499999999999995,1138.5356969402621,359.6153472559495,327.16949975716363,84.65468674113649,338.98785818358425,44.65468674113647,302.8154443904808,98.15541525012141,949.2710053423993,623.7464788732394,0.3189978864689501,0.15736427951855259
104,0.15,3920L_GLUT1_WGA594_0001.nd2,3920,M,L,10.5,Homo,Control,0,False,8.569343065693431,False,3.4499999999999997,590.3013555787279,208.43190823774765,302.1491136600626,225.07507820646507,246.38310740354532,38.388529718456724,353.56663190823775,97.22022940563086,595.2402502606882,479.3607924921793,0.5939897911026542,0.2028122260483308
105,0.15,3920L_GLUT1_WGA594_0001.nd2,3920,M,L,10.5,Homo,Control,0,False,11.12370820668693,False,4.35,1340.8203647416412,367.88753799392094,338.88358662613985,73.71550151975684,257.751367781155,29.543465045592704,290.9531914893617,79.61246200607901,1033.0686930091185,542.666565349544,0.2816397335997806,0.1467060384580701
106,0.15,3920L_GLUT1_WGA594_0001.nd2,3920,M,L,10.5,Homo,Control,0,False,9.16817420435511,False,4.05,1030.1715242881073,438.53735343383585,302.321608040201,124.60904522613066,315.05159128978227,37.39061976549413,431.9842546063652,95.26599664991623,816.8371859296482,674.9266331658292,0.5288498883834737,0.14115015168842718
107,0.15,3920L_GLUT1_WGA594_0001.nd2,3920,M,L,10.5,Homo,Control,0,False,8.961984237366712,False,4.8,1295.64765878535,332.77329624478443,356.1066295781178,72.6207695873899,354.35512285581825,36.299026425591094,275.17431617987944,84.27955493741307,1021.9633750579508,694.4687065368566,0.2692604479727814,0.12135831916414827
108,0.15,3920L_GLUT1_WGA594_0001.nd2,3920,M,L,10.5,Homo,Control,0,True,73.93541518807665,False,3.4499999999999997,721.4203927135085,241.18594748048255,503.5845753489473,287.07594038325055,253.43032883841968,35.320085166784956,449.8533238703572,89.88502484031228,887.9886444286728,519.8892831795599,0.5065980592125594,0.1728926287739378
109,0.15,3920L_GLUT1_WGA594_0001.nd2,3920,M,L,10.5,Homo,Control,0,False,8.344454463480613,False,,,,,,491.56483318304777,333.6001803426511,,547.2715960324616,,981.0815148782688,,0.5578247961387452
110,0.15,3920L_GLUT1_WGA594_0001.nd2,3920,M,L,10.5,Homo,Control,0,False,11.6196640044065,False,4.5,1235.6284770035802,491.67144037455245,292.44836133296616,107.7135775268521,278.4103552740292,38.77031120903333,414.30597631506475,103.08179564858166,826.373450839989,611.2274855411732,0.501354412939976,0.16864718633736558
111,0.15,3920L_GLUT1_WGA594_0001.nd2,3920,M,L,10.5,Homo,Control,0,False,11.008223684210526,False,3.4499999999999997,1189.9643640350878,473.1918859649122,367.4936951754386,180.99890350877195,409.7686403508772,64.22341008771929,537.3640350877192,146.47532894736844,1011.7966008771931,832.8067434210527,0.5310988736489557,0.175881535667769
112,0.15,3920L_GLUT1_WGA594_0001.nd2,3920,M,L,10.5,Homo,Control,0,True,51.15988647114475,False,4.8,991.6136865342163,250.19362976978874,216.11195206559444,62.825291706086404,254.10785241248817,34.157048249763484,201.02649006622516,75.53863134657836,608.6426994638916,551.0526647745191,0.33028653796931196,0.1370806025908384
113,0.15,3920L_GLUT1_WGA594_0001.nd2,3920,M,L,10.5,Homo,Control,0,False,9.785115303983229,False,3.9,1072.997641509434,326.42374213836473,293.44077568134173,75.51939203354297,336.39753668763103,37.3917714884696,283.31184486373166,94.72012578616354,851.144392033543,687.0379979035639,0.3328599089830654,0.13786737571312457
114,0.15,3920L_GLUT1_WGA594_0001.nd2,3920,M,L,10.5,Homo,Control,0,False,8.869139828781085,False,4.35,974.7431716265797,620.7227884223399,282.96127191194455,152.39788014675906,255.68283734203018,39.41418671015083,580.3073787199348,100.96412556053811,766.8956379942927,542.7293110476967,0.7566966741884814,0.1860303534475312
115,0.15,3920L_GLUT1_WGA594_0001.nd2,3920,M,L,10.5,Homo,Control,0,False,9.89817696754113,False,4.8,1230.7847932414406,358.80658070253446,314.22810137839036,93.54157403290353,316.6313917296576,39.00889284126278,314.249444197421,92.12983548243666,918.821253890618,643.8065807025343,0.34201368641264707,0.1431017299977002
116,0.15,3920L_GLUT1_WGA594_0001.nd2,3920,M,L,10.5,Homo,Control,0,False,9.912880143112702,False,4.05,1176.8363148479427,313.35402504472273,269.08211091234347,60.314847942754916,316.728801431127,46.916815742397134,239.56833631484798,119.0438282647585,877.0479427549195,674.8105545617173,0.27315306796380284,0.1764107384806337
117,0.15,3920L_GLUT1_WGA594_0001.nd2,3920,M,L,10.5,Homo,Control,0,False,11.498816949881695,False,4.05,1414.758227575823,371.1305657130565,382.859539685954,86.35340933534093,328.35685093568515,39.666810066681,307.54807485480745,104.816949881695,1147.506990750699,714.1309959130997,0.2680141187232415,0.14677552225229254
118,0.15,3920L_GLUT1_WGA594_0001.nd2,3920,M,L,10.5,Homo,Control,0,True,87.03601895734597,False,4.35,1190.4306477093207,354.9045813586098,296.8116903633491,82.8827804107425,341.58072669826225,48.02369668246446,284.0233807266983,122.12385466034755,819.0259083728276,752.0170616113744,0.3467819245070919,0.16239505842948337
119,0.15,3920L_GLUT1_WGA594_0001.nd2,3920,M,L,10.5,Homo,Control,0,True,45.40618040089087,False,4.35,1146.118040089087,381.98273942093545,284.4805122494432,94.99359688195992,330.9340200445434,39.10384187082405,351.6851336302895,93.70991091314032,840.0459354120267,701.6141425389756,0.41864988425638244,0.13356331526332454
120,0.15,3920L_GLUT1_WGA594_0001.nd2,3920,M,L,10.5,Homo,Control,0,False,14.864580523334233,False,4.2,1049.880766118155,288.63069867817643,344.3871054761263,85.94388993795522,290.72835176692746,37.62961963852172,274.74076072295657,89.0045859185325,884.3291070946856,601.7806851901809,0.31067705282886265,0.14790203160210164
121,0.15,3920L_GLUT1_WGA594_0001.nd2,3920,M,L,10.5,Homo,Control,0,False,9.126420111191685,False,4.35,988.1559100797679,252.7002658931593,307.5349286922891,74.58689871887842,273.9731689630167,33.798404641044236,229.37829344935943,80.74957698815567,797.4752235919748,562.5620014503263,0.28763062056799393,0.14353898197883488
122,0.15,3920L_GLUT1_WGA594_0001.nd2,3920,M,L,10.5,Homo,Control,0,True,46.78441879637263,False,3.9,1091.2164056059355,348.15333882934874,292.363767518549,83.86933223413025,290.35861500412204,34.24402308326463,314.99010717230004,85.0269991755977,860.1935284418796,601.7260923330587,0.366185162707351,0.1413051557161573
123,0.15,3920L_GLUT1_WGA594_0001.nd2,3920,M,L,10.5,Homo,Control,0,False,9.401859134787273,False,4.35,1031.0865212727922,543.5538076510545,303.71326421165537,111.79978548444761,227.52198784411868,30.121916338934575,437.93993564533434,85.56274579907043,817.1655345012512,470.81480157311404,0.5359256076709434,0.1817333386995973
124,0.15,3920L_GLUT1_WGA594_0001.nd2,3920,M,L,10.5,Homo,Control,0,True,32.41981341625944,False,4.6499999999999995,1123.0097734340293,459.03131941359396,361.5937361172812,163.76521545979566,261.0535317636606,35.633051976899154,468.05264326965795,89.55508662816526,890.065970679698,562.3451799200354,0.5258628671223438,0.15925287497067164
125,0.15,3920L_GLUT1_WGA594_0001.nd2,3920,M,L,10.5,Homo,Control,0,False,8.108085106382978,False,4.8,1140.9948936170213,445.3072340425532,416.54297872340425,108.52680851063829,212.73617021276596,28.234042553191493,372.5906382978724,65.2068085106383,1048.4051063829788,415.76510638297873,0.35538804230295906,0.15683569282164234
126,0.15,3920L_GLUT1_WGA594_0001.nd2,3920,M,L,10.5,Homo,Control,0,False,10.168695993715632,False,3.9,1186.808326787117,403.708758837392,323.46268656716416,92.23114689709348,274.84956794972504,41.34976433621367,357.0233699921445,106.04457973291439,985.9538491751767,585.747446975648,0.3621096162774971,0.18104147150866387
127,0.15,3920L_GLUT1_WGA594_0001.nd2,3920,M,L,10.5,Homo,Control,0,False,22.816804407713498,False,4.5,1155.8358126721764,413.0793388429752,258.564738292011,100.900826446281,335.44435261707986,48.357851239669415,368.25867768595043,108.18622589531681,814.0592286501377,657.7724517906336,0.4523733221433926,0.1644736346145309
128,0.15,3920L_GLUT1_WGA594_0001.nd2,3920,M,L,10.5,Homo,Control,0,False,9.204081632653061,False,4.95,1174.780698720166,466.38879280525776,301.35039778623315,101.32756831546178,238.38118298166725,28.345901072293326,404.95261155309584,67.9785541335178,887.1061916291941,490.6821169145624,0.4564871887652927,0.13853888656258942
129,0.15,3920L_GLUT1_WGA594_0001.nd2,3920,M,L,10.5,Homo,Control,0,False,11.305736636245111,False,4.05,1186.9126466753587,468.4800086918731,304.74945675793134,139.88917861799217,278.7981312472838,45.69491525423729,438.75271621034335,130.8974358974359,893.1481964363321,633.2018687527162,0.49124290678855975,0.20672307262023443
130,0.15,3920L_GLUT1_WGA594_0001.nd2,3920,M,L,10.5,Homo,Control,0,False,11.043910088865657,False,4.6499999999999995,1266.266596968113,462.60794563512815,298.67694720334555,123.13904861474124,269.01725039205434,34.23105070569786,437.4385781495034,79.7903815995818,940.4840564558285,557.3465760585468,0.4651206739197375,0.14316115865256554
131,0.15,3920L_GLUT1_WGA594_0001.nd2,3920,M,L,10.5,Homo,Control,0,False,9.819560878243513,False,4.8,1189.7445109780438,593.2139720558882,249.40558882235527,99.90778443113773,308.1249500998004,37.166866267465075,467.8359281437126,85.38762475049901,826.6263473053893,576.7708582834331,0.5659581619540067,0.14804427707153395
132,0.15,3920L_GLUT1_WGA594_0001.nd2,3920,M,L,10.5,Homo,Control,0,False,8.532608695652174,False,4.95,935.3402173913042,348.1494565217391,325.0652173913044,85.40217391304347,227.86847826086955,30.579891304347832,309.166847826087,77.06739130434784,800.3972826086956,471.808152173913,0.38626673846072374,0.1633447640725378
133,0.15,3920L_GLUT1_WGA594_0001.nd2,3920,M,L,10.5,Homo,Control,0,False,10.510275983558426,False,4.8,1383.3593658250147,348.4885496183206,383.9806224310041,82.35408103347035,264.5478567234292,30.989430416911333,299.0205519671169,72.48678802113916,1067.1532589547858,534.5519671168526,0.2802039439583308,0.13560288331198606
134,0.15,3920L_GLUT1_WGA594_0001.nd2,3920,M,L,10.5,Homo,Control,0,False,18.822805578342905,False,4.5,1183.1312551271533,376.80803937653815,318.40196882690725,80.298605414274,292.74077112387204,37.8597210828548,315.11402789171456,87.99015586546349,911.0566037735849,597.0492206726826,0.34587755204947335,0.14737504517019026
135,0.15,3920L_GLUT1_WGA594_0002.nd2,3920,M,L,10.5,Homo,Control,0,False,9.618071374335612,False,4.8,875.7243735763097,189.32498101746395,279.2976461655277,71.46165527714501,230.06529992406988,31.49050873196659,172.5132877752468,74.70311313591496,695.7965072133637,472.1419893697799,0.24793640954904386,0.15822171045542777
136,0.15,3920L_GLUT1_WGA594_0002.nd2,3920,M,L,10.5,Homo,Control,0,True,35.10477255779269,False,4.8,941.5339299030575,199.50372856077553,261.64727815063384,51.965697240865026,184.79567486950037,29.739373601789712,161.9526472781506,66.04958985831469,725.1196868008948,405.041759880686,0.2233460906194097,0.16306859292180403
137,0.15,3920L_GLUT1_WGA594_0002.nd2,3920,M,L,10.5,Homo,Control,0,False,11.570405727923628,False,2.55,767.6837708830549,178.7040572792363,581.2959427207637,202.48687350835323,341.7780429594272,76.48448687350835,306.59904534606204,177.12291169451072,1065.7219570405728,739.4522673031026,0.2876914032975954,0.23953258313819972
138,0.15,3920L_GLUT1_WGA594_0002.nd2,3920,M,L,10.5,Homo,Control,0,False,10.124868614673113,False,4.35,1006.8505360521335,222.33992011772122,369.96657557284,52.266134118141686,261.04288417069586,45.3741854109733,169.53710321631277,98.20075677948287,913.6441034265295,508.83687197813754,0.1855614265778995,0.19299064629047188
139,0.15,3920L_GLUT1_WGA594_0002.nd2,3920,M,L,10.5,Homo,Control,0,False,11.30874929893438,False,4.35,1216.5398205272018,262.8258553000561,364.86651710600114,48.095905776780704,293.8651149747617,59.073191250701065,157.0344924284913,145.6850813236119,964.5482333146382,628.1023555804824,0.16280626204544218,0.231944809678308
140,0.15,3920L_GLUT1_WGA594_0002.nd2,3920,M,L,10.5,Homo,Control,0,False,10.084282460136674,False,4.95,1201.1138952164008,258.4373576309795,362.96583143507974,50.83371298405467,182.62984054669704,32.899772209567196,165.4681093394077,84.30523917995444,974.3075170842825,391.25056947608203,0.16983150231108593,0.21547633602897082
141,0.15,3920L_GLUT1_WGA594_0002.nd2,3920,M,L,10.5,Homo,Control,0,False,12.04839617332583,False,4.2,1139.2732132808105,223.2476083286438,343.02673044456947,35.03489026449071,294.3038829487901,73.93247045582442,116.16910523353967,165.4541361845808,931.5227912211591,612.233821046708,0.12470881692679828,0.27024664514892605
142,0.15,3920L_GLUT1_WGA594_0002.nd2,3920,M,L,10.5,Homo,Control,0,True,45.273949579831935,False,,,,336.8151260504202,33.87142857142857,,,129.75294117647059,,1055.8235294117646,,0.12289264025851022,
143,0.15,3920L_GLUT1_WGA594_0002.nd2,3920,M,L,10.5,Homo,Control,0,False,9.93931109896118,False,4.6499999999999995,927.5888463641336,202.18644067796612,330.3515582285402,35.698195735374526,203.19300164024057,36.84253690541279,117.72553307818478,88.92017495899398,810.5636960087481,412.7408419901586,0.14523908936197188,0.21543827485120604
144,0.15,3920L_GLUT1_WGA594_0002.nd2,3920,M,L,10.5,Homo,Control,0,False,13.034203192297948,False,4.35,1190.866227514568,240.9764378008614,355.78794020775274,41.98074486952116,267.16062832531037,57.05219153787687,138.216620217887,136.1317456295921,959.5644793514062,568.7278946034963,0.1440409927546621,0.23936182297599443
145,0.15,3920L_GLUT1_WGA594_0002.nd2,3920,M,L,10.5,Homo,Control,0,True,40.55625,False,4.5,985.4677631578948,262.56907894736844,231.98717105263157,59.35460526315789,261.1154605263158,38.09967105263158,201.44111842105264,89.39144736842105,682.464802631579,536.5398026315789,0.29516704399156884,0.16660729908569838
146,0.15,3920L_GLUT1_WGA594_0002.nd2,3920,M,L,10.5,Homo,Control,0,False,13.288846354619801,False,4.5,1304.9558030276664,235.57525665564646,315.4581520793457,33.120932660518534,235.63981207586568,49.94484078649731,127.47224638942056,107.93092048025056,960.0518531407691,496.1122324691144,0.13277641824491093,0.2175534353246769
147,0.15,3920L_GLUT1_WGA594_0002.nd2,3920,M,L,10.5,Homo,Control,0,False,23.72418817651957,False,4.05,899.7645711906745,239.35345545378854,273.99833472106576,78.19046627810158,296.3037052456287,36.39029975020816,221.40695253955036,86.8580349708576,725.2466694421315,573.4631557035802,0.30528503179457445,0.1514622763589611
148,0.15,3920L_GLUT1_WGA594_0002.nd2,3920,M,L,10.5,Homo,Control,0,False,11.672540091071076,False,2.85,802.5177192635122,127.16412591566028,580.1290833498317,174.87012472777673,224.03365670164322,34.31934270441497,257.83646802613345,84.5777073846763,1118.5290041575927,526.0239556523461,0.23051388660262773,0.16078679777955676
149,0.15,3920L_GLUT1_WGA594_0002.nd2,3920,M,L,10.5,Homo,Control,0,False,9.193627450980392,False,4.8,1047.9089052287582,217.07883986928104,312.72589869281046,26.964869281045754,197.53513071895424,41.18341503267974,86.33251633986929,105.16625816993465,831.9562908496732,415.86233660130716,0.10377049526447871,0.25288719105803265
150,0.15,3920L_GLUT1_WGA594_0002.nd2,3920,M,L,10.5,Homo,Control,0,False,9.639877300613497,False,4.8,1110.1717791411043,367.61411042944786,326.6619631901841,58.76564417177914,212.01840490797548,36.38957055214724,245.39263803680979,90.16503067484663,867.4061349693252,455.37423312883425,0.28290396867608947,0.19800204779996233
151,0.15,3920L_GLUT1_WGA594_0002.nd2,3920,M,L,10.5,Homo,Control,0,True,101.5813389881854,False,4.35,1106.2762799151774,237.41654044229026,336.3632232656771,36.685549833383824,331.03271735837626,63.98727658285368,117.14995455922447,150.2968797334141,861.5870948197517,650.6658588306575,0.13596995041311852,0.23098934375244423
152,0.15,3920L_GLUT1_WGA594_0002.nd2,3920,M,L,10.5,Homo,Control,0,False,10.795100864553314,False,4.6499999999999995,1174.9887608069164,317.30057636887614,314.2135446685879,60.73746397694525,247.56195965417868,45.34293948126801,212.01844380403458,117.5322766570605,890.9602305475504,516.7682997118155,0.23796622625202482,0.22743708683873284
153,0.15,3920L_GLUT1_WGA594_0002.nd2,3920,M,L,10.5,Homo,Control,0,True,70.77907277907278,False,4.2,923.173012173012,355.4278684278684,258.33229733229734,102.87153587153587,276.74074074074076,42.89070189070189,321.4620564620565,101.52965552965553,704.3312613312612,563.02849002849,0.45640748055745667,0.18032774065219684
154,0.15,3920L_GLUT1_WGA594_0002.nd2,3920,M,L,10.5,Homo,Control,0,False,10.439056939501778,False,4.05,1065.7493327402135,243.99577402135236,304.1752669039146,85.03692170818505,363.44550711743767,49.637455516014235,209.03870106761565,124.27446619217082,782.6074288256228,748.1321174377224,0.2671054392893998,0.16611299434356383
155,0.15,3920L_GLUT1_WGA594_0002.nd2,3920,M,L,10.5,Homo,Control,0,False,10.258163265306122,False,4.05,945.6275510204082,482.3040816326531,347.40408163265306,195.0510204081633,250.89591836734692,46.56836734693878,523.2653061224489,124.72448979591837,865.0071428571428,510.3887755102041,0.6049259944768652,0.24437153750342377
156,0.15,3920L_GLUT1_WGA594_0002.nd2,3920,M,L,10.5,Homo,Control,0,False,10.55596590909091,False,4.2,923.8789772727273,347.4741477272727,249.81306818181818,127.40397727272727,264.8318181818182,40.923579545454544,339.6198863636364,100.40596590909091,708.4627840909092,525.5985795454545,0.47937576114097863,0.19103165384488574
157,0.15,3920L_GLUT1_WGA594_0002.nd2,3920,M,L,10.5,Homo,Control,0,False,10.206241134751773,False,4.6499999999999995,995.5634042553191,199.30269503546097,278.6417021276596,43.16822695035461,280.2655319148936,37.75007092198582,122.72879432624116,91.24,693.9078014184398,568.4490780141845,0.17686613996177472,0.160506901196387
158,0.15,3920L_GLUT1_WGA594_0002.nd2,3920,M,L,10.5,Homo,Control,0,False,8.816132858837484,False,4.05,752.5432977461447,129.07868722815343,235.33886911822856,31.24713325425069,215.55239224990115,30.07473309608541,90.98695136417557,70.49545274812179,649.7706603400554,427.79161724001585,0.14002933175923615,0.16478923360615963
159,0.15,3920L_GLUT1_WGA594_0002.nd2,3920,M,L,10.5,Homo,Control,0,False,12.197964543663822,False,4.5,1112.9809586342744,272.3289560078792,414.80499015101776,48.69336835193697,213.85981615233095,41.6053841103086,162.36211424819436,107.17137229152986,980.8010505581091,473.8956007879186,0.16554031437446443,0.22614975136579082
160,0.15,3920L_GLUT1_WGA594_0002.nd2,3920,M,L,10.5,Homo,Control,0,False,9.823354283824015,False,4.2,1060.5607012901091,343.2146873966259,372.2368508104532,123.91002315580549,261.43896791266957,52.62487595104201,335.37611644062184,124.14257360238173,949.9063843863712,553.4703936486933,0.35306228271880813,0.22429849008541422
161,0.15,3920L_GLUT1_WGA594_0002.nd2,3920,M,L,10.5,Homo,Control,0,False,11.386326194398682,False,4.5,1294.7764964305327,259.6839648544756,327.30697419000546,43.50494233937397,234.7740252608457,44.18423942888523,156.2095002745744,110.60955518945634,971.1342668863263,508.7018121911038,0.16085262934384656,0.21743495411001937
162,0.15,3920L_GLUT1_WGA594_0002.nd2,3920,M,L,10.5,Homo,Control,0,False,11.164643566541603,False,4.2,1216.2972853674687,529.9364378724345,374.674244096226,135.10659898477158,285.7455307879055,52.804458177002864,454.04082983888765,139.7371441182962,995.7404546457738,608.7247848157141,0.45598311057916074,0.22955717855418084
163,0.15,3920L_GLUT1_WGA594_0002.nd2,3920,M,L,10.5,Homo,Control,0,True,46.986699659758735,False,3.0,684.3683884936593,183.99443241571296,454.86730590782554,260.2474481905351,251.47943086916175,37.414785029384475,391.1927002783793,90.46396535725333,862.2428085369626,528.4723167336839,0.45369204173723143,0.17118014036455453
164,0.15,3920L_GLUT1_WGA594_0002.nd2,3920,M,L,10.5,Homo,Control,0,False,10.655792276964048,False,4.5,1011.7506657789613,384.53628495339547,312.25166444740347,114.18608521970705,279.4127829560586,41.188748335552596,344.2703062583222,103.2639813581891,757.2816245006658,571.0675765645807,0.4546133104514799,0.18082620270512104
165,0.15,3920L_GLUT1_WGA594_0002.nd2,3920,M,L,10.5,Homo,Control,0,False,10.163726182074805,False,4.05,857.7050105857445,236.55892731122088,259.10232886379674,61.22300635144671,251.52717007762882,39.97741707833451,176.7544107268878,103.43966125617501,667.9880028228654,541.514467184192,0.264607163571707,0.1910192017473668
166,0.15,3920L_GLUT1_WGA594_0002.nd2,3920,M,L,10.5,Homo,Control,0,False,9.71885293547762,False,3.75,959.0242201123813,232.22088742491766,316.84867273784147,65.07963572950979,307.195698508041,52.71032745591939,196.66770005812828,113.92559581476458,821.8880062003487,613.1668281340827,0.23928771143326222,0.18579869390757744
167,0.15,3920L_GLUT1_WGA594_0002.nd2,3920,M,L,10.5,Homo,Control,0,False,14.764811088754751,False,4.8,1498.9861390565616,309.5311871227364,358.2591102168567,49.21126760563381,252.0465012295998,42.514419852448015,169.8303152246814,108.68008048289737,1030.9673597138387,537.3863179074445,0.16472909023212964,0.20223827228443805
168,0.15,3920L_GLUT1_WGA594_0002.nd2,3920,M,L,10.5,Homo,Control,0,False,10.554957724827057,False,5.1,1656.5485523955933,379.5644376120933,379.6392518575455,52.89982065078145,204.02843966179861,47.05969766846015,212.28080963361515,111.66641045349729,1138.8501152959261,453.21035101204205,0.18639925200205537,0.24638980597892446
169,0.15,3920L_GLUT1_WGA594_0002.nd2,3920,M,L,10.5,Homo,Control,0,False,10.857925636007828,False,3.15,1261.6352250489238,453.159686888454,431.5377690802348,330.1070450097847,448.7579256360079,72.20958904109588,667.2581213307241,173.71174168297458,1131.9011741682975,956.6078277886498,0.5895021019136361,0.18159138639345732
170,0.15,3920L_GLUT1_WGA594_0002.nd2,3920,M,L,10.5,Homo,Control,0,False,10.0654478976234,False,4.8,1128.2943327239489,435.6749542961609,282.18025594149907,97.21755027422304,291.49689213893964,40.73711151736746,352.5722120658136,97.59488117001828,816.0526508226691,599.2877513711151,0.43204591236899087,0.16285145315706887
171,0.15,3920L_GLUT1_WGA594_0002.nd2,3920,M,L,10.5,Homo,Control,0,True,34.565963060686016,False,4.35,1170.3566402814422,211.3412489006156,366.26253298153034,47.22383465259455,296.9942832014072,44.564204045734385,141.89929639401936,105.89973614775725,924.6372031662269,634.1358839050131,0.153464835622139,0.16699849170437409
172,0.15,3920L_GLUT1_WGA594_0002.nd2,3920,M,L,10.5,Homo,Control,0,False,12.399933620975771,False,4.95,1673.2094258214406,260.8386989711251,463.64885496183206,59.79820776634584,191.97477597079325,33.20212412877531,175.73946232990377,82.44971788914704,1297.131098572851,445.9137072685031,0.13548319250325466,0.18490061315720138
173,0.15,3920L_GLUT1_WGA594_0002.nd2,3920,M,L,10.5,Homo,Control,0,False,10.680173661360348,False,4.5,1274.171924746744,582.8544138929087,363.51837916063675,222.15513748191026,287.33921852387846,51.21273516642547,601.9412445730825,126.54471780028943,1014.0298118668596,593.3820549927641,0.5936129663336923,0.21326010238350157
174,0.15,3920L_GLUT1_WGA594_0002.nd2,3920,M,L,10.5,Homo,Control,0,False,9.650294695481335,False,3.9,836.520235756385,213.8974459724951,304.45068762278976,61.40982318271121,235.08408644400785,36.54656188605108,181.25147347740668,85.01532416502947,768.0958742632612,470.27426326129665,0.23597506450774608,0.18077817734582838
176,0.15,3920L_GLUT1_WGA594_0002.nd2,3920,M,L,10.5,Homo,Control,0,False,10.072304712717882,False,4.2,933.4528728211749,382.77985797288574,287.4502905100064,97.7614590058102,261.53131052291803,47.062621045836025,314.2937378954164,118.8302130406714,756.833440929632,525.9577146546159,0.4152746441929995,0.22593111523937703
177,0.15,3920L_GLUT1_WGA594_0002.nd2,3920,M,L,10.5,Homo,Control,0,False,22.35081001472754,False,4.8,1137.6268041237113,166.57113402061856,288.5902798232695,25.71075110456554,256.71693667157587,44.41944035346098,77.14698085419735,102.14138438880707,808.8164948453607,556.4836524300441,0.09538255135232776,0.183547861545937
178,0.15,3920L_GLUT1_WGA594_0002.nd2,3920,M,L,10.5,Homo,Control,0,False,12.075670919489662,False,5.55,1905.3576770787508,522.5516937967444,636.1922569291685,246.702155741311,168.35591728992523,33.153981522217336,529.1055873295204,83.0136383633964,1582.9049714034315,380.6388033435988,0.33426238270033737,0.21809031983652183
179,0.15,3920L_GLUT1_WGA594_0002.nd2,3920,M,L,10.5,Homo,Control,0,True,50.15350877192982,False,4.35,1100.4468201754385,217.53316885964915,292.55729166666663,37.40899122807018,263.51946271929825,44.01973684210527,139.3089364035088,105.25822368421052,862.8958333333333,559.2464364035087,0.16144351498994236,0.18821438427238252
180,0.15,3920L_GLUT1_WGA594_0002.nd2,3920,M,L,10.5,Homo,Control,0,False,11.200584663818304,False,3.0,1321.248706993479,381.9532268945356,584.6730380031482,247.84641331234542,426.1628063863278,115.24848212277941,486.30852259950535,258.73959973015513,1405.001798965595,927.0827524173601,0.34612661916699355,0.2790900802064259
181,0.15,3920L_GLUT1_WGA594_0002.nd2,3920,M,L,10.5,Homo,Control,0,False,12.284195350513606,False,1.7999999999999998,733.4617048116778,421.49558479005225,358.64894575599203,185.84249414308883,513.4570192827537,170.55145071183998,557.4746801225446,502.5483870967742,979.5301856190305,1094.779059289962,0.5691245541047202,0.45904092047824757
182,0.15,3920L_GLUT1_WGA594_0002.nd2,3920,M,L,10.5,Homo,Control,0,False,18.0,False,3.9,1053.539091915836,316.3328903654486,283.54573643410856,77.82768549280178,315.8923588039867,53.91207087486157,267.8084163898118,123.89656699889258,822.2225913621263,655.7634551495015,0.3257127926224331,0.18893484537140992
183,0.15,3920L_GLUT1_WGA594_0002.nd2,3920,M,L,10.5,Homo,Control,0,True,29.96732442181201,False,3.9,1060.5841290048802,444.38892425206876,328.7797581158498,121.60831741990239,334.24209632930194,71.54869509866327,388.3244218120093,172.15276893698285,891.7547209845109,656.1313388499894,0.4354610215949215,0.26237547079936374
184,0.15,3920L_GLUT1_WGA594_0002.nd2,3920,M,L,10.5,Homo,Control,0,False,9.21003861003861,False,2.4,1067.4030888030888,368.8888030888031,413.7779922779922,176.45019305019304,469.86216216216224,127.24980694980695,472.7830115830116,269.6880308880308,1159.791891891892,1010.3274131274131,0.4076446946113685,0.2669313208608547
185,0.15,3920L_GLUT1_WGA594_0002.nd2,3920,M,L,10.5,Homo,Control,0,False,9.13859596263935,False,1.95,549.101536607412,149.49382344079544,500.17836697800544,214.04670081349803,345.2389273877674,84.90388671286533,331.3326303103345,196.02350105453445,935.4715275685448,740.7704127749323,0.35418782992949693,0.26462112643002134
186,0.15,3920L_GLUT1_WGA594_0002.nd2,3920,M,L,10.5,Homo,Control,0,False,8.344301221166893,False,3.75,764.1763907734056,300.4080732700136,307.91485753052916,123.45318860244234,222.2649253731343,37.4776119402985,324.8928086838535,99.16553595658074,751.0132293080053,446.5020352781548,0.4326059728444658,0.22209425292945006
187,0.15,3920L_GLUT1_WGA594_0002.nd2,3920,M,L,10.5,Homo,Control,0,False,10.49889819303658,False,3.9,1109.6540326134862,321.70780079330103,439.01542529748787,71.19347730277656,207.44292639929483,49.12163948876157,255.1167915381225,118.01895107977082,1156.9061260467165,424.7624504186867,0.22051641511302772,0.2778469494265324
189,0.15,3920L_GLUT1_WGA594_0002.nd2,3920,M,L,10.5,Homo,Control,0,False,9.392767633369138,False,3.5999999999999996,954.4332259219477,319.4786967418546,380.09917651271036,108.48335123523094,283.46151092015754,49.00465449337629,297.12388113139997,143.97422126745437,938.468313641246,588.4357321876117,0.3166051286042496,0.24467280518843623
190,0.15,3920L_GLUT1_WGA594_0002.nd2,3920,M,L,10.5,Homo,Control,0,False,10.231735159817351,False,4.8,1367.203196347032,491.30536529680364,371.8935502283105,83.0185502283105,254.15981735159815,55.96917808219178,319.18607305936075,148.99143835616437,1029.3133561643835,543.171803652968,0.31009611518961583,0.27429891860026456
191,0.15,3920L_GLUT1_WGA594_0002.nd2,3920,M,L,10.5,Homo,Control,0,True,66.85531796723133,False,3.75,1016.4634823660094,270.0277700638711,372.518744793113,71.86114968064427,329.813385170786,72.44459872257706,200.08136628714243,167.23354623715633,892.3621216328797,674.5565120799779,0.2242154406117391,0.24791628757907316
192,0.15,3920L_GLUT1_WGA594_0002.nd2,3920,M,L,10.5,Homo,Control,0,False,9.314316469321852,False,,,,391.2102619303911,101.79153211338357,,,203.24291352709008,,741.8675995694297,,0.2739611672555179,
193,0.15,3920L_GLUT1_WGA594_0002.nd2,3920,M,L,10.5,Homo,Control,0,False,12.341876208897485,False,3.75,1239.4559961315279,283.2391199226306,806.2338007736944,260.71832688588006,224.86702127659575,33.45043520309478,441.1999516441006,86.59598646034817,1554.9098162475823,491.08123791102514,0.2837463285869758,0.17633739547597574
194,0.15,3920L_GLUT1_WGA594_0002.nd2,3920,M,L,10.5,Homo,Control,0,False,12.61298462950218,False,3.75,1258.5868318421658,189.92750630878643,318.29983941270933,31.1906400550585,232.100481761872,43.195916494608845,118.25785730672173,102.76852489103004,1022.337921541638,527.0055058499656,0.11567394186884351,0.19500465128022296
195,0.15,3920L_GLUT1_WGA594_0002.nd2,3920,M,L,10.5,Homo,Control,0,False,20.583815028901736,False,4.5,1229.3872832369943,247.42003853564546,325.7042389210019,37.139691714836225,323.4084778420039,69.2485549132948,122.6175337186898,168.5722543352601,957.3660886319848,648.3208092485548,0.12807799981081683,0.2600136412876306
196,0.15,3920L_GLUT1_WGA594_0002.nd2,3920,M,L,10.5,Homo,Control,0,False,9.255870165745856,False,4.05,863.9720303867404,487.7803867403315,275.4053867403315,116.69267955801106,225.35359116022101,41.78522099447513,445.49723756906076,105.55697513812154,741.5355662983426,476.2289364640884,0.6007766286827347,0.22165174573780108
197,0.15,3920L_GLUT1_WGA594_0002.nd2,3920,M,L,10.5,Homo,Control,0,False,12.000417623721027,False,3.5999999999999996,892.3363959072874,263.0471914804761,324.16976404259765,97.6899143871372,291.1334307788682,51.80100229693047,260.07600751722697,120.16600542910837,821.9818333681354,578.9521820839425,0.31640116236090643,0.20755773818240045
198,0.15,3920L_GLUT1_WGA594_0002.nd2,3920,M,L,10.5,Homo,Control,0,False,10.808102345415778,False,4.5,1283.9215351812368,293.7936034115139,420.1918976545843,43.46226012793177,250.36417910447764,56.21791044776119,145.22942430703623,155.8567164179105,1103.6626865671642,537.6174840085288,0.1315885968372803,0.28990261859757144
199,0.15,3920L_GLUT1_WGA594_0002.nd2,3920,M,L,10.5,Homo,Control,0,False,20.874757908327954,False,4.8,1270.129761136217,309.5600387346675,330.6688185926404,69.15687540348613,280.24241446094254,54.58553905745642,201.58327953518395,138.67043253712072,935.7149774047773,601.2982569399613,0.21543235323033824,0.2306183843652265
200,0.15,3920L_GLUT1_WGA594_0002.nd2,3920,M,L,10.5,Homo,Control,0,False,22.574805598755834,False,4.2,1094.0199066874027,346.4292379471229,277.6886469673406,73.19968895800933,296.07091757387246,70.74401244167963,252.95676516329706,163.04665629860028,828.8982892690512,605.1250388802489,0.3051722611061996,0.2694429181121133
201,0.15,3920L_GLUT1_WGA594_0002.nd2,3920,M,L,10.5,Homo,Control,0,True,39.08130081300813,False,,,,336.49818370524133,39.7934613388687,,,147.3030617540218,,995.3322954506141,,0.14799385333652182,
202,0.15,3920L_GLUT1_WGA594_0002.nd2,3920,M,L,10.5,Homo,Control,0,False,12.918874172185431,False,3.9,1126.9006622516558,310.6241721854305,348.207229580574,110.88162251655629,300.3874172185431,49.69591611479029,280.91142384105956,134.49862030905078,940.0082781456954,649.974889624724,0.2988393085167278,0.20692894826553412
203,0.15,3920L_GLUT1_WGA594_0002.nd2,3920,M,L,10.5,Homo,Control,0,False,13.63875968992248,False,4.2,1188.471760797342,543.9390919158361,364.43898117386493,147.46423034330013,313.67530454042077,67.68593576965671,467.968992248062,164.58028792912515,959.0343300110742,647.723588039867,0.4879585407986993,0.25409031100314866
204,0.15,3920L_GLUT1_WGA594_0002.nd2,3920,M,L,10.5,Homo,Control,0,False,17.06308878104482,False,4.2,1172.733656865544,232.70482443619753,388.13759634598915,40.37282329431916,338.76534399086495,90.66571510134172,125.87781901227518,184.3140165572366,1014.0645161290322,663.127604910077,0.12413196301630394,0.27794652973650585
205,0.15,3920L_GLUT1_WGA594_0002.nd2,3920,M,L,10.5,Homo,Control,0,False,10.443766937669377,False,4.5,1074.5027100271,262.73102981029814,340.75880758807585,40.90921409214093,251.62567750677505,60.790989159891595,158.0142276422764,128.02777777777777,870.1869918699188,508.5511517615176,0.18158652004521966,0.25175004979207233
206,0.15,3920L_GLUT1_WGA594_0002.nd2,3920,M,L,10.5,Homo,Control,0,False,8.99667673716012,False,4.05,869.2791540785499,546.8419939577041,335.9126888217522,129.86495468277946,221.26525679758308,40.09184290030211,488.28429003021154,110.03353474320242,803.9380664652567,468.38247734138974,0.607365555131744,0.23492239796793749
207,0.15,3920L_GLUT1_WGA594_0002.nd2,3920,M,L,10.5,Homo,Control,0,True,49.6328081035453,False,3.9,1249.1153629713,359.5098480585257,421.1364659538548,108.13843556555994,314.4890264490715,56.72200337647721,328.6862689926844,136.87056837366347,1121.8739448508725,635.8581879572312,0.29297967967013955,0.21525329226847922
208,0.15,3920L_GLUT1_WGA594_0002.nd2,3920,M,L,10.5,Homo,Control,0,True,27.359360152043077,False,2.55,632.6678808995882,160.74849540703198,539.9190687361419,204.16930630345266,343.5955020589167,52.46848273677542,313.04735508394043,127.5563826417485,921.902280646183,687.6145074437757,0.3395667433044185,0.18550565943691702
209,0.15,3920L_GLUT1_WGA594_0002.nd2,3920,M,L,10.5,Homo,Control,0,False,10.97431018078021,False,,,,659.4838249286395,106.19838249286394,,,255.26355851569934,,1433.90675547098,,0.1780196358945639,
210,0.15,3920L_GLUT1_WGA594_0002.nd2,3920,M,L,10.5,Homo,Control,0,True,67.28347620455217,False,4.2,1158.67159326042,238.38220514336388,318.2651492757907,63.556606562222875,265.77564292048476,45.189181200118234,179.19627549512268,106.6316878510198,954.0543895950341,536.135973987585,0.1878260583981861,0.19888926135273477
211,0.15,3920L_GLUT1_WGA594_0002.nd2,3920,M,L,10.5,Homo,Control,0,False,10.123416576185306,False,4.5,1177.0560984437204,228.01918204849804,341.5490408975751,33.77777777777777,286.64096996018816,58.93159609120521,114.00904813608395,140.99601882012303,972.0206297502715,580.7412233079986,0.11729077001727298,0.24278631025534275
212,0.15,3920L_GLUT1_WGA594_0002.nd2,3920,M,L,10.5,Homo,Control,0,False,10.839048003227107,False,4.05,1110.838644614764,178.54457442517145,380.55163372327553,38.97781363453005,312.24263816054867,56.07724889068172,114.9362646228318,119.3973376361436,948.6744655102864,628.8045582896328,0.12115458864069696,0.18987988566893968
213,0.15,3920L_GLUT1_WGA594_0002.nd2,3920,M,L,10.5,Homo,Control,0,False,11.092931633835457,False,4.5,1751.9415990730013,417.7061413673233,1063.448203939745,198.57543453070681,281.2396292004635,65.94345307068366,386.1735805330243,174.99513325608342,2080.2241019698727,609.6412514484357,0.18564037411514286,0.2870460829878484
214,0.15,3920L_GLUT1_WGA594_0002.nd2,3920,M,L,10.5,Homo,Control,0,False,13.93952205882353,False,3.9,1180.922242647059,310.7871323529412,383.8159926470588,55.82132352941176,283.58253676470594,77.56875,202.24816176470586,182.25367647058823,1060.2306985294117,590.6922794117647,0.19075863587541209,0.30854250651808723
215,0.15,3920L_GLUT1_WGA594_0002.nd2,3920,M,L,10.5,Homo,Control,0,False,11.634260706470773,False,4.35,1387.8884026258204,453.6711472335105,386.6073773054079,117.61237886839638,257.2066270709597,46.542669584245075,405.80243826195687,111.04532666458269,1132.1237886839638,526.8271334792123,0.3584435220937116,0.21078133529537416
216,0.15,3920L_GLUT1_WGA594_0002.nd2,3920,M,L,10.5,Homo,Control,0,False,9.479238754325259,False,4.5,1201.250865051903,356.0717993079585,485.68252595155707,85.3317474048443,174.64359861591694,43.67084775086505,256.02292387543247,107.23356401384085,1172.6336505190309,377.4982698961938,0.21833155117296152,0.28406372310879313
217,0.15,3920L_GLUT1_WGA594_0002.nd2,3920,M,L,10.5,Homo,Control,0,False,13.926356589147288,False,4.2,1336.4683181664984,572.654364678126,323.6041456016178,123.55645433097403,298.08729356252115,56.00893158072127,470.3439501179643,149.38591169531517,938.9747219413549,650.4902258173239,0.5009122600718322,0.22965127801515495
218,0.15,3920L_GLUT1_WGA594_0002.nd2,3920,M,L,10.5,Homo,Control,0,False,11.057998289136014,False,3.0,739.4465355004278,149.12968349016253,535.3266039349872,139.86535500427718,281.8135158254919,42.7573994867408,222.19110350727115,109.56133447390933,956.6928999144569,599.8937553464501,0.23224914026971294,0.1826345640331521
219,0.15,3920L_GLUT1_WGA594_0002.nd2,3920,M,L,10.5,Homo,Control,0,False,10.488355681016232,False,4.05,947.653846153846,200.4650670430487,306.6227946365561,34.969654199012,272.68736767819337,50.800282286520826,117.80839802399436,120.89731827805223,814.2297106563161,539.3362738179253,0.14468693107382927,0.22415944216439998
220,0.15,3920L_GLUT1_WGA594_0002.nd2,3920,M,L,10.5,Homo,Control,0,False,9.826073232323232,False,4.35,1268.4779040404037,291.89362373737373,364.5650252525253,37.12184343434343,292.27967171717165,81.82007575757575,123.59564393939394,204.72916666666669,990.207702020202,640.6060606060606,0.12481789798972133,0.31958668401135293
221,0.15,3920L_GLUT1_WGA594_0002.nd2,3920,M,L,10.5,Homo,Control,0,False,12.068016003765592,False,4.05,1331.9301012002825,351.02659449282186,335.19628147799483,42.561308543186634,335.66721581548603,121.88726759237467,177.04730524829372,260.5271828665568,1048.3412567662979,701.3977406448577,0.16888327546548337,0.3714400086704455
222,0.15,3920L_GLUT1_WGA594_0002.nd2,3920,M,L,10.5,Homo,Control,0,False,9.896758703481392,False,4.6499999999999995,1162.6158463385357,256.5826330532213,423.00560224089634,47.22689075630252,218.02000800320127,46.067226890756295,151.52941176470588,112.75830332132853,1049.5246098439377,476.60184073629455,0.1443790934899926,0.23658805670395655
223,0.15,3920L_GLUT1_WGA594_0002.nd2,3920,M,L,10.5,Homo,Control,0,False,12.376197494473102,False,4.5,1405.1230655858515,308.29734708916726,354.4524686809138,37.363301400147385,227.9539425202653,54.60648489314664,162.83529845246866,127.14664701547531,1057.6849668386146,462.6293294030951,0.1539544415944362,0.27483481684899996
224,0.15,3920L_GLUT1_WGA594_0002.nd2,3920,M,L,10.5,Homo,Control,0,False,10.776847977684797,False,4.35,1245.6926080892608,219.04937238493724,323.96847977684797,29.643514644351466,283.45606694560666,51.03347280334728,108.9715481171548,126.4516039051604,956.0666666666668,613.502928870293,0.11397902668972329,0.2061140997941264
225,0.15,3920L_GLUT1_WGA594_0002.nd2,3920,M,L,10.5,Homo,Control,0,False,10.072666912578384,False,4.05,1139.5105127259314,205.32312799704906,351.2545186278127,39.28181482847658,301.4079675396532,45.82146809295463,132.79675396532647,111.0663961637772,975.5285872371819,595.3334562891921,0.13612799840281808,0.18656165715273532
226,0.15,3920L_GLUT1_WGA594_0002.nd2,3920,M,L,10.5,Homo,Control,0,True,40.465987512323366,False,4.2,1229.872165626027,266.7068682221492,357.464673020046,56.11008872822872,316.77653631284915,54.57114689451199,185.78146565888926,139.45481432796583,998.0989155438713,680.2901741702267,0.18613532463128227,0.20499313325826538
227,0.15,3920L_GLUT1_WGA594_0002.nd2,3920,M,L,10.5,Homo,Control,0,False,12.88195232690125,False,4.05,1297.9763256040217,376.24031133452246,387.1344251662072,49.27549862169612,297.17269336792606,72.17285552132317,212.3144154370034,195.37911464245175,1082.1593967893627,651.1960434571104,0.196195140999482,0.3000311758732606
228,0.15,3920L_GLUT1_WGA594_0002.nd2,3920,M,L,10.5,Homo,Control,0,False,12.267605633802816,False,3.75,985.6631215866628,186.8789882150043,740.0045990227077,130.06036217303821,183.20609370508768,38.77953434895085,238.9016958896235,87.20666858292613,1356.2891635527446,402.8847369933889,0.17614362947782475,0.21645562756664355
229,0.15,3920L_GLUT1_WGA594_0002.nd2,3920,M,L,10.5,Homo,Control,0,False,9.579675572519085,False,4.6499999999999995,1053.4551526717557,141.07967557251908,247.39742366412213,30.87643129770992,299.92795801526717,34.68368320610687,94.56106870229009,75.45038167938932,774.4260496183206,593.2099236641222,0.12210471064202313,0.12719001936675223
230,0.15,3920L_GLUT1_WGA594_0002.nd2,3920,M,L,10.5,Homo,Control,0,False,9.800842105263158,False,4.5,1210.5616842105262,274.8218947368421,356.72,32.45178947368421,271.48084210526315,81.592,118.01431578947368,183.25515789473684,1003.5604210526316,555.184,0.11759562584750882,0.33008004174244365
231,0.15,3920L_GLUT1_WGA594_0002.nd2,3920,M,L,10.5,Homo,Control,0,False,10.16542948038176,False,3.9,1050.1039236479319,167.50159066808058,333.69459172852595,38.693531283138924,321.86532343584304,50.22587486744432,109.22693531283139,117.63308589607635,840.0031813361612,698.4252386002122,0.13003157337938678,0.16842616703233299
232,0.15,3920L_GLUT1_WGA594_0002.nd2,3920,M,L,10.5,Homo,Control,0,False,10.875678937839469,False,4.2,1294.0799637899818,181.93633071816538,365.06638503319255,41.439046469523234,270.92727821363917,41.707604103802055,131.7097163548582,93.4867229933615,1102.0998792999399,566.1213035606519,0.11950796731646586,0.1651354972960238
233,0.15,3920L_GLUT1_WGA594_0002.nd2,3920,M,L,10.5,Homo,Control,0,False,10.74235257016714,False,2.6999999999999997,511.49542730999684,223.75244402396723,397.0091453800064,425.3525701671397,222.7470829391359,42.063386944181644,598.3153579312519,108.39230526647745,700.3352254809209,468.32229580573954,0.8543270938862002,0.23144809939059288
234,0.15,3920L_GLUT1_WGA594_0002.nd2,3920,M,L,10.5,Homo,Control,0,False,14.025155601659751,False,4.05,1119.010114107884,306.9369813278008,375.0334543568465,86.57209543568464,307.1589730290457,47.97147302904565,268.81716804979254,115.326244813278,929.9105290456432,666.2873443983402,0.28907852922762,0.17308785133449892
235,0.15,3920L_GLUT1_WGA594_0002.nd2,3920,M,L,10.5,Homo,Control,0,False,12.998685363716039,False,4.95,1588.103856266433,569.1478965819456,320.34224364592467,114.64373356704644,260.37510955302366,53.54053461875548,431.0725241016652,132.88453111305873,1034.57296231376,574.9818141980719,0.4166671078834281,0.23111084182443753
236,0.15,3920L_GLUT1_WGA594_0002.nd2,3920,M,L,10.5,Homo,Control,0,False,10.255447536037545,False,4.05,1012.9064699966477,170.7703654039558,335.56989607777405,30.080455916862217,263.0191082802548,60.77807576265504,90.12604760308415,135.10928595373784,873.5507877975193,564.4874287629904,0.10317207523825678,0.23934861800166993
237,0.15,3920L_GLUT1_WGA594_0002.nd2,3920,M,L,10.5,Homo,Control,0,True,106.92211751662971,False,5.25,1477.0019401330376,480.46369179600885,260.8894124168514,82.29490022172949,243.0138580931264,32.216186252771614,365.4334811529933,73.35532150776054,883.9284922394679,528.9933481152993,0.4134197328871627,0.13866964824626116
238,0.15,3920L_GLUT1_WGA594_0002.nd2,3920,M,L,10.5,Homo,Control,0,True,45.73861073522779,False,4.8,1319.4891745602167,385.574650428507,283.73545331529095,77.65854758682904,241.80672079386557,32.2616147947677,312.8894903022102,77.34866937302661,887.0881822282363,508.54600811907983,0.35271520528689426,0.15209768268383467
239,0.15,3920L_GLUT1_WGA594_0002.nd2,3920,M,L,10.5,Homo,Control,0,True,36.98512396694215,False,3.75,1036.3765840220385,205.565564738292,355.25261707988983,63.15922865013774,294.9707988980716,50.15812672176309,175.80220385674934,110.55454545454546,934.9528925619833,610.3407713498622,0.18803322098401276,0.18113576979305698
240,0.15,3920L_GLUT1_WGA594_0002.nd2,3920,M,L,10.5,Homo,Control,0,True,52.61603252977055,False,3.5999999999999996,824.1405750798722,219.3729305837932,629.9372640139412,362.455997676445,219.15335463258788,36.469358117920414,506.89776357827475,83.77403427243682,1092.602672088295,469.3380772582051,0.4639360460371558,0.1784940074792797
241,0.15,3920L_GLUT1_WGA594_0002.nd2,3920,M,L,10.5,Homo,Control,0,False,12.278042659974906,False,4.05,1005.6326223337516,376.4574654956085,350.3119196988708,78.66198243412798,279.76712672521955,66.57616060225847,293.00727728983685,144.7633626097867,898.8537013801756,547.6368883312422,0.3259788293021755,0.26434187633143064
242,0.15,3920L_GLUT1_WGA594_0002.nd2,3920,M,L,10.5,Homo,Control,0,False,11.501120238984317,False,4.95,1543.0810306198657,289.0866318147872,305.79312920089615,45.267737117251684,204.6654219566841,42.660941000746824,165.2053771471247,100.22852875280059,1058.614637789395,454.6306945481703,0.15605808879811778,0.22046142056556828
243,0.15,3920L_GLUT1_WGA594_0002.nd2,3920,M,L,10.5,Homo,Control,0,False,10.986782023552031,False,,,,385.15885604422016,114.64816149963951,,,395.620043258832,,1168.037971641432,,0.33870477918014186,
244,0.15,3920L_GLUT1_WGA594_0002.nd2,3920,M,L,10.5,Homo,Control,0,False,10.453922576224734,False,4.05,1092.9349092154846,226.85645769099006,333.7848578280233,49.772867420349435,280.4720794792737,41.74477560808496,160.52038369304557,106.21103117505997,899.026721479959,602.4350805070229,0.1785490685180083,0.17630286583854043
245,0.15,3920L_GLUT1_WGA594_0002.nd2,3920,M,L,10.5,Homo,Control,0,False,15.300321861846992,False,4.05,1156.0576875464226,242.55756375340428,303.5342906660064,32.77618222332261,385.5112651646447,72.73731121564744,134.91953453825204,157.75810844268386,874.9294379796979,746.9455310720475,0.15420618930115682,0.21120430055490502
246,0.15,3920L_GLUT1_WGA594_0002.nd2,3920,M,L,10.5,Homo,Control,0,False,10.292192429022082,False,3.9,875.320977917981,239.80402208201892,659.9621451104101,178.73541009463722,161.01695583596214,25.74802839116719,337.5256309148265,67.2551261829653,1172.6888801261828,382.6171135646688,0.28782197617368754,0.17577657610863254
247,0.15,3920L_GLUT1_WGA594_0002.nd2,3920,M,L,10.5,Homo,Control,0,False,9.431991849210393,False,4.6499999999999995,1105.3530310748854,222.1299032093734,335.096790626592,33.504839531329594,262.5359144167091,54.87009679062659,115.19867549668875,134.7401935812532,910.5552725420274,543.0025471217524,0.12651475310783142,0.24813915569173503
248,0.15,3920L_GLUT1_WGA594_0002.nd2,3920,M,L,10.5,Homo,Control,0,False,13.290509666080844,False,3.9,1294.1456942003515,310.01581722319867,381.4817223198594,59.21195079086116,328.6513181019332,76.60263620386642,227.88471001757466,158.25975395430584,1074.5239015817224,696.5595782073814,0.2120797030965281,0.2272020354118056
249,0.15,3920L_GLUT1_WGA594_0002.nd2,3920,M,L,10.5,Homo,Control,0,False,13.890121317157712,False,3.15,1208.9365684575391,453.99341421143845,346.18925476603124,129.82287694974002,438.2013864818024,67.48006932409012,466.75424610052,165.65944540727904,1038.6038128249565,901.0972270363952,0.44940548102839045,0.18384192120101606
250,0.15,3920L_GLUT1_WGA594_0002.nd2,3920,M,L,10.5,Homo,Control,0,True,77.52302172613115,False,4.05,1159.5014949172812,498.4012357982858,271.1676300578035,150.20908909706995,307.8198126370341,54.99621287622085,480.2461630456447,138.32190552122782,840.2068965517243,645.6954355192346,0.5715808392154517,0.21422159413283842
251,0.15,3920L_GLUT1_WGA594_0002.nd2,3920,M,L,10.5,Homo,Control,0,False,12.882710131032278,False,3.4499999999999997,774.4237775647172,129.8830297219559,537.1224033237456,99.06232023010546,204.02844359220197,34.23713646532438,170.4007670182167,79.32726110578459,1012.6097794822628,437.14860977948234,0.16827880835334308,0.1814652027506181
252,0.15,3920L_GLUT1_WGA594_0002.nd2,3920,M,L,10.5,Homo,Control,0,False,9.647759103641457,False,4.6499999999999995,1176.0794817927172,252.5252100840336,331.328431372549,34.63095238095238,262.782212885154,55.05357142857143,122.83998599439778,139.88655462184872,915.8319327731093,561.0063025210084,0.13412939819912403,0.24934934597568142
253,0.15,3920L_GLUT1_WGA594_0002.nd2,3920,M,L,10.5,Homo,Control,0,False,9.32124079915878,False,4.95,922.3590956887487,450.1167192429022,271.51261829653,94.32912723449002,211.79442691903262,32.99421661409043,371.88590956887487,70.71661409043112,771.9484752891693,397.09884332281814,0.48174965230622113,0.17808315304747097
254,0.15,3920L_GLUT1_WGA594_0002.nd2,3920,M,L,10.5,Homo,Control,0,False,9.475942782834851,False,4.95,1067.1488946684003,441.95643693107934,281.8088426527958,98.94018205461639,202.08029908972694,33.11638491547464,368.16677503250975,77.97496749024707,794.7308192457738,412.3498049414825,0.46325971777703595,0.18909907693860234
255,0.15,3920L_GLUT1_WGA594_0002.nd2,3920,M,L,10.5,Homo,Control,0,True,52.408091908091905,False,4.95,1340.0889110889111,371.8723776223776,336.7092907092907,86.42132867132867,261.5277222777223,46.821178821178826,292.32042957042955,107.17882117882115,931.1523476523478,537.6725774225774,0.31393405204576624,0.19933845555709867
256,0.15,3920L_GLUT1_WGA594_0002.nd2,3920,M,L,10.5,Homo,Control,0,True,51.43053354463814,False,4.05,1181.1283676703645,177.37902799788696,333.0618066561014,32.76069730586371,299.1941362916006,43.326201796090864,110.97305863708398,99.36634970945589,949.0993132593767,630.7733755942949,0.11692460113155352,0.15753098268587515
257,0.15,3920L_GLUT1_WGA594_0002.nd2,3920,M,L,10.5,Homo,Control,0,True,89.52343966712898,False,3.75,989.0374479889042,325.37947295423027,297.5231622746186,85.08016643550624,321.31456310679613,57.89736477115118,286.13897364771145,133.41886269070736,831.9705963938974,637.0871012482663,0.34392919039201075,0.20942012862808754
258,0.15,3920L_GLUT1_WGA594_0002.nd2,3920,M,L,10.5,Homo,Control,0,False,11.827290076335878,False,3.4499999999999997,974.0372137404581,219.26622137404584,392.9284351145038,46.44274809160306,305.0314885496183,44.646946564885496,160.65076335877862,122.15171755725193,922.4751908396946,647.9856870229008,0.17415185248780973,0.18850990076411192
259,0.15,3920L_GLUT1_WGA594_0002.nd2,3920,M,L,10.5,Homo,Control,0,False,10.6036717062635,False,4.2,1031.7933765298776,429.427645788337,374.4884809215263,125.6130309575234,298.540316774658,42.06443484521239,415.44312455003603,101.95284377249818,916.1828653707705,589.9496040316776,0.453450004636258,0.1728161915454456
260,0.15,3920L_GLUT1_WGA594_0002.nd2,3920,M,L,10.5,Homo,Control,0,False,10.264222503160557,False,4.35,931.8637800252845,483.7221871049305,300.69089759797725,103.67730720606828,230.34386852085967,48.78982300884956,388.1112515802781,131.43173198482933,784.2332490518331,468.1883691529709,0.4948926254395856,0.28072404323629563
261,0.15,3920L_GLUT1_WGA594_0002.nd2,3920,M,L,10.5,Homo,Control,0,False,8.840816326530613,False,4.2,773.3117346938776,208.20867346938775,348.43010204081634,58.048469387755105,217.15204081632655,34.08571428571428,176.85357142857143,84.68469387755103,779.8265306122449,433.27142857142854,0.2267857843842822,0.195454138660311
262,0.15,3920L_GLUT1_WGA594_0002.nd2,3920,M,L,10.5,Homo,Control,0,False,9.964071856287426,False,4.05,1042.6210778443115,270.6205988023952,346.9621556886228,56.53461077844311,315.0270658682635,76.53269461077845,183.73652694610774,165.72287425149702,883.7413173652697,617.8867065868262,0.20790758939945025,0.268209159518808
263,0.15,3920L_GLUT1_WGA594_0002.nd2,3920,M,L,10.5,Homo,Control,0,False,14.95351707116413,False,4.05,1091.8463595228302,227.97490744549566,381.6244343891403,38.44672974084739,303.91238173591114,49.58761826408885,134.1248457424928,126.51234060057588,934.3891402714933,629.4201974496093,0.1435428131190843,0.20099822203545403
264,0.15,3920L_GLUT1_WGA594_0002.nd2,3920,M,L,10.5,Homo,Control,0,False,16.947378383494225,False,4.8,1421.1186825667235,296.5434412265758,370.4211622184365,56.68105243233012,231.61063789513534,41.111868256672345,194.26197236418702,99.50406965739163,1023.3622941510504,499.28941889078175,0.1898271740853426,0.19929136467271677
266,0.15,3920L_GLUT1_WGA594_0002.nd2,3920,M,L,10.5,Homo,Control,0,False,9.903680501174629,False,4.8,988.4111198120595,549.0681284259985,337.8801879404855,136.74197337509787,185.2126076742365,30.19028974158183,498.1718872357087,71.78935003915426,836.9095536413467,396.6448707909162,0.5952517629511942,0.1809914997665422
267,0.15,3920L_GLUT1_WGA594_0002.nd2,3920,M,L,10.5,Homo,Control,0,False,9.093333333333334,False,4.2,1521.3999999999999,353.46166666666664,452.1161111111111,152.35055555555556,517.8055555555555,107.99055555555556,381.2566666666667,185.1516666666667,1110.5833333333335,1081.3533333333332,0.3432940646807233,0.1712221722162969
268,0.15,3920L_GLUT1_WGA594_0002.nd2,3920,M,L,10.5,Homo,Control,0,False,13.502777360756642,False,3.9,1171.0252214382224,249.08166941900615,360.5635790421859,54.11980183155683,283.134964720012,39.21363158684882,172.06020117099536,108.35460141119951,942.6739228344092,611.7560426362407,0.18252356090815464,0.17712060667887636
269,0.15,3920L_GLUT1_WGA594_0002.nd2,3920,M,L,10.5,Homo,Control,0,False,9.601851851851851,False,4.5,939.0781481481481,356.3077777777778,281.4174074074074,103.56481481481482,213.66148148148147,31.96666666666667,339.92999999999995,73.0548148148148,777.375925925926,429.0374074074075,0.43727878451485636,0.17027609610143632
270,0.15,3920L_GLUT1_WGA594_0002.nd2,3920,M,L,10.5,Homo,Control,0,False,9.04267425320057,False,3.5999999999999996,1445.290184921764,248.92852062588906,450.73613086770985,120.56472261735419,578.7428876244666,110.0099573257468,281.3897581792319,175.43314366998578,1179.7283072546231,1119.275960170697,0.23852081572414024,0.1567380609543611
271,0.15,3920L_GLUT1_WGA594_0002.nd2,3920,M,L,10.5,Homo,Control,0,False,18.657587548638134,False,3.15,678.772822508231,162.32804549536067,530.8443579766537,253.61508530380127,195.6533971864711,35.26129901227178,360.7273271475606,85.15983238551331,947.3938940436994,436.7997605507333,0.38075749634388256,0.19496309310733284
272,0.15,3920L_GLUT1_WGA594_0002.nd2,3920,M,L,10.5,Homo,Control,0,False,9.271794871794873,False,4.6499999999999995,2022.749506903353,244.47810650887575,467.65877712031556,66.3854043392505,432.8260355029586,58.34201183431953,186.11321499013806,125.16252465483234,1397.7455621301776,982.8532544378699,0.13315242776124414,0.12734609575711017
273,0.15,3920L_GLUT1_WGA594_0002.nd2,3920,M,L,10.5,Homo,Control,0,False,12.041993281075028,False,4.35,1002.0649496080625,367.24636058230686,295.3695408734602,114.07558790593504,217.61814109742443,47.81970884658455,360.64725643896975,107.20604703247481,849.9025755879059,462.0940649496081,0.4243395264327774,0.2320004846722404
274,0.15,3920L_GLUT1_WGA594_0002.nd2,3920,M,L,10.5,Homo,Control,0,False,9.950639853747715,False,4.5,1266.4424131627056,408.3802559414991,348.73674588665443,77.55758683729432,270.9433272394881,44.821755027422306,325.1974405850091,118.19744058500915,1042.6480804387568,581.0722120658135,0.3118956881867204,0.20341265359222144
275,0.15,3920R_GLUT1_WGA594_0001.nd2,3920,M,R,10.5,Homo,Experimental,30,True,29.865671641791046,False,3.75,414.04968017057564,51.20916844349681,172.1963752665245,14.835820895522389,92.55223880597013,17.45266524520256,40.63475479744136,33.87803837953092,425.8121535181237,195.22281449893393,0.09542882809170884,0.1735352421103217
276,0.15,3920R_GLUT1_WGA594_0001.nd2,3920,M,R,10.5,Homo,Experimental,30,False,15.992511233150275,False,,,,162.4253619570644,14.221917124313528,,,37.90214677983026,,411.426360459311,,0.09212376848560894,
277,0.15,3920R_GLUT1_WGA594_0001.nd2,3920,M,R,10.5,Homo,Experimental,30,False,11.028358450818343,False,3.75,401.7442877977638,44.30286825473991,175.18538324420678,15.174201912169828,102.07000486144871,17.72808296872468,38.452762923351166,31.983957219251337,419.4167882028845,203.22881218603143,0.09168150633195543,0.15737904913784512
278,0.15,3920R_GLUT1_WGA594_0001.nd2,3920,M,R,10.5,Homo,Experimental,30,True,26.563803169307757,False,,,,171.69974979149293,16.311092577147623,,,40.0091743119266,,398.43119266055044,,0.10041677220290589,
279,0.15,3920R_GLUT1_WGA594_0001.nd2,3920,M,R,10.5,Homo,Experimental,30,False,11.853691731881593,False,3.3,353.07179312691386,40.64205512078939,173.2626743790405,14.507995916978565,109.68969037087446,18.158897584212315,36.03844845185437,34.455256890098674,393.85165022116365,222.1782919360327,0.0915025960450269,0.15507931305916547
280,0.15,3920R_GLUT1_WGA594_0001.nd2,3920,M,R,10.5,Homo,Experimental,30,False,10.872787610619469,False,3.15,331.1659292035398,37.43178466076696,179.47087020648968,14.795722713864306,96.13938053097344,16.824115044247787,36.817846607669615,30.877212389380528,407.26069321533924,189.70648967551622,0.09040363389108648,0.16276307912393775
281,0.15,3920R_GLUT1_WGA594_0001.nd2,3920,M,R,10.5,Homo,Experimental,30,False,13.25016523463318,False,3.15,404.2719762062128,45.071546596166556,154.38152676801056,12.706708526107072,126.49107732980832,21.52742894910773,36.965300727032385,40.62772637144746,415.3068407138136,257.18440185062786,0.08900720407951343,0.15797119140625002
282,0.15,3920R_GLUT1_WGA594_0001.nd2,3920,M,R,10.5,Homo,Experimental,30,True,39.94427823485415,False,4.35,440.49102468212413,56.36686611817502,174.87958115183247,15.146222887060585,99.90688107703814,18.023934181002247,40.33171278982797,35.119296933433056,411.92857142857144,209.36686611817504,0.09790948136944538,0.16774047195037212
283,0.15,3920R_GLUT1_WGA594_0001.nd2,3920,M,R,10.5,Homo,Experimental,30,False,13.654468508837441,False,,,,177.7124719940254,15.546925566343043,,,41.176499875529004,,414.15060990789146,,0.09942397497540037,
284,0.15,3920R_GLUT1_WGA594_0001.nd2,3920,M,R,10.5,Homo,Experimental,30,False,11.67850408548083,False,3.15,332.3469516027655,41.7693274670019,161.77875549968573,16.081395348837212,97.07730986800756,17.348837209302324,40.461030798240095,33.23632935260842,384.6087366436204,196.23538654934006,0.10520049843727655,0.16936970409387253
285,0.15,3920R_GLUT1_WGA594_0001.nd2,3920,M,R,10.5,Homo,Experimental,30,False,12.244701348747592,False,3.3,354.90727360308284,42.16979768786127,150.21459537572255,12.762283236994222,104.17726396917148,17.01902697495183,34.44749518304431,34.39643545279384,367.00674373795766,220.95447976878614,0.09386065997642751,0.15567204380190605
286,0.15,3920R_GLUT1_WGA594_0001.nd2,3920,M,R,10.5,Homo,Experimental,30,False,12.334548400162008,False,3.9,408.11138112596194,57.84082624544349,174.98420413122722,16.368570271364923,104.83880113406238,27.69623329283111,40.89145402997165,51.61482381530984,410.46820575131636,214.87606318347508,0.0996214894528174,0.2402074156172424
287,0.15,3920R_GLUT1_WGA594_0001.nd2,3920,M,R,10.5,Homo,Experimental,30,False,13.683974932855865,False,3.4499999999999997,346.51835273052814,41.48791405550582,156.21217547000896,13.893912264995523,98.54162936436883,17.281557743957027,36.58549686660699,31.773500447627573,384.4753804834378,187.94449418084153,0.0951569299979742,0.1690578943858546
288,0.15,3920R_GLUT1_WGA594_0001.nd2,3920,M,R,10.5,Homo,Experimental,30,False,12.916666666666666,False,3.3,364.1540404040404,44.079004329004334,168.4411976911977,14.394660894660895,101.20382395382394,18.541847041847042,38.45851370851371,35.176406926406926,405.0613275613276,206.0822510822511,0.09494491597125122,0.1706911038756433
289,0.15,3920R_GLUT1_WGA594_0001.nd2,3920,M,R,10.5,Homo,Experimental,30,False,13.474656357388316,False,3.4499999999999997,391.6192010309278,47.52835051546391,182.72959621993127,15.305841924398624,100.5446735395189,17.70876288659794,39.614475945017176,35.64647766323024,425.2171391752577,214.05627147766322,0.09316293322948502,0.16652853671213252
290,0.15,3920R_GLUT1_WGA594_0001.nd2,3920,M,R,10.5,Homo,Experimental,30,False,10.924009700889249,False,3.75,403.3472109943411,46.13702506063056,160.25505254648345,13.16410670978173,105.20452708164915,17.6928051738076,35.27809215844786,34.62085691188359,401.88601455133386,216.6693613581245,0.08778133819319982,0.15978658309081414
291,0.15,3920R_GLUT1_WGA594_0001.nd2,3920,M,R,10.5,Homo,Experimental,30,False,10.921576277799455,False,3.4499999999999997,366.8064767850175,42.23800234100664,156.74053843152555,13.314085056574328,97.99024580569645,17.750292625829104,35.65938353492002,33.52438548575888,392.79516191962546,200.6426063207179,0.09078366281460644,0.16708507779335613
292,0.15,3920R_GLUT1_WGA594_0001.nd2,3920,M,R,10.5,Homo,Experimental,30,True,33.01134215500945,False,3.3,320.0441083805923,36.65343415248898,174.2728418399496,14.14807813484562,86.54694391934467,15.588531821045997,34.429111531190934,29.14366729678639,390.89350976685574,171.2533081285444,0.08807798203588954,0.1701787113794664
293,0.15,3920R_GLUT1_WGA594_0001.nd2,3920,M,R,10.5,Homo,Experimental,30,False,19.246525679758307,False,3.75,396.7758308157099,47.958610271903325,188.96948640483382,15.107552870090636,93.20392749244714,16.992447129909365,39.54712990936556,32.19244712990937,434.9936555891238,187.92024169184293,0.09091426829158186,0.17130909815824671
294,0.15,3920R_GLUT1_WGA594_0001.nd2,3920,M,R,10.5,Homo,Experimental,30,False,13.600340216415441,False,,,,171.78556915371166,15.504748854132213,,,41.277040117185656,,425.6466947030194,,0.09697488699162886,
295,0.15,3920R_GLUT1_WGA594_0001.nd2,3920,M,R,10.5,Homo,Experimental,30,False,13.68097696814991,False,,,,191.3305679642629,16.34762429657133,,,42.577710738527585,,451.21465452224874,,0.09436242886129076,
296,0.15,3920R_GLUT1_WGA594_0001.nd2,3920,M,R,10.5,Homo,Experimental,30,False,11.90369876707764,False,2.6999999999999997,274.5244918360546,30.856047984005333,132.04531822725758,11.143618793735422,108.74875041652784,18.169943352215927,29.50883038987004,33.642785738087305,319.2649116961013,218.1166277907364,0.09242741469177988,0.15424218721355154
297,0.15,3920R_GLUT1_WGA594_0001.nd2,3920,M,R,10.5,Homo,Experimental,30,False,12.029249827942188,False,3.15,348.9015829318651,39.8344803854095,162.7708189951824,13.864762560220235,103.60013764624914,18.392980041293875,36.06916724019271,34.54163799036476,390.60289057123197,213.86717136958018,0.09234229472148514,0.16150977155195995
298,0.15,3920R_GLUT1_WGA594_0001.nd2,3920,M,R,10.5,Homo,Experimental,30,True,41.630315500685874,False,,,,188.2647462277092,14.534522176497486,,,36.50914494741655,,422.2551440329218,,0.0864622858083407,
299,0.15,3920R_GLUT1_WGA594_0001.nd2,3920,M,R,10.5,Homo,Experimental,30,False,10.616170212765958,False,3.3,329.0042553191489,38.64170212765958,171.771914893617,14.126808510638298,96.34425531914893,18.7063829787234,34.36808510638298,34.543404255319146,384.60127659574465,194.83999999999997,0.08936029908841762,0.17729113249496586
300,0.15,3920R_GLUT1_WGA594_0001.nd2,3920,M,R,10.5,Homo,Experimental,30,False,12.488292011019285,False,3.5999999999999996,389.8388429752066,44.82093663911846,155.81129476584022,12.978994490358128,93.47107438016529,17.204545454545453,36.20661157024794,33.03787878787879,403.02134986225894,195.02376033057854,0.08983794923673971,0.16940437786594484
301,0.15,3920R_GLUT1_WGA594_0001.nd2,3920,M,R,10.5,Homo,Experimental,30,False,24.76292589945199,False,3.15,362.9649749821302,41.33357159876101,180.08696688110555,14.705265665951869,112.0619490111985,18.456754824874913,37.19490111984751,35.680486061472486,412.63616869192276,230.99785561115087,0.09013970161112439,0.15446241250626613
302,0.15,3920R_GLUT1_WGA594_0001.nd2,3920,M,R,10.5,Homo,Experimental,30,True,32.60824126604957,False,3.4499999999999997,355.53926545237385,39.40758435353837,145.77008062108092,11.845028366676619,88.497461928934,16.143624962675425,33.20752463421917,29.842042400716636,386.29561063003877,173.84950731561662,0.08596402268215915,0.1716544548299446
303,0.15,3920R_GLUT1_WGA594_0001.nd2,3920,M,R,10.5,Homo,Experimental,30,False,12.271956982238878,False,3.5999999999999996,383.4802020531205,43.51360599641519,190.45576014339252,16.12612025419586,93.94427244582043,17.423333876486883,40.495030145022,30.914616262017276,442.9066319048395,183.21297050676228,0.09143017337731475,0.16873595890350043
304,0.15,3920R_GLUT1_WGA594_0001.nd2,3920,M,R,10.5,Homo,Experimental,30,False,12.54250281848929,False,3.3,386.04712514092444,43.59661781285231,164.42976324689968,13.476888387824125,107.0360766629087,18.981961668545658,36.10484780157836,36.7826381059752,410.9452085682075,224.08297632468998,0.08785805759208842,0.1641474007051664
305,0.15,3920R_GLUT1_WGA594_0001.nd2,3920,M,R,10.5,Homo,Experimental,30,False,12.33375554148195,False,3.3,361.4550348321722,41.60354654844839,184.10829639012033,15.350221659278025,99.11019632678911,17.611146295123497,38.10797973400886,33.34863837872071,421.2374920835972,201.45598480050666,0.09046673301921115,0.16553808719926813
306,0.15,3920R_GLUT1_WGA594_0001.nd2,3920,M,R,10.5,Homo,Experimental,30,False,12.833734939759037,False,3.0,316.7555312157722,35.39058050383352,159.54282584884993,13.192332968236583,103.30755750273823,17.61358159912377,32.603066812705364,33.5934282584885,363.83636363636367,215.76955093099673,0.08960914870315301,0.1556912368475555
307,0.15,3920R_GLUT1_WGA594_0001.nd2,3920,M,R,10.5,Homo,Experimental,30,False,12.142378559463987,False,3.5999999999999996,359.8865996649916,40.29765494137354,175.34405360134002,14.67638190954774,91.9425460636516,17.59581239530988,36.16566164154104,31.243886097152423,407.7040201005025,182.13785594639867,0.08870567828255876,0.17153977098724157
308,0.15,3920R_GLUT1_WGA594_0001.nd2,3920,M,R,10.5,Homo,Experimental,30,False,12.218422075398367,False,3.75,377.33074232413526,47.96502137582589,181.29420909444227,15.490478041197047,92.15546055188496,16.770307034589973,40.27438787407694,31.83132530120482,412.8282160901672,187.24290711232024,0.0975572557891258,0.17000016605227328
309,0.15,3920R_GLUT1_WGA594_0001.nd2,3920,M,R,10.5,Homo,Experimental,30,False,12.341716441370638,False,4.2,412.2477208425024,49.65231059415278,171.18893429739074,14.802892172272871,76.81106570260923,16.510531279471863,35.88714240804779,31.68060358377869,395.8091795033008,160.0845646023263,0.09066778707124075,0.19789917699109835
310,0.15,3920R_GLUT1_WGA594_0001.nd2,3920,M,R,10.5,Homo,Experimental,30,False,12.479176201372997,False,,,,171.8187643020595,13.85858123569794,,,33.29702517162471,,388.64027459954235,,0.0856756938172046,
311,0.15,3920R_GLUT1_WGA594_0001.nd2,3920,M,R,10.5,Homo,Experimental,30,True,76.65941162401339,False,3.0,346.38483616359724,38.09614924659173,181.89404448696484,14.54699832575939,114.84309973690505,18.561588136809377,36.423582874910316,34.78115283425018,413.0289404448697,230.09303994259744,0.08818651505552809,0.15116125565087593
312,0.15,3920R_GLUT1_WGA594_0001.nd2,3920,M,R,10.5,Homo,Experimental,30,False,12.576130509444763,False,3.5999999999999996,376.1104751001717,45.83457355466514,178.76817401259302,14.82226674298798,101.06668574699485,19.012593016599887,36.382942186605604,36.93417286777333,396.400114481969,215.49685174585005,0.09178337961418663,0.17139077702783465
313,0.15,3920R_GLUT1_WGA594_0001.nd2,3920,M,R,10.5,Homo,Experimental,30,False,19.758483033932137,False,3.15,347.97904191616766,38.34131736526947,142.26646706586826,11.981037924151696,95.28542914171658,16.219560878243513,32.843313373253494,32.14670658682635,365.57185628742513,208.11277445109778,0.08984092404375613,0.15446772391370028
314,0.15,3920R_GLUT1_WGA594_0001.nd2,3920,M,R,10.5,Homo,Experimental,30,False,11.996967144060656,False,4.5,497.83588879528224,53.54844144903118,176.98483572030327,14.221735467565289,94.79747262005054,17.068744734625106,38.99747262005055,30.991575400168497,451.1870261162595,191.01701769165967,0.08643305406127057,0.1622451013772773
315,0.15,3920R_GLUT1_WGA594_0001.nd2,3920,M,R,10.5,Homo,Experimental,30,False,10.749521988527725,False,4.6499999999999995,492.77342256214143,51.901051625239006,166.84416826003826,13.141969407265773,86.51816443594645,16.02485659655832,37.420172084130016,29.675908221797325,455.0999043977056,177.4474187380497,0.08222408249822227,0.16723775658639084
316,0.15,3920R_GLUT1_WGA594_0001.nd2,3920,M,R,10.5,Homo,Experimental,30,False,13.530676930043015,False,3.3,351.4344577767715,40.63368802354539,183.07674892460946,14.398686891555354,107.92913742359066,17.946796468191078,35.921213493321254,33.97622820919176,405.9673986868916,214.50803712927325,0.08848300038256526,0.1583913995199909
317,0.15,3920R_GLUT1_WGA594_0001.nd2,3920,M,R,10.5,Homo,Experimental,30,False,11.021505376344086,False,3.15,300.84711021505376,35.213373655913976,133.54334677419357,11.331653225806452,86.32694892473117,16.329973118279568,31.196572580645157,30.349798387096776,335.210685483871,176.1817876344086,0.09306556721368661,0.17226410740067555
318,0.15,3920R_GLUT1_WGA594_0001.nd2,3920,M,R,10.5,Homo,Experimental,30,False,12.719708029197081,False,3.3,379.87135036496346,44.85237226277373,165.83996350364964,14.047992700729928,91.59689781021898,17.272080291970802,38.8808394160584,33.59525547445255,416.1344890510949,194.6824817518248,0.09343335012850722,0.17256434771197718
319,0.15,3920R_GLUT1_WGA594_0001.nd2,3920,M,R,10.5,Homo,Experimental,30,True,35.10037926675095,False,2.55,297.31049304677623,33.274841972187104,174.22275600505688,14.464475347661189,121.9668773704172,18.788369152970922,35.025031605562575,36.33451327433628,383.663211125158,245.87737041719345,0.09129108705222395,0.1477749384283944
320,0.15,3920R_GLUT1_WGA594_0001.nd2,3920,M,R,10.5,Homo,Experimental,30,False,10.625606655881674,False,4.2,413.7497111162468,44.57106540328172,175.7162006008782,14.975964871735615,85.75248440027732,15.788537092673907,36.54541252599954,28.984284723827134,423.0979893690779,176.3101455974116,0.08637576505739467,0.16439374277422553
321,0.15,3920R_GLUT1_WGA594_0001.nd2,3920,M,R,10.5,Homo,Experimental,30,True,69.84008029441284,False,,,,183.55035128805622,15.115757778521244,,,38.544663767146204,,421.734693877551,,0.09139552502250975,
322,0.15,3920R_GLUT1_WGA594_0001.nd2,3920,M,R,10.5,Homo,Experimental,30,False,19.55132722574583,False,,,,183.16537467700257,14.835564951844022,,,37.56941508104299,,423.5038759689923,,0.08871091201959556,
323,0.15,3920R_GLUT1_WGA594_0001.nd2,3920,M,R,10.5,Homo,Experimental,30,False,13.441444174757281,False,3.0,341.06432038834953,38.69205097087379,157.63319174757282,13.189927184466018,106.2160194174757,18.57645631067961,35.165351941747566,35.293082524271846,389.1692961165048,215.7442354368932,0.09036003685969149,0.1635876038717861
324,0.15,3920R_GLUT1_WGA594_0001.nd2,3920,M,R,10.5,Homo,Experimental,30,False,10.921679450948728,False,4.8,485.99313685910374,51.41663302381914,156.0185708518369,13.04925312878482,86.25514735567218,16.476786435203874,36.31408962454583,28.930964876867176,423.613241824788,171.44893015744853,0.08572463284697274,0.1687439218798198
325,0.15,3920R_GLUT1_WGA594_0001.nd2,3920,M,R,10.5,Homo,Experimental,30,False,12.455266637285147,False,3.5999999999999996,391.4433671220802,44.37549581313354,170.96562362274128,14.3085059497576,83.74702512119876,17.179814896430145,37.11106214191274,32.98457470251212,429.5420890260026,177.40678713089466,0.08639680043011151,0.1859262277162788
326,0.15,3920R_GLUT1_WGA594_0001.nd2,3920,M,R,10.5,Homo,Experimental,30,False,12.0179180887372,False,3.0,308.55204778157,36.29415529010239,139.8662542662116,11.79330204778157,88.9157423208191,16.412755972696246,32.7945819112628,31.705631399317408,348.91552901023886,188.4185153583618,0.09399003249952928,0.1682723767301479
327,0.15,3920R_GLUT1_WGA594_0001.nd2,3920,M,R,10.5,Homo,Experimental,30,False,12.016102530397633,False,4.05,412.2872165626027,48.826487019388765,162.73775879066713,13.043706868222149,91.30200460072297,17.56884653302662,35.13309234308249,34.08215576733487,402.249753532698,194.97601051593819,0.08734148880025752,0.17480179062617984
328,0.15,3920R_GLUT1_WGA594_0001.nd2,3920,M,R,10.5,Homo,Experimental,30,False,14.23069326486273,False,4.05,399.7675291329252,50.85700177760221,187.20067153861345,15.379419316610702,91.82757258542367,18.104285996444794,38.67351372703931,33.64882480742643,412.28086114951606,181.92573572980447,0.09380380553977288,0.18495912451551966
329,0.15,3920R_GLUT1_WGA594_0001.nd2,3920,M,R,10.5,Homo,Experimental,30,False,12.87793427230047,False,3.3,365.4141888367241,42.86958789775692,181.40453834115806,14.288471570161711,115.34820031298904,19.882368283776735,36.25143453312467,37.54851330203443,408.8826291079812,230.34115805946792,0.08865975698750236,0.16301260972361878
330,0.15,3920R_GLUT1_WGA594_0001.nd2,3920,M,R,10.5,Homo,Experimental,30,False,12.076787807737398,False,3.4499999999999997,363.80715123094967,42.10668229777257,169.09144196951937,13.434056271981245,105.24560375146541,18.596131301289564,34.126611957796015,35.45603751465416,389.6506447831185,215.9390386869871,0.08758258818432357,0.1641946622076484
331,0.15,3920R_GLUT1_WGA594_0001.nd2,3920,M,R,10.5,Homo,Experimental,30,False,11.533791523482245,False,4.05,392.0832378770523,47.08476517754869,165.36082474226805,13.066819396716303,76.72928598701795,16.632684230622374,35.64299350897289,30.660557464681172,408.78961435662467,156.48873615883926,0.08719153387756627,0.19592820682991574
332,0.15,3920R_GLUT1_WGA594_0001.nd2,3920,M,R,10.5,Homo,Experimental,30,False,12.85056657223796,False,,,,154.11579320113313,12.90757790368272,,,35.31161473087818,,386.44405099150134,,0.09137574932329533,
333,0.15,3920R_GLUT1_WGA594_0001.nd2,3920,M,R,10.5,Homo,Experimental,30,False,12.394113883557262,False,3.4499999999999997,344.45201535508636,39.86276391554702,150.90115163147794,12.08253358925144,79.87396033269354,15.308381317978245,33.2936660268714,29.592130518234164,378.49168266154834,167.32213691618682,0.08796406249339693,0.17685723517299526
334,0.15,3920R_GLUT1_WGA594_0001.nd2,3920,M,R,10.5,Homo,Experimental,30,False,11.611538461538462,False,,,,171.30778611632272,13.98405253283302,,,34.804315196998125,,412.2325515947468,,0.08442883770909286,
335,0.15,3920R_GLUT1_WGA594_0001.nd2,3920,M,R,10.5,Homo,Experimental,30,False,11.85800283286119,False,3.15,350.0297450424929,43.608002832861196,190.37181303116148,22.33038243626062,103.73477337110482,16.423866855524082,49.702549575070826,31.173158640226628,429.52230878186964,204.2570821529745,0.11571587449328964,0.1526172718793666
336,0.15,3920R_GLUT1_WGA594_0001.nd2,3920,M,R,10.5,Homo,Experimental,30,False,12.452412868632708,False,3.3,353.50837801608577,43.25067024128687,189.563672922252,15.99597855227882,101.71045576407506,18.785522788203753,39.28887399463807,35.54591152815013,416.39745308311,206.6454423592493,0.09435426106411915,0.1720140116439356
337,0.15,3920R_GLUT1_WGA594_0001.nd2,3920,M,R,10.5,Homo,Experimental,30,False,12.16061400224635,False,3.9,386.6087607637589,49.022463496817664,184.35829277424187,15.206289779108948,80.4099588169225,17.144140771246725,39.75739423436915,31.905653313365786,424.9782852864096,165.32122800449272,0.09355158983611382,0.19299187223856532
338,0.15,3920R_GLUT1_WGA594_0001.nd2,3920,M,R,10.5,Homo,Experimental,30,False,12.045204107187578,False,3.9,385.2922614575507,43.82043576258452,169.69734535437016,14.220510894064612,83.41748059103432,17.1984723265715,35.93413473578763,31.568244427748557,411.14800901577763,171.3001502629602,0.0873995105115751,0.18428614557131817
339,0.15,3920R_GLUT1_WGA594_0001.nd2,3920,M,R,10.5,Homo,Experimental,30,False,11.225288509784244,False,4.35,425.9760829570163,45.08195350393042,151.75062719518314,12.287004515805318,84.45960863020571,14.792774711490217,34.1125606288677,26.913363438702124,407.98461281150696,166.17494564308416,0.08361237055924961,0.16195800958170617
340,0.15,3920R_GLUT1_WGA594_0001.nd2,3920,M,R,10.5,Homo,Experimental,30,True,30.50945815966656,False,3.5999999999999996,382.96697659506253,45.29464571978198,176.83007374158385,14.324462968900288,89.96409105482526,17.24655338249439,38.78390509778775,31.92850272523244,427.33985251683225,180.75408784866943,0.09075658371052607,0.17664055682084245
341,0.15,3920R_GLUT1_WGA594_0001.nd2,3920,M,R,10.5,Homo,Experimental,30,False,12.120803357314148,False,3.9,396.8159472422062,50.19034772182254,157.55845323741008,13.343824940047961,93.3537170263789,18.16217026378897,37.05005995203837,35.23980815347721,395.34472422062356,190.31025179856118,0.09371583249296744,0.18517030911596766
342,0.15,3920R_GLUT1_WGA594_0001.nd2,3920,M,R,10.5,Homo,Experimental,30,False,22.097711267605632,False,3.4499999999999997,374.5980046948357,41.46449530516432,167.35944835680752,13.415786384976528,99.06866197183098,17.568075117370892,35.850352112676056,32.124119718309856,416.1294014084507,193.26525821596243,0.08615193252708246,0.16621776730514629
343,0.15,3920R_GLUT1_WGA594_0001.nd2,3920,M,R,10.5,Homo,Experimental,30,False,10.92411720510894,False,3.3,337.7246431254696,37.23215627347859,168.66904583020286,13.729902329075882,95.91134485349362,15.398196844477836,33.904958677685954,29.788880540946657,387.4335086401202,196.18369646882041,0.08751168373817568,0.1518417742000341
344,0.15,3920R_GLUT1_WGA594_0001.nd2,3920,M,R,10.5,Homo,Experimental,30,False,21.316749072929543,False,,,,188.55809641532755,14.398640296662547,,,35.70179233621755,,416.25,,0.08577007167860072,
345,0.15,3920R_GLUT1_WGA594_0001.nd2,3920,M,R,10.5,Homo,Experimental,30,False,11.615915363385465,False,3.3,363.2005519779209,42.24356025758969,188.40133394664213,15.405933762649493,105.8879944802208,20.672953081876724,37.05266789328426,38.39236430542779,421.4245630174793,216.6508739650414,0.08792242110421893,0.17720844417928705
346,0.15,3920R_GLUT1_WGA594_0001.nd2,3920,M,R,10.5,Homo,Experimental,30,False,13.81498127340824,False,4.2,439.3975031210986,57.683146067415734,164.92209737827716,13.724594257178525,82.93782771535582,17.04319600499376,39.1171036204744,33.29937578027465,413.80424469413236,176.89263420724095,0.09453045521412717,0.18824625417281265
347,0.15,3920R_GLUT1_WGA594_0001.nd2,3920,M,R,10.5,Homo,Experimental,30,False,12.056152927120669,False,3.3,352.38530465949816,39.29838709677419,147.92622461170848,12.754181600955794,83.91816009557945,16.139187574671446,34.861409796893675,30.296296296296294,387.10752688172045,174.53375149342892,0.09005614041585266,0.17358416946327387
348,0.15,3920R_GLUT1_WGA594_0001.nd2,3920,M,R,10.5,Homo,Experimental,30,False,12.206667220882867,False,3.5999999999999996,380.9500374095935,42.83099176988944,176.42588743868984,14.990564469199434,89.85069415579017,17.49305844209826,37.86145980547012,31.724706958184388,420.76635630559485,182.65894920608528,0.08998214623883102,0.17368274095560973
349,0.15,3920R_GLUT1_WGA594_0001.nd2,3920,M,R,10.5,Homo,Experimental,30,False,12.402777777777779,False,3.5999999999999996,374.5381313131313,44.46969696969697,147.40025252525254,12.330303030303028,88.99242424242425,17.037373737373738,35.16287878787879,32.80555555555555,386.7340909090909,183.81742424242424,0.09092262516920051,0.17846814952803683
350,0.15,3920R_GLUT1_WGA594_0001.nd2,3920,M,R,10.5,Homo,Experimental,30,False,22.584703537618335,False,3.4499999999999997,384.16791230692576,45.16691579471849,164.0600398604883,13.283756851021424,98.87917289486796,18.110363726955658,36.26631788739412,35.49551569506726,408.14499252615843,207.10363726955657,0.08885645677759915,0.17139011252066003
351,0.15,3920R_GLUT1_WGA594_0001.nd2,3920,M,R,10.5,Homo,Experimental,30,False,12.147969052224372,False,3.15,324.27208252740166,36.56866537717602,163.67633784655064,13.019019987105093,92.08123791102516,15.463249516441007,33.60960670535139,29.925209542230814,377.20728562217926,192.31334622823985,0.08910115998930003,0.1556065147278713
352,0.15,3920R_GLUT1_WGA594_0001.nd2,3920,M,R,10.5,Homo,Experimental,30,False,11.258630952380953,False,,,,165.07440476190476,13.171130952380954,,,33.65267857142857,,389.56934523809525,,0.08638430868029637,
353,0.15,3920R_GLUT1_WGA594_0001.nd2,3920,M,R,10.5,Homo,Experimental,30,False,12.179574791192103,False,4.2,396.3614274867123,50.08997722095672,166.52885345482156,13.604024297646166,85.32763857251327,17.17577828397874,36.40356871678056,31.82194381169324,397.0117691723614,168.8485193621868,0.09169392835046174,0.18846445282374022
354,0.15,3920R_GLUT1_WGA594_0001.nd2,3920,M,R,10.5,Homo,Experimental,30,False,13.631141485038789,False,3.0,349.6734392316218,38.06963428149243,162.995936461027,12.91651274473587,109.14462504617657,17.477096416697453,34.228851126708534,34.23439231621721,393.5142223864056,228.29977835241965,0.08698250070641159,0.14995368179188762
355,0.15,3920R_GLUT1_WGA594_0001.nd2,3920,M,R,10.5,Homo,Experimental,30,False,11.512967512967514,False,,,,143.02757302757303,11.95004095004095,,,31.675675675675674,,334.52334152334157,,0.09468898502398071,
356,0.15,3920R_GLUT1_WGA594_0001.nd2,3920,M,R,10.5,Homo,Experimental,30,False,10.57487922705314,False,,,,139.329307568438,12.018921095008054,,,30.46135265700483,,320.41626409017715,,0.09506806011704781,
357,0.15,3920R_GLUT1_WGA594_0001.nd2,3920,M,R,10.5,Homo,Experimental,30,True,27.107249524843876,False,3.4499999999999997,329.9780070594624,39.093130600054295,162.41650828129244,13.178115666576161,91.37360847135487,17.06081998370893,33.40401846320933,32.00624490904154,374.65897366277494,182.65788759163726,0.08915846359328311,0.1752250906382808
358,0.15,3920R_GLUT1_WGA594_0001.nd2,3920,M,R,10.5,Homo,Experimental,30,False,11.701387137452711,False,,,,177.71626733921818,13.8562421185372,,,35.256494325346786,,404.0131147540984,,0.08726571746762618,
359,0.15,3920R_GLUT1_WGA594_0001.nd2,3920,M,R,10.5,Homo,Experimental,30,False,12.217351598173517,False,4.8,412.18949771689495,53.31780821917808,173.30456621004566,13.808219178082192,73.77031963470318,16.7986301369863,34.73561643835617,30.990867579908674,391.3666666666667,151.02785388127856,0.08875466256287241,0.20519968193595783
360,0.15,3920R_GLUT1_WGA594_0001.nd2,3920,M,R,10.5,Homo,Experimental,30,True,27.322946175637394,False,4.95,443.9882638607851,62.96721974908945,194.47753945770944,16.559692432213676,79.86847430190207,17.86280857952246,42.02468636179684,34.552003237555645,427.96924322136783,163.22015378389312,0.09819557603128853,0.21168956428814065
361,0.15,3920R_GLUT1_WGA594_0001.nd2,3920,M,R,10.5,Homo,Experimental,30,False,12.632980098216594,False,3.3,359.6947531661928,44.60429051434479,150.9418454380977,12.755233910571208,89.93771000258465,17.831481002843113,37.3186869992246,34.23675368312225,393.3667614370639,184.77668648229516,0.09486995510980749,0.18528719361142312
362,0.15,3920R_GLUT1_WGA594_0001.nd2,3920,M,R,10.5,Homo,Experimental,30,False,13.097651421508035,False,,,,144.74536464771325,11.216934487021014,,,31.767614338689743,,367.3529048207664,,0.08647710123372876,
363,0.15,3920R_GLUT1_WGA594_0001.nd2,3920,M,R,10.5,Homo,Experimental,30,False,15.197336561743342,False,4.2,394.32566585956425,48.0952380952381,207.4717514124294,16.498385794995965,75.61985472154963,16.516545601291362,39.58514931396287,30.263518966908805,453.4959644874899,150.5173527037934,0.08728886784846983,0.2010633220906103
364,0.15,3920R_GLUT1_WGA594_0001.nd2,3920,M,R,10.5,Homo,Experimental,30,False,15.023927633498687,False,,,,170.1021301429822,13.740297636416692,,,36.85993580391012,,401.08053691275165,,0.09190158188086893,
365,0.15,3920R_GLUT1_WGA594_0001.nd2,3920,M,R,10.5,Homo,Experimental,30,False,12.177285992217898,False,,,,158.17144941634243,12.564445525291829,,,34.25948443579767,,374.15880350194556,,0.09156402071832989,
366,0.15,3920R_GLUT1_WGA594_0001.nd2,3920,M,R,10.5,Homo,Experimental,30,True,41.43841507115798,False,,,,181.29661103716597,14.390601003378723,,,38.209890447424996,,441.55216545510393,,0.08653539363359797,
367,0.15,3920R_GLUT1_WGA594_0001.nd2,3920,M,R,10.5,Homo,Experimental,30,False,12.904645476772616,False,3.75,409.5708231458843,47.0516707416463,173.319315403423,14.35403422982885,90.62656886715567,17.33007334963325,38.941157294213525,31.167400162999183,419.4068459657702,184.77587612061944,0.09284816799912632,0.16867678193366262
368,0.15,3920R_GLUT1_WGA594_0001.nd2,3920,M,R,10.5,Homo,Experimental,30,False,10.96,False,4.05,374.00315789473683,45.055263157894736,177.53157894736842,13.983684210526315,90.3263157894737,17.314736842105262,35.437894736842104,31.759473684210526,400.9831578947368,178.16736842105263,0.08837751421506089,0.1782563999550984
369,0.15,3920R_GLUT1_WGA594_0001.nd2,3920,M,R,10.5,Homo,Experimental,30,False,13.540472942246476,False,,,,142.48726693951795,12.038426557526149,,,31.366075488858577,,339.1600727603456,,0.0924816274320775,
370,0.15,3920R_GLUT1_WGA594_0001.nd2,3920,M,R,10.5,Homo,Experimental,30,False,12.393339333933394,False,,,,175.03172817281728,14.166966696669666,,,35.858010801080106,,392.0006750675068,,0.0914743598206941,
371,0.15,3920R_GLUT1_WGA594_0001.nd2,3920,M,R,10.5,Homo,Experimental,30,False,12.75105091078935,False,,,,154.23727230266232,12.283979448855675,,,32.821578701541334,,373.4117234936945,,0.08789648700490134,
372,0.15,3920R_GLUT1_WGA594_0001.nd2,3920,M,R,10.5,Homo,Experimental,30,False,15.230565136641019,False,4.05,403.2340143274078,49.6078535420536,181.95940567789867,14.436189970814539,91.46086495091537,17.568851154152295,36.42265853011409,34.34465375431149,412.78906871849307,191.79862032369329,0.08823552097246307,0.17906621901841085
373,0.15,3920R_GLUT1_WGA594_0001.nd2,3920,M,R,10.5,Homo,Experimental,30,False,12.28617311707082,False,,,,143.0867191263851,11.57989400995664,,,33.48418178898346,,370.1390717841657,,0.0904637860239425,
374,0.15,3920R_GLUT1_WGA594_0001.nd2,3920,M,R,10.5,Homo,Experimental,30,False,13.909192825112108,False,,,,152.79666479820628,13.328755605381165,,,38.486827354260086,,385.34753363228697,,0.09987562912751287,
375,0.15,3920R_GLUT1_WGA594_0001.nd2,3920,M,R,10.5,Homo,Experimental,30,False,12.317513368983958,False,,,,177.9749331550802,13.985628342245988,,,35.586898395721924,,412.63302139037427,,0.08624345738450898,
376,0.15,3920R_GLUT1_WGA594_0001.nd2,3920,M,R,10.5,Homo,Experimental,30,False,12.24742268041237,False,3.5999999999999996,323.63402061855675,37.88487972508591,152.42840778923255,12.915234822451318,75.20675830469645,14.624284077892327,33.39576174112256,26.89862542955326,364.8213058419244,150.33562428407788,0.09154005318865015,0.17892382831846268
378,0.15,3920R_GLUT1_WGA594_0001.nd2,3920,M,R,10.5,Homo,Experimental,30,False,13.411709159584513,False,,,,159.03186968838526,12.766525023607176,,,33.890934844192635,,368.9683663833806,,0.09185322627083399,
379,0.15,3920R_GLUT1_WGA594_0001.nd2,3920,M,R,10.5,Homo,Experimental,30,False,12.130589070262598,False,4.05,385.2579843860894,47.30660042583393,152.9471256210078,12.409510290986518,90.42831795599716,16.77927608232789,34.15365507452094,31.593683463449256,378.91412349183815,177.6710432931157,0.09013560845867127,0.1778212300545062
380,0.15,3920R_GLUT1_WGA594_0001.nd2,3920,M,R,10.5,Homo,Experimental,30,True,40.6703514739229,False,3.3,297.87896825396825,38.57596371882086,159.54365079365078,13.554988662131521,83.91184807256236,16.056972789115648,34.75340136054421,30.550453514739225,352.7369614512471,170.07142857142856,0.0985249779823473,0.17963307400518655
381,0.15,3920R_GLUT1_WGA594_0001.nd2,3920,M,R,10.5,Homo,Experimental,30,False,11.839962564342537,False,,,,194.04866635470285,15.317969115582592,,,39.90313523631259,,440.4808142255498,,0.09058995068030375,
382,0.15,3920R_GLUT1_WGA594_0001.nd2,3920,M,R,10.5,Homo,Experimental,30,False,11.89712186160441,False,,,,166.0774647887324,12.823331292100429,,,32.537354562155535,,369.74709124311084,,0.08799894666584959,
383,0.15,3920R_GLUT1_WGA594_0001.nd2,3920,M,R,10.5,Homo,Experimental,30,False,14.054854740061161,False,,,,171.1058868501529,13.812308868501528,,,33.863723241590215,,370.6722094801223,,0.09135759945177706,
384,0.15,3920R_GLUT1_WGA594_0001.nd2,3920,M,R,10.5,Homo,Experimental,30,False,13.150943396226415,False,,,,154.95316315205326,12.364927857935628,,,32.40865704772475,,357.037513873474,,0.09077101365659197,
385,0.15,3920R_GLUT1_WGA594_0001.nd2,3920,M,R,10.5,Homo,Experimental,30,False,13.994897959183673,False,,,,179.2690166975881,14.254947433518863,,,36.649196042053184,,413.3784786641929,,0.08865772635402501,
386,0.15,3920R_GLUT1_WGA594_0001.nd2,3920,M,R,10.5,Homo,Experimental,30,False,11.812217194570136,False,3.9,348.1670727462582,42.66481030281935,166.4222067525235,13.668639053254438,76.60546467107552,15.289592760180996,35.320570831883046,27.442742777584407,374.8639053254438,153.9611903933171,0.09422238399084851,0.17824454791157288
387,0.15,3920R_GLUT1_WGA594_0001.nd2,3920,M,R,10.5,Homo,Experimental,30,False,10.517113783533764,False,4.2,362.3556891766882,41.234042553191486,163.504625346901,13.322386679000926,74.9167437557817,15.052728954671599,34.48936170212767,26.38066604995375,390.85615171137835,146.25393154486588,0.08824054975497943,0.18037577363765453
388,0.15,3920R_GLUT1_WGA594_0001.nd2,3920,M,R,10.5,Homo,Experimental,30,False,12.403904820012203,False,3.15,305.54118364856623,36.41153142159854,137.3575350823673,11.137888956680904,82.2620500305064,15.422208663819402,32.59487492373398,28.978340451494816,349.73062843197073,166.18395363026238,0.09319994382497816,0.1743750814592355
389,0.15,3920R_GLUT1_WGA594_0001.nd2,3920,M,R,10.5,Homo,Experimental,30,False,11.999044890162368,False,3.5999999999999996,295.02164915631965,41.70327921044253,124.6189111747851,11.577523081821077,84.4839223177332,16.818210760904172,31.944285259471506,32.274116523400195,299.86914995224447,169.81884750079598,0.10652741458919258,0.19005026237296138
390,0.15,3920R_GLUT1_WGA594_0001.nd2,3920,M,R,10.5,Homo,Experimental,30,True,48.16814683244523,False,,,,141.67317939609237,10.92776791000592,,,29.71492007104796,,350.5740082889283,,0.08476076197456765,
391,0.15,3920R_GLUT1_WGA594_0001.nd2,3920,M,R,10.5,Homo,Experimental,30,False,12.358478401031592,False,3.3,280.6827852998066,36.619277885235334,133.61637653127013,12.453578336557062,79.23565441650548,15.537395228884591,32.26918117343649,29.558027079303677,311.25564152159893,164.84461637653126,0.10367420495797582,0.1793084161862372
392,0.15,3920R_GLUT1_WGA594_0001.nd2,3920,M,R,10.5,Homo,Experimental,30,False,9.646706586826348,False,,,,145.28383233532935,11.052295409181639,,,29.969660678642715,,362.69620758483035,,0.08263020139694503,
393,0.15,3920R_GLUT1_WGA594_0001.nd2,3920,M,R,10.5,Homo,Experimental,30,False,10.653577661431065,False,5.25,395.92801047120423,50.8520942408377,141.13612565445027,11.089877835951135,70.13787085514835,14.969895287958115,30.093368237347295,28.242146596858635,342.22382198952874,141.0977312390925,0.08793475586357072,0.2001601751413128
394,0.15,3920R_GLUT1_WGA594_0001.nd2,3920,M,R,10.5,Homo,Experimental,30,False,11.018985371926549,False,3.4499999999999997,291.8649237472767,38.51696234049175,145.3921568627451,13.281668222844694,81.17117958294429,15.951447245564895,33.324929971988794,30.410208527855595,322.8085901027078,169.61157796451914,0.1032343345057386,0.17929323512465095
395,0.15,3920R_GLUT1_WGA594_0001.nd2,3920,M,R,10.5,Homo,Experimental,30,False,11.035345717234263,False,,,,141.07404540763673,11.915118679050568,,,31.286635706914346,,335.3243034055728,,0.09330261895474168,
396,0.15,3920R_GLUT1_WGA594_0001.nd2,3920,M,R,10.5,Homo,Experimental,30,False,9.906988436400201,False,6.0,458.6515837104072,56.3086978381096,149.97536450477628,11.376068376068377,69.32378079436903,14.355957767722474,31.926596279537463,27.27048768225238,383.38059326294626,140.82001005530418,0.08327650601145639,0.19365491929408649
397,0.15,3920R_GLUT1_WGA594_0001.nd2,3920,M,R,10.5,Homo,Experimental,30,False,11.09001343484102,False,3.4499999999999997,309.3439319301388,43.244066278549035,148.9758172861621,13.58038513210927,86.16345723242274,18.428571428571427,37.28347514554411,33.61083743842364,350.909986565159,167.7317510076131,0.1062479740473875,0.20038446648600294
398,0.15,3920R_GLUT1_WGA594_0001.nd2,3920,M,R,10.5,Homo,Experimental,30,False,10.651349614395887,False,4.95,365.1780205655527,47.01606683804628,134.73618251928022,10.843508997429307,75.46272493573265,15.333547557840618,28.98425449871465,28.920308483290487,317.5591259640103,151.36696658097685,0.09127199355624722,0.19106089747672242
399,0.15,3920R_GLUT1_WGA594_0001.nd2,3920,M,R,10.5,Homo,Experimental,30,False,11.884017412935323,False,,,,148.08644278606965,12.81281094527363,,,34.09950248756219,,359.65485074626866,,0.09481174080318161,
400,0.15,3920R_GLUT1_WGA594_0001.nd2,3920,M,R,10.5,Homo,Experimental,30,False,11.293793103448277,False,4.2,339.54931034482763,41.54103448275862,144.23137931034483,11.526551724137931,83.2137931034483,15.114827586206896,30.613448275862066,28.062758620689653,341.04758620689654,161.9448275862069,0.08976298180656354,0.1732859211310791
401,0.15,3920R_GLUT1_WGA594_0001.nd2,3920,M,R,10.5,Homo,Experimental,30,False,13.96390458254865,False,,,,161.278091650973,12.622410546139358,,,33.16949152542373,,363.92215944758317,,0.0911444677503933,
402,0.15,3920R_GLUT1_WGA594_0001.nd2,3920,M,R,10.5,Homo,Experimental,30,False,23.423189055842116,False,,,,144.78178963893248,12.12222471406145,,,30.776183000672795,,326.65777080062793,,0.09421537079997007,
403,0.15,3920R_GLUT1_WGA594_0001.nd2,3920,M,R,10.5,Homo,Experimental,30,False,11.05631067961165,False,3.0,267.5459546925566,32.558899676375404,146.31715210355986,12.515857605177995,90.95469255663431,15.993527508090615,31.233333333333338,29.83495145631068,322.55307443365695,182.26472491909385,0.0968316094589185,0.16369021196808228
404,0.15,3920R_GLUT1_WGA594_0001.nd2,3920,M,R,10.5,Homo,Experimental,30,False,11.576759966072943,False,4.6499999999999995,424.18956743002553,70.61747243426635,161.3303647158609,53.44189991518235,67.54283290924512,13.977947413061917,93.88549618320612,25.60517387616624,397.21543681085666,131.00466497031383,0.23635913280961401,0.19545238241682825
405,0.15,3920R_GLUT1_WGA594_0001.nd2,3920,M,R,10.5,Homo,Experimental,30,False,8.739581295245548,False,,,,,,205.06084914889456,26.58364312267658,,57.00450009782821,,395.0391312854627,,0.1443008947299342
406,0.15,3920R_GLUT1_WGA594_0001.nd2,3920,M,R,10.5,Homo,Experimental,30,False,22.021467798302545,False,,,,126.95981028457314,13.91762356465302,,,35.46455317024463,,317.79156265601586,,0.11159689978500843,
407,0.15,3920R_GLUT1_WGA594_0001.nd2,3920,M,R,10.5,Homo,Experimental,30,False,11.235573659198915,False,4.05,386.97216564833667,47.683638832315005,174.44942294636795,13.911405295315681,88.45281737949762,17.551934826883908,36.534962661235575,32.99389002036659,407.24134419551933,178.48913781398508,0.0897132945413688,0.18485096866091444
408,0.15,3920R_GLUT1_WGA594_0001.nd2,3920,M,R,10.5,Homo,Experimental,30,False,12.335276073619632,False,,,,158.46503067484664,12.195705521472393,,,32.681901840490795,,379.9156441717792,,0.08602410124947012,
409,0.15,3920R_GLUT1_WGA594_0001.nd2,3920,M,R,10.5,Homo,Experimental,30,False,13.27552,False,,,,155.51008,12.451199999999998,,,32.04224,,359.17215999999996,,0.08921136872078282,
410,0.15,3920R_GLUT1_WGA594_0001.nd2,3920,M,R,10.5,Homo,Experimental,30,False,11.329795597484276,False,4.5,365.2586477987422,50.40526729559748,150.20990566037736,13.25117924528302,81.39229559748426,16.74764150943396,34.472091194968556,32.371855345911946,349.317216981132,166.91941823899373,0.0986842031231187,0.19393702474784696
411,0.15,3920R_GLUT1_WGA594_0001.nd2,3920,M,R,10.5,Homo,Experimental,30,False,11.562768701633706,False,4.95,404.8989681857266,55.06620808254514,186.12940670679276,14.24548581255374,80.36113499570078,16.2725709372313,35.7347377472055,32.677128116938945,399.883920894239,165.21711092003437,0.08936277724619139,0.1977829532000156
412,0.15,3920R_GLUT1_WGA594_0001.nd2,3920,M,R,10.5,Homo,Experimental,30,False,10.883600917431192,False,,,,161.32626146788994,12.980504587155965,,,32.41169724770642,,353.365252293578,,0.09172293268037171,
413,0.15,3920R_GLUT1_WGA594_0001.nd2,3920,M,R,10.5,Homo,Experimental,30,True,33.07698986975398,False,3.5999999999999996,308.0778581765557,40.767004341534005,148.35687409551375,12.552243125904488,89.62923299565848,16.3232995658466,31.79826338639653,32.18726483357453,330.05528219971063,179.59710564399418,0.09634223447196934,0.17921928484403105
414,0.15,3920R_GLUT1_WGA594_0001.nd2,3920,M,R,10.5,Homo,Experimental,30,False,11.681142177275431,False,3.3,307.02052349791785,37.7674003569304,155.2091017251636,12.746876859012492,96.4241522903034,16.774241522903033,32.01546698393814,32.57525282569899,347.813503866746,192.75342058298634,0.09204779753520978,0.16899960959019314
415,0.15,3920R_GLUT1_WGA594_0001.nd2,3920,M,R,10.5,Homo,Experimental,30,False,20.67969465648855,False,,,,165.36763358778623,12.802748091603053,,,33.13343511450381,,375.9835114503817,,0.08812470256126222,
416,0.15,3920R_GLUT1_WGA594_0001.nd2,3920,M,R,10.5,Homo,Experimental,30,False,10.311136958418144,False,3.75,282.0436173306193,36.44082582145973,122.66676359406804,10.03285838906659,69.18900843268392,13.72317534166909,28.476010468159348,25.66472811863914,298.6481535330037,137.30328583890667,0.095349695390005,0.1869199849211963
417,0.15,3920R_GLUT1_WGA594_0001.nd2,3920,M,R,10.5,Homo,Experimental,30,False,11.225370531822145,False,3.5999999999999996,301.3979947689625,38.44180470793374,121.45226678291195,10.079991281604185,86.19921534437664,16.187009590235398,28.607890148212732,30.90693112467306,304.23278116826503,171.0346556233653,0.09403289822469947,0.1807056646620968
418,0.15,3920R_GLUT1_WGA594_0001.nd2,3920,M,R,10.5,Homo,Experimental,30,False,11.094416704493872,False,,,,155.12482977757602,12.492510213345438,,,34.819337267362684,,388.8810712664549,,0.08953723860605457,
419,0.15,3920R_GLUT1_WGA594_0001.nd2,3920,M,R,10.5,Homo,Experimental,30,False,17.23293556085919,False,,,,151.07398568019093,12.884486873508353,,,34.37708830548926,,345.05226730310255,,0.09962864053662793,
420,0.15,3920R_GLUT1_WGA594_0001.nd2,3920,M,R,10.5,Homo,Experimental,30,True,78.4156604463959,False,4.2,363.88547383827296,46.990486644712774,158.49615806805707,13.09330406147091,84.36992316136114,16.754482253933407,34.443834613977316,31.270032930845225,371.5517746066593,164.92096597145994,0.09270265133423475,0.18960617133576937
421,0.15,3920R_GLUT1_WGA594_0001.nd2,3920,M,R,10.5,Homo,Experimental,30,True,34.60048367593712,False,,,,159.75380894800483,13.510036275695283,,,34.87134220072552,,350.1110036275695,,0.09960081756761893,
422,0.15,3920R_GLUT1_WGA594_0001.nd2,3920,M,R,10.5,Homo,Experimental,30,False,12.21476923076923,False,5.85,463.7132307692308,61.687999999999995,170.37907692307692,13.149538461538462,66.2886153846154,14.881230769230768,36.38953846153846,26.51753846153846,412.9298461538462,126.72676923076922,0.08812523192615321,0.20924970014228067
423,0.15,3920R_GLUT1_WGA594_0001.nd2,3920,M,R,10.5,Homo,Experimental,30,True,27.02230843840931,False,,,,151.87681862269642,13.610087293889428,,,34.53475590042031,,331.40963465890724,,0.10420564850495098,
424,0.15,3920R_GLUT1_WGA594_0001.nd2,3920,M,R,10.5,Homo,Experimental,30,False,11.361987667754805,False,,,,139.50598476605006,11.04969169387015,,,29.43380486035546,,330.1378309756982,,0.0891561102626924,
425,0.15,3920R_GLUT1_WGA594_0001.nd2,3920,M,R,10.5,Homo,Experimental,30,False,22.16870042708969,False,,,,165.94935936546676,12.640024405125075,,,32.91336180597926,,370.23276388041484,,0.08889910622985887,
426,0.15,3920R_GLUT1_WGA594_0001.nd2,3920,M,R,10.5,Homo,Experimental,30,False,12.521026072329688,False,,,,177.3986543313709,16.056770395290158,,,40.128679562657695,,392.6825063078217,,0.10219115676928332,
427,0.15,3920R_GLUT1_WGA594_0001.nd2,3920,M,R,10.5,Homo,Experimental,30,False,11.434012253684385,False,,,,117.83457526080477,10.718165259148867,,,30.356019208478227,,285.43864878291106,,0.10634866489844319,
428,0.15,3920R_GLUT1_WGA594_0001.nd2,3920,M,R,10.5,Homo,Experimental,30,True,55.32699619771863,False,5.3999999999999995,387.9045627376426,53.63840304182509,164.93764258555132,12.982889733840302,67.15627376425856,14.443346007604562,33.237262357414444,27.957034220532318,362.30190114068444,132.43117870722435,0.09173913317255318,0.2111061344726007
429,0.15,3920R_GLUT1_WGA594_0001.nd2,3920,M,R,10.5,Homo,Experimental,30,False,10.12148070907195,False,4.35,305.12877997914495,41.15954118873827,138.36600625651718,10.968196037539103,76.5495307612096,15.65276329509906,28.200208550573514,29.53441084462982,309.48905109489044,149.48070907194995,0.09111859838274934,0.19758008259389476
430,0.15,3920R_GLUT1_WGA594_0001.nd2,3920,M,R,10.5,Homo,Experimental,30,True,46.07595515900252,False,,,,153.67993594143215,11.605811027224892,,,31.342255776710136,,362.5730954015099,,0.08644396447012162,
431,0.15,3920R_GLUT1_WGA594_0001.nd2,3920,M,R,10.5,Homo,Experimental,30,False,13.367191115224433,False,,,,127.65409532623785,12.75474317445627,,,35.402360018509945,,304.5013882461824,,0.11626337805030941,
432,0.15,3920R_GLUT1_WGA594_0001.nd2,3920,M,R,10.5,Homo,Experimental,30,False,20.116313454903892,False,,,,181.9014292755052,16.78758008871365,,,42.48841793987186,,415.06653523903407,,0.10236531816616597,
433,0.15,3920R_GLUT1_WGA594_0001.nd2,3920,M,R,10.5,Homo,Experimental,30,False,10.56062639821029,False,4.6499999999999995,311.0747203579418,45.47337807606264,143.30827740492168,13.592841163310963,63.3579418344519,13.413422818791947,34.1565995525727,25.553914988814316,318.05816554809843,126.76196868008948,0.10739104746363558,0.20158976114756472
434,0.15,3920R_GLUT1_WGA594_0001.nd2,3920,M,R,10.5,Homo,Experimental,30,False,12.181899109792285,False,,,,149.49881305637982,14.153412462908014,,,36.590504451038576,,341.2919881305639,,0.10721172990747324,
435,0.15,3920R_GLUT1_WGA594_0001.nd2,3920,M,R,10.5,Homo,Experimental,30,False,13.13277447268794,False,,,,145.52379664683613,11.203893996755003,,,30.184964845862627,,345.6871281773932,,0.08731874109692876,
436,0.15,3920R_GLUT1_WGA594_0002.nd2,3920,M,R,10.5,Homo,Experimental,30,False,9.401408450704226,False,3.3,339.71126760563385,62.71254801536492,110.14980793854033,20.083226632522404,106.73687580025609,19.283610755441742,59.982714468629965,38.275288092189506,324.75416133162605,212.25864276568504,0.1847019118174686,0.18032381434965677
437,0.15,3920R_GLUT1_WGA594_0002.nd2,3920,M,R,10.5,Homo,Experimental,30,False,10.02100089365505,False,3.4499999999999997,354.0612153708668,70.05808757819482,89.31590705987489,12.480786416443252,107.83824843610368,18.74888293118856,53.868185880250216,39.28060768543342,310.5107238605898,209.6081322609473,0.17348252971911995,0.18740020848299838
438,0.15,3920R_GLUT1_WGA594_0002.nd2,3920,M,R,10.5,Homo,Experimental,30,False,9.194672131147541,False,3.4499999999999997,363.2213114754098,66.27663934426229,108.33196721311475,16.614754098360656,115.09836065573771,17.600409836065573,59.23975409836065,35.38729508196721,341.2397540983606,216.12909836065575,0.17360156132712806,0.16373221074987435
439,0.15,3920R_GLUT1_WGA594_0002.nd2,3920,M,R,10.5,Homo,Experimental,30,True,37.754954954954954,False,4.05,422.76072072072077,63.760360360360366,130.48324324324324,12.737657657657659,104.26450450450449,17.653693693693693,47.067027027027024,34.383783783783784,377.1672072072072,207.61081081081082,0.12479087823022074,0.16561653822120392
440,0.15,3920R_GLUT1_WGA594_0002.nd2,3920,M,R,10.5,Homo,Experimental,30,False,9.857012473379982,False,3.5999999999999996,403.0237298448434,59.373592941892305,116.2893215698205,15.813811986613933,107.85397018557956,18.591724977182842,50.20109522360815,36.55126254943718,368.27836933373896,216.69455430483725,0.13631290731092388,0.16867642413393705
441,0.15,3920R_GLUT1_WGA594_0002.nd2,3920,M,R,10.5,Homo,Experimental,30,False,9.943938842373498,False,4.6499999999999995,460.9086275937385,78.83145249362941,132.5893702220604,13.799053512923189,91.08809610484164,16.34255551510739,52.15435020021842,33.8704040771751,384.54859847105934,189.1816527120495,0.13562486096056722,0.17903641072809912
442,0.15,3920R_GLUT1_WGA594_0002.nd2,3920,M,R,10.5,Homo,Experimental,30,False,17.82237579379903,False,2.85,321.9632050803138,78.23122898767278,88.03324617108704,23.322936122525213,132.05192379529322,25.56705267090026,79.2837131116922,50.53212551363466,301.4385506163616,252.58143444153902,0.2630178288396693,0.20006270700521547
443,0.15,3920R_GLUT1_WGA594_0002.nd2,3920,M,R,10.5,Homo,Experimental,30,False,9.866490416391276,False,4.05,476.0637805684071,78.41606080634502,92.80667547918043,15.1265697290152,118.28387309980172,21.471249173826834,60.59550561797754,41.6867151354924,364.67283542630537,239.748182419035,0.16616402356139556,0.17387708517694542
444,0.15,3920R_GLUT1_WGA594_0002.nd2,3920,M,R,10.5,Homo,Experimental,30,False,10.692392019294015,False,4.35,497.22845867134396,71.66695900021926,149.45099758824819,15.184389388292042,93.12913834685376,16.519842139881607,53.12826134619601,32.171672878754656,429.07169480377115,184.94014470510848,0.12382140791294412,0.17395721696905322
445,0.15,3920R_GLUT1_WGA594_0002.nd2,3920,M,R,10.5,Homo,Experimental,30,False,9.85164644714038,False,3.9,425.3733102253033,62.80242634315425,138.70190641247834,13.717157712305026,95.03258232235703,16.952859618717504,47.57642980935875,33.18925476603119,405.2332755632582,189.89358752166382,0.11740504217781572,0.17477817549918492
446,0.15,3920R_GLUT1_WGA594_0002.nd2,3920,M,R,10.5,Homo,Experimental,30,False,10.712379045712378,False,3.75,405.8174841508175,52.769769769769766,138.74674674674674,11.910577243910577,105.20387053720387,17.170837504170837,38.27293960627294,35.10877544210877,386.20687354020686,212.2439105772439,0.09909958167093176,0.16541711536798748
447,0.15,3920R_GLUT1_WGA594_0002.nd2,3920,M,R,10.5,Homo,Experimental,30,False,9.863103448275861,False,3.75,392.4313793103448,95.55896551724138,96.66586206896551,20.871379310344828,107.06413793103448,19.38206896551724,82.08931034482761,40.82448275862068,337.00655172413786,207.4803448275862,0.24358372240793447,0.19676313335870615
448,0.15,3920R_GLUT1_WGA594_0002.nd2,3920,M,R,10.5,Homo,Experimental,30,False,9.754227053140097,False,3.5999999999999996,426.2022946859903,74.13496376811594,119.59993961352657,17.13556763285024,108.51992753623189,18.179951690821255,60.76056763285024,38.50422705314009,391.67904589371983,213.66243961352657,0.15512846109550962,0.18021055606585173
449,0.15,3920R_GLUT1_WGA594_0002.nd2,3920,M,R,10.5,Homo,Experimental,30,False,10.934355929407884,False,3.0,374.2005607784924,63.0908791027544,142.35345538512286,18.944581890153387,117.99538182417946,20.528121392050142,60.01006102589477,42.553521359063176,394.21243608774535,240.3369619000495,0.15222772173665647,0.1770577485154372
450,0.15,3920R_GLUT1_WGA594_0002.nd2,3920,M,R,10.5,Homo,Experimental,30,False,19.960479748328744,False,3.15,366.8983484073928,54.31144317734959,153.35233975619346,19.95988989382619,106.75442390876917,18.3895005898545,53.45418796696815,37.24872198191113,399.1274085725521,216.1303578450649,0.13392763017238746,0.17234377601231396
451,0.15,3920R_GLUT1_WGA594_0002.nd2,3920,M,R,10.5,Homo,Experimental,30,False,9.123730378578024,False,3.5999999999999996,432.4053554939981,64.62388427208373,100.67990150815635,13.676823638042475,131.2176054170514,22.357032933210217,52.43859649122807,40.98738073253309,353.8174823022469,260.1803631886734,0.1482080426043862,0.15753448965251277
452,0.15,3920R_GLUT1_WGA594_0002.nd2,3920,M,R,10.5,Homo,Experimental,30,False,16.126146788990827,False,3.5999999999999996,367.84151376146787,53.83440366972477,126.24174311926606,12.459633027522937,108.3559633027523,17.691743119266054,41.35550458715596,35.35206422018348,347.07545871559637,214.0192660550459,0.11915421718434968,0.16518169075063974
453,0.15,3920R_GLUT1_WGA594_0002.nd2,3920,M,R,10.5,Homo,Experimental,30,False,10.353112133688544,False,4.35,439.74594332768226,79.41147977718576,88.82223298619522,11.320658755146525,106.88278033422135,18.789295228868973,50.816904819568904,39.793896827318974,321.74424800193754,219.08064906757082,0.1579419216820401,0.18164040044926735
454,0.15,3920R_GLUT1_WGA594_0002.nd2,3920,M,R,10.5,Homo,Experimental,30,False,10.100564221705941,False,3.4499999999999997,400.25058081646205,59.018254231662794,150.82708264188517,21.70693660803186,92.09757716561566,16.35280451377365,60.0302024560239,31.674742781281115,431.3143046797212,181.01294390972456,0.1391797160555577,0.17498606506879452
455,0.15,3920R_GLUT1_WGA594_0002.nd2,3920,M,R,10.5,Homo,Experimental,30,False,9.645645645645645,False,3.5999999999999996,368.36006006006005,78.82042042042042,96.74954954954956,15.697297297297297,100.7084084084084,18.398198198198198,64.06246246246246,38.906306306306305,320.73213213213216,202.690990990991,0.1997382115617609,0.19194886815682682
456,0.15,3920R_GLUT1_WGA594_0002.nd2,3920,M,R,10.5,Homo,Experimental,30,True,38.794002068252325,False,3.75,374.6953464322647,53.865563598759046,122.69327817993795,13.528645294725955,103.09162357807654,17.070320579110653,41.908790072388825,33.89100310237849,342.9509824198552,203.9195449844881,0.12220052491665499,0.16619791450082205
457,0.15,3920R_GLUT1_WGA594_0002.nd2,3920,M,R,10.5,Homo,Experimental,30,False,9.490985048372911,False,,,,101.28693931398416,11.04089709762533,,,36.245822339489884,,297.71437994722953,,0.12174696548387931,
458,0.15,3920R_GLUT1_WGA594_0002.nd2,3920,M,R,10.5,Homo,Experimental,30,False,10.01694428489374,False,,,,140.83572659391155,15.61315336013785,,,42.88024124066629,,339.9531878230902,,0.12613572331900277,
459,0.15,3920R_GLUT1_WGA594_0002.nd2,3920,M,R,10.5,Homo,Experimental,30,False,9.105126541207008,False,2.85,337.59117456197276,54.47306943543154,66.47631408176508,9.050940947436729,128.53569110966907,22.907852044127193,42.574302401038295,45.9179104477612,289.35334198572355,254.50032446463337,0.14713603136174896,0.18042377959381417
460,0.15,3920R_GLUT1_WGA594_0002.nd2,3920,M,R,10.5,Homo,Experimental,30,False,10.760606778857548,False,3.9,430.62479260488266,80.27945010666035,184.92486371178,49.95852097653472,89.49324484474995,17.052382081061864,100.24010429011615,34.7020621000237,454.46077269495134,184.38208106186303,0.22056932151853847,0.18820734585580812
461,0.15,3920R_GLUT1_WGA594_0002.nd2,3920,M,R,10.5,Homo,Experimental,30,False,9.982374392220422,False,3.5999999999999996,393.6140599675851,68.1444489465154,91.51195299837926,12.015397082658023,113.895056726094,20.14688006482982,48.80733387358185,42.80611831442464,314.7534440842788,237.98743922204218,0.15506528932694738,0.17986713271235524
462,0.15,3920R_GLUT1_WGA594_0002.nd2,3920,M,R,10.5,Homo,Experimental,30,False,10.052690166975882,False,3.15,350.9855287569573,43.799814471243046,119.42003710575139,12.422077922077921,104.54100185528756,16.225046382189237,39.19925788497217,31.59962894248609,356.29053803339514,207.27551020408163,0.1100204852515562,0.15245230327197543
463,0.15,3920R_GLUT1_WGA594_0002.nd2,3920,M,R,10.5,Homo,Experimental,30,False,10.048031496062992,False,4.8,478.64173228346453,102.10000000000001,146.9948818897638,47.53937007874016,81.23110236220472,14.912992125984252,112.10078740157479,30.56496062992126,425.0814960629921,168.6889763779528,0.2637159896157013,0.1811912152542768
464,0.15,3920R_GLUT1_WGA594_0002.nd2,3920,M,R,10.5,Homo,Experimental,30,False,11.241847826086957,False,,,,144.11598320158103,41.85894268774703,,,89.737895256917,,401.93231225296444,,0.22326618816463453,
465,0.15,3920R_GLUT1_WGA594_0002.nd2,3920,M,R,10.5,Homo,Experimental,30,False,9.22869429241595,False,3.4499999999999997,335.7431587177483,59.05707584050038,94.1759186864738,12.264659890539484,101.79319781078968,18.566067240031273,45.860046911649725,38.089913995308834,303.3311180609852,199.64347146207973,0.1511880719815548,0.19078967980449904
466,0.15,3920R_GLUT1_WGA594_0002.nd2,3920,M,R,10.5,Homo,Experimental,30,False,12.985737666588731,False,3.4499999999999997,405.1643675473462,56.69604863221885,97.85784428337618,11.690904839841009,125.14075286415712,21.862052840776244,42.398877718026654,42.14402618657938,346.07364975450076,245.86345569324294,0.12251403060621274,0.1714123234286649
467,0.15,3920R_GLUT1_WGA594_0002.nd2,3920,M,R,10.5,Homo,Experimental,30,False,7.371942934782608,False,,,,,,270.8111413043478,54.05298913043479,,135.1365489130435,,480.5641983695652,,0.28120394605242793
468,0.15,3920R_GLUT1_WGA594_0002.nd2,3920,M,R,10.5,Homo,Experimental,30,False,9.65739067582219,False,3.5999999999999996,357.3198409830141,63.271413082761114,97.13263462233465,14.245392121431152,112.73147813516442,18.509938561619084,52.03108059269968,36.33357426816046,315.39573545355984,213.29165160823993,0.16497078033688553,0.1703469122874794
469,0.15,3920R_GLUT1_WGA594_0002.nd2,3920,M,R,10.5,Homo,Experimental,30,False,9.683267802533857,False,5.1,405.64831804281346,54.11140235910877,148.20358235037133,16.495412844036696,76.81345565749236,14.192660550458715,39.109654871122764,27.934469200524244,358.58409785932724,157.28047182175624,0.10906689701132677,0.1776092662805716
470,0.15,3920R_GLUT1_WGA594_0002.nd2,3920,M,R,10.5,Homo,Experimental,30,False,9.11587982832618,False,4.5,402.9103004291846,55.084978540772525,155.51974248927039,17.4,75.6167381974249,13.78068669527897,45.63261802575108,27.13476394849786,398.73562231759655,152.99828326180256,0.1144432939312462,0.1773533883518568
471,0.15,3920R_GLUT1_WGA594_0002.nd2,3920,M,R,10.5,Homo,Experimental,30,False,9.699352911896465,False,3.0,325.02936784469887,61.93230462916873,90.4509706321553,14.054006968641115,121.2093081134893,19.746391239422596,52.145843703335,43.586859133897455,289.92210054753616,246.76754604280737,0.17986156834837455,0.17663124601618535
472,0.15,3920R_GLUT1_WGA594_0002.nd2,3920,M,R,10.5,Homo,Experimental,30,False,9.137102473498233,False,3.5999999999999996,369.14134275618375,65.11378091872791,61.151236749116606,8.037809187279152,116.39257950530035,19.20035335689046,47.307773851590106,36.842756183745585,288.1339222614841,219.37809187279152,0.16418675552078135,0.16794182075897174
473,0.15,3920R_GLUT1_WGA594_0002.nd2,3920,M,R,10.5,Homo,Experimental,30,False,10.127729584205802,False,3.75,329.71821717020634,52.95602752019144,92.76278791504636,10.14567753514807,89.56446305713429,15.39335925815136,38.622494765180974,31.157044570744837,283.1684116063416,180.7989829494466,0.13639407921980243,0.17232975574567636
474,0.15,3920R_GLUT1_WGA594_0002.nd2,3920,M,R,10.5,Homo,Experimental,30,False,9.439433917006477,False,3.4499999999999997,398.6668265771168,80.23698728711922,58.36171743823459,12.604461501559125,107.5955864715759,18.979131686255695,62.141520748380906,42.34468697529384,290.1688654353562,232.68817462221156,0.21415640391034574,0.1819803994940608
475,0.15,3920R_GLUT1_WGA594_0002.nd2,3920,M,R,10.5,Homo,Experimental,30,False,8.284660766961652,False,4.5,391.9587020648968,59.42502458210423,94.68780727630286,10.710914454277287,83.15830875122913,14.396017699115042,40.99557522123894,28.07399213372665,316.13102261553587,163.2052605703048,0.12967906433876275,0.17201646586405878
476,0.15,3920R_GLUT1_WGA594_0002.nd2,3920,M,R,10.5,Homo,Experimental,30,False,10.677602198557198,False,,,,115.19065613191341,20.44349020954998,,,56.7109240810718,,342.78323600137406,,0.16544252496888287,
477,0.15,3920R_GLUT1_WGA594_0002.nd2,3920,M,R,10.5,Homo,Experimental,30,False,10.137607505863956,False,,,,118.97928068803753,10.13604378420641,,,30.804925723221267,,338.1110242376857,,0.0911089065867488,
478,0.15,3920R_GLUT1_WGA594_0002.nd2,3920,M,R,10.5,Homo,Experimental,30,False,9.63409090909091,False,3.3,344.5951298701298,50.685064935064936,90.44123376623376,10.37564935064935,118.225,18.69090909090909,40.196103896103885,36.28376623376624,303.95519480519476,229.17077922077922,0.1322435167520845,0.158326320472171
479,0.15,3920R_GLUT1_WGA594_0002.nd2,3920,M,R,10.5,Homo,Experimental,30,False,9.777047805423539,False,,,,119.09784735812133,10.7070170533967,,,32.55395582890691,,341.95596868884536,,0.09519926192172595,
480,0.15,3920R_GLUT1_WGA594_0002.nd2,3920,M,R,10.5,Homo,Experimental,30,False,8.95926517571885,False,3.75,340.8714057507987,40.629392971246006,129.84345047923324,10.736421725239616,87.14376996805112,15.716453674121405,31.500399361022367,29.146964856230035,334.2559904153354,175.41134185303514,0.0942403435219845,0.1661635134212144
481,0.15,3920R_GLUT1_WGA594_0002.nd2,3920,M,R,10.5,Homo,Experimental,30,False,8.561094554321322,False,,,,,,248.3963695475481,34.150365754538065,,111.93091303169872,,502.54131671633706,,0.22272977227637364
482,0.15,3920R_GLUT1_WGA594_0002.nd2,3920,M,R,10.5,Homo,Experimental,30,False,8.349659284497445,False,3.75,355.77257240204426,72.8232538330494,81.4403747870528,13.139267461669506,93.63202725724021,15.741908006814311,58.30238500851789,32.42717206132879,301.7419080068143,182.7857751277683,0.19321938206608422,0.1774053371421382
483,0.15,3920R_GLUT1_WGA594_0002.nd2,3920,M,R,10.5,Homo,Experimental,30,False,8.922118380062305,False,3.5999999999999996,336.1183800623053,43.999221183800614,94.99727414330218,9.441978193146419,99.60319314641747,15.383177570093459,34.29984423676012,28.876168224299068,309.2815420560748,186.50155763239877,0.11090168526947312,0.15483070806955418
484,0.15,3920R_GLUT1_WGA594_0002.nd2,3920,M,R,10.5,Homo,Experimental,30,False,19.82312524538673,False,,,,114.49960738123283,12.23851590106007,,,41.98370632116216,,364.783863368669,,0.1150920052588272,
485,0.15,3920R_GLUT1_WGA594_0002.nd2,3920,M,R,10.5,Homo,Experimental,30,False,10.37513397642015,False,,,,83.12861736334405,7.814308681672026,,,32.37647374062165,,301.7918006430868,,0.10728082629027948,
486,0.15,3920R_GLUT1_WGA594_0002.nd2,3920,M,R,10.5,Homo,Experimental,30,False,9.915797317436661,False,,,,116.31110283159464,9.593144560357675,,,30.243293591654247,,307.66877794336807,,0.09829822120339121,
487,0.15,3920R_GLUT1_WGA594_0002.nd2,3920,M,R,10.5,Homo,Experimental,30,False,8.962983124659772,False,3.3,326.5100707675558,72.55634186173108,79.51769188894937,12.814915623298859,102.21012520413717,17.29613500272183,57.37833424060969,39.91616766467065,273.44148067501357,212.46761023407728,0.20983771042698565,0.18786942452402364
488,0.15,3920R_GLUT1_WGA594_0002.nd2,3920,M,R,10.5,Homo,Experimental,30,True,36.762837837837836,False,,,,194.6714527027027,28.42195945945946,,,58.89780405405405,,436.1935810810811,,0.13502675557049504,
489,0.15,3920R_GLUT1_WGA594_0002.nd2,3920,M,R,10.5,Homo,Experimental,30,False,9.594643503438292,False,3.4499999999999997,327.933405718422,46.111111111111114,78.01990589938472,7.9710459645313065,90.81831342743394,16.088309808179517,34.35830618892508,31.11364458921462,288.4419109663409,179.3792978646399,0.11911689973838248,0.17345170239596466
490,0.15,3920R_GLUT1_WGA594_0002.nd2,3920,M,R,10.5,Homo,Experimental,30,True,33.87274574549149,False,,,,110.09550419100839,10.576073152146304,,,33.8752857505715,,320.4130048260097,,0.10572381657531792,
491,0.15,3920R_GLUT1_WGA594_0002.nd2,3920,M,R,10.5,Homo,Experimental,30,False,15.781963470319635,False,3.4499999999999997,377.28767123287673,51.01141552511415,113.37442922374429,11.569634703196346,86.07762557077625,16.299086757990867,42.20776255707763,31.60958904109589,368.03652968036533,177.1175799086758,0.11468362282878412,0.17846669459572687
492,0.15,3920R_GLUT1_WGA594_0002.nd2,3920,M,R,10.5,Homo,Experimental,30,False,9.787117552334944,False,3.15,310.68309178743954,48.79210950080515,82.4780998389694,9.150402576489533,102.21046698872787,17.73993558776168,38.30692431561997,35.51368760064412,280.45958132045087,204.68824476650565,0.1365862565124876,0.1735013539304893
493,0.15,3920R_GLUT1_WGA594_0002.nd2,3920,M,R,10.5,Homo,Experimental,30,False,9.673719717877951,False,,,,115.51425942962283,10.995246856792395,,,34.373045078196874,,312.9415823367065,,0.10983853542739974,
494,0.15,3920R_GLUT1_WGA594_0002.nd2,3920,M,R,10.5,Homo,Experimental,30,False,9.54414191419142,False,,,,86.92986798679868,9.35519801980198,,,35.28341584158416,,323.32549504950487,,0.1091266119802333,
495,0.15,3920R_GLUT1_WGA594_0002.nd2,3920,M,R,10.5,Homo,Experimental,30,False,10.228859581070598,False,3.3,399.90224980605115,51.00905094388415,111.81329195758985,10.991466252909232,105.2596327902767,19.065683992759244,39.60460305146108,37.71502456684768,375.98241530902504,215.86708042410137,0.10533631744162696,0.17471410875966445
496,0.15,3920R_GLUT1_WGA594_0002.nd2,3920,M,R,10.5,Homo,Experimental,30,False,15.50055824339412,False,,,,59.98195013025679,6.742835876442129,,,37.968924451060666,,307.5677335318199,,0.12344898476527782,
497,0.15,3920R_GLUT1_WGA594_0002.nd2,3920,M,R,10.5,Homo,Experimental,30,False,9.711158569140416,False,,,,144.41751201281366,13.979177789642284,,,36.52375867592098,,364.93993593166044,,0.10008156159363307,
498,0.15,3920R_GLUT1_WGA594_0002.nd2,3920,M,R,10.5,Homo,Experimental,30,False,9.664115646258503,False,3.15,314.19104308390024,42.52182539682539,89.19047619047619,10.197562358276645,91.58843537414967,15.545634920634923,35.6828231292517,30.924603174603174,296.6678004535147,187.765306122449,0.12027871941175798,0.16469817461611383
499,0.15,3920R_GLUT1_WGA594_0002.nd2,3920,M,R,10.5,Homo,Experimental,30,False,9.99173889490791,False,3.3,336.49837486457204,48.78751354279523,77.68567172264355,9.003927410617552,104.12608342361862,17.25853196099675,36.54320151679307,34.984425785482124,286.79672264355366,210.4011375947996,0.1274184766825628,0.16627488893551887
500,0.15,3920R_GLUT1_WGA594_0002.nd2,3920,M,R,10.5,Homo,Experimental,30,False,9.259370816599732,False,4.6499999999999995,543.4350736278448,86.08701472556895,206.84069611780455,32.71017402945114,79.14056224899598,14.618808567603748,81.16666666666667,29.355087014725566,538.3651271753681,161.14859437751005,0.1507650896567587,0.18216160760271807
501,0.15,3920R_GLUT1_WGA594_0002.nd2,3920,M,R,10.5,Homo,Experimental,30,False,11.016908656496968,False,,,,82.26153280646939,14.115787539055319,,,46.190222385590886,,319.1462966366477,,0.14473056047452454,
502,0.15,3920R_GLUT1_WGA594_0002.nd2,3920,M,R,10.5,Homo,Experimental,30,False,9.719501839796207,False,3.4499999999999997,345.49504670251906,46.242853099348984,116.36258137560148,13.520803849419757,90.35550523634305,15.898669685819415,39.239456552504954,31.48683838097934,334.67959241437865,185.5157090291537,0.11724484385029725,0.16972599541977978
503,0.15,3920R_GLUT1_WGA594_0002.nd2,3920,M,R,10.5,Homo,Experimental,30,False,9.704176904176904,False,,,,161.61941031941032,21.31105651105651,,,52.97616707616707,,434.8017199017198,,0.12183982871121465,
504,0.15,3920R_GLUT1_WGA594_0002.nd2,3920,M,R,10.5,Homo,Experimental,30,False,8.582936336076223,False,2.55,359.51364226938074,321.59419662191425,99.4045041143352,72.62970983109571,182.2849718492854,56.21091381550455,271.94413165872675,234.69337375487225,300.23516673884797,392.06323083585966,0.9057704152800679,0.5986110282632662
505,0.15,3920R_GLUT1_WGA594_0002.nd2,3920,M,R,10.5,Homo,Experimental,30,True,33.703146374829004,False,3.3,381.891586867305,224.4873461012312,173.7106703146375,247.75376196990425,106.89158686730507,20.646716826265386,435.0389876880985,48.6063611491108,434.4904240766074,205.44972640218882,1.001262544767602,0.23658518315064042
506,0.15,3920R_GLUT1_WGA594_0002.nd2,3920,M,R,10.5,Homo,Experimental,30,False,7.881294964028777,False,,,,71.56344015696534,7.0614780902550685,,,24.023217789404836,,208.051013734467,,0.11546791990192068,
507,0.15,3920R_GLUT1_WGA594_0002.nd2,3920,M,R,10.5,Homo,Experimental,30,False,9.307501129688205,False,3.15,324.9591052869408,48.52236782647989,108.19136918210573,19.025305015815633,104.10009037505648,16.832128332580208,49.84319927699955,32.78513330320831,329.17487573429736,197.64075915047448,0.15141860133101978,0.16588244977468053
508,0.15,3920R_GLUT1_WGA594_0002.nd2,3920,M,R,10.5,Homo,Experimental,30,False,9.821005917159763,False,4.05,430.9922337278106,56.93639053254438,132.8346893491124,16.449704142011832,82.04400887573964,14.650517751479288,47.48002958579881,29.519230769230766,407.84911242603545,168.14238165680473,0.11641567466794339,0.17556091735088208
509,0.15,3920R_GLUT1_WGA594_0002.nd2,3920,M,R,10.5,Homo,Experimental,30,False,9.142146189735614,False,,,,91.98724727838258,8.729704510108865,,,29.126283048211505,,269.3113530326594,,0.10815096623379022,
510,0.15,3920R_GLUT1_WGA594_0002.nd2,3920,M,R,10.5,Homo,Experimental,30,True,34.92239981468612,False,3.4499999999999997,348.1927264303914,44.025017373175814,57.87769284225156,5.156821867037294,89.97892054667594,16.904794996525364,28.299050266388697,33.19620106555478,279.1174426685198,184.29186935371789,0.10138760944437529,0.18012840817106338
511,0.15,3920R_GLUT1_WGA594_0002.nd2,3920,M,R,10.5,Homo,Experimental,30,False,9.718573446327683,False,3.4499999999999997,329.6193502824859,69.14159604519774,84.71151129943502,21.227754237288135,82.46892655367232,15.95762711864407,68.67372881355932,31.87146892655367,302.60911016949154,165.90854519774012,0.22693873550302276,0.19210263635647742
512,0.15,3920R_GLUT1_WGA594_0002.nd2,3920,M,R,10.5,Homo,Experimental,30,False,10.479929754139489,False,,,,91.4919719016558,19.48118414450577,,,54.75388861013549,,312.9242348218766,,0.17497490611841748,
513,0.15,3920R_GLUT1_WGA594_0002.nd2,3920,M,R,10.5,Homo,Experimental,30,True,49.80024762690879,False,,,,251.97338010730496,38.03115971935617,,,79.15910028889806,,566.186958316137,,0.1398108860089615,
514,0.15,3920R_GLUT1_WGA594_0002.nd2,3920,M,R,10.5,Homo,Experimental,30,False,7.9672544080604535,False,,,,,,204.78085642317382,24.008186397984886,,53.81423173803527,,402.40931989924434,,0.13373008297002
515,0.15,3920R_GLUT1_WGA594_0002.nd2,3920,M,R,10.5,Homo,Experimental,30,False,10.00575953923686,False,,,,122.43676505879529,15.197024238060955,,,40.89776817854572,,319.0285577153828,,0.12819469351402746,
516,0.15,3920R_GLUT1_WGA594_0002.nd2,3920,M,R,10.5,Homo,Experimental,30,False,8.836725855348636,False,3.9,373.7899523603291,53.62148116067562,179.34603724556086,31.09614551754006,70.70376786487657,13.258120398440884,64.52403637938501,25.16717193590299,430.79514941533137,140.58683412732782,0.14977892965358605,0.1790151410132003
517,0.15,3920R_GLUT1_WGA594_0002.nd2,3920,M,R,10.5,Homo,Experimental,30,False,8.875706214689265,False,3.9,392.5280312907431,93.90525858322468,105.1199478487614,28.92785745328118,91.44806605823555,16.589308996088658,94.14211212516294,33.30769230769231,345.9904389395915,184.541938287701,0.272094548085474,0.18048847116673064
518,0.15,3920R_GLUT1_WGA594_0002.nd2,3920,M,R,10.5,Homo,Experimental,30,False,9.072675250357653,False,,,,32.132474964234625,4.401430615164521,,,15.618597997138771,,98.24749642346208,,0.15897196942118677,
519,0.15,3920R_GLUT1_WGA594_0002.nd2,3920,M,R,10.5,Homo,Experimental,30,False,11.928189300411523,False,,,,56.06502057613169,7.72716049382716,,,38.469341563786,,273.96337448559666,,0.1404178264193796,
520,0.15,3920R_GLUT1_WGA594_0002.nd2,3920,M,R,10.5,Homo,Experimental,30,False,9.744813278008298,False,,,,89.80823947836396,9.2036158861885,,,32.22999407231772,,298.6170717249555,,0.10793084898375639,
521,0.15,3920R_GLUT1_WGA594_0002.nd2,3920,M,R,10.5,Homo,Experimental,30,False,7.929388363998011,False,,,,,,208.4957732471407,62.361511685728495,,198.6176031824963,,420.86822476379905,,0.47192349409120893
522,0.15,3920R_GLUT1_WGA594_0002.nd2,3920,M,R,10.5,Homo,Experimental,30,False,11.054297135243171,False,,,,113.38341105929379,10.643904063957361,,,31.327781479013993,,303.1542305129913,,0.1033394171211194,
523,0.15,3920R_GLUT1_WGA594_0002.nd2,3920,M,R,10.5,Homo,Experimental,30,False,10.524401389142753,False,,,,80.97276549076952,8.303783586181686,,,32.44635350027417,,284.46609394991776,,0.11406053020148889,
524,0.15,3920R_GLUT1_WGA594_0002.nd2,3920,M,R,10.5,Homo,Experimental,30,False,10.229989327641409,False,,,,84.51013874066169,8.458110992529349,,,31.85912486659552,,300.5848452508004,,0.10599045617224337,
525,0.15,3920R_GLUT1_WGA594_0002.nd2,3920,M,R,10.5,Homo,Experimental,30,True,52.05259761213295,False,3.5999999999999996,310.86253630203294,41.83317199096483,55.48273636656986,5.435301710229107,79.88189738625363,14.526298806066475,27.7270087124879,28.33623749596644,247.35140367860603,162.7437883188125,0.11209561902674609,0.1741156316237164
526,0.15,3920R_GLUT1_WGA594_0002.nd2,3920,M,R,10.5,Homo,Experimental,30,False,8.764848484848486,False,4.2,330.4387878787879,43.983030303030304,90.20606060606062,10.73212121212121,64.66969696969697,13.589090909090908,34.20363636363636,25.12424242424243,301.9824242424242,126.51151515151514,0.1132636657561849,0.19859253439619826
527,0.15,3920R_GLUT1_WGA594_0002.nd2,3920,M,R,10.5,Homo,Experimental,30,False,8.432272390821614,False,3.15,272.5033308660252,41.863804589193194,89.58438193930422,16.21835677276092,83.3678756476684,14.204663212435232,42.24648408586232,28.610288675055514,265.3060695780903,171.67357512953365,0.15923677944136697,0.16665516899422675
528,0.15,3920R_GLUT1_WGA594_0002.nd2,3920,M,R,10.5,Homo,Experimental,30,False,24.378991345866904,False,,,,77.84213667561922,7.419874664279319,,,27.776186213070723,,245.7591763652641,,0.11302196981563714,
529,0.15,3920R_GLUT1_WGA594_0002.nd2,3920,M,R,10.5,Homo,Experimental,30,False,10.476356945722172,False,,,,79.35179392824287,7.715363385464582,,,28.590984360625576,,264.5184912603496,,0.10808690244828742,
530,0.15,3920R_GLUT1_WGA594_0002.nd2,3920,M,R,10.5,Homo,Experimental,30,False,11.514319809069212,False,,,,76.76706443914081,7.6584725536992835,,,30.800715990453458,,292.1463007159905,,0.10542908096035185,
531,0.15,3920R_GLUT1_WGA594_0002.nd2,3920,M,R,10.5,Homo,Experimental,30,False,8.65352390340069,False,3.0,266.94923607688514,38.19369147363233,158.5253819615574,36.94381468703795,85.17890586495811,14.395268605224247,61.343518974864466,28.18925579103006,343.18137013307046,167.4721537703302,0.17874956018468655,0.168322047315929
532,0.15,3920R_GLUT1_WGA594_0002.nd2,3920,M,R,10.5,Homo,Experimental,30,True,40.426481084939326,False,,,,152.84118486795145,10.080656673804425,,,35.70306923625982,,476.825124910778,,0.07487665261544359,
533,0.15,3920R_GLUT1_WGA594_0002.nd2,3920,M,R,10.5,Homo,Experimental,30,False,8.356385235468816,False,3.5999999999999996,266.5116673737802,38.050912176495544,45.180738226559185,4.457785320322444,71.84980907933814,13.57530759439966,24.322443784471787,26.6673737802291,208.49766652524394,146.1641917691981,0.11665571221885564,0.1824480637661135
534,0.15,3920R_GLUT1_WGA594_0002.nd2,3920,M,R,10.5,Homo,Experimental,30,True,33.90241370360758,False,3.75,319.02932779652224,46.728782766675316,63.43161173111861,8.390604723592006,75.1305476252271,15.15157020503504,34.24526343109266,28.62392940565793,264.6153646509213,147.7181417077602,0.12941524947452981,0.1937739608333714
535,0.15,3920R_GLUT1_WGA594_0002.nd2,3920,M,R,10.5,Homo,Experimental,30,False,10.516201395812562,False,,,,70.01620139581256,6.681455633100699,,,29.02268195413759,,263.5149551345962,,0.11013675462674821,
536,0.15,3920R_GLUT1_WGA594_0002.nd2,3920,M,R,10.5,Homo,Experimental,30,True,29.668450704225354,False,,,,65.0394366197183,12.323661971830985,,,42.37802816901409,,254.71915492957748,,0.1663715796353454,
537,0.15,3920R_GLUT1_WGA594_0002.nd2,3920,M,R,10.5,Homo,Experimental,30,False,22.575400801603205,False,3.3,286.0713927855712,57.405060120240485,79.67484969939879,22.27930861723447,87.5809118236473,14.914579158316633,60.32615230460922,30.846693386773552,260.4639278557114,175.38401803607212,0.23161039150890772,0.1758808683492994
538,0.15,3920R_GLUT1_WGA594_0002.nd2,3920,M,R,10.5,Homo,Experimental,30,False,9.164006314681634,False,3.4499999999999997,291.7735485002631,39.808279249254525,48.14313278372215,5.279249254516751,75.41203297667076,13.652517102262761,27.482722329415893,27.35397298719523,232.68549377302224,157.64672864409752,0.11811102567581831,0.1735143711668729
539,0.15,3920R_GLUT1_WGA594_0002.nd2,3920,M,R,10.5,Homo,Experimental,30,False,10.279912980420594,False,,,,71.115542663766,6.890016920473774,,,27.453710418177423,,257.63306744017405,,0.10656128380939513,
540,0.15,3920R_GLUT1_WGA594_0002.nd2,3920,M,R,10.5,Homo,Experimental,30,True,36.47129798903108,False,3.5999999999999996,287.8109689213894,39.10603290676417,47.98683729433272,4.750639853747715,82.76087751371114,15.182449725776967,25.270932358318095,28.579524680073128,221.9352833638026,164.17404021937844,0.11386622250997949,0.17408065636859266
541,0.15,3920R_GLUT1_WGA594_0002.nd2,3920,M,R,10.5,Homo,Experimental,30,False,10.196451204055768,False,,,,54.470849176172365,6.727714406421631,,,29.584917617237007,,227.41825095057033,,0.13009034012695547,
542,0.15,3920R_GLUT1_WGA594_0002.nd2,3920,M,R,10.5,Homo,Experimental,30,False,9.587033121916843,False,,,,68.99400986610289,6.957716701902749,,,27.307963354474985,,242.80338266384783,,0.11246945184565997,
543,0.15,3920R_GLUT1_WGA594_0002.nd2,3920,M,R,10.5,Homo,Experimental,30,False,9.439334892179787,False,,,,102.41179527149909,12.831904390750845,,,38.13224214081579,,283.0161080800208,,0.13473523609488042,
