DJID,Genotype,Eye,Sex,Age_Months,eGFP_Value,Experimental_Condition,In_Rip,Length_um,Time_Condition,GluT1_Top_Surface_Integral,GluT1_Bot_Surface_Integral,WGA_Top_Surface_Integral,WGA_Bot_Surface_Integral,GluT1_Top_Integral,GluT1_Middle_Integral,GluT1_Bottom_Integral,WGA_Top_Integral,WGA_Middle_Integral,WGA_Bottom_Integral,file_name
2006,het,L,Male,20.6,1,Light Flicker,0,5.7,30,96554,60393.0,1650682,703771.0,49895,564070.0,68318.0,917707,4086103.0,904357.0,2006L_GLUT1_647_WGA_594_040724_0001
2006,het,L,Male,20.6,0,Light Flicker,0,6.15,30,89091,34923.0,1139538,682684.0,44202,481762.0,46509.0,574072,3179938.0,886650.0,2006L_GLUT1_647_WGA_594_040724_0001
2006,het,L,Male,20.6,0,Light Flicker,0,2.4,30,882038,487805.0,612646,1088673.0,654340,1979941.0,675681.0,540552,1629936.0,2034071.0,2006L_GLUT1_647_WGA_594_040724_0001
2006,het,L,Male,20.6,0,Light Flicker,0,6.15,30,234653,97307.0,301832,844198.0,158839,1221416.0,68680.0,278822,2694260.0,584853.0,2006L_GLUT1_647_WGA_594_040724_0001
2006,het,L,Male,20.6,0,Light Flicker,0,4.65,30,135844,56705.0,1370555,1006672.0,78051,664447.0,79150.0,909941,4097076.0,1355650.0,2006L_GLUT1_647_WGA_594_040724_0001
2006,het,L,Male,20.6,0,Light Flicker,0,5.7,30,102487,146155.0,304578,1080824.0,80215,785726.0,159108.0,255374,2766489.0,1483531.0,2006L_GLUT1_647_WGA_594_040724_0001
2006,het,L,Male,20.6,0,Light Flicker,0,5.7,30,111575,61920.0,1399173,700203.0,75484,690444.0,81724.0,1066215,4443192.0,948013.0,2006L_GLUT1_647_WGA_594_040724_0001
2006,het,L,Male,20.6,0,Light Flicker,0,4.05,30,97127,36356.0,1299442,890863.0,71759,204809.0,67694.0,1010446,3274068.0,1183884.0,2006L_GLUT1_647_WGA_594_040724_0001
2006,het,L,Male,20.6,0,Light Flicker,0,4.35,30,64674,207184.0,1065806,2096300.0,57238,426973.0,481228.0,784839,6914282.0,2738901.0,2006L_GLUT1_647_WGA_594_040724_0001
2006,het,L,Male,20.6,0,Light Flicker,0,6.3,30,926355,285770.0,2057309,1992510.0,756324,5362921.0,190959.0,1529880,11136701.0,1436761.0,2006L_GLUT1_647_WGA_594_040724_0001
2006,het,L,Male,20.6,0,Light Flicker,0,2.4,30,306024,1129848.0,2831923,4752052.0,409911,1636332.0,2071734.0,5520083,9026805.0,6693410.0,2006L_GLUT1_647_WGA_594_040724_0001
2006,het,L,Male,20.6,0,Light Flicker,0,,30,155587,,240174,,213016,,,393455,,,2006L_GLUT1_647_WGA_594_040724_0001
2006,het,L,Male,20.6,0,Light Flicker,0,3.9,30,19777,38336.0,627510,1081812.0,16063,76020.0,74320.0,458841,2358124.0,1182827.0,2006L_GLUT1_647_WGA_594_040724_0001
2006,het,L,Male,20.6,0,Light Flicker,0,3.15,30,49639,99056.0,797340,1449742.0,50783,176235.0,356818.0,613922,3571232.0,1986011.0,2006L_GLUT1_647_WGA_594_040724_0001
2006,het,L,Male,20.6,0,Light Flicker,0,2.55,30,217324,331142.0,6145529,7307279.0,175820,587569.0,606985.0,4139649,16066987.0,10214222.0,2006L_GLUT1_647_WGA_594_040724_0001
2006,het,L,Male,20.6,0,Light Flicker,0,6.15,30,1171284,223679.0,569348,1600857.0,809420,4561752.0,147396.0,476020,4960653.0,1130668.0,2006L_GLUT1_647_WGA_594_040724_0001
2006,het,L,Male,20.6,0,Light Flicker,0,3.9,30,228250,398163.0,5855439,7525167.0,173061,1003907.0,747845.0,3705822,24894249.0,9500235.0,2006L_GLUT1_647_WGA_594_040724_0001
2006,het,L,Male,20.6,0,Light Flicker,0,1.95,30,64545,56448.0,1640135,2219029.0,49584,111016.0,111210.0,1135016,3142417.0,3238124.0,2006L_GLUT1_647_WGA_594_040724_0001
2006,het,L,Male,20.6,0,Light Flicker,0,6.6,30,121231,47998.0,1368909,643948.0,75352,563731.0,23034.0,1037317,5667552.0,326812.0,2006L_GLUT1_647_WGA_594_040724_0001
2006,het,L,Male,20.6,0,Light Flicker,0,5.4,30,1190371,284473.0,890326,2604694.0,827215,5080098.0,354296.0,762109,7679668.0,3585408.0,2006L_GLUT1_647_WGA_594_040724_0001
2006,het,L,Male,20.6,1,Light Flicker,0,4.2,30,1935337,526169.0,755831,3099507.0,1318236,5593285.0,583524.0,611827,6925858.0,4105237.0,2006L_GLUT1_647_WGA_594_040724_0001
2006,het,L,Male,20.6,0,Light Flicker,0,4.65,30,446579,88296.0,557773,829896.0,272825,1238834.0,97155.0,456646,2872856.0,1011140.0,2006L_GLUT1_647_WGA_594_040724_0001
2006,het,L,Male,20.6,0,Light Flicker,0,4.2,30,406207,213348.0,1025769,1300215.0,201835,1935515.0,253018.0,606880,3943120.0,1774991.0,2006L_GLUT1_647_WGA_594_040724_0001
2006,het,L,Male,20.6,0,Light Flicker,0,4.95,30,916556,177128.0,684683,1303264.0,630494,2613239.0,186992.0,558180,4581286.0,1681963.0,2006L_GLUT1_647_WGA_594_040724_0001
2006,het,L,Male,20.6,0,Light Flicker,0,5.1,30,1111753,177005.0,1086025,1703010.0,1138211,2897442.0,194503.0,1048980,4904294.0,1868472.0,2006L_GLUT1_647_WGA_594_040724_0001
2006,het,L,Male,20.6,0,Light Flicker,0,4.65,30,1391667,501131.0,1167238,3786859.0,856167,5400098.0,578299.0,915662,10957417.0,4934231.0,2006L_GLUT1_647_WGA_594_040724_0001
2006,het,L,Male,20.6,0,Light Flicker,0,4.05,30,861607,367132.0,806671,1880653.0,473041,3543695.0,383904.0,584804,5458956.0,2474193.0,2006L_GLUT1_647_WGA_594_040724_0001
2006,het,L,Male,20.6,1,Light Flicker,0,4.95,30,1824597,577519.0,995267,2874318.0,1065273,8269314.0,629249.0,810130,8170183.0,4137350.0,2006L_GLUT1_647_WGA_594_040724_0001
2006,het,L,Male,20.6,0,Light Flicker,0,5.7,30,232251,56968.0,125979,417396.0,151153,933040.0,50713.0,107525,1286000.0,356883.0,2006L_GLUT1_647_WGA_594_040724_0001
2006,het,L,Male,20.6,0,Light Flicker,0,4.8,30,663173,232141.0,452834,1751687.0,433278,2591281.0,288840.0,398654,4780116.0,2364909.0,2006L_GLUT1_647_WGA_594_040724_0001
2006,het,L,Male,20.6,0,Light Flicker,0,5.25,30,61793,31080.0,869112,486184.0,31204,296590.0,39016.0,610787,2223717.0,671780.0,2006L_GLUT1_647_WGA_594_040724_0001
2006,het,L,Male,20.6,0,Light Flicker,0,5.1,30,39744,16322.0,685107,405204.0,18727,130527.0,23719.0,429181,1858134.0,536021.0,2006L_GLUT1_647_WGA_594_040724_0001
2006,het,L,Male,20.6,0,Light Flicker,0,5.25,30,456504,177859.0,1718925,1287584.0,205122,2765592.0,197191.0,1086278,4779344.0,1762474.0,2006L_GLUT1_647_WGA_594_040724_0001
2006,het,L,Male,20.6,1,Light Flicker,0,4.65,30,1989671,1246653.0,922350,3043392.0,1440902,8438612.0,1496728.0,804012,6997082.0,4200138.0,2006L_GLUT1_647_WGA_594_040724_0001
2006,het,L,Male,20.6,0,Light Flicker,0,3.9,30,606679,596344.0,458100,1803179.0,361835,2877944.0,647929.0,402149,3755016.0,2490210.0,2006L_GLUT1_647_WGA_594_040724_0001
2006,het,L,Male,20.6,0,Light Flicker,0,4.35,30,430957,362439.0,1105820,1507695.0,208876,2321398.0,345861.0,649815,4504867.0,1971547.0,2006L_GLUT1_647_WGA_594_040724_0001
2006,het,L,Male,20.6,0,Light Flicker,0,5.25,30,567515,426876.0,576085,1406686.0,331532,2628768.0,493723.0,426909,3521970.0,1773524.0,2006L_GLUT1_647_WGA_594_040724_0001
2006,het,L,Male,20.6,0,Light Flicker,0,4.8,30,320740,158260.0,976175,724487.0,159403,1627773.0,189919.0,535737,2760629.0,977564.0,2006L_GLUT1_647_WGA_594_040724_0001
2006,het,L,Male,20.6,0,Light Flicker,0,5.1,30,122066,30621.0,2209560,748873.0,113014,294550.0,41040.0,1947389,3976195.0,919333.0,2006L_GLUT1_647_WGA_594_040724_0002
2006,het,L,Male,20.6,0,Light Flicker,0,4.8,30,39140,12294.0,882442,345424.0,32673,102249.0,18748.0,706512,1914893.0,469821.0,2006L_GLUT1_647_WGA_594_040724_0002
2006,het,L,Male,20.6,1,Light Flicker,0,5.7,30,114975,44307.0,2217186,1448386.0,87490,349547.0,62764.0,1667915,6448288.0,1799079.0,2006L_GLUT1_647_WGA_594_040724_0002
2006,het,L,Male,20.6,0,Light Flicker,0,3.6,30,74004,51101.0,1410554,1047744.0,53422,288673.0,67541.0,968911,2817232.0,1430799.0,2006L_GLUT1_647_WGA_594_040724_0002
2006,het,L,Male,20.6,0,Light Flicker,0,3.0,30,96065,64376.0,962717,1510918.0,249955,225170.0,86851.0,3151585,3107622.0,1949700.0,2006L_GLUT1_647_WGA_594_040724_0002
2006,het,L,Male,20.6,0,Light Flicker,0,5.1,30,78376,49386.0,1952322,1260595.0,63685,460672.0,64817.0,1446223,5170760.0,1557303.0,2006L_GLUT1_647_WGA_594_040724_0002
2006,het,L,Male,20.6,0,Light Flicker,0,4.65,30,41779,13079.0,581854,355442.0,35351,125756.0,18493.0,485877,1387601.0,466138.0,2006L_GLUT1_647_WGA_594_040724_0002
2006,het,L,Male,20.6,0,Light Flicker,0,4.2,30,24383,7834.0,401539,173873.0,19246,62065.0,10334.0,301372,816981.0,231077.0,2006L_GLUT1_647_WGA_594_040724_0002
2006,het,L,Male,20.6,0,Light Flicker,0,4.65,30,156673,67284.0,2315935,1541281.0,115591,549535.0,88695.0,1659094,6142410.0,2055011.0,2006L_GLUT1_647_WGA_594_040724_0002
2006,het,L,Male,20.6,0,Light Flicker,0,3.75,30,133642,78309.0,2346124,1848897.0,91666,624610.0,100572.0,1541586,5094315.0,2475772.0,2006L_GLUT1_647_WGA_594_040724_0002
2006,het,L,Male,20.6,0,Light Flicker,0,4.35,30,26364,8609.0,548320,254632.0,21219,74818.0,13436.0,430788,1289791.0,345612.0,2006L_GLUT1_647_WGA_594_040724_0002
2006,het,L,Male,20.6,0,Light Flicker,0,3.75,30,208348,90340.0,4221481,1924078.0,181848,578876.0,116874.0,3407888,8108491.0,2546568.0,2006L_GLUT1_647_WGA_594_040724_0002
2006,het,L,Male,20.6,0,Light Flicker,0,4.2,30,157095,76486.0,2608421,1583892.0,129639,581766.0,103083.0,2013617,5285188.0,2177010.0,2006L_GLUT1_647_WGA_594_040724_0002
2006,het,L,Male,20.6,0,Light Flicker,0,3.75,30,299671,172859.0,4715347,3548239.0,205519,1040290.0,216028.0,3180818,11703184.0,4745027.0,2006L_GLUT1_647_WGA_594_040724_0002
2006,het,L,Male,20.6,1,Light Flicker,0,3.15,30,238787,145865.0,3368142,2567404.0,167143,837651.0,175664.0,2540668,6070527.0,3411010.0,2006L_GLUT1_647_WGA_594_040724_0002
2006,het,L,Male,20.6,0,Light Flicker,0,3.3,30,84456,36166.0,1801689,947757.0,76182,223194.0,57078.0,1584416,3772301.0,1356458.0,2006L_GLUT1_647_WGA_594_040724_0002
2006,het,L,Male,20.6,0,Light Flicker,0,4.95,30,30710,13102.0,740924,377917.0,25617,120827.0,17709.0,570335,1859594.0,455477.0,2006L_GLUT1_647_WGA_594_040724_0002
2006,het,L,Male,20.6,0,Light Flicker,0,5.55,30,282250,41014.0,2114069,1111132.0,236965,570642.0,55027.0,1472706,5405794.0,1372694.0,2006L_GLUT1_647_WGA_594_040724_0002
2006,het,L,Male,20.6,0,Light Flicker,0,4.05,30,98776,49699.0,1092330,1313415.0,238513,275658.0,65411.0,3311541,3965347.0,1627047.0,2006L_GLUT1_647_WGA_594_040724_0002
2006,het,L,Male,20.6,0,Light Flicker,0,4.65,30,119774,64043.0,2192129,1404168.0,87359,533503.0,86298.0,1662793,5230137.0,1826175.0,2006L_GLUT1_647_WGA_594_040724_0002
2006,het,L,Male,20.6,0,Light Flicker,0,3.9,30,143208,74375.0,2828758,1550549.0,113185,475186.0,93711.0,2059888,6219171.0,2060440.0,2006L_GLUT1_647_WGA_594_040724_0002
2006,het,L,Male,20.6,0,Light Flicker,0,3.6,30,25829,17963.0,560390,375331.0,19127,98117.0,26157.0,373597,1246320.0,484393.0,2006L_GLUT1_647_WGA_594_040724_0002
2006,het,L,Male,20.6,0,Light Flicker,0,3.75,30,201404,84313.0,1784498,2042902.0,418043,501940.0,111935.0,5275604,6168471.0,2574369.0,2006L_GLUT1_647_WGA_594_040724_0002
2006,het,L,Male,20.6,1,Light Flicker,0,3.0,30,517813,172047.0,1620997,2784136.0,805294,1053731.0,206313.0,5187094,5327525.0,3635545.0,2006L_GLUT1_647_WGA_594_040724_0002
2006,het,L,Male,20.6,0,Light Flicker,0,3.6,30,102896,49066.0,2133202,967722.0,83562,302612.0,63512.0,1733167,3892424.0,1293543.0,2006L_GLUT1_647_WGA_594_040724_0002
2006,het,L,Male,20.6,0,Light Flicker,0,3.6,30,344735,120047.0,3982888,2165643.0,245778,891214.0,147624.0,2958056,7976365.0,2821132.0,2006L_GLUT1_647_WGA_594_040724_0002
2006,het,L,Male,20.6,0,Light Flicker,0,5.25,30,195745,77006.0,3179258,1669969.0,132914,811857.0,96265.0,2288275,8616857.0,2086900.0,2006L_GLUT1_647_WGA_594_040724_0002
2006,het,L,Male,20.6,1,Light Flicker,0,4.2,30,348251,99085.0,4311964,1872880.0,225711,948018.0,127707.0,2816990,9195811.0,2580520.0,2006L_GLUT1_647_WGA_594_040724_0002
2006,het,L,Male,20.6,1,Light Flicker,0,4.5,30,150674,45578.0,1938425,891526.0,101588,427422.0,61875.0,1330880,4294850.0,1201982.0,2006L_GLUT1_647_WGA_594_040724_0002
2006,het,L,Male,20.6,0,Light Flicker,0,5.7,30,142241,47266.0,2736065,1205447.0,98895,575055.0,66602.0,1978455,6486209.0,1598453.0,2006L_GLUT1_647_WGA_594_040724_0002
2006,het,L,Male,20.6,1,Light Flicker,0,3.3,30,787930,289414.0,2582941,2560778.0,458193,2614215.0,316025.0,1699800,6562176.0,3430601.0,2006L_GLUT1_647_WGA_594_040724_0002
2006,het,L,Male,20.6,0,Light Flicker,0,5.4,30,233860,106850.0,3177155,1530787.0,152545,1111016.0,136365.0,2424714,7401251.0,2109294.0,2006L_GLUT1_647_WGA_594_040724_0002
2006,het,L,Male,20.6,0,Light Flicker,0,6.15,30,132778,32116.0,2549991,860400.0,84504,420307.0,54333.0,1605538,7048176.0,1228555.0,2006L_GLUT1_647_WGA_594_040724_0002
2006,het,L,Male,20.6,0,Light Flicker,0,3.75,30,9530,5794.0,248285,132714.0,8060,25306.0,8256.0,188580,531054.0,176946.0,2006L_GLUT1_647_WGA_594_040724_0002
2006,het,L,Male,20.6,0,Light Flicker,0,4.95,30,37126,8710.0,368810,186528.0,24652,96865.0,10716.0,259329,800470.0,224153.0,2006L_GLUT1_647_WGA_594_040724_0002
2006,het,L,Male,20.6,0,Light Flicker,0,5.1,30,111811,51416.0,1904263,1081829.0,76382,465662.0,65521.0,1246095,4807145.0,1428703.0,2006L_GLUT1_647_WGA_594_040724_0002
2006,het,L,Male,20.6,0,Light Flicker,0,5.1,30,294736,146659.0,4267173,2344628.0,193676,1421062.0,192513.0,3229018,11096552.0,3195499.0,2006L_GLUT1_647_WGA_594_040724_0002
2006,het,L,Male,20.6,0,Light Flicker,0,3.15,30,290389,144435.0,3200521,1972855.0,199096,704482.0,173789.0,2542874,5346370.0,2558116.0,2006L_GLUT1_647_WGA_594_040724_0002
2006,het,L,Male,20.6,0,Light Flicker,0,4.5,30,124038,42657.0,1677755,845706.0,81664,402761.0,55551.0,1187494,3822324.0,1127545.0,2006L_GLUT1_647_WGA_594_040724_0002
2006,het,L,Male,20.6,0,Light Flicker,0,3.75,30,140789,57751.0,2159959,1060170.0,108152,397984.0,76009.0,1694028,4271211.0,1406245.0,2006L_GLUT1_647_WGA_594_040724_0002
2006,het,L,Male,20.6,0,Light Flicker,0,4.65,30,213474,44234.0,461723,719422.0,134433,623948.0,52438.0,354943,2106936.0,874415.0,2006L_GLUT1_647_WGA_594_040724_0002
2006,het,L,Male,20.6,1,Light Flicker,0,4.65,30,174101,135161.0,3233890,1670897.0,107507,940734.0,165421.0,1855735,9303013.0,2239040.0,2006L_GLUT1_647_WGA_594_040724_0002
2006,het,L,Male,20.6,0,Light Flicker,0,5.1,30,35486,15623.0,581883,270624.0,23986,149306.0,18486.0,382599,1294147.0,356591.0,2006L_GLUT1_647_WGA_594_040724_0002
2006,het,L,Male,20.6,0,Light Flicker,0,5.7,30,321345,68868.0,2956314,1827071.0,169061,1165673.0,107201.0,1765807,9397603.0,2529893.0,2006L_GLUT1_647_WGA_594_040724_0002
2006,het,L,Male,20.6,1,Light Flicker,0,5.25,30,115639,75471.0,2028186,1111194.0,68323,577135.0,92830.0,1156504,6275194.0,1451382.0,2006L_GLUT1_647_WGA_594_040724_0002
2006,het,L,Male,20.6,0,Light Flicker,0,4.95,30,129415,46334.0,2116127,1018043.0,83988,380683.0,64723.0,1354397,5492587.0,1303459.0,2006L_GLUT1_647_WGA_594_040724_0002
2006,het,L,Male,20.6,0,Light Flicker,0,5.7,30,366868,121722.0,4304170,2272329.0,212602,1718476.0,150549.0,2556196,13203800.0,2951612.0,2006L_GLUT1_647_WGA_594_040724_0002
2006,het,L,Male,20.6,0,Light Flicker,0,5.1,30,120524,52608.0,1938732,941384.0,73181,541896.0,61396.0,1196665,4707564.0,1203802.0,2006L_GLUT1_647_WGA_594_040724_0002
2006,het,L,Male,20.6,1,Light Flicker,0,5.1,30,54125,21773.0,584639,367085.0,33895,190585.0,24899.0,373033,1799893.0,483423.0,2006L_GLUT1_647_WGA_594_040724_0002
2006,het,L,Male,20.6,0,Light Flicker,0,4.2,30,813893,133228.0,617265,1400684.0,450931,2257498.0,154331.0,426123,3707181.0,1806715.0,2006L_GLUT1_647_WGA_594_040724_0002
2006,het,L,Male,20.6,0,Light Flicker,0,4.5,30,22619,15009.0,329714,217322.0,14449,95581.0,18031.0,236864,786651.0,279093.0,2006L_GLUT1_647_WGA_594_040724_0002
2006,het,L,Male,20.6,1,Light Flicker,0,5.1,30,220532,102438.0,2764752,1753332.0,137879,857562.0,117293.0,1837792,8503487.0,2259083.0,2006L_GLUT1_647_WGA_594_040724_0002
2006,het,L,Male,20.6,0,Light Flicker,0,4.95,30,36228,25573.0,489034,306182.0,20966,215149.0,28443.0,299830,1342293.0,385652.0,2006L_GLUT1_647_WGA_594_040724_0002
2006,het,L,Male,20.6,0,Light Flicker,0,4.8,30,153915,57338.0,1250767,934353.0,83662,559748.0,69333.0,799809,4021250.0,1166623.0,2006L_GLUT1_647_WGA_594_040724_0002
2006,het,L,Male,20.6,0,Light Flicker,0,4.5,30,89520,32545.0,1087945,599557.0,61808,258051.0,42591.0,725203,3015173.0,770796.0,2006L_GLUT1_647_WGA_594_040724_0002
2006,het,L,Male,20.6,0,Light Flicker,0,5.25,30,241076,128250.0,3381155,1855080.0,132265,1267219.0,155867.0,1821222,10791597.0,2478839.0,2006L_GLUT1_647_WGA_594_040724_0002
2006,het,L,Male,20.6,0,Light Flicker,0,4.8,30,197614,87441.0,2027624,1507205.0,100419,838763.0,107609.0,1121486,6853751.0,1941559.0,2006L_GLUT1_647_WGA_594_040724_0002
2006,het,L,Male,20.6,0,Light Flicker,0,4.65,30,246421,98542.0,2364777,1994329.0,134730,1130777.0,123147.0,1490347,7729254.0,2603673.0,2006L_GLUT1_647_WGA_594_040724_0002
2006,het,L,Male,20.6,0,Light Flicker,0,4.95,30,463769,74870.0,877853,1047887.0,305712,1155946.0,84281.0,602553,3946559.0,1376751.0,2006L_GLUT1_647_WGA_594_040724_0002
2006,het,L,Male,20.6,0,Light Flicker,0,4.05,30,221088,97220.0,2630458,1463010.0,134435,649243.0,138432.0,1714749,5959676.0,2033778.0,2006L_GLUT1_647_WGA_594_040724_0002
2006,het,L,Male,20.6,0,Light Flicker,0,4.95,30,137732,88865.0,1662818,1317869.0,70087,920870.0,106685.0,812893,5946678.0,1722490.0,2006L_GLUT1_647_WGA_594_040724_0002
2006,het,L,Male,20.6,0,Light Flicker,0,3.6,30,91850,44633.0,1331739,829164.0,57483,275122.0,60331.0,869677,2873917.0,1094640.0,2006L_GLUT1_647_WGA_594_040724_0002
2006,het,L,Male,20.6,0,Light Flicker,0,4.8,30,74514,40782.0,1108843,786560.0,43219,351129.0,53575.0,586854,3251517.0,1066754.0,2006L_GLUT1_647_WGA_594_040724_0002
2006,het,L,Male,20.6,0,Light Flicker,0,5.1,30,61581,26446.0,1059883,460155.0,40186,197895.0,39475.0,706451,2830689.0,622290.0,2006L_GLUT1_647_WGA_594_040724_0002
2006,het,L,Male,20.6,0,Light Flicker,0,4.8,30,231560,116300.0,3323807,2253164.0,133237,1106244.0,147193.0,1796818,9778591.0,3041704.0,2006L_GLUT1_647_WGA_594_040724_0002
2006,het,L,Male,20.6,0,Light Flicker,0,4.8,30,79517,14969.0,863559,378262.0,52986,180907.0,24938.0,618847,2192315.0,483833.0,2006L_GLUT1_647_WGA_594_040724_0002
2006,het,L,Male,20.6,0,Light Flicker,0,3.3,30,114035,62437.0,1548067,991237.0,69590,349507.0,79497.0,1148714,3221471.0,1293717.0,2006L_GLUT1_647_WGA_594_040724_0002
2006,het,L,Male,20.6,0,Light Flicker,0,4.2,30,98923,85511.0,1386701,970901.0,49295,557595.0,105839.0,791000,4059317.0,1297802.0,2006L_GLUT1_647_WGA_594_040724_0002
2006,het,L,Male,20.6,0,Light Flicker,0,6.6,30,110128,46713.0,1520485,1211173.0,54074,671164.0,59650.0,732006,6805527.0,1439000.0,2006L_GLUT1_647_WGA_594_040724_0002
2006,het,L,Male,20.6,1,Light Flicker,0,4.65,30,139909,127390.0,2268897,1266950.0,84322,817854.0,136797.0,1488954,6052943.0,1651250.0,2006L_GLUT1_647_WGA_594_040724_0002
2006,het,L,Male,20.6,0,Light Flicker,0,4.35,30,15274,18079.0,429099,241606.0,9551,113478.0,21411.0,334798,1007935.0,319051.0,2006L_GLUT1_647_WGA_594_040724_0002
2006,het,L,Male,20.6,0,Light Flicker,0,5.85,30,235832,107088.0,4269058,2478017.0,121619,1436589.0,146604.0,2229704,14368849.0,3294189.0,2006L_GLUT1_647_WGA_594_040724_0002
2006,het,L,Male,20.6,0,Light Flicker,0,5.4,30,144179,68353.0,2264507,1188109.0,68799,655272.0,98742.0,1186591,7619524.0,1634314.0,2006L_GLUT1_647_WGA_594_040724_0002
2006,het,L,Male,20.6,0,Light Flicker,0,5.25,30,103472,37479.0,999035,612154.0,55328,374904.0,53547.0,630928,3083258.0,823746.0,2006L_GLUT1_647_WGA_594_040724_0002
2006,het,L,Male,20.6,0,Light Flicker,0,4.8,30,106194,55112.0,1561701,996480.0,49972,490187.0,71637.0,892196,4710596.0,1257670.0,2006L_GLUT1_647_WGA_594_040724_0002
2006,het,L,Male,20.6,0,Light Flicker,0,5.4,30,160467,74336.0,2064128,1267217.0,88035,824612.0,96306.0,1210898,6014580.0,1749483.0,2006L_GLUT1_647_WGA_594_040724_0002
2006,het,L,Male,20.6,0,Light Flicker,0,3.3,30,283891,145598.0,3374613,1877633.0,147231,911430.0,199102.0,2101237,8041514.0,2585831.0,2006L_GLUT1_647_WGA_594_040724_0002
2006,het,L,Male,20.6,1,Light Flicker,0,3.6,30,115591,83612.0,1989607,1113407.0,58937,462159.0,101152.0,1251309,4816619.0,1490694.0,2006L_GLUT1_647_WGA_594_040724_0002
2006,het,L,Male,20.6,0,Light Flicker,0,4.2,30,122886,40013.0,2033794,1013525.0,88305,242762.0,69069.0,1358084,5344832.0,1426625.0,2006L_GLUT1_647_WGA_594_040724_0002
2006,het,L,Male,20.6,0,Light Flicker,0,4.35,30,84124,36982.0,565372,673420.0,164079,284426.0,48429.0,1452413,1957660.0,839368.0,2006L_GLUT1_647_WGA_594_040724_0002
2006,het,L,Male,20.6,0,Light Flicker,0,4.95,30,235535,131471.0,4464654,2872477.0,134282,1242193.0,162798.0,2510918,12084547.0,3885251.0,2006L_GLUT1_647_WGA_594_040724_0002
2006,het,L,Male,20.6,0,Light Flicker,0,5.85,30,96239,71824.0,1697399,1326247.0,51449,897189.0,89184.0,920923,6007397.0,1695536.0,2006L_GLUT1_647_WGA_594_040724_0002
2006,het,L,Male,20.6,1,Light Flicker,0,4.05,30,14280,10824.0,283611,148830.0,7411,54842.0,12681.0,185507,616825.0,191681.0,2006L_GLUT1_647_WGA_594_040724_0002
2006,het,L,Male,20.6,0,Light Flicker,0,5.25,30,70231,42806.0,969012,649693.0,31992,446788.0,52485.0,489514,3213564.0,865758.0,2006L_GLUT1_647_WGA_594_040724_0002
2006,het,L,Male,20.6,0,Light Flicker,0,5.1,30,112722,80198.0,1338653,870255.0,59588,697109.0,95836.0,793618,4302904.0,1197145.0,2006L_GLUT1_647_WGA_594_040724_0002
2006,het,L,Male,20.6,0,Light Flicker,0,5.55,30,82773,31110.0,699568,538253.0,40041,437653.0,40443.0,377944,2749607.0,730653.0,2006L_GLUT1_647_WGA_594_040724_0002
2006,het,L,Male,20.6,0,Light Flicker,0,5.25,30,25178,20203.0,683356,318040.0,11203,176762.0,26548.0,307568,1599028.0,427592.0,2006L_GLUT1_647_WGA_594_040724_0003
2006,het,L,Male,20.6,0,Light Flicker,0,3.0,30,104706,100463.0,1448305,770664.0,55937,276686.0,186848.0,849496,2697567.0,1079669.0,2006L_GLUT1_647_WGA_594_040724_0003
2006,het,L,Male,20.6,0,Light Flicker,0,2.85,30,99454,188508.0,1949554,3450969.0,57988,422064.0,272757.0,1051552,7189296.0,4192561.0,2006L_GLUT1_647_WGA_594_040724_0003
2006,het,L,Male,20.6,0,Light Flicker,0,5.85,30,33943,23188.0,968075,428278.0,24899,242257.0,17038.0,825511,2759746.0,303675.0,2006L_GLUT1_647_WGA_594_040724_0003
2006,het,L,Male,20.6,0,Light Flicker,0,2.4,30,121581,194090.0,1744846,2304568.0,138750,333472.0,384915.0,2073120,4832466.0,3271389.0,2006L_GLUT1_647_WGA_594_040724_0003
2006,het,L,Male,20.6,0,Light Flicker,0,2.55,30,33677,92250.0,1205720,2961475.0,16852,152159.0,152318.0,692848,4685343.0,3418920.0,2006L_GLUT1_647_WGA_594_040724_0003
2006,het,L,Male,20.6,0,Light Flicker,0,4.8,30,80358,31381.0,1846959,768748.0,126519,275515.0,19608.0,3056813,4720723.0,441689.0,2006L_GLUT1_647_WGA_594_040724_0003
2006,het,L,Male,20.6,0,Light Flicker,0,4.95,30,61130,35287.0,1511251,860408.0,35528,277817.0,51292.0,910363,4952735.0,1190112.0,2006L_GLUT1_647_WGA_594_040724_0003
2006,het,L,Male,20.6,0,Light Flicker,0,5.1,30,60069,28920.0,1413307,509448.0,85990,303863.0,16305.0,2481073,2741713.0,289804.0,2006L_GLUT1_647_WGA_594_040724_0003
2006,het,L,Male,20.6,0,Light Flicker,0,,30,34153,,914804,,29079,,,813280,,,2006L_GLUT1_647_WGA_594_040724_0003
2006,het,L,Male,20.6,0,Light Flicker,0,3.0,30,69868,125190.0,2020285,4307958.0,42430,265210.0,223633.0,1302740,8235565.0,5785713.0,2006L_GLUT1_647_WGA_594_040724_0003
2006,het,L,Male,20.6,0,Light Flicker,0,5.7,30,84775,34647.0,1799236,855771.0,68085,300925.0,35956.0,1303796,5204808.0,835428.0,2006L_GLUT1_647_WGA_594_040724_0003
2006,het,L,Male,20.6,0,Light Flicker,0,4.95,30,60477,43195.0,1402739,814250.0,28319,405362.0,54775.0,691850,3977163.0,1076857.0,2006L_GLUT1_647_WGA_594_040724_0003
2006,het,L,Male,20.6,0,Light Flicker,0,,30,43153,,1254949,,31975,,,915932,,,2006L_GLUT1_647_WGA_594_040724_0003
2006,het,L,Male,20.6,1,Light Flicker,0,4.95,30,91198,88271.0,2573200,1225302.0,50610,594496.0,125405.0,1617488,7169853.0,1708014.0,2006L_GLUT1_647_WGA_594_040724_0003
2006,het,L,Male,20.6,1,Light Flicker,0,4.35,30,126202,65318.0,2868306,1334808.0,66440,484466.0,81956.0,1647227,6171898.0,1768074.0,2006L_GLUT1_647_WGA_594_040724_0003
2006,het,L,Male,20.6,0,Light Flicker,0,4.65,30,138295,98752.0,2563870,1437797.0,71679,796471.0,126565.0,1466342,7563505.0,1954999.0,2006L_GLUT1_647_WGA_594_040724_0003
2006,het,L,Male,20.6,0,Light Flicker,0,6.15,30,196961,63840.0,2547408,1233495.0,128972,759835.0,46618.0,1679398,7813854.0,865084.0,2006L_GLUT1_647_WGA_594_040724_0003
2006,het,L,Male,20.6,0,Light Flicker,0,4.35,30,102780,60470.0,2921337,1407727.0,60830,392153.0,81608.0,1698470,6480813.0,1884508.0,2006L_GLUT1_647_WGA_594_040724_0003
2006,het,L,Male,20.6,0,Light Flicker,0,4.95,30,55614,24844.0,1845968,643082.0,30110,162842.0,43801.0,975401,3859734.0,894055.0,2006L_GLUT1_647_WGA_594_040724_0003
2006,het,L,Male,20.6,0,Light Flicker,0,4.65,30,122104,61098.0,2184084,1303482.0,69028,466906.0,82795.0,1302478,5362024.0,1759740.0,2006L_GLUT1_647_WGA_594_040724_0003
2006,het,L,Male,20.6,0,Light Flicker,0,4.5,30,66822,42996.0,1511901,648148.0,35044,323587.0,54467.0,863450,2983463.0,857827.0,2006L_GLUT1_647_WGA_594_040724_0003
2006,het,L,Male,20.6,0,Light Flicker,0,4.8,30,48727,28915.0,1044935,401248.0,23287,238268.0,40305.0,533648,2337245.0,559629.0,2006L_GLUT1_647_WGA_594_040724_0003
2006,het,L,Male,20.6,0,Light Flicker,0,3.3,30,201244,44286.0,3328536,1154057.0,137781,331114.0,84122.0,2040483,6065931.0,1928365.0,2006L_GLUT1_647_WGA_594_040724_0003
2006,het,L,Male,20.6,0,Light Flicker,0,5.4,30,14793,8058.0,315780,116486.0,7003,78579.0,10077.0,162714,689039.0,155647.0,2006L_GLUT1_647_WGA_594_040724_0003
2006,het,L,Male,20.6,1,Light Flicker,0,4.35,30,106399,64454.0,2487725,1227140.0,53413,441708.0,81376.0,1360169,5809687.0,1622076.0,2006L_GLUT1_647_WGA_594_040724_0003
2006,het,L,Male,20.6,0,Light Flicker,0,4.8,30,37454,21223.0,1075345,464783.0,19216,164632.0,29404.0,571542,2324323.0,642051.0,2006L_GLUT1_647_WGA_594_040724_0003
2006,het,L,Male,20.6,0,Light Flicker,0,4.5,30,113580,61097.0,1697292,799670.0,62255,547731.0,78457.0,1000124,4006250.0,1073050.0,2006L_GLUT1_647_WGA_594_040724_0003
2006,het,L,Male,20.6,0,Light Flicker,0,4.8,30,52037,23406.0,1271030,644371.0,28090,145414.0,36849.0,638471,3170301.0,891788.0,2006L_GLUT1_647_WGA_594_040724_0003
2006,het,L,Male,20.6,0,Light Flicker,0,4.65,30,54896,32218.0,1276851,623019.0,25254,262818.0,43008.0,643191,2981309.0,816431.0,2006L_GLUT1_647_WGA_594_040724_0003
2006,het,L,Male,20.6,0,Light Flicker,0,3.9,30,99697,73142.0,2190797,1095080.0,59566,405636.0,89059.0,1334548,4533586.0,1464215.0,2006L_GLUT1_647_WGA_594_040724_0003
2006,het,L,Male,20.6,0,Light Flicker,0,4.05,30,160143,81117.0,3398962,1848535.0,100562,478029.0,110170.0,2068106,7147689.0,2515249.0,2006L_GLUT1_647_WGA_594_040724_0003
2006,het,L,Male,20.6,0,Light Flicker,0,4.2,30,10675,3599.0,171571,86131.0,5511,34021.0,5270.0,99695,386848.0,114265.0,2006L_GLUT1_647_WGA_594_040724_0003
2006,het,L,Male,20.6,0,Light Flicker,0,5.25,30,50735,27034.0,1462877,674108.0,25181,245604.0,36333.0,759394,3460662.0,851461.0,2006L_GLUT1_647_WGA_594_040724_0003
2006,het,L,Male,20.6,0,Light Flicker,0,4.05,30,15073,7116.0,417574,161707.0,8182,41720.0,9743.0,231397,759926.0,210748.0,2006L_GLUT1_647_WGA_594_040724_0003
2006,het,L,Male,20.6,1,Light Flicker,0,3.3,30,187860,97611.0,3847707,1240019.0,113946,464659.0,162414.0,2215655,6059845.0,1938927.0,2006L_GLUT1_647_WGA_594_040724_0003
2006,het,L,Male,20.6,0,Light Flicker,0,3.3,30,157095,80052.0,3180011,1266728.0,80953,369562.0,122775.0,1573116,5640717.0,1948185.0,2006L_GLUT1_647_WGA_594_040724_0003
2006,het,L,Male,20.6,0,Light Flicker,0,4.5,30,215286,42187.0,3029318,1048104.0,122437,450679.0,65063.0,2079212,6155115.0,1438314.0,2006L_GLUT1_647_WGA_594_040724_0003
2006,het,L,Male,20.6,0,Light Flicker,0,4.8,30,30608,13888.0,743781,308477.0,15613,94150.0,19029.0,366909,1552291.0,420207.0,2006L_GLUT1_647_WGA_594_040724_0003
2006,het,L,Male,20.6,0,Light Flicker,0,4.35,30,60669,32726.0,2090600,763447.0,33466,207899.0,46035.0,1215434,4096345.0,1064268.0,2006L_GLUT1_647_WGA_594_040724_0003
2006,het,L,Male,20.6,0,Light Flicker,0,4.05,30,102506,49263.0,1374120,579782.0,72111,404181.0,54880.0,1119245,2460450.0,788547.0,2006L_GLUT1_647_WGA_594_040724_0003
2006,het,L,Male,20.6,0,Light Flicker,0,3.3,30,87686,108399.0,1853125,691418.0,53623,432939.0,145327.0,1016407,3074128.0,1105191.0,2006L_GLUT1_647_WGA_594_040724_0003
2006,het,L,Male,20.6,0,Light Flicker,0,3.15,30,112013,58838.0,3207635,917237.0,56237,261262.0,102378.0,1711600,4585126.0,1458129.0,2006L_GLUT1_647_WGA_594_040724_0003
2006,het,L,Male,20.6,0,Light Flicker,0,4.35,30,78972,46613.0,2172060,966535.0,42939,291617.0,60752.0,1222766,4499431.0,1315871.0,2006L_GLUT1_647_WGA_594_040724_0003
2006,het,L,Male,20.6,0,Light Flicker,0,3.15,30,135307,60707.0,3172145,815012.0,95523,279499.0,106538.0,2080867,4639512.0,1484093.0,2006L_GLUT1_647_WGA_594_040724_0003
2006,het,L,Male,20.6,0,Light Flicker,0,4.95,30,49838,20526.0,683836,286720.0,29942,176386.0,24888.0,533197,1379911.0,383319.0,2006L_GLUT1_647_WGA_594_040724_0003
2006,het,L,Male,20.6,0,Light Flicker,0,4.5,30,65751,37101.0,2121099,751988.0,39130,264471.0,48919.0,1367296,3923998.0,982747.0,2006L_GLUT1_647_WGA_594_040724_0003
2006,het,L,Male,20.6,0,Light Flicker,0,4.35,30,62268,21103.0,1334730,492900.0,32531,193740.0,30465.0,749411,2702257.0,675315.0,2006L_GLUT1_647_WGA_594_040724_0003
2006,het,L,Male,20.6,1,Light Flicker,0,2.7,30,648991,199985.0,7568254,2125091.0,508261,1124528.0,326064.0,5934057,9874846.0,3219149.0,2006L_GLUT1_647_WGA_594_040724_0003
2006,het,L,Male,20.6,0,Light Flicker,0,5.1,30,69530,26555.0,1903219,738352.0,39393,190684.0,38217.0,1166916,4115058.0,910425.0,2006L_GLUT1_647_WGA_594_040724_0003
2006,het,L,Male,20.6,0,Light Flicker,0,4.65,30,45097,15661.0,1276295,437629.0,30125,113269.0,25215.0,823053,2575040.0,588004.0,2006L_GLUT1_647_WGA_594_040724_0003
2006,het,L,Male,20.6,0,Light Flicker,0,4.05,30,54407,22616.0,1514032,671618.0,39469,123267.0,35620.0,1072140,3099933.0,897908.0,2006L_GLUT1_647_WGA_594_040724_0003
2006,het,L,Male,20.6,1,Light Flicker,0,4.8,30,72646,37312.0,1426928,626070.0,41762,242694.0,53374.0,992008,3042975.0,848816.0,2006L_GLUT1_647_WGA_594_040724_0003
2006,het,L,Male,20.6,0,Light Flicker,0,2.85,30,58032,34313.0,1237948,562547.0,35998,141570.0,49756.0,769528,1980007.0,855555.0,2006L_GLUT1_647_WGA_594_040724_0003
2006,het,L,Male,20.6,1,Light Flicker,0,4.35,30,76617,43740.0,1586532,716916.0,44704,264010.0,55762.0,1172424,3017051.0,986842.0,2006L_GLUT1_647_WGA_594_040724_0003
2006,het,L,Male,20.6,0,Light Flicker,0,2.7,30,161603,164733.0,2033162,619037.0,121004,593405.0,226214.0,1516105,2471510.0,1070958.0,2006L_GLUT1_647_WGA_594_040724_0003
2006,het,L,Male,20.6,0,Light Flicker,0,4.65,30,169104,62644.0,3295563,1519954.0,137216,481953.0,90428.0,2562571,6498885.0,1989163.0,2006L_GLUT1_647_WGA_594_040724_0003
2006,het,L,Male,20.6,0,Light Flicker,0,4.2,30,86781,42231.0,1814812,814367.0,61528,327682.0,55146.0,1320874,3942875.0,1074531.0,2006L_GLUT1_647_WGA_594_040724_0003
2006,het,L,Male,20.6,1,Light Flicker,0,2.7,30,111244,43187.0,2426126,1062221.0,63486,224598.0,77193.0,1580802,3578499.0,1722154.0,2006L_GLUT1_647_WGA_594_040724_0003
2006,het,L,Male,20.6,0,Light Flicker,0,3.9,30,89888,52677.0,2518538,1194556.0,51642,293369.0,70766.0,1789814,4833188.0,1603904.0,2006L_GLUT1_647_WGA_594_040724_0003
2006,het,L,Male,20.6,1,Light Flicker,0,2.7,30,250292,145012.0,4169494,2128496.0,160777,558168.0,234145.0,2638226,6612988.0,3302834.0,2006L_GLUT1_647_WGA_594_040724_0003
2006,het,L,Male,20.6,0,Light Flicker,0,4.95,30,71358,22010.0,1452316,668283.0,43880,216647.0,25279.0,1138678,3650220.0,716795.0,2006L_GLUT1_647_WGA_594_040724_0003
2006,het,L,Male,20.6,0,Light Flicker,0,3.75,30,78508,30065.0,1204698,639461.0,52572,189580.0,41173.0,916976,2542499.0,867269.0,2006L_GLUT1_647_WGA_594_040724_0003
2006,het,L,Male,20.6,0,Light Flicker,0,2.85,30,61790,60088.0,1792174,666575.0,33487,216532.0,88489.0,1105089,2831706.0,1096195.0,2006L_GLUT1_647_WGA_594_040724_0003
2006,het,L,Male,20.6,0,Light Flicker,0,4.35,30,50364,34465.0,1451463,677762.0,29484,180182.0,47217.0,1067496,2832856.0,917077.0,2006L_GLUT1_647_WGA_594_040724_0003
2006,het,L,Male,20.6,0,Light Flicker,0,3.9,30,102001,50687.0,937922,600254.0,63813,475720.0,54568.0,639290,2275200.0,754370.0,2006L_GLUT1_647_WGA_594_040724_0003
2006,het,R,Male,20.6,0,Dark,0,2.25,30,106291,34772.0,2065222,1504685.0,121853,149131.0,55593.0,2340823,3430435.0,2031665.0,2006R_GLUT1_647_WGA_594_040724_0001
2006,het,R,Male,20.6,0,Dark,0,,30,43150,,693270,,113056,,,1058250,,,2006R_GLUT1_647_WGA_594_040724_0001
2006,het,R,Male,20.6,0,Dark,0,5.4,30,42098,14893.0,349466,348876.0,90772,122310.0,11482.0,837267,1470151.0,246821.0,2006R_GLUT1_647_WGA_594_040724_0001
2006,het,R,Male,20.6,0,Dark,0,5.25,30,83501,41814.0,1520292,976406.0,57784,388737.0,56487.0,1053925,5264740.0,1269645.0,2006R_GLUT1_647_WGA_594_040724_0001
2006,het,R,Male,20.6,0,Dark,0,4.2,30,41204,22189.0,600198,409439.0,24325,183115.0,27678.0,356840,1764584.0,564528.0,2006R_GLUT1_647_WGA_594_040724_0001
2006,het,R,Male,20.6,0,Dark,0,5.25,30,80503,20819.0,1027361,489338.0,49090,247393.0,30201.0,612300,3042440.0,687825.0,2006R_GLUT1_647_WGA_594_040724_0001
2006,het,R,Male,20.6,0,Dark,0,5.85,30,96637,39998.0,1624681,842858.0,56929,472763.0,52065.0,952724,5708972.0,1085500.0,2006R_GLUT1_647_WGA_594_040724_0001
2006,het,R,Male,20.6,0,Dark,0,6.0,30,157193,62039.0,2612902,1536180.0,104534,757846.0,87863.0,1756403,10641608.0,2078556.0,2006R_GLUT1_647_WGA_594_040724_0001
2006,het,R,Male,20.6,0,Dark,0,5.85,30,171479,65120.0,2388944,1489599.0,97714,810007.0,84584.0,1386376,8485884.0,1864512.0,2006R_GLUT1_647_WGA_594_040724_0001
2006,het,R,Male,20.6,0,Dark,0,2.4,30,78951,25559.0,1632932,1133287.0,91903,109158.0,41508.0,1857378,2635012.0,1488737.0,2006R_GLUT1_647_WGA_594_040724_0001
2006,het,R,Male,20.6,0,Dark,0,4.65,30,90887,28434.0,685373,650016.0,189484,205430.0,42117.0,1554253,2556155.0,906246.0,2006R_GLUT1_647_WGA_594_040724_0001
2006,het,R,Male,20.6,0,Dark,0,4.65,30,85864,27728.0,951359,722977.0,195442,195952.0,26429.0,1670405,3393379.0,618888.0,2006R_GLUT1_647_WGA_594_040724_0001
2006,het,R,Male,20.6,1,Dark,0,2.85,30,133949,69478.0,2043547,1194004.0,140116,292203.0,93580.0,2279083,3334986.0,1610306.0,2006R_GLUT1_647_WGA_594_040724_0001
2006,het,R,Male,20.6,0,Dark,0,,30,22777,,521363,,47373,,,690450,,,2006R_GLUT1_647_WGA_594_040724_0001
2006,het,R,Male,20.6,0,Dark,0,4.95,30,20333,8382.0,229415,149361.0,12018,100018.0,10484.0,162927,648374.0,199755.0,2006R_GLUT1_647_WGA_594_040724_0001
2006,het,R,Male,20.6,0,Dark,0,4.95,30,111791,43250.0,1229877,811606.0,69351,515811.0,56128.0,849852,3463655.0,1078766.0,2006R_GLUT1_647_WGA_594_040724_0001
2006,het,R,Male,20.6,0,Dark,0,4.8,30,105964,37095.0,1125199,837308.0,216014,274924.0,29823.0,1953143,3897100.0,596754.0,2006R_GLUT1_647_WGA_594_040724_0001
2006,het,R,Male,20.6,0,Dark,0,2.55,30,163963,43678.0,2002395,1492051.0,337041,194834.0,74003.0,3365732,4313060.0,1857210.0,2006R_GLUT1_647_WGA_594_040724_0001
2006,het,R,Male,20.6,0,Dark,0,,30,115132,,1863727,,292921,,,3587212,,,2006R_GLUT1_647_WGA_594_040724_0001
2006,het,R,Male,20.6,0,Dark,0,3.15,30,162112,49231.0,1648437,1098387.0,175952,308741.0,67606.0,1969868,3359903.0,1444123.0,2006R_GLUT1_647_WGA_594_040724_0001
2006,het,R,Male,20.6,0,Dark,0,3.3,30,130678,46973.0,1922884,1525722.0,97306,296087.0,86004.0,1427424,5605411.0,1947863.0,2006R_GLUT1_647_WGA_594_040724_0001
2006,het,R,Male,20.6,0,Dark,0,3.0,30,18045,8321.0,224986,157376.0,17435,53027.0,10144.0,255435,491955.0,204996.0,2006R_GLUT1_647_WGA_594_040724_0001
2006,het,R,Male,20.6,0,Dark,0,5.85,30,394027,74105.0,3768226,1667456.0,246422,1235871.0,107103.0,2569240,12630623.0,2303458.0,2006R_GLUT1_647_WGA_594_040724_0001
2006,het,R,Male,20.6,0,Dark,0,4.95,30,89662,37476.0,1418956,683089.0,209044,282403.0,14274.0,2308747,4907076.0,274751.0,2006R_GLUT1_647_WGA_594_040724_0001
2006,het,R,Male,20.6,0,Dark,0,6.3,30,136055,26743.0,1326419,571956.0,131549,452397.0,29120.0,1427276,4580771.0,568784.0,2006R_GLUT1_647_WGA_594_040724_0001
2006,het,R,Male,20.6,0,Dark,0,6.0,30,68217,26312.0,1104396,588957.0,40043,304979.0,35712.0,691020,4071957.0,799803.0,2006R_GLUT1_647_WGA_594_040724_0001
2006,het,R,Male,20.6,1,Dark,0,4.95,30,146937,41718.0,1315990,833237.0,119907,467444.0,53707.0,1116010,3800085.0,1075265.0,2006R_GLUT1_647_WGA_594_040724_0001
2006,het,R,Male,20.6,0,Dark,0,4.5,30,128520,63625.0,2118699,1199813.0,86717,497156.0,85115.0,1490754,5564864.0,1656058.0,2006R_GLUT1_647_WGA_594_040724_0001
2006,het,R,Male,20.6,0,Dark,0,5.85,30,147890,63592.0,2529413,1370589.0,88852,653960.0,87166.0,1600496,8073772.0,1834348.0,2006R_GLUT1_647_WGA_594_040724_0001
2006,het,R,Male,20.6,1,Dark,0,5.55,30,141980,69371.0,2257494,1556903.0,82435,622034.0,93424.0,1357930,8078690.0,2054657.0,2006R_GLUT1_647_WGA_594_040724_0001
2006,het,R,Male,20.6,0,Dark,0,4.35,30,110226,45160.0,1264263,1096179.0,252106,284549.0,57619.0,2295200,4340801.0,1245894.0,2006R_GLUT1_647_WGA_594_040724_0001
2006,het,R,Male,20.6,0,Dark,0,6.0,30,57155,19553.0,743092,465611.0,61406,170411.0,24524.0,866653,2273070.0,527282.0,2006R_GLUT1_647_WGA_594_040724_0001
2006,het,R,Male,20.6,0,Dark,0,5.4,30,96849,26696.0,1312588,667342.0,93627,344892.0,38954.0,1413114,4027325.0,919801.0,2006R_GLUT1_647_WGA_594_040724_0001
2006,het,R,Male,20.6,0,Dark,0,5.55,30,45108,17558.0,652713,446704.0,43581,135337.0,25556.0,678919,1669158.0,628280.0,2006R_GLUT1_647_WGA_594_040724_0001
2006,het,R,Male,20.6,1,Dark,0,5.4,30,88378,43084.0,1407545,959299.0,50686,417204.0,59402.0,847814,4640208.0,1288144.0,2006R_GLUT1_647_WGA_594_040724_0001
2006,het,R,Male,20.6,0,Dark,0,3.9,30,96307,51818.0,1581535,850098.0,72028,303929.0,57145.0,1231740,3233079.0,1124460.0,2006R_GLUT1_647_WGA_594_040724_0001
2006,het,R,Male,20.6,0,Dark,0,5.4,30,118465,36585.0,1662771,930128.0,70403,466180.0,52292.0,1027625,5427449.0,1219123.0,2006R_GLUT1_647_WGA_594_040724_0001
2006,het,R,Male,20.6,1,Dark,0,4.8,30,104415,48370.0,1551975,959070.0,90886,400765.0,63772.0,1420982,3816298.0,1260309.0,2006R_GLUT1_647_WGA_594_040724_0001
2006,het,R,Male,20.6,0,Dark,0,5.25,30,195947,73370.0,2606850,1451321.0,100739,882354.0,104629.0,1389469,9357637.0,2058636.0,2006R_GLUT1_647_WGA_594_040724_0001
2006,het,R,Male,20.6,0,Dark,0,5.55,30,119377,40109.0,1429743,921371.0,124267,442847.0,57049.0,1675349,4251836.0,1278645.0,2006R_GLUT1_647_WGA_594_040724_0001
2006,het,R,Male,20.6,0,Dark,0,5.4,30,112776,45950.0,1991190,963617.0,111155,462415.0,65606.0,2097233,5824066.0,1316345.0,2006R_GLUT1_647_WGA_594_040724_0001
2006,het,R,Male,20.6,0,Dark,0,4.65,30,46568,33622.0,797244,692593.0,25726,226283.0,45945.0,463710,2474415.0,927045.0,2006R_GLUT1_647_WGA_594_040724_0001
2006,het,R,Male,20.6,0,Dark,0,4.5,30,49377,20880.0,692782,443137.0,51502,200647.0,26691.0,797768,1625553.0,590284.0,2006R_GLUT1_647_WGA_594_040724_0001
2006,het,R,Male,20.6,0,Dark,0,4.2,30,13761,8755.0,252850,163653.0,8851,50029.0,12656.0,176518,562764.0,226610.0,2006R_GLUT1_647_WGA_594_040724_0001
2006,het,R,Male,20.6,0,Dark,0,6.0,30,85398,22978.0,1231396,629872.0,49726,359053.0,33883.0,748285,4610615.0,869788.0,2006R_GLUT1_647_WGA_594_040724_0001
2006,het,R,Male,20.6,0,Dark,0,6.45,30,69763,23675.0,1137906,572834.0,33588,339720.0,36566.0,586494,4608432.0,808851.0,2006R_GLUT1_647_WGA_594_040724_0001
2006,het,R,Male,20.6,1,Dark,0,4.2,30,91007,55324.0,1552793,983925.0,77699,334566.0,69181.0,1406291,3336994.0,1308307.0,2006R_GLUT1_647_WGA_594_040724_0001
2006,het,R,Male,20.6,0,Dark,0,5.25,30,179985,78134.0,2663436,1691682.0,101744,803637.0,112105.0,1581223,9573365.0,2273901.0,2006R_GLUT1_647_WGA_594_040724_0001
2006,het,R,Male,20.6,1,Dark,0,5.55,30,104724,41470.0,1724199,948501.0,100823,412459.0,59407.0,1770850,5492451.0,1319913.0,2006R_GLUT1_647_WGA_594_040724_0001
2006,het,R,Male,20.6,0,Dark,0,4.8,30,7880,6163.0,186345,154501.0,4622,37020.0,8324.0,111632,536666.0,202277.0,2006R_GLUT1_647_WGA_594_040724_0001
2006,het,R,Male,20.6,0,Dark,0,4.95,30,13766,11116.0,317740,187029.0,9069,79428.0,13938.0,210583,777112.0,250561.0,2006R_GLUT1_647_WGA_594_040724_0001
2006,het,R,Male,20.6,1,Dark,0,4.35,30,78353,33575.0,749223,718231.0,151387,212051.0,43749.0,1693642,2394718.0,962618.0,2006R_GLUT1_647_WGA_594_040724_0001
2006,het,R,Male,20.6,0,Dark,0,5.25,30,63059,40447.0,1272260,823476.0,42130,328181.0,52131.0,854564,3272852.0,1076908.0,2006R_GLUT1_647_WGA_594_040724_0001
2006,het,R,Male,20.6,0,Dark,0,4.05,30,141350,89760.0,2767210,1730811.0,137882,517213.0,114508.0,2898904,5356589.0,2413876.0,2006R_GLUT1_647_WGA_594_040724_0001
2006,het,R,Male,20.6,0,Dark,0,5.85,30,79939,29869.0,1098082,682053.0,38718,394957.0,41021.0,542428,4300998.0,876819.0,2006R_GLUT1_647_WGA_594_040724_0001
2006,het,R,Male,20.6,0,Dark,0,5.85,30,165990,34337.0,1797338,845329.0,114899,543601.0,47439.0,1281474,5554256.0,1124051.0,2006R_GLUT1_647_WGA_594_040724_0001
2006,het,R,Male,20.6,0,Dark,0,3.9,30,65807,37880.0,879574,879265.0,129572,188245.0,55037.0,1527313,2592302.0,1216096.0,2006R_GLUT1_647_WGA_594_040724_0001
2006,het,R,Male,20.6,0,Dark,0,4.8,30,28278,20423.0,590489,461186.0,15904,145863.0,26281.0,349401,1753151.0,611690.0,2006R_GLUT1_647_WGA_594_040724_0001
2006,het,R,Male,20.6,0,Dark,0,3.75,30,72647,51379.0,1499658,944418.0,62915,237515.0,65432.0,1333137,2993996.0,1265831.0,2006R_GLUT1_647_WGA_594_040724_0001
2006,het,R,Male,20.6,0,Dark,0,3.15,30,130998,65793.0,1773482,1615855.0,298473,270494.0,95964.0,2993624,4425950.0,2138953.0,2006R_GLUT1_647_WGA_594_040724_0001
2006,het,R,Male,20.6,0,Dark,0,5.25,30,76126,39012.0,1226986,785252.0,41507,420602.0,50964.0,689500,4062062.0,1032431.0,2006R_GLUT1_647_WGA_594_040724_0001
2006,het,R,Male,20.6,0,Dark,0,4.05,30,149467,83903.0,1938369,1323457.0,136958,600653.0,115195.0,1976967,4533488.0,1904573.0,2006R_GLUT1_647_WGA_594_040724_0001
2006,het,R,Male,20.6,1,Dark,0,4.65,30,159946,62303.0,2262842,1441512.0,147302,509980.0,87378.0,2217050,6000362.0,1915641.0,2006R_GLUT1_647_WGA_594_040724_0001
2006,het,R,Male,20.6,0,Dark,0,6.0,30,84052,31442.0,1277648,770688.0,43430,434519.0,46869.0,670579,5090196.0,1033194.0,2006R_GLUT1_647_WGA_594_040724_0001
2006,het,R,Male,20.6,0,Dark,0,5.55,30,87609,37315.0,1428120,881050.0,73758,376815.0,52706.0,1301096,4430101.0,1179799.0,2006R_GLUT1_647_WGA_594_040724_0001
2006,het,R,Male,20.6,0,Dark,0,5.7,30,85814,29323.0,1156165,672462.0,51694,395996.0,38821.0,730499,3771390.0,852443.0,2006R_GLUT1_647_WGA_594_040724_0001
2006,het,R,Male,20.6,0,Dark,0,4.5,30,75382,39003.0,1285446,882790.0,67775,256024.0,53215.0,1276504,2949398.0,1193240.0,2006R_GLUT1_647_WGA_594_040724_0001
2006,het,R,Male,20.6,0,Dark,0,5.1,30,83531,36085.0,1267768,740259.0,85418,292300.0,50802.0,1313623,2906333.0,979556.0,2006R_GLUT1_647_WGA_594_040724_0001
2006,het,R,Male,20.6,0,Dark,0,5.7,30,213876,52873.0,2691725,1252183.0,139291,740882.0,78712.0,1838058,8560364.0,1695485.0,2006R_GLUT1_647_WGA_594_040724_0001
2006,het,R,Male,20.6,0,Dark,0,6.45,30,173646,39800.0,1586960,905409.0,166817,586756.0,24619.0,1826701,6200747.0,516031.0,2006R_GLUT1_647_WGA_594_040724_0001
2006,het,R,Male,20.6,1,Dark,0,5.85,30,109676,45456.0,1724243,1039514.0,57492,534941.0,61455.0,921948,6626692.0,1329726.0,2006R_GLUT1_647_WGA_594_040724_0001
2006,het,R,Male,20.6,0,Dark,0,6.15,30,57893,14556.0,813110,328503.0,42457,208609.0,22182.0,631473,2376664.0,455685.0,2006R_GLUT1_647_WGA_594_040724_0001
2006,het,R,Male,20.6,0,Dark,0,5.25,30,171104,49583.0,1955711,1130196.0,173012,560115.0,71334.0,2148019,6178128.0,1572192.0,2006R_GLUT1_647_WGA_594_040724_0001
2006,het,R,Male,20.6,0,Dark,0,5.1,30,152616,65857.0,2270380,1422957.0,137071,577160.0,86241.0,2190521,6007407.0,1833617.0,2006R_GLUT1_647_WGA_594_040724_0001
2006,het,R,Male,20.6,0,Dark,0,5.25,30,105215,43886.0,1499905,906028.0,63508,470228.0,59452.0,929416,4689857.0,1171078.0,2006R_GLUT1_647_WGA_594_040724_0001
2006,het,R,Male,20.6,0,Dark,0,4.95,30,106017,52448.0,1615954,1019497.0,71397,527036.0,66768.0,1118304,4114415.0,1335538.0,2006R_GLUT1_647_WGA_594_040724_0001
2006,het,R,Male,20.6,0,Dark,0,4.5,30,38967,15496.0,485963,338704.0,35563,147430.0,21965.0,552866,1333725.0,454138.0,2006R_GLUT1_647_WGA_594_040724_0001
2006,het,R,Male,20.6,0,Dark,0,5.4,30,172687,61037.0,2476796,1411242.0,153731,651451.0,89880.0,2468693,6806390.0,1938580.0,2006R_GLUT1_647_WGA_594_040724_0001
2006,het,R,Male,20.6,0,Dark,0,3.15,30,71959,19888.0,1217137,577474.0,55786,133774.0,39121.0,914912,2714971.0,828452.0,2006R_GLUT1_647_WGA_594_040724_0001
2006,het,R,Male,20.6,0,Dark,0,6.0,30,170054,52109.0,2388273,1137964.0,117912,627224.0,73580.0,1713164,7722409.0,1597100.0,2006R_GLUT1_647_WGA_594_040724_0001
2006,het,R,Male,20.6,1,Dark,0,4.35,30,72444,25228.0,808414,699127.0,144686,179613.0,37689.0,1541008,2440995.0,957652.0,2006R_GLUT1_647_WGA_594_040724_0001
2006,het,R,Male,20.6,1,Dark,0,5.25,30,113660,43250.0,1112416,858474.0,98773,444022.0,56150.0,1023333,3660880.0,1111767.0,2006R_GLUT1_647_WGA_594_040724_0001
2006,het,R,Male,20.6,1,Dark,0,5.25,30,115096,36011.0,1422180,759008.0,106205,415891.0,48056.0,1400328,3804339.0,1023557.0,2006R_GLUT1_647_WGA_594_040724_0001
2006,het,R,Male,20.6,0,Dark,0,4.2,30,31931,9408.0,318645,207239.0,26378,85380.0,13692.0,323157,759974.0,289038.0,2006R_GLUT1_647_WGA_594_040724_0001
2006,het,R,Male,20.6,0,Dark,0,4.2,30,49285,19077.0,697945,431089.0,45076,133654.0,26119.0,765777,1441971.0,566038.0,2006R_GLUT1_647_WGA_594_040724_0001
2006,het,R,Male,20.6,0,Dark,0,4.65,30,94932,32849.0,1144265,711720.0,82714,300620.0,46018.0,1195689,2913756.0,957159.0,2006R_GLUT1_647_WGA_594_040724_0001
2006,het,R,Male,20.6,0,Dark,0,4.35,30,118466,48489.0,1390712,992647.0,103770,454424.0,64869.0,1343728,3313498.0,1308312.0,2006R_GLUT1_647_WGA_594_040724_0001
2006,het,R,Male,20.6,0,Dark,0,5.55,30,170154,44136.0,2062250,866279.0,161729,604778.0,59777.0,2149646,4844509.0,1177199.0,2006R_GLUT1_647_WGA_594_040724_0001
2006,het,R,Male,20.6,0,Dark,0,4.2,30,148336,65800.0,2188640,1392607.0,136717,526892.0,90511.0,2388999,5148318.0,1877094.0,2006R_GLUT1_647_WGA_594_040724_0001
2006,het,R,Male,20.6,0,Dark,0,,30,40315,,530478,,93364,,,943487,,,2006R_GLUT1_647_WGA_594_040724_0001
2006,het,R,Male,20.6,0,Dark,0,5.4,30,67105,27218.0,1014039,562236.0,63666,306611.0,37284.0,1109284,2589493.0,764263.0,2006R_GLUT1_647_WGA_594_040724_0001
2006,het,R,Male,20.6,0,Dark,0,2.1,30,12521,15614.0,376571,424802.0,27427,30746.0,25306.0,719576,800220.0,551252.0,2006R_GLUT1_647_WGA_594_040724_0001
2006,het,R,Male,20.6,0,Dark,0,4.95,30,138209,40632.0,1371945,1022331.0,123613,403314.0,58617.0,1458455,4113895.0,1371964.0,2006R_GLUT1_647_WGA_594_040724_0001
2006,het,R,Male,20.6,0,Dark,0,5.1,30,141806,40257.0,1514695,1044223.0,135295,408511.0,57943.0,1633324,4176996.0,1403095.0,2006R_GLUT1_647_WGA_594_040724_0001
2006,het,R,Male,20.6,0,Dark,0,5.4,30,93493,36032.0,1448627,759283.0,88238,397255.0,53158.0,1567673,4270040.0,1074426.0,2006R_GLUT1_647_WGA_594_040724_0001
2006,het,R,Male,20.6,0,Dark,0,6.6,30,72385,23098.0,1450327,557877.0,59665,334267.0,25359.0,1213665,3913278.0,549153.0,2006R_GLUT1_647_WGA_594_040724_0001
2006,het,R,Male,20.6,1,Dark,0,5.1,30,122264,49064.0,1819657,1231692.0,107254,471296.0,67536.0,1795745,5429844.0,1603057.0,2006R_GLUT1_647_WGA_594_040724_0001
2006,het,R,Male,20.6,0,Dark,0,,30,112579,,1381002,,99605,,,1368922,,,2006R_GLUT1_647_WGA_594_040724_0001
2006,het,R,Male,20.6,0,Dark,0,3.75,30,151237,40961.0,2362395,1266280.0,135663,324811.0,68002.0,2296802,6922528.0,1707223.0,2006R_GLUT1_647_WGA_594_040724_0001
2006,het,R,Male,20.6,0,Dark,0,,30,56704,,1255305,,47131,,,1098414,,,2006R_GLUT1_647_WGA_594_040724_0001
2006,het,R,Male,20.6,0,Dark,0,,30,101698,,1265408,,290356,,,1944637,,,2006R_GLUT1_647_WGA_594_040724_0001
2006,het,R,Male,20.6,0,Dark,0,,30,81877,,865012,,184669,,,1420837,,,2006R_GLUT1_647_WGA_594_040724_0001
2006,het,R,Male,20.6,0,Dark,0,6.6,30,103787,18374.0,941669,448885.0,99012,323098.0,11716.0,1022497,3294949.0,258970.0,2006R_GLUT1_647_WGA_594_040724_0001
2006,het,R,Male,20.6,0,Dark,0,6.0,30,44025,17503.0,735465,406537.0,42829,179072.0,19263.0,797598,2242617.0,400234.0,2006R_GLUT1_647_WGA_594_040724_0001
2006,het,R,Male,20.6,0,Dark,0,3.9,30,72565,27421.0,1336050,653496.0,66196,182391.0,39372.0,1330411,2864649.0,819153.0,2006R_GLUT1_647_WGA_594_040724_0001
2006,het,R,Male,20.6,0,Dark,0,3.6,30,58346,16337.0,600205,469558.0,122412,111116.0,24997.0,914977,1799439.0,582385.0,2006R_GLUT1_647_WGA_594_040724_0002
2006,het,R,Male,20.6,0,Dark,0,3.6,30,29851,10377.0,340175,195541.0,60097,73390.0,13038.0,549124,938342.0,252421.0,2006R_GLUT1_647_WGA_594_040724_0002
2006,het,R,Male,20.6,0,Dark,0,2.1,30,100690,79547.0,1658468,1360707.0,63849,216550.0,122490.0,1118465,2775454.0,1995250.0,2006R_GLUT1_647_WGA_594_040724_0002
2006,het,R,Male,20.6,0,Dark,0,4.65,30,117011,63369.0,1887039,1268441.0,66650,437446.0,103690.0,1171226,6897463.0,1646783.0,2006R_GLUT1_647_WGA_594_040724_0002
2006,het,R,Male,20.6,1,Dark,0,5.7,30,105536,70335.0,1421668,1062700.0,62828,744400.0,80714.0,952183,5292174.0,1372604.0,2006R_GLUT1_647_WGA_594_040724_0002
2006,het,R,Male,20.6,0,Dark,0,6.0,30,177333,35476.0,1693481,609073.0,112239,684991.0,52909.0,1202293,7553185.0,843391.0,2006R_GLUT1_647_WGA_594_040724_0002
2006,het,R,Male,20.6,0,Dark,0,5.25,30,68988,26472.0,802063,472464.0,135979,283042.0,30155.0,1375422,3125709.0,592536.0,2006R_GLUT1_647_WGA_594_040724_0002
2006,het,R,Male,20.6,0,Dark,0,6.15,30,73016,43035.0,1227357,732634.0,41913,528070.0,51441.0,770433,4419109.0,887500.0,2006R_GLUT1_647_WGA_594_040724_0002
2006,het,R,Male,20.6,0,Dark,0,6.9,30,65433,22748.0,1162018,448457.0,34021,379112.0,27246.0,700893,4032991.0,533979.0,2006R_GLUT1_647_WGA_594_040724_0002
2006,het,R,Male,20.6,0,Dark,0,1.7999999999999998,30,162230,119081.0,2994766,2315367.0,97281,312737.0,177321.0,2012624,4597748.0,3288569.0,2006R_GLUT1_647_WGA_594_040724_0002
2006,het,R,Male,20.6,0,Dark,0,3.9,30,129564,48319.0,1400909,917329.0,240376,328958.0,63966.0,2318579,3890758.0,1154954.0,2006R_GLUT1_647_WGA_594_040724_0002
2006,het,R,Male,20.6,0,Dark,0,5.85,30,66301,32532.0,1215112,539678.0,50196,445562.0,37430.0,972118,3621083.0,635139.0,2006R_GLUT1_647_WGA_594_040724_0002
2006,het,R,Male,20.6,0,Dark,0,5.7,30,157993,86632.0,2421923,1242911.0,93375,875680.0,124115.0,1638141,7729348.0,1656707.0,2006R_GLUT1_647_WGA_594_040724_0002
2006,het,R,Male,20.6,0,Dark,0,6.75,30,78202,66172.0,1378216,552029.0,45114,599425.0,55858.0,817119,4479767.0,659029.0,2006R_GLUT1_647_WGA_594_040724_0002
2006,het,R,Male,20.6,0,Dark,0,6.75,30,78507,25909.0,1432348,548014.0,40150,459936.0,28459.0,807271,5952457.0,632097.0,2006R_GLUT1_647_WGA_594_040724_0002
2006,het,R,Male,20.6,1,Dark,0,7.199999999999999,30,102701,29769.0,1595901,505599.0,52039,487990.0,35004.0,897988,6862571.0,642164.0,2006R_GLUT1_647_WGA_594_040724_0002
2006,het,R,Male,20.6,0,Dark,0,5.85,30,109105,73315.0,2289119,1108448.0,61005,659866.0,86765.0,1423872,7625648.0,1429798.0,2006R_GLUT1_647_WGA_594_040724_0002
2006,het,R,Male,20.6,0,Dark,0,,30,82003,,1135237,,41007,,,668051,,,2006R_GLUT1_647_WGA_594_040724_0002
2006,het,R,Male,20.6,1,Dark,0,6.6,30,116822,44882.0,1717631,827422.0,55734,707111.0,54197.0,918175,6630330.0,1022165.0,2006R_GLUT1_647_WGA_594_040724_0002
2006,het,R,Male,20.6,0,Dark,0,6.0,30,43289,23908.0,833404,475746.0,30614,231147.0,31610.0,649750,2631731.0,594366.0,2006R_GLUT1_647_WGA_594_040724_0002
2006,het,R,Male,20.6,0,Dark,0,5.4,30,93693,55264.0,1378170,889472.0,65434,573723.0,64434.0,1051337,4764455.0,1126341.0,2006R_GLUT1_647_WGA_594_040724_0002
2006,het,R,Male,20.6,0,Dark,0,6.3,30,53771,20011.0,792840,382233.0,38501,251273.0,24745.0,619431,2889489.0,458690.0,2006R_GLUT1_647_WGA_594_040724_0002
2006,het,R,Male,20.6,0,Dark,0,6.3,30,169248,64650.0,2465226,1188277.0,76532,941390.0,85456.0,1218544,9358430.0,1505565.0,2006R_GLUT1_647_WGA_594_040724_0002
2006,het,R,Male,20.6,0,Dark,0,5.7,30,53711,36738.0,863194,426434.0,32062,370084.0,43611.0,616156,2505516.0,560790.0,2006R_GLUT1_647_WGA_594_040724_0002
2006,het,R,Male,20.6,0,Dark,0,6.9,30,58933,25913.0,855645,326176.0,27605,394768.0,27696.0,460417,2719330.0,409480.0,2006R_GLUT1_647_WGA_594_040724_0002
2006,het,R,Male,20.6,0,Dark,0,5.7,30,203682,103465.0,3553891,1647895.0,103053,1165741.0,131742.0,1983185,13615906.0,2208155.0,2006R_GLUT1_647_WGA_594_040724_0002
2006,het,R,Male,20.6,0,Dark,0,6.0,30,57238,29480.0,1004755,492822.0,28742,361189.0,35157.0,546994,3240030.0,622558.0,2006R_GLUT1_647_WGA_594_040724_0002
2006,het,R,Male,20.6,0,Dark,0,6.75,30,161139,52539.0,2360054,851964.0,81772,828227.0,68549.0,1384107,7875988.0,1116125.0,2006R_GLUT1_647_WGA_594_040724_0002
2006,het,R,Male,20.6,0,Dark,0,5.55,30,129218,71707.0,1746741,924901.0,69343,759531.0,85714.0,1067362,5606758.0,1208946.0,2006R_GLUT1_647_WGA_594_040724_0002
2006,het,R,Male,20.6,0,Dark,0,5.7,30,99289,64964.0,1877948,1087754.0,60823,582173.0,77164.0,1280895,6072736.0,1371584.0,2006R_GLUT1_647_WGA_594_040724_0002
2006,het,R,Male,20.6,1,Dark,0,6.0,30,58784,35332.0,953925,588851.0,32618,411313.0,40762.0,598974,3343023.0,710934.0,2006R_GLUT1_647_WGA_594_040724_0002
2006,het,R,Male,20.6,1,Dark,0,6.9,30,90488,33952.0,1225516,471704.0,46917,478145.0,40159.0,718557,4507037.0,574540.0,2006R_GLUT1_647_WGA_594_040724_0002
2006,het,R,Male,20.6,0,Dark,0,6.3,30,75696,31475.0,1143199,584782.0,44237,442076.0,43131.0,778051,3830052.0,718759.0,2006R_GLUT1_647_WGA_594_040724_0002
2006,het,R,Male,20.6,0,Dark,0,6.45,30,61233,21731.0,789731,473422.0,27798,258611.0,26457.0,397697,2681179.0,546118.0,2006R_GLUT1_647_WGA_594_040724_0002
2006,het,R,Male,20.6,0,Dark,0,6.15,30,75897,36722.0,1303860,711542.0,33519,476220.0,47423.0,634480,4152915.0,896474.0,2006R_GLUT1_647_WGA_594_040724_0002
2006,het,R,Male,20.6,1,Dark,0,5.25,30,140964,38289.0,1254111,762251.0,246261,438998.0,45108.0,2277202,4359486.0,864024.0,2006R_GLUT1_647_WGA_594_040724_0002
2006,het,R,Male,20.6,0,Dark,0,6.0,30,73250,30760.0,1258387,600018.0,38553,348928.0,45403.0,762733,4485424.0,786758.0,2006R_GLUT1_647_WGA_594_040724_0002
2006,het,R,Male,20.6,0,Dark,0,5.1,30,88679,62683.0,1323978,900708.0,52455,512388.0,69260.0,891190,3822272.0,1132379.0,2006R_GLUT1_647_WGA_594_040724_0002
2006,het,R,Male,20.6,0,Dark,0,6.0,30,75245,42355.0,1465265,718596.0,40078,577211.0,49110.0,835687,3935856.0,908107.0,2006R_GLUT1_647_WGA_594_040724_0002
2006,het,R,Male,20.6,0,Dark,0,6.3,30,67202,26587.0,859322,374163.0,36081,346712.0,35608.0,472957,2844182.0,502165.0,2006R_GLUT1_647_WGA_594_040724_0002
2006,het,R,Male,20.6,0,Dark,0,5.1,30,99759,32883.0,876194,577927.0,144167,332449.0,37294.0,1634184,2873964.0,687453.0,2006R_GLUT1_647_WGA_594_040724_0002
2006,het,R,Male,20.6,0,Dark,0,6.0,30,101235,38876.0,1567851,731416.0,56302,477627.0,49640.0,1002505,5199049.0,895281.0,2006R_GLUT1_647_WGA_594_040724_0002
2006,het,R,Male,20.6,0,Dark,0,6.3,30,76114,36089.0,1386363,601320.0,39395,382388.0,46640.0,808921,3764274.0,771709.0,2006R_GLUT1_647_WGA_594_040724_0002
2006,het,R,Male,20.6,0,Dark,0,5.85,30,120513,52515.0,1764196,816206.0,55544,591455.0,69389.0,882259,5214938.0,1089937.0,2006R_GLUT1_647_WGA_594_040724_0002
2006,het,R,Male,20.6,1,Dark,0,6.45,30,91447,47901.0,1613916,802324.0,48312,654554.0,52686.0,959579,5776693.0,912415.0,2006R_GLUT1_647_WGA_594_040724_0002
2006,het,R,Male,20.6,0,Dark,0,4.8,30,28648,27816.0,617690,267147.0,10941,140470.0,38250.0,246089,1445921.0,376552.0,2006R_GLUT1_647_WGA_594_040724_0002
2006,het,R,Male,20.6,1,Dark,0,5.7,30,99825,44567.0,1349680,722704.0,56711,530226.0,52698.0,897320,4256174.0,919261.0,2006R_GLUT1_647_WGA_594_040724_0002
2006,het,R,Male,20.6,0,Dark,0,5.55,30,88041,36985.0,839026,634580.0,52110,324234.0,43199.0,511815,3316040.0,777976.0,2006R_GLUT1_647_WGA_594_040724_0002
2006,het,R,Male,20.6,0,Dark,0,6.0,30,137537,66686.0,1844742,1047074.0,69134,846865.0,76728.0,1045127,5583214.0,1262870.0,2006R_GLUT1_647_WGA_594_040724_0002
2006,het,R,Male,20.6,0,Dark,0,6.0,30,130007,63097.0,2032946,976057.0,60676,669512.0,74005.0,1065466,5780921.0,1250933.0,2006R_GLUT1_647_WGA_594_040724_0002
2006,het,R,Male,20.6,0,Dark,0,6.0,30,76023,38698.0,1041953,584067.0,45943,500755.0,43820.0,735239,3576258.0,736638.0,2006R_GLUT1_647_WGA_594_040724_0002
2006,het,R,Male,20.6,1,Dark,0,6.45,30,74922,44785.0,1277910,688254.0,40197,556528.0,49312.0,751081,5313092.0,849979.0,2006R_GLUT1_647_WGA_594_040724_0002
2006,het,R,Male,20.6,0,Dark,0,5.7,30,62313,27813.0,910476,499891.0,28963,329558.0,34712.0,490260,2683764.0,637294.0,2006R_GLUT1_647_WGA_594_040724_0002
2006,het,R,Male,20.6,1,Dark,0,6.6,30,25343,9727.0,314664,157879.0,12709,178237.0,11320.0,197945,856966.0,183559.0,2006R_GLUT1_647_WGA_594_040724_0002
2006,het,R,Male,20.6,1,Dark,0,6.6,30,61169,37302.0,1248925,600205.0,32044,463038.0,43598.0,711073,3913361.0,753566.0,2006R_GLUT1_647_WGA_594_040724_0002
2006,het,R,Male,20.6,1,Dark,0,5.4,30,40377,27430.0,555743,289096.0,21776,180064.0,36942.0,343195,1378276.0,400008.0,2006R_GLUT1_647_WGA_594_040724_0002
2006,het,R,Male,20.6,1,Dark,0,6.0,30,119282,58234.0,1827266,811377.0,62109,739769.0,72533.0,1082621,6111505.0,1074171.0,2006R_GLUT1_647_WGA_594_040724_0002
2006,het,R,Male,20.6,0,Dark,0,6.3,30,150349,57692.0,1696072,895930.0,79946,785661.0,72464.0,1080368,6295138.0,1133990.0,2006R_GLUT1_647_WGA_594_040724_0002
2006,het,R,Male,20.6,0,Dark,0,5.4,30,231151,105166.0,3228773,1523646.0,117372,1070366.0,161592.0,1862908,10069250.0,2108869.0,2006R_GLUT1_647_WGA_594_040724_0002
2006,het,R,Male,20.6,1,Dark,0,6.45,30,85269,37940.0,1424595,683091.0,39755,540889.0,43109.0,723044,4694912.0,782371.0,2006R_GLUT1_647_WGA_594_040724_0002
2006,het,R,Male,20.6,0,Dark,0,6.15,30,127238,56368.0,1742578,712330.0,59979,692722.0,61776.0,935973,5953337.0,882509.0,2006R_GLUT1_647_WGA_594_040724_0002
2006,het,R,Male,20.6,0,Dark,0,5.4,30,149472,36441.0,1149105,576349.0,247063,405285.0,46319.0,2189114,3745382.0,738236.0,2006R_GLUT1_647_WGA_594_040724_0002
2006,het,R,Male,20.6,0,Dark,0,4.5,30,89485,39956.0,1115336,472361.0,55957,265299.0,53458.0,775083,2624515.0,594467.0,2006R_GLUT1_647_WGA_594_040724_0002
2006,het,R,Male,20.6,0,Dark,0,6.45,30,140480,73138.0,2112127,1056837.0,63039,1012031.0,80711.0,1038316,7977945.0,1290196.0,2006R_GLUT1_647_WGA_594_040724_0002
2006,het,R,Male,20.6,1,Dark,0,5.7,30,99488,60721.0,1390286,768670.0,52073,590206.0,79625.0,853839,4268360.0,1065778.0,2006R_GLUT1_647_WGA_594_040724_0002
2006,het,R,Male,20.6,0,Dark,0,5.7,30,136502,38007.0,1129214,679619.0,190065,500758.0,44284.0,2209547,4167449.0,794576.0,2006R_GLUT1_647_WGA_594_040724_0002
2006,het,R,Male,20.6,0,Dark,0,5.1,30,130041,41156.0,995664,665259.0,219802,372462.0,48228.0,1722619,3371161.0,804581.0,2006R_GLUT1_647_WGA_594_040724_0002
2006,het,R,Male,20.6,0,Dark,0,4.65,30,107388,36175.0,1090170,644558.0,190650,312440.0,44846.0,1974058,3262517.0,811205.0,2006R_GLUT1_647_WGA_594_040724_0002
2006,het,R,Male,20.6,0,Dark,0,6.9,30,88459,31590.0,1110085,434903.0,37829,592091.0,36194.0,553791,4043341.0,549169.0,2006R_GLUT1_647_WGA_594_040724_0002
2006,het,R,Male,20.6,0,Dark,0,4.65,30,213625,83304.0,1498762,1179080.0,355816,705011.0,98465.0,2597004,5073438.0,1502528.0,2006R_GLUT1_647_WGA_594_040724_0002
2006,het,R,Male,20.6,0,Dark,0,5.4,30,141212,106330.0,2000812,1067784.0,60939,809709.0,136792.0,1020927,5789410.0,1486879.0,2006R_GLUT1_647_WGA_594_040724_0002
2006,het,R,Male,20.6,0,Dark,0,4.95,30,101578,31250.0,774225,517490.0,212861,276292.0,34924.0,1287893,2667892.0,619204.0,2006R_GLUT1_647_WGA_594_040724_0002
2006,het,R,Male,20.6,0,Dark,0,6.0,30,122512,74356.0,1977922,925508.0,61987,758071.0,98303.0,1172022,6180178.0,1232387.0,2006R_GLUT1_647_WGA_594_040724_0002
2006,het,R,Male,20.6,0,Dark,0,6.6,30,128230,57202.0,1777316,896175.0,52605,721260.0,67193.0,845582,6075618.0,1100550.0,2006R_GLUT1_647_WGA_594_040724_0002
2006,het,R,Male,20.6,0,Dark,0,3.3,30,67085,13532.0,1171000,527816.0,162650,108515.0,26536.0,1863913,2595379.0,746428.0,2006R_GLUT1_647_WGA_594_040724_0002
2006,het,R,Male,20.6,0,Dark,0,4.8,30,71045,26311.0,667068,519761.0,126405,229300.0,31516.0,1209806,2446092.0,592319.0,2006R_GLUT1_647_WGA_594_040724_0002
2006,het,R,Male,20.6,0,Dark,0,6.75,30,71811,34257.0,1192644,570946.0,31568,555598.0,40545.0,581606,4657791.0,685891.0,2006R_GLUT1_647_WGA_594_040724_0002
2006,het,R,Male,20.6,1,Dark,0,1.95,30,195627,123975.0,1653118,1344624.0,373242,344531.0,167602.0,3267030,2782635.0,1879795.0,2006R_GLUT1_647_WGA_594_040724_0002
2006,het,R,Male,20.6,0,Dark,0,3.3,30,110262,53505.0,849975,824738.0,198109,240761.0,68681.0,1499020,2355692.0,1017463.0,2006R_GLUT1_647_WGA_594_040724_0002
2006,het,R,Male,20.6,0,Dark,0,4.35,30,48567,21201.0,697315,458228.0,99001,122594.0,25477.0,1370581,1662210.0,549961.0,2006R_GLUT1_647_WGA_594_040724_0002
2006,het,R,Male,20.6,0,Dark,0,5.55,30,81387,65566.0,1316065,720126.0,40156,687319.0,77366.0,733876,3676233.0,999181.0,2006R_GLUT1_647_WGA_594_040724_0002
2006,het,R,Male,20.6,0,Dark,0,6.0,30,72324,40922.0,1109740,636813.0,38998,373435.0,47700.0,701031,3269069.0,820812.0,2006R_GLUT1_647_WGA_594_040724_0002
2006,het,R,Male,20.6,0,Dark,0,5.7,30,59609,47328.0,933543,669994.0,27324,305290.0,52904.0,483126,2803611.0,848105.0,2006R_GLUT1_647_WGA_594_040724_0002
2006,het,R,Male,20.6,0,Dark,0,3.15,30,89512,27498.0,1589778,1032515.0,51459,190829.0,37681.0,976250,3971832.0,1216015.0,2006R_GLUT1_647_WGA_594_040724_0002
2006,het,R,Male,20.6,0,Dark,0,6.9,30,64270,31867.0,995008,416801.0,34808,478266.0,36602.0,551324,3253669.0,515728.0,2006R_GLUT1_647_WGA_594_040724_0002
2006,het,R,Male,20.6,0,Dark,0,4.5,30,87640,38735.0,591378,535893.0,146071,304045.0,42139.0,965059,2284292.0,626602.0,2006R_GLUT1_647_WGA_594_040724_0002
2006,het,R,Male,20.6,0,Dark,0,5.85,30,145244,71273.0,2078323,1134867.0,77473,885567.0,82839.0,1280939,7360428.0,1495106.0,2006R_GLUT1_647_WGA_594_040724_0002
2006,het,R,Male,20.6,0,Dark,0,4.35,30,39342,24564.0,1010271,598807.0,109033,108450.0,36653.0,1817026,2882524.0,726296.0,2006R_GLUT1_647_WGA_594_040724_0002
2006,het,R,Male,20.6,0,Dark,0,3.6,30,12951,7927.0,296607,169837.0,8035,49355.0,11491.0,222497,727022.0,232416.0,2006R_GLUT1_647_WGA_594_040724_0002
2006,het,R,Male,20.6,0,Dark,0,3.15,30,71105,29190.0,1171291,749416.0,38379,206308.0,40599.0,737037,2848260.0,996592.0,2006R_GLUT1_647_WGA_594_040724_0002
2006,het,R,Male,20.6,0,Dark,0,3.3,30,64731,18557.0,530051,415818.0,102074,128660.0,22979.0,779568,1320883.0,494522.0,2006R_GLUT1_647_WGA_594_040724_0002
2006,het,R,Male,20.6,0,Dark,0,4.05,30,71512,39775.0,921274,486202.0,39227,309913.0,61834.0,593549,2412279.0,677218.0,2006R_GLUT1_647_WGA_594_040724_0002
2006,het,R,Male,20.6,0,Dark,0,3.45,30,138513,67865.0,1032391,1019803.0,248664,379343.0,77035.0,1673689,3524527.0,1207739.0,2006R_GLUT1_647_WGA_594_040724_0002
2006,het,R,Male,20.6,0,Dark,0,,30,112753,,2558096,,65404,,,1597184,,,2006R_GLUT1_647_WGA_594_040724_0002
2006,het,R,Male,20.6,0,Dark,0,4.95,30,10629,10944.0,183441,99833.0,6669,76186.0,12290.0,135786,528004.0,136421.0,2006R_GLUT1_647_WGA_594_040724_0002
2007,het,L,Male,20.9,0,Dark,0,4.95,30,61228,26220.0,845910,616416.0,45516,238877.0,36260.0,610083,2559363.0,864731.0,2007L_GLUT1_647_WGA_594_040724_0001
2007,het,L,Male,20.9,0,Dark,0,5.25,30,20977,8930.0,354490,257170.0,15757,72365.0,12242.0,264650,1064992.0,351916.0,2007L_GLUT1_647_WGA_594_040724_0001
2007,het,L,Male,20.9,0,Dark,0,4.35,30,18544,7223.0,288233,208458.0,13486,62221.0,10396.0,203072,876333.0,279062.0,2007L_GLUT1_647_WGA_594_040724_0001
2007,het,L,Male,20.9,0,Dark,0,5.25,30,49267,19017.0,860127,506776.0,32514,229130.0,28053.0,602141,2230367.0,714584.0,2007L_GLUT1_647_WGA_594_040724_0001
2007,het,L,Male,20.9,0,Dark,0,4.2,30,57307,25040.0,1185787,534722.0,38719,146216.0,42292.0,853764,2316300.0,873099.0,2007L_GLUT1_647_WGA_594_040724_0001
2007,het,L,Male,20.9,0,Dark,0,4.5,30,97375,39572.0,1281389,767032.0,85394,278246.0,57226.0,1068356,3730195.0,1068144.0,2007L_GLUT1_647_WGA_594_040724_0001
2007,het,L,Male,20.9,0,Dark,0,4.65,30,70055,27339.0,1195826,805735.0,47481,231449.0,38009.0,823937,3494359.0,1043183.0,2007L_GLUT1_647_WGA_594_040724_0001
2007,het,L,Male,20.9,0,Dark,0,5.1,30,120802,52565.0,2382880,1803526.0,76765,433319.0,79480.0,1554230,7742263.0,2457228.0,2007L_GLUT1_647_WGA_594_040724_0001
2007,het,L,Male,20.9,0,Dark,0,4.2,30,166926,99518.0,2919867,2302986.0,104730,617622.0,136491.0,1934306,7955598.0,3184973.0,2007L_GLUT1_647_WGA_594_040724_0001
2007,het,L,Male,20.9,0,Dark,0,5.1,30,53450,16080.0,580819,390144.0,45954,173908.0,21382.0,470800,1804636.0,528526.0,2007L_GLUT1_647_WGA_594_040724_0001
2007,het,L,Male,20.9,0,Dark,0,5.1,30,101451,41146.0,1829771,1248182.0,85577,314456.0,59817.0,1569657,5397001.0,1673090.0,2007L_GLUT1_647_WGA_594_040724_0001
2007,het,L,Male,20.9,1,Dark,0,4.05,30,85329,41580.0,1462638,1080716.0,51798,296361.0,60383.0,942903,3899630.0,1481342.0,2007L_GLUT1_647_WGA_594_040724_0001
2007,het,L,Male,20.9,0,Dark,0,1.95,30,113441,40802.0,1750076,1608351.0,81590,184295.0,60245.0,1390775,3185327.0,2157627.0,2007L_GLUT1_647_WGA_594_040724_0001
2007,het,L,Male,20.9,0,Dark,0,5.1,30,105043,50458.0,1651773,1147700.0,74715,533331.0,66263.0,1275850,4985495.0,1602977.0,2007L_GLUT1_647_WGA_594_040724_0001
2007,het,L,Male,20.9,0,Dark,0,5.25,30,111299,42865.0,2004337,1281685.0,83386,361056.0,61354.0,1650007,5764722.0,1722950.0,2007L_GLUT1_647_WGA_594_040724_0001
2007,het,L,Male,20.9,0,Dark,0,5.55,30,85975,37156.0,1504484,1052635.0,69575,391687.0,52807.0,1196626,4693773.0,1409187.0,2007L_GLUT1_647_WGA_594_040724_0001
2007,het,L,Male,20.9,0,Dark,0,4.35,30,106948,60728.0,2217923,1742630.0,74336,437912.0,84792.0,1681822,6438048.0,2305692.0,2007L_GLUT1_647_WGA_594_040724_0001
2007,het,L,Male,20.9,0,Dark,0,3.75,30,31345,16953.0,653841,481888.0,22204,98528.0,26040.0,522171,1561930.0,659588.0,2007L_GLUT1_647_WGA_594_040724_0001
2007,het,L,Male,20.9,0,Dark,0,4.8,30,78877,41539.0,1359503,1044912.0,56318,411548.0,55663.0,1040060,4118841.0,1432954.0,2007L_GLUT1_647_WGA_594_040724_0001
2007,het,L,Male,20.9,0,Dark,0,3.9,30,97419,43835.0,1582867,1216078.0,63239,338037.0,64022.0,1172612,4251852.0,1639230.0,2007L_GLUT1_647_WGA_594_040724_0001
2007,het,L,Male,20.9,0,Dark,0,3.0,30,184240,46402.0,2589293,1867454.0,140353,339206.0,77478.0,2141865,7369686.0,2581444.0,2007L_GLUT1_647_WGA_594_040724_0001
2007,het,L,Male,20.9,0,Dark,0,3.45,30,178778,56107.0,2964699,2025870.0,129965,351506.0,97728.0,2358309,7914275.0,2852342.0,2007L_GLUT1_647_WGA_594_040724_0001
2007,het,L,Male,20.9,1,Dark,0,4.05,30,25802,16472.0,505418,416951.0,17350,84106.0,22384.0,402274,1258321.0,564140.0,2007L_GLUT1_647_WGA_594_040724_0001
2007,het,L,Male,20.9,0,Dark,0,3.9,30,93312,59245.0,1664694,974268.0,60736,397220.0,88251.0,1147267,4131161.0,1535272.0,2007L_GLUT1_647_WGA_594_040724_0001
2007,het,L,Male,20.9,0,Dark,0,3.75,30,70213,38427.0,992304,571537.0,55967,236905.0,57222.0,852036,2001053.0,989107.0,2007L_GLUT1_647_WGA_594_040724_0001
2007,het,L,Male,20.9,1,Dark,0,4.2,30,117388,77797.0,2238537,1922881.0,78659,465795.0,104007.0,1717154,6496364.0,2585698.0,2007L_GLUT1_647_WGA_594_040724_0001
2007,het,L,Male,20.9,0,Dark,0,4.65,30,33526,16255.0,606976,478397.0,21164,128043.0,23523.0,420835,1740503.0,648043.0,2007L_GLUT1_647_WGA_594_040724_0001
2007,het,L,Male,20.9,1,Dark,0,2.25,30,119416,80070.0,2171546,1683741.0,87031,258469.0,93925.0,1632862,3564474.0,2122497.0,2007L_GLUT1_647_WGA_594_040724_0001
2007,het,L,Male,20.9,0,Dark,0,4.2,30,161262,86860.0,2934807,2359730.0,97053,610183.0,121104.0,1909193,8689855.0,3195977.0,2007L_GLUT1_647_WGA_594_040724_0001
2007,het,L,Male,20.9,0,Dark,0,6.6,30,53495,21286.0,964092,656356.0,33766,215624.0,25783.0,672637,3418885.0,710977.0,2007L_GLUT1_647_WGA_594_040724_0001
2007,het,L,Male,20.9,1,Dark,0,4.2,30,120013,76585.0,2091713,1946761.0,70480,531970.0,102619.0,1331452,6605943.0,2540631.0,2007L_GLUT1_647_WGA_594_040724_0001
2007,het,L,Male,20.9,1,Dark,0,6.3,30,51302,25263.0,915407,694551.0,33780,230809.0,36488.0,623420,3409659.0,967304.0,2007L_GLUT1_647_WGA_594_040724_0001
2007,het,L,Male,20.9,0,Dark,0,3.75,30,74374,25179.0,1217579,842026.0,42819,200356.0,41705.0,798213,3358259.0,1180039.0,2007L_GLUT1_647_WGA_594_040724_0001
2007,het,L,Male,20.9,0,Dark,0,4.35,30,82197,42232.0,1299746,1047152.0,52018,331999.0,58041.0,801946,4006711.0,1412930.0,2007L_GLUT1_647_WGA_594_040724_0001
2007,het,L,Male,20.9,0,Dark,0,3.9,30,149973,78530.0,2285113,1465820.0,108165,418169.0,118854.0,1677816,5512642.0,2111006.0,2007L_GLUT1_647_WGA_594_040724_0001
2007,het,L,Male,20.9,0,Dark,0,5.25,30,60746,31380.0,1181677,880777.0,40414,315810.0,44974.0,866145,3592192.0,1181640.0,2007L_GLUT1_647_WGA_594_040724_0001
2007,het,L,Male,20.9,0,Dark,0,4.05,30,244011,147366.0,4410552,3311543.0,156864,1012647.0,191338.0,3173286,11647918.0,4448973.0,2007L_GLUT1_647_WGA_594_040724_0001
2007,het,L,Male,20.9,0,Dark,0,2.4,30,83449,34098.0,1814366,1413439.0,52818,164763.0,53827.0,1255954,4227839.0,1900904.0,2007L_GLUT1_647_WGA_594_040724_0001
2007,het,L,Male,20.9,1,Dark,0,4.65,30,127751,74044.0,2028854,1514898.0,76950,639566.0,98105.0,1362242,6268783.0,2031844.0,2007L_GLUT1_647_WGA_594_040724_0001
2007,het,L,Male,20.9,0,Dark,0,4.8,30,102030,52234.0,1816392,1416435.0,69585,406723.0,72384.0,1464224,5445546.0,1897720.0,2007L_GLUT1_647_WGA_594_040724_0001
2007,het,L,Male,20.9,0,Dark,0,,30,49770,,1182526,,100991,,,1771831,,,2007L_GLUT1_647_WGA_594_040724_0001
2007,het,L,Male,20.9,1,Dark,0,3.75,30,190275,104056.0,2771483,2175874.0,129011,660144.0,135781.0,2088634,7164459.0,2849834.0,2007L_GLUT1_647_WGA_594_040724_0001
2007,het,L,Male,20.9,0,Dark,0,4.05,30,183089,99735.0,2859142,2205673.0,111793,655863.0,131644.0,2048786,8017585.0,2937416.0,2007L_GLUT1_647_WGA_594_040724_0001
2007,het,L,Male,20.9,0,Dark,0,4.95,30,103700,43649.0,1428859,975885.0,65282,375454.0,60410.0,1069075,3995611.0,1358788.0,2007L_GLUT1_647_WGA_594_040724_0001
2007,het,L,Male,20.9,0,Dark,0,4.2,30,88283,50853.0,1303357,1056871.0,54873,404240.0,66810.0,960434,3737013.0,1427604.0,2007L_GLUT1_647_WGA_594_040724_0001
2007,het,L,Male,20.9,0,Dark,0,2.85,30,236621,103081.0,4693455,3900228.0,147794,497035.0,183766.0,3166775,13171885.0,5419901.0,2007L_GLUT1_647_WGA_594_040724_0001
2007,het,L,Male,20.9,0,Dark,0,7.05,30,78081,26851.0,1436985,710513.0,51092,443904.0,13333.0,1075171,5293660.0,356102.0,2007L_GLUT1_647_WGA_594_040724_0001
2007,het,L,Male,20.9,0,Dark,0,4.8,30,130633,72159.0,2417056,1809301.0,82796,569178.0,101683.0,1749807,7625808.0,2475433.0,2007L_GLUT1_647_WGA_594_040724_0001
2007,het,L,Male,20.9,1,Dark,0,4.8,30,91800,45519.0,1336783,982649.0,60916,317081.0,62149.0,1066315,3636720.0,1327554.0,2007L_GLUT1_647_WGA_594_040724_0001
2007,het,L,Male,20.9,0,Dark,0,4.2,30,110588,86184.0,2066348,1797984.0,61417,482071.0,111965.0,1309102,6401779.0,2361348.0,2007L_GLUT1_647_WGA_594_040724_0001
2007,het,L,Male,20.9,1,Dark,0,5.25,30,57249,30531.0,924407,829228.0,38799,225157.0,40972.0,758571,3016284.0,1047187.0,2007L_GLUT1_647_WGA_594_040724_0001
2007,het,L,Male,20.9,0,Dark,0,4.5,30,115481,63970.0,1708188,1380914.0,72484,548216.0,85552.0,1326822,5311799.0,1890385.0,2007L_GLUT1_647_WGA_594_040724_0001
2007,het,L,Male,20.9,0,Dark,0,4.65,30,176849,81917.0,2397835,1902662.0,114241,664914.0,113824.0,1870080,7300443.0,2616786.0,2007L_GLUT1_647_WGA_594_040724_0001
2007,het,L,Male,20.9,0,Dark,0,4.5,30,59068,40452.0,1162283,1055089.0,37526,217528.0,59471.0,896407,3681674.0,1439523.0,2007L_GLUT1_647_WGA_594_040724_0001
2007,het,L,Male,20.9,0,Dark,0,4.35,30,56842,34012.0,789085,834586.0,34298,223650.0,45919.0,611651,2620316.0,1140328.0,2007L_GLUT1_647_WGA_594_040724_0001
2007,het,L,Male,20.9,0,Dark,0,3.15,30,140118,87428.0,1600171,1692195.0,83923,473579.0,120749.0,1136661,4448270.0,2314440.0,2007L_GLUT1_647_WGA_594_040724_0001
2007,het,L,Male,20.9,1,Dark,0,4.8,30,129365,75945.0,1866799,1666769.0,74069,575028.0,104650.0,1300175,7099646.0,2298724.0,2007L_GLUT1_647_WGA_594_040724_0001
2007,het,L,Male,20.9,0,Dark,0,4.95,30,214585,125424.0,2972960,2380413.0,123637,1243888.0,160226.0,2005299,10776322.0,3189721.0,2007L_GLUT1_647_WGA_594_040724_0001
2007,het,L,Male,20.9,0,Dark,0,4.65,30,66723,42937.0,1172665,959374.0,42429,358560.0,59314.0,854066,3422126.0,1333813.0,2007L_GLUT1_647_WGA_594_040724_0001
2007,het,L,Male,20.9,0,Dark,0,5.4,30,21528,10886.0,349137,264965.0,12240,93029.0,15357.0,232872,1083586.0,357718.0,2007L_GLUT1_647_WGA_594_040724_0001
2007,het,L,Male,20.9,0,Dark,0,5.25,30,133593,66199.0,1939248,1622897.0,75575,614549.0,93477.0,1298190,7172787.0,2124565.0,2007L_GLUT1_647_WGA_594_040724_0001
2007,het,L,Male,20.9,0,Dark,0,4.35,30,79420,57902.0,1147081,1164733.0,45865,484278.0,73469.0,756945,3875888.0,1591704.0,2007L_GLUT1_647_WGA_594_040724_0001
2007,het,L,Male,20.9,1,Dark,0,4.8,30,105113,65993.0,1647241,1434135.0,66112,471087.0,87433.0,1240412,5616452.0,1934804.0,2007L_GLUT1_647_WGA_594_040724_0001
2007,het,L,Male,20.9,0,Dark,0,4.05,30,80339,61189.0,1227917,1287430.0,48192,428453.0,79039.0,933066,4096527.0,1719299.0,2007L_GLUT1_647_WGA_594_040724_0001
2007,het,L,Male,20.9,0,Dark,0,4.5,30,102598,63656.0,1272764,1367373.0,60457,614112.0,83097.0,953709,4655059.0,1827182.0,2007L_GLUT1_647_WGA_594_040724_0001
2007,het,L,Male,20.9,0,Dark,0,4.05,30,88794,45373.0,988747,1260158.0,50700,337231.0,65010.0,721308,4199831.0,1680602.0,2007L_GLUT1_647_WGA_594_040724_0001
2007,het,L,Male,20.9,0,Dark,0,4.65,30,110135,55470.0,1425643,1285955.0,64536,446963.0,74829.0,1002403,4879239.0,1696392.0,2007L_GLUT1_647_WGA_594_040724_0001
2007,het,L,Male,20.9,0,Dark,0,4.5,30,123658,60477.0,1304604,1330030.0,69839,643346.0,81581.0,915760,4685648.0,1782942.0,2007L_GLUT1_647_WGA_594_040724_0001
2007,het,L,Male,20.9,1,Dark,0,4.95,30,89136,65308.0,1388504,1488346.0,49076,429990.0,87098.0,975015,5330986.0,1962483.0,2007L_GLUT1_647_WGA_594_040724_0001
2007,het,L,Male,20.9,0,Dark,0,1.7999999999999998,30,117109,41923.0,1338118,1412564.0,81014,151954.0,72647.0,922987,2819799.0,1935258.0,2007L_GLUT1_647_WGA_594_040724_0001
2007,het,L,Male,20.9,1,Dark,0,3.6,30,142828,100028.0,1689284,1497229.0,73480,511399.0,149821.0,1111494,4810847.0,2381087.0,2007L_GLUT1_647_WGA_594_040724_0001
2007,het,L,Male,20.9,0,Dark,0,4.35,30,116277,54191.0,1356854,1221427.0,74261,433544.0,72637.0,1077037,4361139.0,1659395.0,2007L_GLUT1_647_WGA_594_040724_0001
2007,het,L,Male,20.9,0,Dark,0,4.35,30,25618,16386.0,289030,305405.0,14922,129198.0,22027.0,217551,953404.0,413661.0,2007L_GLUT1_647_WGA_594_040724_0001
2007,het,L,Male,20.9,1,Dark,0,4.05,30,73665,57477.0,1658433,1221272.0,40435,315387.0,75124.0,970933,3864619.0,1728039.0,2007L_GLUT1_647_WGA_594_040724_0002
2007,het,L,Male,20.9,0,Dark,0,4.65,30,13200,9732.0,346201,231023.0,5711,84354.0,13414.0,155860,919453.0,324743.0,2007L_GLUT1_647_WGA_594_040724_0002
2007,het,L,Male,20.9,0,Dark,0,4.2,30,149078,91290.0,2998087,2133414.0,60653,640916.0,114423.0,1284625,7389228.0,2925859.0,2007L_GLUT1_647_WGA_594_040724_0002
2007,het,L,Male,20.9,1,Dark,0,4.35,30,95439,85542.0,2395385,1833512.0,39310,508416.0,114842.0,1028089,6475650.0,2592336.0,2007L_GLUT1_647_WGA_594_040724_0002
2007,het,L,Male,20.9,0,Dark,0,3.3,30,235056,116581.0,3722502,2006831.0,93685,711943.0,189620.0,1611408,8261875.0,2923388.0,2007L_GLUT1_647_WGA_594_040724_0002
2007,het,L,Male,20.9,0,Dark,0,3.75,30,46077,19870.0,677461,550481.0,24088,126269.0,28854.0,387458,1993493.0,719556.0,2007L_GLUT1_647_WGA_594_040724_0002
2007,het,L,Male,20.9,0,Dark,0,4.35,30,95259,48968.0,1811257,1333716.0,50001,444388.0,69065.0,1018500,4630536.0,1880195.0,2007L_GLUT1_647_WGA_594_040724_0002
2007,het,L,Male,20.9,0,Dark,0,5.4,30,222745,88250.0,4314743,2729031.0,112750,818557.0,127959.0,2320018,13240226.0,3660097.0,2007L_GLUT1_647_WGA_594_040724_0002
2007,het,L,Male,20.9,1,Dark,0,4.35,30,75285,48073.0,1938054,1430696.0,39323,312163.0,70588.0,1069604,4828202.0,1978470.0,2007L_GLUT1_647_WGA_594_040724_0002
2007,het,L,Male,20.9,0,Dark,0,2.25,30,124368,112415.0,2374853,1747614.0,64183,287115.0,179805.0,1329112,3906432.0,2561711.0,2007L_GLUT1_647_WGA_594_040724_0002
2007,het,L,Male,20.9,0,Dark,0,4.2,30,113769,77088.0,2567805,1828907.0,58904,490355.0,98441.0,1426262,6213322.0,2445725.0,2007L_GLUT1_647_WGA_594_040724_0002
2007,het,L,Male,20.9,0,Dark,0,4.35,30,76673,47996.0,1647399,1150049.0,39152,407085.0,64530.0,914107,3976004.0,1588018.0,2007L_GLUT1_647_WGA_594_040724_0002
2007,het,L,Male,20.9,0,Dark,0,5.1,30,142529,72992.0,3049161,2041167.0,73125,569278.0,100125.0,1655799,8840579.0,2720209.0,2007L_GLUT1_647_WGA_594_040724_0002
2007,het,L,Male,20.9,0,Dark,0,5.4,30,102261,37162.0,1796330,1242212.0,50789,317091.0,54803.0,971319,5655660.0,1657583.0,2007L_GLUT1_647_WGA_594_040724_0002
2007,het,L,Male,20.9,0,Dark,0,4.95,30,30062,16582.0,650397,482303.0,17878,139489.0,23439.0,434394,1745224.0,641966.0,2007L_GLUT1_647_WGA_594_040724_0002
2007,het,L,Male,20.9,0,Dark,0,4.65,30,139085,26826.0,1441052,976239.0,86702,293459.0,42081.0,984584,4554707.0,1305143.0,2007L_GLUT1_647_WGA_594_040724_0002
2007,het,L,Male,20.9,0,Dark,0,4.05,30,76572,43668.0,1298128,877599.0,48410,318407.0,57166.0,890540,2876456.0,1257335.0,2007L_GLUT1_647_WGA_594_040724_0002
2007,het,L,Male,20.9,0,Dark,0,3.6,30,152950,36273.0,2012916,1486967.0,89424,294112.0,63355.0,1341005,5104792.0,2036221.0,2007L_GLUT1_647_WGA_594_040724_0002
2007,het,L,Male,20.9,0,Dark,0,3.9,30,202613,121354.0,3650944,2765226.0,117316,975281.0,149723.0,2404080,9170719.0,3836184.0,2007L_GLUT1_647_WGA_594_040724_0002
2007,het,L,Male,20.9,0,Dark,0,5.25,30,89405,50613.0,2009664,1388580.0,52768,444104.0,72410.0,1298837,6479480.0,1914022.0,2007L_GLUT1_647_WGA_594_040724_0002
2007,het,L,Male,20.9,0,Dark,0,5.4,30,97518,51718.0,2473309,1441625.0,58624,419883.0,73275.0,1596614,6462820.0,1943276.0,2007L_GLUT1_647_WGA_594_040724_0002
2007,het,L,Male,20.9,0,Dark,0,4.65,30,88466,43938.0,1614604,1181957.0,53615,422665.0,61809.0,1083984,4127107.0,1614326.0,2007L_GLUT1_647_WGA_594_040724_0002
2007,het,L,Male,20.9,0,Dark,0,3.6,30,105566,78128.0,1937801,1810086.0,59915,447248.0,95295.0,1217795,5086112.0,2407744.0,2007L_GLUT1_647_WGA_594_040724_0002
2007,het,L,Male,20.9,0,Dark,0,2.85,30,157750,63245.0,3282446,2214558.0,103841,297879.0,114215.0,2405298,7266851.0,3150504.0,2007L_GLUT1_647_WGA_594_040724_0002
2007,het,L,Male,20.9,0,Dark,0,4.95,30,84754,42957.0,1651999,1141800.0,46418,374693.0,60676.0,1006560,4896232.0,1526244.0,2007L_GLUT1_647_WGA_594_040724_0002
2007,het,L,Male,20.9,1,Dark,0,4.2,30,128593,79905.0,2599957,1858580.0,84057,475531.0,114314.0,1944250,6402812.0,2577267.0,2007L_GLUT1_647_WGA_594_040724_0002
2007,het,L,Male,20.9,0,Dark,0,4.5,30,41896,31790.0,1158288,841462.0,29454,154289.0,46005.0,872786,2794982.0,1162092.0,2007L_GLUT1_647_WGA_594_040724_0002
2007,het,L,Male,20.9,0,Dark,0,5.1,30,80319,41386.0,1640386,1092268.0,50133,400646.0,58637.0,1182963,4420366.0,1476578.0,2007L_GLUT1_647_WGA_594_040724_0002
2007,het,L,Male,20.9,0,Dark,0,3.75,30,145447,94569.0,2754717,2231739.0,91298,578146.0,122450.0,1957915,6931259.0,3055899.0,2007L_GLUT1_647_WGA_594_040724_0002
2007,het,L,Male,20.9,0,Dark,0,3.9,30,48787,34873.0,1071111,971094.0,31541,223779.0,46789.0,769409,2543961.0,1308981.0,2007L_GLUT1_647_WGA_594_040724_0002
2007,het,L,Male,20.9,0,Dark,0,5.55,30,68276,34506.0,1551028,919798.0,44641,307293.0,50543.0,1076606,4423507.0,1285789.0,2007L_GLUT1_647_WGA_594_040724_0002
2007,het,L,Male,20.9,0,Dark,0,4.35,30,16087,8766.0,264688,240999.0,9293,66054.0,12521.0,182696,613173.0,327578.0,2007L_GLUT1_647_WGA_594_040724_0002
2007,het,L,Male,20.9,1,Dark,0,4.95,30,27758,16253.0,591499,464583.0,15109,118704.0,22569.0,354930,1707901.0,625228.0,2007L_GLUT1_647_WGA_594_040724_0002
2007,het,L,Male,20.9,0,Dark,0,4.5,30,60245,34183.0,1077192,921553.0,35493,275070.0,48880.0,722454,2790900.0,1229012.0,2007L_GLUT1_647_WGA_594_040724_0002
2007,het,L,Male,20.9,0,Dark,0,6.0,30,23257,9398.0,370763,283291.0,14292,100697.0,14166.0,246682,1427768.0,387373.0,2007L_GLUT1_647_WGA_594_040724_0002
2007,het,L,Male,20.9,0,Dark,0,5.1,30,100252,59592.0,2230323,1509602.0,58146,560175.0,81774.0,1372171,6311365.0,2072952.0,2007L_GLUT1_647_WGA_594_040724_0002
2007,het,L,Male,20.9,0,Dark,0,3.9,30,17010,9928.0,312260,262116.0,9277,69969.0,13835.0,187757,908495.0,360250.0,2007L_GLUT1_647_WGA_594_040724_0002
2007,het,L,Male,20.9,1,Dark,0,4.5,30,58586,45058.0,1393400,1149331.0,34586,263052.0,63707.0,860718,4041724.0,1596898.0,2007L_GLUT1_647_WGA_594_040724_0002
2007,het,L,Male,20.9,0,Dark,0,4.05,30,102043,66418.0,2103669,1714591.0,57608,473479.0,91460.0,1272532,6288226.0,2321430.0,2007L_GLUT1_647_WGA_594_040724_0002
2007,het,L,Male,20.9,0,Dark,0,4.5,30,20096,10549.0,357753,263217.0,10663,73744.0,13995.0,219500,915049.0,325322.0,2007L_GLUT1_647_WGA_594_040724_0002
2007,het,L,Male,20.9,0,Dark,0,4.65,30,42132,27932.0,892870,775634.0,26389,204326.0,37317.0,605970,2569993.0,1028650.0,2007L_GLUT1_647_WGA_594_040724_0002
2007,het,L,Male,20.9,0,Dark,0,4.95,30,113609,73811.0,2519792,1986735.0,64128,553807.0,104084.0,1482314,8527384.0,2654738.0,2007L_GLUT1_647_WGA_594_040724_0002
2007,het,L,Male,20.9,0,Dark,0,5.25,30,205666,104114.0,4948690,2506140.0,131011,846343.0,156261.0,3484677,13800819.0,3549122.0,2007L_GLUT1_647_WGA_594_040724_0002
2007,het,L,Male,20.9,0,Dark,0,4.05,30,55219,38088.0,1058785,856515.0,29909,247414.0,51495.0,588628,2684538.0,1199902.0,2007L_GLUT1_647_WGA_594_040724_0002
2007,het,L,Male,20.9,0,Dark,0,4.35,30,38861,26045.0,1156611,907027.0,25943,113695.0,41057.0,775882,3554088.0,1180386.0,2007L_GLUT1_647_WGA_594_040724_0002
2007,het,L,Male,20.9,0,Dark,0,4.5,30,117952,78479.0,2491634,2187706.0,72210,628553.0,106212.0,1656519,7561131.0,2924440.0,2007L_GLUT1_647_WGA_594_040724_0002
2007,het,L,Male,20.9,0,Dark,0,4.8,30,161139,85852.0,3169305,2330035.0,99045,648855.0,121199.0,2107474,9971996.0,3210818.0,2007L_GLUT1_647_WGA_594_040724_0002
2007,het,L,Male,20.9,0,Dark,0,4.8,30,80588,49355.0,1822974,1191211.0,48496,385143.0,67599.0,1213385,4790417.0,1666177.0,2007L_GLUT1_647_WGA_594_040724_0002
2007,het,L,Male,20.9,0,Dark,0,3.0,30,91776,51374.0,2401652,2064328.0,55487,214377.0,87458.0,1536450,6008981.0,2638124.0,2007L_GLUT1_647_WGA_594_040724_0002
2007,het,L,Male,20.9,0,Dark,0,4.2,30,138607,89321.0,2378172,1960204.0,77344,652452.0,127103.0,1506747,6959487.0,2712498.0,2007L_GLUT1_647_WGA_594_040724_0002
2007,het,L,Male,20.9,1,Dark,0,6.45,30,76089,32215.0,1495232,880064.0,41908,400047.0,37698.0,904327,5883151.0,968852.0,2007L_GLUT1_647_WGA_594_040724_0002
2007,het,L,Male,20.9,0,Dark,0,4.8,30,112177,76429.0,2428820,1912492.0,66738,699043.0,104544.0,1533371,7374154.0,2572194.0,2007L_GLUT1_647_WGA_594_040724_0002
2007,het,L,Male,20.9,1,Dark,0,3.9,30,126108,100741.0,2712931,2259746.0,67491,719746.0,128761.0,1493497,7061574.0,3127179.0,2007L_GLUT1_647_WGA_594_040724_0002
2007,het,L,Male,20.9,0,Dark,0,3.6,30,103395,90990.0,2026132,1899032.0,56683,567341.0,112907.0,1166905,5640499.0,2652102.0,2007L_GLUT1_647_WGA_594_040724_0002
2007,het,L,Male,20.9,1,Dark,0,4.95,30,106650,73473.0,2475651,1566193.0,70047,533971.0,105059.0,1789977,6674291.0,2181087.0,2007L_GLUT1_647_WGA_594_040724_0002
2007,het,L,Male,20.9,0,Dark,0,4.8,30,60920,31709.0,1398736,982216.0,40217,254918.0,45808.0,991087,4352085.0,1345850.0,2007L_GLUT1_647_WGA_594_040724_0002
2007,het,L,Male,20.9,0,Dark,0,4.65,30,159958,89457.0,2745373,2142453.0,95215,859828.0,118953.0,1853704,8202387.0,2804825.0,2007L_GLUT1_647_WGA_594_040724_0002
2007,het,L,Male,20.9,1,Dark,0,4.35,30,134876,47062.0,1596717,1381192.0,253097,350685.0,69898.0,3351696,5824692.0,1895998.0,2007L_GLUT1_647_WGA_594_040724_0002
2007,het,L,Male,20.9,0,Dark,0,4.95,30,189798,125769.0,3884512,2901727.0,113969,1069196.0,163300.0,2560837,12675774.0,3882077.0,2007L_GLUT1_647_WGA_594_040724_0002
2007,het,L,Male,20.9,0,Dark,0,4.2,30,90282,54926.0,2052553,1453255.0,50617,439030.0,78613.0,1250206,5731895.0,1978762.0,2007L_GLUT1_647_WGA_594_040724_0002
2007,het,L,Male,20.9,0,Dark,0,5.4,30,196010,101086.0,3139812,2652636.0,114071,931151.0,145936.0,1999506,11604159.0,3601739.0,2007L_GLUT1_647_WGA_594_040724_0002
2007,het,L,Male,20.9,0,Dark,0,5.1,30,70502,48479.0,1395587,1147314.0,42308,493269.0,67470.0,885689,4668044.0,1553253.0,2007L_GLUT1_647_WGA_594_040724_0002
2007,het,L,Male,20.9,0,Dark,0,4.8,30,121494,88518.0,2886663,2080778.0,67303,741588.0,118280.0,1667734,9094459.0,2805895.0,2007L_GLUT1_647_WGA_594_040724_0002
2007,het,L,Male,20.9,0,Dark,0,,30,94597,,2202942,,59383,,,1568667,,,2007L_GLUT1_647_WGA_594_040724_0002
2007,het,L,Male,20.9,0,Dark,0,3.3,30,36462,9979.0,630142,441052.0,22933,76614.0,14927.0,450210,1566467.0,560771.0,2007L_GLUT1_647_WGA_594_040724_0002
2007,het,L,Male,20.9,1,Dark,0,4.5,30,137427,87576.0,2983697,1987533.0,84938,667196.0,116553.0,2156530,7796282.0,2697397.0,2007L_GLUT1_647_WGA_594_040724_0002
2007,het,L,Male,20.9,0,Dark,0,4.5,30,64757,49533.0,1425125,1041152.0,39227,290157.0,69378.0,1018060,3904064.0,1438823.0,2007L_GLUT1_647_WGA_594_040724_0002
2007,het,L,Male,20.9,0,Dark,0,4.35,30,66408,41117.0,1464145,1142735.0,38468,317871.0,59479.0,1001659,4160919.0,1536004.0,2007L_GLUT1_647_WGA_594_040724_0002
2007,het,L,Male,20.9,1,Dark,0,4.8,30,94302,50667.0,1841676,1252845.0,54005,412513.0,70959.0,1264131,5413878.0,1712302.0,2007L_GLUT1_647_WGA_594_040724_0002
2007,het,L,Male,20.9,0,Dark,0,4.95,30,66929,46049.0,1293330,933006.0,37946,405829.0,64877.0,850917,4325188.0,1305468.0,2007L_GLUT1_647_WGA_594_040724_0002
2007,het,L,Male,20.9,0,Dark,0,6.0,30,65645,29531.0,1252776,849221.0,38167,340119.0,38177.0,829586,4536606.0,1034997.0,2007L_GLUT1_647_WGA_594_040724_0002
2007,het,L,Male,20.9,0,Dark,0,4.8,30,114709,78847.0,2495689,1810645.0,69129,688607.0,104104.0,1645323,7126843.0,2464376.0,2007L_GLUT1_647_WGA_594_040724_0002
2007,het,L,Male,20.9,0,Dark,0,4.35,30,58878,40474.0,1233986,930493.0,32528,286080.0,55001.0,780270,3245327.0,1278707.0,2007L_GLUT1_647_WGA_594_040724_0002
2007,het,L,Male,20.9,0,Dark,0,4.35,30,77967,54302.0,1628288,1292343.0,42951,348323.0,74563.0,1039231,4580728.0,1726735.0,2007L_GLUT1_647_WGA_594_040724_0002
2007,het,L,Male,20.9,0,Dark,0,3.9,30,95630,56977.0,3093190,2049544.0,231495,236030.0,90809.0,4298297,8306453.0,2752103.0,2007L_GLUT1_647_WGA_594_040724_0002
2007,het,L,Male,20.9,0,Dark,0,4.8,30,35723,19583.0,849280,612331.0,22766,150801.0,29172.0,637413,2427324.0,853401.0,2007L_GLUT1_647_WGA_594_040724_0002
2007,het,L,Male,20.9,1,Dark,0,5.1,30,87432,55808.0,1905446,1416694.0,54367,490767.0,77298.0,1435527,6436925.0,1939887.0,2007L_GLUT1_647_WGA_594_040724_0002
2007,het,L,Male,20.9,0,Dark,0,3.6,30,120560,88598.0,2192896,1643130.0,72262,433510.0,119711.0,1558964,4915143.0,2272854.0,2007L_GLUT1_647_WGA_594_040724_0002
2007,het,L,Male,20.9,1,Dark,0,4.35,30,74137,51853.0,1642838,1324009.0,44450,337274.0,67293.0,1182546,4639578.0,1734732.0,2007L_GLUT1_647_WGA_594_040724_0002
2007,het,L,Male,20.9,0,Dark,0,4.5,30,143083,91140.0,3161089,2430667.0,80093,660188.0,130563.0,2076695,9847576.0,3378308.0,2007L_GLUT1_647_WGA_594_040724_0002
2007,het,L,Male,20.9,1,Dark,0,6.45,30,63308,33798.0,1337359,916535.0,38211,411512.0,25536.0,921487,4630207.0,653522.0,2007L_GLUT1_647_WGA_594_040724_0002
2007,het,L,Male,20.9,0,Dark,0,3.75,30,100021,87862.0,2111062,1647804.0,53721,479542.0,129051.0,1328664,5518256.0,2248137.0,2007L_GLUT1_647_WGA_594_040724_0002
2007,het,L,Male,20.9,0,Dark,0,5.1,30,147419,73257.0,3028828,1999002.0,79711,607984.0,105374.0,1875502,9284988.0,2653462.0,2007L_GLUT1_647_WGA_594_040724_0002
2007,het,L,Male,20.9,0,Dark,0,2.1,30,29815,11560.0,459988,463361.0,56147,36833.0,19059.0,945333,952886.0,631033.0,2007L_GLUT1_647_WGA_594_040724_0002
2007,het,L,Male,20.9,0,Dark,0,5.55,30,57378,35002.0,1477421,951000.0,31436,297980.0,50766.0,926536,4825824.0,1342013.0,2007L_GLUT1_647_WGA_594_040724_0002
2007,het,L,Male,20.9,0,Dark,0,5.1,30,72882,36933.0,1611858,1075880.0,44378,324563.0,53918.0,1155779,4575139.0,1457182.0,2007L_GLUT1_647_WGA_594_040724_0002
2007,het,L,Male,20.9,0,Dark,0,6.45,30,54729,31987.0,1349051,866348.0,29177,343858.0,23861.0,822804,5285914.0,616515.0,2007L_GLUT1_647_WGA_594_040724_0002
2007,het,L,Male,20.9,0,Dark,0,3.9,30,32576,15278.0,497844,429369.0,62870,62475.0,22446.0,919442,1549306.0,595961.0,2007L_GLUT1_647_WGA_594_040724_0002
2007,het,R,Male,20.9,0,Light Flicker,0,4.8,30,104989,85902.0,746874,670390.0,188785,462380.0,126803.0,1270346,2912881.0,930598.0,2007R_GLUT1_647_WGA_594_040724_0001
2007,het,R,Male,20.9,0,Light Flicker,0,7.649999999999999,30,120000,39564.0,741205,331481.0,95853,529254.0,56584.0,633561,2968551.0,435264.0,2007R_GLUT1_647_WGA_594_040724_0001
2007,het,R,Male,20.9,0,Light Flicker,0,4.5,30,92002,55152.0,497551,424635.0,174715,290046.0,76047.0,960876,1567099.0,580493.0,2007R_GLUT1_647_WGA_594_040724_0001
2007,het,R,Male,20.9,0,Light Flicker,0,9.6,30,148071,43080.0,977222,346291.0,128477,760417.0,28496.0,898064,4949726.0,203553.0,2007R_GLUT1_647_WGA_594_040724_0001
2007,het,R,Male,20.9,0,Light Flicker,0,5.7,30,65384,33823.0,337200,280734.0,121757,237676.0,50459.0,593948,1388227.0,373289.0,2007R_GLUT1_647_WGA_594_040724_0001
2007,het,R,Male,20.9,0,Light Flicker,0,7.949999999999999,30,202122,89840.0,1278157,735567.0,171079,979088.0,131942.0,1170771,5741353.0,980553.0,2007R_GLUT1_647_WGA_594_040724_0001
2007,het,R,Male,20.9,0,Light Flicker,0,4.5,30,50727,25595.0,225843,210404.0,41521,145840.0,39871.0,207930,732930.0,294684.0,2007R_GLUT1_647_WGA_594_040724_0001
2007,het,R,Male,20.9,0,Light Flicker,0,4.8,30,244718,155528.0,1421805,1105167.0,201854,959322.0,222620.0,1274846,4260771.0,1566181.0,2007R_GLUT1_647_WGA_594_040724_0001
2007,het,R,Male,20.9,0,Light Flicker,0,6.15,30,93490,39040.0,645455,366130.0,160335,293822.0,55471.0,1031711,1999348.0,455584.0,2007R_GLUT1_647_WGA_594_040724_0001
2007,het,R,Male,20.9,0,Light Flicker,0,6.3,30,131029,61336.0,871479,490686.0,106830,544262.0,91070.0,755690,2935279.0,682438.0,2007R_GLUT1_647_WGA_594_040724_0001
2007,het,R,Male,20.9,1,Light Flicker,0,4.65,30,210725,128599.0,1198126,1003516.0,176697,827459.0,190121.0,1094900,3907044.0,1385681.0,2007R_GLUT1_647_WGA_594_040724_0001
2007,het,R,Male,20.9,0,Light Flicker,0,5.1,30,39706,22872.0,283182,193505.0,34059,116243.0,33978.0,244337,723308.0,262730.0,2007R_GLUT1_647_WGA_594_040724_0001
2007,het,R,Male,20.9,0,Light Flicker,0,5.7,30,121554,55089.0,826742,496407.0,98839,437379.0,82993.0,703167,2874439.0,655538.0,2007R_GLUT1_647_WGA_594_040724_0001
2007,het,R,Male,20.9,0,Light Flicker,0,5.25,30,175796,92158.0,975864,785639.0,156370,634711.0,137468.0,921134,3379831.0,1050993.0,2007R_GLUT1_647_WGA_594_040724_0001
2007,het,R,Male,20.9,0,Light Flicker,0,4.8,30,347985,198192.0,2069578,1553114.0,297224,1212633.0,290021.0,1915113,6008757.0,2152045.0,2007R_GLUT1_647_WGA_594_040724_0001
2007,het,R,Male,20.9,0,Light Flicker,0,7.649999999999999,30,102727,41463.0,713674,389656.0,90527,483837.0,61767.0,657188,3054740.0,510278.0,2007R_GLUT1_647_WGA_594_040724_0001
2007,het,R,Male,20.9,0,Light Flicker,0,4.65,30,156978,82903.0,894109,672386.0,136345,467495.0,126346.0,850564,2463859.0,927374.0,2007R_GLUT1_647_WGA_594_040724_0001
2007,het,R,Male,20.9,1,Light Flicker,0,4.8,30,319425,174598.0,1925576,1377855.0,276178,1119558.0,260604.0,1784899,5873264.0,1891678.0,2007R_GLUT1_647_WGA_594_040724_0001
2007,het,R,Male,20.9,0,Light Flicker,0,3.0,30,555485,68064.0,326091,385749.0,543339,846027.0,81845.0,623719,829055.0,500661.0,2007R_GLUT1_647_WGA_594_040724_0001
2007,het,R,Male,20.9,0,Light Flicker,0,5.55,30,548497,326158.0,3402954,2226269.0,398109,2568747.0,439857.0,2595856,12213544.0,2915626.0,2007R_GLUT1_647_WGA_594_040724_0001
2007,het,R,Male,20.9,0,Light Flicker,0,4.35,30,78597,40184.0,424446,376396.0,135110,206391.0,58445.0,759367,1306270.0,476573.0,2007R_GLUT1_647_WGA_594_040724_0001
2007,het,R,Male,20.9,0,Light Flicker,0,6.0,30,122670,59406.0,837125,499390.0,102853,654548.0,82467.0,720113,3187379.0,636373.0,2007R_GLUT1_647_WGA_594_040724_0001
2007,het,R,Male,20.9,0,Light Flicker,0,6.45,30,149369,53126.0,1150710,475253.0,116085,563669.0,82867.0,891008,4028149.0,655038.0,2007R_GLUT1_647_WGA_594_040724_0001
2007,het,R,Male,20.9,0,Light Flicker,0,4.5,30,224191,124248.0,1532391,990592.0,206826,641187.0,203513.0,1499143,3975530.0,1457297.0,2007R_GLUT1_647_WGA_594_040724_0001
2007,het,R,Male,20.9,0,Light Flicker,0,4.5,30,100190,43821.0,399124,305697.0,75294,466309.0,60052.0,347989,1086545.0,408664.0,2007R_GLUT1_647_WGA_594_040724_0001
2007,het,R,Male,20.9,0,Light Flicker,0,5.1,30,42460,25867.0,297583,200587.0,37952,180486.0,39706.0,285424,1008068.0,278766.0,2007R_GLUT1_647_WGA_594_040724_0001
2007,het,R,Male,20.9,0,Light Flicker,0,5.7,30,220120,89123.0,1573602,812197.0,188309,688398.0,134836.0,1383338,4908043.0,1077390.0,2007R_GLUT1_647_WGA_594_040724_0001
2007,het,R,Male,20.9,1,Light Flicker,0,6.45,30,179932,78799.0,1186477,654132.0,136479,775823.0,118822.0,946247,4676333.0,887813.0,2007R_GLUT1_647_WGA_594_040724_0001
2007,het,R,Male,20.9,0,Light Flicker,0,6.45,30,133964,53144.0,850350,476430.0,99510,542733.0,80461.0,666944,3233291.0,636313.0,2007R_GLUT1_647_WGA_594_040724_0001
2007,het,R,Male,20.9,1,Light Flicker,0,6.3,30,222952,104301.0,1389321,804607.0,158719,921042.0,144885.0,1057405,5622769.0,1054410.0,2007R_GLUT1_647_WGA_594_040724_0001
2007,het,R,Male,20.9,0,Light Flicker,0,6.45,30,156391,60380.0,987550,526073.0,122338,592228.0,91905.0,810546,3709307.0,717488.0,2007R_GLUT1_647_WGA_594_040724_0001
2007,het,R,Male,20.9,0,Light Flicker,0,6.9,30,278823,81613.0,1901793,692997.0,233955,955649.0,125268.0,1594168,6717602.0,931201.0,2007R_GLUT1_647_WGA_594_040724_0001
2007,het,R,Male,20.9,0,Light Flicker,0,7.649999999999999,30,129654,37513.0,784798,314997.0,112799,461927.0,53103.0,716355,3016728.0,409649.0,2007R_GLUT1_647_WGA_594_040724_0001
2007,het,R,Male,20.9,0,Light Flicker,0,3.75,30,115780,97375.0,764310,761865.0,236165,448839.0,138061.0,1416784,2605626.0,992957.0,2007R_GLUT1_647_WGA_594_040724_0001
2007,het,R,Male,20.9,1,Light Flicker,0,5.85,30,220271,119506.0,1484513,778918.0,162397,843040.0,171415.0,1151652,5203025.0,1066053.0,2007R_GLUT1_647_WGA_594_040724_0001
2007,het,R,Male,20.9,0,Light Flicker,0,7.199999999999999,30,229426,73851.0,1405061,621349.0,200832,852296.0,107654.0,1288406,5544248.0,824514.0,2007R_GLUT1_647_WGA_594_040724_0001
2007,het,R,Male,20.9,0,Light Flicker,0,7.5,30,111109,38757.0,638312,346850.0,89614,423957.0,57005.0,560920,2716967.0,449227.0,2007R_GLUT1_647_WGA_594_040724_0001
2007,het,R,Male,20.9,0,Light Flicker,0,6.45,30,142730,52649.0,909072,462792.0,104335,577858.0,81668.0,697785,3444248.0,630004.0,2007R_GLUT1_647_WGA_594_040724_0001
2007,het,R,Male,20.9,0,Light Flicker,0,7.199999999999999,30,320685,107933.0,1991925,900060.0,245287,1403545.0,157940.0,1631388,7359157.0,1179986.0,2007R_GLUT1_647_WGA_594_040724_0001
2007,het,R,Male,20.9,0,Light Flicker,0,6.45,30,194741,91532.0,1302291,742027.0,146191,797807.0,138590.0,1032010,4711213.0,1003841.0,2007R_GLUT1_647_WGA_594_040724_0001
2007,het,R,Male,20.9,0,Light Flicker,0,6.45,30,123481,51273.0,872090,436355.0,91246,535007.0,77912.0,668613,3294304.0,602667.0,2007R_GLUT1_647_WGA_594_040724_0001
2007,het,R,Male,20.9,0,Light Flicker,0,4.2,30,99456,55527.0,506454,464289.0,168762,293680.0,87784.0,798628,1765797.0,646937.0,2007R_GLUT1_647_WGA_594_040724_0001
2007,het,R,Male,20.9,0,Light Flicker,0,3.3,30,290769,141838.0,916405,974898.0,440219,697224.0,198590.0,1602587,2497477.0,1296373.0,2007R_GLUT1_647_WGA_594_040724_0001
2007,het,R,Male,20.9,0,Light Flicker,0,5.1,30,143436,63349.0,826737,562203.0,257857,410802.0,95653.0,1312801,2848219.0,748069.0,2007R_GLUT1_647_WGA_594_040724_0001
2007,het,R,Male,20.9,0,Light Flicker,0,2.55,30,213809,131256.0,1643483,1096631.0,180782,424195.0,185564.0,1345929,3127557.0,1329485.0,2007R_GLUT1_647_WGA_594_040724_0001
2007,het,R,Male,20.9,0,Light Flicker,0,5.1,30,162811,105072.0,1012872,725118.0,129010,817716.0,147407.0,852583,3883475.0,1009637.0,2007R_GLUT1_647_WGA_594_040724_0001
2007,het,R,Male,20.9,0,Light Flicker,0,6.0,30,229228,32073.0,381948,239640.0,132211,1248063.0,48438.0,307588,1253255.0,322125.0,2007R_GLUT1_647_WGA_594_040724_0001
2007,het,R,Male,20.9,0,Light Flicker,0,3.9,30,146458,93042.0,667498,684731.0,241253,408504.0,144756.0,1122798,2227675.0,937969.0,2007R_GLUT1_647_WGA_594_040724_0001
2007,het,R,Male,20.9,0,Light Flicker,0,6.9,30,122295,50915.0,741678,432094.0,86951,519396.0,78848.0,560779,3359896.0,582624.0,2007R_GLUT1_647_WGA_594_040724_0001
2007,het,R,Male,20.9,0,Light Flicker,0,5.7,30,138567,50199.0,632709,372259.0,95875,564657.0,72764.0,494611,1948956.0,494310.0,2007R_GLUT1_647_WGA_594_040724_0001
2007,het,R,Male,20.9,1,Light Flicker,0,6.3,30,189427,96365.0,1200080,613384.0,133220,783649.0,126096.0,900185,4472657.0,813789.0,2007R_GLUT1_647_WGA_594_040724_0001
2007,het,R,Male,20.9,1,Light Flicker,0,6.45,30,155281,75415.0,970473,519321.0,108269,653888.0,101516.0,726616,3745556.0,688925.0,2007R_GLUT1_647_WGA_594_040724_0001
2007,het,R,Male,20.9,0,Light Flicker,0,6.0,30,306822,48730.0,632349,352016.0,188348,1949268.0,74828.0,518757,1993700.0,493948.0,2007R_GLUT1_647_WGA_594_040724_0001
2007,het,R,Male,20.9,0,Light Flicker,0,7.949999999999999,30,188817,49371.0,1231954,412608.0,137662,724884.0,73677.0,932417,4763545.0,558904.0,2007R_GLUT1_647_WGA_594_040724_0001
2007,het,R,Male,20.9,0,Light Flicker,0,4.35,30,119309,40078.0,292192,244213.0,180906,252870.0,54292.0,514705,819429.0,335537.0,2007R_GLUT1_647_WGA_594_040724_0001
2007,het,R,Male,20.9,0,Light Flicker,0,3.45,30,26738,29704.0,160852,243989.0,47311,99533.0,43013.0,277184,596520.0,317283.0,2007R_GLUT1_647_WGA_594_040724_0001
2007,het,R,Male,20.9,0,Light Flicker,0,4.8,30,92037,54470.0,623536,426605.0,69676,257804.0,77923.0,489518,1530684.0,582988.0,2007R_GLUT1_647_WGA_594_040724_0001
2007,het,R,Male,20.9,0,Light Flicker,0,4.5,30,48026,25901.0,293705,212004.0,34716,181291.0,34448.0,223750,846262.0,273344.0,2007R_GLUT1_647_WGA_594_040724_0001
2007,het,R,Male,20.9,0,Light Flicker,0,7.35,30,170563,71052.0,1049201,532068.0,121441,730247.0,105345.0,819445,4392239.0,714688.0,2007R_GLUT1_647_WGA_594_040724_0001
2007,het,R,Male,20.9,0,Light Flicker,0,7.05,30,91033,55121.0,566422,337624.0,69993,634342.0,72724.0,464138,2702336.0,442392.0,2007R_GLUT1_647_WGA_594_040724_0001
2007,het,R,Male,20.9,0,Light Flicker,0,7.949999999999999,30,60421,23363.0,361483,163767.0,42460,248853.0,32867.0,280292,1510749.0,215105.0,2007R_GLUT1_647_WGA_594_040724_0001
2007,het,R,Male,20.9,0,Light Flicker,0,6.9,30,232352,116435.0,1568919,864648.0,178136,1253971.0,168566.0,1269979,6535357.0,1132629.0,2007R_GLUT1_647_WGA_594_040724_0001
2007,het,R,Male,20.9,0,Light Flicker,0,7.05,30,163899,56487.0,1059882,491748.0,118813,705757.0,82583.0,816173,4117892.0,637714.0,2007R_GLUT1_647_WGA_594_040724_0001
2007,het,R,Male,20.9,0,Light Flicker,0,7.649999999999999,30,168315,55048.0,1023292,439214.0,121813,757823.0,80973.0,783482,4284612.0,559537.0,2007R_GLUT1_647_WGA_594_040724_0001
2007,het,R,Male,20.9,0,Light Flicker,0,4.8,30,178027,97830.0,1198830,776300.0,132430,539665.0,144195.0,926820,3039393.0,1093117.0,2007R_GLUT1_647_WGA_594_040724_0001
2007,het,R,Male,20.9,0,Light Flicker,0,8.25,30,168748,47434.0,1131088,405474.0,133247,820895.0,78027.0,940099,4787868.0,568224.0,2007R_GLUT1_647_WGA_594_040724_0001
2007,het,R,Male,20.9,1,Light Flicker,0,7.199999999999999,30,217498,123612.0,1396402,660635.0,169921,1075330.0,171392.0,1151287,5807671.0,912246.0,2007R_GLUT1_647_WGA_594_040724_0001
2007,het,R,Male,20.9,0,Light Flicker,0,5.7,30,85780,36207.0,535402,301688.0,62562,312024.0,50560.0,409634,1616033.0,392661.0,2007R_GLUT1_647_WGA_594_040724_0001
2007,het,R,Male,20.9,0,Light Flicker,0,5.4,30,201620,101105.0,1191096,728259.0,149042,728169.0,146992.0,967885,3311071.0,962978.0,2007R_GLUT1_647_WGA_594_040724_0001
2007,het,R,Male,20.9,0,Light Flicker,0,4.8,30,116844,82159.0,687285,675979.0,200958,402252.0,114912.0,1141729,2507341.0,843705.0,2007R_GLUT1_647_WGA_594_040724_0001
2007,het,R,Male,20.9,0,Light Flicker,0,6.45,30,21868,7790.0,135144,60080.0,15365,77090.0,12665.0,101926,433213.0,86561.0,2007R_GLUT1_647_WGA_594_040724_0001
2007,het,R,Male,20.9,1,Light Flicker,0,6.75,30,157166,44106.0,1063926,369969.0,111170,576474.0,71617.0,787569,3816741.0,524374.0,2007R_GLUT1_647_WGA_594_040724_0001
2007,het,R,Male,20.9,0,Light Flicker,0,6.3,30,240940,105272.0,1492614,769917.0,174697,950660.0,149567.0,1149830,4956855.0,1018445.0,2007R_GLUT1_647_WGA_594_040724_0001
2007,het,R,Male,20.9,0,Light Flicker,0,6.45,30,131099,45962.0,914874,405632.0,98504,486834.0,68310.0,712721,3219466.0,541095.0,2007R_GLUT1_647_WGA_594_040724_0001
2007,het,R,Male,20.9,0,Light Flicker,0,4.5,30,145483,63963.0,891088,538302.0,277362,395979.0,96059.0,1713558,2516974.0,719282.0,2007R_GLUT1_647_WGA_594_040724_0001
2007,het,R,Male,20.9,0,Light Flicker,0,6.75,30,158970,75324.0,967759,540774.0,121113,708691.0,111228.0,799534,3256438.0,737563.0,2007R_GLUT1_647_WGA_594_040724_0001
2007,het,R,Male,20.9,0,Light Flicker,0,6.45,30,381138,144547.0,2283508,982953.0,281455,1460230.0,212961.0,1781761,8200312.0,1330463.0,2007R_GLUT1_647_WGA_594_040724_0001
2007,het,R,Male,20.9,1,Light Flicker,0,5.85,30,183986,89752.0,1214730,642626.0,132868,694139.0,119605.0,915043,4333778.0,831838.0,2007R_GLUT1_647_WGA_594_040724_0001
2007,het,R,Male,20.9,0,Light Flicker,0,7.05,30,173616,53919.0,835649,417145.0,114590,591466.0,77833.0,590374,3166783.0,537268.0,2007R_GLUT1_647_WGA_594_040724_0001
2007,het,R,Male,20.9,0,Light Flicker,0,6.6,30,137743,49444.0,938014,434666.0,102814,523407.0,74332.0,738527,3425395.0,591432.0,2007R_GLUT1_647_WGA_594_040724_0001
2007,het,R,Male,20.9,1,Light Flicker,0,6.9,30,181378,95094.0,1160206,635152.0,138875,827882.0,132967.0,957136,4552140.0,860613.0,2007R_GLUT1_647_WGA_594_040724_0001
2007,het,R,Male,20.9,0,Light Flicker,0,6.0,30,84557,36785.0,396195,302353.0,158167,295910.0,53274.0,811563,1654268.0,391682.0,2007R_GLUT1_647_WGA_594_040724_0001
2007,het,R,Male,20.9,0,Light Flicker,0,4.35,30,61497,42067.0,423974,378652.0,113532,213806.0,60529.0,737675,1535733.0,481893.0,2007R_GLUT1_647_WGA_594_040724_0001
2007,het,R,Male,20.9,1,Light Flicker,0,6.6,30,230178,148701.0,1492861,860484.0,180184,1120070.0,207839.0,1226909,5930921.0,1196617.0,2007R_GLUT1_647_WGA_594_040724_0001
2007,het,R,Male,20.9,0,Light Flicker,0,7.5,30,260327,109502.0,1755668,725150.0,189633,1153115.0,157450.0,1381238,6870262.0,996034.0,2007R_GLUT1_647_WGA_594_040724_0001
2007,het,R,Male,20.9,1,Light Flicker,0,2.85,30,16881,13418.0,118130,98153.0,37421,44613.0,17659.0,198227,268985.0,127627.0,2007R_GLUT1_647_WGA_594_040724_0001
2007,het,R,Male,20.9,1,Light Flicker,0,8.1,30,246956,74898.0,1561522,640086.0,175307,1071690.0,120279.0,1230880,7243561.0,885009.0,2007R_GLUT1_647_WGA_594_040724_0001
2007,het,R,Male,20.9,0,Light Flicker,0,4.95,30,143777,76864.0,871889,656437.0,245549,528850.0,113827.0,1304744,3532349.0,869112.0,2007R_GLUT1_647_WGA_594_040724_0001
2007,het,R,Male,20.9,0,Light Flicker,0,4.8,30,85434,56962.0,554687,470818.0,148653,341306.0,86977.0,951486,2122454.0,638162.0,2007R_GLUT1_647_WGA_594_040724_0001
2007,het,R,Male,20.9,0,Light Flicker,0,6.75,30,196093,64778.0,1142220,501272.0,151748,1409368.0,99468.0,929614,4403633.0,688986.0,2007R_GLUT1_647_WGA_594_040724_0001
2007,het,R,Male,20.9,0,Light Flicker,0,7.05,30,151468,76997.0,1049025,607343.0,121814,638306.0,108749.0,881314,4010062.0,792629.0,2007R_GLUT1_647_WGA_594_040724_0001
2007,het,R,Male,20.9,0,Light Flicker,0,4.95,30,69703,44105.0,503119,323883.0,52550,219502.0,61324.0,400901,1204650.0,434424.0,2007R_GLUT1_647_WGA_594_040724_0001
2007,het,R,Male,20.9,0,Light Flicker,0,8.1,30,278234,116401.0,1706359,862066.0,226980,1308760.0,174452.0,1435677,8042350.0,1189522.0,2007R_GLUT1_647_WGA_594_040724_0001
2007,het,R,Male,20.9,0,Light Flicker,0,6.15,30,113718,50232.0,586284,407309.0,214299,374813.0,72394.0,1161537,2208834.0,528715.0,2007R_GLUT1_647_WGA_594_040724_0001
2007,het,R,Male,20.9,0,Light Flicker,0,6.3,30,149974,68702.0,887022,516100.0,111783,591897.0,104022.0,722746,3027717.0,704532.0,2007R_GLUT1_647_WGA_594_040724_0001
2007,het,R,Male,20.9,0,Light Flicker,0,4.65,30,291686,160861.0,1835058,1162021.0,213978,1135515.0,223622.0,1427555,5326280.0,1567644.0,2007R_GLUT1_647_WGA_594_040724_0001
2007,het,R,Male,20.9,0,Light Flicker,0,5.25,30,141306,76019.0,955626,593798.0,102725,510766.0,110025.0,759455,2667387.0,800296.0,2007R_GLUT1_647_WGA_594_040724_0001
2007,het,R,Male,20.9,0,Light Flicker,0,6.3,30,136854,63536.0,906255,513262.0,103824,601374.0,89636.0,727882,3201250.0,673667.0,2007R_GLUT1_647_WGA_594_040724_0001
2007,het,R,Male,20.9,0,Light Flicker,0,7.05,30,198377,81740.0,1256686,648277.0,148894,845894.0,122013.0,1033175,5103983.0,872265.0,2007R_GLUT1_647_WGA_594_040724_0001
2007,het,R,Male,20.9,0,Light Flicker,0,5.25,30,136032,91485.0,819758,643786.0,100810,1179030.0,128223.0,639254,2926881.0,859839.0,2007R_GLUT1_647_WGA_594_040724_0001
2007,het,R,Male,20.9,0,Light Flicker,0,6.6,30,162031,78552.0,995934,655849.0,114829,710302.0,119244.0,791384,4275975.0,900169.0,2007R_GLUT1_647_WGA_594_040724_0001
2007,het,R,Male,20.9,0,Light Flicker,0,8.4,30,173001,57706.0,1111020,481164.0,129010,749952.0,87726.0,904881,4800568.0,634128.0,2007R_GLUT1_647_WGA_594_040724_0001
2007,het,R,Male,20.9,0,Light Flicker,0,8.25,30,176456,62565.0,1169437,488314.0,128984,736042.0,97555.0,908023,4637206.0,678779.0,2007R_GLUT1_647_WGA_594_040724_0001
2007,het,R,Male,20.9,0,Light Flicker,0,7.05,30,141672,62185.0,937688,534369.0,110234,632462.0,93277.0,791377,3990191.0,711111.0,2007R_GLUT1_647_WGA_594_040724_0001
2007,het,R,Male,20.9,0,Light Flicker,0,6.6,30,307415,156411.0,2003903,1119125.0,235608,1480734.0,232978.0,1593983,8113629.0,1555264.0,2007R_GLUT1_647_WGA_594_040724_0001
2007,het,R,Male,20.9,0,Light Flicker,0,7.05,30,228722,113832.0,1527486,859743.0,168284,1077515.0,162632.0,1194024,6321821.0,1143311.0,2007R_GLUT1_647_WGA_594_040724_0001
2007,het,R,Male,20.9,0,Light Flicker,0,6.3,30,291408,149938.0,1905340,948716.0,227197,1267083.0,213408.0,1592957,6617872.0,1319641.0,2007R_GLUT1_647_WGA_594_040724_0001
2007,het,R,Male,20.9,0,Light Flicker,0,6.45,30,188016,65444.0,1192170,593942.0,136291,704373.0,100124.0,901913,4409514.0,806260.0,2007R_GLUT1_647_WGA_594_040724_0001
2007,het,R,Male,20.9,0,Light Flicker,0,8.1,30,47469,19840.0,330038,173958.0,37541,223998.0,31417.0,272029,1549125.0,241976.0,2007R_GLUT1_647_WGA_594_040724_0001
2007,het,R,Male,20.9,0,Light Flicker,0,5.85,30,59416,30927.0,412920,264888.0,43570,271383.0,43150.0,322119,1497204.0,337045.0,2007R_GLUT1_647_WGA_594_040724_0001
2007,het,R,Male,20.9,0,Light Flicker,0,5.25,30,237061,113772.0,1245045,886585.0,437022,906494.0,176586.0,2170964,4462948.0,1230083.0,2007R_GLUT1_647_WGA_594_040724_0001
2007,het,R,Male,20.9,1,Light Flicker,0,4.8,30,115568,71835.0,638403,559097.0,210098,354570.0,111659.0,1048157,2238759.0,772089.0,2007R_GLUT1_647_WGA_594_040724_0001
2007,het,R,Male,20.9,0,Light Flicker,0,4.95,30,200246,132744.0,1055237,941474.0,374332,780110.0,186763.0,1840387,3951447.0,1254124.0,2007R_GLUT1_647_WGA_594_040724_0001
2007,het,R,Male,20.9,0,Light Flicker,0,6.3,30,154464,69191.0,1024912,604503.0,115052,636385.0,104537.0,791227,4123805.0,812903.0,2007R_GLUT1_647_WGA_594_040724_0001
2007,het,R,Male,20.9,0,Light Flicker,0,7.649999999999999,30,143085,50338.0,1010337,461959.0,107012,587041.0,72799.0,789158,3978570.0,606016.0,2007R_GLUT1_647_WGA_594_040724_0001
2007,het,R,Male,20.9,0,Light Flicker,0,8.1,30,111428,40758.0,789897,358784.0,87197,496503.0,62240.0,646998,3489619.0,477290.0,2007R_GLUT1_647_WGA_594_040724_0001
2007,het,R,Male,20.9,0,Light Flicker,0,7.199999999999999,30,140262,59899.0,982247,518305.0,104634,669122.0,89755.0,794094,4076344.0,690694.0,2007R_GLUT1_647_WGA_594_040724_0001
2007,het,R,Male,20.9,0,Light Flicker,0,4.95,30,88453,64586.0,565715,492483.0,165160,350491.0,92568.0,931318,2037650.0,647579.0,2007R_GLUT1_647_WGA_594_040724_0001
2007,het,R,Male,20.9,0,Light Flicker,0,6.45,30,11609,5088.0,80210,43639.0,8436,50764.0,7341.0,60582,289564.0,59692.0,2007R_GLUT1_647_WGA_594_040724_0001
2007,het,R,Male,20.9,0,Light Flicker,0,5.4,30,53099,35462.0,396553,311845.0,96722,211796.0,54369.0,675856,1547516.0,418873.0,2007R_GLUT1_647_WGA_594_040724_0001
2007,het,R,Male,20.9,0,Light Flicker,0,7.199999999999999,30,36334,7844.0,202559,73222.0,26942,116957.0,13533.0,162716,763285.0,102885.0,2007R_GLUT1_647_WGA_594_040724_0001
2007,het,R,Male,20.9,0,Light Flicker,0,6.75,30,88771,44091.0,679193,345151.0,63141,507616.0,64271.0,494187,3509113.0,474461.0,2007R_GLUT1_647_WGA_594_040724_0002
2007,het,R,Male,20.9,0,Light Flicker,0,5.25,30,286503,171466.0,1414786,819250.0,199381,1382459.0,242874.0,1114769,4170432.0,1172136.0,2007R_GLUT1_647_WGA_594_040724_0002
2007,het,R,Male,20.9,0,Light Flicker,0,7.35,30,27667,9156.0,178926,77843.0,19566,128093.0,13728.0,137542,742541.0,101890.0,2007R_GLUT1_647_WGA_594_040724_0002
2007,het,R,Male,20.9,0,Light Flicker,0,6.15,30,314460,143350.0,2049503,1069969.0,222049,1191056.0,218495.0,1534027,7204661.0,1424403.0,2007R_GLUT1_647_WGA_594_040724_0002
2007,het,R,Male,20.9,0,Light Flicker,0,6.15,30,8730,4823.0,64669,38863.0,5597,44826.0,6330.0,43391,278873.0,46173.0,2007R_GLUT1_647_WGA_594_040724_0002
2007,het,R,Male,20.9,0,Light Flicker,0,5.85,30,176658,100961.0,1282294,865474.0,120811,802705.0,134675.0,886169,5018307.0,1038796.0,2007R_GLUT1_647_WGA_594_040724_0002
2007,het,R,Male,20.9,1,Light Flicker,0,6.15,30,204262,102440.0,1373697,849372.0,138418,886904.0,139034.0,970775,4954255.0,1053959.0,2007R_GLUT1_647_WGA_594_040724_0002
2007,het,R,Male,20.9,0,Light Flicker,0,6.15,30,169982,82212.0,1199502,688054.0,111962,737177.0,114412.0,805986,4742483.0,866247.0,2007R_GLUT1_647_WGA_594_040724_0002
2007,het,R,Male,20.9,0,Light Flicker,0,3.75,30,123547,70542.0,906603,542629.0,83842,416900.0,116520.0,620734,2756376.0,739281.0,2007R_GLUT1_647_WGA_594_040724_0002
2007,het,R,Male,20.9,0,Light Flicker,0,6.6,30,29449,14782.0,227263,126210.0,20449,133971.0,20765.0,160152,857403.0,164582.0,2007R_GLUT1_647_WGA_594_040724_0002
2007,het,R,Male,20.9,0,Light Flicker,0,4.8,30,145219,72632.0,942551,571064.0,101190,533523.0,109986.0,675821,3600284.0,751715.0,2007R_GLUT1_647_WGA_594_040724_0002
2007,het,R,Male,20.9,0,Light Flicker,0,6.3,30,167046,82746.0,1229780,705306.0,118157,771902.0,119576.0,879900,4604716.0,912754.0,2007R_GLUT1_647_WGA_594_040724_0002
2007,het,R,Male,20.9,0,Light Flicker,0,4.95,30,149446,61910.0,843326,541995.0,271128,466136.0,96014.0,1631520,2922431.0,731927.0,2007R_GLUT1_647_WGA_594_040724_0002
2007,het,R,Male,20.9,0,Light Flicker,0,6.6,30,302929,138021.0,1978974,891417.0,215876,1651559.0,180337.0,1453821,8993014.0,1207455.0,2007R_GLUT1_647_WGA_594_040724_0002
2007,het,R,Male,20.9,0,Light Flicker,0,6.0,30,308833,168075.0,1950188,1297395.0,218348,1222913.0,215918.0,1409835,6995425.0,1585026.0,2007R_GLUT1_647_WGA_594_040724_0002
2007,het,R,Male,20.9,0,Light Flicker,0,6.0,30,135205,76771.0,823797,527762.0,100029,605484.0,108651.0,639412,3204746.0,675240.0,2007R_GLUT1_647_WGA_594_040724_0002
2007,het,R,Male,20.9,0,Light Flicker,0,6.45,30,78060,31517.0,511069,275182.0,55009,320509.0,45627.0,377207,1813420.0,351567.0,2007R_GLUT1_647_WGA_594_040724_0002
2007,het,R,Male,20.9,0,Light Flicker,0,6.45,30,188486,69072.0,1074292,541993.0,135621,707465.0,101935.0,807652,3817548.0,714755.0,2007R_GLUT1_647_WGA_594_040724_0002
2007,het,R,Male,20.9,0,Light Flicker,0,6.3,30,136454,79268.0,854960,577230.0,84920,736647.0,112914.0,576972,3618512.0,771550.0,2007R_GLUT1_647_WGA_594_040724_0002
2007,het,R,Male,20.9,0,Light Flicker,0,6.45,30,50270,24042.0,285525,183888.0,38276,214948.0,32647.0,231090,1095512.0,233026.0,2007R_GLUT1_647_WGA_594_040724_0002
2007,het,R,Male,20.9,1,Light Flicker,0,6.15,30,150089,81030.0,839626,508554.0,108764,775806.0,101559.0,639500,3519353.0,635482.0,2007R_GLUT1_647_WGA_594_040724_0002
2007,het,R,Male,20.9,0,Light Flicker,0,6.6,30,164468,81669.0,990567,644139.0,109105,748935.0,120747.0,713004,4183533.0,859194.0,2007R_GLUT1_647_WGA_594_040724_0002
2007,het,R,Male,20.9,0,Light Flicker,0,6.9,30,238690,98425.0,1396286,757130.0,147878,1354236.0,155148.0,952118,6246789.0,1054177.0,2007R_GLUT1_647_WGA_594_040724_0002
2007,het,R,Male,20.9,0,Light Flicker,0,5.7,30,159556,90584.0,978837,722372.0,111502,621870.0,124754.0,714718,3139471.0,897570.0,2007R_GLUT1_647_WGA_594_040724_0002
2007,het,R,Male,20.9,0,Light Flicker,0,6.15,30,215190,112969.0,1234025,805688.0,160523,1025112.0,151309.0,1025214,4492265.0,1036854.0,2007R_GLUT1_647_WGA_594_040724_0002
2007,het,R,Male,20.9,0,Light Flicker,0,6.15,30,26835,16225.0,173364,116164.0,16253,131989.0,22481.0,116258,631636.0,150255.0,2007R_GLUT1_647_WGA_594_040724_0002
2007,het,R,Male,20.9,0,Light Flicker,0,6.3,30,224598,118319.0,1300915,855592.0,134297,1070388.0,162082.0,848423,5308818.0,1076371.0,2007R_GLUT1_647_WGA_594_040724_0002
2007,het,R,Male,20.9,0,Light Flicker,0,6.15,30,422564,176447.0,2583927,1335475.0,297047,1575326.0,253592.0,1927249,9026551.0,1757423.0,2007R_GLUT1_647_WGA_594_040724_0002
2007,het,R,Male,20.9,1,Light Flicker,0,6.9,30,203818,97618.0,1218428,747241.0,134275,1144409.0,146114.0,883497,5940376.0,1005552.0,2007R_GLUT1_647_WGA_594_040724_0002
2007,het,R,Male,20.9,1,Light Flicker,0,5.25,30,268167,156871.0,1587651,1180210.0,185946,1059729.0,216980.0,1209640,5201766.0,1546624.0,2007R_GLUT1_647_WGA_594_040724_0002
2007,het,R,Male,20.9,0,Light Flicker,0,6.45,30,191417,70260.0,861557,503439.0,116541,937256.0,100705.0,576092,3427091.0,673227.0,2007R_GLUT1_647_WGA_594_040724_0002
2007,het,R,Male,20.9,0,Light Flicker,0,6.9,30,172558,75538.0,962482,597265.0,108853,862024.0,115769.0,686361,4529993.0,797528.0,2007R_GLUT1_647_WGA_594_040724_0002
2007,het,R,Male,20.9,0,Light Flicker,0,6.45,30,31008,22619.0,196458,156172.0,18846,174921.0,29998.0,132537,713399.0,201033.0,2007R_GLUT1_647_WGA_594_040724_0002
2007,het,R,Male,20.9,1,Light Flicker,0,5.25,30,79246,44007.0,461628,333542.0,54616,313332.0,59629.0,350882,1471146.0,429478.0,2007R_GLUT1_647_WGA_594_040724_0002
2007,het,R,Male,20.9,0,Light Flicker,0,6.75,30,166341,70310.0,979765,544926.0,100035,786574.0,107232.0,649805,4487431.0,733750.0,2007R_GLUT1_647_WGA_594_040724_0002
2007,het,R,Male,20.9,0,Light Flicker,0,6.75,30,312403,140771.0,1747908,1016893.0,191371,1523372.0,204539.0,1191913,7217966.0,1375509.0,2007R_GLUT1_647_WGA_594_040724_0002
2007,het,R,Male,20.9,0,Light Flicker,0,6.0,30,344961,179377.0,1869255,1377691.0,207867,1501534.0,234543.0,1199318,7049701.0,1633466.0,2007R_GLUT1_647_WGA_594_040724_0002
2007,het,R,Male,20.9,0,Light Flicker,0,6.0,30,149255,115260.0,925429,817131.0,98214,730103.0,152318.0,675090,3661716.0,1006248.0,2007R_GLUT1_647_WGA_594_040724_0002
2007,het,R,Male,20.9,0,Light Flicker,0,5.7,30,314908,218160.0,1778196,1327583.0,188266,1702959.0,267364.0,1157236,6354630.0,1639084.0,2007R_GLUT1_647_WGA_594_040724_0002
2007,het,R,Male,20.9,0,Light Flicker,0,6.6,30,235796,139865.0,1438464,961460.0,145701,1272147.0,193935.0,987399,5566144.0,1266964.0,2007R_GLUT1_647_WGA_594_040724_0002
2007,het,R,Male,20.9,0,Light Flicker,0,6.0,30,202418,91197.0,1142625,790954.0,118714,714082.0,121529.0,725270,3785655.0,944153.0,2007R_GLUT1_647_WGA_594_040724_0002
2007,het,R,Male,20.9,0,Light Flicker,0,6.0,30,428309,223971.0,2591622,1658629.0,253422,1918293.0,297416.0,1666656,8721292.0,2019819.0,2007R_GLUT1_647_WGA_594_040724_0002
2007,het,R,Male,20.9,0,Light Flicker,0,6.0,30,72621,54578.0,448938,421766.0,47233,383438.0,73592.0,318351,1883530.0,510844.0,2007R_GLUT1_647_WGA_594_040724_0002
2007,het,R,Male,20.9,1,Light Flicker,0,6.45,30,307823,159747.0,1635064,1029944.0,189552,1579548.0,217722.0,1148463,7255282.0,1346215.0,2007R_GLUT1_647_WGA_594_040724_0002
2007,het,R,Male,20.9,0,Light Flicker,0,6.9,30,195307,73673.0,1030867,547163.0,114899,912434.0,114668.0,679958,4090055.0,759821.0,2007R_GLUT1_647_WGA_594_040724_0002
2007,het,R,Male,20.9,0,Light Flicker,0,4.5,30,204589,206584.0,759802,829741.0,317683,1052369.0,216462.0,1330152,3089909.0,1078307.0,2007R_GLUT1_647_WGA_594_040724_0002
2007,het,R,Male,20.9,0,Light Flicker,0,6.15,30,136169,80541.0,866938,612330.0,87068,648996.0,112775.0,607730,3559882.0,770893.0,2007R_GLUT1_647_WGA_594_040724_0002
2007,het,R,Male,20.9,0,Light Flicker,0,6.6,30,310159,150922.0,1686642,985920.0,188212,1652906.0,234512.0,1157128,7066646.0,1357253.0,2007R_GLUT1_647_WGA_594_040724_0002
2007,het,R,Male,20.9,0,Light Flicker,0,6.9,30,171128,66724.0,973653,534020.0,107239,640861.0,100589.0,651609,3636512.0,713616.0,2007R_GLUT1_647_WGA_594_040724_0002
2007,het,R,Male,20.9,0,Light Flicker,0,6.3,30,164942,70274.0,944440,561283.0,100854,717599.0,97880.0,624081,3531625.0,685063.0,2007R_GLUT1_647_WGA_594_040724_0002
2007,het,R,Male,20.9,0,Light Flicker,0,6.15,30,28559,12259.0,194056,104445.0,20525,103858.0,15710.0,145401,589725.0,123493.0,2007R_GLUT1_647_WGA_594_040724_0002
2007,het,R,Male,20.9,0,Light Flicker,0,6.15,30,73475,39524.0,419366,258504.0,45218,353944.0,54228.0,292784,1444138.0,331077.0,2007R_GLUT1_647_WGA_594_040724_0002
2007,het,R,Male,20.9,1,Light Flicker,0,5.55,30,246480,104236.0,1360962,895209.0,145716,821225.0,149531.0,861247,4543320.0,1142503.0,2007R_GLUT1_647_WGA_594_040724_0002
2007,het,R,Male,20.9,0,Light Flicker,0,6.15,30,161321,95609.0,1051283,708417.0,101998,684727.0,126501.0,714705,3552231.0,856422.0,2007R_GLUT1_647_WGA_594_040724_0002
2007,het,R,Male,20.9,0,Light Flicker,0,6.9,30,37744,19696.0,244750,122919.0,23891,158281.0,28940.0,167678,779888.0,166248.0,2007R_GLUT1_647_WGA_594_040724_0002
2007,het,R,Male,20.9,0,Light Flicker,0,6.0,30,112983,72141.0,662048,522112.0,72026,490707.0,93881.0,470095,2226664.0,634308.0,2007R_GLUT1_647_WGA_594_040724_0002
2007,het,R,Male,20.9,1,Light Flicker,0,7.35,30,235209,105833.0,1377038,753308.0,143752,1291386.0,148582.0,928723,6331929.0,965653.0,2007R_GLUT1_647_WGA_594_040724_0002
2007,het,R,Male,20.9,0,Light Flicker,0,6.6,30,198348,75648.0,968877,585953.0,111977,1186583.0,114046.0,645763,3674604.0,791654.0,2007R_GLUT1_647_WGA_594_040724_0002
2007,het,R,Male,20.9,1,Light Flicker,0,6.0,30,198709,108247.0,1161997,747329.0,121172,928639.0,139096.0,794288,4134808.0,917449.0,2007R_GLUT1_647_WGA_594_040724_0002
2007,het,R,Male,20.9,0,Light Flicker,0,5.7,30,41309,18867.0,253551,141579.0,28026,159565.0,26856.0,190512,779144.0,173653.0,2007R_GLUT1_647_WGA_594_040724_0002
2007,het,R,Male,20.9,0,Light Flicker,0,6.15,30,182082,95934.0,1093014,698369.0,116633,842335.0,134136.0,775523,4244442.0,893814.0,2007R_GLUT1_647_WGA_594_040724_0002
2007,het,R,Male,20.9,0,Light Flicker,0,6.75,30,252117,111528.0,1462009,798002.0,153589,1197961.0,163871.0,983922,5346197.0,1093530.0,2007R_GLUT1_647_WGA_594_040724_0002
2007,het,R,Male,20.9,0,Light Flicker,0,6.75,30,166880,80670.0,1021097,567358.0,101084,732190.0,116254.0,693427,3334106.0,754255.0,2007R_GLUT1_647_WGA_594_040724_0002
2007,het,R,Male,20.9,0,Light Flicker,0,6.15,30,255088,96312.0,1045640,634895.0,155277,937252.0,139592.0,698071,3765771.0,824626.0,2007R_GLUT1_647_WGA_594_040724_0002
2007,het,R,Male,20.9,0,Light Flicker,0,5.85,30,290240,140668.0,1758442,1089337.0,178572,1132696.0,186377.0,1173510,5735769.0,1325388.0,2007R_GLUT1_647_WGA_594_040724_0002
2007,het,R,Male,20.9,0,Light Flicker,0,6.75,30,302193,175126.0,1726757,1026601.0,187967,1613430.0,229515.0,1205599,6919923.0,1371271.0,2007R_GLUT1_647_WGA_594_040724_0002
2007,het,R,Male,20.9,0,Light Flicker,0,7.8,30,189048,78666.0,1052735,572735.0,114991,1038755.0,118803.0,735955,4816709.0,761390.0,2007R_GLUT1_647_WGA_594_040724_0002
2007,het,R,Male,20.9,1,Light Flicker,0,6.0,30,160226,117496.0,1007633,734294.0,102702,781914.0,154723.0,713901,3694867.0,946542.0,2007R_GLUT1_647_WGA_594_040724_0002
2007,het,R,Male,20.9,0,Light Flicker,0,2.4,30,156699,142672.0,854153,986393.0,328566,341022.0,219914.0,1770506,1926344.0,1342378.0,2007R_GLUT1_647_WGA_594_040724_0002
2007,het,R,Male,20.9,0,Light Flicker,0,6.45,30,167184,76021.0,834170,446189.0,95797,784456.0,93211.0,555168,3070792.0,574572.0,2007R_GLUT1_647_WGA_594_040724_0002
2007,het,R,Male,20.9,1,Light Flicker,0,4.65,30,212823,127559.0,831417,720391.0,357590,868743.0,176010.0,1486320,3223635.0,979650.0,2007R_GLUT1_647_WGA_594_040724_0002
2007,het,R,Male,20.9,0,Light Flicker,0,6.6,30,218484,112690.0,1242019,783352.0,137239,1183345.0,164202.0,879345,4867381.0,1053849.0,2007R_GLUT1_647_WGA_594_040724_0002
2007,het,R,Male,20.9,0,Light Flicker,0,2.85,30,178949,153745.0,897420,1126512.0,357654,449286.0,228230.0,1806130,2388906.0,1497208.0,2007R_GLUT1_647_WGA_594_040724_0002
2007,het,R,Male,20.9,0,Light Flicker,0,4.2,30,307382,115385.0,1353035,440359.0,169176,1116175.0,196332.0,883692,4034629.0,639437.0,2007R_GLUT1_647_WGA_594_040724_0002
2007,het,R,Male,20.9,0,Light Flicker,0,6.6,30,249516,102952.0,1473834,816615.0,155101,1019346.0,153128.0,1003334,5282150.0,1079809.0,2007R_GLUT1_647_WGA_594_040724_0002
2007,het,R,Male,20.9,0,Light Flicker,0,6.15,30,295293,89593.0,936056,647887.0,165856,1120286.0,119203.0,628012,3586238.0,829663.0,2007R_GLUT1_647_WGA_594_040724_0002
2007,het,R,Male,20.9,1,Light Flicker,0,4.05,30,236671,130268.0,1349243,604444.0,143362,731744.0,265801.0,933046,2994390.0,1153620.0,2007R_GLUT1_647_WGA_594_040724_0002
2007,het,R,Male,20.9,1,Light Flicker,0,5.85,30,51565,33832.0,296989,228649.0,31702,229103.0,44828.0,206733,996543.0,279144.0,2007R_GLUT1_647_WGA_594_040724_0002
2007,het,R,Male,20.9,1,Light Flicker,0,2.4,30,273984,190203.0,1119432,1268827.0,487095,572018.0,255209.0,2150625,2475941.0,1695364.0,2007R_GLUT1_647_WGA_594_040724_0002
2007,het,R,Male,20.9,0,Light Flicker,0,3.0,30,221018,175938.0,858991,1270766.0,412224,577596.0,255584.0,1751560,2626017.0,1660859.0,2007R_GLUT1_647_WGA_594_040724_0002
2007,het,R,Male,20.9,0,Light Flicker,0,5.55,30,712460,119468.0,1802277,888003.0,460380,1560744.0,190968.0,1134125,6535448.0,1172953.0,2007R_GLUT1_647_WGA_594_040724_0002
2007,het,R,Male,20.9,0,Light Flicker,0,2.7,30,107783,122568.0,402250,845158.0,258588,323010.0,177113.0,951653,1492588.0,1160061.0,2007R_GLUT1_647_WGA_594_040724_0002
2007,het,R,Male,20.9,0,Light Flicker,0,6.3,30,188842,114750.0,951608,772836.0,115990,942571.0,157105.0,664936,4123418.0,1015044.0,2007R_GLUT1_647_WGA_594_040724_0002
2007,het,R,Male,20.9,0,Light Flicker,0,6.75,30,210098,106122.0,1255238,737608.0,131937,1026076.0,152519.0,869223,4851911.0,1004096.0,2007R_GLUT1_647_WGA_594_040724_0002
2007,het,R,Male,20.9,1,Light Flicker,0,7.35,30,33505,21573.0,245640,169361.0,22481,172271.0,30767.0,170907,1038516.0,216382.0,2007R_GLUT1_647_WGA_594_040724_0002
2007,het,R,Male,20.9,1,Light Flicker,0,5.4,30,30201,23157.0,169727,188465.0,49780,130158.0,33180.0,298070,745034.0,240681.0,2007R_GLUT1_647_WGA_594_040724_0002
2007,het,R,Male,20.9,0,Light Flicker,0,4.95,30,449507,91335.0,1180143,484005.0,310107,955013.0,140687.0,768265,3006564.0,686838.0,2007R_GLUT1_647_WGA_594_040724_0002
2007,het,R,Male,20.9,0,Light Flicker,0,2.7,30,229948,137306.0,756336,882730.0,476972,455424.0,194509.0,1599989,1892538.0,1229453.0,2007R_GLUT1_647_WGA_594_040724_0002
2007,het,R,Male,20.9,0,Light Flicker,0,3.15,30,91556,67174.0,380133,485240.0,187062,203244.0,101265.0,792604,986803.0,653323.0,2007R_GLUT1_647_WGA_594_040724_0002
2007,het,R,Male,20.9,1,Light Flicker,0,6.9,30,160335,104576.0,1033068,787041.0,104159,981951.0,153629.0,723932,4841788.0,1070576.0,2007R_GLUT1_647_WGA_594_040724_0002
2007,het,R,Male,20.9,1,Light Flicker,0,6.45,30,158259,104678.0,984004,708805.0,96531,769882.0,142568.0,667295,4030136.0,921020.0,2007R_GLUT1_647_WGA_594_040724_0002
2007,het,R,Male,20.9,0,Light Flicker,0,3.3,30,190678,111150.0,1029169,743514.0,355317,453036.0,185680.0,2045233,2744270.0,972375.0,2007R_GLUT1_647_WGA_594_040724_0002
2007,het,R,Male,20.9,0,Light Flicker,0,3.0,30,106905,81525.0,462914,599819.0,217562,246017.0,118641.0,992753,1232640.0,790984.0,2007R_GLUT1_647_WGA_594_040724_0002
2007,het,R,Male,20.9,0,Light Flicker,0,7.199999999999999,30,18835,8638.0,107144,67627.0,11768,105718.0,12352.0,75437,366929.0,86603.0,2007R_GLUT1_647_WGA_594_040724_0002
2007,het,R,Male,20.9,0,Light Flicker,0,6.3,30,248585,158091.0,1283693,957588.0,152637,1657093.0,199636.0,904117,5150961.0,1257695.0,2007R_GLUT1_647_WGA_594_040724_0002
2007,het,R,Male,20.9,0,Light Flicker,0,6.3,30,214250,139733.0,1131891,888624.0,129328,1297337.0,185515.0,795623,4215823.0,1137913.0,2007R_GLUT1_647_WGA_594_040724_0002
2007,het,R,Male,20.9,0,Light Flicker,0,6.75,30,206156,92724.0,1224849,680213.0,125976,1038931.0,131593.0,829628,4748672.0,906934.0,2007R_GLUT1_647_WGA_594_040724_0002
2007,het,R,Male,20.9,0,Light Flicker,0,3.6,30,94302,58268.0,633024,493629.0,173910,243040.0,89332.0,1158437,1566349.0,663714.0,2007R_GLUT1_647_WGA_594_040724_0002
2007,het,R,Male,20.9,0,Light Flicker,0,5.85,30,35677,22462.0,252919,151539.0,21765,149566.0,30446.0,165498,930142.0,182893.0,2007R_GLUT1_647_WGA_594_040724_0002
2007,het,R,Male,20.9,0,Light Flicker,0,6.6,30,23971,16890.0,173615,136145.0,16320,153344.0,25322.0,125138,800962.0,184493.0,2007R_GLUT1_647_WGA_594_040724_0002
2007,het,R,Male,20.9,0,Light Flicker,0,6.6,30,108699,62574.0,652869,420049.0,69110,502507.0,87082.0,465511,2155327.0,554605.0,2007R_GLUT1_647_WGA_594_040724_0002
2007,het,R,Male,20.9,1,Light Flicker,0,7.5,30,206570,82560.0,1338437,667682.0,126419,1060860.0,116096.0,846606,6454597.0,855276.0,2007R_GLUT1_647_WGA_594_040724_0002
2007,het,R,Male,20.9,0,Light Flicker,0,6.75,30,159804,88578.0,956000,635445.0,100044,930152.0,134068.0,667753,4215041.0,867323.0,2007R_GLUT1_647_WGA_594_040724_0002
2007,het,R,Male,20.9,0,Light Flicker,0,6.6,30,54961,29352.0,332115,237215.0,35168,261938.0,43886.0,237637,1347483.0,310284.0,2007R_GLUT1_647_WGA_594_040724_0002
2007,het,R,Male,20.9,0,Light Flicker,0,3.75,30,59818,27366.0,204952,219245.0,95031,153879.0,40305.0,320138,665207.0,293728.0,2007R_GLUT1_647_WGA_594_040724_0002
2007,het,R,Male,20.9,0,Light Flicker,0,6.9,30,18216,10058.0,111445,77280.0,12060,92183.0,15598.0,79251,401756.0,106000.0,2007R_GLUT1_647_WGA_594_040724_0002
2007,het,R,Male,20.9,0,Light Flicker,0,5.85,30,19069,13423.0,129848,89087.0,12061,114421.0,17889.0,88453,470975.0,112621.0,2007R_GLUT1_647_WGA_594_040724_0002
3101,homo,R,Male,5.2,0,Dark,0,4.5,30,110617,60352.0,1625586,1087541.0,66366,505569.0,83299.0,1072430,5215947.0,1405496.0,3101R_GLUT1_647_WGA_594_040724_0001
3101,homo,R,Male,5.2,0,Dark,0,3.9,30,11766,8441.0,189312,159447.0,7474,49646.0,11350.0,121905,512316.0,192877.0,3101R_GLUT1_647_WGA_594_040724_0001
3101,homo,R,Male,5.2,0,Dark,0,4.35,30,155894,95497.0,1723870,1503563.0,84440,920321.0,122003.0,1084445,5427053.0,1934062.0,3101R_GLUT1_647_WGA_594_040724_0001
3101,homo,R,Male,5.2,0,Dark,0,4.8,30,225090,61155.0,2221010,1188593.0,145403,718478.0,81343.0,1431676,8797351.0,1452881.0,3101R_GLUT1_647_WGA_594_040724_0001
3101,homo,R,Male,5.2,0,Dark,0,4.5,30,65273,17367.0,971674,444127.0,74072,118572.0,23893.0,944557,2910966.0,487017.0,3101R_GLUT1_647_WGA_594_040724_0001
3101,homo,R,Male,5.2,0,Dark,0,5.4,30,146636,60606.0,1629706,850116.0,84810,805341.0,61102.0,1028856,5371300.0,957491.0,3101R_GLUT1_647_WGA_594_040724_0001
3101,homo,R,Male,5.2,0,Dark,0,5.1,30,163458,75957.0,2360718,1356446.0,89301,812189.0,92731.0,1407678,8010358.0,1576997.0,3101R_GLUT1_647_WGA_594_040724_0001
3101,homo,R,Male,5.2,0,Dark,0,3.75,30,92312,75097.0,1098484,941791.0,49235,355436.0,82571.0,616257,3110978.0,1182240.0,3101R_GLUT1_647_WGA_594_040724_0001
3101,homo,R,Male,5.2,0,Dark,0,4.65,30,200646,72088.0,2081371,1357192.0,106413,878230.0,94790.0,1351444,7617905.0,1620596.0,3101R_GLUT1_647_WGA_594_040724_0001
3101,homo,R,Male,5.2,0,Dark,0,3.6,30,250097,261546.0,3579043,3195045.0,139414,1187721.0,311043.0,2142191,10018522.0,4110453.0,3101R_GLUT1_647_WGA_594_040724_0001
3101,homo,R,Male,5.2,0,Dark,0,3.75,30,1071496,287530.0,4521626,3470529.0,656723,3034535.0,313197.0,3485544,12301395.0,4261534.0,3101R_GLUT1_647_WGA_594_040724_0001
3101,homo,R,Male,5.2,1,Dark,0,3.6,30,211439,245260.0,2374277,1755908.0,113923,1236282.0,265196.0,1324883,6798716.0,2419331.0,3101R_GLUT1_647_WGA_594_040724_0001
3101,homo,R,Male,5.2,0,Dark,0,4.05,30,120674,104491.0,2412037,1717430.0,75387,458855.0,140972.0,1419739,7723256.0,2246563.0,3101R_GLUT1_647_WGA_594_040724_0001
3101,homo,R,Male,5.2,0,Dark,0,4.35,30,174695,88879.0,1823749,1293042.0,105011,889501.0,100692.0,1353175,5233562.0,1597819.0,3101R_GLUT1_647_WGA_594_040724_0001
3101,homo,R,Male,5.2,0,Dark,0,5.1,30,160214,71014.0,1866921,1293475.0,95343,722121.0,86055.0,1336575,6837258.0,1438682.0,3101R_GLUT1_647_WGA_594_040724_0001
3101,homo,R,Male,5.2,0,Dark,0,4.8,30,213403,116124.0,2424054,1628113.0,117964,1009402.0,124999.0,1471309,9337710.0,1835033.0,3101R_GLUT1_647_WGA_594_040724_0001
3101,homo,R,Male,5.2,0,Dark,0,4.05,30,45172,26817.0,390438,329331.0,27794,208193.0,29995.0,313239,1206815.0,436615.0,3101R_GLUT1_647_WGA_594_040724_0001
3101,homo,R,Male,5.2,0,Dark,0,4.05,30,177004,92412.0,2097512,1415861.0,102457,580772.0,123105.0,1364744,5562120.0,1847952.0,3101R_GLUT1_647_WGA_594_040724_0001
3101,homo,R,Male,5.2,0,Dark,0,4.65,30,334558,124336.0,3458811,2263055.0,190825,1392555.0,152936.0,2289083,10737526.0,2712885.0,3101R_GLUT1_647_WGA_594_040724_0001
3101,homo,R,Male,5.2,0,Dark,0,3.45,30,408512,242067.0,3840280,2954228.0,218674,1473766.0,301460.0,2482645,10533863.0,3900403.0,3101R_GLUT1_647_WGA_594_040724_0001
3101,homo,R,Male,5.2,0,Dark,0,4.95,30,140051,85783.0,1882308,1216512.0,71227,784858.0,93661.0,1115091,6338915.0,1384308.0,3101R_GLUT1_647_WGA_594_040724_0001
3101,homo,R,Male,5.2,0,Dark,0,2.85,30,103764,48220.0,1174539,1020729.0,125568,205098.0,76126.0,1217650,3048183.0,1329179.0,3101R_GLUT1_647_WGA_594_040724_0001
3101,homo,R,Male,5.2,0,Dark,0,4.95,30,243303,108373.0,2399969,1432681.0,125029,1483198.0,115327.0,1417664,6978995.0,1664709.0,3101R_GLUT1_647_WGA_594_040724_0001
3101,homo,R,Male,5.2,1,Dark,0,4.05,30,103465,77851.0,1161789,1074754.0,57092,606265.0,85236.0,694568,3481621.0,1412112.0,3101R_GLUT1_647_WGA_594_040724_0001
3101,homo,R,Male,5.2,1,Dark,0,5.25,30,151463,79042.0,2932694,1137087.0,87347,764461.0,85606.0,1803118,8303934.0,1353552.0,3101R_GLUT1_647_WGA_594_040724_0001
3101,homo,R,Male,5.2,0,Dark,0,4.35,30,87915,60803.0,1050419,832424.0,46852,460128.0,72676.0,637887,3298203.0,1050487.0,3101R_GLUT1_647_WGA_594_040724_0001
3101,homo,R,Male,5.2,0,Dark,0,5.1,30,154637,73307.0,1931041,1290255.0,77099,1049697.0,82789.0,1029746,6400970.0,1486912.0,3101R_GLUT1_647_WGA_594_040724_0001
3101,homo,R,Male,5.2,0,Dark,0,4.95,30,213938,87198.0,2495225,1689504.0,107186,1037109.0,99920.0,1535253,8638200.0,1857802.0,3101R_GLUT1_647_WGA_594_040724_0001
3101,homo,R,Male,5.2,0,Dark,0,4.5,30,351594,174692.0,3547997,2498316.0,158343,1544884.0,192009.0,1922099,10876538.0,2950053.0,3101R_GLUT1_647_WGA_594_040724_0001
3101,homo,R,Male,5.2,0,Dark,0,3.45,30,167253,67116.0,2435035,1402437.0,295642,418745.0,81622.0,4257921,5387006.0,1654772.0,3101R_GLUT1_647_WGA_594_040724_0001
3101,homo,R,Male,5.2,0,Dark,0,4.2,30,92697,58440.0,1062402,1054638.0,47140,434374.0,72122.0,580235,3358329.0,1338060.0,3101R_GLUT1_647_WGA_594_040724_0001
3101,homo,R,Male,5.2,0,Dark,0,4.05,30,243447,167639.0,2106894,2478414.0,105600,1258428.0,196401.0,1114810,8231275.0,3055587.0,3101R_GLUT1_647_WGA_594_040724_0001
3101,homo,R,Male,5.2,0,Dark,0,2.85,30,201448,122068.0,846319,1671015.0,136599,598297.0,124443.0,703493,3502022.0,1877039.0,3101R_GLUT1_647_WGA_594_040724_0001
3101,homo,R,Male,5.2,0,Dark,0,4.05,30,425253,273084.0,5067260,4051982.0,199530,1817903.0,359085.0,2633548,16288980.0,5378653.0,3101R_GLUT1_647_WGA_594_040724_0001
3101,homo,R,Male,5.2,0,Dark,0,4.2,30,187068,122521.0,2493715,1639799.0,95080,805569.0,139056.0,1500861,6396886.0,2018337.0,3101R_GLUT1_647_WGA_594_040724_0001
3101,homo,R,Male,5.2,1,Dark,0,4.65,30,110813,84107.0,1616282,1471550.0,59878,588380.0,89012.0,949991,5455103.0,1634419.0,3101R_GLUT1_647_WGA_594_040724_0001
3101,homo,R,Male,5.2,0,Dark,0,5.1,30,87983,60727.0,1888660,997196.0,48860,421340.0,67174.0,1044184,6676891.0,1214708.0,3101R_GLUT1_647_WGA_594_040724_0001
3101,homo,R,Male,5.2,1,Dark,0,4.65,30,194186,70089.0,1899067,1306329.0,94129,768536.0,74806.0,1076906,5389522.0,1433993.0,3101R_GLUT1_647_WGA_594_040724_0001
3101,homo,R,Male,5.2,0,Dark,0,3.9,30,157879,100873.0,1375501,1393249.0,79274,921480.0,121483.0,850320,4867058.0,1794616.0,3101R_GLUT1_647_WGA_594_040724_0001
3101,homo,R,Male,5.2,0,Dark,0,4.35,30,294446,156634.0,3412265,2397876.0,159889,1237384.0,156153.0,2105849,9069877.0,2685138.0,3101R_GLUT1_647_WGA_594_040724_0001
3101,homo,R,Male,5.2,1,Dark,0,3.15,30,203960,142583.0,2009652,1970767.0,120744,724164.0,158680.0,1390854,5802012.0,2488369.0,3101R_GLUT1_647_WGA_594_040724_0001
3101,homo,R,Male,5.2,0,Dark,0,5.25,30,188114,75248.0,2601182,1565163.0,101308,862852.0,111218.0,1652251,8161019.0,2111487.0,3101R_GLUT1_647_WGA_594_040724_0001
3101,homo,R,Male,5.2,0,Dark,0,4.2,30,216442,117226.0,3096059,1839095.0,128620,938000.0,143360.0,2112693,8107937.0,2325807.0,3101R_GLUT1_647_WGA_594_040724_0001
3101,homo,R,Male,5.2,0,Dark,0,3.3,30,251488,172660.0,1533289,2108141.0,121927,1110032.0,179454.0,966250,5543682.0,2594433.0,3101R_GLUT1_647_WGA_594_040724_0001
3101,homo,R,Male,5.2,0,Dark,0,4.65,30,39112,19310.0,445322,330614.0,20144,265523.0,21480.0,264546,1347577.0,355752.0,3101R_GLUT1_647_WGA_594_040724_0001
3101,homo,R,Male,5.2,0,Dark,0,5.1,30,271257,93989.0,3640312,1664299.0,155271,1078767.0,120525.0,2245951,12991601.0,2015778.0,3101R_GLUT1_647_WGA_594_040724_0001
3101,homo,R,Male,5.2,0,Dark,0,3.3,30,356826,202933.0,2002877,2818491.0,183495,1259102.0,225230.0,1281778,7456927.0,3601730.0,3101R_GLUT1_647_WGA_594_040724_0001
3101,homo,R,Male,5.2,1,Dark,0,4.5,30,187790,122142.0,2138288,1873296.0,111116,1044622.0,121937.0,1417381,6913475.0,2073849.0,3101R_GLUT1_647_WGA_594_040724_0001
3101,homo,R,Male,5.2,0,Dark,0,3.0,30,92674,98492.0,1080295,1853591.0,55283,333666.0,124690.0,749001,3877629.0,2333608.0,3101R_GLUT1_647_WGA_594_040724_0001
3101,homo,R,Male,5.2,0,Dark,0,4.35,30,37293,25924.0,597823,529878.0,26013,142389.0,30736.0,393951,1692915.0,615731.0,3101R_GLUT1_647_WGA_594_040724_0001
3101,homo,R,Male,5.2,1,Dark,0,3.3,30,311582,295296.0,2905251,2104249.0,159707,1605099.0,333869.0,1668480,7333360.0,2948068.0,3101R_GLUT1_647_WGA_594_040724_0001
3101,homo,R,Male,5.2,1,Dark,0,4.05,30,299157,242837.0,4447140,3597008.0,153366,1469494.0,263792.0,2497134,13630383.0,4087226.0,3101R_GLUT1_647_WGA_594_040724_0001
3101,homo,R,Male,5.2,0,Dark,0,4.2,30,191333,102679.0,2969028,2181670.0,111548,596756.0,125002.0,1928928,8422142.0,2526156.0,3101R_GLUT1_647_WGA_594_040724_0001
3101,homo,R,Male,5.2,0,Dark,0,4.5,30,140009,66339.0,1769307,1114346.0,80218,542576.0,71814.0,1142228,4666786.0,1268234.0,3101R_GLUT1_647_WGA_594_040724_0001
3101,homo,R,Male,5.2,0,Dark,0,4.2,30,210887,140395.0,3284592,2386050.0,106706,909611.0,163955.0,1795311,9631002.0,2741843.0,3101R_GLUT1_647_WGA_594_040724_0001
3101,homo,R,Male,5.2,0,Dark,0,4.65,30,110743,49013.0,1372936,896634.0,64704,427344.0,54207.0,946343,4286258.0,1026395.0,3101R_GLUT1_647_WGA_594_040724_0001
3101,homo,R,Male,5.2,0,Dark,0,3.45,30,191222,107022.0,3241838,1863638.0,124285,488001.0,188477.0,2082171,8656108.0,2424769.0,3101R_GLUT1_647_WGA_594_040724_0001
3101,homo,R,Male,5.2,0,Dark,0,1.7999999999999998,30,97292,82747.0,879047,960475.0,50384,195897.0,150289.0,575308,1669098.0,1733984.0,3101R_GLUT1_647_WGA_594_040724_0001
3101,homo,R,Male,5.2,1,Dark,0,1.65,30,293680,248649.0,2812516,2092901.0,172998,569356.0,391977.0,1931185,4239469.0,3332115.0,3101R_GLUT1_647_WGA_594_040724_0001
3101,homo,R,Male,5.2,0,Dark,0,2.85,30,61673,39019.0,672609,743778.0,167011,142793.0,51825.0,1496595,1801970.0,963676.0,3101R_GLUT1_647_WGA_594_040724_0001
3101,homo,R,Male,5.2,1,Dark,0,1.65,30,199531,133441.0,1977908,1280286.0,117651,356585.0,221017.0,1365816,2844829.0,2119577.0,3101R_GLUT1_647_WGA_594_040724_0001
3101,homo,R,Male,5.2,1,Dark,0,2.55,30,126759,90069.0,849002,1093208.0,277343,290921.0,129404.0,2542680,2368486.0,1596410.0,3101R_GLUT1_647_WGA_594_040724_0001
3101,homo,R,Male,5.2,0,Dark,0,1.65,30,273376,182885.0,3317166,1808254.0,158604,482003.0,312142.0,2171468,4560955.0,2988443.0,3101R_GLUT1_647_WGA_594_040724_0001
3101,homo,R,Male,5.2,1,Dark,0,1.65,30,175912,124401.0,2351793,972132.0,113183,325007.0,180040.0,1660110,3033163.0,1376351.0,3101R_GLUT1_647_WGA_594_040724_0001
3101,homo,R,Male,5.2,0,Dark,0,4.35,30,316514,207333.0,4524739,2958709.0,174349,1556758.0,211119.0,2649886,12998715.0,3426627.0,3101R_GLUT1_647_WGA_594_040724_0001
3101,homo,R,Male,5.2,0,Dark,0,3.75,30,161514,93747.0,2610539,1502706.0,101181,571383.0,119890.0,1709350,5997036.0,2005030.0,3101R_GLUT1_647_WGA_594_040724_0001
3101,homo,R,Male,5.2,0,Dark,0,4.05,30,391699,218809.0,4331079,3729435.0,235812,1565721.0,249416.0,2947929,12566003.0,4453672.0,3101R_GLUT1_647_WGA_594_040724_0001
3101,homo,R,Male,5.2,0,Dark,0,3.6,30,38896,25777.0,433878,752433.0,150257,95015.0,40410.0,1265042,1594365.0,926935.0,3101R_GLUT1_647_WGA_594_040724_0001
3101,homo,R,Male,5.2,0,Dark,0,4.35,30,142090,86280.0,2008597,1629630.0,82854,650133.0,97474.0,1267138,6387149.0,1878773.0,3101R_GLUT1_647_WGA_594_040724_0001
3101,homo,R,Male,5.2,0,Dark,0,4.5,30,225633,82930.0,2222273,1681968.0,139920,697462.0,99828.0,1520401,6366478.0,2024157.0,3101R_GLUT1_647_WGA_594_040724_0001
3101,homo,R,Male,5.2,0,Dark,0,4.35,30,486908,195499.0,6197532,2953327.0,319962,1616698.0,260521.0,4455005,14799351.0,3909690.0,3101R_GLUT1_647_WGA_594_040724_0001
3101,homo,R,Male,5.2,0,Dark,0,4.5,30,111965,51883.0,1510902,1003265.0,67473,558899.0,61680.0,974942,3757689.0,1183466.0,3101R_GLUT1_647_WGA_594_040724_0001
3101,homo,R,Male,5.2,0,Dark,0,4.35,30,235499,128741.0,3492313,2279435.0,146340,1144388.0,147792.0,2243447,9016981.0,2745683.0,3101R_GLUT1_647_WGA_594_040724_0001
3101,homo,R,Male,5.2,0,Dark,0,5.4,30,48601,12926.0,908159,273947.0,45898,115292.0,11322.0,885507,3022421.0,197142.0,3101R_GLUT1_647_WGA_594_040724_0001
3101,homo,R,Male,5.2,0,Dark,0,4.5,30,235666,93326.0,2907748,1681922.0,156428,934130.0,112805.0,2077240,7585599.0,2073361.0,3101R_GLUT1_647_WGA_594_040724_0001
3101,homo,R,Male,5.2,0,Dark,0,3.9,30,131167,88071.0,1713852,1473219.0,81648,633097.0,95368.0,1143963,4403086.0,1682902.0,3101R_GLUT1_647_WGA_594_040724_0001
3101,homo,R,Male,5.2,0,Dark,0,4.5,30,139682,68305.0,1744470,1310293.0,85678,645250.0,83407.0,1165676,5365882.0,1595084.0,3101R_GLUT1_647_WGA_594_040724_0001
3101,homo,R,Male,5.2,0,Dark,0,3.6,30,511542,279686.0,6473866,3480329.0,410792,1495267.0,351512.0,5618308,13583704.0,4751398.0,3101R_GLUT1_647_WGA_594_040724_0001
3101,homo,R,Male,5.2,0,Dark,0,4.05,30,95509,58496.0,1062689,981247.0,61917,491728.0,62790.0,747056,3074602.0,1098368.0,3101R_GLUT1_647_WGA_594_040724_0001
3101,homo,R,Male,5.2,0,Dark,0,3.75,30,249356,135574.0,2849621,2184292.0,183487,1038873.0,146641.0,2250875,7346552.0,2488390.0,3101R_GLUT1_647_WGA_594_040724_0001
3101,homo,R,Male,5.2,1,Dark,0,4.5,30,88747,55663.0,931986,639878.0,67220,535935.0,59789.0,749276,2274522.0,777766.0,3101R_GLUT1_647_WGA_594_040724_0001
3101,homo,R,Male,5.2,1,Dark,0,4.2,30,402886,147425.0,3760606,2712452.0,317964,1111390.0,189880.0,3404741,9603108.0,3437257.0,3101R_GLUT1_647_WGA_594_040724_0001
3101,homo,R,Male,5.2,0,Dark,0,3.75,30,306434,82266.0,5418294,2718382.0,298424,659385.0,148519.0,5109699,15973453.0,3494913.0,3101R_GLUT1_647_WGA_594_040724_0001
3101,homo,R,Male,5.2,1,Dark,0,4.2,30,206769,155234.0,2370490,1800447.0,157872,1242366.0,172342.0,1919334,6831169.0,2334900.0,3101R_GLUT1_647_WGA_594_040724_0001
3101,homo,R,Male,5.2,0,Dark,0,4.8,30,154098,31904.0,2363891,1010074.0,136991,317452.0,55310.0,2227232,5359690.0,1521406.0,3101R_GLUT1_647_WGA_594_040724_0001
3101,homo,R,Male,5.2,0,Dark,0,4.35,30,201662,65869.0,1809150,1208262.0,171347,630113.0,86197.0,1856520,4819996.0,1451443.0,3101R_GLUT1_647_WGA_594_040724_0001
3101,homo,R,Male,5.2,1,Dark,0,4.2,30,70609,35821.0,1153391,613554.0,62876,208918.0,61419.0,1097331,2573631.0,867084.0,3101R_GLUT1_647_WGA_594_040724_0001
3101,homo,R,Male,5.2,0,Dark,0,2.4,30,92160,28350.0,1667550,1056909.0,92869,128718.0,40426.0,1522930,2774338.0,1324623.0,3101R_GLUT1_647_WGA_594_040724_0001
3101,homo,R,Male,5.2,0,Dark,0,3.6,30,132752,73533.0,1024590,867570.0,112076,565414.0,71078.0,1051536,2518180.0,1044610.0,3101R_GLUT1_647_WGA_594_040724_0001
3101,homo,R,Male,5.2,0,Dark,0,3.6,30,226762,109415.0,1354319,1181509.0,138851,869648.0,120566.0,942383,3500825.0,1487306.0,3101R_GLUT1_647_WGA_594_040724_0002
3101,homo,R,Male,5.2,0,Dark,0,3.3,30,417318,157600.0,3398280,2390974.0,271287,1026879.0,203149.0,2531081,7261556.0,3099315.0,3101R_GLUT1_647_WGA_594_040724_0002
3101,homo,R,Male,5.2,0,Dark,0,3.45,30,73848,39066.0,508253,519336.0,44986,320690.0,51143.0,330331,1654327.0,654821.0,3101R_GLUT1_647_WGA_594_040724_0002
3101,homo,R,Male,5.2,0,Dark,0,3.6,30,36304,13773.0,315158,203812.0,63483,45798.0,18357.0,416619,608824.0,262359.0,3101R_GLUT1_647_WGA_594_040724_0002
3101,homo,R,Male,5.2,0,Dark,0,4.05,30,360198,102705.0,2024418,1429088.0,533483,793918.0,125988.0,3202854,5986989.0,1889203.0,3101R_GLUT1_647_WGA_594_040724_0002
3101,homo,R,Male,5.2,0,Dark,0,4.2,30,458167,129611.0,2240388,1630538.0,271337,1838120.0,153954.0,1651193,6258674.0,2139084.0,3101R_GLUT1_647_WGA_594_040724_0002
3101,homo,R,Male,5.2,0,Dark,0,3.75,30,47441,38479.0,726129,680087.0,31174,198010.0,49620.0,436741,2020495.0,874423.0,3101R_GLUT1_647_WGA_594_040724_0002
3101,homo,R,Male,5.2,0,Dark,0,4.05,30,156619,85519.0,1293795,1143894.0,98610,603114.0,104090.0,885349,3830139.0,1458687.0,3101R_GLUT1_647_WGA_594_040724_0002
3101,homo,R,Male,5.2,0,Dark,0,3.6,30,37352,15219.0,209895,242709.0,24163,127760.0,17441.0,146684,556257.0,295786.0,3101R_GLUT1_647_WGA_594_040724_0002
3101,homo,R,Male,5.2,0,Dark,0,,30,35174,,198727,,109189,,,268612,,,3101R_GLUT1_647_WGA_594_040724_0002
3101,homo,R,Male,5.2,0,Dark,0,3.9,30,256108,107129.0,2703446,1404864.0,223182,715749.0,136061.0,2215510,6668275.0,1874203.0,3101R_GLUT1_647_WGA_594_040724_0002
3101,homo,R,Male,5.2,0,Dark,0,3.6,30,180393,96961.0,1683701,1299391.0,115215,586091.0,121145.0,1126851,3795154.0,1670287.0,3101R_GLUT1_647_WGA_594_040724_0002
3101,homo,R,Male,5.2,0,Dark,0,3.75,30,46484,34087.0,553424,501455.0,30077,229774.0,40906.0,334004,1453556.0,645421.0,3101R_GLUT1_647_WGA_594_040724_0002
3101,homo,R,Male,5.2,1,Dark,0,4.2,30,162812,94414.0,1494517,1351254.0,107546,730248.0,115674.0,1110874,4738155.0,1703598.0,3101R_GLUT1_647_WGA_594_040724_0002
3101,homo,R,Male,5.2,0,Dark,0,3.6,30,176073,88362.0,1057380,1198193.0,114781,724085.0,101357.0,717853,2918901.0,1490757.0,3101R_GLUT1_647_WGA_594_040724_0002
3101,homo,R,Male,5.2,0,Dark,0,3.15,30,22825,18925.0,326248,319085.0,15760,75235.0,22591.0,225171,696076.0,428354.0,3101R_GLUT1_647_WGA_594_040724_0002
3101,homo,R,Male,5.2,0,Dark,0,2.4,30,224434,100356.0,2738950,1633039.0,180574,367928.0,173089.0,2122091,5137077.0,2094351.0,3101R_GLUT1_647_WGA_594_040724_0002
3101,homo,R,Male,5.2,0,Dark,0,2.7,30,112320,71175.0,1812254,1251696.0,311317,260110.0,99117.0,3032519,4039640.0,1652007.0,3101R_GLUT1_647_WGA_594_040724_0002
3101,homo,R,Male,5.2,0,Dark,0,3.15,30,158135,82455.0,1595996,858253.0,246096,253428.0,132010.0,1953115,3642811.0,1168430.0,3101R_GLUT1_647_WGA_594_040724_0002
3101,homo,R,Male,5.2,0,Dark,0,4.5,30,141370,61877.0,1031141,785875.0,88051,656181.0,75416.0,727506,3202233.0,1028965.0,3101R_GLUT1_647_WGA_594_040724_0002
3101,homo,R,Male,5.2,0,Dark,0,3.9,30,79702,85059.0,1113677,1042078.0,49267,443077.0,97771.0,691345,3232655.0,1352002.0,3101R_GLUT1_647_WGA_594_040724_0002
3101,homo,R,Male,5.2,0,Dark,0,3.0,30,308290,232364.0,2850472,2691888.0,179088,1104248.0,276348.0,1802081,7153416.0,3546069.0,3101R_GLUT1_647_WGA_594_040724_0002
3101,homo,R,Male,5.2,0,Dark,0,3.75,30,107909,102047.0,1000796,945318.0,68218,594424.0,108565.0,666943,2888976.0,1183884.0,3101R_GLUT1_647_WGA_594_040724_0002
3101,homo,R,Male,5.2,0,Dark,0,3.45,30,128010,121201.0,1607887,1487887.0,82954,656860.0,135167.0,1021729,3965378.0,1887324.0,3101R_GLUT1_647_WGA_594_040724_0002
3101,homo,R,Male,5.2,0,Dark,0,2.7,30,240218,186030.0,2735397,2494632.0,185228,695198.0,205046.0,2232694,5040757.0,3088426.0,3101R_GLUT1_647_WGA_594_040724_0002
3101,homo,R,Male,5.2,0,Dark,0,2.4,30,702478,386961.0,1259148,1080577.0,445339,1865709.0,365328.0,914861,2823715.0,1467284.0,3101R_GLUT1_647_WGA_594_040724_0002
3101,homo,R,Male,5.2,1,Dark,0,3.45,30,193312,135422.0,1970912,1698947.0,123545,956348.0,156124.0,1265595,5240261.0,2142090.0,3101R_GLUT1_647_WGA_594_040724_0002
3101,homo,R,Male,5.2,0,Dark,0,5.55,30,406971,98886.0,1938275,1214043.0,319286,1597522.0,126956.0,1486575,8346061.0,1655184.0,3101R_GLUT1_647_WGA_594_040724_0002
3101,homo,R,Male,5.2,0,Dark,0,3.45,30,191990,116339.0,2198829,1632564.0,149134,761750.0,141174.0,1775888,4815417.0,2119241.0,3101R_GLUT1_647_WGA_594_040724_0002
3101,homo,R,Male,5.2,1,Dark,0,3.75,30,245751,139217.0,1987199,1664259.0,176956,1054624.0,165586.0,1602849,5544473.0,2146742.0,3101R_GLUT1_647_WGA_594_040724_0002
3101,homo,R,Male,5.2,0,Dark,0,3.45,30,81487,40157.0,1152868,708861.0,155899,162800.0,51060.0,1747964,2749258.0,864791.0,3101R_GLUT1_647_WGA_594_040724_0002
3101,homo,R,Male,5.2,0,Dark,0,4.2,30,129488,65235.0,1406395,1109183.0,89852,543879.0,86238.0,1011422,4035455.0,1479807.0,3101R_GLUT1_647_WGA_594_040724_0002
3101,homo,R,Male,5.2,1,Dark,0,4.5,30,208279,100564.0,1741691,1052238.0,142644,915834.0,122346.0,1290693,5906492.0,1395663.0,3101R_GLUT1_647_WGA_594_040724_0002
3101,homo,R,Male,5.2,0,Dark,0,4.35,30,268615,94210.0,2482617,1448273.0,200970,827152.0,127129.0,1998886,6360473.0,1883700.0,3101R_GLUT1_647_WGA_594_040724_0002
3101,homo,R,Male,5.2,0,Dark,0,4.35,30,156192,60918.0,1381780,975849.0,112975,609554.0,80194.0,1076805,3748420.0,1240888.0,3101R_GLUT1_647_WGA_594_040724_0002
3101,homo,R,Male,5.2,0,Dark,0,3.75,30,297852,129643.0,2841821,2016493.0,227028,1040179.0,169864.0,2470160,6334405.0,2590123.0,3101R_GLUT1_647_WGA_594_040724_0002
3101,homo,R,Male,5.2,0,Dark,0,2.1,30,139094,102640.0,438935,414032.0,106603,288018.0,115927.0,369342,803243.0,561251.0,3101R_GLUT1_647_WGA_594_040724_0002
3101,homo,R,Male,5.2,0,Dark,0,4.8,30,216675,91512.0,2831211,1376705.0,198178,755001.0,125577.0,2533810,8581870.0,1851543.0,3101R_GLUT1_647_WGA_594_040724_0002
3101,homo,R,Male,5.2,0,Dark,0,3.75,30,142547,72309.0,1338908,1100490.0,113143,535697.0,91852.0,1247183,3101886.0,1398015.0,3101R_GLUT1_647_WGA_594_040724_0002
3101,homo,R,Male,5.2,0,Dark,0,3.45,30,54848,20734.0,374499,264748.0,42199,163021.0,26870.0,335541,806202.0,378132.0,3101R_GLUT1_647_WGA_594_040724_0002
3101,homo,R,Male,5.2,0,Dark,0,3.6,30,286395,199110.0,3212681,2482969.0,216752,1140131.0,232118.0,2672959,7216524.0,3207305.0,3101R_GLUT1_647_WGA_594_040724_0002
3101,homo,R,Male,5.2,0,Dark,0,4.5,30,219351,85313.0,1979077,1219984.0,168032,814988.0,115395.0,1789695,4914458.0,1652468.0,3101R_GLUT1_647_WGA_594_040724_0002
3101,homo,R,Male,5.2,0,Dark,0,4.05,30,343354,158653.0,2982559,2006642.0,254496,1476188.0,203160.0,2579928,7675552.0,2596456.0,3101R_GLUT1_647_WGA_594_040724_0002
3101,homo,R,Male,5.2,0,Dark,0,3.45,30,147295,64519.0,1274546,1157228.0,115447,380939.0,84253.0,1143023,2972309.0,1445043.0,3101R_GLUT1_647_WGA_594_040724_0002
3101,homo,R,Male,5.2,0,Dark,0,4.5,30,164946,64076.0,1546302,1041483.0,115710,564716.0,90639.0,1252820,4003593.0,1372511.0,3101R_GLUT1_647_WGA_594_040724_0002
3101,homo,R,Male,5.2,0,Dark,0,3.9,30,482105,187470.0,3504378,2531461.0,342634,1763464.0,239413.0,3007593,9564267.0,3294421.0,3101R_GLUT1_647_WGA_594_040724_0002
3101,homo,R,Male,5.2,0,Dark,0,4.2,30,192429,110668.0,1751290,1448458.0,145712,973640.0,141064.0,1455404,5264674.0,1929460.0,3101R_GLUT1_647_WGA_594_040724_0002
3101,homo,R,Male,5.2,0,Dark,0,4.2,30,246833,120627.0,2049486,1539821.0,174863,1013634.0,161950.0,1772418,5520342.0,2086504.0,3101R_GLUT1_647_WGA_594_040724_0002
3101,homo,R,Male,5.2,0,Dark,0,4.2,30,154019,59946.0,1093744,871795.0,122545,577862.0,77860.0,1014401,3230079.0,1175400.0,3101R_GLUT1_647_WGA_594_040724_0002
3101,homo,R,Male,5.2,0,Dark,0,4.05,30,208049,95376.0,1582716,1214313.0,145395,788778.0,120111.0,1349345,4267730.0,1597712.0,3101R_GLUT1_647_WGA_594_040724_0002
3101,homo,R,Male,5.2,0,Dark,0,2.4,30,145188,76552.0,1501982,1456185.0,152369,194134.0,167862.0,1375854,3196420.0,1862865.0,3101R_GLUT1_647_WGA_594_040724_0002
3101,homo,R,Male,5.2,0,Dark,0,4.35,30,203845,97624.0,1578704,1347642.0,149736,905114.0,123182.0,1481026,4752766.0,1769778.0,3101R_GLUT1_647_WGA_594_040724_0002
3101,homo,R,Male,5.2,0,Dark,0,1.65,30,90543,37720.0,336225,524201.0,193415,87555.0,51912.0,712181,677995.0,714481.0,3101R_GLUT1_647_WGA_594_040724_0002
3101,homo,R,Male,5.2,1,Dark,0,3.75,30,348158,150605.0,1938827,1819490.0,250861,1178490.0,191691.0,1794740,5449311.0,2316985.0,3101R_GLUT1_647_WGA_594_040724_0002
3101,homo,R,Male,5.2,1,Dark,0,4.8,30,198923,110457.0,1354076,1214757.0,131868,1101872.0,137080.0,1099701,4404745.0,1647233.0,3101R_GLUT1_647_WGA_594_040724_0002
3101,homo,R,Male,5.2,0,Dark,0,4.35,30,252524,80703.0,1394828,1107173.0,180252,832157.0,104583.0,1212640,4397660.0,1466780.0,3101R_GLUT1_647_WGA_594_040724_0002
3101,homo,R,Male,5.2,1,Dark,0,4.2,30,246882,89073.0,1570313,1279556.0,180246,836783.0,118114.0,1410669,4665732.0,1701868.0,3101R_GLUT1_647_WGA_594_040724_0002
3101,homo,R,Male,5.2,1,Dark,0,5.25,30,175089,85930.0,1144308,1141278.0,150377,859178.0,119093.0,1044334,5258598.0,1557730.0,3101R_GLUT1_647_WGA_594_040724_0002
3101,homo,R,Male,5.2,0,Dark,0,4.05,30,380979,166743.0,2493454,2102476.0,255135,1407745.0,230968.0,2227806,7089408.0,2887913.0,3101R_GLUT1_647_WGA_594_040724_0002
3101,homo,R,Male,5.2,0,Dark,0,3.75,30,50607,41276.0,449218,467016.0,37184,250959.0,49237.0,392635,1101838.0,595218.0,3101R_GLUT1_647_WGA_594_040724_0002
3101,homo,R,Male,5.2,1,Dark,0,3.9,30,173032,106441.0,1264652,1264896.0,123715,648371.0,129025.0,1035730,3707074.0,1666379.0,3101R_GLUT1_647_WGA_594_040724_0002
3101,homo,R,Male,5.2,1,Dark,0,3.45,30,34744,30066.0,400433,366542.0,25771,125345.0,36002.0,339470,902310.0,493108.0,3101R_GLUT1_647_WGA_594_040724_0002
3101,homo,R,Male,5.2,0,Dark,0,3.45,30,40442,33718.0,296824,330809.0,26785,207632.0,37333.0,242418,669333.0,444374.0,3101R_GLUT1_647_WGA_594_040724_0002
3101,homo,R,Male,5.2,0,Dark,0,4.65,30,131019,53192.0,860401,717430.0,82378,528624.0,74038.0,647690,2670529.0,962593.0,3101R_GLUT1_647_WGA_594_040724_0002
3101,homo,R,Male,5.2,0,Dark,0,4.2,30,251633,152385.0,1836756,1733628.0,189053,1373469.0,184140.0,1691259,5698961.0,2280132.0,3101R_GLUT1_647_WGA_594_040724_0002
3101,homo,R,Male,5.2,1,Dark,0,2.4,30,255463,157927.0,1649615,1248812.0,174820,656171.0,240730.0,1488600,2714399.0,2195107.0,3101R_GLUT1_647_WGA_594_040724_0002
3101,homo,R,Male,5.2,0,Dark,0,2.25,30,491603,160034.0,2885177,1375296.0,304045,1110067.0,266834.0,2365624,4842887.0,2471110.0,3101R_GLUT1_647_WGA_594_040724_0002
3101,homo,R,Male,5.2,0,Dark,0,3.45,30,364327,224931.0,2942886,2860874.0,224812,1284542.0,279508.0,2129221,7877702.0,3761346.0,3101R_GLUT1_647_WGA_594_040724_0002
3101,homo,R,Male,5.2,0,Dark,0,3.45,30,85192,48096.0,538330,627185.0,50875,288262.0,56139.0,408896,1474600.0,809475.0,3101R_GLUT1_647_WGA_594_040724_0002
3101,homo,R,Male,5.2,0,Dark,0,2.4,30,255392,209722.0,1928962,1593205.0,176455,767807.0,288114.0,1627644,3288612.0,2779098.0,3101R_GLUT1_647_WGA_594_040724_0002
3101,homo,R,Male,5.2,1,Dark,0,3.45,30,192444,142208.0,1955226,1865927.0,128343,690195.0,172046.0,1543913,4921747.0,2445521.0,3101R_GLUT1_647_WGA_594_040724_0002
3101,homo,R,Male,5.2,0,Dark,0,3.75,30,73464,44577.0,602858,568985.0,44399,252153.0,53832.0,427953,1621327.0,729430.0,3101R_GLUT1_647_WGA_594_040724_0002
3101,homo,R,Male,5.2,0,Dark,0,3.0,30,270509,196597.0,1973534,2278255.0,170992,898283.0,239149.0,1471031,5153564.0,3037361.0,3101R_GLUT1_647_WGA_594_040724_0002
3101,homo,R,Male,5.2,0,Dark,0,4.65,30,300603,114274.0,2460464,1946984.0,186335,1064928.0,159577.0,1756508,8166330.0,2564518.0,3101R_GLUT1_647_WGA_594_040724_0002
3101,homo,R,Male,5.2,0,Dark,0,3.0,30,215359,169517.0,1643195,1564245.0,152748,667118.0,234669.0,1348762,3660033.0,2166208.0,3101R_GLUT1_647_WGA_594_040724_0002
3101,homo,R,Male,5.2,0,Dark,0,4.65,30,198201,67137.0,1630133,1184969.0,127277,580552.0,109632.0,1298224,4547492.0,1661834.0,3101R_GLUT1_647_WGA_594_040724_0002
3101,homo,R,Male,5.2,1,Dark,0,3.75,30,180062,115039.0,1490355,1383158.0,135055,630346.0,134747.0,1379991,3755184.0,1876834.0,3101R_GLUT1_647_WGA_594_040724_0002
3101,homo,R,Male,5.2,0,Dark,0,3.3,30,251348,195611.0,2340598,2189525.0,146708,987463.0,227000.0,1556194,6197235.0,2984581.0,3101R_GLUT1_647_WGA_594_040724_0002
3101,homo,R,Male,5.2,0,Dark,0,3.75,30,189008,103510.0,1260101,1240184.0,117637,787657.0,124211.0,1052629,3267564.0,1625443.0,3101R_GLUT1_647_WGA_594_040724_0002
3101,homo,R,Male,5.2,0,Dark,0,3.6,30,124150,56602.0,1088994,860763.0,72927,396471.0,78757.0,785568,2732829.0,1157198.0,3101R_GLUT1_647_WGA_594_040724_0002
3101,homo,R,Male,5.2,0,Dark,0,3.15,30,332195,184487.0,1970418,2507105.0,223431,1093518.0,230449.0,1704016,5758888.0,3188008.0,3101R_GLUT1_647_WGA_594_040724_0002
3101,homo,R,Male,5.2,0,Dark,0,3.15,30,183585,130812.0,1448295,1618011.0,103656,810943.0,152964.0,953962,4123367.0,2050490.0,3101R_GLUT1_647_WGA_594_040724_0002
3101,homo,R,Male,5.2,0,Dark,0,3.3,30,57087,26007.0,436512,347017.0,29983,217070.0,28720.0,289864,1033763.0,419692.0,3101R_GLUT1_647_WGA_594_040724_0002
3101,homo,R,Male,5.2,0,Dark,0,1.95,30,254996,182434.0,3881666,4628837.0,196714,427143.0,327694.0,2854385,7820395.0,5944348.0,3101R_GLUT1_647_WGA_594_040724_0002
3101,homo,R,Male,5.2,0,Dark,0,3.15,30,409009,213391.0,3460470,2624195.0,225367,1543611.0,244000.0,2336034,7675164.0,3406714.0,3101R_GLUT1_647_WGA_594_040724_0002
3101,homo,R,Male,5.2,0,Dark,0,3.0,30,256725,144377.0,1587047,1927287.0,164879,771606.0,177734.0,1249226,4025805.0,2484194.0,3101R_GLUT1_647_WGA_594_040724_0002
3101,homo,R,Male,5.2,0,Dark,0,3.45,30,207470,128793.0,1471652,1570126.0,121681,818995.0,156474.0,1117848,4061498.0,2034437.0,3101R_GLUT1_647_WGA_594_040724_0002
3101,homo,R,Male,5.2,0,Dark,0,3.75,30,14170,8455.0,125209,123866.0,9414,62544.0,11032.0,89770,416488.0,156371.0,3101R_GLUT1_647_WGA_594_040724_0002
3101,homo,R,Male,5.2,0,Dark,0,3.75,30,368079,214613.0,2858999,2298249.0,204659,1573438.0,270559.0,1816350,8240529.0,3191009.0,3101R_GLUT1_647_WGA_594_040724_0002
3101,homo,R,Male,5.2,0,Dark,0,3.0,30,311788,210728.0,2646543,2779647.0,186479,929961.0,265427.0,1913909,6456774.0,3798074.0,3101R_GLUT1_647_WGA_594_040724_0002
3101,homo,R,Male,5.2,0,Dark,0,3.75,30,131957,73524.0,1131526,1129853.0,75672,531933.0,94069.0,758784,3304757.0,1512376.0,3101R_GLUT1_647_WGA_594_040724_0002
3101,homo,R,Male,5.2,0,Dark,0,1.7999999999999998,30,238659,200061.0,4128456,4573207.0,168419,412289.0,414502.0,2781252,8196035.0,5613216.0,3101R_GLUT1_647_WGA_594_040724_0002
3101,homo,R,Male,5.2,0,Dark,0,4.05,30,177276,94064.0,1330650,1412265.0,116795,663068.0,127829.0,1100526,4279764.0,1887686.0,3101R_GLUT1_647_WGA_594_040724_0002
3101,homo,R,Male,5.2,1,Dark,0,2.85,30,221676,202980.0,1487499,1226566.0,119313,915402.0,226555.0,1003816,3266397.0,1671839.0,3101R_GLUT1_647_WGA_594_040724_0002
3101,homo,R,Male,5.2,0,Dark,0,3.9,30,337035,163942.0,2819695,2427818.0,211645,1033027.0,238049.0,2144645,8190311.0,3436744.0,3101R_GLUT1_647_WGA_594_040724_0002
3101,homo,R,Male,5.2,1,Dark,0,2.85,30,23639,28819.0,213891,191490.0,13724,84192.0,45119.0,142748,434735.0,286659.0,3101R_GLUT1_647_WGA_594_040724_0002
3101,homo,R,Male,5.2,0,Dark,0,3.15,30,854906,286025.0,3482361,3481032.0,445469,2636601.0,356835.0,2529557,9467029.0,4727235.0,3101R_GLUT1_647_WGA_594_040724_0002
3101,homo,R,Male,5.2,1,Dark,0,3.75,30,127878,81827.0,1111629,1205230.0,77619,655098.0,103835.0,816861,3557271.0,1628406.0,3101R_GLUT1_647_WGA_594_040724_0002
3101,homo,R,Male,5.2,0,Dark,0,3.9,30,133177,104599.0,1428085,1466490.0,81741,689787.0,129867.0,988300,4336995.0,1927738.0,3101R_GLUT1_647_WGA_594_040724_0002
3101,homo,R,Male,5.2,1,Dark,0,5.4,30,528849,107403.0,1328786,1225614.0,277350,1861085.0,104320.0,906431,5471639.0,1164669.0,3101R_GLUT1_647_WGA_594_040724_0002
3101,homo,R,Male,5.2,0,Dark,0,5.55,30,68442,39390.0,552714,517898.0,43238,425118.0,31640.0,408897,2096766.0,426425.0,3101R_GLUT1_647_WGA_594_040724_0002
3101,homo,R,Male,5.2,0,Dark,0,3.45,30,241257,157767.0,1808300,1926941.0,127986,968293.0,185951.0,1150376,5428852.0,2498625.0,3101R_GLUT1_647_WGA_594_040724_0002
3101,homo,R,Male,5.2,1,Dark,0,4.35,30,235613,173983.0,1819218,1907769.0,127958,1335843.0,233389.0,1150274,7540882.0,2642468.0,3101R_GLUT1_647_WGA_594_040724_0002
3101,homo,R,Male,5.2,0,Dark,0,3.3,30,137778,100691.0,1514314,1699580.0,80217,475559.0,129783.0,882552,4407798.0,2144706.0,3101R_GLUT1_647_WGA_594_040724_0002
3101,homo,R,Male,5.2,0,Dark,0,,30,401477,,5001593,,626803,,,5672825,,,3101R_GLUT1_647_WGA_594_040724_0002
3101,homo,R,Male,5.2,1,Dark,0,2.85,30,117772,87317.0,865287,1112341.0,63289,354533.0,104690.0,541047,2344901.0,1458593.0,3101R_GLUT1_647_WGA_594_040724_0002
3201,homo,L,Male,4.3,1,Light Flicker,0,,30,32711,,58792,,23783,,,50916,,,3201L_GLUT1_647_WGA_594_040724_0002
3201,homo,L,Male,4.3,0,Light Flicker,0,,30,10786,,49611,,6754,,,36438,,,3201L_GLUT1_647_WGA_594_040724_0002
3201,homo,L,Male,4.3,0,Light Flicker,0,,30,120561,,515772,,80142,,,396890,,,3201L_GLUT1_647_WGA_594_040724_0002
3201,homo,L,Male,4.3,0,Light Flicker,0,4.05,30,184635,180480.0,607780,264834.0,36896,1121664.0,196482.0,158176,1710303.0,350599.0,3201L_GLUT1_647_WGA_594_040724_0002
3201,homo,L,Male,4.3,0,Light Flicker,0,,30,171703,,603348,,55207,,,239734,,,3201L_GLUT1_647_WGA_594_040724_0002
3201,homo,L,Male,4.3,0,Light Flicker,0,,30,388259,,1013031,,271762,,,843525,,,3201L_GLUT1_647_WGA_594_040724_0002
3201,homo,L,Male,4.3,0,Light Flicker,0,5.1,30,132718,111208.0,615507,245776.0,26840,898711.0,163275.0,148836,2107341.0,337979.0,3201L_GLUT1_647_WGA_594_040724_0002
3201,homo,L,Male,4.3,1,Light Flicker,0,3.75,30,204432,135417.0,873234,312221.0,124838,734460.0,177358.0,663891,1623959.0,414795.0,3201L_GLUT1_647_WGA_594_040724_0002
3201,homo,L,Male,4.3,0,Light Flicker,0,3.0,30,384089,430206.0,1631331,665492.0,266534,1553961.0,488531.0,1473354,2733175.0,862392.0,3201L_GLUT1_647_WGA_594_040724_0002
3201,homo,L,Male,4.3,0,Light Flicker,0,2.55,30,176877,158295.0,563837,266024.0,142018,351899.0,280407.0,536585,911868.0,356604.0,3201L_GLUT1_647_WGA_594_040724_0002
3201,homo,L,Male,4.3,0,Light Flicker,0,,30,169807,,426955,,69738,,,197355,,,3201L_GLUT1_647_WGA_594_040724_0002
3201,homo,L,Male,4.3,0,Light Flicker,0,3.6,30,155613,171969.0,765414,250018.0,65469,934275.0,211405.0,360501,1391148.0,334216.0,3201L_GLUT1_647_WGA_594_040724_0002
3201,homo,L,Male,4.3,0,Light Flicker,0,,30,269060,,966768,,88223,,,377468,,,3201L_GLUT1_647_WGA_594_040724_0002
3201,homo,L,Male,4.3,0,Light Flicker,0,3.75,30,234664,210500.0,988749,377166.0,76717,1216873.0,259927.0,365047,2378074.0,509804.0,3201L_GLUT1_647_WGA_594_040724_0002
3201,homo,L,Male,4.3,0,Light Flicker,0,4.95,30,62861,39763.0,367448,106652.0,32635,338950.0,48245.0,221904,761423.0,140238.0,3201L_GLUT1_647_WGA_594_040724_0002
3201,homo,L,Male,4.3,0,Light Flicker,0,4.5,30,82060,41521.0,465735,126434.0,50881,373447.0,53718.0,352266,825103.0,174413.0,3201L_GLUT1_647_WGA_594_040724_0002
3201,homo,L,Male,4.3,0,Light Flicker,0,,30,255338,,645606,,172266,,,516124,,,3201L_GLUT1_647_WGA_594_040724_0002
3201,homo,L,Male,4.3,0,Light Flicker,0,4.35,30,89061,59851.0,285083,125520.0,61771,320496.0,73884.0,226748,707102.0,173409.0,3201L_GLUT1_647_WGA_594_040724_0002
3201,homo,L,Male,4.3,0,Light Flicker,0,,30,167684,,622236,,87592,,,373173,,,3201L_GLUT1_647_WGA_594_040724_0002
3201,homo,L,Male,4.3,0,Light Flicker,0,,30,223256,,856585,,134061,,,653824,,,3201L_GLUT1_647_WGA_594_040724_0002
3201,homo,L,Male,4.3,0,Light Flicker,0,,30,739226,,1619152,,583272,,,1493297,,,3201L_GLUT1_647_WGA_594_040724_0002
3201,homo,L,Male,4.3,0,Light Flicker,0,,30,142230,,599204,,58439,,,282199,,,3201L_GLUT1_647_WGA_594_040724_0002
3201,homo,L,Male,4.3,1,Light Flicker,0,,30,329453,,964210,,165311,,,573109,,,3201L_GLUT1_647_WGA_594_040724_0002
3201,homo,L,Male,4.3,0,Light Flicker,0,3.3,30,279110,215244.0,1289234,391642.0,211118,1176800.0,218338.0,1160305,1964228.0,523853.0,3201L_GLUT1_647_WGA_594_040724_0002
3201,homo,L,Male,4.3,0,Light Flicker,0,3.45,30,368461,192352.0,1276750,432843.0,208758,1230938.0,229933.0,887667,2284861.0,572790.0,3201L_GLUT1_647_WGA_594_040724_0002
3201,homo,L,Male,4.3,0,Light Flicker,0,4.65,30,88097,60427.0,522608,144417.0,58182,384851.0,80867.0,417988,1005004.0,194522.0,3201L_GLUT1_647_WGA_594_040724_0002
3201,homo,L,Male,4.3,0,Light Flicker,0,,30,173795,,500719,,122251,,,438989,,,3201L_GLUT1_647_WGA_594_040724_0002
3201,homo,L,Male,4.3,0,Light Flicker,0,3.6,30,197836,123939.0,388935,173608.0,117334,746547.0,162005.0,278899,783230.0,240129.0,3201L_GLUT1_647_WGA_594_040724_0002
3201,homo,L,Male,4.3,1,Light Flicker,0,,30,181616,,673891,,114593,,,543514,,,3201L_GLUT1_647_WGA_594_040724_0002
3201,homo,L,Male,4.3,0,Light Flicker,0,3.9,30,313858,223667.0,1050542,327577.0,155063,1743932.0,295969.0,629036,1921140.0,441899.0,3201L_GLUT1_647_WGA_594_040724_0002
3201,homo,L,Male,4.3,0,Light Flicker,0,3.6,30,92330,75587.0,215532,114906.0,63046,531696.0,69867.0,188020,475422.0,158262.0,3201L_GLUT1_647_WGA_594_040724_0002
3201,homo,L,Male,4.3,0,Light Flicker,0,4.05,30,233502,104058.0,633351,273297.0,159138,771107.0,140251.0,557765,1459617.0,376667.0,3201L_GLUT1_647_WGA_594_040724_0002
3201,homo,L,Male,4.3,0,Light Flicker,0,4.2,30,117017,51382.0,484706,140715.0,69547,415995.0,74068.0,389747,936985.0,198954.0,3201L_GLUT1_647_WGA_594_040724_0002
3201,homo,L,Male,4.3,0,Light Flicker,0,3.9,30,119099,94108.0,595513,176237.0,67722,720704.0,122401.0,432889,990804.0,245941.0,3201L_GLUT1_647_WGA_594_040724_0002
3201,homo,L,Male,4.3,0,Light Flicker,0,4.95,30,193932,70116.0,574156,216642.0,117839,723051.0,89228.0,476009,1432779.0,299852.0,3201L_GLUT1_647_WGA_594_040724_0002
3201,homo,L,Male,4.3,0,Light Flicker,0,2.85,30,245270,254347.0,759306,286294.0,119569,1125927.0,271502.0,447698,1190432.0,376746.0,3201L_GLUT1_647_WGA_594_040724_0002
3201,homo,L,Male,4.3,0,Light Flicker,0,5.25,30,95139,27352.0,328814,108344.0,57789,445021.0,45468.0,276400,820427.0,154164.0,3201L_GLUT1_647_WGA_594_040724_0002
3201,homo,L,Male,4.3,0,Light Flicker,0,4.8,30,286800,82091.0,479379,188391.0,176183,836941.0,116092.0,345025,1059439.0,246794.0,3201L_GLUT1_647_WGA_594_040724_0002
3201,homo,L,Male,4.3,0,Light Flicker,0,4.65,30,215724,90474.0,394123,206772.0,150005,650271.0,132622.0,351866,1191777.0,289333.0,3201L_GLUT1_647_WGA_594_040724_0002
3201,homo,L,Male,4.3,0,Light Flicker,0,3.9,30,135484,86522.0,340759,144409.0,86159,733954.0,104553.0,294039,643558.0,193750.0,3201L_GLUT1_647_WGA_594_040724_0002
3201,homo,L,Male,4.3,0,Light Flicker,0,,30,294017,,1008049,,166797,,,719574,,,3201L_GLUT1_647_WGA_594_040724_0002
3201,homo,L,Male,4.3,0,Light Flicker,0,3.9,30,275604,206842.0,821299,379060.0,174052,1124957.0,260788.0,723752,1917909.0,520976.0,3201L_GLUT1_647_WGA_594_040724_0002
3201,homo,L,Male,4.3,0,Light Flicker,0,6.3,30,62177,16395.0,204790,66780.0,41133,210355.0,22330.0,177821,558718.0,92697.0,3201L_GLUT1_647_WGA_594_040724_0002
3201,homo,L,Male,4.3,0,Light Flicker,0,3.45,30,233701,159875.0,556658,231560.0,138912,1038571.0,160909.0,396415,995010.0,289478.0,3201L_GLUT1_647_WGA_594_040724_0002
3201,homo,L,Male,4.3,0,Light Flicker,0,5.1,30,46683,21937.0,156361,58791.0,32253,223266.0,25454.0,134951,357187.0,80821.0,3201L_GLUT1_647_WGA_594_040724_0002
3201,homo,L,Male,4.3,0,Light Flicker,0,4.5,30,150283,97232.0,303287,127043.0,85820,877767.0,103476.0,258363,710560.0,172133.0,3201L_GLUT1_647_WGA_594_040724_0002
3201,homo,L,Male,4.3,0,Light Flicker,0,,30,273219,,1225328,,146872,,,854001,,,3201L_GLUT1_647_WGA_594_040724_0002
3201,homo,L,Male,4.3,0,Light Flicker,0,3.75,30,225578,123363.0,549560,225967.0,136275,901338.0,163370.0,434697,1145520.0,310500.0,3201L_GLUT1_647_WGA_594_040724_0002
3201,homo,L,Male,4.3,0,Light Flicker,0,3.75,30,113681,73967.0,379328,136704.0,61511,630473.0,81546.0,284140,677614.0,187015.0,3201L_GLUT1_647_WGA_594_040724_0002
3201,homo,L,Male,4.3,0,Light Flicker,0,3.15,30,242138,210903.0,605530,287536.0,149509,1254926.0,181887.0,524608,1023264.0,345049.0,3201L_GLUT1_647_WGA_594_040724_0002
3201,homo,L,Male,4.3,0,Light Flicker,0,5.55,30,61951,24219.0,267497,86587.0,37261,329157.0,34937.0,214994,699089.0,120348.0,3201L_GLUT1_647_WGA_594_040724_0002
3201,homo,L,Male,4.3,0,Light Flicker,0,4.95,30,65153,43243.0,263995,104882.0,41407,314830.0,54107.0,242223,657261.0,144446.0,3201L_GLUT1_647_WGA_594_040724_0002
3201,homo,L,Male,4.3,0,Light Flicker,0,4.05,30,137071,59553.0,396826,169547.0,79720,582786.0,90210.0,305790,926542.0,233837.0,3201L_GLUT1_647_WGA_594_040724_0002
3201,homo,L,Male,4.3,0,Light Flicker,0,2.85,30,336071,371447.0,945962,445290.0,183497,1505517.0,392088.0,741640,1552167.0,571315.0,3201L_GLUT1_647_WGA_594_040724_0002
3201,homo,L,Male,4.3,0,Light Flicker,0,3.15,30,279523,372646.0,1041557,423578.0,160557,1668342.0,372043.0,823604,1850474.0,551305.0,3201L_GLUT1_647_WGA_594_040724_0002
3201,homo,L,Male,4.3,0,Light Flicker,0,3.45,30,149422,170757.0,519064,224559.0,74529,848776.0,181916.0,343939,1028838.0,301164.0,3201L_GLUT1_647_WGA_594_040724_0002
3201,homo,L,Male,4.3,0,Light Flicker,0,4.2,30,113965,79642.0,370163,150949.0,58017,627449.0,93613.0,248290,893827.0,200837.0,3201L_GLUT1_647_WGA_594_040724_0002
3201,homo,L,Male,4.3,0,Light Flicker,0,4.65,30,110617,66656.0,487000,164548.0,63927,592990.0,78693.0,368052,1166281.0,223587.0,3201L_GLUT1_647_WGA_594_040724_0002
3201,homo,L,Male,4.3,0,Light Flicker,0,5.4,30,100113,38227.0,274047,116423.0,60583,472413.0,49768.0,241493,773026.0,160389.0,3201L_GLUT1_647_WGA_594_040724_0002
3201,homo,L,Male,4.3,0,Light Flicker,0,3.6,30,288156,280231.0,630084,346640.0,177720,1689677.0,278299.0,476183,1381283.0,449285.0,3201L_GLUT1_647_WGA_594_040724_0002
3201,homo,L,Male,4.3,1,Light Flicker,0,3.45,30,254813,194399.0,877620,332963.0,132241,986362.0,269308.0,635313,1614186.0,448028.0,3201L_GLUT1_647_WGA_594_040724_0002
3201,homo,L,Male,4.3,0,Light Flicker,0,3.3,30,246276,229699.0,918817,398090.0,134706,1269163.0,296612.0,696885,1823646.0,544448.0,3201L_GLUT1_647_WGA_594_040724_0002
3201,homo,L,Male,4.3,0,Light Flicker,0,,30,264718,,957167,,164819,,,810957,,,3201L_GLUT1_647_WGA_594_040724_0002
3201,homo,L,Male,4.3,0,Light Flicker,0,3.3,30,316530,218812.0,812690,354045.0,182050,1306325.0,323035.0,639838,1576576.0,482848.0,3201L_GLUT1_647_WGA_594_040724_0002
3201,homo,L,Male,4.3,0,Light Flicker,0,4.2,30,155641,81981.0,313301,165651.0,95027,631664.0,88810.0,262691,842670.0,224192.0,3201L_GLUT1_647_WGA_594_040724_0002
3201,homo,L,Male,4.3,0,Light Flicker,0,3.3,30,234660,198810.0,674629,294533.0,119343,982648.0,245173.0,500650,1301762.0,405565.0,3201L_GLUT1_647_WGA_594_040724_0002
3201,homo,L,Male,4.3,0,Light Flicker,0,,30,58630,,121022,,31879,,,116557,,,3201L_GLUT1_647_WGA_594_040724_0002
3201,homo,L,Male,4.3,0,Light Flicker,0,3.45,30,189924,109327.0,581988,223775.0,99135,675091.0,162404.0,388316,1153232.0,309451.0,3201L_GLUT1_647_WGA_594_040724_0002
3201,homo,L,Male,4.3,0,Light Flicker,0,3.45,30,111363,108384.0,319853,136769.0,65480,640011.0,125714.0,272682,618121.0,193054.0,3201L_GLUT1_647_WGA_594_040724_0002
3201,homo,L,Male,4.3,1,Light Flicker,0,3.45,30,193553,231721.0,796520,317292.0,105428,909398.0,328631.0,556871,1704920.0,435856.0,3201L_GLUT1_647_WGA_594_040724_0002
3201,homo,L,Male,4.3,0,Light Flicker,0,3.45,30,184566,220390.0,516379,237832.0,109112,798690.0,288585.0,432395,958504.0,325133.0,3201L_GLUT1_647_WGA_594_040724_0002
3201,homo,L,Male,4.3,0,Light Flicker,0,,30,306305,,1170057,,196953,,,947206,,,3201L_GLUT1_647_WGA_594_040724_0002
3201,homo,L,Male,4.3,0,Light Flicker,0,2.7,30,403335,342506.0,819078,449277.0,221146,1153362.0,414828.0,585597,1512401.0,590404.0,3201L_GLUT1_647_WGA_594_040724_0002
3201,homo,L,Male,4.3,0,Light Flicker,0,3.3,30,230646,175578.0,800675,278937.0,121206,1002545.0,206491.0,580442,1444514.0,389082.0,3201L_GLUT1_647_WGA_594_040724_0002
3201,homo,L,Male,4.3,0,Light Flicker,0,4.95,30,208985,100399.0,648347,240813.0,114326,819066.0,122516.0,513884,1487561.0,326527.0,3201L_GLUT1_647_WGA_594_040724_0002
3201,homo,L,Male,4.3,0,Light Flicker,0,3.3,30,263850,153720.0,582256,298064.0,146641,852947.0,187273.0,472693,1167060.0,376579.0,3201L_GLUT1_647_WGA_594_040724_0002
3201,homo,L,Male,4.3,0,Light Flicker,0,3.15,30,438938,624482.0,1568544,778295.0,248354,2533884.0,813260.0,1192097,3358541.0,1061334.0,3201L_GLUT1_647_WGA_594_040724_0002
3201,homo,L,Male,4.3,0,Light Flicker,0,3.3,30,244566,243111.0,955215,368363.0,126062,1238412.0,357627.0,673103,1850521.0,516499.0,3201L_GLUT1_647_WGA_594_040724_0002
3201,homo,L,Male,4.3,0,Light Flicker,0,4.5,30,162583,80105.0,428866,237217.0,108918,597785.0,103092.0,393350,1351011.0,324982.0,3201L_GLUT1_647_WGA_594_040724_0002
3201,homo,L,Male,4.3,0,Light Flicker,0,3.15,30,200457,99668.0,418761,224216.0,119403,575369.0,125297.0,335519,813345.0,291509.0,3201L_GLUT1_647_WGA_594_040724_0002
3201,homo,L,Male,4.3,0,Light Flicker,0,,30,194682,,289229,,130330,,,220009,,,3201L_GLUT1_647_WGA_594_040724_0002
3201,homo,L,Male,4.3,0,Light Flicker,0,3.15,30,412057,459669.0,1263748,595755.0,235687,2082726.0,556544.0,884867,2659956.0,777251.0,3201L_GLUT1_647_WGA_594_040724_0002
3201,homo,L,Male,4.3,0,Light Flicker,0,3.15,30,231828,212041.0,456582,251129.0,139287,1099619.0,211632.0,371820,883280.0,318236.0,3201L_GLUT1_647_WGA_594_040724_0002
3201,homo,L,Male,4.3,1,Light Flicker,0,3.0,30,285172,388454.0,736757,404924.0,154427,1719814.0,419487.0,537099,1483105.0,510253.0,3201L_GLUT1_647_WGA_594_040724_0002
3201,homo,L,Male,4.3,0,Light Flicker,0,2.85,30,264659,198313.0,606480,271283.0,145611,1054905.0,264775.0,535837,1086213.0,383993.0,3201L_GLUT1_647_WGA_594_040724_0002
3201,homo,L,Male,4.3,0,Light Flicker,0,3.9,30,118347,120093.0,472716,196601.0,61205,633932.0,158665.0,315311,1031182.0,262601.0,3201L_GLUT1_647_WGA_594_040724_0002
3201,homo,L,Male,4.3,0,Light Flicker,0,4.2,30,158119,97957.0,610792,232859.0,81951,690920.0,137789.0,452260,1449189.0,318504.0,3201L_GLUT1_647_WGA_594_040724_0002
3201,homo,L,Male,4.3,0,Light Flicker,0,4.2,30,141357,115396.0,501397,189356.0,79980,779842.0,162696.0,392485,1053890.0,252845.0,3201L_GLUT1_647_WGA_594_040724_0002
3201,homo,L,Male,4.3,0,Light Flicker,0,4.05,30,100955,69609.0,367480,159605.0,58847,583628.0,87978.0,305176,862096.0,219836.0,3201L_GLUT1_647_WGA_594_040724_0002
3201,homo,L,Male,4.3,0,Light Flicker,0,3.3,30,221541,173063.0,470043,248786.0,129619,954452.0,191959.0,361512,1012832.0,338227.0,3201L_GLUT1_647_WGA_594_040724_0002
3201,homo,L,Male,4.3,1,Light Flicker,0,3.15,30,161551,186637.0,606932,265425.0,97096,688937.0,220974.0,476094,1139064.0,351232.0,3201L_GLUT1_647_WGA_594_040724_0002
3201,homo,L,Male,4.3,0,Light Flicker,0,3.9,30,294319,211881.0,891535,340241.0,163099,1482944.0,297812.0,720712,1748681.0,461834.0,3201L_GLUT1_647_WGA_594_040724_0002
3201,homo,L,Male,4.3,1,Light Flicker,0,,30,270265,,598273,,144131,,,423084,,,3201L_GLUT1_647_WGA_594_040724_0002
3201,homo,L,Male,4.3,0,Light Flicker,0,,30,340811,,608245,,196015,,,516105,,,3201L_GLUT1_647_WGA_594_040724_0002
3201,homo,L,Male,4.3,0,Light Flicker,0,4.95,30,280076,135311.0,435078,237545.0,159591,882019.0,191044.0,352453,1290242.0,318166.0,3201L_GLUT1_647_WGA_594_040724_0002
3201,homo,L,Male,4.3,0,Light Flicker,0,3.6,30,319732,321812.0,1141928,466963.0,178564,1675885.0,417374.0,806361,2605363.0,642319.0,3201L_GLUT1_647_WGA_594_040724_0002
3201,homo,L,Male,4.3,0,Light Flicker,0,2.85,30,410850,373296.0,937216,478398.0,226866,1618263.0,480024.0,796249,1846816.0,665900.0,3201L_GLUT1_647_WGA_594_040724_0002
3201,homo,L,Male,4.3,0,Light Flicker,0,3.3,30,38400,26782.0,147740,61826.0,21593,157389.0,36583.0,113780,265677.0,83342.0,3201L_GLUT1_647_WGA_594_040724_0002
3201,homo,L,Male,4.3,0,Light Flicker,0,2.7,30,467241,573844.0,361719,200263.0,253694,2281896.0,680809.0,311433,651347.0,279850.0,3201L_GLUT1_647_WGA_594_040724_0002
3201,homo,L,Male,4.3,0,Light Flicker,0,3.75,30,185158,105562.0,472694,204700.0,100964,687665.0,136976.0,354364,986309.0,277247.0,3201L_GLUT1_647_WGA_594_040724_0002
3201,homo,L,Male,4.3,1,Light Flicker,0,,30,304979,,481027,,230768,,,413402,,,3201L_GLUT1_647_WGA_594_040724_0002
3201,homo,L,Male,4.3,0,Light Flicker,0,3.3,30,282005,231893.0,917507,405230.0,158716,1247675.0,303895.0,696899,1873853.0,537488.0,3201L_GLUT1_647_WGA_594_040724_0002
3201,homo,L,Male,4.3,0,Light Flicker,0,4.8,30,246346,122813.0,755380,277932.0,142117,1010837.0,182772.0,599194,1925680.0,386961.0,3201L_GLUT1_647_WGA_594_040724_0002
3201,homo,L,Male,4.3,0,Light Flicker,0,4.35,30,115265,65108.0,357246,176512.0,63712,412321.0,98387.0,275849,1013217.0,229759.0,3201L_GLUT1_647_WGA_594_040724_0002
3201,homo,L,Male,4.3,0,Light Flicker,0,4.05,30,196827,143119.0,588010,225611.0,113805,886042.0,176983.0,462228,1196616.0,303948.0,3201L_GLUT1_647_WGA_594_040724_0002
3201,homo,L,Male,4.3,0,Light Flicker,0,3.75,30,292814,161871.0,599565,280543.0,167207,1058861.0,218380.0,518059,1364139.0,377422.0,3201L_GLUT1_647_WGA_594_040724_0002
3201,homo,L,Male,4.3,0,Light Flicker,0,4.2,30,242432,171738.0,695336,287729.0,130426,1319452.0,217560.0,543775,1707388.0,382833.0,3201L_GLUT1_647_WGA_594_040724_0002
3201,homo,L,Male,4.3,0,Light Flicker,0,3.15,30,215173,128025.0,699644,230672.0,125402,789218.0,187126.0,581190,1237847.0,332936.0,3201L_GLUT1_647_WGA_594_040724_0002
3201,homo,L,Male,4.3,0,Light Flicker,0,3.75,30,225110,191749.0,674283,306995.0,127532,1058002.0,242232.0,549213,1558072.0,413915.0,3201L_GLUT1_647_WGA_594_040724_0002
3201,homo,L,Male,4.3,0,Light Flicker,0,4.65,30,80845,33052.0,190511,73786.0,42983,331213.0,44850.0,148610,450690.0,103992.0,3201L_GLUT1_647_WGA_594_040724_0002
3201,homo,L,Male,4.3,0,Light Flicker,0,2.55,30,31265,19195.0,86454,71194.0,22114,52773.0,36253.0,74478,197870.0,89117.0,3201L_GLUT1_647_WGA_594_040724_0002
3203,homo,L,Female,4.5,0,Light Flicker,0,2.85,30,282093,209566.0,611589,939986.0,471756,813571.0,267563.0,1740794,1765126.0,1288862.0,3203L_GLUT1_647_WGA_594_040724_0001
3203,homo,L,Female,4.5,1,Light Flicker,0,6.0,30,138716,83243.0,870185,530670.0,118530,666397.0,113876.0,751500,2839550.0,680712.0,3203L_GLUT1_647_WGA_594_040724_0001
3203,homo,L,Female,4.5,0,Light Flicker,0,6.0,30,159033,110617.0,993455,634688.0,106431,1022492.0,143847.0,658342,3986882.0,792217.0,3203L_GLUT1_647_WGA_594_040724_0001
3203,homo,L,Female,4.5,0,Light Flicker,0,3.75,30,262384,163972.0,645963,850585.0,444690,936677.0,210396.0,1775172,2227610.0,1090819.0,3203L_GLUT1_647_WGA_594_040724_0001
3203,homo,L,Female,4.5,1,Light Flicker,0,5.85,30,218305,154933.0,1285129,777879.0,167243,1339868.0,196421.0,985014,4612028.0,974647.0,3203L_GLUT1_647_WGA_594_040724_0001
3203,homo,L,Female,4.5,0,Light Flicker,0,3.6,30,654339,471227.0,2061693,2329356.0,1156287,2369726.0,607991.0,4854716,6801456.0,3045810.0,3203L_GLUT1_647_WGA_594_040724_0001
3203,homo,L,Female,4.5,0,Light Flicker,0,5.7,30,69370,51755.0,403203,252303.0,45008,448004.0,61424.0,249854,1433447.0,317557.0,3203L_GLUT1_647_WGA_594_040724_0001
3203,homo,L,Female,4.5,0,Light Flicker,0,5.85,30,129222,98464.0,825328,539474.0,98634,690674.0,132113.0,624314,3218791.0,715390.0,3203L_GLUT1_647_WGA_594_040724_0001
3203,homo,L,Female,4.5,0,Light Flicker,0,3.6,30,188039,144432.0,597100,876980.0,407565,689145.0,189331.0,1790675,2214146.0,1113007.0,3203L_GLUT1_647_WGA_594_040724_0001
3203,homo,L,Female,4.5,0,Light Flicker,0,3.9,30,139136,124386.0,621041,779947.0,298834,538123.0,168031.0,1593415,2209005.0,975095.0,3203L_GLUT1_647_WGA_594_040724_0001
3203,homo,L,Female,4.5,1,Light Flicker,0,3.6,30,191951,185499.0,568110,1055602.0,391286,775168.0,244873.0,1645654,2611459.0,1357734.0,3203L_GLUT1_647_WGA_594_040724_0001
3203,homo,L,Female,4.5,0,Light Flicker,0,3.45,30,520283,401373.0,1606425,2008811.0,905497,1824107.0,507377.0,3599415,5172459.0,2538212.0,3203L_GLUT1_647_WGA_594_040724_0001
3203,homo,L,Female,4.5,0,Light Flicker,0,3.9,30,174842,104014.0,522195,625163.0,322431,537651.0,141050.0,1276236,1865162.0,764673.0,3203L_GLUT1_647_WGA_594_040724_0001
3203,homo,L,Female,4.5,1,Light Flicker,0,3.45,30,254092,213038.0,708307,1117816.0,494365,899048.0,298494.0,1986915,2744645.0,1499272.0,3203L_GLUT1_647_WGA_594_040724_0001
3203,homo,L,Female,4.5,0,Light Flicker,0,3.9,30,221845,155399.0,500727,795222.0,399564,844222.0,199861.0,1385921,1966101.0,1015062.0,3203L_GLUT1_647_WGA_594_040724_0001
3203,homo,L,Female,4.5,0,Light Flicker,0,6.3,30,161937,106450.0,993403,723224.0,97327,923746.0,149873.0,579572,4313811.0,918616.0,3203L_GLUT1_647_WGA_594_040724_0001
3203,homo,L,Female,4.5,0,Light Flicker,0,6.15,30,45276,28149.0,245558,185376.0,28288,204624.0,39887.0,160221,865557.0,235760.0,3203L_GLUT1_647_WGA_594_040724_0001
3203,homo,L,Female,4.5,0,Light Flicker,0,3.6,30,331109,203091.0,901636,1235200.0,617146,1145628.0,265156.0,2639124,3381411.0,1528740.0,3203L_GLUT1_647_WGA_594_040724_0001
3203,homo,L,Female,4.5,0,Light Flicker,0,7.05,30,226983,139698.0,1329720,851366.0,139435,1259906.0,203929.0,841329,4833065.0,1111455.0,3203L_GLUT1_647_WGA_594_040724_0001
3203,homo,L,Female,4.5,0,Light Flicker,0,3.0,30,149735,155059.0,521345,938769.0,317285,480464.0,222655.0,1483855,1742033.0,1262361.0,3203L_GLUT1_647_WGA_594_040724_0001
3203,homo,L,Female,4.5,0,Light Flicker,0,3.45,30,294086,289650.0,909217,1400289.0,620391,1097292.0,370128.0,2506547,3458756.0,1866350.0,3203L_GLUT1_647_WGA_594_040724_0001
3203,homo,L,Female,4.5,0,Light Flicker,0,3.75,30,269956,236092.0,755760,1081332.0,532627,1076497.0,291705.0,2108107,3177530.0,1423648.0,3203L_GLUT1_647_WGA_594_040724_0001
3203,homo,L,Female,4.5,0,Light Flicker,0,3.6,30,524699,316096.0,984800,1596433.0,874068,1772190.0,404522.0,2500796,4078778.0,2026648.0,3203L_GLUT1_647_WGA_594_040724_0001
3203,homo,L,Female,4.5,0,Light Flicker,0,6.6,30,61938,36369.0,366697,221858.0,40478,362988.0,51549.0,239792,1469000.0,296350.0,3203L_GLUT1_647_WGA_594_040724_0001
3203,homo,L,Female,4.5,0,Light Flicker,0,4.2,30,175543,110105.0,667969,661203.0,309629,599351.0,154881.0,1324251,2131996.0,860952.0,3203L_GLUT1_647_WGA_594_040724_0001
3203,homo,L,Female,4.5,0,Light Flicker,0,6.9,30,161594,94260.0,959203,516738.0,102365,877548.0,129542.0,633191,3571080.0,662141.0,3203L_GLUT1_647_WGA_594_040724_0001
3203,homo,L,Female,4.5,0,Light Flicker,0,3.6,30,201271,146603.0,517548,736521.0,361399,714563.0,182703.0,1469751,1759999.0,938561.0,3203L_GLUT1_647_WGA_594_040724_0001
3203,homo,L,Female,4.5,0,Light Flicker,0,3.45,30,270053,168606.0,723780,997745.0,476772,815082.0,222325.0,1915340,2426283.0,1240908.0,3203L_GLUT1_647_WGA_594_040724_0001
3203,homo,L,Female,4.5,0,Light Flicker,0,5.4,30,184434,128280.0,986701,661930.0,120067,1069119.0,173149.0,681959,3687273.0,848959.0,3203L_GLUT1_647_WGA_594_040724_0001
3203,homo,L,Female,4.5,0,Light Flicker,0,6.45,30,167294,88929.0,987617,550967.0,111138,742880.0,134356.0,673729,3339006.0,731072.0,3203L_GLUT1_647_WGA_594_040724_0001
3203,homo,L,Female,4.5,0,Light Flicker,0,5.85,30,216965,167120.0,1240107,851901.0,146817,1309426.0,211775.0,872786,4228036.0,1079842.0,3203L_GLUT1_647_WGA_594_040724_0001
3203,homo,L,Female,4.5,0,Light Flicker,0,1.2,30,204286,205462.0,1109358,1357363.0,527529,257455.0,352627.0,2367344,1439746.0,1812323.0,3203L_GLUT1_647_WGA_594_040724_0001
3203,homo,L,Female,4.5,0,Light Flicker,0,3.9,30,363538,386261.0,1154584,1709907.0,752750,1736533.0,452212.0,2789725,5086522.0,2122159.0,3203L_GLUT1_647_WGA_594_040724_0001
3203,homo,L,Female,4.5,0,Light Flicker,0,3.3,30,199459,104368.0,833911,695144.0,382872,361395.0,168901.0,1203998,1982920.0,936782.0,3203L_GLUT1_647_WGA_594_040724_0001
3203,homo,L,Female,4.5,0,Light Flicker,0,1.5,30,75772,83999.0,329440,382277.0,55608,142468.0,131610.0,248007,592794.0,520431.0,3203L_GLUT1_647_WGA_594_040724_0001
3203,homo,L,Female,4.5,0,Light Flicker,0,3.45,30,226236,161108.0,961946,796305.0,366843,849574.0,207588.0,1631081,2507398.0,1075342.0,3203L_GLUT1_647_WGA_594_040724_0001
3203,homo,L,Female,4.5,0,Light Flicker,0,6.45,30,274664,168887.0,1576142,831639.0,169848,1638380.0,237848.0,1005032,6352349.0,1104184.0,3203L_GLUT1_647_WGA_594_040724_0001
3203,homo,L,Female,4.5,0,Light Flicker,0,3.15,30,636847,525526.0,1895269,2130777.0,1259586,1864624.0,746407.0,4391266,5711637.0,2935268.0,3203L_GLUT1_647_WGA_594_040724_0001
3203,homo,L,Female,4.5,0,Light Flicker,0,3.75,30,151379,112449.0,827047,729516.0,289546,432576.0,179485.0,1508335,2579324.0,967858.0,3203L_GLUT1_647_WGA_594_040724_0001
3203,homo,L,Female,4.5,0,Light Flicker,0,2.25,30,122278,58429.0,748858,418928.0,80757,267224.0,125042.0,474014,1687122.0,743022.0,3203L_GLUT1_647_WGA_594_040724_0001
3203,homo,L,Female,4.5,0,Light Flicker,0,5.55,30,27974,19323.0,163685,109838.0,19152,161249.0,26927.0,114816,600511.0,142785.0,3203L_GLUT1_647_WGA_594_040724_0001
3203,homo,L,Female,4.5,0,Light Flicker,0,4.95,30,669317,561957.0,3071237,1838117.0,440234,3712478.0,703006.0,2185630,9181178.0,2590426.0,3203L_GLUT1_647_WGA_594_040724_0001
3203,homo,L,Female,4.5,0,Light Flicker,0,5.85,30,219541,145128.0,1260163,837870.0,139626,1164770.0,180233.0,813331,4244923.0,1024247.0,3203L_GLUT1_647_WGA_594_040724_0001
3203,homo,L,Female,4.5,0,Light Flicker,0,5.1,30,409625,238500.0,2163682,1313718.0,241439,1759916.0,314657.0,1364513,6365314.0,1725443.0,3203L_GLUT1_647_WGA_594_040724_0001
3203,homo,L,Female,4.5,0,Light Flicker,0,5.55,30,288167,169346.0,1509794,1045981.0,165743,1247955.0,229223.0,950793,4794521.0,1272095.0,3203L_GLUT1_647_WGA_594_040724_0001
3203,homo,L,Female,4.5,0,Light Flicker,0,5.1,30,195209,135019.0,1104648,833127.0,143735,726036.0,196315.0,871668,3120017.0,1128238.0,3203L_GLUT1_647_WGA_594_040724_0001
3203,homo,L,Female,4.5,0,Light Flicker,0,5.55,30,165306,89077.0,948339,547716.0,100945,588813.0,126942.0,601135,2762307.0,689426.0,3203L_GLUT1_647_WGA_594_040724_0001
3203,homo,L,Female,4.5,0,Light Flicker,0,5.7,30,94942,61249.0,625250,344144.0,59931,354632.0,78594.0,387066,1739033.0,421653.0,3203L_GLUT1_647_WGA_594_040724_0001
3203,homo,L,Female,4.5,0,Light Flicker,0,5.7,30,235889,140791.0,1327066,873478.0,144938,1070391.0,184544.0,847736,4072122.0,1048713.0,3203L_GLUT1_647_WGA_594_040724_0001
3203,homo,L,Female,4.5,0,Light Flicker,0,5.4,30,185670,125697.0,1033660,769147.0,119755,773408.0,173868.0,684566,3419628.0,982252.0,3203L_GLUT1_647_WGA_594_040724_0001
3203,homo,L,Female,4.5,0,Light Flicker,0,4.8,30,343092,241301.0,1431706,1453190.0,210154,1360218.0,337310.0,999679,5178637.0,1922118.0,3203L_GLUT1_647_WGA_594_040724_0001
3203,homo,L,Female,4.5,0,Light Flicker,0,6.15,30,266785,152314.0,1383691,891408.0,160375,1415597.0,197476.0,907055,4951788.0,1081386.0,3203L_GLUT1_647_WGA_594_040724_0001
3203,homo,L,Female,4.5,0,Light Flicker,0,5.55,30,335217,198208.0,1718846,1042759.0,213871,1712168.0,265394.0,1193024,5182118.0,1323281.0,3203L_GLUT1_647_WGA_594_040724_0001
3203,homo,L,Female,4.5,0,Light Flicker,0,6.0,30,380327,249930.0,2191356,1497679.0,255839,2259536.0,327980.0,1556752,8886633.0,1841228.0,3203L_GLUT1_647_WGA_594_040724_0001
3203,homo,L,Female,4.5,0,Light Flicker,0,5.7,30,391775,249749.0,2252588,1578985.0,240645,1952279.0,329063.0,1435265,7167271.0,1924029.0,3203L_GLUT1_647_WGA_594_040724_0001
3203,homo,L,Female,4.5,0,Light Flicker,0,5.85,30,249508,142026.0,1433598,825018.0,180602,1095073.0,188586.0,1123568,4307851.0,1002915.0,3203L_GLUT1_647_WGA_594_040724_0001
3203,homo,L,Female,4.5,0,Light Flicker,0,6.0,30,765202,408455.0,4216105,2206772.0,467631,3854607.0,511668.0,2744586,13094145.0,2656976.0,3203L_GLUT1_647_WGA_594_040724_0001
3203,homo,L,Female,4.5,0,Light Flicker,0,5.55,30,58429,37907.0,322056,185929.0,36833,302128.0,50949.0,219892,905793.0,237137.0,3203L_GLUT1_647_WGA_594_040724_0001
3203,homo,L,Female,4.5,0,Light Flicker,0,5.1,30,432597,324133.0,2360450,1741205.0,265085,2288285.0,423472.0,1521251,7514837.0,2234075.0,3203L_GLUT1_647_WGA_594_040724_0001
3203,homo,L,Female,4.5,1,Light Flicker,0,5.25,30,124970,85654.0,717774,487177.0,93052,492690.0,116299.0,583047,2132408.0,644763.0,3203L_GLUT1_647_WGA_594_040724_0001
3203,homo,L,Female,4.5,0,Light Flicker,0,5.85,30,248926,133989.0,1449738,888964.0,156736,1105240.0,181043.0,942409,4604738.0,1077713.0,3203L_GLUT1_647_WGA_594_040724_0001
3203,homo,L,Female,4.5,0,Light Flicker,0,5.7,30,326930,234433.0,1939258,1333738.0,214279,1810748.0,311202.0,1299089,6327721.0,1713899.0,3203L_GLUT1_647_WGA_594_040724_0001
3203,homo,L,Female,4.5,0,Light Flicker,0,5.85,30,198024,148052.0,1255722,728845.0,127019,1139184.0,204023.0,832582,3943132.0,1016669.0,3203L_GLUT1_647_WGA_594_040724_0001
3203,homo,L,Female,4.5,0,Light Flicker,0,4.95,30,503033,340620.0,3018659,1976802.0,317779,2225636.0,454555.0,2014594,9057289.0,2510186.0,3203L_GLUT1_647_WGA_594_040724_0001
3203,homo,L,Female,4.5,0,Light Flicker,0,5.55,30,249691,145061.0,1487982,904031.0,158836,1080764.0,192945.0,953431,4468753.0,1133161.0,3203L_GLUT1_647_WGA_594_040724_0001
3203,homo,L,Female,4.5,0,Light Flicker,0,5.4,30,242336,160474.0,1378218,861815.0,154640,1251454.0,215460.0,945998,3745041.0,1105696.0,3203L_GLUT1_647_WGA_594_040724_0001
3203,homo,L,Female,4.5,0,Light Flicker,0,5.55,30,248468,150420.0,1438803,877993.0,164121,1087550.0,212042.0,1008829,4000505.0,1150178.0,3203L_GLUT1_647_WGA_594_040724_0001
3203,homo,L,Female,4.5,0,Light Flicker,0,5.1,30,146955,98823.0,925771,580109.0,100189,578319.0,128853.0,656684,2204450.0,730923.0,3203L_GLUT1_647_WGA_594_040724_0001
3203,homo,L,Female,4.5,0,Light Flicker,0,5.1,30,79875,54375.0,491098,309581.0,51323,387704.0,71500.0,329251,1444824.0,409764.0,3203L_GLUT1_647_WGA_594_040724_0001
3203,homo,L,Female,4.5,0,Light Flicker,0,5.1,30,72524,60690.0,436210,277059.0,48767,427066.0,77586.0,307162,1423163.0,368501.0,3203L_GLUT1_647_WGA_594_040724_0001
3203,homo,L,Female,4.5,0,Light Flicker,0,4.65,30,228614,152605.0,1272241,864357.0,161795,1105532.0,202244.0,946927,3205889.0,1116142.0,3203L_GLUT1_647_WGA_594_040724_0002
3203,homo,L,Female,4.5,0,Light Flicker,0,5.85,30,138195,97634.0,885063,426309.0,97688,663122.0,127496.0,634419,2345993.0,543509.0,3203L_GLUT1_647_WGA_594_040724_0002
3203,homo,L,Female,4.5,0,Light Flicker,0,5.55,30,187504,119651.0,1170797,687768.0,137439,995500.0,152661.0,872350,3296997.0,856419.0,3203L_GLUT1_647_WGA_594_040724_0002
3203,homo,L,Female,4.5,0,Light Flicker,0,5.1,30,272838,190551.0,1948717,1136187.0,200515,1073783.0,265161.0,1403054,5419788.0,1537912.0,3203L_GLUT1_647_WGA_594_040724_0002
3203,homo,L,Female,4.5,1,Light Flicker,0,4.95,30,58692,42549.0,339700,227437.0,36334,213883.0,54216.0,207742,969313.0,289297.0,3203L_GLUT1_647_WGA_594_040724_0002
3203,homo,L,Female,4.5,0,Light Flicker,0,4.35,30,175480,117260.0,1170118,830482.0,133484,571777.0,173151.0,897215,2853159.0,1089630.0,3203L_GLUT1_647_WGA_594_040724_0002
3203,homo,L,Female,4.5,0,Light Flicker,0,4.8,30,452713,304747.0,2843351,1605310.0,339772,1827734.0,432287.0,2155297,7945966.0,2170916.0,3203L_GLUT1_647_WGA_594_040724_0002
3203,homo,L,Female,4.5,1,Light Flicker,0,4.95,30,368577,249629.0,2333395,1230452.0,226695,1511290.0,331862.0,1395820,6502904.0,1601369.0,3203L_GLUT1_647_WGA_594_040724_0002
3203,homo,L,Female,4.5,0,Light Flicker,0,4.05,30,36922,25526.0,194486,199088.0,82040,105021.0,47945.0,391236,737784.0,263780.0,3203L_GLUT1_647_WGA_594_040724_0002
3203,homo,L,Female,4.5,0,Light Flicker,0,4.65,30,102108,66927.0,669136,494466.0,77657,336487.0,95888.0,515733,1699906.0,619191.0,3203L_GLUT1_647_WGA_594_040724_0002
3203,homo,L,Female,4.5,1,Light Flicker,0,5.25,30,391185,242285.0,2629420,1494288.0,249216,1670561.0,333929.0,1608214,7538862.0,1872805.0,3203L_GLUT1_647_WGA_594_040724_0002
3203,homo,L,Female,4.5,0,Light Flicker,0,5.4,30,136255,84065.0,923698,440054.0,85677,554562.0,127335.0,555090,2131447.0,604404.0,3203L_GLUT1_647_WGA_594_040724_0002
3203,homo,L,Female,4.5,0,Light Flicker,0,4.95,30,401841,260831.0,2067447,1417176.0,254351,2059491.0,340002.0,1348132,6303585.0,1796840.0,3203L_GLUT1_647_WGA_594_040724_0002
3203,homo,L,Female,4.5,0,Light Flicker,0,5.1,30,247435,189464.0,1507281,1229349.0,161898,1261321.0,251809.0,999745,4607320.0,1491055.0,3203L_GLUT1_647_WGA_594_040724_0002
3203,homo,L,Female,4.5,0,Light Flicker,0,5.4,30,234630,113175.0,1274647,742457.0,147050,873033.0,169561.0,843512,3973413.0,989665.0,3203L_GLUT1_647_WGA_594_040724_0002
3203,homo,L,Female,4.5,0,Light Flicker,0,5.25,30,132042,84789.0,645367,450844.0,83561,653595.0,104697.0,416891,1770862.0,564900.0,3203L_GLUT1_647_WGA_594_040724_0002
3203,homo,L,Female,4.5,0,Light Flicker,0,4.95,30,370919,234335.0,2094763,1482914.0,238151,1395659.0,329824.0,1357552,6174830.0,1931679.0,3203L_GLUT1_647_WGA_594_040724_0002
3203,homo,L,Female,4.5,0,Light Flicker,0,4.35,30,67248,43741.0,471124,276351.0,46374,222890.0,70199.0,325040,1221565.0,386765.0,3203L_GLUT1_647_WGA_594_040724_0002
3203,homo,L,Female,4.5,0,Light Flicker,0,4.8,30,275166,189732.0,1675736,1047236.0,183633,1313824.0,257635.0,1127116,4405735.0,1338290.0,3203L_GLUT1_647_WGA_594_040724_0002
3203,homo,L,Female,4.5,0,Light Flicker,0,5.1,30,247917,167640.0,1500504,950019.0,164398,1065253.0,239408.0,1020897,4552323.0,1283318.0,3203L_GLUT1_647_WGA_594_040724_0002
3203,homo,L,Female,4.5,0,Light Flicker,0,5.7,30,338013,191867.0,2111185,1075180.0,223940,1488087.0,260956.0,1390238,5540418.0,1394809.0,3203L_GLUT1_647_WGA_594_040724_0002
3203,homo,L,Female,4.5,0,Light Flicker,0,5.1,30,219545,169269.0,1298130,849170.0,126885,1227949.0,230587.0,770233,3990933.0,1136787.0,3203L_GLUT1_647_WGA_594_040724_0002
3203,homo,L,Female,4.5,0,Light Flicker,0,4.65,30,233292,122874.0,1467265,876048.0,165901,700675.0,183996.0,1051239,3614392.0,1142453.0,3203L_GLUT1_647_WGA_594_040724_0002
3203,homo,L,Female,4.5,0,Light Flicker,0,5.25,30,299981,179092.0,1911718,1056955.0,175251,1143296.0,265448.0,1094165,5485419.0,1419568.0,3203L_GLUT1_647_WGA_594_040724_0002
3203,homo,L,Female,4.5,0,Light Flicker,0,4.65,30,289300,181263.0,1636032,1140573.0,173076,1105382.0,272660.0,1033626,4805779.0,1553316.0,3203L_GLUT1_647_WGA_594_040724_0002
3203,homo,L,Female,4.5,0,Light Flicker,0,4.95,30,593457,389801.0,2793285,1720228.0,347309,3057983.0,525914.0,1755345,8782298.0,2315597.0,3203L_GLUT1_647_WGA_594_040724_0002
3203,homo,L,Female,4.5,0,Light Flicker,0,4.35,30,261953,227379.0,1606854,849694.0,163407,1301323.0,322265.0,1022978,4270187.0,1192165.0,3203L_GLUT1_647_WGA_594_040724_0002
3203,homo,L,Female,4.5,0,Light Flicker,0,3.6,30,205732,158839.0,1234508,815701.0,124102,775279.0,221709.0,784695,2965134.0,1134425.0,3203L_GLUT1_647_WGA_594_040724_0002
3203,homo,L,Female,4.5,0,Light Flicker,0,4.65,30,257373,177107.0,1611237,1092328.0,158760,1017112.0,257172.0,1010762,4575811.0,1446359.0,3203L_GLUT1_647_WGA_594_040724_0002
3203,homo,L,Female,4.5,0,Light Flicker,0,4.8,30,295251,223693.0,1591269,902974.0,173927,1281364.0,293070.0,1007991,4091219.0,1238072.0,3203L_GLUT1_647_WGA_594_040724_0002
3203,homo,L,Female,4.5,0,Light Flicker,0,5.1,30,259661,180201.0,1564894,1056973.0,161953,998789.0,255724.0,1016443,4708962.0,1381146.0,3203L_GLUT1_647_WGA_594_040724_0002
3203,homo,L,Female,4.5,0,Light Flicker,0,3.15,30,198150,190766.0,1314597,1266363.0,134923,621666.0,307333.0,905976,3538873.0,1711356.0,3203L_GLUT1_647_WGA_594_040724_0002
3203,homo,L,Female,4.5,0,Light Flicker,0,4.65,30,323724,230498.0,1642571,860240.0,191650,1251572.0,304739.0,1064878,3965015.0,1170435.0,3203L_GLUT1_647_WGA_594_040724_0002
3203,homo,L,Female,4.5,0,Light Flicker,0,5.7,30,758938,494126.0,4297033,2287906.0,382859,3862143.0,684029.0,2290545,14404556.0,3051714.0,3203L_GLUT1_647_WGA_594_040724_0002
3203,homo,L,Female,4.5,0,Light Flicker,0,5.4,30,234694,174100.0,1387528,957307.0,124654,1415562.0,229719.0,745179,4603234.0,1205013.0,3203L_GLUT1_647_WGA_594_040724_0002
3203,homo,L,Female,4.5,0,Light Flicker,0,4.65,30,372647,246218.0,2005657,1408775.0,190723,1814877.0,342447.0,1076706,6129474.0,1842609.0,3203L_GLUT1_647_WGA_594_040724_0002
3203,homo,L,Female,4.5,0,Light Flicker,0,5.4,30,190451,132639.0,1092930,776369.0,102626,1066581.0,179309.0,598233,3621984.0,987702.0,3203L_GLUT1_647_WGA_594_040724_0002
3203,homo,L,Female,4.5,0,Light Flicker,0,3.75,30,240230,175496.0,1490107,1131620.0,153589,789788.0,301932.0,987867,4658716.0,1553764.0,3203L_GLUT1_647_WGA_594_040724_0002
3203,homo,L,Female,4.5,0,Light Flicker,0,5.4,30,247113,161176.0,1469524,967819.0,136015,1098796.0,235768.0,848537,5006589.0,1262624.0,3203L_GLUT1_647_WGA_594_040724_0002
3203,homo,L,Female,4.5,0,Light Flicker,0,3.6,30,279315,166905.0,1732182,984398.0,173696,741330.0,286072.0,1137767,4117418.0,1387147.0,3203L_GLUT1_647_WGA_594_040724_0002
3203,homo,L,Female,4.5,0,Light Flicker,0,5.25,30,119369,71912.0,746340,525457.0,72967,379079.0,101796.0,477561,2459034.0,597035.0,3203L_GLUT1_647_WGA_594_040724_0002
3203,homo,L,Female,4.5,0,Light Flicker,0,5.4,30,253660,172901.0,1406107,954756.0,132580,1374008.0,228900.0,782191,4601107.0,1206993.0,3203L_GLUT1_647_WGA_594_040724_0002
3203,homo,L,Female,4.5,0,Light Flicker,0,4.65,30,189220,136350.0,1041309,754215.0,98065,931714.0,191120.0,561539,2962326.0,1021676.0,3203L_GLUT1_647_WGA_594_040724_0002
3203,homo,L,Female,4.5,0,Light Flicker,0,5.25,30,286042,178398.0,1561309,1043464.0,155485,1391259.0,243237.0,901862,5006154.0,1325983.0,3203L_GLUT1_647_WGA_594_040724_0002
3203,homo,L,Female,4.5,0,Light Flicker,0,4.2,30,366873,275737.0,2140647,1496553.0,208839,1385707.0,397699.0,1302817,6153634.0,2043520.0,3203L_GLUT1_647_WGA_594_040724_0002
3203,homo,L,Female,4.5,0,Light Flicker,0,5.7,30,319192,166799.0,1814646,1014493.0,184964,1641936.0,226809.0,1107024,5615952.0,1287487.0,3203L_GLUT1_647_WGA_594_040724_0002
3203,homo,L,Female,4.5,1,Light Flicker,0,3.9,30,74754,56451.0,429897,243016.0,50171,240483.0,78711.0,295222,940417.0,335858.0,3203L_GLUT1_647_WGA_594_040724_0002
3203,homo,L,Female,4.5,0,Light Flicker,0,5.1,30,432153,308696.0,2413454,1635612.0,243783,2150326.0,415949.0,1477368,8103939.0,2080771.0,3203L_GLUT1_647_WGA_594_040724_0002
3203,homo,L,Female,4.5,1,Light Flicker,0,5.1,30,360325,251985.0,1996191,1217890.0,211262,1948542.0,325320.0,1222223,5581555.0,1613726.0,3203L_GLUT1_647_WGA_594_040724_0002
3203,homo,L,Female,4.5,0,Light Flicker,0,5.85,30,169114,90716.0,991884,430211.0,98718,870871.0,127334.0,595916,2684144.0,589661.0,3203L_GLUT1_647_WGA_594_040724_0002
3203,homo,L,Female,4.5,1,Light Flicker,0,4.65,30,362205,279465.0,1847595,1334749.0,201797,1839527.0,364236.0,1143791,5620973.0,1735304.0,3203L_GLUT1_647_WGA_594_040724_0002
3203,homo,L,Female,4.5,0,Light Flicker,0,5.1,30,389228,272356.0,2057693,1331421.0,233996,1848659.0,381687.0,1305271,5807372.0,1798365.0,3203L_GLUT1_647_WGA_594_040724_0002
3203,homo,L,Female,4.5,1,Light Flicker,0,5.25,30,350661,223195.0,1904765,1193331.0,199963,1440354.0,324465.0,1203526,6419513.0,1557467.0,3203L_GLUT1_647_WGA_594_040724_0002
3203,homo,L,Female,4.5,1,Light Flicker,0,4.65,30,495857,348779.0,2784215,1742764.0,290073,2002629.0,489301.0,1779465,7842695.0,2370415.0,3203L_GLUT1_647_WGA_594_040724_0002
3203,homo,L,Female,4.5,0,Light Flicker,0,4.95,30,418770,264966.0,2239150,1348508.0,255069,2031663.0,361367.0,1461507,6133116.0,1776524.0,3203L_GLUT1_647_WGA_594_040724_0002
3203,homo,L,Female,4.5,1,Light Flicker,0,4.8,30,257940,217327.0,1496827,1006105.0,151997,1122040.0,290671.0,953326,4235671.0,1274879.0,3203L_GLUT1_647_WGA_594_040724_0002
3203,homo,L,Female,4.5,0,Light Flicker,0,4.2,30,179722,136348.0,971045,811939.0,106710,632942.0,197268.0,633099,2785248.0,1084347.0,3203L_GLUT1_647_WGA_594_040724_0002
3203,homo,L,Female,4.5,0,Light Flicker,0,4.65,30,392177,334901.0,2225237,1744406.0,192900,2141359.0,465658.0,1153355,7220054.0,2349884.0,3203L_GLUT1_647_WGA_594_040724_0002
3203,homo,L,Female,4.5,0,Light Flicker,0,4.65,30,675638,327483.0,3200681,1711762.0,387774,2131160.0,471283.0,2120049,8012179.0,2297618.0,3203L_GLUT1_647_WGA_594_040724_0002
3203,homo,L,Female,4.5,0,Light Flicker,0,5.7,30,217417,118917.0,1085297,595746.0,131054,1143679.0,151523.0,719523,2956167.0,749550.0,3203L_GLUT1_647_WGA_594_040724_0002
3203,homo,L,Female,4.5,1,Light Flicker,0,5.1,30,345452,224094.0,1697710,1080584.0,205187,1751761.0,293557.0,1156745,5092141.0,1392801.0,3203L_GLUT1_647_WGA_594_040724_0002
3203,homo,L,Female,4.5,0,Light Flicker,0,5.25,30,481458,302546.0,2604185,1561642.0,238993,2359076.0,409132.0,1357670,8755231.0,2042567.0,3203L_GLUT1_647_WGA_594_040724_0002
3203,homo,L,Female,4.5,0,Light Flicker,0,4.65,30,543435,325978.0,3006438,1653877.0,330267,2018331.0,439211.0,2014264,7533234.0,2170534.0,3203L_GLUT1_647_WGA_594_040724_0002
3203,homo,L,Female,4.5,0,Light Flicker,0,4.95,30,195864,123003.0,1213247,826701.0,104545,782082.0,178402.0,653371,3639790.0,1093220.0,3203L_GLUT1_647_WGA_594_040724_0002
3203,homo,L,Female,4.5,0,Light Flicker,0,4.95,30,244350,126616.0,1139346,667245.0,113006,1113117.0,180463.0,597241,3399822.0,889984.0,3203L_GLUT1_647_WGA_594_040724_0002
3203,homo,L,Female,4.5,0,Light Flicker,0,4.8,30,243114,140481.0,1422121,916013.0,150116,846777.0,208142.0,945921,3868238.0,1174608.0,3203L_GLUT1_647_WGA_594_040724_0002
3203,homo,L,Female,4.5,0,Light Flicker,0,3.15,30,727730,548148.0,3430249,3379014.0,1371439,1987723.0,857187.0,7232246,10082433.0,4710893.0,3203L_GLUT1_647_WGA_594_040724_0002
3203,homo,L,Female,4.5,0,Light Flicker,0,5.55,30,307496,186123.0,1664665,960020.0,150549,1258598.0,252576.0,897905,4980428.0,1222023.0,3203L_GLUT1_647_WGA_594_040724_0002
3203,homo,L,Female,4.5,0,Light Flicker,0,6.15,30,35680,23104.0,200213,125374.0,20960,216658.0,30683.0,121093,581206.0,159244.0,3203L_GLUT1_647_WGA_594_040724_0002
3203,homo,L,Female,4.5,0,Light Flicker,0,5.25,30,417138,240033.0,2352446,1247389.0,203059,1795387.0,323954.0,1253223,7295405.0,1600554.0,3203L_GLUT1_647_WGA_594_040724_0002
3203,homo,L,Female,4.5,0,Light Flicker,0,6.0,30,266366,135913.0,1518550,744209.0,138543,1141013.0,181894.0,860376,4301412.0,938935.0,3203L_GLUT1_647_WGA_594_040724_0002
3203,homo,L,Female,4.5,1,Light Flicker,0,4.35,30,427351,349444.0,2420781,1723987.0,225874,1874476.0,498501.0,1371091,7225603.0,2313610.0,3203L_GLUT1_647_WGA_594_040724_0002
3203,homo,L,Female,4.5,0,Light Flicker,0,5.7,30,521835,307123.0,2882475,1588190.0,298452,2561313.0,397401.0,1708219,9302148.0,2051631.0,3203L_GLUT1_647_WGA_594_040724_0002
3203,homo,L,Female,4.5,0,Light Flicker,0,5.85,30,85219,47815.0,455897,256871.0,49352,399151.0,61872.0,268725,1479282.0,326328.0,3203L_GLUT1_647_WGA_594_040724_0002
3203,homo,L,Female,4.5,0,Light Flicker,0,5.25,30,209774,121849.0,1257337,720329.0,112483,849738.0,168240.0,717781,3852225.0,904581.0,3203L_GLUT1_647_WGA_594_040724_0002
3203,homo,L,Female,4.5,0,Light Flicker,0,4.65,30,276980,164213.0,1574781,975707.0,183681,1043914.0,232943.0,1134558,4114543.0,1295021.0,3203L_GLUT1_647_WGA_594_040724_0002
3203,homo,L,Female,4.5,0,Light Flicker,0,3.9,30,114375,84103.0,696581,373806.0,65484,417320.0,135549.0,415541,1658470.0,532053.0,3203L_GLUT1_647_WGA_594_040724_0002
3203,homo,L,Female,4.5,0,Light Flicker,0,4.65,30,490959,332194.0,2770010,1448326.0,274825,1854251.0,496130.0,1649033,7007352.0,2031127.0,3203L_GLUT1_647_WGA_594_040724_0002
3203,homo,L,Female,4.5,0,Light Flicker,0,4.95,30,469976,288472.0,2546355,1372778.0,252219,2433691.0,372109.0,1477017,6896069.0,1773174.0,3203L_GLUT1_647_WGA_594_040724_0002
3203,homo,L,Female,4.5,0,Light Flicker,0,4.65,30,261672,162736.0,1595496,833482.0,146786,897387.0,236522.0,969257,3983767.0,1121345.0,3203L_GLUT1_647_WGA_594_040724_0002
3203,homo,L,Female,4.5,0,Light Flicker,0,4.8,30,311541,176031.0,1814054,1017890.0,168421,1235487.0,250738.0,1062392,5028814.0,1332893.0,3203L_GLUT1_647_WGA_594_040724_0002
3203,homo,L,Female,4.5,0,Light Flicker,0,5.1,30,69135,42009.0,425878,240367.0,40291,361249.0,55907.0,254515,1287576.0,318597.0,3203L_GLUT1_647_WGA_594_040724_0002
3203,homo,L,Female,4.5,0,Light Flicker,0,5.25,30,360198,210719.0,2000778,933834.0,211738,1740895.0,291359.0,1287782,5024219.0,1253266.0,3203L_GLUT1_647_WGA_594_040724_0002
3203,homo,L,Female,4.5,0,Light Flicker,0,4.95,30,445496,267351.0,2707704,1527536.0,263126,1824444.0,356904.0,1677190,7743531.0,1967247.0,3203L_GLUT1_647_WGA_594_040724_0002
3203,homo,L,Female,4.5,1,Light Flicker,0,4.8,30,321848,211256.0,1947501,1053562.0,185988,1181851.0,294184.0,1208873,5141521.0,1371548.0,3203L_GLUT1_647_WGA_594_040724_0002
3203,homo,L,Female,4.5,0,Light Flicker,0,4.95,30,133912,63170.0,669785,381895.0,83401,482774.0,89309.0,415218,1906909.0,507301.0,3203L_GLUT1_647_WGA_594_040724_0002
3203,homo,L,Female,4.5,0,Light Flicker,0,4.95,30,376671,205764.0,2175018,1169014.0,222708,1541475.0,277086.0,1364587,5702153.0,1487502.0,3203L_GLUT1_647_WGA_594_040724_0002
3203,homo,L,Female,4.5,0,Light Flicker,0,4.95,30,273179,170516.0,1559651,881629.0,165281,1247342.0,233583.0,1032195,4301551.0,1171855.0,3203L_GLUT1_647_WGA_594_040724_0002
3203,homo,L,Female,4.5,0,Light Flicker,0,4.65,30,562086,286276.0,3530449,1740311.0,343376,1888549.0,406687.0,2323048,8893000.0,2291907.0,3203L_GLUT1_647_WGA_594_040724_0002
3203,homo,L,Female,4.5,0,Light Flicker,0,4.65,30,526157,292016.0,3239373,1679631.0,257741,1853669.0,475097.0,1650817,8946378.0,2316557.0,3203L_GLUT1_647_WGA_594_040724_0002
3203,homo,L,Female,4.5,0,Light Flicker,0,5.4,30,206408,101027.0,1326235,594777.0,98302,782754.0,154462.0,667951,3956470.0,801064.0,3203L_GLUT1_647_WGA_594_040724_0002
3203,homo,L,Female,4.5,0,Light Flicker,0,4.95,30,227261,168127.0,1373774,941936.0,113203,1148526.0,237733.0,728959,4482850.0,1245668.0,3203L_GLUT1_647_WGA_594_040724_0002
3203,homo,L,Female,4.5,0,Light Flicker,0,4.8,30,576575,383798.0,3584545,1780959.0,291261,2811485.0,546252.0,1868906,10593414.0,2456648.0,3203L_GLUT1_647_WGA_594_040724_0002
3203,homo,L,Female,4.5,0,Light Flicker,0,4.8,30,347379,204222.0,2105138,1178160.0,173436,1351930.0,287584.0,1118063,5514219.0,1558438.0,3203L_GLUT1_647_WGA_594_040724_0002
3203,homo,L,Female,4.5,0,Light Flicker,0,5.55,30,168305,110626.0,922330,604577.0,85453,810909.0,142795.0,492993,2955694.0,727798.0,3203L_GLUT1_647_WGA_594_040724_0002
3203,homo,L,Female,4.5,0,Light Flicker,0,4.5,30,247472,116216.0,1545182,741836.0,157347,702060.0,168751.0,1049678,3353134.0,1000075.0,3203L_GLUT1_647_WGA_594_040724_0002
3203,homo,L,Female,4.5,0,Light Flicker,0,5.25,30,163139,95564.0,1047535,621737.0,83738,630460.0,136486.0,565881,3104595.0,796054.0,3203L_GLUT1_647_WGA_594_040724_0002
3203,homo,L,Female,4.5,0,Light Flicker,0,5.7,30,143899,74439.0,874719,427482.0,73346,682121.0,100950.0,474906,2403337.0,539099.0,3203L_GLUT1_647_WGA_594_040724_0002
3203,homo,L,Female,4.5,0,Light Flicker,0,5.1,30,15934,11691.0,93802,68803.0,8314,86587.0,15546.0,52964,303849.0,87388.0,3203L_GLUT1_647_WGA_594_040724_0002
3203,homo,R,Female,4.5,0,Dark,0,2.4,30,30118,22960.0,506967,378066.0,23074,56021.0,43050.0,432024,935426.0,484858.0,3203R_GLUT1_647_WGA_594_040724_0001
3203,homo,R,Female,4.5,0,Dark,0,4.2,30,95608,46656.0,769630,609032.0,60263,354453.0,57540.0,605356,2179816.0,812809.0,3203R_GLUT1_647_WGA_594_040724_0001
3203,homo,R,Female,4.5,0,Dark,0,3.6,30,108869,46806.0,1090291,658522.0,62905,320370.0,67463.0,801296,2231216.0,992386.0,3203R_GLUT1_647_WGA_594_040724_0001
3203,homo,R,Female,4.5,0,Dark,0,4.5,30,72958,31655.0,772886,623650.0,44697,294573.0,40071.0,597013,2195573.0,784585.0,3203R_GLUT1_647_WGA_594_040724_0001
3203,homo,R,Female,4.5,0,Dark,0,3.6,30,73783,48163.0,735541,420412.0,45906,295605.0,67242.0,577070,1900535.0,668391.0,3203R_GLUT1_647_WGA_594_040724_0001
3203,homo,R,Female,4.5,0,Dark,0,3.0,30,89908,82057.0,1292732,1236630.0,60660,195681.0,154603.0,943892,3274313.0,1631345.0,3203R_GLUT1_647_WGA_594_040724_0001
3203,homo,R,Female,4.5,0,Dark,0,4.2,30,67683,17406.0,363962,256130.0,37276,260723.0,20562.0,271799,1054150.0,320308.0,3203R_GLUT1_647_WGA_594_040724_0001
3203,homo,R,Female,4.5,0,Dark,0,6.3,30,136771,26269.0,1354880,589415.0,87686,490017.0,35699.0,1047107,4555691.0,821283.0,3203R_GLUT1_647_WGA_594_040724_0001
3203,homo,R,Female,4.5,0,Dark,0,3.45,30,62981,30432.0,973588,788502.0,184318,138630.0,46473.0,2074622,2726485.0,1065684.0,3203R_GLUT1_647_WGA_594_040724_0001
3203,homo,R,Female,4.5,0,Dark,0,4.05,30,178246,90624.0,2095602,1386230.0,109633,634405.0,124365.0,1601740,5377368.0,1861385.0,3203R_GLUT1_647_WGA_594_040724_0001
3203,homo,R,Female,4.5,0,Dark,0,4.65,30,79042,37890.0,886699,587577.0,47082,289867.0,46511.0,672745,2420294.0,781032.0,3203R_GLUT1_647_WGA_594_040724_0001
3203,homo,R,Female,4.5,0,Dark,0,5.1,30,28920,8269.0,356909,239509.0,18955,102832.0,13273.0,275077,1042160.0,334381.0,3203R_GLUT1_647_WGA_594_040724_0001
3203,homo,R,Female,4.5,1,Dark,0,3.6,30,176160,67435.0,1005502,712056.0,99022,623028.0,83732.0,755059,2239495.0,1029336.0,3203R_GLUT1_647_WGA_594_040724_0001
3203,homo,R,Female,4.5,0,Dark,0,4.65,30,68795,37260.0,911240,601851.0,43083,355007.0,46827.0,703986,2551959.0,818013.0,3203R_GLUT1_647_WGA_594_040724_0001
3203,homo,R,Female,4.5,0,Dark,0,1.95,30,67104,54940.0,1054950,728865.0,44087,132809.0,91126.0,818918,1544144.0,1007124.0,3203R_GLUT1_647_WGA_594_040724_0001
3203,homo,R,Female,4.5,0,Dark,0,5.1,30,77676,26464.0,907060,517695.0,47165,278404.0,38616.0,665542,2620754.0,715967.0,3203R_GLUT1_647_WGA_594_040724_0001
3203,homo,R,Female,4.5,0,Dark,0,4.35,30,177618,72458.0,1693834,1268131.0,103856,769545.0,90564.0,1269660,4748538.0,1620841.0,3203R_GLUT1_647_WGA_594_040724_0001
3203,homo,R,Female,4.5,0,Dark,0,4.65,30,90174,40373.0,1136508,730484.0,53777,330013.0,53640.0,838214,3130350.0,965707.0,3203R_GLUT1_647_WGA_594_040724_0001
3203,homo,R,Female,4.5,0,Dark,0,4.5,30,121092,52103.0,1216576,813857.0,72512,522533.0,63736.0,920310,3302740.0,1043892.0,3203R_GLUT1_647_WGA_594_040724_0001
3203,homo,R,Female,4.5,0,Dark,0,4.8,30,67602,36563.0,794640,631084.0,39098,319102.0,47381.0,606672,2598627.0,864500.0,3203R_GLUT1_647_WGA_594_040724_0001
3203,homo,R,Female,4.5,0,Dark,0,4.65,30,40937,17993.0,482705,326594.0,24279,154989.0,21965.0,357889,1418883.0,413161.0,3203R_GLUT1_647_WGA_594_040724_0001
3203,homo,R,Female,4.5,0,Dark,0,4.35,30,252575,83538.0,2155558,1440544.0,142766,868596.0,105142.0,1564606,5951352.0,1842326.0,3203R_GLUT1_647_WGA_594_040724_0001
3203,homo,R,Female,4.5,1,Dark,0,4.65,30,120627,49903.0,1441094,953677.0,67137,445805.0,67334.0,1043212,4587799.0,1263042.0,3203R_GLUT1_647_WGA_594_040724_0001
3203,homo,R,Female,4.5,0,Dark,0,5.1,30,88465,20849.0,871867,481930.0,53591,267210.0,33175.0,626555,2690341.0,671049.0,3203R_GLUT1_647_WGA_594_040724_0001
3203,homo,R,Female,4.5,1,Dark,0,4.2,30,161060,83901.0,1930191,1298764.0,90977,661162.0,103604.0,1380072,5115867.0,1686956.0,3203R_GLUT1_647_WGA_594_040724_0001
3203,homo,R,Female,4.5,0,Dark,0,5.4,30,164675,45260.0,1516601,897911.0,94566,611731.0,64881.0,1103198,5198114.0,1173286.0,3203R_GLUT1_647_WGA_594_040724_0001
3203,homo,R,Female,4.5,0,Dark,0,4.5,30,70043,31183.0,837950,562951.0,41386,267917.0,38710.0,620627,2532856.0,707374.0,3203R_GLUT1_647_WGA_594_040724_0001
3203,homo,R,Female,4.5,0,Dark,0,4.2,30,262796,96521.0,2498792,1563439.0,150055,866659.0,123322.0,1800686,6906772.0,2091662.0,3203R_GLUT1_647_WGA_594_040724_0001
3203,homo,R,Female,4.5,1,Dark,0,4.2,30,72242,28728.0,569715,354912.0,49886,183977.0,34197.0,481282,1422499.0,452232.0,3203R_GLUT1_647_WGA_594_040724_0001
3203,homo,R,Female,4.5,0,Dark,0,4.8,30,74831,38704.0,1013957,717326.0,43012,327849.0,49591.0,743806,2957249.0,968798.0,3203R_GLUT1_647_WGA_594_040724_0001
3203,homo,R,Female,4.5,0,Dark,0,4.65,30,74839,23953.0,646027,472476.0,151988,194500.0,31306.0,1391809,2038477.0,597249.0,3203R_GLUT1_647_WGA_594_040724_0001
3203,homo,R,Female,4.5,0,Dark,0,3.6,30,183324,90791.0,2244988,1420844.0,104182,584402.0,123879.0,1593313,5246396.0,1958464.0,3203R_GLUT1_647_WGA_594_040724_0001
3203,homo,R,Female,4.5,1,Dark,0,4.2,30,43066,33004.0,495476,530919.0,27534,162065.0,41354.0,392568,1630534.0,699272.0,3203R_GLUT1_647_WGA_594_040724_0001
3203,homo,R,Female,4.5,0,Dark,0,4.65,30,106412,35879.0,1227522,683262.0,58374,350737.0,49455.0,849586,3439185.0,917048.0,3203R_GLUT1_647_WGA_594_040724_0001
3203,homo,R,Female,4.5,0,Dark,0,4.35,30,155542,53160.0,1839266,955833.0,106073,464249.0,76722.0,1540155,4937218.0,1309358.0,3203R_GLUT1_647_WGA_594_040724_0001
3203,homo,R,Female,4.5,0,Dark,0,4.5,30,217403,86019.0,2177914,1218683.0,118815,693198.0,128723.0,1520678,5675965.0,1631729.0,3203R_GLUT1_647_WGA_594_040724_0001
3203,homo,R,Female,4.5,0,Dark,0,4.65,30,85906,29581.0,943445,471002.0,46950,268152.0,40043.0,664613,2425748.0,640575.0,3203R_GLUT1_647_WGA_594_040724_0001
3203,homo,R,Female,4.5,0,Dark,0,4.5,30,212918,111728.0,2912234,1762305.0,121491,978562.0,140923.0,2057934,8407342.0,2355303.0,3203R_GLUT1_647_WGA_594_040724_0001
3203,homo,R,Female,4.5,1,Dark,0,4.8,30,140209,46483.0,1333370,757266.0,75908,543466.0,62280.0,918966,4050675.0,1021997.0,3203R_GLUT1_647_WGA_594_040724_0001
3203,homo,R,Female,4.5,0,Dark,0,,30,14894,,55083,,26378,,,98284,,,3203R_GLUT1_647_WGA_594_040724_0001
3203,homo,R,Female,4.5,0,Dark,0,5.55,30,67365,29450.0,749403,446057.0,37940,258910.0,40087.0,523995,2397241.0,595466.0,3203R_GLUT1_647_WGA_594_040724_0001
3203,homo,R,Female,4.5,0,Dark,0,3.45,30,232861,117347.0,2157186,1634373.0,131037,820574.0,145129.0,1514375,5128646.0,2294171.0,3203R_GLUT1_647_WGA_594_040724_0001
3203,homo,R,Female,4.5,1,Dark,0,4.8,30,63103,22488.0,576153,341998.0,33963,252573.0,31291.0,390225,2038714.0,473618.0,3203R_GLUT1_647_WGA_594_040724_0001
3203,homo,R,Female,4.5,0,Dark,0,4.05,30,145538,57394.0,1255743,1030731.0,91629,424372.0,73843.0,1034823,3458385.0,1341428.0,3203R_GLUT1_647_WGA_594_040724_0001
3203,homo,R,Female,4.5,0,Dark,0,3.15,30,82879,42017.0,990460,597578.0,53135,159705.0,78297.0,723816,2224605.0,815694.0,3203R_GLUT1_647_WGA_594_040724_0001
3203,homo,R,Female,4.5,1,Dark,0,4.05,30,211743,82422.0,2313271,1352802.0,110504,749700.0,107865.0,1525910,5534914.0,1755059.0,3203R_GLUT1_647_WGA_594_040724_0001
3203,homo,R,Female,4.5,0,Dark,0,4.5,30,95197,38533.0,1090706,721913.0,51175,353339.0,50291.0,720337,3112023.0,919408.0,3203R_GLUT1_647_WGA_594_040724_0001
3203,homo,R,Female,4.5,0,Dark,0,4.5,30,22231,8156.0,199656,145849.0,11873,84215.0,10310.0,135387,540752.0,186432.0,3203R_GLUT1_647_WGA_594_040724_0001
3203,homo,R,Female,4.5,0,Dark,0,4.65,30,80994,34306.0,755206,540786.0,44091,373318.0,42239.0,511215,2247730.0,727644.0,3203R_GLUT1_647_WGA_594_040724_0001
3203,homo,R,Female,4.5,1,Dark,0,4.65,30,173646,87773.0,1704522,1191429.0,91453,857447.0,108435.0,1135625,5700798.0,1617216.0,3203R_GLUT1_647_WGA_594_040724_0001
3203,homo,R,Female,4.5,0,Dark,0,4.5,30,226780,96562.0,2228590,1235328.0,116251,894968.0,129027.0,1497234,6809676.0,1695742.0,3203R_GLUT1_647_WGA_594_040724_0001
3203,homo,R,Female,4.5,1,Dark,0,4.5,30,247126,90564.0,2077378,1521304.0,146401,846592.0,112746.0,1631558,6303297.0,1993609.0,3203R_GLUT1_647_WGA_594_040724_0001
3203,homo,R,Female,4.5,0,Dark,0,2.4,30,71867,40940.0,1033598,836301.0,45157,137711.0,61457.0,709629,2234673.0,919713.0,3203R_GLUT1_647_WGA_594_040724_0001
3203,homo,R,Female,4.5,0,Dark,0,4.65,30,98550,42131.0,914952,641941.0,50943,422142.0,52603.0,625603,2892745.0,829236.0,3203R_GLUT1_647_WGA_594_040724_0001
3203,homo,R,Female,4.5,0,Dark,0,4.5,30,64514,33341.0,566010,486035.0,30804,252091.0,38826.0,363465,1800471.0,604316.0,3203R_GLUT1_647_WGA_594_040724_0001
3203,homo,R,Female,4.5,1,Dark,0,4.35,30,246047,120790.0,2420310,1629588.0,119950,973578.0,156686.0,1543711,7213884.0,2155106.0,3203R_GLUT1_647_WGA_594_040724_0001
3203,homo,R,Female,4.5,0,Dark,0,5.25,30,91863,26455.0,726856,496346.0,47852,358245.0,38213.0,498566,2399972.0,671999.0,3203R_GLUT1_647_WGA_594_040724_0001
3203,homo,R,Female,4.5,0,Dark,0,4.95,30,38582,12691.0,386858,201332.0,19131,143202.0,17253.0,251882,1201028.0,277461.0,3203R_GLUT1_647_WGA_594_040724_0001
3203,homo,R,Female,4.5,0,Dark,0,4.35,30,260117,136619.0,2426236,1314045.0,150061,982347.0,188249.0,1867205,6103726.0,1842289.0,3203R_GLUT1_647_WGA_594_040724_0001
3203,homo,R,Female,4.5,0,Dark,0,4.65,30,110804,45908.0,1327324,770477.0,54381,469604.0,62173.0,839955,3898620.0,1033821.0,3203R_GLUT1_647_WGA_594_040724_0001
3203,homo,R,Female,4.5,0,Dark,0,5.55,30,17841,4222.0,194854,102666.0,8887,52103.0,7236.0,126208,730894.0,128624.0,3203R_GLUT1_647_WGA_594_040724_0001
3203,homo,R,Female,4.5,0,Dark,0,4.8,30,247167,105668.0,2443908,1626536.0,120067,999494.0,137592.0,1505028,7840492.0,2166624.0,3203R_GLUT1_647_WGA_594_040724_0001
3203,homo,R,Female,4.5,0,Dark,0,3.3,30,160475,55155.0,1312202,902232.0,74868,474557.0,79155.0,804544,3058800.0,1293301.0,3203R_GLUT1_647_WGA_594_040724_0001
3203,homo,R,Female,4.5,0,Dark,0,4.95,30,74385,16927.0,676163,318625.0,122343,147537.0,21474.0,890582,1836044.0,403301.0,3203R_GLUT1_647_WGA_594_040724_0001
3203,homo,R,Female,4.5,0,Dark,0,4.65,30,124108,34594.0,1148117,582416.0,197296,257842.0,44660.0,1595427,2951046.0,761161.0,3203R_GLUT1_647_WGA_594_040724_0001
3203,homo,R,Female,4.5,0,Dark,0,3.75,30,63750,32044.0,812196,527063.0,143503,165455.0,46334.0,1571260,1878180.0,724257.0,3203R_GLUT1_647_WGA_594_040724_0001
3203,homo,R,Female,4.5,1,Dark,0,3.6,30,236014,118931.0,1908924,1391162.0,123762,733061.0,166022.0,1425885,4580441.0,1891675.0,3203R_GLUT1_647_WGA_594_040724_0001
3203,homo,R,Female,4.5,0,Dark,0,1.65,30,38651,25473.0,512282,597643.0,21931,71656.0,50665.0,375428,1000713.0,684200.0,3203R_GLUT1_647_WGA_594_040724_0001
3203,homo,R,Female,4.5,0,Dark,0,4.5,30,101209,37758.0,923510,601929.0,54833,288044.0,50658.0,679908,2312699.0,826774.0,3203R_GLUT1_647_WGA_594_040724_0001
3203,homo,R,Female,4.5,0,Dark,0,2.1,30,107961,94447.0,919989,587012.0,64264,219317.0,162214.0,726972,1376600.0,813349.0,3203R_GLUT1_647_WGA_594_040724_0001
3203,homo,R,Female,4.5,0,Dark,0,4.05,30,82425,27731.0,841135,502959.0,43548,252998.0,38415.0,586955,2006639.0,642683.0,3203R_GLUT1_647_WGA_594_040724_0001
3203,homo,R,Female,4.5,1,Dark,0,3.45,30,181894,71303.0,1561295,968477.0,93923,560885.0,97631.0,1105612,3352114.0,1337388.0,3203R_GLUT1_647_WGA_594_040724_0001
3203,homo,R,Female,4.5,0,Dark,0,,30,54281,,920193,,119140,,,1744741,,,3203R_GLUT1_647_WGA_594_040724_0001
3203,homo,R,Female,4.5,0,Dark,0,4.35,30,110210,52853.0,910808,671810.0,58617,588240.0,59352.0,660185,2402685.0,848974.0,3203R_GLUT1_647_WGA_594_040724_0001
3203,homo,R,Female,4.5,0,Dark,0,2.4,30,105592,31728.0,648365,407709.0,195314,144042.0,54422.0,1423411,1239771.0,687268.0,3203R_GLUT1_647_WGA_594_040724_0001
3203,homo,R,Female,4.5,0,Dark,0,2.4,30,141235,64428.0,1898252,1765711.0,77156,280065.0,115140.0,1334780,4740271.0,2307485.0,3203R_GLUT1_647_WGA_594_040724_0001
3203,homo,R,Female,4.5,0,Dark,0,3.75,30,18162,15024.0,305769,187956.0,9773,54312.0,24080.0,203089,773846.0,242499.0,3203R_GLUT1_647_WGA_594_040724_0001
3203,homo,R,Female,4.5,0,Dark,0,4.95,30,102762,43014.0,1055067,666522.0,54987,403365.0,62624.0,750118,3386488.0,932784.0,3203R_GLUT1_647_WGA_594_040724_0001
3203,homo,R,Female,4.5,0,Dark,0,4.35,30,87695,33689.0,986846,602185.0,43619,272793.0,46113.0,666214,2448637.0,784684.0,3203R_GLUT1_647_WGA_594_040724_0001
3203,homo,R,Female,4.5,0,Dark,0,1.5,30,30099,12878.0,455442,367112.0,38683,27145.0,20771.0,571047,593440.0,450991.0,3203R_GLUT1_647_WGA_594_040724_0001
3203,homo,R,Female,4.5,0,Dark,0,4.8,30,79095,35963.0,648897,478862.0,41538,401344.0,47959.0,457157,1956295.0,676379.0,3203R_GLUT1_647_WGA_594_040724_0001
3203,homo,R,Female,4.5,0,Dark,0,2.55,30,125392,72260.0,1876773,1602167.0,65585,281620.0,129747.0,1182535,4859367.0,2086798.0,3203R_GLUT1_647_WGA_594_040724_0001
3203,homo,R,Female,4.5,0,Dark,0,4.35,30,141968,51852.0,1320747,827523.0,71454,534763.0,71317.0,893910,3736742.0,1110582.0,3203R_GLUT1_647_WGA_594_040724_0001
3203,homo,R,Female,4.5,0,Dark,0,2.7,30,88137,46509.0,576592,675875.0,191216,201360.0,61226.0,1291694,1585009.0,945488.0,3203R_GLUT1_647_WGA_594_040724_0001
3203,homo,R,Female,4.5,0,Dark,0,4.65,30,181254,75875.0,1685146,1231470.0,93669,734035.0,102708.0,1133168,5360032.0,1665210.0,3203R_GLUT1_647_WGA_594_040724_0001
3203,homo,R,Female,4.5,0,Dark,0,5.7,30,209725,95679.0,2413951,1523548.0,112132,960748.0,121749.0,1683268,8482256.0,1940027.0,3203R_GLUT1_647_WGA_594_040724_0001
3203,homo,R,Female,4.5,0,Dark,0,4.2,30,23511,16885.0,418187,251778.0,12775,70618.0,26806.0,274986,1177277.0,313825.0,3203R_GLUT1_647_WGA_594_040724_0001
3203,homo,R,Female,4.5,1,Dark,0,4.5,30,175682,65804.0,1574350,1031552.0,92385,737701.0,91659.0,1053805,4760700.0,1412245.0,3203R_GLUT1_647_WGA_594_040724_0001
3203,homo,R,Female,4.5,1,Dark,0,5.1,30,104271,40293.0,1177902,694524.0,55597,451942.0,61083.0,801681,3761547.0,941084.0,3203R_GLUT1_647_WGA_594_040724_0001
3203,homo,R,Female,4.5,0,Dark,0,2.85,30,62519,27105.0,799938,545767.0,38970,116131.0,49333.0,568767,1814269.0,738231.0,3203R_GLUT1_647_WGA_594_040724_0001
3203,homo,R,Female,4.5,0,Dark,0,4.5,30,239965,127051.0,2558938,1413183.0,123247,1045880.0,172134.0,1623237,7319607.0,1946771.0,3203R_GLUT1_647_WGA_594_040724_0001
3203,homo,R,Female,4.5,0,Dark,0,4.2,30,84900,35282.0,850869,562666.0,54632,285311.0,48488.0,661192,2304160.0,768312.0,3203R_GLUT1_647_WGA_594_040724_0001
3203,homo,R,Female,4.5,0,Dark,0,4.35,30,92414,21021.0,314377,453081.0,76263,188846.0,32800.0,311525,1402700.0,629816.0,3203R_GLUT1_647_WGA_594_040724_0001
3203,homo,R,Female,4.5,0,Dark,0,4.65,30,64664,12642.0,192643,281058.0,63738,115548.0,18838.0,206484,870712.0,368228.0,3203R_GLUT1_647_WGA_594_040724_0001
3203,homo,R,Female,4.5,0,Dark,0,4.5,30,114031,66231.0,1023343,730380.0,59019,593704.0,76477.0,656967,3101487.0,1011394.0,3203R_GLUT1_647_WGA_594_040724_0001
3203,homo,R,Female,4.5,0,Dark,0,3.3,30,66289,36881.0,359770,575781.0,44816,206188.0,48815.0,336132,1308867.0,765367.0,3203R_GLUT1_647_WGA_594_040724_0001
3203,homo,R,Female,4.5,0,Dark,0,3.6,30,29758,12080.0,430534,303450.0,15275,69131.0,18284.0,275914,1132118.0,407131.0,3203R_GLUT1_647_WGA_594_040724_0001
3203,homo,R,Female,4.5,0,Dark,0,4.95,30,27388,11839.0,250459,176475.0,14287,150581.0,16481.0,163159,788348.0,242725.0,3203R_GLUT1_647_WGA_594_040724_0001
3203,homo,R,Female,4.5,0,Dark,0,4.65,30,79048,21969.0,932061,486711.0,60147,176240.0,30507.0,751303,2076700.0,667170.0,3203R_GLUT1_647_WGA_594_040724_0002
3203,homo,R,Female,4.5,0,Dark,0,3.0,30,83026,30245.0,1221375,659397.0,51340,199418.0,44250.0,807501,2358788.0,914835.0,3203R_GLUT1_647_WGA_594_040724_0002
3203,homo,R,Female,4.5,0,Dark,0,3.0,30,60941,33931.0,699103,447115.0,36841,185588.0,44100.0,466461,1259808.0,627809.0,3203R_GLUT1_647_WGA_594_040724_0002
3203,homo,R,Female,4.5,0,Dark,0,4.35,30,107899,40044.0,1507397,779063.0,63951,366729.0,58278.0,953415,3561582.0,1033527.0,3203R_GLUT1_647_WGA_594_040724_0002
3203,homo,R,Female,4.5,0,Dark,0,3.0,30,114945,46617.0,1006545,715138.0,68120,270467.0,55535.0,667224,2149731.0,949344.0,3203R_GLUT1_647_WGA_594_040724_0002
3203,homo,R,Female,4.5,0,Dark,0,4.05,30,123046,67328.0,1778097,1043476.0,73664,565270.0,79877.0,1121000,4196974.0,1375580.0,3203R_GLUT1_647_WGA_594_040724_0002
3203,homo,R,Female,4.5,0,Dark,0,4.05,30,65140,34574.0,1079321,596353.0,39742,258789.0,43022.0,705638,2280604.0,758704.0,3203R_GLUT1_647_WGA_594_040724_0002
3203,homo,R,Female,4.5,0,Dark,0,2.85,30,99836,48613.0,1450489,946874.0,63628,235737.0,71108.0,962713,2956738.0,1323115.0,3203R_GLUT1_647_WGA_594_040724_0002
3203,homo,R,Female,4.5,0,Dark,0,4.5,30,19429,8048.0,290585,170837.0,11542,67831.0,10777.0,184678,744474.0,236234.0,3203R_GLUT1_647_WGA_594_040724_0002
3203,homo,R,Female,4.5,0,Dark,0,2.7,30,102774,57180.0,1384457,756575.0,61192,232813.0,89752.0,899769,2422438.0,1090631.0,3203R_GLUT1_647_WGA_594_040724_0002
3203,homo,R,Female,4.5,0,Dark,0,1.65,30,60308,63646.0,588040,410311.0,36318,140741.0,79378.0,398162,847406.0,753492.0,3203R_GLUT1_647_WGA_594_040724_0002
3203,homo,R,Female,4.5,0,Dark,0,3.15,30,88803,34109.0,768892,537569.0,51826,198588.0,41574.0,507691,1561355.0,712174.0,3203R_GLUT1_647_WGA_594_040724_0002
3203,homo,R,Female,4.5,0,Dark,0,4.35,30,107060,36234.0,1202812,709291.0,63217,287123.0,49277.0,755269,2730084.0,955335.0,3203R_GLUT1_647_WGA_594_040724_0002
3203,homo,R,Female,4.5,0,Dark,0,2.25,30,15294,15192.0,236598,273383.0,10685,42800.0,19808.0,192798,545186.0,364093.0,3203R_GLUT1_647_WGA_594_040724_0002
3203,homo,R,Female,4.5,1,Dark,0,4.8,30,22657,10398.0,350924,199658.0,13244,96509.0,13966.0,218717,873393.0,257325.0,3203R_GLUT1_647_WGA_594_040724_0002
3203,homo,R,Female,4.5,0,Dark,0,3.0,30,92215,38593.0,485267,651407.0,180999,213883.0,49750.0,1319058,1652425.0,843005.0,3203R_GLUT1_647_WGA_594_040724_0002
3203,homo,R,Female,4.5,0,Dark,0,4.65,30,65925,28414.0,942910,571848.0,38390,246965.0,37299.0,608123,2451225.0,725400.0,3203R_GLUT1_647_WGA_594_040724_0002
3203,homo,R,Female,4.5,0,Dark,0,1.95,30,94428,33463.0,1176769,504904.0,55229,182881.0,45198.0,766844,1754676.0,776768.0,3203R_GLUT1_647_WGA_594_040724_0002
3203,homo,R,Female,4.5,0,Dark,0,4.65,30,139614,52782.0,1855967,961608.0,82695,569199.0,69482.0,1168129,4736771.0,1242899.0,3203R_GLUT1_647_WGA_594_040724_0002
3203,homo,R,Female,4.5,0,Dark,0,2.85,30,64998,28800.0,998282,817081.0,47817,104187.0,54243.0,752039,2130695.0,1105005.0,3203R_GLUT1_647_WGA_594_040724_0002
3203,homo,R,Female,4.5,0,Dark,0,4.2,30,67338,27660.0,895198,481787.0,39819,204038.0,39444.0,559679,2207343.0,663801.0,3203R_GLUT1_647_WGA_594_040724_0002
3203,homo,R,Female,4.5,0,Dark,0,4.2,30,29042,13715.0,416544,272053.0,16660,113964.0,18095.0,266343,1094609.0,352337.0,3203R_GLUT1_647_WGA_594_040724_0002
3203,homo,R,Female,4.5,0,Dark,0,4.5,30,58106,22398.0,787797,524596.0,41245,198491.0,30247.0,615725,2153940.0,682250.0,3203R_GLUT1_647_WGA_594_040724_0002
3203,homo,R,Female,4.5,0,Dark,0,4.05,30,68505,32497.0,958406,635437.0,40183,217222.0,42486.0,598175,2413949.0,810266.0,3203R_GLUT1_647_WGA_594_040724_0002
3203,homo,R,Female,4.5,0,Dark,0,3.9,30,132468,63090.0,1805350,1278698.0,77073,421293.0,81933.0,1121347,4458047.0,1608800.0,3203R_GLUT1_647_WGA_594_040724_0002
3203,homo,R,Female,4.5,1,Dark,0,4.05,30,127818,61226.0,1633890,1113922.0,74602,512925.0,79293.0,1014044,4099792.0,1471097.0,3203R_GLUT1_647_WGA_594_040724_0002
3203,homo,R,Female,4.5,1,Dark,0,4.05,30,57956,28125.0,926650,504791.0,42380,140364.0,41529.0,733370,1960634.0,701588.0,3203R_GLUT1_647_WGA_594_040724_0002
3203,homo,R,Female,4.5,0,Dark,0,3.75,30,49680,22560.0,932483,537605.0,30008,117781.0,31835.0,579208,1990230.0,680312.0,3203R_GLUT1_647_WGA_594_040724_0002
3203,homo,R,Female,4.5,0,Dark,0,3.9,30,56789,27760.0,730138,446614.0,40977,143851.0,41204.0,583038,1532358.0,625025.0,3203R_GLUT1_647_WGA_594_040724_0002
3203,homo,R,Female,4.5,0,Dark,0,4.5,30,18440,9904.0,293961,210706.0,13359,54074.0,12742.0,233182,721656.0,280633.0,3203R_GLUT1_647_WGA_594_040724_0002
3203,homo,R,Female,4.5,0,Dark,0,5.25,30,139906,65738.0,2097879,1030252.0,81913,589234.0,92427.0,1291860,6020841.0,1361294.0,3203R_GLUT1_647_WGA_594_040724_0002
3203,homo,R,Female,4.5,0,Dark,0,5.25,30,74214,15396.0,868552,368381.0,49030,171629.0,23476.0,633130,2175545.0,493933.0,3203R_GLUT1_647_WGA_594_040724_0002
3203,homo,R,Female,4.5,1,Dark,0,4.5,30,135663,70612.0,1690904,1033876.0,76194,506361.0,95181.0,1037758,4510646.0,1380283.0,3203R_GLUT1_647_WGA_594_040724_0002
3203,homo,R,Female,4.5,0,Dark,0,5.4,30,38925,14651.0,423229,258737.0,25183,128524.0,20300.0,320661,1045300.0,339592.0,3203R_GLUT1_647_WGA_594_040724_0002
3203,homo,R,Female,4.5,1,Dark,0,5.1,30,101278,37183.0,1186431,664699.0,55634,379314.0,51514.0,726531,3202306.0,883850.0,3203R_GLUT1_647_WGA_594_040724_0002
3203,homo,R,Female,4.5,0,Dark,0,4.05,30,53924,17951.0,578797,371538.0,29305,148863.0,25155.0,350973,1373832.0,484006.0,3203R_GLUT1_647_WGA_594_040724_0002
3203,homo,R,Female,4.5,1,Dark,0,5.1,30,74359,32107.0,1207103,642693.0,53635,234658.0,43695.0,950262,3102520.0,848441.0,3203R_GLUT1_647_WGA_594_040724_0002
3203,homo,R,Female,4.5,0,Dark,0,5.1,30,82455,24507.0,869693,498375.0,44148,263231.0,35880.0,527191,2282126.0,674904.0,3203R_GLUT1_647_WGA_594_040724_0002
3203,homo,R,Female,4.5,0,Dark,0,1.5,30,118336,63295.0,1486796,985154.0,78994,148393.0,88560.0,1109038,1686600.0,1282949.0,3203R_GLUT1_647_WGA_594_040724_0002
3203,homo,R,Female,4.5,0,Dark,0,5.4,30,79424,29251.0,914016,576535.0,52064,289504.0,40351.0,687391,2637631.0,738665.0,3203R_GLUT1_647_WGA_594_040724_0002
3203,homo,R,Female,4.5,0,Dark,0,3.3,30,178837,78145.0,1096915,1103968.0,317813,454864.0,104575.0,2836529,3168869.0,1487328.0,3203R_GLUT1_647_WGA_594_040724_0002
3203,homo,R,Female,4.5,0,Dark,0,5.4,30,75573,32992.0,733894,525306.0,48129,393226.0,43294.0,519019,2316214.0,696604.0,3203R_GLUT1_647_WGA_594_040724_0002
3203,homo,R,Female,4.5,0,Dark,0,4.05,30,78539,27652.0,1151436,626487.0,49602,164861.0,41211.0,775167,2989532.0,823302.0,3203R_GLUT1_647_WGA_594_040724_0002
3203,homo,R,Female,4.5,0,Dark,0,4.65,30,18236,9597.0,275656,187552.0,12106,83051.0,12929.0,200091,653362.0,249607.0,3203R_GLUT1_647_WGA_594_040724_0002
3203,homo,R,Female,4.5,0,Dark,0,5.25,30,129581,50688.0,1241207,861522.0,82871,607363.0,67783.0,891119,4041311.0,1111904.0,3203R_GLUT1_647_WGA_594_040724_0002
3203,homo,R,Female,4.5,0,Dark,0,3.9,30,250643,98857.0,2591477,1393314.0,156611,704682.0,124784.0,1863222,5497787.0,1886023.0,3203R_GLUT1_647_WGA_594_040724_0002
3203,homo,R,Female,4.5,1,Dark,0,5.1,30,85772,37223.0,1534282,781658.0,200788,303350.0,52326.0,2820033,4647597.0,972921.0,3203R_GLUT1_647_WGA_594_040724_0002
3203,homo,R,Female,4.5,0,Dark,0,5.4,30,48047,22126.0,535238,374458.0,30277,253396.0,28804.0,381743,1820894.0,487776.0,3203R_GLUT1_647_WGA_594_040724_0002
3203,homo,R,Female,4.5,0,Dark,0,5.4,30,60268,20754.0,1007205,417841.0,37824,144965.0,34302.0,669492,3001577.0,555685.0,3203R_GLUT1_647_WGA_594_040724_0002
3203,homo,R,Female,4.5,0,Dark,0,4.95,30,85440,42084.0,1234516,775656.0,58053,331469.0,58383.0,914099,3643650.0,1025007.0,3203R_GLUT1_647_WGA_594_040724_0002
3203,homo,R,Female,4.5,0,Dark,0,1.5,30,110811,69416.0,1530753,715865.0,68551,149366.0,123757.0,1097934,1546511.0,976841.0,3203R_GLUT1_647_WGA_594_040724_0002
3203,homo,R,Female,4.5,0,Dark,0,5.4,30,76745,22254.0,1087177,572284.0,47857,175948.0,33917.0,757191,3076272.0,761627.0,3203R_GLUT1_647_WGA_594_040724_0002
3203,homo,R,Female,4.5,0,Dark,0,4.2,30,70180,39727.0,1067132,690314.0,46814,300091.0,52944.0,764359,2528639.0,940461.0,3203R_GLUT1_647_WGA_594_040724_0002
3203,homo,R,Female,4.5,0,Dark,0,3.6,30,25059,12437.0,278737,173127.0,14419,91406.0,16500.0,192173,620937.0,239236.0,3203R_GLUT1_647_WGA_594_040724_0002
3203,homo,R,Female,4.5,1,Dark,0,1.95,30,173374,134864.0,2167991,962547.0,104808,346618.0,197895.0,1536910,2687196.0,1437468.0,3203R_GLUT1_647_WGA_594_040724_0002
3203,homo,R,Female,4.5,0,Dark,0,5.4,30,74863,26418.0,1044535,480641.0,48090,308658.0,36292.0,750881,2855392.0,636880.0,3203R_GLUT1_647_WGA_594_040724_0002
3203,homo,R,Female,4.5,0,Dark,0,4.65,30,78197,46046.0,1232026,804253.0,64255,286806.0,60086.0,1033635,3734043.0,1048887.0,3203R_GLUT1_647_WGA_594_040724_0002
3203,homo,R,Female,4.5,0,Dark,0,4.5,30,108133,45194.0,1369405,793811.0,69268,362791.0,61392.0,977378,3299938.0,1085663.0,3203R_GLUT1_647_WGA_594_040724_0002
3203,homo,R,Female,4.5,0,Dark,0,3.9,30,110572,51295.0,1460276,829296.0,68336,284528.0,70237.0,1058679,2765060.0,1160218.0,3203R_GLUT1_647_WGA_594_040724_0002
3203,homo,R,Female,4.5,0,Dark,0,4.2,30,166314,73879.0,1991920,1249490.0,102103,564714.0,92123.0,1408373,4542123.0,1662749.0,3203R_GLUT1_647_WGA_594_040724_0002
3203,homo,R,Female,4.5,0,Dark,0,4.35,30,165497,65967.0,2117811,1155520.0,102476,482799.0,87854.0,1526667,4511406.0,1571835.0,3203R_GLUT1_647_WGA_594_040724_0002
3203,homo,R,Female,4.5,0,Dark,0,4.5,30,275273,121751.0,3088209,1857868.0,160523,1055335.0,162975.0,2175583,7842011.0,2557854.0,3203R_GLUT1_647_WGA_594_040724_0002
3203,homo,R,Female,4.5,0,Dark,0,3.9,30,172975,81462.0,1920361,1099774.0,101472,664645.0,100284.0,1334257,4079209.0,1503066.0,3203R_GLUT1_647_WGA_594_040724_0002
3203,homo,R,Female,4.5,0,Dark,0,4.5,30,80876,30354.0,905900,578502.0,47949,264179.0,40809.0,624924,2123144.0,764274.0,3203R_GLUT1_647_WGA_594_040724_0002
3203,homo,R,Female,4.5,0,Dark,0,4.35,30,25668,9052.0,322314,171071.0,15504,83290.0,12063.0,218639,865519.0,228059.0,3203R_GLUT1_647_WGA_594_040724_0002
3203,homo,R,Female,4.5,0,Dark,0,4.65,30,28305,14134.0,334531,229544.0,17936,140467.0,17749.0,232645,964953.0,308507.0,3203R_GLUT1_647_WGA_594_040724_0002
3203,homo,R,Female,4.5,0,Dark,0,4.5,30,34224,18711.0,474894,295457.0,20038,128645.0,22631.0,312500,1030455.0,399817.0,3203R_GLUT1_647_WGA_594_040724_0002
3203,homo,R,Female,4.5,0,Dark,0,4.8,30,29051,12806.0,314435,203926.0,16624,129550.0,15897.0,214054,701650.0,280027.0,3203R_GLUT1_647_WGA_594_040724_0002
3203,homo,R,Female,4.5,0,Dark,0,3.9,30,48664,25069.0,606006,403298.0,34493,147556.0,31103.0,506333,1352818.0,535174.0,3203R_GLUT1_647_WGA_594_040724_0002
3203,homo,R,Female,4.5,0,Dark,0,4.35,30,93138,45767.0,1273635,823037.0,56157,350106.0,58056.0,861339,3332681.0,1065510.0,3203R_GLUT1_647_WGA_594_040724_0002
3203,homo,R,Female,4.5,0,Dark,0,5.1,30,107978,40766.0,1293124,784711.0,62302,421430.0,56502.0,870209,3388684.0,987879.0,3203R_GLUT1_647_WGA_594_040724_0002
3203,homo,R,Female,4.5,0,Dark,0,4.65,30,157136,81793.0,2287307,1293466.0,89670,621190.0,107037.0,1484936,5423362.0,1720169.0,3203R_GLUT1_647_WGA_594_040724_0002
3203,homo,R,Female,4.5,0,Dark,0,4.5,30,104043,54654.0,1583917,991159.0,60688,356835.0,73459.0,1065558,3787929.0,1329721.0,3203R_GLUT1_647_WGA_594_040724_0002
3203,homo,R,Female,4.5,0,Dark,0,4.65,30,139508,63697.0,1639892,1060554.0,82969,655005.0,82356.0,1109760,4142358.0,1449250.0,3203R_GLUT1_647_WGA_594_040724_0002
3203,homo,R,Female,4.5,0,Dark,0,3.9,30,70241,44033.0,904530,635421.0,41680,349848.0,53456.0,599230,2388744.0,812614.0,3203R_GLUT1_647_WGA_594_040724_0002
3203,homo,R,Female,4.5,0,Dark,0,4.35,30,21335,10838.0,301103,214815.0,11829,79135.0,14537.0,188572,757290.0,282651.0,3203R_GLUT1_647_WGA_594_040724_0002
3203,homo,R,Female,4.5,1,Dark,0,4.8,30,119550,55890.0,1458255,865128.0,68664,468361.0,80817.0,980682,3888928.0,1197202.0,3203R_GLUT1_647_WGA_594_040724_0002
3203,homo,R,Female,4.5,0,Dark,0,4.2,30,12404,6344.0,178807,125140.0,6717,45769.0,8211.0,111502,439754.0,169335.0,3203R_GLUT1_647_WGA_594_040724_0002
3203,homo,R,Female,4.5,0,Dark,0,3.6,30,28173,14981.0,354105,241957.0,15762,88090.0,21936.0,226269,781198.0,312182.0,3203R_GLUT1_647_WGA_594_040724_0002
3203,homo,R,Female,4.5,0,Dark,0,4.2,30,146273,70467.0,2097659,1317498.0,86450,600387.0,95441.0,1361390,5290386.0,1761207.0,3203R_GLUT1_647_WGA_594_040724_0002
3203,homo,R,Female,4.5,1,Dark,0,4.5,30,102584,49455.0,1283961,723179.0,57916,437253.0,66896.0,827764,3247623.0,991762.0,3203R_GLUT1_647_WGA_594_040724_0002
3203,homo,R,Female,4.5,1,Dark,0,4.2,30,223009,86947.0,2085722,1390863.0,116543,667569.0,112037.0,1278133,5455234.0,1867183.0,3203R_GLUT1_647_WGA_594_040724_0002
3203,homo,R,Female,4.5,0,Dark,0,3.9,30,83780,37808.0,1067366,786689.0,49548,300511.0,53849.0,693210,2629870.0,1068562.0,3203R_GLUT1_647_WGA_594_040724_0002
3203,homo,R,Female,4.5,0,Dark,0,4.05,30,118558,53082.0,1426933,1033964.0,65371,492617.0,71392.0,886472,3832765.0,1342380.0,3203R_GLUT1_647_WGA_594_040724_0002
3203,homo,R,Female,4.5,0,Dark,0,4.5,30,134263,64070.0,1733769,1263782.0,71417,533920.0,86573.0,1069982,4737307.0,1643333.0,3203R_GLUT1_647_WGA_594_040724_0002
3203,homo,R,Female,4.5,0,Dark,0,4.05,30,98338,42873.0,1154021,702494.0,53124,289602.0,61811.0,717341,2672865.0,974540.0,3203R_GLUT1_647_WGA_594_040724_0002
3203,homo,R,Female,4.5,0,Dark,0,4.65,30,36513,19037.0,541226,393183.0,20160,141218.0,26709.0,335838,1449836.0,516553.0,3203R_GLUT1_647_WGA_594_040724_0002
3203,homo,R,Female,4.5,0,Dark,0,3.6,30,192937,95545.0,2159087,1548178.0,109557,641867.0,122299.0,1374287,4994743.0,2093668.0,3203R_GLUT1_647_WGA_594_040724_0002
3203,homo,R,Female,4.5,0,Dark,0,3.3,30,95408,42003.0,1019739,712596.0,66015,248104.0,62629.0,839975,2278794.0,951441.0,3203R_GLUT1_647_WGA_594_040724_0002
3203,homo,R,Female,4.5,0,Dark,0,4.35,30,18278,14582.0,198492,153495.0,10273,129181.0,15712.0,120461,514121.0,201016.0,3203R_GLUT1_647_WGA_594_040724_0002
3203,homo,R,Female,4.5,1,Dark,0,4.2,30,100186,62598.0,1312928,1010814.0,57571,441815.0,85866.0,831991,3777329.0,1382345.0,3203R_GLUT1_647_WGA_594_040724_0002
3203,homo,R,Female,4.5,0,Dark,0,4.35,30,106184,39581.0,1155541,756342.0,69604,351422.0,53883.0,949720,2913467.0,1021898.0,3203R_GLUT1_647_WGA_594_040724_0002
3203,homo,R,Female,4.5,0,Dark,0,4.65,30,98287,45545.0,1151917,708876.0,63593,438429.0,60055.0,922136,3227574.0,944005.0,3203R_GLUT1_647_WGA_594_040724_0002
3203,homo,R,Female,4.5,0,Dark,0,4.05,30,99744,66570.0,1232259,1021918.0,66850,443449.0,82182.0,1018036,3179361.0,1371669.0,3203R_GLUT1_647_WGA_594_040724_0002
3203,homo,R,Female,4.5,1,Dark,0,3.3,30,66253,35244.0,569042,543063.0,42226,225744.0,47222.0,448424,1570660.0,736889.0,3203R_GLUT1_647_WGA_594_040724_0002
3203,homo,R,Female,4.5,0,Dark,0,4.35,30,98429,65858.0,998718,751399.0,54259,629203.0,74107.0,609552,2618025.0,995521.0,3203R_GLUT1_647_WGA_594_040724_0002
3203,homo,R,Female,4.5,0,Dark,0,5.1,30,75406,37754.0,997471,547870.0,49145,247798.0,53401.0,785530,2378223.0,759723.0,3203R_GLUT1_647_WGA_594_040724_0002
3203,homo,R,Female,4.5,0,Dark,0,5.1,30,74694,32575.0,920577,640894.0,46178,262494.0,44272.0,737816,2627161.0,836306.0,3203R_GLUT1_647_WGA_594_040724_0002
3203,homo,R,Female,4.5,0,Dark,0,3.9,30,124673,66301.0,1494871,1079184.0,79849,487560.0,85555.0,1202342,3535990.0,1416333.0,3203R_GLUT1_647_WGA_594_040724_0002
3203,homo,R,Female,4.5,0,Dark,0,4.2,30,170729,90545.0,2268560,1694293.0,112902,672728.0,114099.0,1764382,6324263.0,2212751.0,3203R_GLUT1_647_WGA_594_040724_0002
3203,homo,R,Female,4.5,0,Dark,0,2.55,30,49573,42078.0,601305,642081.0,34425,133761.0,53717.0,487352,1168950.0,907783.0,3203R_GLUT1_647_WGA_594_040724_0002
3203,homo,R,Female,4.5,0,Dark,0,4.8,30,66916,32365.0,1001984,605407.0,46599,214378.0,46687.0,778466,2738628.0,853995.0,3203R_GLUT1_647_WGA_594_040724_0002
3203,homo,R,Female,4.5,0,Dark,0,2.55,30,77759,50233.0,907671,758124.0,53207,186707.0,64342.0,736184,1648994.0,1084346.0,3203R_GLUT1_647_WGA_594_040724_0002
3203,homo,R,Female,4.5,1,Dark,0,4.65,30,102402,40599.0,956133,711339.0,62091,473345.0,53854.0,733594,2958510.0,958870.0,3203R_GLUT1_647_WGA_594_040724_0002
3203,homo,R,Female,4.5,0,Dark,0,4.2,30,105864,51843.0,1306780,1087515.0,66820,366886.0,70473.0,1028012,3441009.0,1433132.0,3203R_GLUT1_647_WGA_594_040724_0002
3203,homo,R,Female,4.5,1,Dark,0,3.3,30,272887,134343.0,2754909,2159347.0,169000,866919.0,177568.0,2099892,6462965.0,2909265.0,3203R_GLUT1_647_WGA_594_040724_0002
3203,homo,R,Female,4.5,0,Dark,0,4.35,30,69325,33309.0,799134,674360.0,43532,231815.0,44926.0,598539,2280053.0,878852.0,3203R_GLUT1_647_WGA_594_040724_0002
3203,homo,R,Female,4.5,0,Dark,0,4.35,30,69884,45872.0,737601,644259.0,42448,305926.0,60663.0,547441,2154463.0,863006.0,3203R_GLUT1_647_WGA_594_040724_0002
3203,homo,R,Female,4.5,0,Dark,0,4.35,30,184654,86220.0,1917865,1333144.0,113790,867916.0,113609.0,1445352,5235233.0,1753809.0,3203R_GLUT1_647_WGA_594_040724_0002
3203,homo,R,Female,4.5,1,Dark,0,4.2,30,175658,81726.0,1637474,1294508.0,106092,767267.0,104198.0,1252353,4868660.0,1781783.0,3203R_GLUT1_647_WGA_594_040724_0002
3203,homo,R,Female,4.5,1,Dark,0,4.2,30,56022,34365.0,625468,553286.0,34158,228088.0,42159.0,467881,1831886.0,734920.0,3203R_GLUT1_647_WGA_594_040724_0002
3318,homo,L,Female,3.3,0,Dark,0,2.55,30,42037,18787.0,873595,685239.0,47329,68869.0,28476.0,904178,1807214.0,851612.0,3318L_GLUT1_647_WGA_594_040724_0003
3318,homo,L,Female,3.3,0,Dark,0,3.6,30,28184,15598.0,808961,606184.0,27572,65718.0,23712.0,782680,2180438.0,744886.0,3318L_GLUT1_647_WGA_594_040724_0003
3318,homo,L,Female,3.3,0,Dark,0,3.45,30,42487,12496.0,971366,368232.0,81156,106161.0,6218.0,1557431,2498101.0,179529.0,3318L_GLUT1_647_WGA_594_040724_0003
3318,homo,L,Female,3.3,0,Dark,0,3.6,30,71575,39339.0,1151212,778233.0,58365,242764.0,44449.0,1082526,3045254.0,952525.0,3318L_GLUT1_647_WGA_594_040724_0003
3318,homo,L,Female,3.3,0,Dark,0,4.05,30,64755,27144.0,1037943,663090.0,50146,215937.0,34193.0,952852,3027621.0,820323.0,3318L_GLUT1_647_WGA_594_040724_0003
3318,homo,L,Female,3.3,0,Dark,0,3.75,30,150300,67579.0,2453269,1527044.0,111604,437015.0,90065.0,2163589,6098040.0,1974229.0,3318L_GLUT1_647_WGA_594_040724_0003
3318,homo,L,Female,3.3,0,Dark,0,3.3,30,84397,53127.0,1725687,1267742.0,69520,245150.0,68608.0,1607933,3921310.0,1662745.0,3318L_GLUT1_647_WGA_594_040724_0003
3318,homo,L,Female,3.3,0,Dark,0,3.9,30,46886,22380.0,935619,605183.0,38859,181822.0,27167.0,900618,2522343.0,756553.0,3318L_GLUT1_647_WGA_594_040724_0003
3318,homo,L,Female,3.3,0,Dark,0,3.45,30,85558,51173.0,1828583,989861.0,61936,285131.0,63148.0,1445870,4430063.0,1254523.0,3318L_GLUT1_647_WGA_594_040724_0003
3318,homo,L,Female,3.3,0,Dark,0,3.75,30,32732,19919.0,633260,459493.0,21444,110790.0,22859.0,465721,1673279.0,531269.0,3318L_GLUT1_647_WGA_594_040724_0003
3318,homo,L,Female,3.3,0,Dark,0,3.75,30,28769,15821.0,533055,353466.0,21274,83746.0,20892.0,451689,1180470.0,473995.0,3318L_GLUT1_647_WGA_594_040724_0003
3318,homo,L,Female,3.3,0,Dark,0,3.45,30,84866,59506.0,1815876,1232946.0,59444,294655.0,72337.0,1434585,4336188.0,1587810.0,3318L_GLUT1_647_WGA_594_040724_0003
3318,homo,L,Female,3.3,1,Dark,0,3.75,30,56770,40342.0,1151966,803048.0,44458,228855.0,49532.0,1039549,2900767.0,1047406.0,3318L_GLUT1_647_WGA_594_040724_0003
3318,homo,L,Female,3.3,0,Dark,0,3.75,30,57025,29067.0,847204,584641.0,41842,241236.0,33166.0,741867,2098763.0,726720.0,3318L_GLUT1_647_WGA_594_040724_0003
3318,homo,L,Female,3.3,0,Dark,0,3.3,30,14929,8405.0,299078,199099.0,10806,38258.0,10640.0,245171,632075.0,249684.0,3318L_GLUT1_647_WGA_594_040724_0003
3318,homo,L,Female,3.3,0,Dark,0,3.6,30,15048,9687.0,235143,222064.0,9797,65690.0,11189.0,173663,742414.0,273477.0,3318L_GLUT1_647_WGA_594_040724_0003
3318,homo,L,Female,3.3,0,Dark,0,3.45,30,21652,12659.0,349749,292363.0,15131,97363.0,15163.0,287396,912558.0,356404.0,3318L_GLUT1_647_WGA_594_040724_0003
3318,homo,L,Female,3.3,1,Dark,0,3.15,30,91366,65501.0,1778888,1043234.0,59420,300188.0,93887.0,1309096,3931453.0,1496299.0,3318L_GLUT1_647_WGA_594_040724_0003
3318,homo,L,Female,3.3,0,Dark,0,3.45,30,69032,35195.0,1348452,913936.0,48285,229023.0,40844.0,1091920,3259449.0,1102550.0,3318L_GLUT1_647_WGA_594_040724_0003
3318,homo,L,Female,3.3,0,Dark,0,3.3,30,25598,14866.0,554047,412484.0,17795,72322.0,18638.0,448269,1286119.0,509819.0,3318L_GLUT1_647_WGA_594_040724_0003
3318,homo,L,Female,3.3,1,Dark,0,4.35,30,13045,8724.0,290847,185558.0,10118,53353.0,9755.0,250264,770729.0,234261.0,3318L_GLUT1_647_WGA_594_040724_0003
3318,homo,L,Female,3.3,0,Dark,0,3.0,30,122778,63302.0,2361321,1502302.0,89861,301731.0,89975.0,1876856,5011533.0,2085787.0,3318L_GLUT1_647_WGA_594_040724_0003
3318,homo,L,Female,3.3,0,Dark,0,5.1,30,87955,25274.0,1568595,706568.0,59487,336930.0,16176.0,1284632,5823699.0,392220.0,3318L_GLUT1_647_WGA_594_040724_0003
3318,homo,L,Female,3.3,0,Dark,0,3.75,30,38598,25725.0,612696,559722.0,25680,157965.0,28498.0,469349,1608031.0,652154.0,3318L_GLUT1_647_WGA_594_040724_0003
3318,homo,L,Female,3.3,0,Dark,0,3.9,30,15626,7330.0,282244,153446.0,9820,49645.0,9046.0,199746,697155.0,195310.0,3318L_GLUT1_647_WGA_594_040724_0003
3318,homo,L,Female,3.3,0,Dark,0,3.6,30,140262,81527.0,2300786,1708969.0,92095,552828.0,100175.0,1752748,6135416.0,2173929.0,3318L_GLUT1_647_WGA_594_040724_0003
3318,homo,L,Female,3.3,0,Dark,0,4.05,30,58894,30428.0,1088179,752816.0,41159,198073.0,37600.0,898884,2748906.0,945466.0,3318L_GLUT1_647_WGA_594_040724_0003
3318,homo,L,Female,3.3,1,Dark,0,3.6,30,80212,41590.0,1150835,916749.0,52764,250071.0,49778.0,932807,2992246.0,1109263.0,3318L_GLUT1_647_WGA_594_040724_0003
3318,homo,L,Female,3.3,0,Dark,0,3.45,30,83543,51394.0,1699051,1333518.0,61113,274811.0,62069.0,1442700,4392124.0,1626514.0,3318L_GLUT1_647_WGA_594_040724_0003
3318,homo,L,Female,3.3,0,Dark,0,3.3,30,13646,7108.0,279611,187153.0,9430,35373.0,9053.0,214433,589327.0,231697.0,3318L_GLUT1_647_WGA_594_040724_0003
3318,homo,L,Female,3.3,0,Dark,0,3.3,30,91115,56776.0,1596881,1289760.0,57599,321418.0,69402.0,1138577,4126173.0,1576219.0,3318L_GLUT1_647_WGA_594_040724_0003
3318,homo,L,Female,3.3,1,Dark,0,3.3,30,35739,18148.0,520938,400015.0,23618,100514.0,23179.0,409285,1244191.0,511412.0,3318L_GLUT1_647_WGA_594_040724_0003
3318,homo,L,Female,3.3,0,Dark,0,3.3,30,34426,21325.0,753761,514998.0,23772,113083.0,29197.0,579805,2042372.0,649901.0,3318L_GLUT1_647_WGA_594_040724_0003
3318,homo,L,Female,3.3,0,Dark,0,3.75,30,115652,79129.0,2296415,1730360.0,72771,473765.0,94232.0,1681157,6211033.0,2066853.0,3318L_GLUT1_647_WGA_594_040724_0003
3318,homo,L,Female,3.3,0,Dark,0,3.45,30,70993,42941.0,1286525,1013831.0,41974,244687.0,53649.0,937549,3243126.0,1278780.0,3318L_GLUT1_647_WGA_594_040724_0003
3318,homo,L,Female,3.3,1,Dark,0,2.7,30,16195,10782.0,243912,201159.0,9513,51711.0,11388.0,176710,530292.0,252796.0,3318L_GLUT1_647_WGA_594_040724_0003
3318,homo,L,Female,3.3,0,Dark,0,3.45,30,108547,66273.0,1586864,1339726.0,62334,399180.0,76419.0,1041523,4370170.0,1638460.0,3318L_GLUT1_647_WGA_594_040724_0003
3318,homo,L,Female,3.3,0,Dark,0,3.15,30,81544,44394.0,1381299,1057177.0,52448,238354.0,56776.0,1055303,3218959.0,1286860.0,3318L_GLUT1_647_WGA_594_040724_0003
3318,homo,L,Female,3.3,1,Dark,0,3.15,30,68612,41723.0,1382850,978063.0,45798,196540.0,50961.0,1086256,3456895.0,1194958.0,3318L_GLUT1_647_WGA_594_040724_0003
3318,homo,L,Female,3.3,0,Dark,0,3.45,30,98240,50628.0,1707042,1184886.0,52327,321548.0,65470.0,1110848,4496014.0,1499652.0,3318L_GLUT1_647_WGA_594_040724_0003
3318,homo,L,Female,3.3,1,Dark,0,3.45,30,84549,63600.0,1627465,1281289.0,53288,356435.0,72636.0,1235843,3920806.0,1553392.0,3318L_GLUT1_647_WGA_594_040724_0003
3318,homo,L,Female,3.3,0,Dark,0,4.05,30,63599,35548.0,1277181,828979.0,39764,231348.0,46340.0,976172,3436723.0,1102682.0,3318L_GLUT1_647_WGA_594_040724_0003
3318,homo,L,Female,3.3,0,Dark,0,3.15,30,32690,23044.0,646226,513857.0,17744,123870.0,29313.0,442154,1635828.0,675087.0,3318L_GLUT1_647_WGA_594_040724_0003
3318,homo,L,Female,3.3,0,Dark,0,4.05,30,39375,23871.0,785166,546981.0,24017,147172.0,30549.0,600677,2202640.0,718232.0,3318L_GLUT1_647_WGA_594_040724_0003
3318,homo,L,Female,3.3,1,Dark,0,3.15,30,89531,64245.0,1573491,1268678.0,51034,316449.0,71852.0,1089606,3689386.0,1552178.0,3318L_GLUT1_647_WGA_594_040724_0003
3318,homo,L,Female,3.3,0,Dark,0,3.3,30,65295,45730.0,1325928,981577.0,35936,242784.0,53255.0,870166,3085752.0,1219652.0,3318L_GLUT1_647_WGA_594_040724_0003
3318,homo,L,Female,3.3,0,Dark,0,3.9,30,70163,41641.0,1334325,1056994.0,37856,302252.0,54540.0,876622,3954073.0,1311031.0,3318L_GLUT1_647_WGA_594_040724_0003
3318,homo,L,Female,3.3,0,Dark,0,3.15,30,60542,46043.0,1128157,1014655.0,32783,252639.0,53239.0,719349,2812242.0,1237422.0,3318L_GLUT1_647_WGA_594_040724_0003
3318,homo,L,Female,3.3,0,Dark,0,3.9,30,54643,36185.0,1126307,850221.0,30591,255626.0,42651.0,807445,3257999.0,1035269.0,3318L_GLUT1_647_WGA_594_040724_0003
3318,homo,L,Female,3.3,0,Dark,0,3.3,30,37837,23162.0,580374,400534.0,23637,155097.0,25092.0,399115,1365091.0,521351.0,3318L_GLUT1_647_WGA_594_040724_0003
3318,homo,L,Female,3.3,0,Dark,0,4.35,30,35792,19080.0,734320,555832.0,19741,131520.0,23686.0,506525,2146348.0,612990.0,3318L_GLUT1_647_WGA_594_040724_0003
3318,homo,L,Female,3.3,0,Dark,0,3.45,30,102723,52848.0,1623325,1151214.0,58337,329868.0,63421.0,1124884,3889913.0,1356135.0,3318L_GLUT1_647_WGA_594_040724_0003
3318,homo,L,Female,3.3,0,Dark,0,4.05,30,46184,21464.0,990995,565021.0,27505,147080.0,27817.0,728669,2514396.0,680022.0,3318L_GLUT1_647_WGA_594_040724_0003
3318,homo,L,Female,3.3,0,Dark,0,3.45,30,100848,64986.0,2034397,1492136.0,61078,364236.0,74315.0,1531415,5018431.0,1788653.0,3318L_GLUT1_647_WGA_594_040724_0003
3318,homo,L,Female,3.3,0,Dark,0,4.2,30,114911,49848.0,2269757,1325395.0,65129,383217.0,58295.0,1594342,6309043.0,1448937.0,3318L_GLUT1_647_WGA_594_040724_0003
3318,homo,L,Female,3.3,0,Dark,0,3.0,30,145238,108601.0,2762724,1950923.0,83044,459757.0,134558.0,1948179,5887325.0,2556906.0,3318L_GLUT1_647_WGA_594_040724_0003
3318,homo,L,Female,3.3,1,Dark,0,2.7,30,69278,36221.0,966222,854706.0,162453,132436.0,46476.0,2232130,2298505.0,1053502.0,3318L_GLUT1_647_WGA_594_040724_0003
3318,homo,L,Female,3.3,0,Dark,0,3.6,30,58197,32586.0,1125302,851560.0,35122,179869.0,38492.0,833937,2843776.0,1019096.0,3318L_GLUT1_647_WGA_594_040724_0003
3318,homo,L,Female,3.3,0,Dark,0,2.4,30,95669,60542.0,1947887,1488875.0,60849,238318.0,86725.0,1427606,4265420.0,2060633.0,3318L_GLUT1_647_WGA_594_040724_0003
3318,homo,L,Female,3.3,0,Dark,0,2.85,30,57952,18590.0,743372,504718.0,82727,95342.0,25710.0,1328447,1528942.0,660049.0,3318L_GLUT1_647_WGA_594_040724_0003
3318,homo,L,Female,3.3,0,Dark,0,3.3,30,52811,35810.0,914698,788627.0,29061,207938.0,41299.0,624340,2218179.0,971812.0,3318L_GLUT1_647_WGA_594_040724_0003
3318,homo,L,Female,3.3,0,Dark,0,3.45,30,113014,78012.0,2270837,1497674.0,55848,409082.0,94352.0,1400591,5853626.0,1900170.0,3318L_GLUT1_647_WGA_594_040724_0003
3318,homo,L,Female,3.3,0,Dark,0,,30,10580,,162820,,19290,,,288651,,,3318L_GLUT1_647_WGA_594_040724_0003
3318,homo,L,Female,3.3,0,Dark,0,3.0,30,177001,135211.0,3428511,2437772.0,105727,565640.0,154018.0,2517897,7362252.0,2992036.0,3318L_GLUT1_647_WGA_594_040724_0003
3318,homo,L,Female,3.3,0,Dark,0,3.75,30,67536,28840.0,1043985,616664.0,37075,217354.0,39655.0,732050,3169447.0,859060.0,3318L_GLUT1_647_WGA_594_040724_0003
3318,homo,L,Female,3.3,0,Dark,0,2.85,30,59687,42861.0,1521542,948552.0,35642,156445.0,56053.0,1057072,3045474.0,1247930.0,3318L_GLUT1_647_WGA_594_040724_0003
3318,homo,L,Female,3.3,0,Dark,0,2.85,30,60541,45965.0,1056017,791485.0,32614,187627.0,53868.0,655295,2380979.0,1000132.0,3318L_GLUT1_647_WGA_594_040724_0003
3318,homo,L,Female,3.3,0,Dark,0,3.15,30,80960,57290.0,1603802,1219377.0,42389,273111.0,70917.0,1019359,3863252.0,1539483.0,3318L_GLUT1_647_WGA_594_040724_0003
3318,homo,L,Female,3.3,0,Dark,0,3.15,30,106421,87391.0,2233595,1777030.0,54031,402169.0,109029.0,1350262,5510967.0,2219871.0,3318L_GLUT1_647_WGA_594_040724_0003
3318,homo,L,Female,3.3,0,Dark,0,3.45,30,67517,33776.0,1201787,947074.0,34369,227038.0,44975.0,735867,3236463.0,1137179.0,3318L_GLUT1_647_WGA_594_040724_0003
3318,homo,L,Female,3.3,0,Dark,0,2.55,30,119883,63725.0,1936726,1455714.0,82615,265199.0,79748.0,1623472,3483530.0,1838633.0,3318L_GLUT1_647_WGA_594_040724_0003
3318,homo,L,Female,3.3,0,Dark,0,3.3,30,43819,24043.0,717583,553431.0,27802,115012.0,29549.0,555606,1463702.0,691921.0,3318L_GLUT1_647_WGA_594_040724_0003
3318,homo,L,Female,3.3,0,Dark,0,2.7,30,59850,30709.0,932962,700141.0,41386,134972.0,37611.0,790491,1755036.0,856286.0,3318L_GLUT1_647_WGA_594_040724_0003
3318,homo,L,Female,3.3,0,Dark,0,3.45,30,50200,37850.0,955951,851653.0,24367,188227.0,44851.0,576579,2638199.0,1027469.0,3318L_GLUT1_647_WGA_594_040724_0003
3318,homo,L,Female,3.3,0,Dark,0,2.85,30,26628,20219.0,442029,365486.0,18619,81332.0,22366.0,371919,857876.0,451657.0,3318L_GLUT1_647_WGA_594_040724_0003
3318,homo,L,Female,3.3,0,Dark,0,3.15,30,50542,33337.0,1075005,759397.0,36002,141229.0,38935.0,913844,2149918.0,919001.0,3318L_GLUT1_647_WGA_594_040724_0003
3318,homo,L,Female,3.3,1,Dark,0,3.15,30,115964,55366.0,1790137,1250596.0,72392,328009.0,63059.0,1364261,3822673.0,1456131.0,3318L_GLUT1_647_WGA_594_040724_0003
3318,homo,L,Female,3.3,0,Dark,0,3.15,30,121402,66114.0,1906693,1467413.0,76970,325809.0,84278.0,1531458,4056280.0,1855158.0,3318L_GLUT1_647_WGA_594_040724_0003
3318,homo,L,Female,3.3,0,Dark,0,3.15,30,35003,20794.0,582063,475129.0,22638,109964.0,23345.0,460703,1195353.0,569639.0,3318L_GLUT1_647_WGA_594_040724_0003
3318,homo,L,Female,3.3,1,Dark,0,3.0,30,51055,32522.0,1010492,754086.0,31955,146099.0,38412.0,745849,2081908.0,915038.0,3318L_GLUT1_647_WGA_594_040724_0003
3318,homo,L,Female,3.3,0,Dark,0,3.45,30,49671,22029.0,746486,552559.0,30852,145370.0,28533.0,594336,1763624.0,690949.0,3318L_GLUT1_647_WGA_594_040724_0003
3318,homo,L,Female,3.3,0,Dark,0,3.3,30,31901,21150.0,705445,530034.0,19450,97501.0,26423.0,525799,1485656.0,660504.0,3318L_GLUT1_647_WGA_594_040724_0003
3318,homo,L,Female,3.3,0,Dark,0,3.15,30,86862,49625.0,1413828,1108993.0,58545,273921.0,55960.0,1162072,3135696.0,1330215.0,3318L_GLUT1_647_WGA_594_040724_0003
3318,homo,L,Female,3.3,0,Dark,0,3.6,30,66659,26933.0,1019356,674108.0,50277,165799.0,31066.0,942738,2392054.0,767399.0,3318L_GLUT1_647_WGA_594_040724_0003
3318,homo,L,Female,3.3,0,Dark,0,3.45,30,71078,46000.0,1539680,1152699.0,43636,236665.0,57303.0,1146371,3596426.0,1423965.0,3318L_GLUT1_647_WGA_594_040724_0003
3318,homo,L,Female,3.3,0,Dark,0,3.15,30,81014,44339.0,1377828,1039165.0,49045,232555.0,50661.0,991739,2912728.0,1244996.0,3318L_GLUT1_647_WGA_594_040724_0003
3318,homo,L,Female,3.3,0,Dark,0,3.15,30,65592,34319.0,1242723,954267.0,44880,170017.0,44347.0,1020519,2610468.0,1184629.0,3318L_GLUT1_647_WGA_594_040724_0003
3318,homo,L,Female,3.3,0,Dark,0,2.85,30,112367,70414.0,2020617,1568711.0,74049,313613.0,79857.0,1601735,4106497.0,1890550.0,3318L_GLUT1_647_WGA_594_040724_0003
3318,homo,L,Female,3.3,0,Dark,0,3.15,30,129564,67195.0,2378792,1458109.0,91347,318747.0,88207.0,2005634,4670527.0,1983689.0,3318L_GLUT1_647_WGA_594_040724_0003
3318,homo,L,Female,3.3,0,Dark,0,3.6,30,60224,21704.0,1064820,658675.0,43914,152560.0,25435.0,907026,2488591.0,731700.0,3318L_GLUT1_647_WGA_594_040724_0003
3318,homo,L,Female,3.3,1,Dark,0,3.3,30,117226,59124.0,1840359,1355999.0,73013,349278.0,71083.0,1442761,3969768.0,1712869.0,3318L_GLUT1_647_WGA_594_040724_0003
3318,homo,L,Female,3.3,0,Dark,0,3.0,30,45331,26103.0,799817,585109.0,29535,117291.0,29120.0,623204,1579637.0,683304.0,3318L_GLUT1_647_WGA_594_040724_0003
3318,homo,L,Female,3.3,0,Dark,0,2.85,30,120957,68319.0,2020827,1403143.0,76759,309017.0,77428.0,1531216,3739013.0,1726779.0,3318L_GLUT1_647_WGA_594_040724_0003
3318,homo,L,Female,3.3,1,Dark,0,3.0,30,85710,64730.0,2001034,1571956.0,54188,270923.0,75669.0,1464199,4484671.0,1857641.0,3318L_GLUT1_647_WGA_594_040724_0003
3318,homo,L,Female,3.3,0,Dark,0,3.45,30,33778,15979.0,766470,502570.0,21907,87422.0,20776.0,562882,1667621.0,600207.0,3318L_GLUT1_647_WGA_594_040724_0003
3318,homo,L,Female,3.3,0,Dark,0,3.75,30,68898,33529.0,1350978,888337.0,41952,226380.0,36330.0,1024026,3341445.0,911098.0,3318L_GLUT1_647_WGA_594_040724_0003
3318,homo,L,Female,3.3,0,Dark,0,3.6,30,64156,31713.0,1200436,792386.0,47234,169531.0,33041.0,1043461,2539334.0,790010.0,3318L_GLUT1_647_WGA_594_040724_0003
3318,homo,L,Female,3.3,1,Dark,0,1.7999999999999998,30,44048,36812.0,938253,686053.0,32518,81338.0,57432.0,799689,1341634.0,1031180.0,3318L_GLUT1_647_WGA_594_040724_0003
3318,homo,L,Female,3.3,0,Dark,0,2.85,30,5631,3871.0,137059,107546.0,3823,15521.0,4868.0,112327,283124.0,140073.0,3318L_GLUT1_647_WGA_594_040724_0003
3318,homo,L,Female,3.3,0,Dark,0,3.3,30,53308,28926.0,1239129,702342.0,36934,136814.0,35618.0,1003273,2462396.0,858839.0,3318L_GLUT1_647_WGA_594_040724_0003
3318,homo,L,Female,3.3,0,Dark,0,3.0,30,17930,10522.0,363472,257436.0,11267,49697.0,13264.0,288055,712866.0,319124.0,3318L_GLUT1_647_WGA_594_040724_0003
3318,homo,L,Female,3.3,0,Dark,0,1.95,30,30705,13379.0,753412,572304.0,33932,38596.0,22839.0,683307,1278415.0,744921.0,3318L_GLUT1_647_WGA_594_040724_0003
3318,homo,L,Female,3.3,0,Dark,0,2.1,30,8572,5136.0,290250,225046.0,12065,12204.0,8805.0,328455,477007.0,262604.0,3318L_GLUT1_647_WGA_594_040724_0003
3318,homo,L,Female,3.3,0,Dark,0,5.1,30,57979,28804.0,945901,570973.0,18940,282876.0,31491.0,353189,3075403.0,678173.0,3318L_GLUT1_647_WGA_594_040724_0004
3318,homo,L,Female,3.3,0,Dark,0,4.95,30,42325,24514.0,626083,510342.0,14588,200122.0,27942.0,243911,2388182.0,599658.0,3318L_GLUT1_647_WGA_594_040724_0004
3318,homo,L,Female,3.3,0,Dark,0,4.5,30,23426,15556.0,350718,288002.0,7947,114998.0,18735.0,144524,1004001.0,352079.0,3318L_GLUT1_647_WGA_594_040724_0004
3318,homo,L,Female,3.3,0,Dark,0,3.9,30,55128,45523.0,819401,682116.0,18221,285961.0,55561.0,320207,2283290.0,923221.0,3318L_GLUT1_647_WGA_594_040724_0004
3318,homo,L,Female,3.3,0,Dark,0,3.45,30,59460,36838.0,625265,738020.0,143447,166113.0,45123.0,1622044,2139795.0,891562.0,3318L_GLUT1_647_WGA_594_040724_0004
3318,homo,L,Female,3.3,0,Dark,0,3.9,30,102955,75292.0,1461001,1121807.0,31504,428529.0,105427.0,524650,4234582.0,1519499.0,3318L_GLUT1_647_WGA_594_040724_0004
3318,homo,L,Female,3.3,0,Dark,0,4.65,30,54438,31878.0,703124,635222.0,16679,319655.0,35901.0,249479,2446930.0,719863.0,3318L_GLUT1_647_WGA_594_040724_0004
3318,homo,L,Female,3.3,0,Dark,0,4.65,30,117336,66029.0,1508640,1172226.0,36045,511368.0,86683.0,541765,4970723.0,1484694.0,3318L_GLUT1_647_WGA_594_040724_0004
3318,homo,L,Female,3.3,0,Dark,0,4.65,30,63900,37353.0,832770,743528.0,19156,345517.0,41706.0,294948,2978059.0,879421.0,3318L_GLUT1_647_WGA_594_040724_0004
3318,homo,L,Female,3.3,0,Dark,0,4.8,30,99533,44004.0,1400009,877621.0,41775,430123.0,55944.0,675114,4729063.0,1107034.0,3318L_GLUT1_647_WGA_594_040724_0004
3318,homo,L,Female,3.3,0,Dark,0,4.5,30,57751,25120.0,760362,564101.0,23330,177875.0,30849.0,349084,2182492.0,659099.0,3318L_GLUT1_647_WGA_594_040724_0004
3318,homo,L,Female,3.3,0,Dark,0,4.2,30,105803,56112.0,1791644,1174619.0,40256,359253.0,69468.0,779152,4614241.0,1404757.0,3318L_GLUT1_647_WGA_594_040724_0004
3318,homo,L,Female,3.3,0,Dark,0,4.95,30,55406,27109.0,889290,513821.0,21844,239651.0,34457.0,424472,2584708.0,648795.0,3318L_GLUT1_647_WGA_594_040724_0004
3318,homo,L,Female,3.3,1,Dark,0,4.65,30,85543,57090.0,1296642,948997.0,34664,439469.0,65510.0,543536,4936571.0,1143411.0,3318L_GLUT1_647_WGA_594_040724_0004
3318,homo,L,Female,3.3,0,Dark,0,4.05,30,30265,20224.0,439618,327249.0,12175,86384.0,24959.0,186539,1076520.0,418198.0,3318L_GLUT1_647_WGA_594_040724_0004
3318,homo,L,Female,3.3,0,Dark,0,2.85,30,38425,15900.0,1018869,543857.0,58243,64486.0,28618.0,1125672,2074982.0,706726.0,3318L_GLUT1_647_WGA_594_040724_0004
3318,homo,L,Female,3.3,0,Dark,0,4.95,30,75637,36368.0,1397595,690504.0,30210,284733.0,44333.0,637294,3745389.0,854626.0,3318L_GLUT1_647_WGA_594_040724_0004
3318,homo,L,Female,3.3,0,Dark,0,5.25,30,54882,22095.0,856092,417547.0,22923,206916.0,24867.0,397027,2375872.0,505097.0,3318L_GLUT1_647_WGA_594_040724_0004
3318,homo,L,Female,3.3,0,Dark,0,3.6,30,58707,37814.0,1033148,490723.0,22527,223909.0,49303.0,446850,2106003.0,689832.0,3318L_GLUT1_647_WGA_594_040724_0004
3318,homo,L,Female,3.3,0,Dark,0,2.7,30,124064,106694.0,1666616,1452486.0,45292,410683.0,171445.0,680936,4421608.0,2106553.0,3318L_GLUT1_647_WGA_594_040724_0004
3318,homo,L,Female,3.3,0,Dark,0,3.45,30,171552,99182.0,3653874,2371232.0,311638,359692.0,173889.0,4599455,10049388.0,3087564.0,3318L_GLUT1_647_WGA_594_040724_0004
3318,homo,L,Female,3.3,0,Dark,0,4.5,30,73276,47890.0,1371533,1024769.0,26275,325500.0,61647.0,532188,4419032.0,1229187.0,3318L_GLUT1_647_WGA_594_040724_0004
3318,homo,L,Female,3.3,1,Dark,0,4.05,30,50812,6638.0,142173,85908.0,21015,74259.0,9027.0,75898,310226.0,114750.0,3318L_GLUT1_647_WGA_594_040724_0004
3318,homo,L,Female,3.3,0,Dark,0,4.35,30,104965,78786.0,1649470,1049491.0,35820,426920.0,97256.0,629960,4700838.0,1330375.0,3318L_GLUT1_647_WGA_594_040724_0004
3318,homo,L,Female,3.3,0,Dark,0,4.5,30,33537,25222.0,631885,498601.0,11829,148358.0,33068.0,244193,2032158.0,609199.0,3318L_GLUT1_647_WGA_594_040724_0004
3318,homo,L,Female,3.3,0,Dark,0,4.5,30,89821,40036.0,1304700,795370.0,41590,327551.0,48028.0,685729,3556215.0,939423.0,3318L_GLUT1_647_WGA_594_040724_0004
3318,homo,L,Female,3.3,0,Dark,0,5.25,30,332877,49375.0,1780534,915585.0,130778,722498.0,57460.0,914772,5304830.0,1080085.0,3318L_GLUT1_647_WGA_594_040724_0004
3318,homo,L,Female,3.3,0,Dark,0,4.2,30,76984,54161.0,1078113,955743.0,35136,335154.0,61520.0,539249,3279751.0,1108343.0,3318L_GLUT1_647_WGA_594_040724_0004
3318,homo,L,Female,3.3,0,Dark,0,4.65,30,66470,46785.0,957836,769203.0,30579,293486.0,52884.0,500199,2968065.0,939754.0,3318L_GLUT1_647_WGA_594_040724_0004
3318,homo,L,Female,3.3,0,Dark,0,2.4,30,105740,76175.0,854677,1359163.0,200189,241414.0,93510.0,2029654,2451657.0,1675558.0,3318L_GLUT1_647_WGA_594_040724_0004
3318,homo,L,Female,3.3,0,Dark,0,3.45,30,77742,39797.0,467944,637482.0,181319,220673.0,46474.0,1445626,1607831.0,818548.0,3318L_GLUT1_647_WGA_594_040724_0004
3318,homo,L,Female,3.3,0,Dark,0,3.75,30,47196,23507.0,463789,525779.0,92634,137138.0,28731.0,1275680,1498507.0,622213.0,3318L_GLUT1_647_WGA_594_040724_0004
3318,homo,L,Female,3.3,0,Dark,0,3.15,30,44128,26721.0,358535,508659.0,92338,108335.0,34017.0,972836,1149797.0,629703.0,3318L_GLUT1_647_WGA_594_040724_0004
3318,homo,L,Female,3.3,0,Dark,0,4.95,30,31056,15136.0,355109,259861.0,11729,141848.0,18077.0,153295,1127047.0,332956.0,3318L_GLUT1_647_WGA_594_040724_0004
3318,homo,L,Female,3.3,0,Dark,0,4.95,30,6751,3371.0,142790,85446.0,3659,24639.0,3948.0,80624,400680.0,97559.0,3318L_GLUT1_647_WGA_594_040724_0004
3318,homo,L,Female,3.3,0,Dark,0,5.4,30,38486,19349.0,744753,365605.0,15786,183525.0,22598.0,315470,2443522.0,441256.0,3318L_GLUT1_647_WGA_594_040724_0004
3318,homo,L,Female,3.3,0,Dark,0,4.95,30,61075,32354.0,1081645,681039.0,31073,241193.0,39687.0,608714,3283172.0,801653.0,3318L_GLUT1_647_WGA_594_040724_0004
3318,homo,L,Female,3.3,0,Dark,0,5.25,30,37281,16462.0,617450,343787.0,18520,192612.0,20144.0,355256,1971611.0,413159.0,3318L_GLUT1_647_WGA_594_040724_0004
3318,homo,L,Female,3.3,0,Dark,0,3.75,30,118529,50571.0,718125,804049.0,193051,286357.0,56025.0,1745414,2472100.0,967506.0,3318L_GLUT1_647_WGA_594_040724_0004
3318,homo,L,Female,3.3,0,Dark,0,3.0,30,182371,103221.0,1487173,1701257.0,291560,442145.0,117841.0,3394262,4308033.0,2063723.0,3318L_GLUT1_647_WGA_594_040724_0004
3318,homo,L,Female,3.3,0,Dark,0,3.15,30,117635,90693.0,992245,1131495.0,202950,258258.0,125469.0,2506553,2640987.0,1486186.0,3318L_GLUT1_647_WGA_594_040724_0004
3318,homo,L,Female,3.3,0,Dark,0,3.3,30,142030,87316.0,1823787,1684655.0,80975,443492.0,110593.0,1228053,4771991.0,2181224.0,3318L_GLUT1_647_WGA_594_040724_0004
3318,homo,L,Female,3.3,0,Dark,0,4.95,30,10769,7092.0,185191,173931.0,4451,44361.0,8707.0,86918,593139.0,191967.0,3318L_GLUT1_647_WGA_594_040724_0004
3318,homo,L,Female,3.3,0,Dark,0,3.15,30,148783,104894.0,1147712,1261387.0,235017,330618.0,140850.0,2791117,3065989.0,1634499.0,3318L_GLUT1_647_WGA_594_040724_0004
3318,homo,L,Female,3.3,0,Dark,0,2.7,30,65591,42875.0,755164,708937.0,137039,132196.0,54855.0,1439472,1865159.0,864134.0,3318L_GLUT1_647_WGA_594_040724_0004
3318,homo,L,Female,3.3,0,Dark,0,4.05,30,151410,92458.0,1932726,1360900.0,76994,538028.0,105687.0,1260104,4712524.0,1711296.0,3318L_GLUT1_647_WGA_594_040724_0004
3318,homo,L,Female,3.3,0,Dark,0,2.55,30,41110,29701.0,1208147,979979.0,99278,80466.0,48306.0,2569133,2419825.0,1242835.0,3318L_GLUT1_647_WGA_594_040724_0004
3318,homo,L,Female,3.3,0,Dark,0,4.65,30,87916,45630.0,1085902,876217.0,41838,381888.0,57242.0,656478,3482741.0,1102091.0,3318L_GLUT1_647_WGA_594_040724_0004
3318,homo,L,Female,3.3,0,Dark,0,2.25,30,54302,39752.0,708624,776991.0,117488,108977.0,48857.0,1584030,1535866.0,957258.0,3318L_GLUT1_647_WGA_594_040724_0004
3318,homo,L,Female,3.3,0,Dark,0,4.65,30,86147,37979.0,997734,749635.0,41239,349076.0,46253.0,554755,3060834.0,915417.0,3318L_GLUT1_647_WGA_594_040724_0004
3318,homo,L,Female,3.3,0,Dark,0,4.05,30,25097,17267.0,368880,292043.0,11601,95826.0,20874.0,193096,1124245.0,377909.0,3318L_GLUT1_647_WGA_594_040724_0004
3318,homo,L,Female,3.3,0,Dark,0,4.65,30,54391,36808.0,931319,596890.0,23095,271836.0,47443.0,467297,3076681.0,788600.0,3318L_GLUT1_647_WGA_594_040724_0004
3318,homo,L,Female,3.3,0,Dark,0,4.35,30,139473,84790.0,1907915,1427458.0,77623,510256.0,104096.0,1263138,5867772.0,1810419.0,3318L_GLUT1_647_WGA_594_040724_0004
3318,homo,L,Female,3.3,0,Dark,0,4.65,30,101799,41752.0,1334743,907234.0,56614,380434.0,52017.0,883333,3915686.0,1124769.0,3318L_GLUT1_647_WGA_594_040724_0004
3318,homo,L,Female,3.3,0,Dark,0,2.7,30,145440,83586.0,2329527,1315330.0,77168,377604.0,129727.0,1504737,4702127.0,1876501.0,3318L_GLUT1_647_WGA_594_040724_0004
3318,homo,L,Female,3.3,0,Dark,0,4.65,30,102096,54096.0,1111134,973637.0,52483,485560.0,63916.0,724068,3896864.0,1184070.0,3318L_GLUT1_647_WGA_594_040724_0004
3318,homo,L,Female,3.3,0,Dark,0,4.5,30,101141,48807.0,1383075,967547.0,56919,404201.0,62582.0,901947,5022871.0,1231534.0,3318L_GLUT1_647_WGA_594_040724_0004
3318,homo,L,Female,3.3,0,Dark,0,4.65,30,31177,15274.0,512411,303388.0,17025,133341.0,20017.0,307064,1747853.0,379402.0,3318L_GLUT1_647_WGA_594_040724_0004
3318,homo,L,Female,3.3,0,Dark,0,4.8,30,33116,18816.0,372921,349663.0,15974,166682.0,20800.0,218902,1347247.0,404325.0,3318L_GLUT1_647_WGA_594_040724_0004
3318,homo,L,Female,3.3,0,Dark,0,2.7,30,71559,37324.0,847531,790092.0,128302,134175.0,46830.0,1863115,1827881.0,917262.0,3318L_GLUT1_647_WGA_594_040724_0004
3318,homo,L,Female,3.3,0,Dark,0,2.1,30,143576,96726.0,1819988,994378.0,70515,345448.0,147352.0,1067710,3364139.0,1575260.0,3318L_GLUT1_647_WGA_594_040724_0004
3318,homo,L,Female,3.3,0,Dark,0,2.25,30,115850,63461.0,1240961,1412735.0,218378,210765.0,87078.0,2511776,2847939.0,1775530.0,3318L_GLUT1_647_WGA_594_040724_0004
3318,homo,L,Female,3.3,0,Dark,0,1.95,30,145273,112458.0,1993827,1076161.0,81107,343213.0,161596.0,1368270,3320783.0,1619319.0,3318L_GLUT1_647_WGA_594_040724_0004
3318,homo,L,Female,3.3,0,Dark,0,2.4,30,75616,40871.0,471404,759034.0,137428,165152.0,46088.0,1195359,1422617.0,894985.0,3318L_GLUT1_647_WGA_594_040724_0004
3318,homo,L,Female,3.3,0,Dark,0,2.7,30,43924,30241.0,476959,642032.0,87338,110087.0,38507.0,1009120,1351204.0,791005.0,3318L_GLUT1_647_WGA_594_040724_0004
3318,homo,L,Female,3.3,0,Dark,0,2.55,30,64652,48910.0,445737,778848.0,123023,166918.0,52907.0,1008861,1433215.0,935849.0,3318L_GLUT1_647_WGA_594_040724_0004
3318,homo,L,Female,3.3,1,Dark,0,1.95,30,94415,65765.0,1199542,620280.0,50816,216521.0,101457.0,812195,1934937.0,974742.0,3318L_GLUT1_647_WGA_594_040724_0004
3318,homo,L,Female,3.3,0,Dark,0,1.95,30,115454,93701.0,1789334,1022226.0,64400,287393.0,123769.0,1190294,3391624.0,1332469.0,3318L_GLUT1_647_WGA_594_040724_0004
3318,homo,L,Female,3.3,0,Dark,0,1.95,30,121126,101433.0,1908535,1060899.0,63307,298943.0,146586.0,1272617,3116884.0,1535669.0,3318L_GLUT1_647_WGA_594_040724_0004
3318,homo,L,Female,3.3,0,Dark,0,2.4,30,142238,99994.0,1437945,1750402.0,284415,285767.0,122055.0,3338985,3419690.0,2218460.0,3318L_GLUT1_647_WGA_594_040724_0004
3318,homo,L,Female,3.3,0,Dark,0,2.25,30,111299,73244.0,1141316,1342758.0,228583,207752.0,87168.0,2623377,2517111.0,1645645.0,3318L_GLUT1_647_WGA_594_040724_0004
3318,homo,L,Female,3.3,0,Dark,0,2.55,30,84040,67238.0,959167,1481650.0,190114,204907.0,82144.0,2328680,2908783.0,1800505.0,3318L_GLUT1_647_WGA_594_040724_0004
3318,homo,L,Female,3.3,0,Dark,0,2.55,30,41670,28915.0,429765,688799.0,78253,95129.0,35102.0,934738,1181791.0,824352.0,3318L_GLUT1_647_WGA_594_040724_0004
3318,homo,L,Female,3.3,0,Dark,0,2.85,30,93566,57187.0,766135,1227063.0,197846,212080.0,65441.0,1816598,2521871.0,1390656.0,3318L_GLUT1_647_WGA_594_040724_0004
3318,homo,L,Female,3.3,0,Dark,0,3.0,30,56450,25710.0,370558,518962.0,93281,142795.0,28263.0,890682,1054551.0,598483.0,3318L_GLUT1_647_WGA_594_040724_0004
3318,homo,L,Female,3.3,0,Dark,0,2.7,30,117718,60278.0,893930,1045103.0,203957,244312.0,71238.0,1932453,2236831.0,1340511.0,3318L_GLUT1_647_WGA_594_040724_0004
3318,homo,L,Female,3.3,0,Dark,0,3.15,30,66602,31222.0,625922,721833.0,125392,155218.0,34817.0,1341096,1759694.0,794292.0,3318L_GLUT1_647_WGA_594_040724_0004
3318,homo,L,Female,3.3,0,Dark,0,2.85,30,20341,8809.0,265078,236430.0,44149,34259.0,11236.0,581187,537108.0,273653.0,3318L_GLUT1_647_WGA_594_040724_0004
3318,homo,L,Female,3.3,1,Dark,0,2.7,30,94484,60223.0,856722,1001582.0,192393,210618.0,70840.0,1930593,2177609.0,1208677.0,3318L_GLUT1_647_WGA_594_040724_0004
3318,homo,L,Female,3.3,0,Dark,0,2.7,30,61027,37722.0,750882,935818.0,138289,124388.0,47568.0,1780818,1857307.0,1126720.0,3318L_GLUT1_647_WGA_594_040724_0004
3318,homo,L,Female,3.3,0,Dark,0,2.1,30,96850,76946.0,883656,1291233.0,224803,183199.0,92407.0,2285895,2124684.0,1731405.0,3318L_GLUT1_647_WGA_594_040724_0004
3318,homo,L,Female,3.3,0,Dark,0,2.85,30,20629,15423.0,223125,346030.0,54554,51246.0,17401.0,607315,681469.0,403867.0,3318L_GLUT1_647_WGA_594_040724_0004
3318,homo,L,Female,3.3,0,Dark,0,2.85,30,95342,45901.0,1048701,994492.0,176690,181599.0,55155.0,2290357,2280328.0,1191478.0,3318L_GLUT1_647_WGA_594_040724_0004
3318,homo,L,Female,3.3,0,Dark,0,2.7,30,86742,50510.0,953686,1037580.0,165118,189596.0,69889.0,2114028,2446614.0,1282574.0,3318L_GLUT1_647_WGA_594_040724_0004
3318,homo,L,Female,3.3,0,Dark,0,3.0,30,102209,56370.0,856890,1122444.0,183718,245933.0,62654.0,1989095,2630606.0,1292061.0,3318L_GLUT1_647_WGA_594_040724_0004
3318,homo,L,Female,3.3,0,Dark,0,3.45,30,41427,14118.0,321162,354242.0,82813,77099.0,15584.0,783706,871016.0,382770.0,3318L_GLUT1_647_WGA_594_040724_0004
3318,homo,L,Female,3.3,0,Dark,0,1.7999999999999998,30,29519,32845.0,559864,409425.0,14513,77125.0,44416.0,338165,1097524.0,433327.0,3318L_GLUT1_647_WGA_594_040724_0004
3318,homo,R,Female,3.3,0,Light Flicker,0,7.5,30,357147,78448.0,1023974,412669.0,230309,1564529.0,99544.0,713914,5444939.0,548917.0,3318R_GLUT1_647_WGA_594_040724_0001
3318,homo,R,Female,3.3,1,Light Flicker,0,5.7,30,244642,66792.0,868115,450378.0,473379,778750.0,90409.0,1656679,3682861.0,550114.0,3318R_GLUT1_647_WGA_594_040724_0001
3318,homo,R,Female,3.3,1,Light Flicker,0,5.85,30,169283,78284.0,764452,482472.0,303918,706337.0,99965.0,1361049,3220596.0,604796.0,3318R_GLUT1_647_WGA_594_040724_0001
3318,homo,R,Female,3.3,0,Light Flicker,0,7.199999999999999,30,212972,66816.0,745511,512244.0,123137,1007803.0,88248.0,438196,3963371.0,588208.0,3318R_GLUT1_647_WGA_594_040724_0001
3318,homo,R,Female,3.3,0,Light Flicker,0,3.3,30,195748,126391.0,897398,852041.0,362007,535350.0,173327.0,1491483,2306416.0,1103752.0,3318R_GLUT1_647_WGA_594_040724_0001
3318,homo,R,Female,3.3,0,Light Flicker,0,7.05,30,451896,103128.0,1270201,692037.0,310341,1720643.0,132169.0,881486,6402262.0,832982.0,3318R_GLUT1_647_WGA_594_040724_0001
3318,homo,R,Female,3.3,0,Light Flicker,0,7.949999999999999,30,260086,68063.0,1215304,500478.0,143684,1412859.0,104520.0,700896,6931551.0,667397.0,3318R_GLUT1_647_WGA_594_040724_0001
3318,homo,R,Female,3.3,0,Light Flicker,0,5.7,30,291211,100212.0,1197484,629406.0,574301,1003076.0,151002.0,1993643,5075369.0,853529.0,3318R_GLUT1_647_WGA_594_040724_0001
3318,homo,R,Female,3.3,0,Light Flicker,0,4.05,30,178201,77196.0,412468,523368.0,296792,430284.0,114471.0,699321,1418380.0,693926.0,3318R_GLUT1_647_WGA_594_040724_0001
3318,homo,R,Female,3.3,0,Light Flicker,0,6.3,30,207243,55959.0,946595,370269.0,453408,781827.0,87836.0,1661769,4258039.0,504162.0,3318R_GLUT1_647_WGA_594_040724_0001
3318,homo,R,Female,3.3,0,Light Flicker,0,4.5,30,312690,154350.0,939307,1010649.0,617407,1008240.0,211599.0,1553102,3617356.0,1296421.0,3318R_GLUT1_647_WGA_594_040724_0001
3318,homo,R,Female,3.3,0,Light Flicker,0,3.45,30,34778,18317.0,90642,120522.0,51669,84400.0,28352.0,132611,282538.0,168853.0,3318R_GLUT1_647_WGA_594_040724_0001
3318,homo,R,Female,3.3,0,Light Flicker,0,3.75,30,165350,92335.0,794444,536257.0,297262,503361.0,123695.0,1348538,1948236.0,718368.0,3318R_GLUT1_647_WGA_594_040724_0001
3318,homo,R,Female,3.3,0,Light Flicker,0,5.55,30,31406,11438.0,125335,73896.0,59917,104939.0,17168.0,205634,495216.0,101309.0,3318R_GLUT1_647_WGA_594_040724_0001
3318,homo,R,Female,3.3,0,Light Flicker,0,6.9,30,166752,79603.0,681747,507216.0,116690,925249.0,97621.0,498890,2407895.0,598638.0,3318R_GLUT1_647_WGA_594_040724_0001
3318,homo,R,Female,3.3,0,Light Flicker,0,7.8,30,196246,49374.0,739577,295906.0,101027,969167.0,70888.0,420645,4136095.0,385350.0,3318R_GLUT1_647_WGA_594_040724_0001
3318,homo,R,Female,3.3,0,Light Flicker,0,4.8,30,54874,22802.0,227292,144433.0,117007,157920.0,34273.0,362834,720976.0,203674.0,3318R_GLUT1_647_WGA_594_040724_0001
3318,homo,R,Female,3.3,1,Light Flicker,0,5.1,30,41295,18746.0,152439,98188.0,83697,154205.0,25360.0,250015,550479.0,135152.0,3318R_GLUT1_647_WGA_594_040724_0001
3318,homo,R,Female,3.3,1,Light Flicker,0,4.95,30,212739,79702.0,580476,437293.0,415339,674367.0,97362.0,1060613,1864957.0,550467.0,3318R_GLUT1_647_WGA_594_040724_0001
3318,homo,R,Female,3.3,0,Light Flicker,0,5.7,30,215967,77018.0,839171,465814.0,439894,725792.0,114811.0,1394162,3383237.0,632726.0,3318R_GLUT1_647_WGA_594_040724_0001
3318,homo,R,Female,3.3,1,Light Flicker,0,7.05,30,589242,121543.0,1385014,727752.0,1189814,1916081.0,173618.0,2819747,7619909.0,931629.0,3318R_GLUT1_647_WGA_594_040724_0001
3318,homo,R,Female,3.3,0,Light Flicker,0,7.05,30,706540,192625.0,2352633,1112065.0,491404,2993580.0,248414.0,1749625,10727308.0,1398393.0,3318R_GLUT1_647_WGA_594_040724_0001
3318,homo,R,Female,3.3,0,Light Flicker,0,6.3,30,233857,100330.0,984077,649454.0,135719,1109763.0,133477.0,623396,4145682.0,820317.0,3318R_GLUT1_647_WGA_594_040724_0001
3318,homo,R,Female,3.3,1,Light Flicker,0,7.649999999999999,30,475083,157525.0,1835279,815571.0,219473,2559735.0,204003.0,949321,9733751.0,1048194.0,3318R_GLUT1_647_WGA_594_040724_0001
3318,homo,R,Female,3.3,1,Light Flicker,0,6.75,30,411988,125938.0,1291086,766642.0,896689,1514772.0,177601.0,2413807,6705510.0,982962.0,3318R_GLUT1_647_WGA_594_040724_0001
3318,homo,R,Female,3.3,0,Light Flicker,0,6.3,30,255812,107023.0,1093022,552999.0,141999,1321641.0,129092.0,658740,4378513.0,706517.0,3318R_GLUT1_647_WGA_594_040724_0001
3318,homo,R,Female,3.3,1,Light Flicker,0,6.3,30,568307,202327.0,2150211,1097475.0,328690,2648182.0,277682.0,1330671,9561329.0,1446002.0,3318R_GLUT1_647_WGA_594_040724_0001
3318,homo,R,Female,3.3,0,Light Flicker,0,7.8,30,530187,117115.0,1865715,653186.0,297820,2426190.0,175389.0,1157147,8615128.0,917550.0,3318R_GLUT1_647_WGA_594_040724_0001
3318,homo,R,Female,3.3,0,Light Flicker,0,7.199999999999999,30,317759,60251.0,1003088,416706.0,709834,943302.0,95814.0,1647053,4601274.0,577635.0,3318R_GLUT1_647_WGA_594_040724_0001
3318,homo,R,Female,3.3,0,Light Flicker,0,6.45,30,433963,217162.0,1887579,1297817.0,192117,2529039.0,302066.0,892576,9162233.0,1745809.0,3318R_GLUT1_647_WGA_594_040724_0001
3318,homo,R,Female,3.3,0,Light Flicker,0,7.5,30,275030,123952.0,1304872,795274.0,131585,1816328.0,172323.0,654819,6234344.0,949369.0,3318R_GLUT1_647_WGA_594_040724_0001
3318,homo,R,Female,3.3,0,Light Flicker,0,4.2,30,171764,58194.0,793608,409816.0,349076,481588.0,88676.0,1358865,2473208.0,549423.0,3318R_GLUT1_647_WGA_594_040724_0001
3318,homo,R,Female,3.3,1,Light Flicker,0,6.45,30,224315,122973.0,1015497,719874.0,113618,1350349.0,171769.0,564241,4115812.0,991037.0,3318R_GLUT1_647_WGA_594_040724_0001
3318,homo,R,Female,3.3,0,Light Flicker,0,4.2,30,78695,30793.0,310839,178290.0,139907,200225.0,41620.0,504892,693683.0,237410.0,3318R_GLUT1_647_WGA_594_040724_0001
3318,homo,R,Female,3.3,0,Light Flicker,0,7.35,30,536775,91000.0,1406607,574941.0,1111112,1673915.0,137778.0,2456720,7249578.0,781457.0,3318R_GLUT1_647_WGA_594_040724_0001
3318,homo,R,Female,3.3,0,Light Flicker,0,5.25,30,373854,162366.0,1339575,724526.0,596354,1509968.0,181341.0,2315274,4431710.0,926407.0,3318R_GLUT1_647_WGA_594_040724_0001
3318,homo,R,Female,3.3,0,Light Flicker,0,6.45,30,270373,110753.0,1192373,698076.0,129781,1386531.0,160199.0,614599,4660728.0,945917.0,3318R_GLUT1_647_WGA_594_040724_0001
3318,homo,R,Female,3.3,0,Light Flicker,0,3.75,30,183948,99229.0,558255,419682.0,332453,481805.0,122105.0,938832,1411147.0,564129.0,3318R_GLUT1_647_WGA_594_040724_0001
3318,homo,R,Female,3.3,0,Light Flicker,0,7.8,30,502375,111981.0,2121577,702662.0,1064337,1971735.0,159212.0,3594521,10504025.0,870507.0,3318R_GLUT1_647_WGA_594_040724_0001
3318,homo,R,Female,3.3,0,Light Flicker,0,2.85,30,273616,179763.0,987536,974311.0,592459,658121.0,244354.0,2245323,2245006.0,1308329.0,3318R_GLUT1_647_WGA_594_040724_0001
3318,homo,R,Female,3.3,0,Light Flicker,0,4.2,30,183680,123345.0,536788,727172.0,454054,652888.0,164131.0,1299512,2297056.0,925747.0,3318R_GLUT1_647_WGA_594_040724_0001
3318,homo,R,Female,3.3,0,Light Flicker,0,4.05,30,82281,36596.0,210201,182534.0,139851,199007.0,49884.0,353555,559865.0,245606.0,3318R_GLUT1_647_WGA_594_040724_0001
3318,homo,R,Female,3.3,0,Light Flicker,0,7.649999999999999,30,264760,86381.0,1079439,559002.0,120714,1395316.0,117168.0,523831,4345371.0,696112.0,3318R_GLUT1_647_WGA_594_040724_0001
3318,homo,R,Female,3.3,1,Light Flicker,0,6.75,30,394834,80361.0,1159877,450791.0,952809,1200742.0,126116.0,1903771,5405444.0,619612.0,3318R_GLUT1_647_WGA_594_040724_0001
3318,homo,R,Female,3.3,0,Light Flicker,0,1.95,30,177400,167212.0,1208192,1249058.0,379192,345827.0,248040.0,2578647,2239897.0,1570523.0,3318R_GLUT1_647_WGA_594_040724_0001
3318,homo,R,Female,3.3,0,Light Flicker,0,2.85,30,535432,356838.0,1385073,1973038.0,1080710,1376487.0,474820.0,3101336,3910095.0,2634164.0,3318R_GLUT1_647_WGA_594_040724_0001
3318,homo,R,Female,3.3,0,Light Flicker,0,4.2,30,115110,67017.0,412101,432748.0,258416,322843.0,94565.0,958544,1180329.0,563855.0,3318R_GLUT1_647_WGA_594_040724_0001
3318,homo,R,Female,3.3,0,Light Flicker,0,4.8,30,322497,124689.0,1046877,902056.0,194979,856435.0,197264.0,665473,3659902.0,1116599.0,3318R_GLUT1_647_WGA_594_040724_0001
3318,homo,R,Female,3.3,0,Light Flicker,0,2.7,30,492980,368801.0,1703228,1835047.0,1002859,1278760.0,449542.0,3722336,3998893.0,2348884.0,3318R_GLUT1_647_WGA_594_040724_0001
3318,homo,R,Female,3.3,0,Light Flicker,0,7.35,30,478770,227615.0,2170154,1385267.0,213651,2856280.0,299265.0,1015375,8955707.0,1726883.0,3318R_GLUT1_647_WGA_594_040724_0001
3318,homo,R,Female,3.3,0,Light Flicker,0,4.95,30,117468,44791.0,424726,294518.0,193091,319616.0,68412.0,665327,1438865.0,384824.0,3318R_GLUT1_647_WGA_594_040724_0001
3318,homo,R,Female,3.3,0,Light Flicker,0,4.2,30,124297,54528.0,445259,300929.0,238006,351586.0,70793.0,717960,1269452.0,383200.0,3318R_GLUT1_647_WGA_594_040724_0001
3318,homo,R,Female,3.3,0,Light Flicker,0,3.15,30,160839,93262.0,767349,629350.0,303404,347318.0,134347.0,1421649,1580386.0,802534.0,3318R_GLUT1_647_WGA_594_040724_0001
3318,homo,R,Female,3.3,1,Light Flicker,0,4.65,30,193704,95636.0,680622,630652.0,365023,622109.0,140709.0,1070273,2448646.0,851361.0,3318R_GLUT1_647_WGA_594_040724_0001
3318,homo,R,Female,3.3,0,Light Flicker,0,3.6,30,770721,320229.0,2877304,1754019.0,443814,2278768.0,485312.0,1820061,8276522.0,2325990.0,3318R_GLUT1_647_WGA_594_040724_0001
3318,homo,R,Female,3.3,0,Light Flicker,0,3.15,30,290839,173900.0,1129611,976925.0,592758,753104.0,232563.0,2107211,2488434.0,1263847.0,3318R_GLUT1_647_WGA_594_040724_0001
3318,homo,R,Female,3.3,0,Light Flicker,0,7.199999999999999,30,67969,18858.0,299311,111090.0,37105,340928.0,24961.0,171789,1030973.0,143745.0,3318R_GLUT1_647_WGA_594_040724_0001
3318,homo,R,Female,3.3,0,Light Flicker,0,4.8,30,381891,189770.0,1158897,1163932.0,769375,1259924.0,248948.0,1917007,4441887.0,1443507.0,3318R_GLUT1_647_WGA_594_040724_0001
3318,homo,R,Female,3.3,0,Light Flicker,0,3.45,30,167748,94161.0,751375,627401.0,331047,364022.0,128617.0,1416820,1659587.0,766417.0,3318R_GLUT1_647_WGA_594_040724_0001
3318,homo,R,Female,3.3,0,Light Flicker,0,3.9,30,115381,75244.0,443847,264466.0,53682,397596.0,100621.0,211634,1228093.0,310193.0,3318R_GLUT1_647_WGA_594_040724_0001
3318,homo,R,Female,3.3,0,Light Flicker,0,3.15,30,204445,134255.0,484326,770829.0,384450,557345.0,178818.0,864248,1561969.0,982269.0,3318R_GLUT1_647_WGA_594_040724_0001
3318,homo,R,Female,3.3,0,Light Flicker,0,4.2,30,204569,122054.0,867529,731995.0,492910,617907.0,167316.0,1985581,2476688.0,954487.0,3318R_GLUT1_647_WGA_594_040724_0001
3318,homo,R,Female,3.3,0,Light Flicker,0,5.7,30,96583,23610.0,315537,136643.0,249335,296254.0,33454.0,596024,1201442.0,179807.0,3318R_GLUT1_647_WGA_594_040724_0001
3318,homo,R,Female,3.3,1,Light Flicker,0,3.15,30,334984,209197.0,1333497,1060207.0,636564,801313.0,281244.0,2302927,2968570.0,1393901.0,3318R_GLUT1_647_WGA_594_040724_0001
3318,homo,R,Female,3.3,0,Light Flicker,0,3.75,30,204270,111914.0,503984,642714.0,401116,520006.0,151813.0,907238,1667549.0,851602.0,3318R_GLUT1_647_WGA_594_040724_0001
3318,homo,R,Female,3.3,0,Light Flicker,0,1.35,30,204618,99174.0,1079633,660707.0,616427,208318.0,194497.0,2259275,1153447.0,1117048.0,3318R_GLUT1_647_WGA_594_040724_0001
3318,homo,R,Female,3.3,0,Light Flicker,0,2.55,30,287304,150280.0,1567600,1104701.0,590132,478974.0,240880.0,2420874,2951915.0,1440250.0,3318R_GLUT1_647_WGA_594_040724_0001
3318,homo,R,Female,3.3,0,Light Flicker,0,4.8,30,257761,147571.0,731447,861088.0,508127,1083681.0,196724.0,1600996,3132166.0,1120848.0,3318R_GLUT1_647_WGA_594_040724_0001
3318,homo,R,Female,3.3,0,Light Flicker,0,4.35,30,108668,123321.0,441427,274589.0,61824,573903.0,163510.0,251878,1104847.0,344566.0,3318R_GLUT1_647_WGA_594_040724_0001
3318,homo,R,Female,3.3,1,Light Flicker,0,4.2,30,306584,130761.0,1252233,756046.0,648313,813381.0,178490.0,2241240,3330366.0,981778.0,3318R_GLUT1_647_WGA_594_040724_0001
3318,homo,R,Female,3.3,0,Light Flicker,0,7.35,30,275763,104183.0,1005338,566089.0,150657,1652340.0,130211.0,623486,4850464.0,683181.0,3318R_GLUT1_647_WGA_594_040724_0001
3318,homo,R,Female,3.3,0,Light Flicker,0,6.6,30,159295,69205.0,588513,381797.0,72603,785485.0,90947.0,284270,2256385.0,513743.0,3318R_GLUT1_647_WGA_594_040724_0001
3318,homo,R,Female,3.3,0,Light Flicker,0,7.35,30,246625,108285.0,1008777,646742.0,119603,1419842.0,142364.0,530143,4284138.0,797128.0,3318R_GLUT1_647_WGA_594_040724_0001
3318,homo,R,Female,3.3,0,Light Flicker,0,2.85,30,48641,42016.0,239277,120599.0,24471,157015.0,57993.0,127605,462013.0,154735.0,3318R_GLUT1_647_WGA_594_040724_0001
3318,homo,R,Female,3.3,0,Light Flicker,0,4.2,30,489077,249773.0,1779459,1454672.0,1082863,1309758.0,371297.0,3580339,5272121.0,1965365.0,3318R_GLUT1_647_WGA_594_040724_0001
3318,homo,R,Female,3.3,0,Light Flicker,0,4.95,30,268769,117197.0,1408796,669952.0,434313,953605.0,165554.0,2274345,3975253.0,910289.0,3318R_GLUT1_647_WGA_594_040724_0001
3318,homo,R,Female,3.3,0,Light Flicker,0,3.9,30,341219,132162.0,893333,709266.0,774927,900406.0,167707.0,1681445,2747540.0,847968.0,3318R_GLUT1_647_WGA_594_040724_0001
3318,homo,R,Female,3.3,0,Light Flicker,0,4.95,30,243955,88359.0,935784,553736.0,395345,742400.0,128851.0,1315556,2969762.0,753781.0,3318R_GLUT1_647_WGA_594_040724_0001
3318,homo,R,Female,3.3,1,Light Flicker,0,5.25,30,285473,109282.0,1118579,596012.0,569687,977529.0,150345.0,1769364,4029407.0,777006.0,3318R_GLUT1_647_WGA_594_040724_0001
3318,homo,R,Female,3.3,0,Light Flicker,0,5.7,30,427746,137467.0,1395077,859067.0,881472,1409497.0,200203.0,2351997,5675498.0,1144333.0,3318R_GLUT1_647_WGA_594_040724_0001
3318,homo,R,Female,3.3,0,Light Flicker,0,2.55,30,442812,162346.0,1511187,1029543.0,300042,743656.0,264895.0,1079525,2896335.0,1496251.0,3318R_GLUT1_647_WGA_594_040724_0001
3318,homo,R,Female,3.3,0,Light Flicker,0,7.8,30,410403,131722.0,1624149,779955.0,224608,2216439.0,183744.0,954386,7486445.0,1030436.0,3318R_GLUT1_647_WGA_594_040724_0001
3318,homo,R,Female,3.3,0,Light Flicker,0,7.199999999999999,30,61617,13435.0,174005,89530.0,118378,213251.0,20170.0,312250,828234.0,113000.0,3318R_GLUT1_647_WGA_594_040724_0001
3318,homo,R,Female,3.3,0,Light Flicker,0,3.75,30,400663,384649.0,1690982,939028.0,228429,1559909.0,536058.0,1058300,3877999.0,1148313.0,3318R_GLUT1_647_WGA_594_040724_0001
3318,homo,R,Female,3.3,0,Light Flicker,0,2.85,30,227634,130615.0,791228,444168.0,149277,622483.0,216162.0,560304,1588809.0,790448.0,3318R_GLUT1_647_WGA_594_040724_0001
3318,homo,R,Female,3.3,0,Light Flicker,0,7.35,30,230289,76295.0,732859,441586.0,130996,1012758.0,103755.0,452441,2884655.0,566104.0,3318R_GLUT1_647_WGA_594_040724_0001
3318,homo,R,Female,3.3,0,Light Flicker,0,5.4,30,165575,82019.0,472992,436184.0,304383,707965.0,109718.0,856051,2128829.0,586046.0,3318R_GLUT1_647_WGA_594_040724_0001
3318,homo,R,Female,3.3,0,Light Flicker,0,7.949999999999999,30,225160,52372.0,659039,297856.0,532487,897567.0,73633.0,1041405,3382855.0,403070.0,3318R_GLUT1_647_WGA_594_040724_0001
3318,homo,R,Female,3.3,0,Light Flicker,0,6.9,30,541012,154023.0,1731269,851748.0,1095699,1971895.0,230274.0,2779403,8410120.0,1177635.0,3318R_GLUT1_647_WGA_594_040724_0001
3318,homo,R,Female,3.3,0,Light Flicker,0,4.5,30,49300,28280.0,173464,147139.0,32348,187946.0,37663.0,123070,589042.0,197366.0,3318R_GLUT1_647_WGA_594_040724_0001
3318,homo,R,Female,3.3,1,Light Flicker,0,3.0,30,406166,227739.0,1607196,704170.0,247086,1102754.0,417429.0,1047398,3095894.0,1166395.0,3318R_GLUT1_647_WGA_594_040724_0001
3318,homo,R,Female,3.3,0,Light Flicker,0,4.2,30,264102,61242.0,1235852,430418.0,545690,460191.0,127587.0,1898192,2637704.0,607008.0,3318R_GLUT1_647_WGA_594_040724_0001
3318,homo,R,Female,3.3,0,Light Flicker,0,5.25,30,331465,147331.0,997378,808142.0,725001,1290109.0,222414.0,1822609,4295572.0,1122588.0,3318R_GLUT1_647_WGA_594_040724_0001
3318,homo,R,Female,3.3,0,Light Flicker,0,3.45,30,199957,110815.0,577171,597150.0,315407,586398.0,154650.0,855757,1634638.0,818093.0,3318R_GLUT1_647_WGA_594_040724_0001
3318,homo,R,Female,3.3,1,Light Flicker,0,7.8,30,107504,33089.0,390468,180738.0,75509,565893.0,47525.0,297228,1745327.0,254956.0,3318R_GLUT1_647_WGA_594_040724_0001
3318,homo,R,Female,3.3,1,Light Flicker,0,2.85,30,592812,313365.0,2110531,891718.0,418740,1430338.0,574115.0,1591069,3747907.0,1540015.0,3318R_GLUT1_647_WGA_594_040724_0001
3318,homo,R,Female,3.3,0,Light Flicker,0,3.0,30,132331,43185.0,627759,348177.0,285156,210715.0,68696.0,1010262,1259246.0,434824.0,3318R_GLUT1_647_WGA_594_040724_0001
3318,homo,R,Female,3.3,0,Light Flicker,0,7.8,30,117570,31009.0,362164,176676.0,248954,476333.0,42070.0,594918,1646492.0,226990.0,3318R_GLUT1_647_WGA_594_040724_0001
3318,homo,R,Female,3.3,0,Light Flicker,0,5.1,30,183186,66856.0,533914,360068.0,352852,633240.0,89740.0,915490,2131400.0,458666.0,3318R_GLUT1_647_WGA_594_040724_0001
3318,homo,R,Female,3.3,0,Light Flicker,0,3.6,30,244320,70223.0,884038,504367.0,508920,405999.0,115626.0,1429888,2170495.0,633694.0,3318R_GLUT1_647_WGA_594_040724_0001
